pop,pair,task1,task2,lam_sel,G4_lam_U1_agree,G4_lam_U1_recomputed_E7_logits,G4_lam_ENT_min_entropy,G4_lam_ENTn_min_norm_entropy,G4_lam_fixed_lam1.0,G4_lam_fixed_lam0.7,G4_lam_Lcal_labeled_ref,G4_lam_oracle_test,G4_regret_U1_agree,G4_regret_U1_recomputed_E7_logits,G4_regret_ENT_min_entropy,G4_regret_ENTn_min_norm_entropy,G4_regret_fixed_lam1.0,G4_regret_fixed_lam0.7,G4_regret_Lcal_labeled_ref,G4_regret_oracle_test,G4_regret_RAND_grid_expectation,G7_lam_U1_agree,G7_lam_U1_recomputed_E7_logits,G7_lam_ENT_min_entropy,G7_lam_ENTn_min_norm_entropy,G7_lam_fixed_lam1.0,G7_lam_fixed_lam0.7,G7_lam_Lcal_labeled_ref,G7_lam_oracle_test,G7_regret_U1_agree,G7_regret_U1_recomputed_E7_logits,G7_regret_ENT_min_entropy,G7_regret_ENTn_min_norm_entropy,G7_regret_fixed_lam1.0,G7_regret_fixed_lam0.7,G7_regret_Lcal_labeled_ref,G7_regret_oracle_test,G7_regret_RAND_grid_expectation,A2_regret_ADA,A2_lam1,A2_lam2
R0,cola@s0__sst2@s0,cola,sst2,0.7,0.5,0.7,1.0,1.0,1.0,0.7,1.0,1.0,1.0408779987563177,0.0,-0.5513675092458259,-0.5513675092458259,-0.5513675092458259,0.0,-0.5513675092458259,-0.5513675092458259,1.13099069417322,0.5,0.7,1.3,1.3,1.0,0.7,1.0,1.0,1.0408779987563177,0.0,1.073170199535256,1.073170199535256,-0.5513675092458259,0.0,-0.5513675092458259,-0.5513675092458259,2.70348995778013,-0.6831545989112286,0.962862491607666,0.9111084938049316
R0,cola@s0__mrpc@s0,cola,mrpc,0.7,0.7,0.7,1.0,1.0,1.0,0.7,0.7,0.7,0.0,0.0,1.869211869211851,1.869211869211851,1.869211869211851,0.0,0.0,0.0,1.5559440559440474,0.7,0.7,2.0,2.0,1.0,0.7,0.7,0.7,0.0,0.0,31.657531657531646,31.657531657531646,1.869211869211851,0.0,0.0,0.0,7.422037422037413,0.0,0.7303870320320129,0.822256326675415
R0,cola@s0__stsb@s0,cola,stsb,0.7,0.7,0.7,0.7,0.7,1.0,0.7,0.7,0.7,0.0,0.0,0.0,0.0,1.1166159789041785,0.0,0.0,0.0,3.062347588890571,0.7,0.7,0.7,0.7,1.0,0.7,0.7,0.7,0.0,0.0,0.0,0.0,1.1166159789041785,0.0,0.0,0.0,5.969503370336201,46.63008158683911,0.8418439030647278,0.0
R0,cola@s0__mnli@s0,cola,mnli,1.0,1.0,1.0,1.0,1.0,1.0,0.7,1.0,1.0,0.0,0.0,0.0,0.0,0.0,2.428883557535777,0.0,0.0,5.601507352214238,1.3,1.3,1.3,1.3,1.0,0.7,1.3,1.3,0.0,0.0,0.0,0.0,0.7589653513310424,3.1878489088668194,0.0,0.0,4.323581696343249,-0.5168629673813374,1.0688260793685913,1.1154332160949707
R0,cola@s0__qnli@s0,cola,qnli,0.7,1.0,1.0,1.0,1.0,1.0,0.7,1.0,1.0,-1.00030471289273,-1.00030471289273,-1.00030471289273,-1.00030471289273,-1.00030471289273,0.0,-1.00030471289273,-1.00030471289273,1.5928289360287646,1.0,1.0,1.3,1.3,1.0,0.7,1.0,1.3,-1.00030471289273,-1.00030471289273,-1.1518916822613967,-1.1518916822613967,-1.00030471289273,0.0,-1.00030471289273,-1.1518916822613967,1.6656450943422816,-0.8650768245838547,0.9823881983757019,0.9146846532821655
R0,cola@s0__rte@s0,cola,rte,1.0,1.0,1.0,1.0,1.0,1.0,0.7,1.0,1.0,0.0,0.0,0.0,0.0,0.0,2.3426573426573283,0.0,0.0,6.416083916083909,1.0,1.0,1.3,1.3,1.0,0.7,1.0,1.0,0.0,0.0,1.8181818181818077,1.8181818181818077,0.0,2.3426573426573283,0.0,0.0,6.298701298701291,15.524475524475513,0.9821146130561829,0.2923071086406708
R0,cola@s0__wic@s0,cola,wic,0.7,0.7,0.7,1.0,1.0,1.0,0.7,0.7,0.7,0.0,0.0,0.8599213286713203,0.8599213286713203,0.8599213286713203,0.0,0.0,0.0,2.4480987762237727,0.7,0.7,1.5,1.5,1.0,0.7,0.7,0.7,0.0,0.0,8.547858391608386,8.547858391608386,0.8599213286713203,0.0,0.0,0.0,6.455263486513483,0.6665209790209681,0.7409908175468445,0.9487273693084717
R0,cola@s0__snli@s0,cola,snli,1.0,1.0,1.0,1.0,1.0,1.0,0.7,1.0,1.0,0.0,0.0,0.0,0.0,0.0,1.4978282191396963,0.0,0.0,3.793773962831337,1.0,1.0,1.3,1.3,1.0,0.7,1.0,1.0,0.0,0.0,0.16914096832130188,0.16914096832130188,0.0,1.4978282191396963,0.0,0.0,4.598513963268061,-0.5838492108984017,0.9719043374061584,1.094781517982483
R0,cola@s0__scitail@s0,cola,scitail,0.7,0.7,0.7,1.0,1.0,1.0,0.7,0.7,0.7,0.0,0.0,0.9781784480579758,0.9781784480579758,0.9781784480579758,0.0,0.0,0.0,2.857654393798978,0.7,0.7,2.0,2.0,1.0,0.7,0.7,0.7,0.0,0.0,20.197152245345016,20.197152245345016,0.9781784480579758,0.0,0.0,0.0,5.6693908501137456,0.11795433482180151,0.8175996541976929,1.0024670362472534
R0,cola@s0__ag_news@s0,cola,ag_news,1.0,0.7,0.7,1.0,1.0,1.0,0.7,0.7,1.0,0.26875536743959927,0.26875536743959927,0.0,0.0,0.0,0.26875536743959927,0.26875536743959927,0.0,1.8909873021715207,0.7,0.7,1.0,1.0,1.0,0.7,0.7,1.0,0.26875536743959927,0.26875536743959927,0.0,0.0,0.0,0.26875536743959927,0.26875536743959927,0.0,2.347772841193904,0.041175929333836514,0.8990767002105713,0.817899227142334
R0,cola@s0__imdb@s0,cola,imdb,0.7,0.7,0.7,1.0,1.0,1.0,0.7,1.0,0.7,0.0,0.0,0.32998251748251883,0.32998251748251883,0.32998251748251883,0.0,0.32998251748251883,0.0,2.086975524475529,0.7,0.7,1.0,1.0,1.0,0.7,1.0,0.7,0.0,0.0,0.32998251748251883,0.32998251748251883,0.32998251748251883,0.0,0.32998251748251883,0.0,6.326798201798205,0.02622377622377714,0.8990488648414612,0.8766027688980103
R0,cola@s0__trec@s0,cola,trec,1.0,1.0,1.0,1.0,1.0,1.0,0.7,1.0,1.0,0.0,0.0,0.0,0.0,0.0,0.7692307692307665,0.0,0.0,2.8761755485893383,1.0,1.0,1.3,1.0,1.0,0.7,1.0,1.0,0.0,0.0,0.20979020979020602,0.0,0.0,0.7692307692307665,0.0,0.0,2.9952805814874726,8.913672534362183,0.1862564980983734,0.7462443113327026
R0,cola@s0__yelp_polarity@s0,cola,yelp_polarity,1.0,1.0,1.0,1.0,1.0,1.0,0.7,1.0,0.7,0.0,0.0,0.0,0.0,0.0,-0.004728633141604099,0.0,-0.004728633141604099,1.7091100026253554,1.0,1.0,1.0,1.0,1.0,0.7,1.0,0.7,0.0,0.0,0.0,0.0,0.0,-0.004728633141604099,0.0,-0.004728633141604099,3.0987272113551887,-0.03914174562640316,1.0405097007751465,0.7661612033843994
R0,sst2@s0__mrpc@s0,sst2,mrpc,1.0,0.7,0.7,1.0,1.0,1.0,0.7,0.7,0.5,-1.1590842012058733,-1.1590842012058733,0.0,0.0,0.0,-1.1590842012058733,-1.1590842012058733,-1.2008264114348188,-0.21450858034320341,0.7,0.7,1.3,1.3,1.0,0.7,0.7,0.5,-1.1590842012058733,-1.1590842012058733,1.5853607117257695,1.5853607117257695,0.0,-1.1590842012058733,-1.1590842012058733,-1.2008264114348188,2.955384624651404,-4.859383564531772,0.574077844619751,0.8869131803512573
R0,sst2@s0__stsb@s0,sst2,stsb,0.7,1.0,1.0,0.7,0.7,1.0,0.7,1.0,1.0,-0.9993458103785713,-0.9993458103785713,0.0,0.0,-0.9993458103785713,0.0,-0.9993458103785713,-0.9993458103785713,2.2433500275480025,1.0,1.0,0.7,0.7,1.0,0.7,1.3,1.0,-0.9993458103785713,-0.9993458103785713,0.0,0.0,-0.9993458103785713,0.0,-0.5839245886442135,-0.9993458103785713,1.7450157144205245,46.108061448553364,0.9138965010643005,0.0
R0,sst2@s0__mnli@s0,sst2,mnli,0.7,1.0,1.0,1.0,1.0,1.0,0.7,1.0,0.7,0.3798516690903253,0.3798516690903253,0.3798516690903253,0.3798516690903253,0.3798516690903253,0.0,0.3798516690903253,0.0,1.2823371087529623,1.0,1.0,2.0,1.5,1.0,0.7,1.0,0.7,0.3798516690903253,0.3798516690903253,6.695494492729759,2.6106048954493533,0.3798516690903253,0.0,0.3798516690903253,0.0,2.258254393727653,0.5167614810153154,1.0419615507125854,1.0534417629241943
R0,sst2@s0__qnli@s0,sst2,qnli,0.7,0.7,0.7,1.0,1.0,1.0,0.7,1.0,0.7,0.0,0.0,0.1269095658192554,0.1269095658192554,0.1269095658192554,0.0,0.1269095658192554,0.0,0.9352392141460331,0.7,0.7,1.0,1.0,1.0,0.7,1.0,0.7,0.0,0.0,0.1269095658192554,0.1269095658192554,0.1269095658192554,0.0,0.1269095658192554,0.0,1.6155655657815848,0.22104889477269074,0.9445569515228271,0.7699064612388611
R0,sst2@s0__rte@s0,sst2,rte,1.0,1.0,1.0,1.0,1.0,1.0,0.7,1.0,1.0,0.0,0.0,0.0,0.0,0.0,0.2985392142958343,0.0,0.0,1.8766841582754157,1.0,1.0,1.5,1.5,1.0,0.7,1.3,1.0,0.0,0.0,2.8322223798042723,2.8322223798042723,0.0,0.2985392142958343,2.7407459934761014,0.0,2.709240837165948,-1.2856332435115636,0.8740192651748657,1.0821518898010254
R0,sst2@s0__wic@s0,sst2,wic,1.0,1.0,1.0,1.0,1.0,1.0,0.7,1.0,0.7,0.0,0.0,0.0,0.0,0.0,-0.390259360374412,0.0,-0.390259360374412,0.33206171996879863,1.3,1.3,1.5,1.5,1.0,0.7,1.0,0.7,0.15527496099844162,0.15527496099844162,-0.1582000780031234,-0.1582000780031234,0.0,-0.390259360374412,0.0,-0.390259360374412,1.3155713728549117,-0.23425312012480548,0.8976690769195557,1.0639365911483765
R0,sst2@s0__snli@s0,sst2,snli,0.7,0.7,1.0,1.0,1.0,1.0,0.7,1.0,0.7,0.0,0.7349201071868094,0.7349201071868094,0.7349201071868094,0.7349201071868094,0.0,0.7349201071868094,0.0,0.8060722019044786,0.7,1.0,1.5,1.5,1.0,0.7,1.0,0.7,0.0,0.7349201071868094,3.2192271297409314,3.2192271297409314,0.7349201071868094,0.0,0.7349201071868094,0.0,2.4847890871138465,0.4030871617378473,0.8311935067176819,1.0576066970825195
R0,sst2@s0__scitail@s0,sst2,scitail,1.0,1.0,1.0,1.0,1.0,1.0,0.7,1.0,1.0,0.0,0.0,0.0,0.0,0.0,0.6927746989397576,0.0,0.0,4.272478128040777,1.3,1.0,1.3,1.3,1.0,0.7,1.3,1.0,0.4533434349422105,0.0,0.4533434349422105,0.4533434349422105,0.0,0.6927746989397576,0.4533434349422105,0.0,3.514601857740396,-0.6804127586790276,0.7516395449638367,1.011806607246399
R0,sst2@s0__ag_news@s0,sst2,ag_news,1.0,0.7,0.7,0.7,1.0,1.0,0.7,0.7,0.7,-0.02442729288119061,-0.02442729288119061,-0.02442729288119061,0.0,0.0,-0.02442729288119061,-0.02442729288119061,-0.02442729288119061,0.9138339217779262,0.7,0.7,0.7,1.0,1.0,0.7,0.7,0.7,-0.02442729288119061,-0.02442729288119061,-0.02442729288119061,0.0,0.0,-0.02442729288119061,-0.02442729288119061,-0.02442729288119061,1.3192961929003495,0.06204327120453712,0.7971468567848206,0.6855648159980774
R0,sst2@s0__imdb@s0,sst2,imdb,0.7,1.0,1.0,1.0,1.0,1.0,0.7,0.7,0.7,0.33234852121356573,0.33234852121356573,0.33234852121356573,0.33234852121356573,0.33234852121356573,0.0,0.0,0.0,0.5649941906767125,1.0,1.0,1.5,1.5,1.0,0.7,0.7,0.7,0.33234852121356573,0.33234852121356573,3.1535181861819805,3.1535181861819805,0.33234852121356573,0.0,0.0,0.0,2.530187246450891,0.08892969355137614,0.8486348390579224,0.8784344792366028
R0,sst2@s0__trec@s0,sst2,trec,0.7,0.7,0.7,1.0,1.0,1.0,0.7,0.7,1.0,0.0,0.0,-0.25041691322825743,-0.25041691322825743,-0.25041691322825743,0.0,0.0,-0.25041691322825743,0.6373392866749095,0.7,0.7,1.0,1.3,1.0,0.7,0.7,1.0,0.0,0.0,-0.25041691322825743,-0.09441067297865091,-0.25041691322825743,0.0,0.0,-0.25041691322825743,1.493702112616519,-0.15600624024960652,0.8474040627479553,0.8303982019424438
R0,sst2@s0__yelp_polarity@s0,sst2,yelp_polarity,0.5,0.5,0.5,1.0,1.0,1.0,0.7,0.5,0.5,0.0,0.0,0.2766714764153688,0.2766714764153688,0.2766714764153688,0.04600653309407843,0.0,0.0,0.2804901018566286,0.5,0.5,1.0,1.0,1.0,0.7,0.5,0.5,0.0,0.0,0.2766714764153688,0.2766714764153688,0.2766714764153688,0.04600653309407843,0.0,0.0,1.2240067247741055,-0.08866864913505967,0.9021288752555847,0.8481708765029907
R0,mrpc@s0__stsb@s0,mrpc,stsb,1.0,1.0,1.0,1.0,1.0,1.0,0.7,1.0,1.0,0.0,0.0,0.0,0.0,0.0,1.1495184295862049,0.0,0.0,4.01723200553813,1.0,1.0,2.0,2.0,1.0,0.7,1.0,1.0,0.0,0.0,1.8304439017049146,1.8304439017049146,0.0,1.1495184295862049,0.0,0.0,2.600266267886542,0.1776493841358695,0.0,0.5933012366294861
R0,mrpc@s0__mnli@s0,mrpc,mnli,0.7,0.5,0.5,1.0,1.0,1.0,0.7,0.5,0.5,-1.4081565071197621,-1.4081565071197621,0.5176783758310544,0.5176783758310544,0.5176783758310544,0.0,-1.4081565071197621,-1.4081565071197621,1.1173325776294596,0.5,0.5,1.5,2.0,1.0,0.7,0.5,0.5,-1.4081565071197621,-1.4081565071197621,8.782446442672631,14.970323763914696,0.5176783758310544,0.0,-1.4081565071197621,-1.4081565071197621,4.906695439211919,18.088111674351058,1.2420094013214111,0.11714855581521988
R0,mrpc@s0__qnli@s0,mrpc,qnli,0.7,0.7,0.7,1.0,1.0,1.0,0.7,0.7,0.7,0.0,0.0,0.3424771602588472,0.3424771602588472,0.3424771602588472,0.0,0.0,0.0,2.755668300342598,0.7,0.7,2.0,2.0,1.0,0.7,0.7,0.7,0.0,0.0,10.418847544727827,10.418847544727827,0.3424771602588472,0.0,0.0,0.0,4.195145535374408,25.245527217358198,1.1055493354797363,0.0
R0,mrpc@s0__rte@s0,mrpc,rte,0.5,0.7,0.7,1.0,1.0,1.0,0.7,0.7,0.7,-0.2825552825552857,-0.2825552825552857,3.4152334152334207,3.4152334152334207,3.4152334152334207,-0.2825552825552857,-0.2825552825552857,-0.2825552825552857,2.0055282555282576,0.7,0.7,2.0,2.0,1.0,0.7,0.7,0.7,-0.2825552825552857,-0.2825552825552857,17.54299754299755,17.54299754299755,3.4152334152334207,-0.2825552825552857,-0.2825552825552857,-0.2825552825552857,7.922077922077925,1.4250614250614246,0.9415398240089417,0.8941692113876343
R0,mrpc@s0__wic@s0,mrpc,wic,0.3,0.5,0.5,1.0,1.0,1.0,0.7,0.5,0.5,-1.0346283783783772,-1.0346283783783772,2.7491554054054124,2.7491554054054124,2.7491554054054124,0.2322635135135087,-1.0346283783783772,-1.0346283783783772,0.486697635135136,0.5,0.5,2.0,2.0,1.0,0.7,0.5,0.5,-1.0346283783783772,-1.0346283783783772,13.319256756756758,13.319256756756758,2.7491554054054124,0.2322635135135087,-1.0346283783783772,-1.0346283783783772,3.845318532818534,3.559966216216215,0.11227769404649734,0.9655129313468933
R0,mrpc@s0__snli@s0,mrpc,snli,0.7,0.7,0.7,1.0,1.0,1.0,0.7,0.5,0.7,0.0,0.0,0.6316152217791582,0.6316152217791582,0.6316152217791582,0.0,1.7468493083247272,0.0,1.7057426278737797,0.7,0.7,1.0,1.0,1.0,0.7,0.5,0.7,0.0,0.0,0.6316152217791582,0.6316152217791582,0.6316152217791582,0.0,1.7468493083247272,0.0,4.414388041437226,0.908223797568064,1.0028845071792603,0.7161573767662048
R0,mrpc@s0__scitail@s0,mrpc,scitail,0.7,0.7,0.7,1.0,1.0,1.0,0.7,0.7,0.7,0.0,0.0,0.08491345840743181,0.08491345840743181,0.08491345840743181,0.0,0.0,0.0,2.264859855221299,0.7,0.7,1.5,1.5,1.0,0.7,0.7,0.7,0.0,0.0,0.5946446910302328,0.5946446910302328,0.08491345840743181,0.0,0.0,0.0,1.797281194871557,0.6254539989479779,0.8356150984764099,1.0122661590576172
R0,mrpc@s0__ag_news@s0,mrpc,ag_news,1.0,0.7,0.7,1.0,1.0,1.0,0.7,0.7,1.0,0.639224751066858,0.639224751066858,0.0,0.0,0.0,0.639224751066858,0.639224751066858,0.0,2.0568100995732586,0.7,0.7,1.5,1.5,1.0,0.7,0.7,1.0,0.639224751066858,0.639224751066858,1.2236249407302058,1.2236249407302058,0.0,0.639224751066858,0.639224751066858,0.0,2.2466216216216215,-0.6244073020388874,0.9520883560180664,0.7135592699050903
R0,mrpc@s0__imdb@s0,mrpc,imdb,0.7,1.0,1.0,1.0,1.0,1.0,0.7,1.0,0.7,0.4560220185220287,0.4560220185220287,0.4560220185220287,0.4560220185220287,0.4560220185220287,0.0,0.4560220185220287,0.0,2.564762096012099,1.0,1.0,1.0,1.0,1.0,0.7,1.0,0.7,0.4560220185220287,0.4560220185220287,0.4560220185220287,0.4560220185220287,0.4560220185220287,0.0,0.4560220185220287,0.0,6.429710492210495,-0.32200907200906626,0.8853817582130432,0.7654929757118225
R0,mrpc@s0__trec@s0,mrpc,trec,0.5,1.0,1.0,1.0,1.0,1.0,0.7,0.7,1.0,-0.5405405405405461,-0.5405405405405461,-0.5405405405405461,-0.5405405405405461,-0.5405405405405461,0.09785647716682444,0.09785647716682444,-0.5405405405405461,0.19687791239515195,1.0,1.0,1.3,1.3,1.0,0.7,0.7,1.0,-0.5405405405405461,-0.5405405405405461,-0.2702702702702675,-0.2702702702702675,-0.5405405405405461,0.09785647716682444,0.09785647716682444,-0.5405405405405461,1.355345493276526,-0.9832246039142678,1.0811911821365356,0.6943366527557373
R0,mrpc@s0__yelp_polarity@s0,mrpc,yelp_polarity,0.7,0.7,0.7,0.7,0.7,1.0,0.7,0.7,1.0,0.0,0.0,0.0,0.0,-0.3449289733419514,0.0,0.0,-0.3449289733419514,0.9014101558896759,0.7,0.7,0.7,0.7,1.0,0.7,0.7,1.0,0.0,0.0,0.0,0.0,-0.3449289733419514,0.0,0.0,-0.3449289733419514,2.75800697089093,-1.3300202933308691,0.9318175315856934,0.7301204800605774
R0,stsb@s0__mnli@s0,stsb,mnli,0.5,0.7,0.5,1.0,1.0,1.0,0.7,0.7,0.5,0.34213234864045594,0.0,1.2738099064432795,1.2738099064432795,1.2738099064432795,0.34213234864045594,0.34213234864045594,0.0,1.1162052807588503,0.7,0.5,1.5,1.5,1.0,0.7,0.7,0.5,0.34213234864045594,0.0,3.7958905229985573,3.7958905229985573,1.2738099064432795,0.34213234864045594,0.34213234864045594,0.0,2.7513733923418617,13.391245579067457,0.0,1.1381531953811646
R0,stsb@s0__qnli@s0,stsb,qnli,0.7,0.7,0.7,1.0,1.0,1.0,0.7,1.0,1.0,0.0,0.0,-0.024752181173859356,-0.024752181173859356,-0.024752181173859356,0.0,-0.024752181173859356,-0.024752181173859356,1.290023942303442,0.7,0.7,1.3,1.3,1.0,0.7,1.0,1.0,0.0,0.0,1.0510055412951247,1.0510055412951247,-0.024752181173859356,0.0,-0.024752181173859356,-0.024752181173859356,2.04017486041383,9.598927585344509,0.0,1.0698853731155396
R0,stsb@s0__rte@s0,stsb,rte,0.7,0.7,0.7,1.0,1.0,1.0,0.7,0.7,1.0,0.0,0.0,-0.0866286113681114,-0.0866286113681114,-0.0866286113681114,0.0,0.0,-0.0866286113681114,2.5079354929933406,0.7,0.7,1.5,1.5,1.0,0.7,0.7,1.0,0.0,0.0,1.5095902335394595,1.5095902335394595,-0.0866286113681114,0.0,0.0,-0.0866286113681114,3.2472072456384184,9.924359762167834,0.1530776470899582,1.0185834169387817
R0,stsb@s0__wic@s0,stsb,wic,0.5,0.7,0.7,1.0,1.0,1.0,0.7,0.7,0.5,1.6813473264161494,1.6813473264161494,7.183508489908464,7.183508489908464,7.183508489908464,1.6813473264161494,1.6813473264161494,0.0,3.283443500454761,0.7,0.7,2.0,2.0,1.0,0.7,0.7,0.5,1.6813473264161494,1.6813473264161494,35.943116572914,35.943116572914,7.183508489908464,1.6813473264161494,1.6813473264161494,0.0,11.967266084427136,51.76987990363114,0.0,0.9243073463439941
R0,stsb@s0__snli@s0,stsb,snli,0.5,1.0,1.0,1.0,1.0,1.0,0.7,1.0,1.0,-0.8715929779794629,-0.8715929779794629,-0.8715929779794629,-0.8715929779794629,-0.8715929779794629,-0.6016457200532677,-0.8715929779794629,-0.8715929779794629,0.3502031861534832,1.0,1.0,1.5,1.5,1.0,0.7,1.0,1.3,-0.8715929779794629,-0.8715929779794629,-0.2180790300352231,-0.2180790300352231,-0.8715929779794629,-0.6016457200532677,-0.8715929779794629,-0.8949343186989811,0.571249469753933,15.579381849269502,0.0,1.0247390270233154
R0,stsb@s0__scitail@s0,stsb,scitail,1.0,1.0,1.0,1.0,1.0,1.0,0.7,1.0,1.0,0.0,0.0,0.0,0.0,0.0,7.446811997820424,0.0,0.0,12.635416775044028,1.5,1.5,1.0,1.0,1.0,0.7,1.5,1.5,-4.399137835080813,-4.399137835080813,0.0,0.0,0.0,7.446811997820424,-4.399137835080813,-4.399137835080813,5.612860762977784,9.924057815403787,0.48550179600715637,0.0
R0,stsb@s0__ag_news@s0,stsb,ag_news,0.5,0.7,0.7,0.3,0.3,1.0,0.7,0.7,0.7,-0.338905862795702,-0.338905862795702,7.356351798039995,7.356351798039995,4.622559685622141,-0.338905862795702,-0.338905862795702,-0.338905862795702,2.9100014052166085,0.7,0.7,0.3,0.3,1.0,0.7,0.7,0.7,-0.338905862795702,-0.338905862795702,7.356351798039995,7.356351798039995,4.622559685622141,-0.338905862795702,-0.338905862795702,-0.338905862795702,8.296012036244013,33.07522119452466,0.0,0.8809221982955933
R0,stsb@s0__imdb@s0,stsb,imdb,0.7,0.7,0.7,1.0,1.0,1.0,0.7,1.0,1.0,0.0,0.0,-0.06951769881372583,-0.06951769881372583,-0.06951769881372583,0.0,-0.06951769881372583,-0.06951769881372583,2.7651996030919306,0.7,0.7,1.3,1.3,1.0,0.7,1.0,1.0,0.0,0.0,0.6017069896055993,0.6017069896055993,-0.06951769881372583,0.0,-0.06951769881372583,-0.06951769881372583,2.8869303482085558,45.13237310165032,0.0,0.921434760093689
R0,stsb@s0__trec@s0,stsb,trec,0.7,0.7,0.7,0.7,0.7,1.0,0.7,0.7,0.7,0.0,0.0,0.0,0.0,1.1163510408105592,0.0,0.0,0.0,3.0016267518691464,0.7,0.7,0.7,0.7,1.0,0.7,0.7,0.7,0.0,0.0,0.0,0.0,1.1163510408105592,0.0,0.0,0.0,7.975644216742552,40.17215139581658,0.0,0.659653902053833
R0,stsb@s0__yelp_polarity@s0,stsb,yelp_polarity,1.0,1.0,1.0,1.0,1.0,1.0,0.7,1.0,1.0,0.0,0.0,0.0,0.0,0.0,0.39746683454093823,0.0,0.0,2.5778936032126194,1.0,1.0,1.0,1.0,1.0,0.7,1.5,1.0,0.0,0.0,0.0,0.0,0.0,0.39746683454093823,0.4687093095533723,0.0,1.881113309614594,45.62670866242121,0.0,0.8386251330375671
R0,mnli@s0__qnli@s0,mnli,qnli,0.7,0.7,0.7,1.0,1.0,1.0,0.7,0.5,0.7,0.0,0.0,1.3935580969322015,1.3935580969322015,1.3935580969322015,0.0,0.49836305770531997,0.0,1.53721834719438,0.7,0.7,2.0,2.0,1.0,0.7,0.5,0.7,0.0,0.0,12.696009942785835,12.696009942785835,1.3935580969322015,0.0,0.49836305770531997,0.0,4.036108439041408,19.98118097131327,1.4187382459640503,0.28047609329223633
R0,mnli@s0__rte@s0,mnli,rte,1.0,1.0,1.0,1.0,1.0,1.0,0.7,1.0,1.0,0.0,0.0,0.0,0.0,0.0,1.2811669951160898,0.0,0.0,3.58216947990746,1.0,1.0,1.5,1.3,1.0,0.7,1.0,1.0,0.0,0.0,6.218404592579896,3.4930597206751735,0.0,1.2811669951160898,0.0,0.0,5.247744715228218,1.1329363379316115,0.9151703119277954,1.0655115842819214
R0,mnli@s0__wic@s0,mnli,wic,1.0,0.7,0.7,1.0,1.0,1.0,0.7,0.7,1.0,1.241311262959477,1.241311262959477,0.0,0.0,0.0,1.241311262959477,1.241311262959477,0.0,5.312941800188503,0.7,0.7,2.0,2.0,1.0,0.7,0.7,1.0,1.241311262959477,1.241311262959477,18.868549717247873,18.868549717247873,0.0,1.241311262959477,1.241311262959477,0.0,6.859032078901303,25.945010603204523,0.28897902369499207,1.3778504133224487
R0,mnli@s0__snli@s0,mnli,snli,0.7,0.5,0.5,1.0,1.0,1.0,0.7,0.5,0.5,-0.15236339227006068,-0.15236339227006068,0.9553506589824012,0.9553506589824012,0.9553506589824012,0.0,-0.15236339227006068,-0.15236339227006068,0.7014215075306196,0.5,0.5,1.5,1.5,1.0,0.7,0.5,0.5,-0.15236339227006068,-0.15236339227006068,4.157106400292543,4.157106400292543,0.9553506589824012,0.0,-0.15236339227006068,-0.15236339227006068,3.1314110652733436,1.1995827389015057,1.040095329284668,1.0393712520599365
R0,mnli@s0__scitail@s0,mnli,scitail,0.7,0.5,0.5,1.0,1.0,1.0,0.7,0.7,0.7,1.5849667065274131,1.5849667065274131,1.1946102396972802,1.1946102396972802,1.1946102396972802,0.0,0.0,0.0,3.9657497167674554,0.5,0.5,2.0,1.5,1.0,0.7,0.7,0.7,1.5849667065274131,1.5849667065274131,10.537888522115724,5.427200719065639,1.1946102396972802,0.0,0.0,0.0,5.057948648900582,25.135894844512542,0.0,1.1618257761001587
R0,mnli@s0__ag_news@s0,mnli,ag_news,0.7,0.5,0.5,0.7,0.7,1.0,0.7,0.5,0.7,1.0306914198786377,1.0306914198786377,0.0,0.0,1.0719984456901033,0.0,1.0306914198786377,0.0,2.250212374125704,0.5,0.5,0.7,0.7,1.0,0.7,0.5,0.7,1.0306914198786377,1.0306914198786377,0.0,0.0,1.0719984456901033,0.0,1.0306914198786377,0.0,6.329543226586734,0.055754667063512287,0.6752535104751587,0.7841670513153076
R0,mnli@s0__imdb@s0,mnli,imdb,0.7,1.0,1.0,1.0,1.0,1.0,0.7,1.0,0.7,0.4744872234268893,0.4744872234268893,0.4744872234268893,0.4744872234268893,0.4744872234268893,0.0,0.4744872234268893,0.0,2.482203897068991,1.0,1.0,1.3,1.3,1.0,0.7,1.0,0.7,0.4744872234268893,0.4744872234268893,1.6700150109080325,1.6700150109080325,0.4744872234268893,0.0,0.4744872234268893,0.0,3.348259892793342,0.2991059364763293,1.1555192470550537,0.922304093837738
R0,mnli@s0__trec@s0,mnli,trec,1.0,0.7,0.7,1.0,1.0,1.0,0.7,1.0,1.0,0.7689557671682445,0.7689557671682445,0.0,0.0,0.0,0.7689557671682445,0.0,0.0,2.871640287302149,0.7,0.7,1.3,1.3,1.0,0.7,1.0,1.3,0.7689557671682445,0.7689557671682445,-0.014950112125844406,-0.014950112125844406,0.0,0.7689557671682445,0.0,-0.014950112125844406,3.199173100941107,-0.23562676720075837,0.9716055989265442,0.9142301082611084
R0,mnli@s0__yelp_polarity@s0,mnli,yelp_polarity,0.7,0.7,0.7,1.0,1.0,1.0,0.7,1.0,0.7,0.0,0.0,0.4572405773418664,0.4572405773418664,0.4572405773418664,0.0,0.4572405773418664,0.0,1.8814530974063355,0.7,0.7,1.5,1.5,1.0,0.7,1.0,0.7,0.0,0.0,2.739603471514096,2.739603471514096,0.4572405773418664,0.0,0.4572405773418664,0.0,2.691962576817085,-0.05467465814013028,1.1361055374145508,0.8562723398208618
R0,qnli@s0__rte@s0,qnli,rte,0.7,0.5,0.5,1.0,1.0,1.0,0.7,0.5,0.7,0.8540733034571035,0.8540733034571035,1.7385563380281743,1.7385563380281743,1.7385563380281743,0.0,0.8540733034571035,0.0,1.440010803457109,0.5,0.5,2.0,2.0,1.0,0.7,0.5,0.7,0.8540733034571035,0.8540733034571035,15.951904609475044,15.951904609475044,1.7385563380281743,0.0,0.8540733034571035,0.0,4.919717166636185,19.040292893725997,0.029854582622647285,1.3055875301361084
R0,qnli@s0__wic@s0,qnli,wic,0.5,0.3,0.3,1.0,1.0,1.0,0.7,0.5,0.5,1.2764084507042361,1.2764084507042361,4.152728873239453,4.152728873239453,4.152728873239453,1.1949823943662174,0.0,0.0,1.6560299295774765,0.3,0.3,2.0,2.0,1.0,0.7,0.5,0.5,1.2764084507042361,1.2764084507042361,26.967429577464795,26.967429577464795,4.152728873239453,1.1949823943662174,0.0,0.0,8.600352112676068,18.628961267605646,0.0,1.1378401517868042
R0,qnli@s0__snli@s0,qnli,snli,0.7,0.7,0.7,1.0,1.0,1.0,0.7,0.7,0.7,0.0,0.0,0.7968633751507137,0.7968633751507137,0.7968633751507137,0.0,0.0,0.0,1.1600747758408332,0.7,0.7,1.5,1.5,1.0,0.7,0.7,0.7,0.0,0.0,4.959822115754631,4.959822115754631,0.7968633751507137,0.0,0.0,0.0,3.652281402440137,1.5457842684522327,0.7212309837341309,1.0606893301010132
R0,qnli@s0__scitail@s0,qnli,scitail,0.7,0.7,0.7,1.0,1.0,1.0,0.7,0.7,0.7,0.0,0.0,0.44433217702880556,0.44433217702880556,0.44433217702880556,0.0,0.0,0.0,3.712163796029186,0.7,0.7,1.0,1.0,1.0,0.7,0.7,0.7,0.0,0.0,0.44433217702880556,0.44433217702880556,0.44433217702880556,0.0,0.0,0.0,5.581172973895268,23.749626757300057,0.0,1.2098392248153687
R0,qnli@s0__ag_news@s0,qnli,ag_news,0.5,0.5,0.5,0.3,0.5,1.0,0.7,0.5,0.5,0.0,0.0,3.4832514825796967,0.0,5.020964603409938,0.6238031257721821,0.0,0.0,2.2820048029404543,0.5,0.5,0.3,0.5,1.0,0.7,0.5,0.5,0.0,0.0,3.4832514825796967,0.0,5.020964603409938,0.6238031257721821,0.0,0.0,8.295353259910343,18.90161693847294,0.0,1.0094892978668213
R0,qnli@s0__imdb@s0,qnli,imdb,0.7,0.5,0.5,1.0,1.0,1.0,0.7,0.7,0.5,-0.04462966610854213,-0.04462966610854213,1.8811404264749365,1.8811404264749365,1.8811404264749365,0.0,0.0,-0.04462966610854213,1.1954594701073602,0.5,0.5,1.3,1.3,1.0,0.7,0.7,0.5,-0.04462966610854213,-0.04462966610854213,4.576310573229581,4.576310573229581,1.8811404264749365,0.0,0.0,-0.04462966610854213,3.874888315909443,0.9341450802718421,0.9989290237426758,0.9159296154975891
R0,qnli@s0__trec@s0,qnli,trec,0.5,0.7,0.7,1.0,1.0,1.0,0.7,0.7,1.0,-0.9353751821272405,-0.9353751821272405,-1.0967854541039213,-1.0967854541039213,-1.0967854541039213,-0.9353751821272405,-0.9353751821272405,-1.0967854541039213,-0.20726460053423212,0.7,0.7,1.0,1.3,1.0,0.7,0.7,1.0,-0.9353751821272405,-0.9353751821272405,-1.0967854541039213,-0.003642544924709057,-1.0967854541039213,-0.9353751821272405,-0.9353751821272405,-1.0967854541039213,0.9128369354055449,0.7734337056823692,0.4910128116607666,0.8734971880912781
R0,qnli@s0__yelp_polarity@s0,qnli,yelp_polarity,1.0,0.7,0.7,1.0,1.0,1.0,0.7,1.0,0.7,-0.1269723717732929,-0.1269723717732929,0.0,0.0,0.0,-0.1269723717732929,0.0,-0.1269723717732929,0.8453276720905706,0.7,0.7,1.3,1.3,1.0,0.7,1.3,0.7,-0.1269723717732929,-0.1269723717732929,0.370739797144648,0.370739797144648,0.0,-0.1269723717732929,0.370739797144648,-0.1269723717732929,1.043698196001957,-0.12171471662740796,0.965552031993866,0.872725248336792
R0,rte@s0__wic@s0,rte,wic,0.7,0.7,0.7,1.0,1.0,1.0,0.7,0.7,0.7,0.0,0.0,0.7244318181818143,0.7244318181818143,0.7244318181818143,0.0,0.0,0.0,3.0646306818181785,0.7,0.7,1.5,1.5,1.0,0.7,0.7,0.7,0.0,0.0,10.326704545454534,10.326704545454534,0.7244318181818143,0.0,0.0,0.0,6.627435064935064,11.150568181818176,0.0,1.020053744316101
R0,rte@s0__snli@s0,rte,snli,0.7,0.7,0.7,1.0,1.0,1.0,0.7,1.0,0.7,0.0,0.0,1.8303941049842676,1.8303941049842676,1.8303941049842676,0.0,1.8303941049842676,0.0,1.7507037589004792,0.7,0.7,1.3,1.3,1.0,0.7,1.0,0.7,0.0,0.0,2.605356847160123,2.605356847160123,1.8303941049842676,0.0,1.8303941049842676,0.0,4.676477893691008,0.10328696804104975,0.996797502040863,0.6777386665344238
R0,rte@s0__scitail@s0,rte,scitail,0.7,0.5,0.5,1.0,1.0,1.0,0.7,0.5,0.7,0.5274243828460756,0.5274243828460756,1.120987446288657,1.120987446288657,1.120987446288657,0.0,0.5274243828460756,0.0,3.15991237677985,0.5,0.5,2.0,2.0,1.0,0.7,0.5,0.7,0.5274243828460756,0.5274243828460756,19.758193613615305,19.758193613615305,1.120987446288657,0.0,0.5274243828460756,0.0,7.248173513233761,13.172971606706552,0.020931875333189964,1.0179160833358765
R0,rte@s0__ag_news@s0,rte,ag_news,0.7,0.7,0.7,1.0,1.0,1.0,0.7,0.7,1.0,0.0,0.0,-2.940590111642749,-2.940590111642749,-2.940590111642749,0.0,0.0,-2.940590111642749,0.64942185007974,0.7,0.7,1.3,1.5,1.0,0.7,0.7,1.3,0.0,0.0,-4.801634768740026,-1.7832934609250506,-2.940590111642749,0.0,0.0,-4.801634768740026,-0.3027455001139261,-3.59748803827753,0.9527857303619385,0.7234687209129333
R0,rte@s0__imdb@s0,rte,imdb,1.0,1.0,1.0,1.0,1.0,1.0,0.7,1.0,0.7,0.0,0.0,0.0,0.0,0.0,-0.44361888111889014,0.0,-0.44361888111889014,2.7802666083916043,1.0,1.0,1.5,1.5,1.0,0.7,1.0,0.7,0.0,0.0,4.35751748251747,4.35751748251747,0.0,-0.44361888111889014,0.0,-0.44361888111889014,4.256056443556438,0.3168706293706247,1.1141501665115356,0.7504155039787292
R0,rte@s0__trec@s0,rte,trec,1.0,0.7,0.7,1.0,1.0,1.0,0.7,0.7,1.0,1.990595611285273,1.990595611285273,0.0,0.0,0.0,1.990595611285273,1.990595611285273,0.0,2.347178683385584,0.7,0.7,1.3,1.3,1.0,0.7,0.7,1.3,1.990595611285273,1.990595611285273,-0.7366771159874608,-0.7366771159874608,0.0,1.990595611285273,1.990595611285273,-0.7366771159874608,2.884012539184956,-0.34482758620689724,1.1035594940185547,0.6142001152038574
R0,rte@s0__yelp_polarity@s0,rte,yelp_polarity,1.0,0.7,0.7,1.0,1.0,1.0,0.7,0.7,0.7,-1.0157461991933014,-1.0157461991933014,0.0,0.0,0.0,-1.0157461991933014,-1.0157461991933014,-1.0157461991933014,0.8044717654359268,0.7,0.7,1.3,1.3,1.0,0.7,1.3,0.7,-1.0157461991933014,-1.0157461991933014,0.11732081911263181,0.11732081911263181,0.0,-1.0157461991933014,0.11732081911263181,-1.0157461991933014,1.44250587296662,-1.810037232392181,1.1419739723205566,0.5709260106086731
R0,wic@s0__snli@s0,wic,snli,0.7,0.7,0.7,1.0,1.0,1.0,0.7,0.7,0.7,0.0,0.0,1.3453438069216617,1.3453438069216617,1.3453438069216617,0.0,0.0,0.0,2.7059141621129297,0.7,0.7,1.3,2.0,1.0,0.7,0.7,0.7,0.0,0.0,6.1005806010928865,21.970913023679415,1.3453438069216617,0.0,0.0,0.0,6.822428766588598,13.134392076502731,1.1087278127670288,0.7397923469543457
R0,wic@s0__scitail@s0,wic,scitail,0.3,0.5,0.5,1.0,1.0,1.0,0.7,0.5,0.5,-1.0634847080630228,-1.0634847080630228,10.70131487488415,10.70131487488415,10.70131487488415,4.676060009267835,-1.0634847080630228,-1.0634847080630228,3.5784725440222402,0.5,0.5,2.0,2.0,1.0,0.7,0.5,0.5,-1.0634847080630228,-1.0634847080630228,19.11550046339203,19.11550046339203,10.70131487488415,4.676060009267835,-1.0634847080630228,-1.0634847080630228,9.502722428174232,10.021431881371646,0.07551833242177963,1.0519481897354126
R0,wic@s0__ag_news@s0,wic,ag_news,0.7,0.7,0.7,1.0,1.0,1.0,0.7,0.5,0.7,0.0,0.0,1.3651315789473761,1.3651315789473761,1.3651315789473761,0.0,0.8552631578947478,0.0,1.6858552631578982,0.7,0.7,1.0,1.5,1.0,0.7,0.5,0.7,0.0,0.0,1.3651315789473761,7.9961622807017685,1.3651315789473761,0.0,0.8552631578947478,0.0,5.466791979949881,-0.38103070175437015,0.8369075059890747,0.7922738790512085
R0,wic@s0__imdb@s0,wic,imdb,0.7,0.7,0.7,1.0,1.0,1.0,0.7,0.7,0.7,0.0,0.0,1.0358391608391693,1.0358391608391693,1.0358391608391693,0.0,0.0,0.0,1.8020651223776247,0.7,0.7,1.3,1.3,1.0,0.7,0.7,0.7,0.0,0.0,4.2646416083916066,4.2646416083916066,1.0358391608391693,0.0,0.0,0.0,5.485764235764236,1.0139860139860235,0.9825729131698608,0.8855701088905334
R0,wic@s0__trec@s0,wic,trec,0.7,1.0,1.0,1.0,1.0,1.0,0.7,0.7,1.0,-0.01616379310344085,-0.01616379310344085,-0.01616379310344085,-0.01616379310344085,-0.01616379310344085,0.0,0.0,-0.01616379310344085,1.9302262931034486,1.0,1.0,1.5,1.5,1.0,0.7,0.7,1.0,-0.01616379310344085,-0.01616379310344085,2.6562499999999933,2.6562499999999933,-0.01616379310344085,0.0,0.0,-0.01616379310344085,3.0495689655172415,-1.5786637931034408,1.0414667129516602,0.7120407819747925
R0,wic@s0__yelp_polarity@s0,wic,yelp_polarity,0.7,1.0,1.0,1.0,1.0,1.0,0.7,0.7,1.0,-1.253199658703097,-1.253199658703097,-1.253199658703097,-1.253199658703097,-1.253199658703097,0.0,0.0,-1.253199658703097,0.24624040102387834,1.0,1.0,1.5,1.5,1.0,0.7,0.7,1.0,-1.253199658703097,-1.253199658703097,0.6655290102388856,0.6655290102388856,-1.253199658703097,0.0,0.0,-1.253199658703097,1.7283489761092032,-0.904970136518779,1.009684681892395,0.822628378868103
R0,snli@s0__scitail@s0,snli,scitail,0.7,0.7,0.7,1.0,1.0,1.0,0.7,0.7,0.7,0.0,0.0,0.3814543588392949,0.3814543588392949,0.3814543588392949,0.0,0.0,0.0,3.174195837574756,0.7,0.7,1.3,1.3,1.0,0.7,0.7,0.7,0.0,0.0,1.2490694176453543,1.2490694176453543,0.3814543588392949,0.0,0.0,0.0,4.748375595699309,6.592490179296407,0.7177303433418274,1.0608017444610596
R0,snli@s0__ag_news@s0,snli,ag_news,1.0,0.7,0.7,0.7,0.7,1.0,0.7,0.5,1.0,0.1796328252324786,0.1796328252324786,0.1796328252324786,0.1796328252324786,0.0,0.1796328252324786,0.702113891285594,0.0,1.2776968890806262,0.7,0.7,0.7,0.7,1.0,0.7,0.5,1.0,0.1796328252324786,0.1796328252324786,0.1796328252324786,0.1796328252324786,0.0,0.1796328252324786,0.702113891285594,0.0,1.6977296383034117,0.28550714217236983,0.7454830408096313,0.5820737481117249
R0,snli@s0__imdb@s0,snli,imdb,0.7,0.7,0.7,1.0,1.0,1.0,0.7,1.0,0.7,0.0,0.0,0.5127528436954742,0.5127528436954742,0.5127528436954742,0.0,0.5127528436954742,0.0,1.2542870380985172,0.7,0.7,1.3,1.3,1.0,0.7,1.0,0.7,0.0,0.0,1.6811598010368467,1.6811598010368467,0.5127528436954742,0.0,0.5127528436954742,0.0,2.668477924625471,0.29141509674297517,1.086158037185669,0.7835677862167358
R0,snli@s0__trec@s0,snli,trec,0.7,0.7,0.7,1.0,1.0,1.0,0.7,1.0,1.0,0.0,0.0,-0.2976414798065541,-0.2976414798065541,-0.2976414798065541,0.0,-0.2976414798065541,-0.2976414798065541,1.1726257772752935,0.7,0.7,1.5,1.5,1.0,0.7,1.3,1.5,0.0,0.0,-0.34003831417623864,-0.34003831417623864,-0.2976414798065541,0.0,-0.07160354249104994,-0.34003831417623864,1.2239450142220054,-0.40010049619998433,0.99873948097229,0.8615809082984924
R0,snli@s0__yelp_polarity@s0,snli,yelp_polarity,0.7,1.0,1.0,1.0,1.0,1.0,0.7,1.0,0.7,0.26040209627185007,0.26040209627185007,0.26040209627185007,0.26040209627185007,0.26040209627185007,0.0,0.26040209627185007,0.0,0.796398353817368,1.0,1.0,1.3,1.3,1.0,0.7,1.0,0.7,0.26040209627185007,0.26040209627185007,0.86377185947768,0.86377185947768,0.26040209627185007,0.0,0.26040209627185007,0.0,1.516106475227779,-0.12246902528332271,1.0376447439193726,0.6479219794273376
R0,scitail@s0__ag_news@s0,scitail,ag_news,1.0,1.0,1.0,1.0,1.0,1.0,0.7,1.0,1.0,0.0,0.0,0.0,0.0,0.0,0.7399943905175288,0.0,0.0,4.966985858413409,1.0,1.0,1.0,1.3,1.0,0.7,1.0,1.0,0.0,0.0,0.0,0.3791989821634756,0.0,0.7399943905175288,0.0,0.0,3.3668450551773317,25.219105165601675,0.0,0.5262643098831177
R0,scitail@s0__imdb@s0,scitail,imdb,1.0,1.0,1.0,1.0,1.0,1.0,0.7,1.0,1.0,0.0,0.0,0.0,0.0,0.0,0.8585917094953266,0.0,0.0,4.3843204987783295,1.0,1.0,1.3,1.3,1.0,0.7,1.0,1.0,0.0,0.0,0.37150349650348913,0.37150349650348913,0.0,0.8585917094953266,0.0,0.0,3.1666563857828907,-0.10360497935799629,1.0328630208969116,0.8952732086181641
R0,scitail@s0__trec@s0,scitail,trec,0.7,0.7,0.7,1.0,1.0,1.0,0.7,0.7,0.7,0.0,0.0,0.32437442075997636,0.32437442075997636,0.32437442075997636,0.0,0.0,0.0,2.615448531526643,0.7,0.7,1.5,1.5,1.0,0.7,0.7,0.7,0.0,0.0,1.4365152919369906,1.4365152919369906,0.32437442075997636,0.0,0.0,0.0,2.318329779900206,-0.0926784059314123,0.9862366318702698,0.6434891223907471
R0,scitail@s0__yelp_polarity@s0,scitail,yelp_polarity,1.0,1.0,1.0,1.0,1.0,1.0,0.7,1.0,1.0,0.0,0.0,0.0,0.0,0.0,0.5314280224073098,0.0,0.0,4.285644810800046,1.0,1.0,1.0,1.0,1.0,0.7,1.0,1.3,0.346071210544463,0.346071210544463,0.346071210544463,0.346071210544463,0.346071210544463,0.8774992329517728,0.346071210544463,0.0,3.048827534569143,24.13941338997365,0.0,0.7799385786056519
R0,ag_news@s0__imdb@s0,ag_news,imdb,0.7,0.7,0.7,1.0,1.0,1.0,0.7,0.7,0.7,0.0,0.0,0.25123451110293793,0.25123451110293793,0.25123451110293793,0.0,0.0,0.0,1.4308156207827327,0.7,0.7,1.0,1.0,1.0,0.7,0.7,0.7,0.0,0.0,0.25123451110293793,0.25123451110293793,0.25123451110293793,0.0,0.0,0.0,1.9086012671539039,0.13115721997301044,0.8576955199241638,0.8208789825439453
R0,ag_news@s0__trec@s0,ag_news,trec,0.7,0.7,0.7,1.0,1.0,1.0,0.7,0.7,0.7,0.0,0.0,0.0,0.0,0.0,0.0,0.0,0.0,0.7124357229280093,0.7,0.7,1.0,1.0,1.0,0.7,0.7,0.7,0.0,0.0,0.0,0.0,0.0,0.0,0.0,0.0,0.9284525970097626,-0.09868421052632304,0.8371590375900269,0.7793765664100647
R0,ag_news@s0__yelp_polarity@s0,ag_news,yelp_polarity,1.0,0.7,0.7,0.7,0.7,1.0,0.7,0.7,0.7,-0.023127357643260016,-0.023127357643260016,-0.023127357643260016,-0.023127357643260016,0.0,-0.023127357643260016,-0.023127357643260016,-0.023127357643260016,0.8837139243159042,0.7,0.7,0.7,0.7,1.0,0.7,0.7,0.7,-0.023127357643260016,-0.023127357643260016,-0.023127357643260016,-0.023127357643260016,0.0,-0.023127357643260016,-0.023127357643260016,-0.023127357643260016,1.124280410924916,-0.15560445482307728,0.851905107498169,0.6345301270484924
R0,imdb@s0__trec@s0,imdb,trec,0.7,1.0,1.0,1.0,1.0,1.0,0.7,1.0,1.0,-0.31445924764887945,-0.31445924764887945,-0.31445924764887945,-0.31445924764887945,-0.31445924764887945,0.0,-0.31445924764887945,-0.31445924764887945,0.9032885218230147,1.3,1.3,1.0,1.5,1.0,0.7,1.0,1.0,-0.16148721967685908,-0.16148721967685908,-0.31445924764887945,0.1772365565469114,-0.31445924764887945,0.0,-0.31445924764887945,-0.31445924764887945,1.1636316269937077,-0.05463286713285331,0.9146036505699158,0.7809942364692688
R0,imdb@s0__yelp_polarity@s0,imdb,yelp_polarity,0.5,0.5,0.5,1.0,1.0,1.0,0.7,0.7,0.5,0.0,0.0,0.8007351010763886,0.8007351010763886,0.8007351010763886,0.08584632091457323,0.08584632091457323,0.0,0.30606525513734995,0.5,0.5,1.0,1.0,1.0,0.7,0.7,0.5,0.0,0.0,0.8007351010763886,0.8007351010763886,0.8007351010763886,0.08584632091457323,0.08584632091457323,0.0,2.1539946827916094,0.312432874292945,0.8776062726974487,0.7861616611480713
R0,trec@s0__yelp_polarity@s0,trec,yelp_polarity,0.7,0.7,0.7,1.0,1.0,1.0,0.7,0.7,1.0,0.0,0.0,-0.06575850300104547,-0.06575850300104547,-0.06575850300104547,0.0,0.0,-0.06575850300104547,0.5652546486995425,0.7,0.7,1.0,1.3,1.0,0.7,0.7,1.3,0.0,0.0,-0.06575850300104547,-0.11018594798165582,-0.06575850300104547,0.0,0.0,-0.11018594798165582,1.03857033574875,-0.0977550900317703,0.8310989141464233,0.8431406021118164
S1,cola@s1__sst2@s1,cola,sst2,0.7,1.0,1.0,1.0,1.0,1.0,0.7,1.0,0.7,0.2801120448179373,0.2801120448179373,0.2801120448179373,0.2801120448179373,0.2801120448179373,0.0,0.2801120448179373,0.0,1.0541775030385447,1.0,1.0,2.0,2.0,1.0,0.7,1.0,0.7,0.2801120448179373,0.2801120448179373,34.86480128598875,34.86480128598875,0.2801120448179373,0.0,0.2801120448179373,0.0,7.4744983529959494,0.21738088703600056,0.9239462614059448,0.7810534238815308
S1,cola@s1__mrpc@s1,cola,mrpc,0.7,0.7,0.7,1.0,1.0,1.0,0.7,1.0,0.7,0.0,0.0,1.188141923436048,1.188141923436048,1.188141923436048,0.0,1.188141923436048,0.0,1.7413632119514522,0.7,0.7,2.0,2.0,1.0,0.7,1.0,0.7,0.0,0.0,39.50980392156863,39.50980392156863,1.188141923436048,0.0,1.188141923436048,0.0,9.040616246498605,-0.7633053221288488,0.7443621754646301,0.7981104850769043
S1,cola@s1__stsb@s1,cola,stsb,0.7,0.7,0.7,1.0,1.0,1.0,0.7,0.7,0.7,0.0,0.0,1.1083010444903674,1.1083010444903674,1.1083010444903674,0.0,0.0,0.0,2.9052095368878734,0.7,0.7,1.3,1.3,1.0,0.7,0.7,0.7,0.0,0.0,5.4506803157501,5.4506803157501,1.1083010444903674,0.0,0.0,0.0,8.188982702237912,42.23459680428231,0.7830836772918701,0.0
S1,cola@s1__mnli@s1,cola,mnli,1.0,1.0,1.0,1.0,1.0,1.0,0.7,1.0,1.0,0.0,0.0,0.0,0.0,0.0,3.1994910640312346,0.0,0.0,7.767142068094837,1.0,1.0,1.3,1.3,1.0,0.7,1.0,1.0,-1.4580620980786607,-1.4580620980786607,0.0,0.0,-1.4580620980786607,1.741428965952574,-1.4580620980786607,-1.4580620980786607,5.065293723123052,26.8266461514183,0.9560953974723816,0.0
S1,cola@s1__qnli@s1,cola,qnli,0.7,1.0,1.0,1.0,1.0,1.0,0.7,1.0,1.0,-0.9596431165058705,-0.9596431165058705,-0.9596431165058705,-0.9596431165058705,-0.9596431165058705,0.0,-0.9596431165058705,-0.9596431165058705,0.9136061832140219,1.0,1.0,1.3,1.3,1.0,0.7,1.0,1.0,-0.9596431165058705,-0.9596431165058705,0.6244164332399604,0.6244164332399604,-0.9596431165058705,0.0,-0.9596431165058705,-0.9596431165058705,2.1092696337794328,20.968202095653066,1.1081732511520386,0.0
S1,cola@s1__rte@s1,cola,rte,1.0,1.0,1.0,1.0,1.0,1.0,0.7,1.0,1.0,0.0,0.0,0.0,0.0,0.0,1.5258735072976592,0.0,0.0,6.085065605189441,1.0,1.0,2.0,2.0,1.0,0.7,1.0,1.0,0.0,0.0,20.24178092289547,20.24178092289547,0.0,1.5258735072976592,0.0,0.0,7.580927107685179,15.789473684210531,0.952063262462616,0.025766031816601753
S1,cola@s1__wic@s1,cola,wic,1.0,0.7,0.7,1.0,1.0,1.0,0.7,0.7,1.0,1.5546218487395014,1.5546218487395014,0.0,0.0,0.0,1.5546218487395014,1.5546218487395014,0.0,4.188842203548088,0.7,0.7,1.5,1.5,1.0,0.7,0.7,1.0,1.5546218487395014,1.5546218487395014,7.8758169934640465,7.8758169934640465,0.0,1.5546218487395014,1.5546218487395014,0.0,7.6850740296118465,14.463118580765643,0.9602251648902893,0.0
S1,cola@s1__snli@s1,cola,snli,1.0,1.0,1.0,1.0,1.0,1.0,0.7,1.0,1.0,0.0,0.0,0.0,0.0,0.0,1.7040519492055095,0.0,0.0,4.4406284597644285,1.0,1.0,1.3,1.3,1.0,0.7,1.0,1.0,0.0,0.0,0.4079072172470388,0.4079072172470388,0.0,1.7040519492055095,0.0,0.0,3.944207354515987,-4.5598307273079115,0.7374652028083801,1.1268178224563599
S1,cola@s1__scitail@s1,cola,scitail,0.7,0.7,0.7,1.0,1.0,1.0,0.7,0.5,0.7,0.0,0.0,0.20955996991873782,0.20955996991873782,0.20955996991873782,0.0,1.2145176124706225,0.0,1.0043025629334985,0.7,0.7,2.0,2.0,1.0,0.7,0.5,0.7,0.0,0.0,13.264052112893786,13.264052112893786,0.20955996991873782,0.0,1.2145176124706225,0.0,3.3558605855812815,-0.3276708251120919,0.8285032510757446,1.026971697807312
S1,cola@s1__ag_news@s1,cola,ag_news,0.7,1.0,1.0,1.0,1.0,1.0,0.7,0.5,0.7,0.29108658388729003,0.29108658388729003,0.29108658388729003,0.29108658388729003,0.29108658388729003,0.0,1.048852376771603,0.0,0.8160353693716316,1.0,1.0,1.0,1.0,1.0,0.7,0.5,0.7,0.29108658388729003,0.29108658388729003,0.29108658388729003,0.29108658388729003,0.29108658388729003,0.0,1.048852376771603,0.0,3.1488714888940685,0.15103056147832694,0.8539816737174988,0.8027769923210144
S1,cola@s1__imdb@s1,cola,imdb,0.7,0.7,0.7,1.0,1.0,1.0,0.7,0.7,0.7,0.0,0.0,0.008822426608445788,0.008822426608445788,0.008822426608445788,0.0,0.0,0.0,1.8981312997640054,0.7,0.7,2.0,2.0,1.0,0.7,0.7,0.7,0.0,0.0,32.544645154649785,32.544645154649785,0.008822426608445788,0.0,0.0,0.0,7.306387121777851,-0.3762397347390367,0.8134147524833679,0.9262807965278625
S1,cola@s1__trec@s1,cola,trec,0.7,1.0,1.0,1.0,1.0,1.0,0.7,1.0,0.7,0.3118773282508869,0.3118773282508869,0.3118773282508869,0.3118773282508869,0.3118773282508869,0.0,0.3118773282508869,0.0,1.5436844841029196,1.0,1.0,1.5,1.5,1.0,0.7,1.0,0.7,0.3118773282508869,0.3118773282508869,2.6545669814317496,2.6545669814317496,0.3118773282508869,0.0,0.3118773282508869,0.0,3.3701109309703257,-0.0317652834329607,0.692726194858551,0.7646308541297913
S1,cola@s1__yelp_polarity@s1,cola,yelp_polarity,0.7,0.7,0.7,1.0,1.0,1.0,0.7,0.5,0.7,0.0,0.0,0.06853519493492666,0.06853519493492666,0.06853519493492666,0.0,0.2329987633509889,0.0,0.757887891886655,0.7,0.7,1.0,1.0,1.0,0.7,0.5,0.7,0.0,0.0,0.06853519493492666,0.06853519493492666,0.06853519493492666,0.0,0.2329987633509889,0.0,5.816506948121384,-0.6606309119256304,0.9229228496551514,0.6636123061180115
S1,sst2@s1__mrpc@s1,sst2,mrpc,0.7,0.7,0.7,1.0,1.0,1.0,0.7,0.7,0.3,0.0,0.0,1.4554173146708038,1.4554173146708038,1.4554173146708038,0.0,0.0,-0.5775876965612659,0.33059011577673547,0.7,0.7,1.0,1.0,1.0,0.7,0.7,0.3,0.0,0.0,1.4554173146708038,1.4554173146708038,1.4554173146708038,0.0,0.0,-0.5775876965612659,5.304376805154402,0.8553654743390315,0.8305482864379883,1.0180360078811646
S1,sst2@s1__stsb@s1,sst2,stsb,0.7,0.7,0.7,0.5,0.5,1.0,0.7,1.0,1.0,0.0,0.0,3.1345928488148544,3.1345928488148544,-0.8254179771185699,0.0,-0.8254179771185699,-0.8254179771185699,3.2702220174618377,0.7,0.7,0.5,0.5,1.0,0.7,1.0,1.0,0.0,0.0,3.1345928488148544,3.1345928488148544,-0.8254179771185699,0.0,-0.8254179771185699,-0.8254179771185699,4.05339012351381,38.941109901791734,0.9898198246955872,0.0
S1,sst2@s1__mnli@s1,sst2,mnli,1.0,0.7,0.7,1.0,1.0,1.0,0.7,0.7,0.7,-1.0006096715075241,-1.0006096715075241,0.0,0.0,0.0,-1.0006096715075241,-1.0006096715075241,-1.0006096715075241,2.2146271876985093,0.7,0.7,1.3,1.3,1.0,0.7,0.7,0.7,-1.0006096715075241,-1.0006096715075241,1.1003658029045238,1.1003658029045238,0.0,-1.0006096715075241,-1.0006096715075241,-1.0006096715075241,2.7986764547888696,-0.1966099343599148,1.0443447828292847,0.9385212063789368
S1,sst2@s1__qnli@s1,sst2,qnli,0.7,1.0,1.0,0.7,0.7,1.0,0.7,0.7,0.7,0.1474980868449105,0.1474980868449105,0.0,0.0,0.1474980868449105,0.0,0.0,0.0,0.8020679903779998,1.0,1.0,0.7,0.7,1.0,0.7,0.7,0.7,0.1474980868449105,0.1474980868449105,0.0,0.0,0.1474980868449105,0.0,0.0,0.0,2.705194456101666,0.04851459620770493,0.9436814785003662,0.5875555276870728
S1,sst2@s1__rte@s1,sst2,rte,1.0,1.0,1.0,1.0,1.0,1.0,0.7,1.0,1.0,0.0,0.0,0.0,0.0,0.0,0.7216719871217747,0.0,0.0,3.993240293579986,1.0,1.0,1.5,1.5,1.0,0.7,1.3,1.0,0.0,0.0,3.2536629287059027,3.2536629287059027,0.0,0.7216719871217747,1.704591962020141,0.0,3.8500216326196552,-0.5163569888952613,0.9525208473205566,1.0433632135391235
S1,sst2@s1__wic@s1,sst2,wic,0.7,0.5,0.5,1.0,1.0,1.0,0.7,0.7,1.0,-0.39842997852329587,-0.39842997852329587,-0.6349206349206438,-0.6349206349206438,-0.6349206349206438,0.0,0.0,-0.6349206349206438,0.25512848996518955,0.5,0.5,1.3,1.3,1.0,0.7,0.7,1.0,-0.39842997852329587,-0.39842997852329587,0.21081734923102946,0.21081734923102946,-0.6349206349206438,0.0,0.0,-0.6349206349206438,1.9790663803105444,0.06171468068824071,0.770637035369873,1.0665161609649658
S1,sst2@s1__snli@s1,sst2,snli,1.0,1.0,1.0,1.0,1.0,1.0,0.7,1.0,0.7,0.0,0.0,0.0,0.0,0.0,-0.197791707543038,0.0,-0.197791707543038,1.2368806680181477,1.0,1.0,1.0,1.0,1.0,0.7,1.0,0.7,0.0,0.0,0.0,0.0,0.0,-0.197791707543038,0.0,-0.197791707543038,2.181599005430522,-0.5971970995246378,0.7949618697166443,0.9739762544631958
S1,sst2@s1__scitail@s1,sst2,scitail,0.7,0.7,0.7,1.0,1.0,1.0,0.7,1.0,0.7,0.0,0.0,0.9483289130842731,0.9483289130842731,0.9483289130842731,0.0,0.9483289130842731,0.0,1.2697365453971488,0.7,0.7,1.3,1.3,1.0,0.7,1.0,0.7,0.0,0.0,2.0533426830208645,2.0533426830208645,0.9483289130842731,0.0,0.9483289130842731,0.0,3.4920210018810947,0.4969688681592199,0.8888562321662903,0.9267639517784119
S1,sst2@s1__ag_news@s1,sst2,ag_news,1.0,1.0,1.0,0.7,1.0,1.0,0.7,0.5,0.7,0.0,0.0,-0.18750588836077275,0.0,0.0,-0.18750588836077275,0.12071992976295798,-0.18750588836077275,0.3832426810235767,1.0,1.0,0.7,1.0,1.0,0.7,0.5,0.7,0.0,0.0,-0.18750588836077275,0.0,0.0,-0.18750588836077275,0.12071992976295798,-0.18750588836077275,0.8052059058576249,-0.16743425858540828,0.7746294736862183,0.6195946931838989
S1,sst2@s1__imdb@s1,sst2,imdb,0.7,0.5,0.5,1.0,1.0,1.0,0.7,0.7,0.7,0.22603609230027466,0.22603609230027466,0.899110006272541,0.899110006272541,0.899110006272541,0.0,0.0,0.0,0.9131500961291172,0.5,0.5,1.3,1.3,1.0,0.7,0.7,0.7,0.22603609230027466,0.22603609230027466,1.583188085159648,1.583188085159648,0.899110006272541,0.0,0.0,0.0,2.149604938573966,0.6779722130379029,0.8466342091560364,0.9320520758628845
S1,sst2@s1__trec@s1,sst2,trec,1.0,0.5,0.5,1.0,1.0,1.0,0.7,0.5,1.0,0.4665629860031162,0.4665629860031162,0.0,0.0,0.0,0.1718213058419349,0.4665629860031162,0.0,0.49415326567368856,1.3,1.3,1.0,1.0,1.0,0.7,0.5,1.0,0.15552099533437946,0.15552099533437946,0.0,0.0,0.0,0.1718213058419349,0.4665629860031162,0.0,1.1690796470582006,0.01630031050756653,0.890924334526062,0.7872925400733948
S1,sst2@s1__yelp_polarity@s1,sst2,yelp_polarity,0.7,0.7,0.7,1.0,1.0,1.0,0.7,0.7,0.5,0.0,0.0,0.17998795217870622,0.17998795217870622,0.17998795217870622,0.0,0.0,-0.06274216236843433,0.24702757969746192,0.7,0.7,1.0,1.0,1.0,0.7,0.7,0.5,0.0,0.0,0.17998795217870622,0.17998795217870622,0.17998795217870622,0.0,0.0,-0.06274216236843433,1.270950897431966,0.30038328250416857,0.8490365743637085,0.8938406705856323
S1,mrpc@s1__stsb@s1,mrpc,stsb,0.5,0.7,0.7,0.3,0.3,1.0,0.7,0.7,0.7,-3.7605828674883823,-3.7605828674883823,7.2843359124785785,7.2843359124785785,-1.5893518792226558,-3.7605828674883823,-3.7605828674883823,-3.7605828674883823,0.4836002914418852,0.7,0.7,0.3,0.3,1.0,0.7,0.7,0.7,-3.7605828674883823,-3.7605828674883823,7.2843359124785785,7.2843359124785785,-1.5893518792226558,-3.7605828674883823,-3.7605828674883823,-3.7605828674883823,7.398537111928491,62.6933368865908,0.6923767328262329,0.0
S1,mrpc@s1__mnli@s1,mrpc,mnli,0.7,0.5,0.5,1.0,0.3,1.0,0.7,0.5,0.5,-0.79420970266042,-0.79420970266042,8.489827856025034,8.736306729264465,8.489827856025034,0.0,-0.79420970266042,-0.79420970266042,4.10798122065727,0.5,0.5,2.0,0.3,1.0,0.7,0.5,0.5,-0.79420970266042,-0.79420970266042,24.19405320813771,8.736306729264465,8.489827856025034,0.0,-0.79420970266042,-0.79420970266042,9.576346970713162,7.26134585289514,1.060214877128601,0.5091845393180847
S1,mrpc@s1__qnli@s1,mrpc,qnli,0.7,0.7,0.7,0.3,0.3,1.0,0.7,0.7,0.7,0.0,0.0,8.293650793650787,8.293650793650787,5.511463844797171,0.0,0.0,0.0,3.6265432098765373,0.7,0.7,0.3,0.3,1.0,0.7,0.7,0.7,0.0,0.0,8.293650793650787,8.293650793650787,5.511463844797171,0.0,0.0,0.0,8.317586293776762,23.18783068783068,1.1372307538986206,0.0
S1,mrpc@s1__rte@s1,mrpc,rte,0.7,0.7,0.7,1.0,1.0,1.0,0.7,1.0,0.7,0.0,0.0,2.4707602339181345,2.4707602339181345,2.4707602339181345,0.0,2.4707602339181345,0.0,2.521929824561406,0.7,0.7,2.0,2.0,1.0,0.7,1.0,0.7,0.0,0.0,18.34795321637428,18.34795321637428,2.4707602339181345,0.0,2.4707602339181345,0.0,5.497076023391818,4.415204678362583,0.7830960750579834,0.8737686276435852
S1,mrpc@s1__wic@s1,mrpc,wic,1.0,0.7,0.7,1.0,1.0,1.0,0.7,0.7,1.0,2.2222222222222143,2.2222222222222143,0.0,0.0,0.0,2.2222222222222143,2.2222222222222143,0.0,3.2936507936507873,0.7,0.7,2.0,2.0,1.0,0.7,0.7,1.0,2.2222222222222143,2.2222222222222143,11.785714285714288,11.785714285714288,0.0,2.2222222222222143,2.2222222222222143,0.0,4.450113378684802,5.714285714285716,0.0,0.8945549726486206
S1,mrpc@s1__snli@s1,mrpc,snli,0.7,0.5,0.5,0.7,0.5,1.0,0.7,0.7,0.5,-0.09657732477664771,-0.09657732477664771,0.0,-0.09657732477664771,0.9406065181829737,0.0,0.0,-0.09657732477664771,0.5717566377249322,0.5,0.5,0.7,0.5,1.0,0.7,0.7,0.5,-0.09657732477664771,-0.09657732477664771,0.0,-0.09657732477664771,0.9406065181829737,0.0,0.0,-0.09657732477664771,4.293533948120588,2.2590285642380747,1.0181797742843628,0.6238110065460205
S1,mrpc@s1__scitail@s1,mrpc,scitail,1.0,0.7,0.7,1.0,1.0,1.0,0.7,0.7,1.0,0.2338634237605275,0.2338634237605275,0.0,0.0,0.0,0.2338634237605275,0.2338634237605275,0.0,1.1831540380417866,0.7,0.7,1.3,1.3,1.0,0.7,1.3,1.0,0.2338634237605275,0.2338634237605275,1.1139694418459634,1.1139694418459634,0.0,0.2338634237605275,1.1139694418459634,0.0,1.5005493934399463,0.0,1.0233534574508667,0.8835744261741638
S1,mrpc@s1__ag_news@s1,mrpc,ag_news,0.7,0.7,0.7,0.7,0.7,1.0,0.7,0.5,0.5,0.0,0.0,0.0,0.0,1.5459467369037139,0.0,-0.11657399278119929,-0.11657399278119929,0.9086308652814318,0.7,0.7,0.7,0.7,1.0,0.7,0.5,0.5,0.0,0.0,0.0,0.0,1.5459467369037139,0.0,-0.11657399278119929,-0.11657399278119929,1.987088367685376,-1.5966734952687522,0.9598341584205627,0.5662976503372192
S1,mrpc@s1__imdb@s1,mrpc,imdb,1.0,1.0,1.0,1.0,1.0,1.0,0.7,1.0,0.7,0.0,0.0,0.0,0.0,0.0,-0.3652668416447735,0.0,-0.3652668416447735,1.2018810148731518,1.0,1.0,1.0,1.0,1.0,0.7,1.0,0.7,0.0,0.0,0.0,0.0,0.0,-0.3652668416447735,0.0,-0.3652668416447735,4.036057992750914,-0.054680664916872956,0.9419074654579163,0.8363853693008423
S1,mrpc@s1__trec@s1,mrpc,trec,0.7,1.0,1.0,1.0,1.0,1.0,0.7,0.7,0.7,0.0,0.0,0.0,0.0,0.0,0.0,0.0,0.0,1.4912657502863662,1.0,1.0,1.5,1.5,1.0,0.7,0.7,1.5,0.0,0.0,-0.1718213058419238,-0.1718213058419238,0.0,0.0,0.0,-0.1718213058419238,1.1450662739322508,-0.105956471935853,0.8117828369140625,0.6429722905158997
S1,mrpc@s1__yelp_polarity@s1,mrpc,yelp_polarity,0.7,0.7,0.7,0.7,0.7,1.0,0.7,0.7,0.5,0.0,0.0,0.0,0.0,1.1217698192756864,0.0,0.0,-0.21382552879035677,0.5549041900566071,0.7,0.7,0.7,0.7,1.0,0.7,0.7,0.5,0.0,0.0,0.0,0.0,1.1217698192756864,0.0,0.0,-0.21382552879035677,4.325929760805052,-1.2716430990786232,0.9803369641304016,0.63446444272995
S1,stsb@s1__mnli@s1,stsb,mnli,0.7,0.7,0.7,1.0,1.0,1.0,0.7,0.7,0.7,0.0,0.0,0.2346461828115043,0.2346461828115043,0.2346461828115043,0.0,0.0,0.0,3.0762551380526553,0.7,0.7,1.5,1.5,1.0,0.7,0.7,0.7,0.0,0.0,3.86030546710987,3.86030546710987,0.2346461828115043,0.0,0.0,0.0,4.172811548309408,5.632291689478808,0.0,1.1704399585723877
S1,stsb@s1__qnli@s1,stsb,qnli,0.7,0.5,0.5,1.0,1.0,1.0,0.7,0.7,0.7,0.9284115958141048,0.9284115958141048,0.016327859524045696,0.016327859524045696,0.016327859524045696,0.0,0.0,0.0,1.7525339063744594,0.5,0.5,1.3,1.3,1.0,0.7,0.7,0.7,0.9284115958141048,0.9284115958141048,0.773730028034314,0.773730028034314,0.016327859524045696,0.0,0.0,0.0,2.281657240501992,11.050220995688376,0.0,1.0915402173995972
S1,stsb@s1__rte@s1,stsb,rte,0.7,1.0,1.0,1.0,1.0,1.0,0.7,1.0,1.0,-0.6994890174755963,-0.6994890174755963,-0.6994890174755963,-0.6994890174755963,-0.6994890174755963,0.0,-0.6994890174755963,-0.6994890174755963,3.2505678690088304,1.0,1.0,1.0,1.0,1.0,0.7,1.0,1.0,-0.6994890174755963,-0.6994890174755963,-0.6994890174755963,-0.6994890174755963,-0.6994890174755963,0.0,-0.6994890174755963,-0.6994890174755963,4.412735496867945,14.413069012250423,0.002518413355574012,1.0511091947555542
S1,stsb@s1__wic@s1,stsb,wic,0.7,0.7,0.7,1.0,1.0,1.0,0.7,0.7,0.7,0.0,0.0,1.2701163692178108,1.2701163692178108,1.2701163692178108,0.0,0.0,0.0,3.2331126363436242,0.7,0.7,1.5,1.5,1.0,0.7,0.7,0.7,0.0,0.0,6.847305059518183,6.847305059518183,1.2701163692178108,0.0,0.0,0.0,6.1258514655258685,57.26366933265401,0.0,0.8949705362319946
S1,stsb@s1__snli@s1,stsb,snli,0.7,1.0,1.0,1.0,1.0,1.0,0.7,1.0,1.0,-0.5640324853990908,-0.5640324853990908,-0.5640324853990908,-0.5640324853990908,-0.5640324853990908,0.0,-0.5640324853990908,-0.5640324853990908,2.8747528699991474,1.0,1.0,1.5,1.5,1.0,0.7,1.0,1.0,-0.5640324853990908,-0.5640324853990908,1.1641313519966667,1.1641313519966667,-0.5640324853990908,0.0,-0.5640324853990908,-0.5640324853990908,2.7021475468881464,9.805403705497229,0.0,1.0283842086791992
S1,stsb@s1__scitail@s1,stsb,scitail,0.7,0.7,0.7,1.0,1.0,1.0,0.7,0.7,0.7,0.0,0.0,3.276986081012534,3.276986081012534,3.276986081012534,0.0,0.0,0.0,2.4937749841252743,0.7,0.7,1.3,1.3,1.0,0.7,0.7,0.7,0.0,0.0,10.321497863498742,10.321497863498742,3.276986081012534,0.0,0.0,0.0,8.692226711443185,67.55168613343405,0.0,0.9395204186439514
S1,stsb@s1__ag_news@s1,stsb,ag_news,0.7,0.7,0.7,0.3,0.3,1.0,0.7,0.7,0.5,0.0,0.0,3.6521657091006188,3.6521657091006188,10.591811630070014,0.0,0.0,-0.657000009682096,3.3967443323721342,0.7,0.7,0.3,0.3,1.0,0.7,0.7,0.5,0.0,0.0,3.6521657091006188,3.6521657091006188,10.591811630070014,0.0,0.0,-0.657000009682096,10.221001918791565,32.20199534612135,0.0,0.839171290397644
S1,stsb@s1__imdb@s1,stsb,imdb,1.0,1.0,1.0,1.0,1.0,1.0,0.7,1.0,1.0,0.0,0.0,0.0,0.0,0.0,1.191954766117309,0.0,0.0,4.908831673078601,1.0,1.0,1.0,1.0,1.0,0.7,1.0,1.0,0.0,0.0,0.0,0.0,0.0,1.191954766117309,0.0,0.0,3.8047943683825767,37.653978219189725,0.0,0.9528484344482422
S1,stsb@s1__trec@s1,stsb,trec,1.0,1.0,1.0,1.0,1.0,1.0,0.7,1.0,1.0,0.0,0.0,0.0,0.0,0.0,1.1347030607025799,0.0,0.0,4.059239001971138,1.0,1.0,1.0,1.0,1.0,0.7,1.0,1.0,0.0,0.0,0.0,0.0,0.0,1.1347030607025799,0.0,0.0,3.6446447129243893,38.70465160352923,0.0,0.6465420722961426
S1,stsb@s1__yelp_polarity@s1,stsb,yelp_polarity,1.0,1.0,1.0,0.7,0.7,1.0,0.7,1.0,1.0,0.0,0.0,1.0967866690962724,1.0967866690962724,0.0,1.0967866690962724,0.0,0.0,4.1305160099398135,1.0,1.0,0.7,0.7,1.0,0.7,1.3,1.0,0.0,0.0,1.0967866690962724,1.0967866690962724,0.0,1.0967866690962724,0.21455778222316813,0.0,3.222659950052726,38.59946384549646,0.0,0.8951060771942139
S1,mnli@s1__qnli@s1,mnli,qnli,0.7,0.7,0.7,1.0,1.0,1.0,0.7,0.7,0.7,0.0,0.0,2.218061455150666,2.218061455150666,2.218061455150666,0.0,0.0,0.0,2.7285472091810146,0.7,0.7,2.0,2.0,1.0,0.7,0.7,0.7,0.0,0.0,19.15222818391833,19.15222818391833,2.218061455150666,0.0,0.0,0.0,6.660283570914021,19.092549121891842,1.4062429666519165,0.0
S1,mnli@s1__rte@s1,mnli,rte,0.7,1.0,1.0,1.0,1.0,1.0,0.7,0.7,1.0,-0.9519397084259751,-0.9519397084259751,-0.9519397084259751,-0.9519397084259751,-0.9519397084259751,0.0,0.0,-0.9519397084259751,3.164535458364232,1.0,1.0,2.0,1.0,1.0,0.7,0.7,1.0,-0.9519397084259751,-0.9519397084259751,10.704843093649629,-0.9519397084259751,-0.9519397084259751,0.0,0.0,-0.9519397084259751,4.127484203466421,1.5184086978008438,0.6415415406227112,1.0610042810440063
S1,mnli@s1__wic@s1,mnli,wic,1.0,1.0,1.0,1.0,1.0,1.0,0.7,1.0,1.0,0.0,0.0,0.0,0.0,0.0,1.4319248826291098,0.0,0.0,7.921137938743572,1.0,1.0,1.3,1.3,1.0,0.7,1.0,1.0,0.0,0.0,1.5789179521573882,1.5789179521573882,0.0,1.4319248826291098,0.0,0.0,7.841333716585225,26.022803487592228,0.025703690946102142,0.9953662157058716
S1,mnli@s1__snli@s1,mnli,snli,0.7,0.5,0.5,1.0,1.0,1.0,0.7,0.5,0.5,-0.3022798930236714,-0.3022798930236714,1.4947176452448252,1.4947176452448252,1.4947176452448252,0.0,-0.3022798930236714,-0.3022798930236714,1.0919048644452645,0.5,0.5,1.3,1.3,1.0,0.7,0.5,0.5,-0.3022798930236714,-0.3022798930236714,3.4381164297981215,3.4381164297981215,1.4947176452448252,0.0,-0.3022798930236714,-0.3022798930236714,4.928584341078564,1.4008209316298093,1.0047938823699951,0.9278566241264343
S1,mnli@s1__scitail@s1,mnli,scitail,0.5,0.5,0.5,1.0,1.0,1.0,0.7,0.5,0.5,0.0,0.0,3.910383096834824,3.910383096834824,3.910383096834824,0.6122610311071197,0.0,0.0,2.872301238048805,0.5,0.5,1.5,1.3,1.0,0.7,0.5,0.5,0.0,0.0,9.189438156848784,6.995656508430059,3.910383096834824,0.6122610311071197,0.0,0.0,5.9370347435407504,23.666187960315675,0.328477680683136,1.1960089206695557
S1,mnli@s1__ag_news@s1,mnli,ag_news,0.7,0.7,0.7,0.7,0.7,1.0,0.7,0.5,0.7,0.0,0.0,0.0,0.0,0.5958401859797902,0.0,0.6447773559707604,0.0,2.1267677766923425,0.7,0.7,0.7,0.7,1.0,0.7,0.5,0.7,0.0,0.0,0.0,0.0,0.5958401859797902,0.0,0.6447773559707604,0.0,3.1031138543287775,0.6426545812775353,0.6022819876670837,0.7181085348129272
S1,mnli@s1__imdb@s1,mnli,imdb,1.0,1.0,1.0,1.0,1.0,1.0,0.7,1.0,1.0,0.0,0.0,0.0,0.0,0.0,0.11681638386750182,0.0,0.0,4.509460525180822,1.0,1.0,1.3,1.3,1.0,0.7,1.0,1.0,0.0,0.0,1.1814412282971531,1.1814412282971531,0.0,0.11681638386750182,0.0,0.0,4.308748378283692,0.3163469002994246,1.0554026365280151,0.9294412732124329
S1,mnli@s1__trec@s1,mnli,trec,1.0,1.0,1.0,1.0,1.0,1.0,0.7,1.0,1.0,0.0,0.0,0.0,0.0,0.0,0.10986883500314626,0.0,0.0,3.1629035380668915,1.0,1.0,1.3,1.5,1.0,0.7,1.0,1.0,0.0,0.0,0.6103286384976592,1.2281593340109476,0.0,0.10986883500314626,0.0,0.0,2.726271719665073,-0.5943565171095289,0.8662991523742676,0.7689377069473267
S1,mnli@s1__yelp_polarity@s1,mnli,yelp_polarity,0.7,0.7,0.7,1.0,1.0,1.0,0.7,1.0,0.7,0.0,0.0,0.4876909435008514,0.4876909435008514,0.4876909435008514,0.0,0.4876909435008514,0.0,2.992933977059267,0.7,0.7,1.0,1.0,1.0,0.7,1.0,0.7,0.0,0.0,0.4876909435008514,0.4876909435008514,0.4876909435008514,0.0,0.4876909435008514,0.0,3.45629450689786,-0.19501432670490093,1.1496952772140503,0.7072628736495972
S1,qnli@s1__rte@s1,qnli,rte,1.0,1.0,1.0,1.0,1.0,1.0,0.7,0.7,1.0,0.0,0.0,0.0,0.0,0.0,0.8748723661004321,0.8748723661004321,0.0,3.571573609950798,1.0,1.0,2.0,2.0,1.0,0.7,0.7,1.0,0.0,0.0,9.873642439431919,9.873642439431919,0.0,0.8748723661004321,0.8748723661004321,0.0,4.463871318507909,17.035644667223604,0.0,1.2686476707458496
S1,qnli@s1__wic@s1,qnli,wic,0.7,1.0,1.0,1.0,1.0,1.0,0.7,0.7,1.0,-0.037477954144626846,-0.037477954144626846,-0.037477954144626846,-0.037477954144626846,-0.037477954144626846,0.0,0.0,-0.037477954144626846,2.193011463844796,1.0,1.0,2.0,2.0,1.0,0.7,0.7,1.0,-0.037477954144626846,-0.037477954144626846,14.492945326278662,14.492945326278662,-0.037477954144626846,0.0,0.0,-0.037477954144626846,4.151234567901234,23.785273368606695,0.0,1.036700963973999
S1,qnli@s1__snli@s1,qnli,snli,0.7,0.7,0.7,1.0,1.0,1.0,0.7,1.0,0.7,0.0,0.0,0.41675654784375515,0.41675654784375515,0.41675654784375515,0.0,0.41675654784375515,0.0,1.756694524838165,0.7,0.7,2.0,2.0,1.0,0.7,1.0,0.7,0.0,0.0,13.966086833206493,13.966086833206493,0.41675654784375515,0.0,0.41675654784375515,0.0,3.90588178142781,17.709003697112415,0.0,0.8524717092514038
S1,qnli@s1__scitail@s1,qnli,scitail,0.7,0.7,0.7,1.0,1.0,1.0,0.7,0.7,0.7,0.0,0.0,1.5125127243150294,1.5125127243150294,1.5125127243150294,0.0,0.0,0.0,2.760789682952136,0.7,0.7,2.0,2.0,1.0,0.7,0.7,0.7,0.0,0.0,20.269277027929967,20.269277027929967,1.5125127243150294,0.0,0.0,0.0,6.790815796228059,23.148148148148138,0.0,1.0101107358932495
S1,qnli@s1__ag_news@s1,qnli,ag_news,0.7,0.7,0.7,0.3,0.5,1.0,0.7,0.7,0.7,0.0,0.0,5.002715569367611,0.26658258660016143,2.051900085628511,0.0,0.0,0.0,1.8302995603990708,0.7,0.7,0.3,0.5,1.0,0.7,0.7,0.7,0.0,0.0,5.002715569367611,0.26658258660016143,2.051900085628511,0.0,0.0,0.0,5.960795042173869,20.223936727814408,0.0,0.9589366912841797
S1,qnli@s1__imdb@s1,qnli,imdb,1.0,1.0,1.0,1.0,1.0,1.0,0.7,1.0,1.0,0.0,0.0,0.0,0.0,0.0,0.582218889305508,0.0,0.0,2.3186120832118213,1.0,1.0,1.3,1.3,1.0,0.7,1.5,1.0,0.0,0.0,0.4946430307322669,0.4946430307322669,0.0,0.582218889305508,1.2093974364315585,0.0,2.1680821643326347,0.08766265327945222,1.0607264041900635,1.0330674648284912
S1,qnli@s1__trec@s1,qnli,trec,0.7,0.7,0.7,0.7,1.0,1.0,0.7,0.7,1.0,0.0,0.0,0.0,-0.013636611574763258,-0.013636611574763258,0.0,0.0,-0.013636611574763258,0.8678850979108671,0.7,0.7,0.7,1.0,1.0,0.7,0.7,1.0,0.0,0.0,0.0,-0.013636611574763258,-0.013636611574763258,0.0,0.0,-0.013636611574763258,2.1267107453901715,0.4104620084001587,0.5794022679328918,0.7779219746589661
S1,qnli@s1__yelp_polarity@s1,qnli,yelp_polarity,1.0,1.0,1.0,1.0,1.0,1.0,0.7,1.0,1.0,0.0,0.0,0.0,0.0,0.0,0.32886673306271597,0.0,0.0,1.585849996259117,1.0,1.0,1.3,1.3,1.0,0.7,1.0,1.0,0.0,0.0,0.33369792882691485,0.33369792882691485,0.0,0.32886673306271597,0.0,0.0,1.5061927524114536,-0.12052376553548516,0.9713820815086365,0.9090213775634766
S1,rte@s1__wic@s1,rte,wic,1.0,1.0,1.0,1.0,1.0,1.0,0.7,1.0,1.0,0.0,0.0,0.0,0.0,0.0,1.670843776106934,0.0,0.0,5.8688387635756065,1.0,1.0,2.0,2.0,1.0,0.7,1.0,1.0,0.0,0.0,16.5747702589808,16.5747702589808,0.0,1.670843776106934,0.0,0.0,7.423916935195134,2.7527151211361733,0.8681679964065552,0.9839264750480652
S1,rte@s1__snli@s1,rte,snli,1.0,0.7,0.7,1.0,1.0,1.0,0.7,1.0,1.0,0.16679581172636126,0.16679581172636126,0.0,0.0,0.0,0.16679581172636126,0.0,0.0,3.9151814984800555,0.7,0.7,1.3,1.3,1.0,0.7,1.0,1.0,0.16679581172636126,0.16679581172636126,2.2640122389779527,2.2640122389779527,0.0,0.16679581172636126,0.0,0.0,4.841889548332887,0.10192525481313996,1.032954216003418,0.7529095411300659
S1,rte@s1__scitail@s1,rte,scitail,1.0,1.0,1.0,1.0,1.0,1.0,0.7,1.0,1.0,0.0,0.0,0.0,0.0,0.0,2.4736185646529685,0.0,0.0,5.159047642492568,1.0,1.3,1.3,1.3,1.0,0.7,1.3,1.3,0.0,-0.9416079956673706,-0.9416079956673706,-0.9416079956673706,0.0,2.4736185646529685,-0.9416079956673706,-0.9416079956673706,3.727278908215344,24.48550046772685,0.0,1.0390639305114746
S1,rte@s1__ag_news@s1,rte,ag_news,0.7,1.0,1.0,1.0,1.0,1.0,0.7,1.0,1.0,-1.7982841211897194,-1.7982841211897194,-1.7982841211897194,-1.7982841211897194,-1.7982841211897194,0.0,-1.7982841211897194,-1.7982841211897194,0.4607381051399323,1.0,1.0,1.3,2.0,1.0,0.7,1.0,1.0,-1.7982841211897194,-1.7982841211897194,-0.8003712089706294,-0.15248833233214576,-1.7982841211897194,0.0,-1.7982841211897194,-1.7982841211897194,-0.07330111934797656,-2.9819940544953294,1.0572185516357422,0.7446372509002686
S1,rte@s1__imdb@s1,rte,imdb,1.0,1.0,1.0,1.0,1.0,1.0,0.7,1.0,0.7,0.0,0.0,0.0,0.0,0.0,-0.31829902841092883,0.0,-0.31829902841092883,3.902616613712759,1.0,1.0,1.3,1.3,1.0,0.7,1.0,0.7,0.0,0.0,2.016853156513332,2.016853156513332,0.0,-0.31829902841092883,0.0,-0.31829902841092883,4.415484248679442,0.010936132983374591,1.0324844121932983,0.8750016689300537
S1,rte@s1__trec@s1,rte,trec,1.0,1.0,1.0,1.0,1.0,1.0,0.7,1.0,0.7,0.0,0.0,0.0,0.0,0.0,0.0,0.0,0.0,3.3279073973593754,1.0,1.0,2.0,2.0,1.0,0.7,1.0,1.3,0.0,0.0,5.606800506420684,5.606800506420684,0.0,0.0,0.0,-0.3436426116838476,2.6671059091026503,-0.43859649122808264,1.0051708221435547,0.6926504373550415
S1,rte@s1__yelp_polarity@s1,rte,yelp_polarity,1.0,1.0,1.0,1.0,1.0,1.0,0.7,1.0,1.0,0.0,0.0,0.0,0.0,0.0,1.7863620894059906,0.0,0.0,4.357331321268426,1.0,1.0,1.3,1.3,1.0,0.7,1.5,1.0,0.0,0.0,2.738166029014133,2.738166029014133,0.0,1.7863620894059906,3.325984434546192,0.0,4.390239080968254,-0.8558755661269846,1.0385417938232422,0.7831933498382568
S1,wic@s1__snli@s1,wic,snli,1.0,0.7,0.7,1.0,1.0,1.0,0.7,0.7,0.5,-1.6435672041561045,-1.6435672041561045,0.0,0.0,0.0,-1.6435672041561045,-1.6435672041561045,-2.346797533660494,0.01918963130741469,0.7,0.7,1.3,1.3,1.0,0.7,0.7,0.5,-1.6435672041561045,-1.6435672041561045,1.358823635154327,1.358823635154327,0.0,-1.6435672041561045,-1.6435672041561045,-2.346797533660494,2.5337247016586932,1.573819410738997,1.0343338251113892,0.897617518901825
S1,wic@s1__scitail@s1,wic,scitail,0.3,0.3,0.3,1.0,1.0,1.0,0.7,0.5,0.5,0.0,0.0,3.530818002286673,3.530818002286673,3.530818002286673,2.0211739201449364,-0.484654104859894,-0.484654104859894,1.2668344543929289,0.3,0.3,2.0,2.0,1.0,0.7,0.5,0.5,0.0,0.0,19.95456367766939,19.95456367766939,3.530818002286673,2.0211739201449364,-0.484654104859894,-0.484654104859894,6.560330399699646,12.686979375473296,0.3296979069709778,1.2099462747573853
S1,wic@s1__ag_news@s1,wic,ag_news,0.7,0.7,1.0,1.0,1.0,1.0,0.7,0.7,0.7,0.0,0.2735621611828831,0.2735621611828831,0.2735621611828831,0.2735621611828831,0.0,0.0,0.0,0.9339768245606728,0.7,1.0,1.3,1.3,1.0,0.7,0.7,0.7,0.0,0.2735621611828831,2.146201764287803,2.146201764287803,0.2735621611828831,0.0,0.0,0.0,2.728464520136415,1.4403472831918895,0.9830416440963745,0.7072645425796509
S1,wic@s1__imdb@s1,wic,imdb,1.0,0.7,0.7,1.0,1.0,1.0,0.7,1.0,0.7,-1.0620547431571037,-1.0620547431571037,0.0,0.0,0.0,-1.0620547431571037,0.0,-1.0620547431571037,1.8635170603674533,0.7,0.7,1.0,1.0,1.0,0.7,1.0,0.7,-1.0620547431571037,-1.0620547431571037,0.0,0.0,0.0,-1.0620547431571037,0.0,-1.0620547431571037,3.499071544628348,-0.8373953255843114,0.9340278506278992,0.909936785697937
S1,wic@s1__trec@s1,wic,trec,0.7,0.7,0.7,1.0,1.0,1.0,0.7,0.7,1.0,0.0,0.0,-0.8329242349860877,-0.8329242349860877,-0.8329242349860877,0.0,0.0,-0.8329242349860877,1.3823433153330096,0.7,0.7,1.3,1.3,1.0,0.7,0.7,1.3,0.0,0.0,-1.480936017018486,-1.480936017018486,-0.8329242349860877,0.0,0.0,-1.480936017018486,1.2490356967529328,-1.0980199639993415,0.8905652761459351,0.6748126149177551
S1,wic@s1__yelp_polarity@s1,wic,yelp_polarity,1.0,1.0,1.0,1.0,1.0,1.0,0.7,0.7,0.7,0.0,0.0,0.0,0.0,0.0,-0.941722244216392,-0.941722244216392,-0.941722244216392,0.7947251237594433,1.0,1.0,1.5,1.5,1.0,0.7,0.7,0.7,0.0,0.0,2.2789671542602696,2.2789671542602696,0.0,-0.941722244216392,-0.941722244216392,-0.941722244216392,2.0138916079470923,-1.0555166428114604,1.0332450866699219,0.6697843670845032
S1,snli@s1__scitail@s1,snli,scitail,0.5,0.5,0.5,1.0,1.0,1.0,0.7,0.5,0.5,0.0,0.0,2.4133539987732044,2.4133539987732044,2.4133539987732044,0.5097322144615002,0.0,0.0,1.7930094170417825,0.5,0.5,1.3,1.3,1.0,0.7,0.5,0.5,0.0,0.0,4.385381496662344,4.385381496662344,2.4133539987732044,0.5097322144615002,0.0,0.0,4.031645001603483,1.1676008843904295,0.9882853627204895,0.953577995300293
S1,snli@s1__ag_news@s1,snli,ag_news,0.7,1.0,1.0,0.7,0.7,1.0,0.7,1.0,0.7,0.22474812003534517,0.22474812003534517,0.0,0.0,0.22474812003534517,0.0,0.22474812003534517,0.0,1.2193297054796548,1.0,1.0,0.7,0.7,1.0,0.7,1.0,0.7,0.22474812003534517,0.22474812003534517,0.0,0.0,0.22474812003534517,0.0,0.22474812003534517,0.0,1.8313528146168236,0.0004598617730056098,0.7571412324905396,0.5663538575172424
S1,snli@s1__imdb@s1,snli,imdb,1.0,1.0,1.0,1.0,1.0,1.0,0.7,1.0,1.0,0.0,0.0,0.0,0.0,0.0,0.44405653993137006,0.0,0.0,2.6104598972127273,1.0,1.0,1.3,1.3,1.0,0.7,1.0,1.0,0.0,0.0,0.21828670057237876,0.21828670057237876,0.0,0.44405653993137006,0.0,0.0,2.162512811606356,-0.04568900857948588,1.0500645637512207,0.8873245120048523
S1,snli@s1__trec@s1,snli,trec,1.0,0.7,0.7,1.0,1.0,1.0,0.7,1.0,1.0,0.3662926683089984,0.3662926683089984,0.0,0.0,0.0,0.3662926683089984,0.0,0.0,0.9089210867357117,0.7,0.7,1.3,1.3,1.0,0.7,1.0,1.0,0.3662926683089984,0.3662926683089984,0.4756511891279791,0.4756511891279791,0.0,0.3662926683089984,0.0,0.0,1.1093968824760134,0.003891762306729163,1.0043139457702637,0.7624054551124573
S1,snli@s1__yelp_polarity@s1,snli,yelp_polarity,0.7,0.7,0.7,1.0,1.0,1.0,0.7,0.7,0.7,0.0,0.0,0.04063828641771572,0.04063828641771572,0.04063828641771572,0.0,0.0,0.0,1.5979890168228983,0.7,0.7,1.0,1.0,1.0,0.7,0.7,0.7,0.0,0.0,0.04063828641771572,0.04063828641771572,0.04063828641771572,0.0,0.0,0.0,2.2886020868857395,-0.8447152966102323,1.0735918283462524,0.6386289596557617
S1,scitail@s1__ag_news@s1,scitail,ag_news,1.0,1.0,1.0,1.0,1.0,1.0,0.7,1.0,1.0,0.0,0.0,0.0,0.0,0.0,0.7893865838364489,0.0,0.0,2.7418176546968627,1.0,1.0,1.0,1.3,1.0,0.7,1.0,1.0,-0.15364354697102733,-0.15364354697102733,-0.15364354697102733,0.0,-0.15364354697102733,0.6357430368654216,-0.15364354697102733,-0.15364354697102733,1.8065135524631404,0.2576398807152991,0.9563165307044983,0.7516047954559326
S1,scitail@s1__imdb@s1,scitail,imdb,1.0,1.0,1.0,1.0,1.0,1.0,0.7,1.0,1.0,0.0,0.0,0.0,0.0,0.0,0.2855159358588155,0.0,0.0,2.3736370243242515,1.0,1.0,1.3,1.3,1.0,0.7,1.3,1.0,0.0,0.0,0.41977768447792885,0.41977768447792885,0.0,0.2855159358588155,0.41977768447792885,0.0,1.9098992420147676,-0.043744531933498365,0.9262850880622864,0.934248685836792
S1,scitail@s1__trec@s1,scitail,trec,0.7,1.0,1.0,1.0,1.0,1.0,0.7,1.0,0.7,0.0467726847521055,0.0467726847521055,0.0467726847521055,0.0467726847521055,0.0467726847521055,0.0,0.0467726847521055,0.0,0.8769878391019642,1.0,1.0,1.3,1.3,1.0,0.7,1.0,0.7,0.0467726847521055,0.0467726847521055,0.0620421179186037,0.0620421179186037,0.0467726847521055,0.0,0.0467726847521055,0.0,1.2370996251296769,0.093545369504211,0.8943585753440857,0.7585543990135193
S1,scitail@s1__yelp_polarity@s1,scitail,yelp_polarity,1.0,1.0,1.0,1.0,1.0,1.0,0.7,1.0,1.0,0.0,0.0,0.0,0.0,0.0,0.04025182868137023,0.0,0.0,1.6271704529841364,1.0,1.0,1.0,1.0,1.0,0.7,1.0,1.0,0.0,0.0,0.0,0.0,0.0,0.04025182868137023,0.0,0.0,1.6108024347834,-0.0680901010812418,0.9137648344039917,0.9182177782058716
S1,ag_news@s1__imdb@s1,ag_news,imdb,1.0,1.0,1.0,1.0,1.0,1.0,0.7,0.7,1.0,0.0,0.0,0.0,0.0,0.0,0.4710602460908264,0.4710602460908264,0.0,2.000517810054245,1.3,1.0,1.0,1.0,1.0,0.7,1.3,1.0,0.25218396207935534,0.0,0.0,0.0,0.0,0.4710602460908264,0.25218396207935534,0.0,1.6218876393743056,0.26331212549264293,0.763335645198822,0.8634352087974548
S1,ag_news@s1__trec@s1,ag_news,trec,1.0,0.7,0.7,1.0,1.0,1.0,0.7,1.0,1.0,0.5960570102791163,0.5960570102791163,0.0,0.0,0.0,0.5960570102791163,0.0,0.0,0.884138660849787,0.7,0.7,1.0,1.0,1.0,0.7,1.3,1.3,0.5960570102791163,0.5960570102791163,0.0,0.0,0.0,0.5960570102791163,-0.14266900790167458,-0.14266900790167458,0.5219290362706123,0.6289806274871856,0.6898512840270996,0.8006308078765869
S1,ag_news@s1__yelp_polarity@s1,ag_news,yelp_polarity,1.0,0.7,0.7,0.7,0.7,1.0,0.7,0.7,1.0,0.15048523792313695,0.15048523792313695,0.15048523792313695,0.15048523792313695,0.0,0.15048523792313695,0.15048523792313695,0.0,0.8207801856206037,0.7,0.7,0.7,0.7,1.0,0.7,0.7,1.0,0.15048523792313695,0.15048523792313695,0.15048523792313695,0.15048523792313695,0.0,0.15048523792313695,0.15048523792313695,0.0,1.0337038565700656,-0.060241820728201834,0.8209441900253296,0.6630726456642151
S1,imdb@s1__trec@s1,imdb,trec,1.0,1.0,1.0,1.0,1.0,1.0,0.7,0.7,1.0,0.0,0.0,0.0,0.0,0.0,0.33902012248469005,0.33902012248469005,0.0,1.6814304461942293,1.3,1.3,1.3,1.3,1.0,0.7,1.3,1.3,-0.4498471196255016,-0.4498471196255016,-0.4498471196255016,-0.4498471196255016,0.0,0.33902012248469005,-0.4498471196255016,-0.4498471196255016,1.0061564469389837,-0.043744531933498365,0.9477062821388245,0.7453249096870422
S1,imdb@s1__yelp_polarity@s1,imdb,yelp_polarity,0.5,0.7,0.7,1.0,1.0,1.0,0.7,0.5,0.5,0.042912257477090154,0.042912257477090154,0.6041007025049172,0.6041007025049172,0.6041007025049172,0.042912257477090154,0.0,0.0,0.383447142785473,0.7,0.7,1.0,1.0,1.0,0.7,0.5,0.5,0.042912257477090154,0.042912257477090154,0.6041007025049172,0.6041007025049172,0.6041007025049172,0.042912257477090154,0.0,0.0,2.214894809967132,0.17137160508955418,0.8299281001091003,0.7212691307067871
S1,trec@s1__yelp_polarity@s1,trec,yelp_polarity,1.0,0.7,0.7,1.0,1.0,1.0,0.7,0.7,1.0,0.3317019283104794,0.3317019283104794,0.0,0.0,0.0,0.3317019283104794,0.3317019283104794,0.0,0.7230889595562423,0.7,0.7,1.0,1.0,1.0,0.7,1.3,1.3,0.3317019283104794,0.3317019283104794,0.0,0.0,0.0,0.3317019283104794,-0.30100777902556386,-0.30100777902556386,0.783145573674485,0.22511484666477566,0.7711474895477295,0.8709580302238464
P,ag_news@s0__cola@s1,ag_news,cola,0.7,1.0,1.0,1.0,1.0,1.0,0.7,0.5,0.7,0.5467713401149932,0.5467713401149932,0.5467713401149932,0.5467713401149932,0.5467713401149932,0.0,1.2156309892378037,0.0,1.4790422748046594,1.0,1.0,1.0,1.0,1.0,0.7,0.5,0.7,0.5467713401149932,0.5467713401149932,0.5467713401149932,0.5467713401149932,0.5467713401149932,0.0,1.2156309892378037,0.0,2.7213911880541692,-0.27836134453781414,0.9174466133117676,0.8002275228500366
P,ag_news@s0__imdb@s1,ag_news,imdb,1.0,1.0,1.0,1.0,1.0,1.0,0.7,0.7,1.0,0.0,0.0,0.0,0.0,0.0,0.09854031403968566,0.09854031403968566,0.0,2.0578276810793383,1.0,1.0,1.0,1.0,1.0,0.7,1.3,1.0,0.0,0.0,0.0,0.0,0.0,0.09854031403968566,0.08748906386701893,0.0,1.5824008841000134,-0.032808398950134876,0.9307669997215271,0.933005154132843
P,ag_news@s0__mnli@s1,ag_news,mnli,1.0,1.0,1.0,0.7,0.7,1.0,0.7,0.7,1.0,0.0,0.0,0.081696318260438,0.081696318260438,0.0,0.081696318260438,0.081696318260438,0.0,3.9231220657276995,1.0,1.0,0.7,0.7,1.0,0.7,0.7,1.0,0.0,0.0,0.081696318260438,0.081696318260438,0.0,0.081696318260438,0.081696318260438,0.0,4.417447668466941,0.07891648134419338,0.8638599514961243,0.6569846272468567
P,ag_news@s0__mrpc@s1,ag_news,mrpc,1.0,1.0,1.0,1.0,1.0,1.0,0.7,1.0,1.0,0.0,0.0,0.0,0.0,0.0,0.4093567251462149,0.0,0.0,2.1673976608187178,1.3,1.3,1.0,1.0,1.0,0.7,1.3,1.0,1.5387426900584922,1.5387426900584922,0.0,0.0,0.0,0.4093567251462149,1.5387426900584922,0.0,2.6446324143692634,0.2777777777777768,0.7557833194732666,0.8618743419647217
P,ag_news@s0__qnli@s1,ag_news,qnli,0.5,0.7,0.7,0.3,0.5,1.0,0.7,0.5,0.7,-0.23420820569943768,-0.23420820569943768,4.907639469042979,0.0,2.0135988118444303,-0.23420820569943768,0.0,-0.23420820569943768,1.6717575187969929,0.7,0.7,0.3,0.5,1.0,0.7,0.5,0.7,-0.23420820569943768,-0.23420820569943768,4.907639469042979,0.0,2.0135988118444303,-0.23420820569943768,0.0,-0.23420820569943768,5.867620439988864,19.43991924255083,0.514242947101593,0.0
P,ag_news@s0__rte@s1,ag_news,rte,1.0,1.0,1.0,1.0,1.0,1.0,0.7,0.7,1.0,0.0,0.0,0.0,0.0,0.0,0.19736842105263497,0.19736842105263497,0.0,4.133771929824564,1.0,1.0,1.5,1.5,1.0,0.7,1.3,1.0,0.0,0.0,1.2609649122807043,1.2609649122807043,0.0,0.19736842105263497,1.9078947368421084,0.0,3.557330827067673,-0.18640350877191514,0.6865314841270447,1.0715198516845703
P,ag_news@s0__scitail@s1,ag_news,scitail,0.7,1.0,1.0,1.0,1.0,1.0,0.7,1.0,1.0,-0.4334576502059706,-0.4334576502059706,-0.4334576502059706,-0.4334576502059706,-0.4334576502059706,0.0,-0.4334576502059706,-0.4334576502059706,1.601187472305643,1.0,1.0,1.0,1.3,1.0,0.7,1.0,1.0,-0.4334576502059706,-0.4334576502059706,-0.4334576502059706,-0.40570175438596756,-0.4334576502059706,0.0,-0.4334576502059706,-0.4334576502059706,0.9973249306615424,-0.17543859649122862,0.7997795939445496,0.9353134632110596
P,ag_news@s0__snli@s1,ag_news,snli,1.0,1.0,1.0,0.7,0.7,1.0,0.7,1.0,1.0,0.0,0.0,0.2236196379964639,0.2236196379964639,0.0,0.2236196379964639,0.0,0.0,1.9887159504082956,1.0,1.0,0.7,0.7,1.0,0.7,1.0,1.0,0.0,0.0,0.2236196379964639,0.2236196379964639,0.0,0.2236196379964639,0.0,0.0,2.108598222623375,0.27196211082632926,0.658564031124115,0.7975160479545593
P,ag_news@s0__sst2@s1,ag_news,sst2,1.0,0.7,0.7,0.7,1.0,1.0,0.7,0.5,0.7,-0.06780169708875405,-0.06780169708875405,-0.06780169708875405,0.0,0.0,-0.06780169708875405,0.8373577801424448,-0.06780169708875405,0.9960974802870393,0.7,0.7,0.7,1.0,1.0,0.7,0.5,0.7,-0.06780169708875405,-0.06780169708875405,-0.06780169708875405,0.0,0.0,-0.06780169708875405,0.8373577801424448,-0.06780169708875405,1.3065931742263985,-0.034906960246638974,0.7352902293205261,0.8229983448982239
P,ag_news@s0__stsb@s1,ag_news,stsb,0.5,0.5,0.5,0.3,0.3,1.0,0.7,0.7,0.5,0.0,0.0,8.541966820428204,8.541966820428204,11.303774549950596,0.4235438421043014,0.4235438421043014,0.0,5.067321303120775,0.5,0.5,0.3,0.3,1.0,0.7,0.7,0.5,0.0,0.0,8.541966820428204,8.541966820428204,11.303774549950596,0.4235438421043014,0.4235438421043014,0.0,11.112120349765078,37.032258590763114,0.8638690114021301,0.0
P,ag_news@s0__trec@s1,ag_news,trec,1.0,1.0,1.0,1.0,1.0,1.0,0.7,0.5,1.0,0.0,0.0,0.0,0.0,0.0,0.3911195514559651,0.4970383432808867,0.0,0.905537845903423,1.0,1.0,1.3,1.3,1.0,0.7,0.5,1.5,0.0,0.0,-0.29978296256103487,-0.29978296256103487,0.0,0.3911195514559651,0.4970383432808867,-0.38388497015735545,0.4140182931555729,0.23761077952613174,0.8439273834228516,0.7951850295066833
P,ag_news@s0__wic@s1,ag_news,wic,1.0,0.7,1.0,1.0,1.0,1.0,0.7,0.5,1.0,1.3246658312447757,0.0,0.0,0.0,0.0,1.3246658312447757,2.45300751879699,0.0,2.885599415204676,0.7,1.0,1.3,1.5,1.0,0.7,0.5,1.0,1.3246658312447757,0.0,2.682748538011692,4.824039264828728,0.0,1.3246658312447757,2.45300751879699,0.0,4.669560806778846,0.5310150375939848,0.837689995765686,1.0084832906723022
P,ag_news@s0__yelp_polarity@s1,ag_news,yelp_polarity,1.0,0.7,0.7,0.7,0.7,1.0,0.7,0.7,0.7,-0.066401881916478,-0.066401881916478,-0.066401881916478,-0.066401881916478,0.0,-0.066401881916478,-0.066401881916478,-0.066401881916478,1.0042881432156343,0.7,0.7,0.7,0.7,1.0,0.7,0.7,0.7,-0.066401881916478,-0.066401881916478,-0.066401881916478,-0.066401881916478,0.0,-0.066401881916478,-0.066401881916478,-0.066401881916478,1.3836742917835987,-0.39657406680204677,0.8923397064208984,0.6213260293006897
P,cola@s0__imdb@s1,cola,imdb,1.0,0.7,0.7,1.0,1.0,1.0,0.7,1.0,1.0,0.1683552667804622,0.1683552667804622,0.0,0.0,0.0,0.1683552667804622,0.0,0.0,2.5547494937258692,0.7,0.7,1.0,1.0,1.0,0.7,1.0,1.0,0.1683552667804622,0.1683552667804622,0.0,0.0,0.0,0.1683552667804622,0.0,0.0,4.975477278626881,-0.12461073484695273,0.9292222857475281,0.9196625351905823
P,cola@s0__mnli@s1,cola,mnli,1.0,1.0,1.0,1.0,1.0,1.0,0.7,1.0,1.0,0.0,0.0,0.0,0.0,0.0,1.6118388653599824,0.0,0.0,5.544830756098359,1.0,1.0,1.0,1.0,1.0,0.7,1.0,1.0,0.0,0.0,0.0,0.0,0.0,1.6118388653599824,0.0,0.0,4.855086228325665,0.16431924882629456,1.0889486074447632,0.9436473846435547
P,cola@s0__mrpc@s1,cola,mrpc,0.7,0.7,0.7,1.0,1.0,1.0,0.7,1.0,0.7,0.0,0.0,1.2548562548562403,1.2548562548562403,1.2548562548562403,0.0,1.2548562548562403,0.0,1.9716394716394636,0.7,0.7,1.0,1.0,1.0,0.7,1.0,0.7,0.0,0.0,1.2548562548562403,1.2548562548562403,1.2548562548562403,0.0,1.2548562548562403,0.0,5.725108225108219,0.34965034965033226,0.7170187830924988,0.9553107023239136
P,cola@s0__qnli@s1,cola,qnli,1.0,0.7,0.7,1.0,1.0,1.0,0.7,0.7,1.0,0.3052040552040558,0.3052040552040558,0.0,0.0,0.0,0.3052040552040558,0.3052040552040558,0.0,2.158917471417471,0.7,0.7,1.3,1.3,1.0,0.7,0.7,1.0,0.3052040552040558,0.3052040552040558,0.8343045843045793,0.8343045843045793,0.0,0.3052040552040558,0.3052040552040558,0.0,3.4026731645779282,0.6066156066156125,1.112204909324646,0.8878974914550781
P,cola@s0__rte@s1,cola,rte,1.0,1.0,1.0,1.0,1.0,1.0,0.7,0.7,0.7,0.0,0.0,0.0,0.0,0.0,-0.34965034965035446,-0.34965034965035446,-0.34965034965035446,4.039688381793644,1.0,1.0,1.5,1.5,1.0,0.7,0.7,0.7,0.0,0.0,3.8203901361796078,3.8203901361796078,0.0,-0.34965034965035446,-0.34965034965035446,-0.34965034965035446,5.7201570359465075,-0.9342411973990994,0.5402799248695374,1.1170990467071533
P,cola@s0__scitail@s1,cola,scitail,1.0,1.0,1.0,1.0,1.0,1.0,0.7,1.0,1.0,0.0,0.0,0.0,0.0,0.0,1.1661117180293834,0.0,0.0,3.215229578653328,1.0,1.0,1.3,1.3,1.0,0.7,1.3,1.0,0.0,0.0,1.0721084341290044,1.0721084341290044,0.0,1.1661117180293834,1.0721084341290044,0.0,3.43652605579639,0.7692307692307665,0.7746082544326782,0.9342120885848999
P,cola@s0__snli@s1,cola,snli,1.0,1.0,1.0,1.0,1.0,1.0,0.7,1.0,1.0,0.0,0.0,0.0,0.0,0.0,0.8105710823717693,0.0,0.0,2.8138735556629157,1.0,1.0,1.3,1.0,1.0,0.7,1.0,1.0,0.0,0.0,0.34711607758041163,0.0,0.0,0.8105710823717693,0.0,0.0,2.641729731197462,-0.12853511154755637,0.9974437952041626,1.019203782081604
P,cola@s0__sst2@s1,cola,sst2,0.7,0.7,1.0,1.0,1.0,1.0,0.7,1.0,1.0,0.0,-1.10322026340689,-1.10322026340689,-1.10322026340689,-1.10322026340689,0.0,-1.10322026340689,-1.10322026340689,0.9616744064644495,0.7,1.0,1.3,1.3,1.0,0.7,1.0,1.0,0.0,-1.10322026340689,0.1868427062828304,0.1868427062828304,-1.10322026340689,0.0,-1.10322026340689,-1.10322026340689,2.6267200917278646,-0.8156695559495053,0.9916905760765076,0.8198503255844116
P,cola@s0__stsb@s1,cola,stsb,0.7,0.7,0.7,0.7,0.7,1.0,0.7,0.7,1.0,0.0,0.0,0.0,0.0,-0.505247070654391,0.0,0.0,-0.505247070654391,3.2140728735543216,0.7,0.7,0.7,0.7,1.0,0.7,0.7,1.0,0.0,0.0,0.0,0.0,-0.505247070654391,0.0,0.0,-0.505247070654391,5.2064119968303295,31.73068299281082,0.883633553981781,0.0
P,cola@s0__trec@s1,cola,trec,0.7,1.0,1.0,1.0,1.0,1.0,0.7,1.0,1.0,-0.591401725422358,-0.591401725422358,-0.591401725422358,-0.591401725422358,-0.591401725422358,0.0,-0.591401725422358,-0.591401725422358,1.180820897315743,1.0,1.0,1.0,1.0,1.0,0.7,1.0,1.0,-0.591401725422358,-0.591401725422358,-0.591401725422358,-0.591401725422358,-0.591401725422358,0.0,-0.591401725422358,-0.591401725422358,2.107308499061076,-1.0109821450027479,0.9292688369750977,0.7243037223815918
P,cola@s0__wic@s1,cola,wic,1.0,0.7,0.7,1.0,1.0,1.0,0.7,1.0,1.0,0.6349206349206216,0.6349206349206216,0.0,0.0,0.0,0.6349206349206216,0.0,0.0,2.5985125985125865,0.7,0.7,1.5,1.5,1.0,0.7,1.0,1.0,0.6349206349206216,0.6349206349206216,7.397047397047373,7.397047397047373,0.0,0.6349206349206216,0.0,0.0,5.951508808651651,0.9146409146409074,0.6513544321060181,0.911298930644989
P,cola@s0__yelp_polarity@s1,cola,yelp_polarity,1.0,0.7,0.7,1.0,1.0,1.0,0.7,1.0,1.0,0.1551997352466472,0.1551997352466472,0.0,0.0,0.0,0.1551997352466472,0.0,0.0,1.6566241262468169,0.7,0.7,1.0,1.0,1.0,0.7,1.0,1.0,0.1551997352466472,0.1551997352466472,0.0,0.0,0.0,0.1551997352466472,0.0,0.0,3.5989740381128246,-0.15649666896734304,0.9663342237472534,0.7352754473686218
P,imdb@s0__mnli@s1,imdb,mnli,0.7,1.0,1.0,1.0,1.0,1.0,0.7,1.0,0.7,0.25011080468826385,0.25011080468826385,0.25011080468826385,0.25011080468826385,0.25011080468826385,0.0,0.25011080468826385,0.0,3.8298614531008885,1.0,1.0,1.0,1.0,1.0,0.7,1.0,0.7,0.25011080468826385,0.25011080468826385,0.25011080468826385,0.25011080468826385,0.25011080468826385,0.0,0.25011080468826385,0.0,4.277808459146485,0.02224301520076244,0.8654192686080933,1.092872142791748
P,imdb@s0__mrpc@s1,imdb,mrpc,0.7,0.7,0.7,0.7,0.7,1.0,0.7,0.7,0.7,0.0,0.0,0.0,0.0,0.8770396270396219,0.0,0.0,0.0,1.6282415501165437,0.7,0.7,0.7,0.7,1.0,0.7,0.7,0.7,0.0,0.0,0.0,0.0,0.8770396270396219,0.0,0.0,0.0,7.513458763458755,1.1766705516705445,0.7633926272392273,1.0587519407272339
P,imdb@s0__qnli@s1,imdb,qnli,0.7,0.5,0.5,1.0,1.0,1.0,0.7,0.7,0.7,0.5381963715297089,0.5381963715297089,0.8813524438524456,0.8813524438524456,0.8813524438524456,0.0,0.0,0.0,1.5483070170570183,0.5,0.5,1.3,1.3,1.0,0.7,0.7,0.7,0.5381963715297089,0.5381963715297089,3.2157079032078983,3.2157079032078983,0.8813524438524456,0.0,0.0,0.0,3.944812352550448,0.37458683292016515,0.9313468337059021,1.0539307594299316
P,imdb@s0__rte@s1,imdb,rte,1.0,0.7,0.7,1.0,1.0,1.0,0.7,0.7,0.7,-1.9729174334437438,-1.9729174334437438,0.0,0.0,0.0,-1.9729174334437438,-1.9729174334437438,-1.9729174334437438,2.201992086860513,0.7,0.7,1.5,1.5,1.0,0.7,0.7,0.7,-1.9729174334437438,-1.9729174334437438,1.0380244755244794,1.0380244755244794,0.0,-1.9729174334437438,-1.9729174334437438,-1.9729174334437438,3.615655178155182,-2.345954484112378,0.7774876952171326,1.0645151138305664
P,imdb@s0__scitail@s1,imdb,scitail,1.0,1.0,1.0,1.0,1.0,1.0,0.7,1.0,1.0,0.0,0.0,0.0,0.0,0.0,0.14951722739373619,0.0,0.0,2.1228011931940793,1.0,1.0,1.3,1.3,1.0,0.7,1.0,1.0,0.0,0.0,0.4462621102003572,0.4462621102003572,0.0,0.14951722739373619,0.0,0.0,1.8946354160339154,-0.18095795691680516,0.8710668087005615,0.9690682291984558
P,imdb@s0__snli@s1,imdb,snli,1.0,1.0,1.0,1.0,1.0,1.0,0.7,0.7,1.0,0.0,0.0,0.0,0.0,0.0,0.021454691967148776,0.021454691967148776,0.0,1.8400405335038672,1.0,1.0,1.3,1.3,1.0,0.7,0.7,1.0,0.0,0.0,1.0384848022871873,1.0384848022871873,0.0,0.021454691967148776,0.021454691967148776,0.0,2.564740256911832,-0.05821896110683733,0.776995062828064,1.0752030611038208
P,imdb@s0__sst2@s1,imdb,sst2,0.7,1.0,1.0,1.0,1.0,1.0,0.7,0.5,0.7,0.26606121328127674,0.26606121328127674,0.26606121328127674,0.26606121328127674,0.26606121328127674,0.0,0.0970646771579764,0.0,0.6960677590294562,1.0,1.0,1.3,1.3,1.0,0.7,0.5,0.7,0.26606121328127674,0.26606121328127674,1.8245508379645115,1.8245508379645115,0.26606121328127674,0.0,0.0970646771579764,0.0,2.7221684808193296,0.11054021794689728,0.8827727437019348,0.9310555458068848
P,imdb@s0__stsb@s1,imdb,stsb,1.0,1.0,1.0,1.0,1.0,1.0,0.7,1.0,1.0,0.0,0.0,0.0,0.0,0.0,0.971737953717533,0.0,0.0,4.109020937624994,1.0,1.0,1.0,1.0,1.0,0.7,1.0,1.0,0.0,0.0,0.0,0.0,0.0,0.971737953717533,0.0,0.0,3.922092593366685,34.05529950647311,0.9126330018043518,0.0
P,imdb@s0__trec@s1,imdb,trec,0.7,1.0,1.0,1.0,1.0,1.0,0.7,0.5,1.0,-0.5373170643789171,-0.5373170643789171,-0.5373170643789171,-0.5373170643789171,-0.5373170643789171,0.0,0.1559758969552738,-0.5373170643789171,0.6066970508014302,1.3,1.3,1.3,1.3,1.0,0.7,0.5,1.0,-0.4389779035397723,-0.4389779035397723,-0.4389779035397723,-0.4389779035397723,-0.5373170643789171,0.0,0.1559758969552738,-0.5373170643789171,0.392691500938921,-0.21552759954821532,0.9370219111442566,0.6942060589790344
P,imdb@s0__wic@s1,imdb,wic,0.7,1.0,1.0,1.0,1.0,1.0,0.7,0.7,0.5,0.07072788322788348,0.07072788322788348,0.07072788322788348,0.07072788322788348,0.07072788322788348,0.0,0.0,-0.14322483072481962,1.7019959207459245,1.0,1.0,1.3,1.3,1.0,0.7,0.7,0.5,0.07072788322788348,0.07072788322788348,1.9685522810522826,1.9685522810522826,0.07072788322788348,0.0,0.0,-0.14322483072481962,3.8003117913832227,-0.5641927516927492,0.795712411403656,1.0196454524993896
P,imdb@s0__yelp_polarity@s1,imdb,yelp_polarity,0.5,0.5,0.5,1.0,1.0,1.0,0.7,0.7,0.7,0.0,0.0,0.5484156911091387,0.5484156911091387,0.5484156911091387,-0.05436500187087079,-0.05436500187087079,-0.05436500187087079,0.40445616457193967,0.5,0.5,1.0,1.0,1.0,0.7,0.7,0.7,0.0,0.0,0.5484156911091387,0.5484156911091387,0.5484156911091387,-0.05436500187087079,-0.05436500187087079,-0.05436500187087079,2.558227386022627,0.25795191804570683,0.8800742030143738,0.8167668581008911
P,mnli@s0__mrpc@s1,mnli,mrpc,0.5,0.5,0.5,1.0,1.0,1.0,0.7,0.5,0.7,0.0,0.0,1.9965441407477136,1.9965441407477136,1.9965441407477136,-0.5301602262016925,0.0,-0.5301602262016925,1.1378154780605276,0.5,0.5,1.5,1.5,1.0,0.7,0.5,0.7,0.0,0.0,6.906744161692324,6.906744161692324,1.9965441407477136,-0.5301602262016925,0.0,-0.5301602262016925,4.672366590368473,1.3430725730442905,0.6695014834403992,1.2254620790481567
P,mnli@s0__qnli@s1,mnli,qnli,0.7,0.7,0.7,1.0,1.0,1.0,0.7,0.5,0.7,0.0,0.0,0.7138098895089207,0.7138098895089207,0.7138098895089207,0.0,0.5294018155312497,0.0,1.560448135514897,0.7,0.7,1.5,1.5,1.0,0.7,0.5,0.7,0.0,0.0,4.1600383651907435,4.1600383651907435,0.7138098895089207,0.0,0.5294018155312497,0.0,3.304677283347452,2.429947788100484,1.269470453262329,1.010599136352539
P,mnli@s0__rte@s1,mnli,rte,0.7,0.5,0.5,1.0,1.0,1.0,0.7,0.5,1.0,1.2777584866974334,1.2777584866974334,-0.5146584652016228,-0.5146584652016228,-0.5146584652016228,0.0,1.2777584866974334,-0.5146584652016228,1.7286530416522088,0.5,0.5,1.5,1.5,1.0,0.7,0.5,1.0,1.2777584866974334,1.2777584866974334,5.5153198736709985,5.5153198736709985,-0.5146584652016228,0.0,1.2777584866974334,-0.5146584652016228,3.796986575770257,-0.24368768292077903,0.8019911050796509,1.1203669309616089
P,mnli@s0__scitail@s1,mnli,scitail,0.7,0.7,0.7,1.0,1.0,1.0,0.7,0.7,0.7,0.0,0.0,1.1153477886350793,1.1153477886350793,1.1153477886350793,0.0,0.0,0.0,1.7072718740549608,0.7,0.7,1.5,1.5,1.0,0.7,0.7,0.7,0.0,0.0,3.0339425978809897,3.0339425978809897,1.1153477886350793,0.0,0.0,0.0,2.6603058670340833,1.3499165497717014,1.0966262817382812,1.0244470834732056
P,mnli@s0__snli@s1,mnli,snli,0.7,0.7,0.7,1.0,1.0,1.0,0.7,0.7,0.7,0.0,0.0,0.7725489212403458,0.7725489212403458,0.7725489212403458,0.0,0.0,0.0,1.5220435111643782,0.7,0.7,1.5,1.5,1.0,0.7,0.7,0.7,0.0,0.0,3.2686582776777273,3.2686582776777273,0.7725489212403458,0.0,0.0,0.0,2.7783697143704877,1.0185880966587346,1.0947446823120117,1.1024738550186157
P,mnli@s0__sst2@s1,mnli,sst2,0.7,1.0,1.0,1.0,1.0,1.0,0.7,0.7,0.7,0.7681689125110025,0.7681689125110025,0.7681689125110025,0.7681689125110025,0.7681689125110025,0.0,0.0,0.0,1.7842864429959056,1.0,1.0,1.3,1.3,1.0,0.7,1.3,0.7,0.7681689125110025,0.7681689125110025,1.2017148351785245,1.2017148351785245,0.7681689125110025,0.0,1.2017148351785245,0.0,2.653520706781877,0.7846591217241183,1.034204125404358,1.058416485786438
P,mnli@s0__stsb@s1,mnli,stsb,0.5,0.7,0.7,1.0,1.0,1.0,0.7,1.0,0.7,-1.4184175694306855,-1.4184175694306855,-0.9044426189147137,-0.9044426189147137,-0.9044426189147137,-1.4184175694306855,-0.9044426189147137,-1.4184175694306855,1.4502940146917553,0.7,0.7,1.5,1.5,1.0,0.7,1.3,0.7,-1.4184175694306855,-1.4184175694306855,1.8091501839320956,1.8091501839320956,-0.9044426189147137,-1.4184175694306855,0.32120785772534743,-1.4184175694306855,2.1351272781937825,27.130034656950098,1.1326262950897217,0.0
P,mnli@s0__trec@s1,mnli,trec,1.0,1.0,1.0,1.0,1.0,1.0,0.7,1.0,0.7,0.0,0.0,0.0,0.0,0.0,-0.030445245521470987,0.0,-0.030445245521470987,1.8096601306554465,1.0,1.0,1.5,1.5,1.0,0.7,1.0,1.3,0.0,0.0,0.21696286003931586,0.21696286003931586,0.0,-0.030445245521470987,0.0,-0.2729545815236212,1.4709842466675616,-0.17672007540057155,1.0481261014938354,0.962630569934845
P,mnli@s0__wic@s1,mnli,wic,0.7,0.7,0.7,1.0,1.0,1.0,0.7,0.7,1.0,0.0,0.0,-0.1692398605688039,-0.1692398605688039,-0.1692398605688039,0.0,0.0,-0.1692398605688039,1.822685247520306,0.7,0.7,1.5,1.5,1.0,0.7,0.7,1.0,0.0,0.0,4.792461439492534,4.792461439492534,-0.1692398605688039,0.0,0.0,-0.1692398605688039,3.884523649233488,0.8780276169531476,0.9988144636154175,1.151620864868164
P,mnli@s0__yelp_polarity@s1,mnli,yelp_polarity,0.7,1.0,1.0,1.0,1.0,1.0,0.7,0.7,0.7,0.09761859746668655,0.09761859746668655,0.09761859746668655,0.09761859746668655,0.09761859746668655,0.0,0.0,0.0,2.100562902351155,1.0,1.0,1.5,1.5,1.0,0.7,0.7,0.7,0.09761859746668655,0.09761859746668655,1.9641030581551533,1.9641030581551533,0.09761859746668655,0.0,0.0,0.0,2.459872554169462,-0.8712640022374374,1.1941314935684204,0.8374791741371155
P,mrpc@s0__qnli@s1,mrpc,qnli,0.7,0.7,0.7,1.0,1.0,1.0,0.7,1.0,0.7,0.0,0.0,0.30905905905906916,0.30905905905906916,0.30905905905906916,0.0,0.30905905905906916,0.0,1.3948174364841055,0.7,0.7,1.5,1.5,1.0,0.7,1.0,0.7,0.0,0.0,4.097728681062018,4.097728681062018,0.30905905905906916,0.0,0.30905905905906916,0.0,2.8375314089599826,0.18208684875351544,1.0141041278839111,0.828875720500946
P,mrpc@s0__rte@s1,mrpc,rte,0.7,0.7,0.7,1.0,1.0,1.0,0.7,1.0,0.7,0.0,0.0,2.5651967757231,2.5651967757231,2.5651967757231,0.0,2.5651967757231,0.0,4.058202939781894,0.7,0.7,1.3,1.3,1.0,0.7,1.0,0.7,0.0,0.0,6.481744902797537,6.481744902797537,2.5651967757231,0.0,2.5651967757231,0.0,7.354534986113941,2.5651967757231,0.9355624914169312,0.9004995822906494
P,mrpc@s0__scitail@s1,mrpc,scitail,1.0,0.7,0.7,1.0,1.0,1.0,0.7,0.5,0.7,-1.5384420903597706,-1.5384420903597706,0.0,0.0,0.0,-1.5384420903597706,0.878315172047639,-1.5384420903597706,1.1823376229363163,0.7,0.7,2.0,2.0,1.0,0.7,0.5,0.7,-1.5384420903597706,-1.5384420903597706,4.001972037519286,4.001972037519286,0.0,-1.5384420903597706,0.878315172047639,-1.5384420903597706,1.782671352362656,-1.4448967208555596,1.0107804536819458,0.7341257929801941
P,mrpc@s0__snli@s1,mrpc,snli,0.7,0.7,0.7,1.0,1.0,1.0,0.7,0.7,0.7,0.0,0.0,1.0584310244559303,1.0584310244559303,1.0584310244559303,0.0,0.0,0.0,1.5420403415873363,0.7,0.7,1.3,1.3,1.0,0.7,0.7,0.7,0.0,0.0,2.2980625019130008,2.2980625019130008,1.0584310244559303,0.0,0.0,0.0,3.080888686777697,-1.12485078509994,1.0420206785202026,0.7229214906692505
P,mrpc@s0__sst2@s1,mrpc,sst2,0.7,0.7,0.7,1.0,1.0,1.0,0.7,1.0,0.7,0.0,0.0,0.19629271573283757,0.19629271573283757,0.19629271573283757,0.0,0.19629271573283757,0.0,1.6531461477029108,0.7,0.7,1.3,1.3,1.0,0.7,1.0,0.7,0.0,0.0,0.7776049766718529,0.7776049766718529,0.19629271573283757,0.0,0.19629271573283757,0.0,3.283594636627296,0.07776049766717863,0.9169673323631287,0.8116558790206909
P,mrpc@s0__stsb@s1,mrpc,stsb,0.7,0.7,0.7,0.7,0.7,1.0,0.7,1.0,1.0,0.0,0.0,0.0,0.0,-0.08640105317563318,0.0,-0.08640105317563318,-0.08640105317563318,3.5390434661247197,0.7,0.7,0.7,0.7,1.0,0.7,1.0,1.0,0.0,0.0,0.0,0.0,-0.08640105317563318,0.0,-0.08640105317563318,-0.08640105317563318,5.221158036962794,42.97630629744938,0.8672935366630554,0.0
P,mrpc@s0__trec@s1,mrpc,trec,0.7,0.7,0.7,1.0,1.0,1.0,0.7,0.5,0.5,0.0,0.0,0.36871923469862233,0.36871923469862233,0.36871923469862233,0.0,-0.36871923469861123,-0.36871923469861123,0.46670381721928555,0.7,0.7,1.5,1.3,1.0,0.7,0.5,0.5,0.0,0.0,0.46716819912696605,0.36871923469862233,0.36871923469862233,0.0,-0.36871923469861123,-0.36871923469861123,1.119691119691126,0.2702702702702675,0.9228294491767883,0.6382070779800415
P,mrpc@s0__wic@s1,mrpc,wic,0.5,0.7,0.7,1.0,1.0,1.0,0.7,0.5,1.0,0.411840411840414,0.411840411840414,-1.4285714285714235,-1.4285714285714235,-1.4285714285714235,0.411840411840414,0.0,-1.4285714285714235,1.4446589446589442,0.7,0.7,1.3,1.3,1.0,0.7,0.5,1.0,0.411840411840414,0.411840411840414,1.698841698841691,1.698841698841691,-1.4285714285714235,0.411840411840414,0.0,-1.4285714285714235,4.4818287675430515,-0.7936507936507908,0.9171193838119507,0.8761405348777771
P,mrpc@s0__yelp_polarity@s1,mrpc,yelp_polarity,0.7,1.0,1.0,1.0,1.0,1.0,0.7,1.0,1.0,-0.33422251925769864,-0.33422251925769864,-0.33422251925769864,-0.33422251925769864,-0.33422251925769864,0.0,-0.33422251925769864,-0.33422251925769864,1.8426025684605885,1.0,1.0,1.0,1.0,1.0,0.7,1.0,1.0,-0.33422251925769864,-0.33422251925769864,-0.33422251925769864,-0.33422251925769864,-0.33422251925769864,0.0,-0.33422251925769864,-0.33422251925769864,2.265926126510219,-0.19565931311827933,0.8929295539855957,0.6528482437133789
P,qnli@s0__rte@s1,qnli,rte,1.0,0.7,0.7,1.0,1.0,1.0,0.7,1.0,0.7,-1.4383725599209418,-1.4383725599209418,0.0,0.0,0.0,-1.4383725599209418,0.0,-1.4383725599209418,1.941059735606618,0.7,0.7,1.5,1.5,1.0,0.7,1.0,0.7,-1.4383725599209418,-1.4383725599209418,1.4115394119100455,1.4115394119100455,0.0,-1.4383725599209418,0.0,-1.4383725599209418,2.5829869568286847,-0.4905253891771766,0.855073869228363,1.1389691829681396
P,qnli@s0__scitail@s1,qnli,scitail,0.5,0.5,0.5,1.0,1.0,1.0,0.7,0.7,0.7,0.0,0.0,-0.1899419788139456,-0.1899419788139456,-0.1899419788139456,-0.8804052095548021,-0.8804052095548021,-0.8804052095548021,0.45528226656477433,0.5,0.5,2.0,2.0,1.0,0.7,0.7,0.7,0.0,0.0,6.244637198777325,6.244637198777325,-0.1899419788139456,-0.8804052095548021,-0.8804052095548021,-0.8804052095548021,1.7727668042868974,-0.002882119659020077,0.9324436783790588,1.0133519172668457
P,qnli@s0__snli@s1,qnli,snli,0.7,0.7,0.7,1.0,1.0,1.0,0.7,1.0,0.7,0.0,0.0,0.017184434466366305,0.017184434466366305,0.017184434466366305,0.0,0.017184434466366305,0.0,1.6116924686567864,0.7,0.7,1.3,1.3,1.0,0.7,1.0,0.7,0.0,0.0,0.8809247045124646,0.8809247045124646,0.017184434466366305,0.0,0.017184434466366305,0.0,2.25951226897056,0.0207932903194874,0.9094463586807251,1.1065551042556763
P,qnli@s0__sst2@s1,qnli,sst2,0.7,0.5,0.5,1.0,1.0,1.0,0.7,0.7,1.0,0.8832250892602866,0.8832250892602866,-0.042542384947319434,-0.042542384947319434,-0.042542384947319434,0.0,0.0,-0.042542384947319434,1.0624002324600812,0.5,0.5,1.0,1.0,1.0,0.7,0.7,1.0,0.8832250892602866,0.8832250892602866,-0.042542384947319434,-0.042542384947319434,-0.042542384947319434,0.0,0.0,-0.042542384947319434,2.297462359694716,-0.13424980286069754,0.7544102668762207,1.017173409461975
P,qnli@s0__stsb@s1,qnli,stsb,0.7,0.7,0.7,1.0,1.0,1.0,0.7,0.7,1.0,0.0,0.0,-0.0809939723052544,-0.0809939723052544,-0.0809939723052544,0.0,0.0,-0.0809939723052544,2.6183228363359126,0.7,0.7,1.0,1.0,1.0,0.7,0.7,1.0,0.0,0.0,-0.0809939723052544,-0.0809939723052544,-0.0809939723052544,0.0,0.0,-0.0809939723052544,3.0468671442303377,23.46215505537943,1.0578194856643677,0.0
P,qnli@s0__trec@s1,qnli,trec,1.0,0.7,0.7,1.0,1.0,1.0,0.7,0.7,1.0,0.03301056338027575,0.03301056338027575,0.0,0.0,0.0,0.03301056338027575,0.03301056338027575,0.0,0.7262323943661941,0.7,0.7,1.0,1.0,1.0,0.7,0.7,1.0,0.03301056338027575,0.03301056338027575,0.0,0.0,0.0,0.03301056338027575,0.03301056338027575,0.0,1.0146197200384406,0.47061795169642817,0.5783477425575256,0.8609659671783447
P,qnli@s0__wic@s1,qnli,wic,0.7,0.7,0.7,1.0,1.0,1.0,0.7,0.7,0.7,0.0,0.0,0.38348144422087893,0.38348144422087893,0.38348144422087893,0.0,0.0,0.0,2.4691028113123155,0.7,0.7,1.3,1.3,1.0,0.7,0.7,0.7,0.0,0.0,3.2329043706684546,3.2329043706684546,0.38348144422087893,0.0,0.0,0.0,4.593857789594709,0.7182679409792003,0.8363935947418213,1.0579675436019897
P,qnli@s0__yelp_polarity@s1,qnli,yelp_polarity,1.0,0.7,0.7,1.0,1.0,1.0,0.7,1.0,1.0,0.055707231558188575,0.055707231558188575,0.0,0.0,0.0,0.055707231558188575,0.0,0.0,1.240350280241456,0.7,0.7,1.3,1.3,1.0,0.7,1.0,1.0,0.055707231558188575,0.055707231558188575,0.38854087539519355,0.38854087539519355,0.0,0.055707231558188575,0.0,0.0,1.369104495873127,-0.1543941087368328,1.0306140184402466,0.8970260620117188
P,rte@s0__scitail@s1,rte,scitail,0.7,0.7,0.7,1.0,1.0,1.0,0.7,0.7,0.7,0.0,0.0,2.132409218470954,2.132409218470954,2.132409218470954,0.0,0.0,0.0,3.338612977293989,0.7,0.7,1.3,1.3,1.0,0.7,0.7,0.7,0.0,0.0,4.104090483884681,4.104090483884681,2.132409218470954,0.0,0.0,0.0,3.671291290561639,1.9584998724381242,0.9237374067306519,0.7620742321014404
P,rte@s0__snli@s1,rte,snli,0.7,0.7,0.7,1.0,1.0,1.0,0.7,0.7,0.7,0.0,0.0,0.224956244208796,0.224956244208796,0.224956244208796,0.0,0.0,0.0,2.5462009677751474,0.7,0.7,1.3,1.3,1.0,0.7,0.7,0.7,0.0,0.0,1.5386595284670013,1.5386595284670013,0.224956244208796,0.0,0.0,0.0,3.624229677457311,0.41748172552249496,1.0900495052337646,0.7182105183601379
P,rte@s0__sst2@s1,rte,sst2,1.0,1.0,1.0,1.0,1.0,1.0,0.7,1.0,1.0,0.0,0.0,0.0,0.0,0.0,1.4293793298458923,0.0,0.0,2.3669235119468417,1.0,1.0,1.5,1.5,1.0,0.7,1.5,1.0,0.0,0.0,2.4402657995193033,2.4402657995193033,0.0,1.4293793298458923,2.4402657995193033,0.0,3.2553371977944328,0.3767849568782511,1.1475062370300293,0.7947346568107605
P,rte@s0__stsb@s1,rte,stsb,0.7,0.7,0.7,1.0,1.0,1.0,0.7,0.7,1.0,0.0,0.0,-1.2255316215348477,-1.2255316215348477,-1.2255316215348477,0.0,0.0,-1.2255316215348477,3.0180694074904673,0.7,0.7,1.3,1.3,1.0,0.7,0.7,1.0,0.0,0.0,0.763456765246795,0.763456765246795,-1.2255316215348477,0.0,0.0,-1.2255316215348477,4.307279507470391,31.891758123310986,0.9956827163696289,0.003074090927839279
P,rte@s0__trec@s1,rte,trec,1.0,1.0,1.0,1.0,1.0,1.0,0.7,1.0,1.0,0.0,0.0,0.0,0.0,0.0,0.454545454545463,0.0,0.0,1.94704779756327,1.0,1.0,1.3,1.3,1.0,0.7,1.0,1.0,0.0,0.0,1.4745392064979823,1.4745392064979823,0.0,0.454545454545463,0.0,0.0,2.288570535993227,-0.28272414870351703,1.0339345932006836,0.7240060567855835
P,rte@s0__wic@s1,rte,wic,0.7,0.7,0.7,1.0,1.0,1.0,0.7,0.7,0.5,0.0,0.0,0.0,0.0,0.0,0.0,0.0,-0.6132756132756101,1.1796536796536805,0.7,0.7,2.0,2.0,1.0,0.7,0.7,0.5,0.0,0.0,17.6911976911977,17.6911976911977,0.0,0.0,0.0,-0.6132756132756101,4.589775304061024,0.2741702741702823,1.0533480644226074,0.9088807106018066
P,rte@s0__yelp_polarity@s1,rte,yelp_polarity,1.0,0.7,0.7,1.0,1.0,1.0,0.7,1.0,1.0,1.0050192825720394,1.0050192825720394,0.0,0.0,0.0,1.0050192825720394,0.0,0.0,2.5517431832716375,0.7,0.7,1.3,1.3,1.0,0.7,1.3,1.0,1.0050192825720394,1.0050192825720394,0.10658708164570374,0.10658708164570374,0.0,1.0050192825720394,0.10658708164570374,0.0,3.0354893454445766,-0.5680122478246563,1.1298967599868774,0.6111155152320862
P,scitail@s0__snli@s1,scitail,snli,1.0,0.7,1.0,1.0,1.0,1.0,0.7,1.0,1.0,0.42318240642682525,0.0,0.0,0.0,0.0,0.42318240642682525,0.0,0.0,4.339934002059287,0.7,1.0,1.5,1.3,1.0,0.7,1.0,1.0,0.42318240642682525,0.0,1.0420075633136294,0.37580411374569245,0.0,0.42318240642682525,0.0,0.0,3.418396746044826,0.14930354749427277,0.9676946997642517,1.0656260251998901
P,scitail@s0__sst2@s1,scitail,sst2,1.0,1.0,1.0,1.0,1.0,1.0,0.7,1.0,1.0,0.0,0.0,0.0,0.0,0.0,0.5395670491512572,0.0,0.0,4.069994537307014,1.0,1.0,1.3,1.3,1.0,0.7,1.0,1.0,0.0,0.0,0.10918179236865111,0.10918179236865111,0.0,0.5395670491512572,0.0,0.0,3.5334749007480286,24.0319574745927,0.0,0.8369784951210022
P,scitail@s0__stsb@s1,scitail,stsb,1.0,1.0,1.0,1.0,1.0,1.0,0.7,1.0,1.0,0.0,0.0,0.0,0.0,0.0,1.5023563195977419,0.0,0.0,6.905337473908219,1.0,1.0,1.0,1.0,1.0,0.7,1.3,1.0,0.0,0.0,0.0,0.0,0.0,1.5023563195977419,0.33331358848363024,0.0,4.859475996954069,48.38723678316984,0.9935512542724609,0.0
P,scitail@s0__trec@s1,scitail,trec,1.0,1.0,1.0,1.0,1.0,1.0,0.7,1.0,1.0,0.0,0.0,0.0,0.0,0.0,0.6487488415199305,0.0,0.0,3.696984607741041,1.0,1.0,1.5,1.5,1.0,0.7,1.0,1.3,0.0,0.0,0.07341021500754108,0.07341021500754108,0.0,0.6487488415199305,0.0,-0.032803696944794236,2.3216463907061415,24.91695568953053,0.0,0.4824032783508301
P,scitail@s0__wic@s1,scitail,wic,0.7,0.7,0.7,1.0,1.0,1.0,0.7,0.7,1.0,0.0,0.0,-0.44264971975815914,-0.44264971975815914,-0.44264971975815914,0.0,0.0,-0.44264971975815914,2.9089986318901975,0.7,0.7,1.5,1.5,1.0,0.7,0.7,1.0,0.0,0.0,5.043029259896725,5.043029259896725,-0.44264971975815914,0.0,0.0,-0.44264971975815914,4.65428432726195,-1.0381452550127124,0.9159078598022461,0.9317737221717834
P,scitail@s0__yelp_polarity@s1,scitail,yelp_polarity,1.0,1.0,1.0,1.0,1.0,1.0,0.7,1.0,1.0,0.0,0.0,0.0,0.0,0.0,0.8943535320627638,0.0,0.0,4.74725180175633,1.3,1.0,1.0,1.0,1.0,0.7,1.3,1.3,-0.07876973021713196,0.0,0.0,0.0,0.0,0.8943535320627638,-0.07876973021713196,-0.07876973021713196,3.5257180530236125,-0.05374794358056212,0.9710779190063477,0.782062292098999
P,snli@s0__sst2@s1,snli,sst2,0.7,1.0,0.7,1.0,1.0,1.0,0.7,0.7,0.7,0.7170183594093049,0.0,0.7170183594093049,0.7170183594093049,0.7170183594093049,0.0,0.0,0.0,0.8850346806153986,1.0,0.7,1.3,1.3,1.0,0.7,0.7,0.7,0.7170183594093049,0.0,1.6219756265456464,1.6219756265456464,0.7170183594093049,0.0,0.0,0.0,2.1407482206949355,0.762555700028611,1.0545779466629028,0.9383736252784729
P,snli@s0__stsb@s1,snli,stsb,0.5,0.7,0.7,1.0,1.0,1.0,0.7,1.0,1.0,-2.1607544663604816,-2.1607544663604816,-2.4098279688211433,-2.4098279688211433,-2.4098279688211433,-2.1607544663604816,-2.4098279688211433,-2.4098279688211433,0.6828304876118407,0.7,0.7,1.5,1.5,1.0,0.7,1.0,1.0,-2.1607544663604816,-2.1607544663604816,0.20824459006292262,0.20824459006292262,-2.4098279688211433,-2.1607544663604816,-2.4098279688211433,-2.4098279688211433,1.1635472972138918,26.59827912501267,0.9895394444465637,0.0
P,snli@s0__trec@s1,snli,trec,0.7,1.0,1.0,1.0,1.0,1.0,0.7,1.0,0.5,-0.059034232813170995,-0.059034232813170995,-0.059034232813170995,-0.059034232813170995,-0.059034232813170995,0.0,-0.059034232813170995,-0.13872457889695378,0.4230102059977897,1.0,1.0,1.5,1.5,1.0,0.7,1.0,0.5,-0.059034232813170995,-0.059034232813170995,0.622969597956935,0.622969597956935,-0.059034232813170995,0.0,-0.059034232813170995,-0.13872457889695378,0.8914990704749088,0.06724973240944676,0.9975333213806152,0.8589601516723633
P,snli@s0__wic@s1,snli,wic,0.7,0.5,0.5,1.0,1.0,1.0,0.7,0.7,0.5,-0.45472287275567513,-0.45472287275567513,0.08229247983346788,0.08229247983346788,0.08229247983346788,0.0,0.0,-0.45472287275567513,0.49741412958625997,0.5,0.5,1.5,1.5,1.0,0.7,0.7,0.5,-0.45472287275567513,-0.45472287275567513,5.7627504553734,5.7627504553734,0.08229247983346788,0.0,0.0,-0.45472287275567513,3.576446972231516,1.2516263335935474,0.9944887757301331,1.095182180404663
P,snli@s0__yelp_polarity@s1,snli,yelp_polarity,1.0,1.0,1.0,1.0,1.0,1.0,0.7,0.7,0.7,0.0,0.0,0.0,0.0,0.0,-0.0683060109289535,-0.0683060109289535,-0.0683060109289535,0.9626255019203195,1.0,1.0,1.0,1.0,1.0,0.7,1.3,0.7,0.0,0.0,0.0,0.0,0.0,-0.0683060109289535,0.4829957687452424,-0.0683060109289535,1.510283545489612,-0.29621841071477695,1.058991551399231,0.6246857047080994
P,sst2@s0__stsb@s1,sst2,stsb,1.0,1.0,1.0,0.7,0.7,1.0,0.7,1.0,1.0,0.0,0.0,0.7643609741273538,0.7643609741273538,0.0,0.7643609741273538,0.0,0.0,3.678801281001429,1.0,1.0,0.7,0.7,1.0,0.7,1.0,1.0,0.0,0.0,0.7643609741273538,0.7643609741273538,0.0,0.7643609741273538,0.0,0.0,3.3787334431066296,34.2416238701958,0.937300980091095,0.0
P,sst2@s0__trec@s1,sst2,trec,1.0,1.0,1.0,1.0,1.0,1.0,0.7,1.0,0.5,0.0,0.0,0.0,0.0,0.0,-0.31201248049922414,0.0,-0.42164573180866194,-0.08591065292096467,1.0,1.0,1.0,1.0,1.0,0.7,1.0,0.5,0.0,0.0,0.0,0.0,0.0,-0.31201248049922414,0.0,-0.42164573180866194,0.7539918680694193,-0.062188054532497095,0.7737977504730225,0.8184717893600464
P,sst2@s0__wic@s1,sst2,wic,0.7,0.7,0.7,1.0,1.0,1.0,0.7,0.7,0.5,0.0,0.0,0.15600624024960652,0.15600624024960652,0.15600624024960652,0.0,0.0,-0.3954634375851196,1.2469355917093834,0.7,0.7,1.5,1.5,1.0,0.7,0.7,0.5,0.0,0.0,5.453037169105812,5.453037169105812,0.15600624024960652,0.0,0.0,-0.3954634375851196,3.51148467707416,1.2698412698412875,0.7931270599365234,1.0144150257110596
P,sst2@s0__yelp_polarity@s1,sst2,yelp_polarity,0.7,0.7,0.7,1.0,1.0,1.0,0.7,0.7,0.7,0.0,0.0,0.010658708164568154,0.010658708164568154,0.010658708164568154,0.0,0.0,0.0,0.35088932868762024,0.7,0.7,1.0,1.0,1.0,0.7,0.7,0.7,0.0,0.0,0.010658708164568154,0.010658708164568154,0.010658708164568154,0.0,0.0,0.0,1.4396263641756786,0.09592837348113559,0.9848190546035767,0.7234618067741394
P,stsb@s0__trec@s1,stsb,trec,0.7,0.7,0.7,0.7,0.7,1.0,0.7,0.7,0.7,0.0,0.0,0.0,0.0,0.025042347404147236,0.0,0.0,0.0,2.5646226186102266,0.7,0.7,0.7,0.7,1.0,0.7,0.7,0.7,0.0,0.0,0.0,0.0,0.025042347404147236,0.0,0.0,0.0,3.771563138592233,41.958652635297746,0.0,0.6446332931518555
P,stsb@s0__wic@s1,stsb,wic,1.0,0.5,0.5,1.0,1.0,1.0,0.7,0.7,1.0,1.8400949425486868,1.8400949425486868,0.0,0.0,0.0,0.7879127849408585,0.7879127849408585,0.0,3.241980069702266,0.5,0.5,2.0,2.0,1.0,0.7,0.7,1.0,1.8400949425486868,1.8400949425486868,11.931153145602424,11.931153145602424,0.0,0.7879127849408585,0.7879127849408585,0.0,4.117355133814744,41.84466124581445,0.0,0.915137767791748
P,stsb@s0__yelp_polarity@s1,stsb,yelp_polarity,1.0,1.0,1.0,1.0,1.0,1.0,0.7,1.0,1.0,0.0,0.0,0.0,0.0,0.0,0.328273137217705,0.0,0.0,2.7817647765350757,1.0,1.0,1.0,1.0,1.0,0.7,1.0,1.0,0.0,0.0,0.0,0.0,0.0,0.328273137217705,0.0,0.0,2.048770438351561,41.95059493560128,0.0,0.8932881951332092
P,trec@s0__wic@s1,trec,wic,0.7,0.7,1.0,1.0,1.0,1.0,0.7,0.7,0.7,0.0,0.6075533661740629,0.6075533661740629,0.6075533661740629,0.6075533661740629,0.0,0.0,0.0,2.149698960043789,0.7,1.0,1.3,1.3,1.0,0.7,0.7,0.7,0.0,0.6075533661740629,3.0021893814997425,3.0021893814997425,0.6075533661740629,0.0,0.0,0.0,3.701618578465874,0.6486042692939398,0.7985222339630127,0.9549019932746887
P,trec@s0__yelp_polarity@s1,trec,yelp_polarity,0.7,1.0,1.0,1.0,1.0,1.0,0.7,0.7,1.0,-0.07461095715199928,-0.07461095715199928,-0.07461095715199928,-0.07461095715199928,-0.07461095715199928,0.0,0.0,-0.07461095715199928,0.7334018185961327,1.0,1.0,1.0,1.0,1.0,0.7,0.7,1.3,0.1191202522806023,0.1191202522806023,0.1191202522806023,0.1191202522806023,0.1191202522806023,0.19373120943260158,0.19373120943260158,0.0,1.101763884936364,-0.04263483265829482,0.8057808876037598,0.9187524318695068
P,wic@s0__yelp_polarity@s1,wic,yelp_polarity,0.7,1.0,1.0,1.0,1.0,1.0,0.7,1.0,1.0,-0.5610477510125778,-0.5610477510125778,-0.5610477510125778,-0.5610477510125778,-0.5610477510125778,0.0,-0.5610477510125778,-0.5610477510125778,1.0753304199531022,1.0,1.0,1.5,1.5,1.0,0.7,1.3,1.0,-0.5610477510125778,-0.5610477510125778,2.8447092837348142,2.8447092837348142,-0.5610477510125778,0.0,1.807650287785112,-0.5610477510125778,2.6221135837622183,0.4084283734811289,1.031951665878296,0.7991507053375244
