adapter,layer,n2
ag_news@s0,bert.encoder.layer.0.attention.output.dense,66.35406076331603
ag_news@s0,bert.encoder.layer.0.attention.self.key,163.99929965008008
ag_news@s0,bert.encoder.layer.0.attention.self.query,165.45863245465432
ag_news@s0,bert.encoder.layer.0.attention.self.value,86.68330370144349
ag_news@s0,bert.encoder.layer.0.intermediate.dense,480.3318304610109
ag_news@s0,bert.encoder.layer.0.output.dense,397.86606623863435
ag_news@s0,bert.encoder.layer.1.attention.output.dense,60.26763508825908
ag_news@s0,bert.encoder.layer.1.attention.self.key,148.83420985488354
ag_news@s0,bert.encoder.layer.1.attention.self.query,167.54285400775936
ag_news@s0,bert.encoder.layer.1.attention.self.value,60.452767295319816
ag_news@s0,bert.encoder.layer.1.intermediate.dense,420.73288764257484
ag_news@s0,bert.encoder.layer.1.output.dense,344.6038610633077
ag_news@s0,bert.encoder.layer.10.attention.output.dense,31.32445118920731
ag_news@s0,bert.encoder.layer.10.attention.self.key,122.35379072286047
ag_news@s0,bert.encoder.layer.10.attention.self.query,139.78655053608813
ag_news@s0,bert.encoder.layer.10.attention.self.value,25.332371703555708
ag_news@s0,bert.encoder.layer.10.intermediate.dense,288.9150812503819
ag_news@s0,bert.encoder.layer.10.output.dense,98.98604561734147
ag_news@s0,bert.encoder.layer.11.attention.output.dense,34.100536108917
ag_news@s0,bert.encoder.layer.11.attention.self.key,114.36880240454806
ag_news@s0,bert.encoder.layer.11.attention.self.query,164.37729839539526
ag_news@s0,bert.encoder.layer.11.attention.self.value,24.792479399244744
ag_news@s0,bert.encoder.layer.11.intermediate.dense,220.2992515402467
ag_news@s0,bert.encoder.layer.11.output.dense,88.08421454473485
ag_news@s0,bert.encoder.layer.2.attention.output.dense,55.391970720784734
ag_news@s0,bert.encoder.layer.2.attention.self.key,158.32401245250074
ag_news@s0,bert.encoder.layer.2.attention.self.query,156.39192294051534
ag_news@s0,bert.encoder.layer.2.attention.self.value,53.03612904826477
ag_news@s0,bert.encoder.layer.2.intermediate.dense,446.03793073017704
ag_news@s0,bert.encoder.layer.2.output.dense,341.4991757910624
ag_news@s0,bert.encoder.layer.3.attention.output.dense,64.0550746027922
ag_news@s0,bert.encoder.layer.3.attention.self.key,153.9086811794932
ag_news@s0,bert.encoder.layer.3.attention.self.query,155.7862453663574
ag_news@s0,bert.encoder.layer.3.attention.self.value,61.00236299021901
ag_news@s0,bert.encoder.layer.3.intermediate.dense,440.7088699640235
ag_news@s0,bert.encoder.layer.3.output.dense,295.5629763405999
ag_news@s0,bert.encoder.layer.4.attention.output.dense,68.38444692281408
ag_news@s0,bert.encoder.layer.4.attention.self.key,133.36639087487856
ag_news@s0,bert.encoder.layer.4.attention.self.query,160.4988578432169
ag_news@s0,bert.encoder.layer.4.attention.self.value,60.5756594936376
ag_news@s0,bert.encoder.layer.4.intermediate.dense,460.2300846802429
ag_news@s0,bert.encoder.layer.4.output.dense,291.32886922923126
ag_news@s0,bert.encoder.layer.5.attention.output.dense,70.75634536002956
ag_news@s0,bert.encoder.layer.5.attention.self.key,152.991958671048
ag_news@s0,bert.encoder.layer.5.attention.self.query,145.99926777906796
ag_news@s0,bert.encoder.layer.5.attention.self.value,62.054773225123355
ag_news@s0,bert.encoder.layer.5.intermediate.dense,413.4643390405089
ag_news@s0,bert.encoder.layer.5.output.dense,243.9167090520824
ag_news@s0,bert.encoder.layer.6.attention.output.dense,75.30526365867632
ag_news@s0,bert.encoder.layer.6.attention.self.key,151.68987034762472
ag_news@s0,bert.encoder.layer.6.attention.self.query,154.4886714143686
ag_news@s0,bert.encoder.layer.6.attention.self.value,70.05878507986964
ag_news@s0,bert.encoder.layer.6.intermediate.dense,422.67199597728785
ag_news@s0,bert.encoder.layer.6.output.dense,206.0235298679233
ag_news@s0,bert.encoder.layer.7.attention.output.dense,59.26785755560286
ag_news@s0,bert.encoder.layer.7.attention.self.key,169.4247244858982
ag_news@s0,bert.encoder.layer.7.attention.self.query,159.70282457561447
ag_news@s0,bert.encoder.layer.7.attention.self.value,61.605145277977996
ag_news@s0,bert.encoder.layer.7.intermediate.dense,372.204991616577
ag_news@s0,bert.encoder.layer.7.output.dense,138.08319949975362
ag_news@s0,bert.encoder.layer.8.attention.output.dense,50.978451033331076
ag_news@s0,bert.encoder.layer.8.attention.self.key,143.41772980388927
ag_news@s0,bert.encoder.layer.8.attention.self.query,155.47817186374357
ag_news@s0,bert.encoder.layer.8.attention.self.value,34.93427480420005
ag_news@s0,bert.encoder.layer.8.intermediate.dense,295.44319288869025
ag_news@s0,bert.encoder.layer.8.output.dense,104.80608160941408
ag_news@s0,bert.encoder.layer.9.attention.output.dense,35.49788465158454
ag_news@s0,bert.encoder.layer.9.attention.self.key,108.62646605175757
ag_news@s0,bert.encoder.layer.9.attention.self.query,221.61683762907825
ag_news@s0,bert.encoder.layer.9.attention.self.value,34.331931606874534
ag_news@s0,bert.encoder.layer.9.intermediate.dense,295.1327048654204
ag_news@s0,bert.encoder.layer.9.output.dense,100.12494241254285
ag_news@s0,bert.pooler.dense,44.43925391727625
ag_news@s1,bert.encoder.layer.0.attention.output.dense,61.79576767064833
ag_news@s1,bert.encoder.layer.0.attention.self.key,161.77179028113994
ag_news@s1,bert.encoder.layer.0.attention.self.query,185.89329064242722
ag_news@s1,bert.encoder.layer.0.attention.self.value,95.42468817433117
ag_news@s1,bert.encoder.layer.0.intermediate.dense,496.70156336594647
ag_news@s1,bert.encoder.layer.0.output.dense,353.8770379282995
ag_news@s1,bert.encoder.layer.1.attention.output.dense,60.95380833949218
ag_news@s1,bert.encoder.layer.1.attention.self.key,150.24078485775073
ag_news@s1,bert.encoder.layer.1.attention.self.query,141.25277390497473
ag_news@s1,bert.encoder.layer.1.attention.self.value,59.37278749858439
ag_news@s1,bert.encoder.layer.1.intermediate.dense,442.93827379411005
ag_news@s1,bert.encoder.layer.1.output.dense,339.96472169294225
ag_news@s1,bert.encoder.layer.10.attention.output.dense,32.074634895888494
ag_news@s1,bert.encoder.layer.10.attention.self.key,143.91535865623592
ag_news@s1,bert.encoder.layer.10.attention.self.query,163.52444342643702
ag_news@s1,bert.encoder.layer.10.attention.self.value,28.556833769979296
ag_news@s1,bert.encoder.layer.10.intermediate.dense,301.921920645131
ag_news@s1,bert.encoder.layer.10.output.dense,100.04018002240886
ag_news@s1,bert.encoder.layer.11.attention.output.dense,30.46200131735419
ag_news@s1,bert.encoder.layer.11.attention.self.key,99.6443254202038
ag_news@s1,bert.encoder.layer.11.attention.self.query,144.61590102916398
ag_news@s1,bert.encoder.layer.11.attention.self.value,39.389386504168144
ag_news@s1,bert.encoder.layer.11.intermediate.dense,258.7342398965085
ag_news@s1,bert.encoder.layer.11.output.dense,58.47127679349917
ag_news@s1,bert.encoder.layer.2.attention.output.dense,59.369431718505204
ag_news@s1,bert.encoder.layer.2.attention.self.key,144.30055306550466
ag_news@s1,bert.encoder.layer.2.attention.self.query,163.7419901929028
ag_news@s1,bert.encoder.layer.2.attention.self.value,62.821273437433206
ag_news@s1,bert.encoder.layer.2.intermediate.dense,451.03741044521684
ag_news@s1,bert.encoder.layer.2.output.dense,377.38212399859475
ag_news@s1,bert.encoder.layer.3.attention.output.dense,57.51504044163831
ag_news@s1,bert.encoder.layer.3.attention.self.key,155.31567191491646
ag_news@s1,bert.encoder.layer.3.attention.self.query,151.12069666388453
ag_news@s1,bert.encoder.layer.3.attention.self.value,62.37956002312304
ag_news@s1,bert.encoder.layer.3.intermediate.dense,460.37638430968786
ag_news@s1,bert.encoder.layer.3.output.dense,323.5005882774291
ag_news@s1,bert.encoder.layer.4.attention.output.dense,73.29324543060639
ag_news@s1,bert.encoder.layer.4.attention.self.key,132.14926170582294
ag_news@s1,bert.encoder.layer.4.attention.self.query,145.4845827070774
ag_news@s1,bert.encoder.layer.4.attention.self.value,61.35098522090562
ag_news@s1,bert.encoder.layer.4.intermediate.dense,500.7106225176083
ag_news@s1,bert.encoder.layer.4.output.dense,265.3459827704988
ag_news@s1,bert.encoder.layer.5.attention.output.dense,71.95954007198225
ag_news@s1,bert.encoder.layer.5.attention.self.key,127.74631597960818
ag_news@s1,bert.encoder.layer.5.attention.self.query,176.52414088426897
ag_news@s1,bert.encoder.layer.5.attention.self.value,73.7480731006371
ag_news@s1,bert.encoder.layer.5.intermediate.dense,417.711832695504
ag_news@s1,bert.encoder.layer.5.output.dense,249.61424761482735
ag_news@s1,bert.encoder.layer.6.attention.output.dense,77.11502165948959
ag_news@s1,bert.encoder.layer.6.attention.self.key,147.74024278633888
ag_news@s1,bert.encoder.layer.6.attention.self.query,140.9558313887466
ag_news@s1,bert.encoder.layer.6.attention.self.value,77.78070992446814
ag_news@s1,bert.encoder.layer.6.intermediate.dense,439.9500780580439
ag_news@s1,bert.encoder.layer.6.output.dense,189.0483886282299
ag_news@s1,bert.encoder.layer.7.attention.output.dense,57.69345312138683
ag_news@s1,bert.encoder.layer.7.attention.self.key,146.9860854186934
ag_news@s1,bert.encoder.layer.7.attention.self.query,170.67976386998544
ag_news@s1,bert.encoder.layer.7.attention.self.value,67.80465034431782
ag_news@s1,bert.encoder.layer.7.intermediate.dense,414.68570794628613
ag_news@s1,bert.encoder.layer.7.output.dense,163.84340070976745
ag_news@s1,bert.encoder.layer.8.attention.output.dense,69.20509736062354
ag_news@s1,bert.encoder.layer.8.attention.self.key,148.26076910073675
ag_news@s1,bert.encoder.layer.8.attention.self.query,147.3392644266204
ag_news@s1,bert.encoder.layer.8.attention.self.value,48.47933544283308
ag_news@s1,bert.encoder.layer.8.intermediate.dense,341.4516569732383
ag_news@s1,bert.encoder.layer.8.output.dense,141.52553560324532
ag_news@s1,bert.encoder.layer.9.attention.output.dense,37.3849113075916
ag_news@s1,bert.encoder.layer.9.attention.self.key,113.11689019919216
ag_news@s1,bert.encoder.layer.9.attention.self.query,167.7731466079431
ag_news@s1,bert.encoder.layer.9.attention.self.value,43.41138360366931
ag_news@s1,bert.encoder.layer.9.intermediate.dense,319.76595458577464
ag_news@s1,bert.encoder.layer.9.output.dense,103.78691537639828
ag_news@s1,bert.pooler.dense,44.606519397314415
cola@s0,bert.encoder.layer.0.attention.output.dense,32.11088175697611
cola@s0,bert.encoder.layer.0.attention.self.key,45.42340217123895
cola@s0,bert.encoder.layer.0.attention.self.query,57.47110138549026
cola@s0,bert.encoder.layer.0.attention.self.value,30.185229656687703
cola@s0,bert.encoder.layer.0.intermediate.dense,214.36117219144936
cola@s0,bert.encoder.layer.0.output.dense,165.51827001260554
cola@s0,bert.encoder.layer.1.attention.output.dense,30.45725315974722
cola@s0,bert.encoder.layer.1.attention.self.key,44.04394685038452
cola@s0,bert.encoder.layer.1.attention.self.query,46.952674161425456
cola@s0,bert.encoder.layer.1.attention.self.value,22.830629499305573
cola@s0,bert.encoder.layer.1.intermediate.dense,186.93026950072135
cola@s0,bert.encoder.layer.1.output.dense,149.10379877402437
cola@s0,bert.encoder.layer.10.attention.output.dense,18.4502481987089
cola@s0,bert.encoder.layer.10.attention.self.key,65.84051619678884
cola@s0,bert.encoder.layer.10.attention.self.query,81.3241599301055
cola@s0,bert.encoder.layer.10.attention.self.value,17.729791964283375
cola@s0,bert.encoder.layer.10.intermediate.dense,124.26422374714002
cola@s0,bert.encoder.layer.10.output.dense,33.62510031342687
cola@s0,bert.encoder.layer.11.attention.output.dense,10.988276774926582
cola@s0,bert.encoder.layer.11.attention.self.key,81.69908432938698
cola@s0,bert.encoder.layer.11.attention.self.query,70.09441313637774
cola@s0,bert.encoder.layer.11.attention.self.value,12.910246088936734
cola@s0,bert.encoder.layer.11.intermediate.dense,112.83106828904819
cola@s0,bert.encoder.layer.11.output.dense,14.503937909658807
cola@s0,bert.encoder.layer.2.attention.output.dense,27.478542049000623
cola@s0,bert.encoder.layer.2.attention.self.key,51.07076801736413
cola@s0,bert.encoder.layer.2.attention.self.query,63.889529204851094
cola@s0,bert.encoder.layer.2.attention.self.value,21.35733869776695
cola@s0,bert.encoder.layer.2.intermediate.dense,179.51427705403557
cola@s0,bert.encoder.layer.2.output.dense,142.66430695864722
cola@s0,bert.encoder.layer.3.attention.output.dense,28.07067809194552
cola@s0,bert.encoder.layer.3.attention.self.key,47.26946069210301
cola@s0,bert.encoder.layer.3.attention.self.query,45.484503758038656
cola@s0,bert.encoder.layer.3.attention.self.value,26.62581036611687
cola@s0,bert.encoder.layer.3.intermediate.dense,186.89902841172238
cola@s0,bert.encoder.layer.3.output.dense,148.07758904403514
cola@s0,bert.encoder.layer.4.attention.output.dense,31.365289479243017
cola@s0,bert.encoder.layer.4.attention.self.key,45.320265603846934
cola@s0,bert.encoder.layer.4.attention.self.query,48.04447504439188
cola@s0,bert.encoder.layer.4.attention.self.value,29.806319967729266
cola@s0,bert.encoder.layer.4.intermediate.dense,155.9318398628919
cola@s0,bert.encoder.layer.4.output.dense,129.76106736487716
cola@s0,bert.encoder.layer.5.attention.output.dense,32.09233664932696
cola@s0,bert.encoder.layer.5.attention.self.key,43.86364134775109
cola@s0,bert.encoder.layer.5.attention.self.query,52.092405691244686
cola@s0,bert.encoder.layer.5.attention.self.value,32.01801433591278
cola@s0,bert.encoder.layer.5.intermediate.dense,158.5332944818977
cola@s0,bert.encoder.layer.5.output.dense,123.88597892223268
cola@s0,bert.encoder.layer.6.attention.output.dense,27.841150152457402
cola@s0,bert.encoder.layer.6.attention.self.key,52.93255530025927
cola@s0,bert.encoder.layer.6.attention.self.query,60.73782567116425
cola@s0,bert.encoder.layer.6.attention.self.value,31.276058689860054
cola@s0,bert.encoder.layer.6.intermediate.dense,140.16615538576957
cola@s0,bert.encoder.layer.6.output.dense,102.3875002512727
cola@s0,bert.encoder.layer.7.attention.output.dense,30.450418542315848
cola@s0,bert.encoder.layer.7.attention.self.key,68.96677742575119
cola@s0,bert.encoder.layer.7.attention.self.query,82.71564779693063
cola@s0,bert.encoder.layer.7.attention.self.value,24.35661654199732
cola@s0,bert.encoder.layer.7.intermediate.dense,127.77417037920318
cola@s0,bert.encoder.layer.7.output.dense,110.28698402949733
cola@s0,bert.encoder.layer.8.attention.output.dense,21.09847029153031
cola@s0,bert.encoder.layer.8.attention.self.key,70.39176607720128
cola@s0,bert.encoder.layer.8.attention.self.query,83.60306211399094
cola@s0,bert.encoder.layer.8.attention.self.value,18.39007304697732
cola@s0,bert.encoder.layer.8.intermediate.dense,181.1769111735749
cola@s0,bert.encoder.layer.8.output.dense,89.58049856399317
cola@s0,bert.encoder.layer.9.attention.output.dense,20.47856608671983
cola@s0,bert.encoder.layer.9.attention.self.key,82.56809987990782
cola@s0,bert.encoder.layer.9.attention.self.query,68.23616687815208
cola@s0,bert.encoder.layer.9.attention.self.value,19.570970214682614
cola@s0,bert.encoder.layer.9.intermediate.dense,198.72282473705226
cola@s0,bert.encoder.layer.9.output.dense,47.16373441152733
cola@s0,bert.pooler.dense,2.100452979843272
cola@s1,bert.encoder.layer.0.attention.output.dense,30.834562841963173
cola@s1,bert.encoder.layer.0.attention.self.key,42.86058656772563
cola@s1,bert.encoder.layer.0.attention.self.query,61.31765001511067
cola@s1,bert.encoder.layer.0.attention.self.value,26.284612557886437
cola@s1,bert.encoder.layer.0.intermediate.dense,208.44000063910607
cola@s1,bert.encoder.layer.0.output.dense,162.9345102081971
cola@s1,bert.encoder.layer.1.attention.output.dense,29.79784040993049
cola@s1,bert.encoder.layer.1.attention.self.key,48.0128523858583
cola@s1,bert.encoder.layer.1.attention.self.query,54.340344604974284
cola@s1,bert.encoder.layer.1.attention.self.value,25.29040466744171
cola@s1,bert.encoder.layer.1.intermediate.dense,216.52295669552524
cola@s1,bert.encoder.layer.1.output.dense,151.79224595840816
cola@s1,bert.encoder.layer.10.attention.output.dense,11.43378420349889
cola@s1,bert.encoder.layer.10.attention.self.key,74.24548634654063
cola@s1,bert.encoder.layer.10.attention.self.query,42.542569322671575
cola@s1,bert.encoder.layer.10.attention.self.value,18.02700470577243
cola@s1,bert.encoder.layer.10.intermediate.dense,171.5423651192518
cola@s1,bert.encoder.layer.10.output.dense,20.68894349332338
cola@s1,bert.encoder.layer.11.attention.output.dense,9.483710101655667
cola@s1,bert.encoder.layer.11.attention.self.key,58.08314090108194
cola@s1,bert.encoder.layer.11.attention.self.query,91.03012665130096
cola@s1,bert.encoder.layer.11.attention.self.value,11.455895513627397
cola@s1,bert.encoder.layer.11.intermediate.dense,92.38029295215765
cola@s1,bert.encoder.layer.11.output.dense,18.464546496385385
cola@s1,bert.encoder.layer.2.attention.output.dense,26.318903206605484
cola@s1,bert.encoder.layer.2.attention.self.key,56.12056521531994
cola@s1,bert.encoder.layer.2.attention.self.query,48.79206758954909
cola@s1,bert.encoder.layer.2.attention.self.value,28.18007150389269
cola@s1,bert.encoder.layer.2.intermediate.dense,160.45468565809125
cola@s1,bert.encoder.layer.2.output.dense,134.09058433052084
cola@s1,bert.encoder.layer.3.attention.output.dense,31.363751217499072
cola@s1,bert.encoder.layer.3.attention.self.key,43.40398203690225
cola@s1,bert.encoder.layer.3.attention.self.query,44.513548989002985
cola@s1,bert.encoder.layer.3.attention.self.value,26.847214616401438
cola@s1,bert.encoder.layer.3.intermediate.dense,194.90711006586102
cola@s1,bert.encoder.layer.3.output.dense,130.8839533241394
cola@s1,bert.encoder.layer.4.attention.output.dense,37.58998520003433
cola@s1,bert.encoder.layer.4.attention.self.key,58.10120049886524
cola@s1,bert.encoder.layer.4.attention.self.query,44.10611676640333
cola@s1,bert.encoder.layer.4.attention.self.value,26.160013099845106
cola@s1,bert.encoder.layer.4.intermediate.dense,162.37402625319285
cola@s1,bert.encoder.layer.4.output.dense,124.10577629073052
cola@s1,bert.encoder.layer.5.attention.output.dense,31.531136224589968
cola@s1,bert.encoder.layer.5.attention.self.key,45.16272137178123
cola@s1,bert.encoder.layer.5.attention.self.query,50.31537926497087
cola@s1,bert.encoder.layer.5.attention.self.value,33.83155964415327
cola@s1,bert.encoder.layer.5.intermediate.dense,144.22536456036957
cola@s1,bert.encoder.layer.5.output.dense,106.90137681653763
cola@s1,bert.encoder.layer.6.attention.output.dense,30.0043227515408
cola@s1,bert.encoder.layer.6.attention.self.key,45.05872874464937
cola@s1,bert.encoder.layer.6.attention.self.query,54.04806528398987
cola@s1,bert.encoder.layer.6.attention.self.value,24.243584274069654
cola@s1,bert.encoder.layer.6.intermediate.dense,152.50934516168613
cola@s1,bert.encoder.layer.6.output.dense,83.64860030951347
cola@s1,bert.encoder.layer.7.attention.output.dense,23.398701530885322
cola@s1,bert.encoder.layer.7.attention.self.key,58.897744998717855
cola@s1,bert.encoder.layer.7.attention.self.query,65.63947462236098
cola@s1,bert.encoder.layer.7.attention.self.value,21.669229282097838
cola@s1,bert.encoder.layer.7.intermediate.dense,138.61339671507216
cola@s1,bert.encoder.layer.7.output.dense,90.52705529171149
cola@s1,bert.encoder.layer.8.attention.output.dense,25.712867594903248
cola@s1,bert.encoder.layer.8.attention.self.key,86.51931655241235
cola@s1,bert.encoder.layer.8.attention.self.query,68.72212946466409
cola@s1,bert.encoder.layer.8.attention.self.value,19.7696019331794
cola@s1,bert.encoder.layer.8.intermediate.dense,145.3244418881901
cola@s1,bert.encoder.layer.8.output.dense,66.82097561484234
cola@s1,bert.encoder.layer.9.attention.output.dense,15.136527863781662
cola@s1,bert.encoder.layer.9.attention.self.key,80.49397044107253
cola@s1,bert.encoder.layer.9.attention.self.query,79.73410384085298
cola@s1,bert.encoder.layer.9.attention.self.value,20.162063883134962
cola@s1,bert.encoder.layer.9.intermediate.dense,154.51793706876606
cola@s1,bert.encoder.layer.9.output.dense,106.40070487025436
cola@s1,bert.pooler.dense,4.054320887496339
imdb@s0,bert.encoder.layer.0.attention.output.dense,23.503905241031354
imdb@s0,bert.encoder.layer.0.attention.self.key,65.26060419257725
imdb@s0,bert.encoder.layer.0.attention.self.query,59.212867315325646
imdb@s0,bert.encoder.layer.0.attention.self.value,28.851656636610922
imdb@s0,bert.encoder.layer.0.intermediate.dense,193.88296286431932
imdb@s0,bert.encoder.layer.0.output.dense,131.10686418512134
imdb@s0,bert.encoder.layer.1.attention.output.dense,21.72510773210705
imdb@s0,bert.encoder.layer.1.attention.self.key,39.90824908461511
imdb@s0,bert.encoder.layer.1.attention.self.query,37.71050858747557
imdb@s0,bert.encoder.layer.1.attention.self.value,22.774539431044428
imdb@s0,bert.encoder.layer.1.intermediate.dense,184.8668879368593
imdb@s0,bert.encoder.layer.1.output.dense,109.7552650565995
imdb@s0,bert.encoder.layer.10.attention.output.dense,7.636923915091877
imdb@s0,bert.encoder.layer.10.attention.self.key,31.93533790211064
imdb@s0,bert.encoder.layer.10.attention.self.query,29.525284035844997
imdb@s0,bert.encoder.layer.10.attention.self.value,9.350429889729227
imdb@s0,bert.encoder.layer.10.intermediate.dense,96.12963060243024
imdb@s0,bert.encoder.layer.10.output.dense,8.183837842554844
imdb@s0,bert.encoder.layer.11.attention.output.dense,31.065631596715274
imdb@s0,bert.encoder.layer.11.attention.self.key,26.884351998877875
imdb@s0,bert.encoder.layer.11.attention.self.query,60.43510644126198
imdb@s0,bert.encoder.layer.11.attention.self.value,7.533158267116393
imdb@s0,bert.encoder.layer.11.intermediate.dense,69.86792694283763
imdb@s0,bert.encoder.layer.11.output.dense,14.009765059404687
imdb@s0,bert.encoder.layer.2.attention.output.dense,19.90150192388481
imdb@s0,bert.encoder.layer.2.attention.self.key,42.54334065726823
imdb@s0,bert.encoder.layer.2.attention.self.query,48.23262999679756
imdb@s0,bert.encoder.layer.2.attention.self.value,23.952153102546923
imdb@s0,bert.encoder.layer.2.intermediate.dense,196.11588591704535
imdb@s0,bert.encoder.layer.2.output.dense,111.83521372789357
imdb@s0,bert.encoder.layer.3.attention.output.dense,22.347043580535185
imdb@s0,bert.encoder.layer.3.attention.self.key,39.35020740778775
imdb@s0,bert.encoder.layer.3.attention.self.query,37.38218094396176
imdb@s0,bert.encoder.layer.3.attention.self.value,19.517313624550205
imdb@s0,bert.encoder.layer.3.intermediate.dense,162.49660410656386
imdb@s0,bert.encoder.layer.3.output.dense,101.66796905300276
imdb@s0,bert.encoder.layer.4.attention.output.dense,20.54889200470486
imdb@s0,bert.encoder.layer.4.attention.self.key,38.833966089673886
imdb@s0,bert.encoder.layer.4.attention.self.query,35.998988514673975
imdb@s0,bert.encoder.layer.4.attention.self.value,22.32371247708377
imdb@s0,bert.encoder.layer.4.intermediate.dense,139.76938065988526
imdb@s0,bert.encoder.layer.4.output.dense,79.90465236102625
imdb@s0,bert.encoder.layer.5.attention.output.dense,21.398633649328502
imdb@s0,bert.encoder.layer.5.attention.self.key,43.61799386673691
imdb@s0,bert.encoder.layer.5.attention.self.query,40.45386024698408
imdb@s0,bert.encoder.layer.5.attention.self.value,20.335311755539387
imdb@s0,bert.encoder.layer.5.intermediate.dense,140.2395614930015
imdb@s0,bert.encoder.layer.5.output.dense,104.65732824804489
imdb@s0,bert.encoder.layer.6.attention.output.dense,19.64316043857376
imdb@s0,bert.encoder.layer.6.attention.self.key,46.0490303561352
imdb@s0,bert.encoder.layer.6.attention.self.query,37.53072466053971
imdb@s0,bert.encoder.layer.6.attention.self.value,21.019330083144673
imdb@s0,bert.encoder.layer.6.intermediate.dense,137.01687868494227
imdb@s0,bert.encoder.layer.6.output.dense,73.4999041432118
imdb@s0,bert.encoder.layer.7.attention.output.dense,19.106217388503495
imdb@s0,bert.encoder.layer.7.attention.self.key,42.380375339403344
imdb@s0,bert.encoder.layer.7.attention.self.query,43.44746481766496
imdb@s0,bert.encoder.layer.7.attention.self.value,18.441432387185145
imdb@s0,bert.encoder.layer.7.intermediate.dense,127.90421418670513
imdb@s0,bert.encoder.layer.7.output.dense,59.63602700256303
imdb@s0,bert.encoder.layer.8.attention.output.dense,22.390792652428036
imdb@s0,bert.encoder.layer.8.attention.self.key,47.268451578609564
imdb@s0,bert.encoder.layer.8.attention.self.query,49.0234757520592
imdb@s0,bert.encoder.layer.8.attention.self.value,13.03042579849814
imdb@s0,bert.encoder.layer.8.intermediate.dense,111.38837431202327
imdb@s0,bert.encoder.layer.8.output.dense,51.14107568940949
imdb@s0,bert.encoder.layer.9.attention.output.dense,26.214407217372987
imdb@s0,bert.encoder.layer.9.attention.self.key,28.349195658462634
imdb@s0,bert.encoder.layer.9.attention.self.query,55.156117410042015
imdb@s0,bert.encoder.layer.9.attention.self.value,12.263019713013982
imdb@s0,bert.encoder.layer.9.intermediate.dense,138.26904495083
imdb@s0,bert.encoder.layer.9.output.dense,14.460121003180495
imdb@s0,bert.pooler.dense,4.467115137571669
imdb@s1,bert.encoder.layer.0.attention.output.dense,26.72365071302992
imdb@s1,bert.encoder.layer.0.attention.self.key,62.959841858830856
imdb@s1,bert.encoder.layer.0.attention.self.query,47.56841657115998
imdb@s1,bert.encoder.layer.0.attention.self.value,46.65009698222454
imdb@s1,bert.encoder.layer.0.intermediate.dense,222.16275519429774
imdb@s1,bert.encoder.layer.0.output.dense,166.50713036541714
imdb@s1,bert.encoder.layer.1.attention.output.dense,19.202448354825464
imdb@s1,bert.encoder.layer.1.attention.self.key,37.02812050086738
imdb@s1,bert.encoder.layer.1.attention.self.query,43.47370093154615
imdb@s1,bert.encoder.layer.1.attention.self.value,21.148378580694942
imdb@s1,bert.encoder.layer.1.intermediate.dense,188.26446967853218
imdb@s1,bert.encoder.layer.1.output.dense,111.86254816833906
imdb@s1,bert.encoder.layer.10.attention.output.dense,11.397952222667985
imdb@s1,bert.encoder.layer.10.attention.self.key,38.53512705960553
imdb@s1,bert.encoder.layer.10.attention.self.query,40.890467840293866
imdb@s1,bert.encoder.layer.10.attention.self.value,15.663334334920034
imdb@s1,bert.encoder.layer.10.intermediate.dense,123.12285652631934
imdb@s1,bert.encoder.layer.10.output.dense,12.196182041015783
imdb@s1,bert.encoder.layer.11.attention.output.dense,22.5409025540926
imdb@s1,bert.encoder.layer.11.attention.self.key,40.749449881073915
imdb@s1,bert.encoder.layer.11.attention.self.query,55.35453254451339
imdb@s1,bert.encoder.layer.11.attention.self.value,11.916015071712156
imdb@s1,bert.encoder.layer.11.intermediate.dense,61.49185887736469
imdb@s1,bert.encoder.layer.11.output.dense,7.964809911692017
imdb@s1,bert.encoder.layer.2.attention.output.dense,22.158681679404918
imdb@s1,bert.encoder.layer.2.attention.self.key,51.72453929290755
imdb@s1,bert.encoder.layer.2.attention.self.query,58.172916504880185
imdb@s1,bert.encoder.layer.2.attention.self.value,23.274102470659393
imdb@s1,bert.encoder.layer.2.intermediate.dense,188.62160180244626
imdb@s1,bert.encoder.layer.2.output.dense,120.29822324949757
imdb@s1,bert.encoder.layer.3.attention.output.dense,18.41310600004632
imdb@s1,bert.encoder.layer.3.attention.self.key,36.42500278711436
imdb@s1,bert.encoder.layer.3.attention.self.query,41.92089832270036
imdb@s1,bert.encoder.layer.3.attention.self.value,18.456028837244496
imdb@s1,bert.encoder.layer.3.intermediate.dense,175.0411567255187
imdb@s1,bert.encoder.layer.3.output.dense,101.80257697419594
imdb@s1,bert.encoder.layer.4.attention.output.dense,25.86021190480472
imdb@s1,bert.encoder.layer.4.attention.self.key,40.422267453966505
imdb@s1,bert.encoder.layer.4.attention.self.query,51.85147081917405
imdb@s1,bert.encoder.layer.4.attention.self.value,19.48088961054284
imdb@s1,bert.encoder.layer.4.intermediate.dense,184.39364953032245
imdb@s1,bert.encoder.layer.4.output.dense,98.36506542220519
imdb@s1,bert.encoder.layer.5.attention.output.dense,21.184259816508497
imdb@s1,bert.encoder.layer.5.attention.self.key,43.15364965095101
imdb@s1,bert.encoder.layer.5.attention.self.query,38.06999278127933
imdb@s1,bert.encoder.layer.5.attention.self.value,22.319299819455942
imdb@s1,bert.encoder.layer.5.intermediate.dense,140.98416259847966
imdb@s1,bert.encoder.layer.5.output.dense,87.95853426756474
imdb@s1,bert.encoder.layer.6.attention.output.dense,24.09289505366235
imdb@s1,bert.encoder.layer.6.attention.self.key,37.74055935135683
imdb@s1,bert.encoder.layer.6.attention.self.query,41.27845327296031
imdb@s1,bert.encoder.layer.6.attention.self.value,22.760296728091607
imdb@s1,bert.encoder.layer.6.intermediate.dense,131.4232903740053
imdb@s1,bert.encoder.layer.6.output.dense,87.39339679862054
imdb@s1,bert.encoder.layer.7.attention.output.dense,25.98944317197206
imdb@s1,bert.encoder.layer.7.attention.self.key,43.11635556662658
imdb@s1,bert.encoder.layer.7.attention.self.query,49.43538727401901
imdb@s1,bert.encoder.layer.7.attention.self.value,17.580018180718287
imdb@s1,bert.encoder.layer.7.intermediate.dense,144.19600337352432
imdb@s1,bert.encoder.layer.7.output.dense,65.81869221292499
imdb@s1,bert.encoder.layer.8.attention.output.dense,20.80453770119907
imdb@s1,bert.encoder.layer.8.attention.self.key,42.79351394530712
imdb@s1,bert.encoder.layer.8.attention.self.query,57.64125148317696
imdb@s1,bert.encoder.layer.8.attention.self.value,11.988726816698446
imdb@s1,bert.encoder.layer.8.intermediate.dense,133.31842538490227
imdb@s1,bert.encoder.layer.8.output.dense,44.248340975111624
imdb@s1,bert.encoder.layer.9.attention.output.dense,17.159989292928124
imdb@s1,bert.encoder.layer.9.attention.self.key,43.4859181784677
imdb@s1,bert.encoder.layer.9.attention.self.query,67.10703849606233
imdb@s1,bert.encoder.layer.9.attention.self.value,10.85956072175571
imdb@s1,bert.encoder.layer.9.intermediate.dense,139.690605766852
imdb@s1,bert.encoder.layer.9.output.dense,41.04525440505646
imdb@s1,bert.pooler.dense,5.661849107188781
mnli@s0,bert.encoder.layer.0.attention.output.dense,78.34059107193708
mnli@s0,bert.encoder.layer.0.attention.self.key,338.9001947187081
mnli@s0,bert.encoder.layer.0.attention.self.query,346.4473519519897
mnli@s0,bert.encoder.layer.0.attention.self.value,113.06896667949235
mnli@s0,bert.encoder.layer.0.intermediate.dense,850.9329370351601
mnli@s0,bert.encoder.layer.0.output.dense,719.1360585791085
mnli@s0,bert.encoder.layer.1.attention.output.dense,81.34379215879522
mnli@s0,bert.encoder.layer.1.attention.self.key,256.2511042685358
mnli@s0,bert.encoder.layer.1.attention.self.query,239.79289330373484
mnli@s0,bert.encoder.layer.1.attention.self.value,98.36522791003843
mnli@s0,bert.encoder.layer.1.intermediate.dense,779.1883314608201
mnli@s0,bert.encoder.layer.1.output.dense,692.9498585404128
mnli@s0,bert.encoder.layer.10.attention.output.dense,140.86425928592712
mnli@s0,bert.encoder.layer.10.attention.self.key,332.03469056488433
mnli@s0,bert.encoder.layer.10.attention.self.query,320.67104368080373
mnli@s0,bert.encoder.layer.10.attention.self.value,206.19411445371338
mnli@s0,bert.encoder.layer.10.intermediate.dense,1317.092360992167
mnli@s0,bert.encoder.layer.10.output.dense,628.6465242788324
mnli@s0,bert.encoder.layer.11.attention.output.dense,61.276607999456665
mnli@s0,bert.encoder.layer.11.attention.self.key,369.4228264140345
mnli@s0,bert.encoder.layer.11.attention.self.query,274.4347933413169
mnli@s0,bert.encoder.layer.11.attention.self.value,393.0051100921952
mnli@s0,bert.encoder.layer.11.intermediate.dense,1494.3125362407525
mnli@s0,bert.encoder.layer.11.output.dense,523.5663225984683
mnli@s0,bert.encoder.layer.2.attention.output.dense,80.23889770427081
mnli@s0,bert.encoder.layer.2.attention.self.key,241.61267275151673
mnli@s0,bert.encoder.layer.2.attention.self.query,238.05174069233598
mnli@s0,bert.encoder.layer.2.attention.self.value,82.97803334224476
mnli@s0,bert.encoder.layer.2.intermediate.dense,723.8150756079971
mnli@s0,bert.encoder.layer.2.output.dense,700.5259464751397
mnli@s0,bert.encoder.layer.3.attention.output.dense,103.95133633531579
mnli@s0,bert.encoder.layer.3.attention.self.key,246.2610375347574
mnli@s0,bert.encoder.layer.3.attention.self.query,246.35993893942472
mnli@s0,bert.encoder.layer.3.attention.self.value,100.82983601798254
mnli@s0,bert.encoder.layer.3.intermediate.dense,688.5433292458665
mnli@s0,bert.encoder.layer.3.output.dense,752.7672609183621
mnli@s0,bert.encoder.layer.4.attention.output.dense,142.52441333716814
mnli@s0,bert.encoder.layer.4.attention.self.key,244.93870433044196
mnli@s0,bert.encoder.layer.4.attention.self.query,235.7537717690347
mnli@s0,bert.encoder.layer.4.attention.self.value,141.82269355445493
mnli@s0,bert.encoder.layer.4.intermediate.dense,769.9304565223001
mnli@s0,bert.encoder.layer.4.output.dense,774.1024663947138
mnli@s0,bert.encoder.layer.5.attention.output.dense,129.60243925981442
mnli@s0,bert.encoder.layer.5.attention.self.key,260.02526913528044
mnli@s0,bert.encoder.layer.5.attention.self.query,235.4192608799627
mnli@s0,bert.encoder.layer.5.attention.self.value,145.73717241284206
mnli@s0,bert.encoder.layer.5.intermediate.dense,811.358014118901
mnli@s0,bert.encoder.layer.5.output.dense,724.1353060305678
mnli@s0,bert.encoder.layer.6.attention.output.dense,135.74260220281366
mnli@s0,bert.encoder.layer.6.attention.self.key,292.64792648933894
mnli@s0,bert.encoder.layer.6.attention.self.query,251.03337603433764
mnli@s0,bert.encoder.layer.6.attention.self.value,162.227777803199
mnli@s0,bert.encoder.layer.6.intermediate.dense,875.3948147543314
mnli@s0,bert.encoder.layer.6.output.dense,721.3529421633965
mnli@s0,bert.encoder.layer.7.attention.output.dense,135.73273982496121
mnli@s0,bert.encoder.layer.7.attention.self.key,278.9544542003503
mnli@s0,bert.encoder.layer.7.attention.self.query,284.4744615976921
mnli@s0,bert.encoder.layer.7.attention.self.value,162.00744156741317
mnli@s0,bert.encoder.layer.7.intermediate.dense,905.203719797868
mnli@s0,bert.encoder.layer.7.output.dense,804.1608598930188
mnli@s0,bert.encoder.layer.8.attention.output.dense,140.01265292546938
mnli@s0,bert.encoder.layer.8.attention.self.key,264.8909398048659
mnli@s0,bert.encoder.layer.8.attention.self.query,295.86725142418317
mnli@s0,bert.encoder.layer.8.attention.self.value,162.17037837791642
mnli@s0,bert.encoder.layer.8.intermediate.dense,946.5249739129166
mnli@s0,bert.encoder.layer.8.output.dense,767.241812689083
mnli@s0,bert.encoder.layer.9.attention.output.dense,104.32148588451162
mnli@s0,bert.encoder.layer.9.attention.self.key,299.214085989719
mnli@s0,bert.encoder.layer.9.attention.self.query,384.8558849508008
mnli@s0,bert.encoder.layer.9.attention.self.value,187.17815459976202
mnli@s0,bert.encoder.layer.9.intermediate.dense,1094.4989446391667
mnli@s0,bert.encoder.layer.9.output.dense,715.885388130103
mnli@s0,bert.pooler.dense,216.4373895965422
mnli@s1,bert.encoder.layer.0.attention.output.dense,83.31203080521871
mnli@s1,bert.encoder.layer.0.attention.self.key,352.6723879116549
mnli@s1,bert.encoder.layer.0.attention.self.query,335.179014972076
mnli@s1,bert.encoder.layer.0.attention.self.value,111.39730857688814
mnli@s1,bert.encoder.layer.0.intermediate.dense,868.9534347185208
mnli@s1,bert.encoder.layer.0.output.dense,730.7828800275058
mnli@s1,bert.encoder.layer.1.attention.output.dense,84.81724972647069
mnli@s1,bert.encoder.layer.1.attention.self.key,252.9898795551433
mnli@s1,bert.encoder.layer.1.attention.self.query,264.62231457476673
mnli@s1,bert.encoder.layer.1.attention.self.value,98.27691766033647
mnli@s1,bert.encoder.layer.1.intermediate.dense,804.5489590678689
mnli@s1,bert.encoder.layer.1.output.dense,685.6062304669667
mnli@s1,bert.encoder.layer.10.attention.output.dense,125.80008690773144
mnli@s1,bert.encoder.layer.10.attention.self.key,305.80591028277075
mnli@s1,bert.encoder.layer.10.attention.self.query,311.58932681087276
mnli@s1,bert.encoder.layer.10.attention.self.value,225.26533989482144
mnli@s1,bert.encoder.layer.10.intermediate.dense,1371.465894615997
mnli@s1,bert.encoder.layer.10.output.dense,471.9915496395443
mnli@s1,bert.encoder.layer.11.attention.output.dense,88.65691369753391
mnli@s1,bert.encoder.layer.11.attention.self.key,286.8070837752596
mnli@s1,bert.encoder.layer.11.attention.self.query,269.0049098812982
mnli@s1,bert.encoder.layer.11.attention.self.value,294.12732853891924
mnli@s1,bert.encoder.layer.11.intermediate.dense,1551.5246189672318
mnli@s1,bert.encoder.layer.11.output.dense,288.145847434946
mnli@s1,bert.encoder.layer.2.attention.output.dense,79.92383330367267
mnli@s1,bert.encoder.layer.2.attention.self.key,259.6178525805766
mnli@s1,bert.encoder.layer.2.attention.self.query,228.0932431886097
mnli@s1,bert.encoder.layer.2.attention.self.value,86.03241917103713
mnli@s1,bert.encoder.layer.2.intermediate.dense,725.0063357672191
mnli@s1,bert.encoder.layer.2.output.dense,672.2921816798248
mnli@s1,bert.encoder.layer.3.attention.output.dense,106.7201576120177
mnli@s1,bert.encoder.layer.3.attention.self.key,270.26936201587193
mnli@s1,bert.encoder.layer.3.attention.self.query,245.96540262208555
mnli@s1,bert.encoder.layer.3.attention.self.value,99.54221974613101
mnli@s1,bert.encoder.layer.3.intermediate.dense,710.3577824100897
mnli@s1,bert.encoder.layer.3.output.dense,765.2847198699444
mnli@s1,bert.encoder.layer.4.attention.output.dense,134.65973086636376
mnli@s1,bert.encoder.layer.4.attention.self.key,239.87291879498758
mnli@s1,bert.encoder.layer.4.attention.self.query,247.78233649610527
mnli@s1,bert.encoder.layer.4.attention.self.value,143.33695956815114
mnli@s1,bert.encoder.layer.4.intermediate.dense,780.9457934875097
mnli@s1,bert.encoder.layer.4.output.dense,769.4760135392225
mnli@s1,bert.encoder.layer.5.attention.output.dense,136.99795288307217
mnli@s1,bert.encoder.layer.5.attention.self.key,242.05237110887788
mnli@s1,bert.encoder.layer.5.attention.self.query,239.0447440003478
mnli@s1,bert.encoder.layer.5.attention.self.value,148.26123761962714
mnli@s1,bert.encoder.layer.5.intermediate.dense,837.6527343344039
mnli@s1,bert.encoder.layer.5.output.dense,732.7933513233238
mnli@s1,bert.encoder.layer.6.attention.output.dense,135.3930159792669
mnli@s1,bert.encoder.layer.6.attention.self.key,275.5945613358291
mnli@s1,bert.encoder.layer.6.attention.self.query,250.69930176956552
mnli@s1,bert.encoder.layer.6.attention.self.value,164.12766237964485
mnli@s1,bert.encoder.layer.6.intermediate.dense,858.8833345818504
mnli@s1,bert.encoder.layer.6.output.dense,735.691559890219
mnli@s1,bert.encoder.layer.7.attention.output.dense,143.64747946251998
mnli@s1,bert.encoder.layer.7.attention.self.key,265.65499698890756
mnli@s1,bert.encoder.layer.7.attention.self.query,292.6829556092286
mnli@s1,bert.encoder.layer.7.attention.self.value,152.5684621957214
mnli@s1,bert.encoder.layer.7.intermediate.dense,874.959200500452
mnli@s1,bert.encoder.layer.7.output.dense,805.225025136373
mnli@s1,bert.encoder.layer.8.attention.output.dense,135.06895879079013
mnli@s1,bert.encoder.layer.8.attention.self.key,292.9054876192258
mnli@s1,bert.encoder.layer.8.attention.self.query,277.94529078962256
mnli@s1,bert.encoder.layer.8.attention.self.value,151.66871558995925
mnli@s1,bert.encoder.layer.8.intermediate.dense,1015.568874859159
mnli@s1,bert.encoder.layer.8.output.dense,744.4002739433046
mnli@s1,bert.encoder.layer.9.attention.output.dense,119.76546086548888
mnli@s1,bert.encoder.layer.9.attention.self.key,296.6645884067435
mnli@s1,bert.encoder.layer.9.attention.self.query,353.3082623500484
mnli@s1,bert.encoder.layer.9.attention.self.value,175.89825437939996
mnli@s1,bert.encoder.layer.9.intermediate.dense,1108.5320975286377
mnli@s1,bert.encoder.layer.9.output.dense,609.4792887284677
mnli@s1,bert.pooler.dense,83.39822400880772
mrpc@s0,bert.encoder.layer.0.attention.output.dense,12.730789716742446
mrpc@s0,bert.encoder.layer.0.attention.self.key,24.00368377179508
mrpc@s0,bert.encoder.layer.0.attention.self.query,17.185643006766348
mrpc@s0,bert.encoder.layer.0.attention.self.value,11.404846696707246
mrpc@s0,bert.encoder.layer.0.intermediate.dense,72.80338818233723
mrpc@s0,bert.encoder.layer.0.output.dense,64.95427259040724
mrpc@s0,bert.encoder.layer.1.attention.output.dense,10.583248167466556
mrpc@s0,bert.encoder.layer.1.attention.self.key,18.16911520466333
mrpc@s0,bert.encoder.layer.1.attention.self.query,17.01948107544453
mrpc@s0,bert.encoder.layer.1.attention.self.value,13.864489194109131
mrpc@s0,bert.encoder.layer.1.intermediate.dense,80.57087005801338
mrpc@s0,bert.encoder.layer.1.output.dense,59.15582868970593
mrpc@s0,bert.encoder.layer.10.attention.output.dense,6.799191722368148
mrpc@s0,bert.encoder.layer.10.attention.self.key,23.784734313054557
mrpc@s0,bert.encoder.layer.10.attention.self.query,17.280805771460532
mrpc@s0,bert.encoder.layer.10.attention.self.value,10.768634050771567
mrpc@s0,bert.encoder.layer.10.intermediate.dense,59.00648265772931
mrpc@s0,bert.encoder.layer.10.output.dense,39.23281587094633
mrpc@s0,bert.encoder.layer.11.attention.output.dense,3.863716016072682
mrpc@s0,bert.encoder.layer.11.attention.self.key,12.863169390381081
mrpc@s0,bert.encoder.layer.11.attention.self.query,30.3080484638291
mrpc@s0,bert.encoder.layer.11.attention.self.value,6.424307457774162
mrpc@s0,bert.encoder.layer.11.intermediate.dense,24.026051484319336
mrpc@s0,bert.encoder.layer.11.output.dense,2.220742271933314
mrpc@s0,bert.encoder.layer.2.attention.output.dense,8.069192036925653
mrpc@s0,bert.encoder.layer.2.attention.self.key,14.01562583842611
mrpc@s0,bert.encoder.layer.2.attention.self.query,15.27418408300856
mrpc@s0,bert.encoder.layer.2.attention.self.value,13.123880846106905
mrpc@s0,bert.encoder.layer.2.intermediate.dense,68.38020166679081
mrpc@s0,bert.encoder.layer.2.output.dense,72.13698236624141
mrpc@s0,bert.encoder.layer.3.attention.output.dense,9.683137439652246
mrpc@s0,bert.encoder.layer.3.attention.self.key,14.354117860294796
mrpc@s0,bert.encoder.layer.3.attention.self.query,15.113475220881062
mrpc@s0,bert.encoder.layer.3.attention.self.value,10.002368957994236
mrpc@s0,bert.encoder.layer.3.intermediate.dense,75.69747884218593
mrpc@s0,bert.encoder.layer.3.output.dense,43.36034093149197
mrpc@s0,bert.encoder.layer.4.attention.output.dense,12.465502192040788
mrpc@s0,bert.encoder.layer.4.attention.self.key,19.636187032346523
mrpc@s0,bert.encoder.layer.4.attention.self.query,17.083305812136267
mrpc@s0,bert.encoder.layer.4.attention.self.value,12.831098896457744
mrpc@s0,bert.encoder.layer.4.intermediate.dense,86.43633684574037
mrpc@s0,bert.encoder.layer.4.output.dense,42.65573658811934
mrpc@s0,bert.encoder.layer.5.attention.output.dense,13.310725345614143
mrpc@s0,bert.encoder.layer.5.attention.self.key,21.254150145122047
mrpc@s0,bert.encoder.layer.5.attention.self.query,23.166668332774787
mrpc@s0,bert.encoder.layer.5.attention.self.value,10.533146127345901
mrpc@s0,bert.encoder.layer.5.intermediate.dense,66.8007597010024
mrpc@s0,bert.encoder.layer.5.output.dense,77.33046741111959
mrpc@s0,bert.encoder.layer.6.attention.output.dense,10.08797406357275
mrpc@s0,bert.encoder.layer.6.attention.self.key,20.26380340283189
mrpc@s0,bert.encoder.layer.6.attention.self.query,17.28528564900218
mrpc@s0,bert.encoder.layer.6.attention.self.value,11.44655769645987
mrpc@s0,bert.encoder.layer.6.intermediate.dense,67.12309416042797
mrpc@s0,bert.encoder.layer.6.output.dense,45.99760541651718
mrpc@s0,bert.encoder.layer.7.attention.output.dense,12.79588796691227
mrpc@s0,bert.encoder.layer.7.attention.self.key,21.250174367939522
mrpc@s0,bert.encoder.layer.7.attention.self.query,20.004729957418363
mrpc@s0,bert.encoder.layer.7.attention.self.value,12.20307504583902
mrpc@s0,bert.encoder.layer.7.intermediate.dense,72.59976001838272
mrpc@s0,bert.encoder.layer.7.output.dense,51.88764612823205
mrpc@s0,bert.encoder.layer.8.attention.output.dense,13.517449184009752
mrpc@s0,bert.encoder.layer.8.attention.self.key,14.68113096016991
mrpc@s0,bert.encoder.layer.8.attention.self.query,16.303865283838284
mrpc@s0,bert.encoder.layer.8.attention.self.value,8.332287384223084
mrpc@s0,bert.encoder.layer.8.intermediate.dense,72.23253622422486
mrpc@s0,bert.encoder.layer.8.output.dense,32.82748135878688
mrpc@s0,bert.encoder.layer.9.attention.output.dense,9.592181821081544
mrpc@s0,bert.encoder.layer.9.attention.self.key,12.753489596932297
mrpc@s0,bert.encoder.layer.9.attention.self.query,14.243414321375885
mrpc@s0,bert.encoder.layer.9.attention.self.value,11.257138884386702
mrpc@s0,bert.encoder.layer.9.intermediate.dense,51.58427456885843
mrpc@s0,bert.encoder.layer.9.output.dense,25.34406831486867
mrpc@s0,bert.pooler.dense,3.1614287511790664
mrpc@s1,bert.encoder.layer.0.attention.output.dense,10.234606304722114
mrpc@s1,bert.encoder.layer.0.attention.self.key,23.590156574502533
mrpc@s1,bert.encoder.layer.0.attention.self.query,26.878078460998992
mrpc@s1,bert.encoder.layer.0.attention.self.value,11.551963349808394
mrpc@s1,bert.encoder.layer.0.intermediate.dense,90.2487171555074
mrpc@s1,bert.encoder.layer.0.output.dense,46.97236624198481
mrpc@s1,bert.encoder.layer.1.attention.output.dense,8.985701655023297
mrpc@s1,bert.encoder.layer.1.attention.self.key,17.313565195894345
mrpc@s1,bert.encoder.layer.1.attention.self.query,16.306848214273938
mrpc@s1,bert.encoder.layer.1.attention.self.value,8.443419468988228
mrpc@s1,bert.encoder.layer.1.intermediate.dense,96.76372243290598
mrpc@s1,bert.encoder.layer.1.output.dense,51.69021890769421
mrpc@s1,bert.encoder.layer.10.attention.output.dense,7.210390124364915
mrpc@s1,bert.encoder.layer.10.attention.self.key,17.625315755062772
mrpc@s1,bert.encoder.layer.10.attention.self.query,19.81226609916302
mrpc@s1,bert.encoder.layer.10.attention.self.value,6.876414741469247
mrpc@s1,bert.encoder.layer.10.intermediate.dense,45.23321525528824
mrpc@s1,bert.encoder.layer.10.output.dense,13.053140283114972
mrpc@s1,bert.encoder.layer.11.attention.output.dense,3.838749542874072
mrpc@s1,bert.encoder.layer.11.attention.self.key,22.703248805674885
mrpc@s1,bert.encoder.layer.11.attention.self.query,30.523362395206888
mrpc@s1,bert.encoder.layer.11.attention.self.value,4.373301745380292
mrpc@s1,bert.encoder.layer.11.intermediate.dense,25.1863455188567
mrpc@s1,bert.encoder.layer.11.output.dense,3.126056503835169
mrpc@s1,bert.encoder.layer.2.attention.output.dense,8.169291487448119
mrpc@s1,bert.encoder.layer.2.attention.self.key,14.001190025777959
mrpc@s1,bert.encoder.layer.2.attention.self.query,15.536800124375866
mrpc@s1,bert.encoder.layer.2.attention.self.value,8.927750362059987
mrpc@s1,bert.encoder.layer.2.intermediate.dense,68.09759906182245
mrpc@s1,bert.encoder.layer.2.output.dense,55.732764230370265
mrpc@s1,bert.encoder.layer.3.attention.output.dense,8.858848422005618
mrpc@s1,bert.encoder.layer.3.attention.self.key,16.77544510875795
mrpc@s1,bert.encoder.layer.3.attention.self.query,16.09875185854272
mrpc@s1,bert.encoder.layer.3.attention.self.value,9.363462056222405
mrpc@s1,bert.encoder.layer.3.intermediate.dense,92.86458856644208
mrpc@s1,bert.encoder.layer.3.output.dense,50.43649812439012
mrpc@s1,bert.encoder.layer.4.attention.output.dense,8.712472467006762
mrpc@s1,bert.encoder.layer.4.attention.self.key,17.492014140483096
mrpc@s1,bert.encoder.layer.4.attention.self.query,16.11303258507198
mrpc@s1,bert.encoder.layer.4.attention.self.value,7.309906331423647
mrpc@s1,bert.encoder.layer.4.intermediate.dense,74.25939092026063
mrpc@s1,bert.encoder.layer.4.output.dense,39.52043535574354
mrpc@s1,bert.encoder.layer.5.attention.output.dense,16.556826689726115
mrpc@s1,bert.encoder.layer.5.attention.self.key,17.438787300295907
mrpc@s1,bert.encoder.layer.5.attention.self.query,29.498709074849963
mrpc@s1,bert.encoder.layer.5.attention.self.value,9.526893457522878
mrpc@s1,bert.encoder.layer.5.intermediate.dense,70.31527761741403
mrpc@s1,bert.encoder.layer.5.output.dense,39.0972656408359
mrpc@s1,bert.encoder.layer.6.attention.output.dense,8.916910035783012
mrpc@s1,bert.encoder.layer.6.attention.self.key,28.713053556557227
mrpc@s1,bert.encoder.layer.6.attention.self.query,15.324479102359204
mrpc@s1,bert.encoder.layer.6.attention.self.value,10.447851166043348
mrpc@s1,bert.encoder.layer.6.intermediate.dense,62.821451951812264
mrpc@s1,bert.encoder.layer.6.output.dense,54.198938965197286
mrpc@s1,bert.encoder.layer.7.attention.output.dense,14.066624865413512
mrpc@s1,bert.encoder.layer.7.attention.self.key,23.369398460318315
mrpc@s1,bert.encoder.layer.7.attention.self.query,19.43611703636574
mrpc@s1,bert.encoder.layer.7.attention.self.value,11.760754388743909
mrpc@s1,bert.encoder.layer.7.intermediate.dense,74.13731990419026
mrpc@s1,bert.encoder.layer.7.output.dense,22.00680716624572
mrpc@s1,bert.encoder.layer.8.attention.output.dense,13.591601271854822
mrpc@s1,bert.encoder.layer.8.attention.self.key,12.178696331576194
mrpc@s1,bert.encoder.layer.8.attention.self.query,13.751617618859376
mrpc@s1,bert.encoder.layer.8.attention.self.value,7.182766795693976
mrpc@s1,bert.encoder.layer.8.intermediate.dense,56.66734198294577
mrpc@s1,bert.encoder.layer.8.output.dense,21.2821272001893
mrpc@s1,bert.encoder.layer.9.attention.output.dense,9.397624079956064
mrpc@s1,bert.encoder.layer.9.attention.self.key,21.45753074566221
mrpc@s1,bert.encoder.layer.9.attention.self.query,12.588968293458773
mrpc@s1,bert.encoder.layer.9.attention.self.value,8.208170761203146
mrpc@s1,bert.encoder.layer.9.intermediate.dense,58.2179393928521
mrpc@s1,bert.encoder.layer.9.output.dense,12.258445064816812
mrpc@s1,bert.pooler.dense,1.2890773064379673
qnli@s0,bert.encoder.layer.0.attention.output.dense,61.2685513752567
qnli@s0,bert.encoder.layer.0.attention.self.key,151.8495649306644
qnli@s0,bert.encoder.layer.0.attention.self.query,173.97718696536677
qnli@s0,bert.encoder.layer.0.attention.self.value,60.029522688082075
qnli@s0,bert.encoder.layer.0.intermediate.dense,495.72342418095593
qnli@s0,bert.encoder.layer.0.output.dense,387.8005139478847
qnli@s0,bert.encoder.layer.1.attention.output.dense,56.86409206662048
qnli@s0,bert.encoder.layer.1.attention.self.key,119.5911486400154
qnli@s0,bert.encoder.layer.1.attention.self.query,123.53667548928311
qnli@s0,bert.encoder.layer.1.attention.self.value,44.64145281442409
qnli@s0,bert.encoder.layer.1.intermediate.dense,427.12450062853804
qnli@s0,bert.encoder.layer.1.output.dense,345.178570816043
qnli@s0,bert.encoder.layer.10.attention.output.dense,41.043814853881436
qnli@s0,bert.encoder.layer.10.attention.self.key,77.2371373001012
qnli@s0,bert.encoder.layer.10.attention.self.query,85.17773865733481
qnli@s0,bert.encoder.layer.10.attention.self.value,87.20785528213294
qnli@s0,bert.encoder.layer.10.intermediate.dense,339.39535895105024
qnli@s0,bert.encoder.layer.10.output.dense,116.89361712175182
qnli@s0,bert.encoder.layer.11.attention.output.dense,25.90663798486386
qnli@s0,bert.encoder.layer.11.attention.self.key,57.28260120873412
qnli@s0,bert.encoder.layer.11.attention.self.query,92.64692697209874
qnli@s0,bert.encoder.layer.11.attention.self.value,69.68878271072339
qnli@s0,bert.encoder.layer.11.intermediate.dense,252.5398403914567
qnli@s0,bert.encoder.layer.11.output.dense,18.770875038000305
qnli@s0,bert.encoder.layer.2.attention.output.dense,55.21234819680971
qnli@s0,bert.encoder.layer.2.attention.self.key,121.80804572350405
qnli@s0,bert.encoder.layer.2.attention.self.query,129.44574054153676
qnli@s0,bert.encoder.layer.2.attention.self.value,48.398791434427686
qnli@s0,bert.encoder.layer.2.intermediate.dense,422.60429222534816
qnli@s0,bert.encoder.layer.2.output.dense,357.02215610554896
qnli@s0,bert.encoder.layer.3.attention.output.dense,61.733115277881005
qnli@s0,bert.encoder.layer.3.attention.self.key,120.17664601940783
qnli@s0,bert.encoder.layer.3.attention.self.query,124.2348411331463
qnli@s0,bert.encoder.layer.3.attention.self.value,58.698328107956
qnli@s0,bert.encoder.layer.3.intermediate.dense,384.38443608262986
qnli@s0,bert.encoder.layer.3.output.dense,303.1592390368608
qnli@s0,bert.encoder.layer.4.attention.output.dense,68.29785561138205
qnli@s0,bert.encoder.layer.4.attention.self.key,116.14569689489858
qnli@s0,bert.encoder.layer.4.attention.self.query,104.36771809555593
qnli@s0,bert.encoder.layer.4.attention.self.value,69.59215157534071
qnli@s0,bert.encoder.layer.4.intermediate.dense,357.09581773381376
qnli@s0,bert.encoder.layer.4.output.dense,278.6598597815284
qnli@s0,bert.encoder.layer.5.attention.output.dense,69.17334033715215
qnli@s0,bert.encoder.layer.5.attention.self.key,120.49731598211582
qnli@s0,bert.encoder.layer.5.attention.self.query,127.95256664295229
qnli@s0,bert.encoder.layer.5.attention.self.value,63.21177437472586
qnli@s0,bert.encoder.layer.5.intermediate.dense,351.97569214485236
qnli@s0,bert.encoder.layer.5.output.dense,290.68038898790707
qnli@s0,bert.encoder.layer.6.attention.output.dense,70.26490011662486
qnli@s0,bert.encoder.layer.6.attention.self.key,121.31589167584511
qnli@s0,bert.encoder.layer.6.attention.self.query,123.37668528051111
qnli@s0,bert.encoder.layer.6.attention.self.value,57.39813721693011
qnli@s0,bert.encoder.layer.6.intermediate.dense,368.87504468952847
qnli@s0,bert.encoder.layer.6.output.dense,263.6557085452023
qnli@s0,bert.encoder.layer.7.attention.output.dense,69.8240640454042
qnli@s0,bert.encoder.layer.7.attention.self.key,124.32302032922743
qnli@s0,bert.encoder.layer.7.attention.self.query,111.14362875621232
qnli@s0,bert.encoder.layer.7.attention.self.value,59.89818915151999
qnli@s0,bert.encoder.layer.7.intermediate.dense,316.06631529890507
qnli@s0,bert.encoder.layer.7.output.dense,208.69047614786982
qnli@s0,bert.encoder.layer.8.attention.output.dense,58.85649615582923
qnli@s0,bert.encoder.layer.8.attention.self.key,90.17525755931595
qnli@s0,bert.encoder.layer.8.attention.self.query,107.8046742525166
qnli@s0,bert.encoder.layer.8.attention.self.value,56.24387562461999
qnli@s0,bert.encoder.layer.8.intermediate.dense,284.3240323786642
qnli@s0,bert.encoder.layer.8.output.dense,217.3555971941223
qnli@s0,bert.encoder.layer.9.attention.output.dense,50.12824838947856
qnli@s0,bert.encoder.layer.9.attention.self.key,94.75751364513962
qnli@s0,bert.encoder.layer.9.attention.self.query,97.61600921838863
qnli@s0,bert.encoder.layer.9.attention.self.value,54.700044344073774
qnli@s0,bert.encoder.layer.9.intermediate.dense,391.0009039977047
qnli@s0,bert.encoder.layer.9.output.dense,142.63585493255476
qnli@s0,bert.pooler.dense,7.42522790367655
qnli@s1,bert.encoder.layer.0.attention.output.dense,59.822543065790136
qnli@s1,bert.encoder.layer.0.attention.self.key,119.69815122657334
qnli@s1,bert.encoder.layer.0.attention.self.query,194.35771952161966
qnli@s1,bert.encoder.layer.0.attention.self.value,61.63848622644599
qnli@s1,bert.encoder.layer.0.intermediate.dense,478.27084109543176
qnli@s1,bert.encoder.layer.0.output.dense,355.091828286304
qnli@s1,bert.encoder.layer.1.attention.output.dense,62.19802630735503
qnli@s1,bert.encoder.layer.1.attention.self.key,122.53747121563521
qnli@s1,bert.encoder.layer.1.attention.self.query,128.5887823564519
qnli@s1,bert.encoder.layer.1.attention.self.value,50.53559012613914
qnli@s1,bert.encoder.layer.1.intermediate.dense,421.05340724163983
qnli@s1,bert.encoder.layer.1.output.dense,328.82822119977936
qnli@s1,bert.encoder.layer.10.attention.output.dense,42.68839389205148
qnli@s1,bert.encoder.layer.10.attention.self.key,88.29376492001894
qnli@s1,bert.encoder.layer.10.attention.self.query,96.26978229184218
qnli@s1,bert.encoder.layer.10.attention.self.value,72.90652754204544
qnli@s1,bert.encoder.layer.10.intermediate.dense,333.2371940565213
qnli@s1,bert.encoder.layer.10.output.dense,100.67825582489138
qnli@s1,bert.encoder.layer.11.attention.output.dense,18.07472558049509
qnli@s1,bert.encoder.layer.11.attention.self.key,64.82049284695083
qnli@s1,bert.encoder.layer.11.attention.self.query,88.6880892830334
qnli@s1,bert.encoder.layer.11.attention.self.value,85.63086688411718
qnli@s1,bert.encoder.layer.11.intermediate.dense,240.27928455061718
qnli@s1,bert.encoder.layer.11.output.dense,77.0487910484469
qnli@s1,bert.encoder.layer.2.attention.output.dense,53.654143968772686
qnli@s1,bert.encoder.layer.2.attention.self.key,127.04041611455027
qnli@s1,bert.encoder.layer.2.attention.self.query,106.92566648647147
qnli@s1,bert.encoder.layer.2.attention.self.value,46.33531418296395
qnli@s1,bert.encoder.layer.2.intermediate.dense,343.9448343669294
qnli@s1,bert.encoder.layer.2.output.dense,330.4101755754289
qnli@s1,bert.encoder.layer.3.attention.output.dense,63.4849729948074
qnli@s1,bert.encoder.layer.3.attention.self.key,120.85670873604637
qnli@s1,bert.encoder.layer.3.attention.self.query,101.88567330616394
qnli@s1,bert.encoder.layer.3.attention.self.value,57.173941523482256
qnli@s1,bert.encoder.layer.3.intermediate.dense,386.2826082750604
qnli@s1,bert.encoder.layer.3.output.dense,311.23635220487597
qnli@s1,bert.encoder.layer.4.attention.output.dense,77.03960979852839
qnli@s1,bert.encoder.layer.4.attention.self.key,118.54330063289328
qnli@s1,bert.encoder.layer.4.attention.self.query,113.74846324934992
qnli@s1,bert.encoder.layer.4.attention.self.value,62.750700465465684
qnli@s1,bert.encoder.layer.4.intermediate.dense,376.8245097187695
qnli@s1,bert.encoder.layer.4.output.dense,323.5876592152198
qnli@s1,bert.encoder.layer.5.attention.output.dense,75.09892619359267
qnli@s1,bert.encoder.layer.5.attention.self.key,112.31401698092051
qnli@s1,bert.encoder.layer.5.attention.self.query,107.05299741747821
qnli@s1,bert.encoder.layer.5.attention.self.value,63.996656281876746
qnli@s1,bert.encoder.layer.5.intermediate.dense,321.7700065015818
qnli@s1,bert.encoder.layer.5.output.dense,281.2054283272713
qnli@s1,bert.encoder.layer.6.attention.output.dense,67.10618771625111
qnli@s1,bert.encoder.layer.6.attention.self.key,116.54545602835978
qnli@s1,bert.encoder.layer.6.attention.self.query,111.37188645559586
qnli@s1,bert.encoder.layer.6.attention.self.value,61.920512349963765
qnli@s1,bert.encoder.layer.6.intermediate.dense,342.97845175780657
qnli@s1,bert.encoder.layer.6.output.dense,227.60883430497645
qnli@s1,bert.encoder.layer.7.attention.output.dense,82.67477029555332
qnli@s1,bert.encoder.layer.7.attention.self.key,115.5304487994832
qnli@s1,bert.encoder.layer.7.attention.self.query,125.7436844387613
qnli@s1,bert.encoder.layer.7.attention.self.value,57.06567156175669
qnli@s1,bert.encoder.layer.7.intermediate.dense,281.7925485474171
qnli@s1,bert.encoder.layer.7.output.dense,230.9057717976496
qnli@s1,bert.encoder.layer.8.attention.output.dense,54.80447352919767
qnli@s1,bert.encoder.layer.8.attention.self.key,109.3981258969234
qnli@s1,bert.encoder.layer.8.attention.self.query,110.26529380024444
qnli@s1,bert.encoder.layer.8.attention.self.value,49.97294809433223
qnli@s1,bert.encoder.layer.8.intermediate.dense,281.67302085258905
qnli@s1,bert.encoder.layer.8.output.dense,183.8634992666832
qnli@s1,bert.encoder.layer.9.attention.output.dense,53.154071716504816
qnli@s1,bert.encoder.layer.9.attention.self.key,106.83202952153661
qnli@s1,bert.encoder.layer.9.attention.self.query,111.20863554347493
qnli@s1,bert.encoder.layer.9.attention.self.value,66.07455683047593
qnli@s1,bert.encoder.layer.9.intermediate.dense,365.85240753223246
qnli@s1,bert.encoder.layer.9.output.dense,165.84381080369303
qnli@s1,bert.pooler.dense,4.982856576481424
rte@s0,bert.encoder.layer.0.attention.output.dense,6.749093953129771
rte@s0,bert.encoder.layer.0.attention.self.key,6.174689509806209
rte@s0,bert.encoder.layer.0.attention.self.query,7.258034736733601
rte@s0,bert.encoder.layer.0.attention.self.value,8.288736918923856
rte@s0,bert.encoder.layer.0.intermediate.dense,54.02537188514705
rte@s0,bert.encoder.layer.0.output.dense,20.252000372782202
rte@s0,bert.encoder.layer.1.attention.output.dense,6.348141146604771
rte@s0,bert.encoder.layer.1.attention.self.key,8.244380354862457
rte@s0,bert.encoder.layer.1.attention.self.query,6.90686271113249
rte@s0,bert.encoder.layer.1.attention.self.value,5.752242673067619
rte@s0,bert.encoder.layer.1.intermediate.dense,38.84497234403703
rte@s0,bert.encoder.layer.1.output.dense,21.945299119525043
rte@s0,bert.encoder.layer.10.attention.output.dense,5.1303344994806075
rte@s0,bert.encoder.layer.10.attention.self.key,9.272430615435013
rte@s0,bert.encoder.layer.10.attention.self.query,8.523646114027361
rte@s0,bert.encoder.layer.10.attention.self.value,3.397280742812427
rte@s0,bert.encoder.layer.10.intermediate.dense,33.701619497712564
rte@s0,bert.encoder.layer.10.output.dense,9.43448262295206
rte@s0,bert.encoder.layer.11.attention.output.dense,3.3271279342909548
rte@s0,bert.encoder.layer.11.attention.self.key,9.793539107749089
rte@s0,bert.encoder.layer.11.attention.self.query,6.802818687140813
rte@s0,bert.encoder.layer.11.attention.self.value,4.424054138847232
rte@s0,bert.encoder.layer.11.intermediate.dense,43.262374227327726
rte@s0,bert.encoder.layer.11.output.dense,4.845911946391553
rte@s0,bert.encoder.layer.2.attention.output.dense,6.278257728008909
rte@s0,bert.encoder.layer.2.attention.self.key,7.460995715945247
rte@s0,bert.encoder.layer.2.attention.self.query,9.052008650504144
rte@s0,bert.encoder.layer.2.attention.self.value,6.427837894832906
rte@s0,bert.encoder.layer.2.intermediate.dense,29.72380312984169
rte@s0,bert.encoder.layer.2.output.dense,19.76033793946782
rte@s0,bert.encoder.layer.3.attention.output.dense,6.367692929192161
rte@s0,bert.encoder.layer.3.attention.self.key,8.540891954276837
rte@s0,bert.encoder.layer.3.attention.self.query,7.417822707705362
rte@s0,bert.encoder.layer.3.attention.self.value,4.997124707998362
rte@s0,bert.encoder.layer.3.intermediate.dense,45.32391147240554
rte@s0,bert.encoder.layer.3.output.dense,17.214550584701392
rte@s0,bert.encoder.layer.4.attention.output.dense,7.234105677457498
rte@s0,bert.encoder.layer.4.attention.self.key,7.119523553147923
rte@s0,bert.encoder.layer.4.attention.self.query,9.48106811734444
rte@s0,bert.encoder.layer.4.attention.self.value,6.453156288708508
rte@s0,bert.encoder.layer.4.intermediate.dense,44.88136595607825
rte@s0,bert.encoder.layer.4.output.dense,15.780466392501248
rte@s0,bert.encoder.layer.5.attention.output.dense,7.045495789608376
rte@s0,bert.encoder.layer.5.attention.self.key,6.858327213632676
rte@s0,bert.encoder.layer.5.attention.self.query,9.414158251534356
rte@s0,bert.encoder.layer.5.attention.self.value,8.106397936982521
rte@s0,bert.encoder.layer.5.intermediate.dense,38.58317451923072
rte@s0,bert.encoder.layer.5.output.dense,19.38467024064074
rte@s0,bert.encoder.layer.6.attention.output.dense,7.808797202202798
rte@s0,bert.encoder.layer.6.attention.self.key,9.617139537132033
rte@s0,bert.encoder.layer.6.attention.self.query,9.248013785286814
rte@s0,bert.encoder.layer.6.attention.self.value,6.329101869188948
rte@s0,bert.encoder.layer.6.intermediate.dense,35.083858105305076
rte@s0,bert.encoder.layer.6.output.dense,20.9383705756308
rte@s0,bert.encoder.layer.7.attention.output.dense,6.472177808795522
rte@s0,bert.encoder.layer.7.attention.self.key,9.753142339253744
rte@s0,bert.encoder.layer.7.attention.self.query,8.800080903621556
rte@s0,bert.encoder.layer.7.attention.self.value,6.768427708669121
rte@s0,bert.encoder.layer.7.intermediate.dense,49.425934735518155
rte@s0,bert.encoder.layer.7.output.dense,16.832615238190233
rte@s0,bert.encoder.layer.8.attention.output.dense,7.515774528367222
rte@s0,bert.encoder.layer.8.attention.self.key,7.19773899284816
rte@s0,bert.encoder.layer.8.attention.self.query,11.892413665740062
rte@s0,bert.encoder.layer.8.attention.self.value,6.583170590364833
rte@s0,bert.encoder.layer.8.intermediate.dense,45.60890382717321
rte@s0,bert.encoder.layer.8.output.dense,12.878195846538416
rte@s0,bert.encoder.layer.9.attention.output.dense,6.8229834925310735
rte@s0,bert.encoder.layer.9.attention.self.key,9.460633153243025
rte@s0,bert.encoder.layer.9.attention.self.query,10.512188742380298
rte@s0,bert.encoder.layer.9.attention.self.value,4.291609493015758
rte@s0,bert.encoder.layer.9.intermediate.dense,41.23076441640726
rte@s0,bert.encoder.layer.9.output.dense,10.621454692476455
rte@s0,bert.pooler.dense,1.0297548669964034
rte@s1,bert.encoder.layer.0.attention.output.dense,6.706267634118483
rte@s1,bert.encoder.layer.0.attention.self.key,10.984709213861901
rte@s1,bert.encoder.layer.0.attention.self.query,9.91834218502882
rte@s1,bert.encoder.layer.0.attention.self.value,9.073771063331952
rte@s1,bert.encoder.layer.0.intermediate.dense,42.13604394166462
rte@s1,bert.encoder.layer.0.output.dense,39.7600986508331
rte@s1,bert.encoder.layer.1.attention.output.dense,6.304146496546191
rte@s1,bert.encoder.layer.1.attention.self.key,10.813427031391809
rte@s1,bert.encoder.layer.1.attention.self.query,8.974774047187106
rte@s1,bert.encoder.layer.1.attention.self.value,6.786620404363067
rte@s1,bert.encoder.layer.1.intermediate.dense,33.5172638048982
rte@s1,bert.encoder.layer.1.output.dense,41.826585448852896
rte@s1,bert.encoder.layer.10.attention.output.dense,10.333837103754085
rte@s1,bert.encoder.layer.10.attention.self.key,9.265799620707002
rte@s1,bert.encoder.layer.10.attention.self.query,10.527931688412679
rte@s1,bert.encoder.layer.10.attention.self.value,5.734986108573444
rte@s1,bert.encoder.layer.10.intermediate.dense,41.92234524586639
rte@s1,bert.encoder.layer.10.output.dense,32.62921475607828
rte@s1,bert.encoder.layer.11.attention.output.dense,4.918376713071966
rte@s1,bert.encoder.layer.11.attention.self.key,11.698743603850454
rte@s1,bert.encoder.layer.11.attention.self.query,14.212515199706525
rte@s1,bert.encoder.layer.11.attention.self.value,6.676679483296157
rte@s1,bert.encoder.layer.11.intermediate.dense,39.89573141915224
rte@s1,bert.encoder.layer.11.output.dense,9.016648309015423
rte@s1,bert.encoder.layer.2.attention.output.dense,6.422979689410042
rte@s1,bert.encoder.layer.2.attention.self.key,10.784500021899108
rte@s1,bert.encoder.layer.2.attention.self.query,8.999340129593497
rte@s1,bert.encoder.layer.2.attention.self.value,6.062514121485275
rte@s1,bert.encoder.layer.2.intermediate.dense,40.13755744431188
rte@s1,bert.encoder.layer.2.output.dense,21.35646511967886
rte@s1,bert.encoder.layer.3.attention.output.dense,6.082770430374573
rte@s1,bert.encoder.layer.3.attention.self.key,8.477211379061622
rte@s1,bert.encoder.layer.3.attention.self.query,8.454420374942302
rte@s1,bert.encoder.layer.3.attention.self.value,5.79323710827785
rte@s1,bert.encoder.layer.3.intermediate.dense,51.80146710522168
rte@s1,bert.encoder.layer.3.output.dense,28.86956007843473
rte@s1,bert.encoder.layer.4.attention.output.dense,7.745244572507714
rte@s1,bert.encoder.layer.4.attention.self.key,12.93740527413152
rte@s1,bert.encoder.layer.4.attention.self.query,11.30845509526587
rte@s1,bert.encoder.layer.4.attention.self.value,7.093999412493729
rte@s1,bert.encoder.layer.4.intermediate.dense,40.06408385486173
rte@s1,bert.encoder.layer.4.output.dense,18.338751432325964
rte@s1,bert.encoder.layer.5.attention.output.dense,8.872034697366793
rte@s1,bert.encoder.layer.5.attention.self.key,12.961958810253547
rte@s1,bert.encoder.layer.5.attention.self.query,21.810849709323932
rte@s1,bert.encoder.layer.5.attention.self.value,5.35713726550863
rte@s1,bert.encoder.layer.5.intermediate.dense,29.7619773979528
rte@s1,bert.encoder.layer.5.output.dense,31.887590050104176
rte@s1,bert.encoder.layer.6.attention.output.dense,7.4276839072869
rte@s1,bert.encoder.layer.6.attention.self.key,8.212219039765733
rte@s1,bert.encoder.layer.6.attention.self.query,26.78010294546636
rte@s1,bert.encoder.layer.6.attention.self.value,10.87743409743194
rte@s1,bert.encoder.layer.6.intermediate.dense,37.795337953002864
rte@s1,bert.encoder.layer.6.output.dense,24.92711290951744
rte@s1,bert.encoder.layer.7.attention.output.dense,8.648510209041255
rte@s1,bert.encoder.layer.7.attention.self.key,12.729329997399498
rte@s1,bert.encoder.layer.7.attention.self.query,8.996066795553038
rte@s1,bert.encoder.layer.7.attention.self.value,7.954368541581582
rte@s1,bert.encoder.layer.7.intermediate.dense,48.456949553126606
rte@s1,bert.encoder.layer.7.output.dense,19.367959207245416
rte@s1,bert.encoder.layer.8.attention.output.dense,10.361712096451742
rte@s1,bert.encoder.layer.8.attention.self.key,9.3421821764683
rte@s1,bert.encoder.layer.8.attention.self.query,32.115664549822704
rte@s1,bert.encoder.layer.8.attention.self.value,9.931010506350368
rte@s1,bert.encoder.layer.8.intermediate.dense,39.14645339691998
rte@s1,bert.encoder.layer.8.output.dense,18.091582696969855
rte@s1,bert.encoder.layer.9.attention.output.dense,8.462172690933293
rte@s1,bert.encoder.layer.9.attention.self.key,7.506984451280432
rte@s1,bert.encoder.layer.9.attention.self.query,16.151385391010265
rte@s1,bert.encoder.layer.9.attention.self.value,8.2150343184282
rte@s1,bert.encoder.layer.9.intermediate.dense,36.53979969749473
rte@s1,bert.encoder.layer.9.output.dense,23.26649232243204
rte@s1,bert.pooler.dense,8.15816640056369
scitail@s0,bert.encoder.layer.0.attention.output.dense,31.07917979805935
scitail@s0,bert.encoder.layer.0.attention.self.key,44.12903866195998
scitail@s0,bert.encoder.layer.0.attention.self.query,56.45109771268076
scitail@s0,bert.encoder.layer.0.attention.self.value,25.006996415013134
scitail@s0,bert.encoder.layer.0.intermediate.dense,165.53243699753267
scitail@s0,bert.encoder.layer.0.output.dense,147.91111147990426
scitail@s0,bert.encoder.layer.1.attention.output.dense,20.616738779076456
scitail@s0,bert.encoder.layer.1.attention.self.key,41.62732203648419
scitail@s0,bert.encoder.layer.1.attention.self.query,40.54061189935008
scitail@s0,bert.encoder.layer.1.attention.self.value,19.78948908687308
scitail@s0,bert.encoder.layer.1.intermediate.dense,158.72567665136015
scitail@s0,bert.encoder.layer.1.output.dense,143.8975868721691
scitail@s0,bert.encoder.layer.10.attention.output.dense,16.80693779060505
scitail@s0,bert.encoder.layer.10.attention.self.key,39.70198035513085
scitail@s0,bert.encoder.layer.10.attention.self.query,34.93926028967161
scitail@s0,bert.encoder.layer.10.attention.self.value,13.732667309524945
scitail@s0,bert.encoder.layer.10.intermediate.dense,118.00494505930943
scitail@s0,bert.encoder.layer.10.output.dense,22.360596329177227
scitail@s0,bert.encoder.layer.11.attention.output.dense,4.87961320979375
scitail@s0,bert.encoder.layer.11.attention.self.key,38.50973806631438
scitail@s0,bert.encoder.layer.11.attention.self.query,47.92707517959125
scitail@s0,bert.encoder.layer.11.attention.self.value,12.115445917735803
scitail@s0,bert.encoder.layer.11.intermediate.dense,33.2508501078539
scitail@s0,bert.encoder.layer.11.output.dense,4.241548168158132
scitail@s0,bert.encoder.layer.2.attention.output.dense,23.768199192350373
scitail@s0,bert.encoder.layer.2.attention.self.key,54.99591925400643
scitail@s0,bert.encoder.layer.2.attention.self.query,53.065956920083835
scitail@s0,bert.encoder.layer.2.attention.self.value,20.220099466321685
scitail@s0,bert.encoder.layer.2.intermediate.dense,135.24110116504852
scitail@s0,bert.encoder.layer.2.output.dense,162.04244692013066
scitail@s0,bert.encoder.layer.3.attention.output.dense,24.79546588061048
scitail@s0,bert.encoder.layer.3.attention.self.key,37.84147852304211
scitail@s0,bert.encoder.layer.3.attention.self.query,37.628068412673194
scitail@s0,bert.encoder.layer.3.attention.self.value,23.205514795081395
scitail@s0,bert.encoder.layer.3.intermediate.dense,150.88433486075516
scitail@s0,bert.encoder.layer.3.output.dense,144.32849849786166
scitail@s0,bert.encoder.layer.4.attention.output.dense,27.939742506989717
scitail@s0,bert.encoder.layer.4.attention.self.key,41.29189714053679
scitail@s0,bert.encoder.layer.4.attention.self.query,39.74526998356441
scitail@s0,bert.encoder.layer.4.attention.self.value,27.55165459633895
scitail@s0,bert.encoder.layer.4.intermediate.dense,144.09316539069815
scitail@s0,bert.encoder.layer.4.output.dense,130.75586586114326
scitail@s0,bert.encoder.layer.5.attention.output.dense,24.919464134350385
scitail@s0,bert.encoder.layer.5.attention.self.key,50.6102886141725
scitail@s0,bert.encoder.layer.5.attention.self.query,49.47259853929194
scitail@s0,bert.encoder.layer.5.attention.self.value,22.61851612612558
scitail@s0,bert.encoder.layer.5.intermediate.dense,140.69690447386614
scitail@s0,bert.encoder.layer.5.output.dense,111.3509386697028
scitail@s0,bert.encoder.layer.6.attention.output.dense,26.644366722683245
scitail@s0,bert.encoder.layer.6.attention.self.key,46.8178075288565
scitail@s0,bert.encoder.layer.6.attention.self.query,46.60378757271828
scitail@s0,bert.encoder.layer.6.attention.self.value,24.010674297256017
scitail@s0,bert.encoder.layer.6.intermediate.dense,150.18759304377343
scitail@s0,bert.encoder.layer.6.output.dense,96.38087791117965
scitail@s0,bert.encoder.layer.7.attention.output.dense,25.648979504368192
scitail@s0,bert.encoder.layer.7.attention.self.key,37.64563493134977
scitail@s0,bert.encoder.layer.7.attention.self.query,50.54263676933467
scitail@s0,bert.encoder.layer.7.attention.self.value,23.18072128451606
scitail@s0,bert.encoder.layer.7.intermediate.dense,152.9917492598894
scitail@s0,bert.encoder.layer.7.output.dense,58.58891120597114
scitail@s0,bert.encoder.layer.8.attention.output.dense,18.762361015968704
scitail@s0,bert.encoder.layer.8.attention.self.key,50.31087205533087
scitail@s0,bert.encoder.layer.8.attention.self.query,33.47772396587034
scitail@s0,bert.encoder.layer.8.attention.self.value,21.252504560740483
scitail@s0,bert.encoder.layer.8.intermediate.dense,172.0211353920957
scitail@s0,bert.encoder.layer.8.output.dense,62.75675184918599
scitail@s0,bert.encoder.layer.9.attention.output.dense,17.370982553003937
scitail@s0,bert.encoder.layer.9.attention.self.key,37.44193283483443
scitail@s0,bert.encoder.layer.9.attention.self.query,37.94210886640859
scitail@s0,bert.encoder.layer.9.attention.self.value,18.204163027340563
scitail@s0,bert.encoder.layer.9.intermediate.dense,160.90830760750524
scitail@s0,bert.encoder.layer.9.output.dense,19.408312370575064
scitail@s0,bert.pooler.dense,23.940180165478843
scitail@s1,bert.encoder.layer.0.attention.output.dense,25.199663614049722
scitail@s1,bert.encoder.layer.0.attention.self.key,46.177246967933634
scitail@s1,bert.encoder.layer.0.attention.self.query,43.686761622183504
scitail@s1,bert.encoder.layer.0.attention.self.value,22.990687781443008
scitail@s1,bert.encoder.layer.0.intermediate.dense,155.79056729487368
scitail@s1,bert.encoder.layer.0.output.dense,100.73408992077034
scitail@s1,bert.encoder.layer.1.attention.output.dense,22.22510750707734
scitail@s1,bert.encoder.layer.1.attention.self.key,33.79820830030995
scitail@s1,bert.encoder.layer.1.attention.self.query,35.57194041276243
scitail@s1,bert.encoder.layer.1.attention.self.value,15.793023390032355
scitail@s1,bert.encoder.layer.1.intermediate.dense,137.61397524266775
scitail@s1,bert.encoder.layer.1.output.dense,112.57204546380582
scitail@s1,bert.encoder.layer.10.attention.output.dense,14.712763272903306
scitail@s1,bert.encoder.layer.10.attention.self.key,37.26709242086106
scitail@s1,bert.encoder.layer.10.attention.self.query,33.73701598573999
scitail@s1,bert.encoder.layer.10.attention.self.value,14.042526979841696
scitail@s1,bert.encoder.layer.10.intermediate.dense,80.95236527576256
scitail@s1,bert.encoder.layer.10.output.dense,20.16348282129096
scitail@s1,bert.encoder.layer.11.attention.output.dense,4.168917465707258
scitail@s1,bert.encoder.layer.11.attention.self.key,26.415009622953797
scitail@s1,bert.encoder.layer.11.attention.self.query,40.06728784847739
scitail@s1,bert.encoder.layer.11.attention.self.value,11.081676197195826
scitail@s1,bert.encoder.layer.11.intermediate.dense,46.271051858836245
scitail@s1,bert.encoder.layer.11.output.dense,6.611510612211662
scitail@s1,bert.encoder.layer.2.attention.output.dense,20.86890177003742
scitail@s1,bert.encoder.layer.2.attention.self.key,43.80825578161511
scitail@s1,bert.encoder.layer.2.attention.self.query,34.93135510520525
scitail@s1,bert.encoder.layer.2.attention.self.value,18.14163797690393
scitail@s1,bert.encoder.layer.2.intermediate.dense,173.51648315720473
scitail@s1,bert.encoder.layer.2.output.dense,124.15568526661502
scitail@s1,bert.encoder.layer.3.attention.output.dense,27.77410249012865
scitail@s1,bert.encoder.layer.3.attention.self.key,34.14913824010171
scitail@s1,bert.encoder.layer.3.attention.self.query,30.355420528425988
scitail@s1,bert.encoder.layer.3.attention.self.value,20.782531650344982
scitail@s1,bert.encoder.layer.3.intermediate.dense,160.63459664649034
scitail@s1,bert.encoder.layer.3.output.dense,120.44754591569686
scitail@s1,bert.encoder.layer.4.attention.output.dense,28.37098377910122
scitail@s1,bert.encoder.layer.4.attention.self.key,40.436668932494804
scitail@s1,bert.encoder.layer.4.attention.self.query,31.05637087178651
scitail@s1,bert.encoder.layer.4.attention.self.value,21.446605696129787
scitail@s1,bert.encoder.layer.4.intermediate.dense,125.69245364800088
scitail@s1,bert.encoder.layer.4.output.dense,100.83382317921775
scitail@s1,bert.encoder.layer.5.attention.output.dense,32.54471361566336
scitail@s1,bert.encoder.layer.5.attention.self.key,34.69064654674635
scitail@s1,bert.encoder.layer.5.attention.self.query,38.34122054863192
scitail@s1,bert.encoder.layer.5.attention.self.value,27.652944017746478
scitail@s1,bert.encoder.layer.5.intermediate.dense,148.63310116920616
scitail@s1,bert.encoder.layer.5.output.dense,93.76743432903679
scitail@s1,bert.encoder.layer.6.attention.output.dense,24.879997686141735
scitail@s1,bert.encoder.layer.6.attention.self.key,39.6046266154532
scitail@s1,bert.encoder.layer.6.attention.self.query,65.49045382690659
scitail@s1,bert.encoder.layer.6.attention.self.value,23.57076967583361
scitail@s1,bert.encoder.layer.6.intermediate.dense,117.34964484669658
scitail@s1,bert.encoder.layer.6.output.dense,87.28498362277213
scitail@s1,bert.encoder.layer.7.attention.output.dense,25.035658786674677
scitail@s1,bert.encoder.layer.7.attention.self.key,53.66730281253135
scitail@s1,bert.encoder.layer.7.attention.self.query,39.1884359105862
scitail@s1,bert.encoder.layer.7.attention.self.value,17.5609831289361
scitail@s1,bert.encoder.layer.7.intermediate.dense,149.10465056051166
scitail@s1,bert.encoder.layer.7.output.dense,84.37460254610994
scitail@s1,bert.encoder.layer.8.attention.output.dense,19.507406987308716
scitail@s1,bert.encoder.layer.8.attention.self.key,36.35589278297238
scitail@s1,bert.encoder.layer.8.attention.self.query,43.93538351988313
scitail@s1,bert.encoder.layer.8.attention.self.value,20.46004507216934
scitail@s1,bert.encoder.layer.8.intermediate.dense,113.88230753919107
scitail@s1,bert.encoder.layer.8.output.dense,60.81929683391255
scitail@s1,bert.encoder.layer.9.attention.output.dense,18.148024517968288
scitail@s1,bert.encoder.layer.9.attention.self.key,36.67770726024173
scitail@s1,bert.encoder.layer.9.attention.self.query,31.817282871866027
scitail@s1,bert.encoder.layer.9.attention.self.value,14.77819837636423
scitail@s1,bert.encoder.layer.9.intermediate.dense,124.66850144058009
scitail@s1,bert.encoder.layer.9.output.dense,30.186006886376084
scitail@s1,bert.pooler.dense,11.610948577767083
snli@s0,bert.encoder.layer.0.attention.output.dense,54.5808294567833
snli@s0,bert.encoder.layer.0.attention.self.key,109.76957362585313
snli@s0,bert.encoder.layer.0.attention.self.query,133.6180083978423
snli@s0,bert.encoder.layer.0.attention.self.value,56.27283663159828
snli@s0,bert.encoder.layer.0.intermediate.dense,410.54916102001846
snli@s0,bert.encoder.layer.0.output.dense,342.9680250542922
snli@s0,bert.encoder.layer.1.attention.output.dense,60.35814372819301
snli@s0,bert.encoder.layer.1.attention.self.key,97.73376085381024
snli@s0,bert.encoder.layer.1.attention.self.query,100.32526363277168
snli@s0,bert.encoder.layer.1.attention.self.value,47.78441565141451
snli@s0,bert.encoder.layer.1.intermediate.dense,369.07597622031676
snli@s0,bert.encoder.layer.1.output.dense,332.5458360090397
snli@s0,bert.encoder.layer.10.attention.output.dense,52.157989024714354
snli@s0,bert.encoder.layer.10.attention.self.key,66.03404107970353
snli@s0,bert.encoder.layer.10.attention.self.query,80.37091806537862
snli@s0,bert.encoder.layer.10.attention.self.value,62.116978046728
snli@s0,bert.encoder.layer.10.intermediate.dense,335.5889685053841
snli@s0,bert.encoder.layer.10.output.dense,131.5126701940295
snli@s0,bert.encoder.layer.11.attention.output.dense,20.47018151877331
snli@s0,bert.encoder.layer.11.attention.self.key,95.29009754866125
snli@s0,bert.encoder.layer.11.attention.self.query,106.90795076192421
snli@s0,bert.encoder.layer.11.attention.self.value,122.60153317187661
snli@s0,bert.encoder.layer.11.intermediate.dense,311.4578003609565
snli@s0,bert.encoder.layer.11.output.dense,32.66351152907117
snli@s0,bert.encoder.layer.2.attention.output.dense,51.73244758839781
snli@s0,bert.encoder.layer.2.attention.self.key,103.96739354368788
snli@s0,bert.encoder.layer.2.attention.self.query,94.40978485217998
snli@s0,bert.encoder.layer.2.attention.self.value,45.0763437859638
snli@s0,bert.encoder.layer.2.intermediate.dense,345.16218314901755
snli@s0,bert.encoder.layer.2.output.dense,319.1270536955595
snli@s0,bert.encoder.layer.3.attention.output.dense,59.82598153423244
snli@s0,bert.encoder.layer.3.attention.self.key,105.36976459936223
snli@s0,bert.encoder.layer.3.attention.self.query,108.88431155543867
snli@s0,bert.encoder.layer.3.attention.self.value,56.88467265229323
snli@s0,bert.encoder.layer.3.intermediate.dense,361.55915315995486
snli@s0,bert.encoder.layer.3.output.dense,336.2982315281554
snli@s0,bert.encoder.layer.4.attention.output.dense,74.43649906971046
snli@s0,bert.encoder.layer.4.attention.self.key,96.33234393911248
snli@s0,bert.encoder.layer.4.attention.self.query,91.58751537431209
snli@s0,bert.encoder.layer.4.attention.self.value,74.05701570472851
snli@s0,bert.encoder.layer.4.intermediate.dense,378.63531249735144
snli@s0,bert.encoder.layer.4.output.dense,281.93531051697937
snli@s0,bert.encoder.layer.5.attention.output.dense,76.31484577901901
snli@s0,bert.encoder.layer.5.attention.self.key,100.42051146616566
snli@s0,bert.encoder.layer.5.attention.self.query,115.09069177227173
snli@s0,bert.encoder.layer.5.attention.self.value,75.66841247394493
snli@s0,bert.encoder.layer.5.intermediate.dense,300.199279741879
snli@s0,bert.encoder.layer.5.output.dense,263.21127625522706
snli@s0,bert.encoder.layer.6.attention.output.dense,75.83626380331424
snli@s0,bert.encoder.layer.6.attention.self.key,107.40949692538594
snli@s0,bert.encoder.layer.6.attention.self.query,102.38599256208644
snli@s0,bert.encoder.layer.6.attention.self.value,79.63869647910785
snli@s0,bert.encoder.layer.6.intermediate.dense,323.68747011806335
snli@s0,bert.encoder.layer.6.output.dense,281.85016970539994
snli@s0,bert.encoder.layer.7.attention.output.dense,68.7730458572725
snli@s0,bert.encoder.layer.7.attention.self.key,128.44132805181417
snli@s0,bert.encoder.layer.7.attention.self.query,119.44378002739376
snli@s0,bert.encoder.layer.7.attention.self.value,66.49995265927927
snli@s0,bert.encoder.layer.7.intermediate.dense,327.72623498017737
snli@s0,bert.encoder.layer.7.output.dense,246.2921164948978
snli@s0,bert.encoder.layer.8.attention.output.dense,64.79368668601212
snli@s0,bert.encoder.layer.8.attention.self.key,89.65271765425373
snli@s0,bert.encoder.layer.8.attention.self.query,100.86408454484027
snli@s0,bert.encoder.layer.8.attention.self.value,58.821539101223685
snli@s0,bert.encoder.layer.8.intermediate.dense,282.86934406057514
snli@s0,bert.encoder.layer.8.output.dense,175.20993992752256
snli@s0,bert.encoder.layer.9.attention.output.dense,56.35114014781143
snli@s0,bert.encoder.layer.9.attention.self.key,77.67064269972302
snli@s0,bert.encoder.layer.9.attention.self.query,116.95568612363513
snli@s0,bert.encoder.layer.9.attention.self.value,71.07011879314673
snli@s0,bert.encoder.layer.9.intermediate.dense,292.8508422201298
snli@s0,bert.encoder.layer.9.output.dense,134.58940106294227
snli@s0,bert.pooler.dense,38.098954366064795
snli@s1,bert.encoder.layer.0.attention.output.dense,56.41568114842188
snli@s1,bert.encoder.layer.0.attention.self.key,111.96060087708537
snli@s1,bert.encoder.layer.0.attention.self.query,123.18366115003406
snli@s1,bert.encoder.layer.0.attention.self.value,56.9213831063786
snli@s1,bert.encoder.layer.0.intermediate.dense,437.34615606230494
snli@s1,bert.encoder.layer.0.output.dense,359.06497414709486
snli@s1,bert.encoder.layer.1.attention.output.dense,47.561153451401466
snli@s1,bert.encoder.layer.1.attention.self.key,92.21209205586031
snli@s1,bert.encoder.layer.1.attention.self.query,83.11666382126043
snli@s1,bert.encoder.layer.1.attention.self.value,46.519825761440956
snli@s1,bert.encoder.layer.1.intermediate.dense,388.0007272023119
snli@s1,bert.encoder.layer.1.output.dense,330.8825266509855
snli@s1,bert.encoder.layer.10.attention.output.dense,51.414056208265016
snli@s1,bert.encoder.layer.10.attention.self.key,93.36875472693816
snli@s1,bert.encoder.layer.10.attention.self.query,86.74105432418361
snli@s1,bert.encoder.layer.10.attention.self.value,66.27323571823176
snli@s1,bert.encoder.layer.10.intermediate.dense,347.89203798256506
snli@s1,bert.encoder.layer.10.output.dense,133.64057195440503
snli@s1,bert.encoder.layer.11.attention.output.dense,18.81177195505689
snli@s1,bert.encoder.layer.11.attention.self.key,72.4338625513641
snli@s1,bert.encoder.layer.11.attention.self.query,115.78818667342992
snli@s1,bert.encoder.layer.11.attention.self.value,123.09467136891134
snli@s1,bert.encoder.layer.11.intermediate.dense,290.18676674669365
snli@s1,bert.encoder.layer.11.output.dense,28.827186084112025
snli@s1,bert.encoder.layer.2.attention.output.dense,60.1036036585036
snli@s1,bert.encoder.layer.2.attention.self.key,104.58390704961313
snli@s1,bert.encoder.layer.2.attention.self.query,83.26934674224442
snli@s1,bert.encoder.layer.2.attention.self.value,41.52879351722402
snli@s1,bert.encoder.layer.2.intermediate.dense,344.81538447796964
snli@s1,bert.encoder.layer.2.output.dense,345.53591344216386
snli@s1,bert.encoder.layer.3.attention.output.dense,62.6846987837359
snli@s1,bert.encoder.layer.3.attention.self.key,95.92100723925064
snli@s1,bert.encoder.layer.3.attention.self.query,98.42721793278501
snli@s1,bert.encoder.layer.3.attention.self.value,53.786857157999975
snli@s1,bert.encoder.layer.3.intermediate.dense,350.706815005568
snli@s1,bert.encoder.layer.3.output.dense,355.36537301421856
snli@s1,bert.encoder.layer.4.attention.output.dense,68.19709529931707
snli@s1,bert.encoder.layer.4.attention.self.key,101.34039809043806
snli@s1,bert.encoder.layer.4.attention.self.query,91.7135303203001
snli@s1,bert.encoder.layer.4.attention.self.value,63.850781605518975
snli@s1,bert.encoder.layer.4.intermediate.dense,319.3061324322374
snli@s1,bert.encoder.layer.4.output.dense,315.3312073110302
snli@s1,bert.encoder.layer.5.attention.output.dense,78.50447882964185
snli@s1,bert.encoder.layer.5.attention.self.key,99.75055945895495
snli@s1,bert.encoder.layer.5.attention.self.query,117.18947543366623
snli@s1,bert.encoder.layer.5.attention.self.value,70.91782881426187
snli@s1,bert.encoder.layer.5.intermediate.dense,352.22905419370267
snli@s1,bert.encoder.layer.5.output.dense,293.1591239251254
snli@s1,bert.encoder.layer.6.attention.output.dense,74.0461726485187
snli@s1,bert.encoder.layer.6.attention.self.key,100.98389802986341
snli@s1,bert.encoder.layer.6.attention.self.query,104.80550304855555
snli@s1,bert.encoder.layer.6.attention.self.value,63.312815199463586
snli@s1,bert.encoder.layer.6.intermediate.dense,317.79462715825883
snli@s1,bert.encoder.layer.6.output.dense,257.35453988410086
snli@s1,bert.encoder.layer.7.attention.output.dense,81.24703967916511
snli@s1,bert.encoder.layer.7.attention.self.key,126.93783866600648
snli@s1,bert.encoder.layer.7.attention.self.query,114.90092060729549
snli@s1,bert.encoder.layer.7.attention.self.value,60.932176622056765
snli@s1,bert.encoder.layer.7.intermediate.dense,354.9162960096612
snli@s1,bert.encoder.layer.7.output.dense,227.27991154470251
snli@s1,bert.encoder.layer.8.attention.output.dense,77.52340146809917
snli@s1,bert.encoder.layer.8.attention.self.key,109.91612528490823
snli@s1,bert.encoder.layer.8.attention.self.query,109.34796696333431
snli@s1,bert.encoder.layer.8.attention.self.value,63.518218440691065
snli@s1,bert.encoder.layer.8.intermediate.dense,301.2275332037799
snli@s1,bert.encoder.layer.8.output.dense,231.06861904231144
snli@s1,bert.encoder.layer.9.attention.output.dense,52.51951125204236
snli@s1,bert.encoder.layer.9.attention.self.key,93.5456786385916
snli@s1,bert.encoder.layer.9.attention.self.query,119.11262457134711
snli@s1,bert.encoder.layer.9.attention.self.value,59.556678541243066
snli@s1,bert.encoder.layer.9.intermediate.dense,286.1303402429991
snli@s1,bert.encoder.layer.9.output.dense,160.21118189082392
snli@s1,bert.pooler.dense,36.777856202229366
sst2@s0,bert.encoder.layer.0.attention.output.dense,48.98572241334185
sst2@s0,bert.encoder.layer.0.attention.self.key,138.60113214836073
sst2@s0,bert.encoder.layer.0.attention.self.query,153.99515521642599
sst2@s0,bert.encoder.layer.0.attention.self.value,64.30173355776125
sst2@s0,bert.encoder.layer.0.intermediate.dense,441.9890224221698
sst2@s0,bert.encoder.layer.0.output.dense,425.367534668046
sst2@s0,bert.encoder.layer.1.attention.output.dense,45.2292080958706
sst2@s0,bert.encoder.layer.1.attention.self.key,99.60468365230655
sst2@s0,bert.encoder.layer.1.attention.self.query,114.42174984891275
sst2@s0,bert.encoder.layer.1.attention.self.value,44.866597921130996
sst2@s0,bert.encoder.layer.1.intermediate.dense,404.3791603297775
sst2@s0,bert.encoder.layer.1.output.dense,334.55658182105805
sst2@s0,bert.encoder.layer.10.attention.output.dense,45.66852764491044
sst2@s0,bert.encoder.layer.10.attention.self.key,186.9431612757023
sst2@s0,bert.encoder.layer.10.attention.self.query,190.99216081143612
sst2@s0,bert.encoder.layer.10.attention.self.value,47.3414396089654
sst2@s0,bert.encoder.layer.10.intermediate.dense,340.974089874995
sst2@s0,bert.encoder.layer.10.output.dense,89.93012217303436
sst2@s0,bert.encoder.layer.11.attention.output.dense,26.714129959024753
sst2@s0,bert.encoder.layer.11.attention.self.key,136.71219627227765
sst2@s0,bert.encoder.layer.11.attention.self.query,129.90174376176947
sst2@s0,bert.encoder.layer.11.attention.self.value,22.682126134294226
sst2@s0,bert.encoder.layer.11.intermediate.dense,180.16700862461815
sst2@s0,bert.encoder.layer.11.output.dense,29.00230552741418
sst2@s0,bert.encoder.layer.2.attention.output.dense,44.19669249344627
sst2@s0,bert.encoder.layer.2.attention.self.key,151.5927139856161
sst2@s0,bert.encoder.layer.2.attention.self.query,134.54907424216228
sst2@s0,bert.encoder.layer.2.attention.self.value,52.21234500050088
sst2@s0,bert.encoder.layer.2.intermediate.dense,347.4863896043279
sst2@s0,bert.encoder.layer.2.output.dense,310.3052127980393
sst2@s0,bert.encoder.layer.3.attention.output.dense,52.60034919206779
sst2@s0,bert.encoder.layer.3.attention.self.key,154.95598686948458
sst2@s0,bert.encoder.layer.3.attention.self.query,123.51276300027416
sst2@s0,bert.encoder.layer.3.attention.self.value,48.15185487719215
sst2@s0,bert.encoder.layer.3.intermediate.dense,392.460026063603
sst2@s0,bert.encoder.layer.3.output.dense,277.2335391946799
sst2@s0,bert.encoder.layer.4.attention.output.dense,59.59547587690272
sst2@s0,bert.encoder.layer.4.attention.self.key,151.07565424144363
sst2@s0,bert.encoder.layer.4.attention.self.query,123.2513871696686
sst2@s0,bert.encoder.layer.4.attention.self.value,62.514603517761365
sst2@s0,bert.encoder.layer.4.intermediate.dense,327.4027877804
sst2@s0,bert.encoder.layer.4.output.dense,285.16289087061335
sst2@s0,bert.encoder.layer.5.attention.output.dense,60.42763673613357
sst2@s0,bert.encoder.layer.5.attention.self.key,137.37136306051312
sst2@s0,bert.encoder.layer.5.attention.self.query,111.48702338364322
sst2@s0,bert.encoder.layer.5.attention.self.value,67.04861604873386
sst2@s0,bert.encoder.layer.5.intermediate.dense,361.01035106023687
sst2@s0,bert.encoder.layer.5.output.dense,222.56780202025402
sst2@s0,bert.encoder.layer.6.attention.output.dense,60.965646953429
sst2@s0,bert.encoder.layer.6.attention.self.key,122.68072740246842
sst2@s0,bert.encoder.layer.6.attention.self.query,117.74803633332598
sst2@s0,bert.encoder.layer.6.attention.self.value,63.139277959474185
sst2@s0,bert.encoder.layer.6.intermediate.dense,351.8025301922438
sst2@s0,bert.encoder.layer.6.output.dense,220.7303938694373
sst2@s0,bert.encoder.layer.7.attention.output.dense,45.495453863074324
sst2@s0,bert.encoder.layer.7.attention.self.key,124.99515046315324
sst2@s0,bert.encoder.layer.7.attention.self.query,113.17326694716394
sst2@s0,bert.encoder.layer.7.attention.self.value,56.38194132917829
sst2@s0,bert.encoder.layer.7.intermediate.dense,386.347891660966
sst2@s0,bert.encoder.layer.7.output.dense,207.137239530881
sst2@s0,bert.encoder.layer.8.attention.output.dense,57.782923094219996
sst2@s0,bert.encoder.layer.8.attention.self.key,132.26231306781267
sst2@s0,bert.encoder.layer.8.attention.self.query,138.72107989195914
sst2@s0,bert.encoder.layer.8.attention.self.value,42.95189333013851
sst2@s0,bert.encoder.layer.8.intermediate.dense,378.78852640367995
sst2@s0,bert.encoder.layer.8.output.dense,186.24688264383923
sst2@s0,bert.encoder.layer.9.attention.output.dense,60.35501808219538
sst2@s0,bert.encoder.layer.9.attention.self.key,111.53749239022457
sst2@s0,bert.encoder.layer.9.attention.self.query,213.47636595992162
sst2@s0,bert.encoder.layer.9.attention.self.value,58.19160694884202
sst2@s0,bert.encoder.layer.9.intermediate.dense,435.5587782786974
sst2@s0,bert.encoder.layer.9.output.dense,134.17373239950294
sst2@s0,bert.pooler.dense,8.812846054479396
sst2@s1,bert.encoder.layer.0.attention.output.dense,45.168829449377476
sst2@s1,bert.encoder.layer.0.attention.self.key,157.89702022446332
sst2@s1,bert.encoder.layer.0.attention.self.query,153.91080395796916
sst2@s1,bert.encoder.layer.0.attention.self.value,70.3735546361569
sst2@s1,bert.encoder.layer.0.intermediate.dense,447.09974461842444
sst2@s1,bert.encoder.layer.0.output.dense,423.8219971633866
sst2@s1,bert.encoder.layer.1.attention.output.dense,52.39843524477844
sst2@s1,bert.encoder.layer.1.attention.self.key,135.2096631348942
sst2@s1,bert.encoder.layer.1.attention.self.query,125.30330275249997
sst2@s1,bert.encoder.layer.1.attention.self.value,55.0971042402823
sst2@s1,bert.encoder.layer.1.intermediate.dense,435.5845455437136
sst2@s1,bert.encoder.layer.1.output.dense,307.8586413442593
sst2@s1,bert.encoder.layer.10.attention.output.dense,35.375756314211
sst2@s1,bert.encoder.layer.10.attention.self.key,111.04678492571142
sst2@s1,bert.encoder.layer.10.attention.self.query,261.6154341662268
sst2@s1,bert.encoder.layer.10.attention.self.value,36.33024633653264
sst2@s1,bert.encoder.layer.10.intermediate.dense,440.2454458259989
sst2@s1,bert.encoder.layer.10.output.dense,116.31575682806059
sst2@s1,bert.encoder.layer.11.attention.output.dense,23.7350879135692
sst2@s1,bert.encoder.layer.11.attention.self.key,167.2186050954407
sst2@s1,bert.encoder.layer.11.attention.self.query,213.8153489144607
sst2@s1,bert.encoder.layer.11.attention.self.value,22.63992860921715
sst2@s1,bert.encoder.layer.11.intermediate.dense,229.77822788099442
sst2@s1,bert.encoder.layer.11.output.dense,51.431843757239605
sst2@s1,bert.encoder.layer.2.attention.output.dense,48.48186647733191
sst2@s1,bert.encoder.layer.2.attention.self.key,143.6351200889018
sst2@s1,bert.encoder.layer.2.attention.self.query,138.02733317554743
sst2@s1,bert.encoder.layer.2.attention.self.value,43.76236843083008
sst2@s1,bert.encoder.layer.2.intermediate.dense,313.42892825493874
sst2@s1,bert.encoder.layer.2.output.dense,290.35102965593416
sst2@s1,bert.encoder.layer.3.attention.output.dense,53.287704320274955
sst2@s1,bert.encoder.layer.3.attention.self.key,152.9523063744988
sst2@s1,bert.encoder.layer.3.attention.self.query,126.5095206504758
sst2@s1,bert.encoder.layer.3.attention.self.value,51.747460353321564
sst2@s1,bert.encoder.layer.3.intermediate.dense,337.5857781372274
sst2@s1,bert.encoder.layer.3.output.dense,328.78076523390666
sst2@s1,bert.encoder.layer.4.attention.output.dense,60.697780868728714
sst2@s1,bert.encoder.layer.4.attention.self.key,126.96410038338917
sst2@s1,bert.encoder.layer.4.attention.self.query,126.18766735041675
sst2@s1,bert.encoder.layer.4.attention.self.value,62.52069465025265
sst2@s1,bert.encoder.layer.4.intermediate.dense,336.04549431129817
sst2@s1,bert.encoder.layer.4.output.dense,294.77071580596134
sst2@s1,bert.encoder.layer.5.attention.output.dense,61.69576006622354
sst2@s1,bert.encoder.layer.5.attention.self.key,124.49697800672638
sst2@s1,bert.encoder.layer.5.attention.self.query,129.1572494343891
sst2@s1,bert.encoder.layer.5.attention.self.value,64.85655060408611
sst2@s1,bert.encoder.layer.5.intermediate.dense,377.00912376302637
sst2@s1,bert.encoder.layer.5.output.dense,251.20440315985365
sst2@s1,bert.encoder.layer.6.attention.output.dense,53.96251160537062
sst2@s1,bert.encoder.layer.6.attention.self.key,128.96806365334126
sst2@s1,bert.encoder.layer.6.attention.self.query,124.99010446968286
sst2@s1,bert.encoder.layer.6.attention.self.value,61.77431467893266
sst2@s1,bert.encoder.layer.6.intermediate.dense,404.8397278534902
sst2@s1,bert.encoder.layer.6.output.dense,210.195264445404
sst2@s1,bert.encoder.layer.7.attention.output.dense,47.23289721865844
sst2@s1,bert.encoder.layer.7.attention.self.key,134.13160214528932
sst2@s1,bert.encoder.layer.7.attention.self.query,129.38852867059015
sst2@s1,bert.encoder.layer.7.attention.self.value,59.849812965265095
sst2@s1,bert.encoder.layer.7.intermediate.dense,356.9420311357666
sst2@s1,bert.encoder.layer.7.output.dense,226.68232309896112
sst2@s1,bert.encoder.layer.8.attention.output.dense,64.89156170747869
sst2@s1,bert.encoder.layer.8.attention.self.key,94.18098236727994
sst2@s1,bert.encoder.layer.8.attention.self.query,118.85798526828788
sst2@s1,bert.encoder.layer.8.attention.self.value,39.827213105021876
sst2@s1,bert.encoder.layer.8.intermediate.dense,438.86709449727783
sst2@s1,bert.encoder.layer.8.output.dense,189.28287960468393
sst2@s1,bert.encoder.layer.9.attention.output.dense,55.55677329628204
sst2@s1,bert.encoder.layer.9.attention.self.key,165.41163507140095
sst2@s1,bert.encoder.layer.9.attention.self.query,196.09226780644423
sst2@s1,bert.encoder.layer.9.attention.self.value,44.52688650313693
sst2@s1,bert.encoder.layer.9.intermediate.dense,399.7660830445757
sst2@s1,bert.encoder.layer.9.output.dense,143.70325665159098
sst2@s1,bert.pooler.dense,10.282969688498069
stsb@s0,bert.encoder.layer.0.attention.output.dense,16.02108584237966
stsb@s0,bert.encoder.layer.0.attention.self.key,24.28650170589772
stsb@s0,bert.encoder.layer.0.attention.self.query,30.137487684207603
stsb@s0,bert.encoder.layer.0.attention.self.value,12.36730984151896
stsb@s0,bert.encoder.layer.0.intermediate.dense,122.24039522139246
stsb@s0,bert.encoder.layer.0.output.dense,103.23650124954126
stsb@s0,bert.encoder.layer.1.attention.output.dense,16.244664110986587
stsb@s0,bert.encoder.layer.1.attention.self.key,31.570672335282588
stsb@s0,bert.encoder.layer.1.attention.self.query,21.864777147176703
stsb@s0,bert.encoder.layer.1.attention.self.value,11.859556858879497
stsb@s0,bert.encoder.layer.1.intermediate.dense,128.03043636207428
stsb@s0,bert.encoder.layer.1.output.dense,109.1263985997581
stsb@s0,bert.encoder.layer.10.attention.output.dense,11.497397766591332
stsb@s0,bert.encoder.layer.10.attention.self.key,21.268095255700317
stsb@s0,bert.encoder.layer.10.attention.self.query,35.20850384996514
stsb@s0,bert.encoder.layer.10.attention.self.value,9.73012462165001
stsb@s0,bert.encoder.layer.10.intermediate.dense,78.1828491404662
stsb@s0,bert.encoder.layer.10.output.dense,30.937902430471777
stsb@s0,bert.encoder.layer.11.attention.output.dense,5.399286200228168
stsb@s0,bert.encoder.layer.11.attention.self.key,30.179111565425664
stsb@s0,bert.encoder.layer.11.attention.self.query,38.489995239470716
stsb@s0,bert.encoder.layer.11.attention.self.value,11.985782996953368
stsb@s0,bert.encoder.layer.11.intermediate.dense,50.907841714828315
stsb@s0,bert.encoder.layer.11.output.dense,12.546017700199812
stsb@s0,bert.encoder.layer.2.attention.output.dense,16.210654361336115
stsb@s0,bert.encoder.layer.2.attention.self.key,30.98171124801325
stsb@s0,bert.encoder.layer.2.attention.self.query,25.546002812325064
stsb@s0,bert.encoder.layer.2.attention.self.value,15.554702375421142
stsb@s0,bert.encoder.layer.2.intermediate.dense,108.9871518838544
stsb@s0,bert.encoder.layer.2.output.dense,92.95148299247425
stsb@s0,bert.encoder.layer.3.attention.output.dense,16.111058573406673
stsb@s0,bert.encoder.layer.3.attention.self.key,29.596013633768337
stsb@s0,bert.encoder.layer.3.attention.self.query,25.886744126983046
stsb@s0,bert.encoder.layer.3.attention.self.value,12.910691805878356
stsb@s0,bert.encoder.layer.3.intermediate.dense,111.11945230068771
stsb@s0,bert.encoder.layer.3.output.dense,110.385836339035
stsb@s0,bert.encoder.layer.4.attention.output.dense,16.793272810225417
stsb@s0,bert.encoder.layer.4.attention.self.key,36.88641180905622
stsb@s0,bert.encoder.layer.4.attention.self.query,23.65899834020791
stsb@s0,bert.encoder.layer.4.attention.self.value,16.788937001197233
stsb@s0,bert.encoder.layer.4.intermediate.dense,108.51821196691499
stsb@s0,bert.encoder.layer.4.output.dense,99.12890887806175
stsb@s0,bert.encoder.layer.5.attention.output.dense,20.864669204106995
stsb@s0,bert.encoder.layer.5.attention.self.key,35.70188215065901
stsb@s0,bert.encoder.layer.5.attention.self.query,35.791223833420396
stsb@s0,bert.encoder.layer.5.attention.self.value,16.262227216016093
stsb@s0,bert.encoder.layer.5.intermediate.dense,129.36997655164674
stsb@s0,bert.encoder.layer.5.output.dense,65.40271793261086
stsb@s0,bert.encoder.layer.6.attention.output.dense,15.469746518654375
stsb@s0,bert.encoder.layer.6.attention.self.key,29.40702814504021
stsb@s0,bert.encoder.layer.6.attention.self.query,21.62532957835
stsb@s0,bert.encoder.layer.6.attention.self.value,16.86634900067739
stsb@s0,bert.encoder.layer.6.intermediate.dense,118.36155378379851
stsb@s0,bert.encoder.layer.6.output.dense,61.21340984691045
stsb@s0,bert.encoder.layer.7.attention.output.dense,21.14748214904525
stsb@s0,bert.encoder.layer.7.attention.self.key,38.524284844339945
stsb@s0,bert.encoder.layer.7.attention.self.query,30.33186875277148
stsb@s0,bert.encoder.layer.7.attention.self.value,18.352883622270973
stsb@s0,bert.encoder.layer.7.intermediate.dense,102.7351623722522
stsb@s0,bert.encoder.layer.7.output.dense,66.3301761483386
stsb@s0,bert.encoder.layer.8.attention.output.dense,14.852610541393204
stsb@s0,bert.encoder.layer.8.attention.self.key,23.71920609839807
stsb@s0,bert.encoder.layer.8.attention.self.query,19.255355680277297
stsb@s0,bert.encoder.layer.8.attention.self.value,13.376120830207578
stsb@s0,bert.encoder.layer.8.intermediate.dense,113.64714636575502
stsb@s0,bert.encoder.layer.8.output.dense,38.138452427518125
stsb@s0,bert.encoder.layer.9.attention.output.dense,12.718706303106753
stsb@s0,bert.encoder.layer.9.attention.self.key,33.35944926721163
stsb@s0,bert.encoder.layer.9.attention.self.query,23.317069173795073
stsb@s0,bert.encoder.layer.9.attention.self.value,12.216586927431829
stsb@s0,bert.encoder.layer.9.intermediate.dense,75.19201686392378
stsb@s0,bert.encoder.layer.9.output.dense,36.71937106875451
stsb@s0,bert.pooler.dense,5.288523967316069
stsb@s1,bert.encoder.layer.0.attention.output.dense,18.971528287636044
stsb@s1,bert.encoder.layer.0.attention.self.key,29.878651276305458
stsb@s1,bert.encoder.layer.0.attention.self.query,33.48984973822638
stsb@s1,bert.encoder.layer.0.attention.self.value,15.460141867816747
stsb@s1,bert.encoder.layer.0.intermediate.dense,133.61886219737386
stsb@s1,bert.encoder.layer.0.output.dense,115.6189743883613
stsb@s1,bert.encoder.layer.1.attention.output.dense,14.82199065735925
stsb@s1,bert.encoder.layer.1.attention.self.key,24.95326325603449
stsb@s1,bert.encoder.layer.1.attention.self.query,30.022694232356073
stsb@s1,bert.encoder.layer.1.attention.self.value,10.24690691522632
stsb@s1,bert.encoder.layer.1.intermediate.dense,138.93383159386067
stsb@s1,bert.encoder.layer.1.output.dense,106.94876271440806
stsb@s1,bert.encoder.layer.10.attention.output.dense,11.536255230429553
stsb@s1,bert.encoder.layer.10.attention.self.key,24.29012220547192
stsb@s1,bert.encoder.layer.10.attention.self.query,35.68404140399442
stsb@s1,bert.encoder.layer.10.attention.self.value,10.394269317276864
stsb@s1,bert.encoder.layer.10.intermediate.dense,81.33680164532723
stsb@s1,bert.encoder.layer.10.output.dense,30.874689718821344
stsb@s1,bert.encoder.layer.11.attention.output.dense,7.5739698218333675
stsb@s1,bert.encoder.layer.11.attention.self.key,20.784772661487416
stsb@s1,bert.encoder.layer.11.attention.self.query,40.11749417008672
stsb@s1,bert.encoder.layer.11.attention.self.value,15.72184860008393
stsb@s1,bert.encoder.layer.11.intermediate.dense,49.50409356326183
stsb@s1,bert.encoder.layer.11.output.dense,13.698655311332464
stsb@s1,bert.encoder.layer.2.attention.output.dense,16.237086796825682
stsb@s1,bert.encoder.layer.2.attention.self.key,27.870436917116578
stsb@s1,bert.encoder.layer.2.attention.self.query,33.373672320264234
stsb@s1,bert.encoder.layer.2.attention.self.value,11.871697670691903
stsb@s1,bert.encoder.layer.2.intermediate.dense,123.03245247157787
stsb@s1,bert.encoder.layer.2.output.dense,91.4667730953465
stsb@s1,bert.encoder.layer.3.attention.output.dense,16.685518927538883
stsb@s1,bert.encoder.layer.3.attention.self.key,28.18179333908931
stsb@s1,bert.encoder.layer.3.attention.self.query,28.32555164250197
stsb@s1,bert.encoder.layer.3.attention.self.value,14.56464608455312
stsb@s1,bert.encoder.layer.3.intermediate.dense,135.18183392344616
stsb@s1,bert.encoder.layer.3.output.dense,83.01140939084367
stsb@s1,bert.encoder.layer.4.attention.output.dense,21.195871080484434
stsb@s1,bert.encoder.layer.4.attention.self.key,46.5481214949672
stsb@s1,bert.encoder.layer.4.attention.self.query,29.635201710228646
stsb@s1,bert.encoder.layer.4.attention.self.value,13.96621638113408
stsb@s1,bert.encoder.layer.4.intermediate.dense,138.1539194856484
stsb@s1,bert.encoder.layer.4.output.dense,60.817566364955184
stsb@s1,bert.encoder.layer.5.attention.output.dense,21.203984229489695
stsb@s1,bert.encoder.layer.5.attention.self.key,32.784880841525776
stsb@s1,bert.encoder.layer.5.attention.self.query,31.87115823104824
stsb@s1,bert.encoder.layer.5.attention.self.value,18.73794501049634
stsb@s1,bert.encoder.layer.5.intermediate.dense,139.25459078620165
stsb@s1,bert.encoder.layer.5.output.dense,82.72437981690067
stsb@s1,bert.encoder.layer.6.attention.output.dense,25.069896006624592
stsb@s1,bert.encoder.layer.6.attention.self.key,29.142882469241773
stsb@s1,bert.encoder.layer.6.attention.self.query,38.274861567719974
stsb@s1,bert.encoder.layer.6.attention.self.value,17.437664572457766
stsb@s1,bert.encoder.layer.6.intermediate.dense,133.58087566204296
stsb@s1,bert.encoder.layer.6.output.dense,55.245572277862166
stsb@s1,bert.encoder.layer.7.attention.output.dense,19.759304858246708
stsb@s1,bert.encoder.layer.7.attention.self.key,47.66678716980192
stsb@s1,bert.encoder.layer.7.attention.self.query,30.635317085907623
stsb@s1,bert.encoder.layer.7.attention.self.value,14.52289673118214
stsb@s1,bert.encoder.layer.7.intermediate.dense,123.12379103050928
stsb@s1,bert.encoder.layer.7.output.dense,60.750158853471774
stsb@s1,bert.encoder.layer.8.attention.output.dense,15.037769203060957
stsb@s1,bert.encoder.layer.8.attention.self.key,26.692161669263225
stsb@s1,bert.encoder.layer.8.attention.self.query,26.882790594033626
stsb@s1,bert.encoder.layer.8.attention.self.value,12.526199950041384
stsb@s1,bert.encoder.layer.8.intermediate.dense,115.17655943164927
stsb@s1,bert.encoder.layer.8.output.dense,36.510341666390445
stsb@s1,bert.encoder.layer.9.attention.output.dense,14.59373050227342
stsb@s1,bert.encoder.layer.9.attention.self.key,26.97723660271186
stsb@s1,bert.encoder.layer.9.attention.self.query,21.52205667827513
stsb@s1,bert.encoder.layer.9.attention.self.value,13.270828009223388
stsb@s1,bert.encoder.layer.9.intermediate.dense,105.07852331390598
stsb@s1,bert.encoder.layer.9.output.dense,32.73339464085808
stsb@s1,bert.pooler.dense,6.56889034447544
trec@s0,bert.encoder.layer.0.attention.output.dense,18.146031803903146
trec@s0,bert.encoder.layer.0.attention.self.key,23.134992387312664
trec@s0,bert.encoder.layer.0.attention.self.query,33.87312209037475
trec@s0,bert.encoder.layer.0.attention.self.value,13.690024429654649
trec@s0,bert.encoder.layer.0.intermediate.dense,111.42997660085977
trec@s0,bert.encoder.layer.0.output.dense,97.50836804597748
trec@s0,bert.encoder.layer.1.attention.output.dense,17.020290636251715
trec@s0,bert.encoder.layer.1.attention.self.key,23.58700166206389
trec@s0,bert.encoder.layer.1.attention.self.query,34.4074265459502
trec@s0,bert.encoder.layer.1.attention.self.value,15.570184365294939
trec@s0,bert.encoder.layer.1.intermediate.dense,92.79733446454775
trec@s0,bert.encoder.layer.1.output.dense,56.125157402328306
trec@s0,bert.encoder.layer.10.attention.output.dense,10.146462582761345
trec@s0,bert.encoder.layer.10.attention.self.key,26.447737526157134
trec@s0,bert.encoder.layer.10.attention.self.query,43.31607910764445
trec@s0,bert.encoder.layer.10.attention.self.value,8.585584959378483
trec@s0,bert.encoder.layer.10.intermediate.dense,91.98270406309344
trec@s0,bert.encoder.layer.10.output.dense,16.376925556060645
trec@s0,bert.encoder.layer.11.attention.output.dense,6.495202077068552
trec@s0,bert.encoder.layer.11.attention.self.key,27.115882048340808
trec@s0,bert.encoder.layer.11.attention.self.query,35.393878222531015
trec@s0,bert.encoder.layer.11.attention.self.value,8.938232914369912
trec@s0,bert.encoder.layer.11.intermediate.dense,85.49624498145496
trec@s0,bert.encoder.layer.11.output.dense,6.9635214609572476
trec@s0,bert.encoder.layer.2.attention.output.dense,12.383409592317589
trec@s0,bert.encoder.layer.2.attention.self.key,21.992035179936497
trec@s0,bert.encoder.layer.2.attention.self.query,22.061133990461467
trec@s0,bert.encoder.layer.2.attention.self.value,12.6276886641553
trec@s0,bert.encoder.layer.2.intermediate.dense,94.73111635355096
trec@s0,bert.encoder.layer.2.output.dense,47.09180206265593
trec@s0,bert.encoder.layer.3.attention.output.dense,14.939948347725258
trec@s0,bert.encoder.layer.3.attention.self.key,29.454389335764343
trec@s0,bert.encoder.layer.3.attention.self.query,19.349370463119804
trec@s0,bert.encoder.layer.3.attention.self.value,10.244603300528292
trec@s0,bert.encoder.layer.3.intermediate.dense,107.22338698634005
trec@s0,bert.encoder.layer.3.output.dense,50.804362534909984
trec@s0,bert.encoder.layer.4.attention.output.dense,12.922635475224627
trec@s0,bert.encoder.layer.4.attention.self.key,14.560754989562703
trec@s0,bert.encoder.layer.4.attention.self.query,18.141395271958814
trec@s0,bert.encoder.layer.4.attention.self.value,9.922729687062475
trec@s0,bert.encoder.layer.4.intermediate.dense,92.92795653930041
trec@s0,bert.encoder.layer.4.output.dense,45.52630583143163
trec@s0,bert.encoder.layer.5.attention.output.dense,13.005723319802845
trec@s0,bert.encoder.layer.5.attention.self.key,17.99163106066985
trec@s0,bert.encoder.layer.5.attention.self.query,18.841734239835915
trec@s0,bert.encoder.layer.5.attention.self.value,13.953128389051306
trec@s0,bert.encoder.layer.5.intermediate.dense,83.23865365164266
trec@s0,bert.encoder.layer.5.output.dense,65.08433669461975
trec@s0,bert.encoder.layer.6.attention.output.dense,10.224956151282745
trec@s0,bert.encoder.layer.6.attention.self.key,31.05805773402929
trec@s0,bert.encoder.layer.6.attention.self.query,22.930340404742438
trec@s0,bert.encoder.layer.6.attention.self.value,12.434111821641402
trec@s0,bert.encoder.layer.6.intermediate.dense,70.61843082204388
trec@s0,bert.encoder.layer.6.output.dense,50.427233990821286
trec@s0,bert.encoder.layer.7.attention.output.dense,12.119488065170732
trec@s0,bert.encoder.layer.7.attention.self.key,25.83424689735475
trec@s0,bert.encoder.layer.7.attention.self.query,18.600261627143507
trec@s0,bert.encoder.layer.7.attention.self.value,12.138929530760759
trec@s0,bert.encoder.layer.7.intermediate.dense,81.68888939729086
trec@s0,bert.encoder.layer.7.output.dense,29.717047354623684
trec@s0,bert.encoder.layer.8.attention.output.dense,10.690165297769425
trec@s0,bert.encoder.layer.8.attention.self.key,21.87116072213603
trec@s0,bert.encoder.layer.8.attention.self.query,51.63968831362282
trec@s0,bert.encoder.layer.8.attention.self.value,7.342603342651392
trec@s0,bert.encoder.layer.8.intermediate.dense,81.33793874417987
trec@s0,bert.encoder.layer.8.output.dense,24.959144565409606
trec@s0,bert.encoder.layer.9.attention.output.dense,9.783703208622866
trec@s0,bert.encoder.layer.9.attention.self.key,37.82385648420206
trec@s0,bert.encoder.layer.9.attention.self.query,25.56286761245238
trec@s0,bert.encoder.layer.9.attention.self.value,7.611837845362072
trec@s0,bert.encoder.layer.9.intermediate.dense,87.40753542099432
trec@s0,bert.encoder.layer.9.output.dense,18.51044278246629
trec@s0,bert.pooler.dense,27.052315374697987
trec@s1,bert.encoder.layer.0.attention.output.dense,19.0998465635456
trec@s1,bert.encoder.layer.0.attention.self.key,27.054175542153036
trec@s1,bert.encoder.layer.0.attention.self.query,31.595509960311755
trec@s1,bert.encoder.layer.0.attention.self.value,15.751612596156669
trec@s1,bert.encoder.layer.0.intermediate.dense,134.60867850103477
trec@s1,bert.encoder.layer.0.output.dense,107.55976265555469
trec@s1,bert.encoder.layer.1.attention.output.dense,19.330659297546774
trec@s1,bert.encoder.layer.1.attention.self.key,20.67231550451441
trec@s1,bert.encoder.layer.1.attention.self.query,25.78677152647945
trec@s1,bert.encoder.layer.1.attention.self.value,12.887108844354982
trec@s1,bert.encoder.layer.1.intermediate.dense,113.60189156105419
trec@s1,bert.encoder.layer.1.output.dense,82.32053000397599
trec@s1,bert.encoder.layer.10.attention.output.dense,13.589501495553831
trec@s1,bert.encoder.layer.10.attention.self.key,39.32286686441643
trec@s1,bert.encoder.layer.10.attention.self.query,47.684753747875405
trec@s1,bert.encoder.layer.10.attention.self.value,7.519043145683041
trec@s1,bert.encoder.layer.10.intermediate.dense,76.23279846276493
trec@s1,bert.encoder.layer.10.output.dense,31.005049833037035
trec@s1,bert.encoder.layer.11.attention.output.dense,9.254411878783205
trec@s1,bert.encoder.layer.11.attention.self.key,24.801345805676295
trec@s1,bert.encoder.layer.11.attention.self.query,41.67740654056121
trec@s1,bert.encoder.layer.11.attention.self.value,8.041964519734254
trec@s1,bert.encoder.layer.11.intermediate.dense,69.90647449736343
trec@s1,bert.encoder.layer.11.output.dense,13.261731192598944
trec@s1,bert.encoder.layer.2.attention.output.dense,15.255797358348056
trec@s1,bert.encoder.layer.2.attention.self.key,29.338270959262058
trec@s1,bert.encoder.layer.2.attention.self.query,28.002290486851255
trec@s1,bert.encoder.layer.2.attention.self.value,14.284785194664568
trec@s1,bert.encoder.layer.2.intermediate.dense,119.34369290547906
trec@s1,bert.encoder.layer.2.output.dense,71.81522389881029
trec@s1,bert.encoder.layer.3.attention.output.dense,12.398873577885004
trec@s1,bert.encoder.layer.3.attention.self.key,22.444188461192375
trec@s1,bert.encoder.layer.3.attention.self.query,21.61028464513514
trec@s1,bert.encoder.layer.3.attention.self.value,13.918317964474616
trec@s1,bert.encoder.layer.3.intermediate.dense,96.77826055081934
trec@s1,bert.encoder.layer.3.output.dense,61.36565401925517
trec@s1,bert.encoder.layer.4.attention.output.dense,12.563467981481956
trec@s1,bert.encoder.layer.4.attention.self.key,17.068796475338047
trec@s1,bert.encoder.layer.4.attention.self.query,23.409204453227687
trec@s1,bert.encoder.layer.4.attention.self.value,12.232007438564578
trec@s1,bert.encoder.layer.4.intermediate.dense,115.90424579105357
trec@s1,bert.encoder.layer.4.output.dense,52.648707866401715
trec@s1,bert.encoder.layer.5.attention.output.dense,15.218001286808327
trec@s1,bert.encoder.layer.5.attention.self.key,20.28567728088207
trec@s1,bert.encoder.layer.5.attention.self.query,19.27829011720953
trec@s1,bert.encoder.layer.5.attention.self.value,13.86268409450184
trec@s1,bert.encoder.layer.5.intermediate.dense,85.051690825355
trec@s1,bert.encoder.layer.5.output.dense,75.4701686324687
trec@s1,bert.encoder.layer.6.attention.output.dense,10.746853866246326
trec@s1,bert.encoder.layer.6.attention.self.key,19.388335569957363
trec@s1,bert.encoder.layer.6.attention.self.query,28.88747289323017
trec@s1,bert.encoder.layer.6.attention.self.value,11.446716759145852
trec@s1,bert.encoder.layer.6.intermediate.dense,82.226786940706
trec@s1,bert.encoder.layer.6.output.dense,35.49237928956682
trec@s1,bert.encoder.layer.7.attention.output.dense,15.044973434607375
trec@s1,bert.encoder.layer.7.attention.self.key,25.31996039458671
trec@s1,bert.encoder.layer.7.attention.self.query,27.123899359441918
trec@s1,bert.encoder.layer.7.attention.self.value,8.29304356264782
trec@s1,bert.encoder.layer.7.intermediate.dense,89.84276702979645
trec@s1,bert.encoder.layer.7.output.dense,31.95311954652776
trec@s1,bert.encoder.layer.8.attention.output.dense,13.458942958631917
trec@s1,bert.encoder.layer.8.attention.self.key,21.09165312559717
trec@s1,bert.encoder.layer.8.attention.self.query,40.49584426325576
trec@s1,bert.encoder.layer.8.attention.self.value,8.72376678569181
trec@s1,bert.encoder.layer.8.intermediate.dense,95.38457313572718
trec@s1,bert.encoder.layer.8.output.dense,24.801899051056978
trec@s1,bert.encoder.layer.9.attention.output.dense,10.333760357015095
trec@s1,bert.encoder.layer.9.attention.self.key,49.87084425635379
trec@s1,bert.encoder.layer.9.attention.self.query,44.542250363850144
trec@s1,bert.encoder.layer.9.attention.self.value,8.242596323979424
trec@s1,bert.encoder.layer.9.intermediate.dense,108.82640556736524
trec@s1,bert.encoder.layer.9.output.dense,27.342577077208993
trec@s1,bert.pooler.dense,24.776200158329935
wic@s0,bert.encoder.layer.0.attention.output.dense,22.20318895887144
wic@s0,bert.encoder.layer.0.attention.self.key,39.27219919610422
wic@s0,bert.encoder.layer.0.attention.self.query,36.05564433990986
wic@s0,bert.encoder.layer.0.attention.self.value,18.952487439704008
wic@s0,bert.encoder.layer.0.intermediate.dense,146.18983674622126
wic@s0,bert.encoder.layer.0.output.dense,123.93731432955266
wic@s0,bert.encoder.layer.1.attention.output.dense,20.52854349522408
wic@s0,bert.encoder.layer.1.attention.self.key,37.10530365806258
wic@s0,bert.encoder.layer.1.attention.self.query,30.97387934388841
wic@s0,bert.encoder.layer.1.attention.self.value,18.697431785648128
wic@s0,bert.encoder.layer.1.intermediate.dense,125.43488732960496
wic@s0,bert.encoder.layer.1.output.dense,113.06704970062749
wic@s0,bert.encoder.layer.10.attention.output.dense,8.389444107595352
wic@s0,bert.encoder.layer.10.attention.self.key,19.35447640264833
wic@s0,bert.encoder.layer.10.attention.self.query,24.558218574796882
wic@s0,bert.encoder.layer.10.attention.self.value,14.162383608917166
wic@s0,bert.encoder.layer.10.intermediate.dense,139.04471638365993
wic@s0,bert.encoder.layer.10.output.dense,50.682800470582464
wic@s0,bert.encoder.layer.11.attention.output.dense,5.188599391642071
wic@s0,bert.encoder.layer.11.attention.self.key,24.775946399084805
wic@s0,bert.encoder.layer.11.attention.self.query,35.2732453232432
wic@s0,bert.encoder.layer.11.attention.self.value,9.957597002269386
wic@s0,bert.encoder.layer.11.intermediate.dense,53.24073210839465
wic@s0,bert.encoder.layer.11.output.dense,12.8585807329093
wic@s0,bert.encoder.layer.2.attention.output.dense,22.147051218046954
wic@s0,bert.encoder.layer.2.attention.self.key,34.600489535143474
wic@s0,bert.encoder.layer.2.attention.self.query,30.439231711803057
wic@s0,bert.encoder.layer.2.attention.self.value,20.744348585873418
wic@s0,bert.encoder.layer.2.intermediate.dense,135.76497826220773
wic@s0,bert.encoder.layer.2.output.dense,92.29695974012256
wic@s0,bert.encoder.layer.3.attention.output.dense,25.567101510146898
wic@s0,bert.encoder.layer.3.attention.self.key,45.6146062966434
wic@s0,bert.encoder.layer.3.attention.self.query,40.828210068095686
wic@s0,bert.encoder.layer.3.attention.self.value,18.318503540509614
wic@s0,bert.encoder.layer.3.intermediate.dense,136.84941008451082
wic@s0,bert.encoder.layer.3.output.dense,100.61820612708145
wic@s0,bert.encoder.layer.4.attention.output.dense,24.19595252333739
wic@s0,bert.encoder.layer.4.attention.self.key,24.902165587371172
wic@s0,bert.encoder.layer.4.attention.self.query,35.87840415886754
wic@s0,bert.encoder.layer.4.attention.self.value,19.454593452458443
wic@s0,bert.encoder.layer.4.intermediate.dense,159.2546672162017
wic@s0,bert.encoder.layer.4.output.dense,86.3592432484844
wic@s0,bert.encoder.layer.5.attention.output.dense,24.834297217749878
wic@s0,bert.encoder.layer.5.attention.self.key,29.27307278695409
wic@s0,bert.encoder.layer.5.attention.self.query,32.103065439308224
wic@s0,bert.encoder.layer.5.attention.self.value,22.990917401614922
wic@s0,bert.encoder.layer.5.intermediate.dense,116.39661524272533
wic@s0,bert.encoder.layer.5.output.dense,107.7649781466904
wic@s0,bert.encoder.layer.6.attention.output.dense,22.274821438476675
wic@s0,bert.encoder.layer.6.attention.self.key,34.58277478232982
wic@s0,bert.encoder.layer.6.attention.self.query,37.99811153640135
wic@s0,bert.encoder.layer.6.attention.self.value,22.410978515219217
wic@s0,bert.encoder.layer.6.intermediate.dense,122.87499345120524
wic@s0,bert.encoder.layer.6.output.dense,69.37482688975912
wic@s0,bert.encoder.layer.7.attention.output.dense,24.11869540899865
wic@s0,bert.encoder.layer.7.attention.self.key,39.40914129020749
wic@s0,bert.encoder.layer.7.attention.self.query,47.31897968538995
wic@s0,bert.encoder.layer.7.attention.self.value,18.391105454656998
wic@s0,bert.encoder.layer.7.intermediate.dense,146.84197387228923
wic@s0,bert.encoder.layer.7.output.dense,80.69651245087233
wic@s0,bert.encoder.layer.8.attention.output.dense,20.185395534405945
wic@s0,bert.encoder.layer.8.attention.self.key,32.11864068804211
wic@s0,bert.encoder.layer.8.attention.self.query,43.13756930743395
wic@s0,bert.encoder.layer.8.attention.self.value,14.320062369826825
wic@s0,bert.encoder.layer.8.intermediate.dense,152.80949309327931
wic@s0,bert.encoder.layer.8.output.dense,58.96028406536617
wic@s0,bert.encoder.layer.9.attention.output.dense,15.824586756737462
wic@s0,bert.encoder.layer.9.attention.self.key,28.64285700936822
wic@s0,bert.encoder.layer.9.attention.self.query,30.72305998445434
wic@s0,bert.encoder.layer.9.attention.self.value,14.721484029786655
wic@s0,bert.encoder.layer.9.intermediate.dense,120.96625624638963
wic@s0,bert.encoder.layer.9.output.dense,60.193993553129864
wic@s0,bert.pooler.dense,0.6084350271753489
wic@s1,bert.encoder.layer.0.attention.output.dense,22.676665563892676
wic@s1,bert.encoder.layer.0.attention.self.key,33.31814871956362
wic@s1,bert.encoder.layer.0.attention.self.query,36.15913959968829
wic@s1,bert.encoder.layer.0.attention.self.value,19.690152660689876
wic@s1,bert.encoder.layer.0.intermediate.dense,129.11200230574562
wic@s1,bert.encoder.layer.0.output.dense,138.3776515992812
wic@s1,bert.encoder.layer.1.attention.output.dense,19.570827292699974
wic@s1,bert.encoder.layer.1.attention.self.key,28.629963778227822
wic@s1,bert.encoder.layer.1.attention.self.query,34.77988814898506
wic@s1,bert.encoder.layer.1.attention.self.value,16.01833257045533
wic@s1,bert.encoder.layer.1.intermediate.dense,139.31591020832678
wic@s1,bert.encoder.layer.1.output.dense,157.02911822036452
wic@s1,bert.encoder.layer.10.attention.output.dense,14.246075265034118
wic@s1,bert.encoder.layer.10.attention.self.key,28.251852552009304
wic@s1,bert.encoder.layer.10.attention.self.query,35.764765595738155
wic@s1,bert.encoder.layer.10.attention.self.value,13.55380208639377
wic@s1,bert.encoder.layer.10.intermediate.dense,125.46934806464009
wic@s1,bert.encoder.layer.10.output.dense,56.075676120334556
wic@s1,bert.encoder.layer.11.attention.output.dense,9.0361233436659
wic@s1,bert.encoder.layer.11.attention.self.key,35.183878373674155
wic@s1,bert.encoder.layer.11.attention.self.query,49.01829907822233
wic@s1,bert.encoder.layer.11.attention.self.value,11.756856021522347
wic@s1,bert.encoder.layer.11.intermediate.dense,87.67906561114458
wic@s1,bert.encoder.layer.11.output.dense,16.31711917279174
wic@s1,bert.encoder.layer.2.attention.output.dense,21.2516237155698
wic@s1,bert.encoder.layer.2.attention.self.key,22.524593801058522
wic@s1,bert.encoder.layer.2.attention.self.query,33.50982825543838
wic@s1,bert.encoder.layer.2.attention.self.value,16.968595076704226
wic@s1,bert.encoder.layer.2.intermediate.dense,154.2170875655168
wic@s1,bert.encoder.layer.2.output.dense,114.49834223100966
wic@s1,bert.encoder.layer.3.attention.output.dense,15.639075392235775
wic@s1,bert.encoder.layer.3.attention.self.key,33.23833601521252
wic@s1,bert.encoder.layer.3.attention.self.query,40.86533260149014
wic@s1,bert.encoder.layer.3.attention.self.value,18.41089743521943
wic@s1,bert.encoder.layer.3.intermediate.dense,145.62185136247626
wic@s1,bert.encoder.layer.3.output.dense,85.41485285160971
wic@s1,bert.encoder.layer.4.attention.output.dense,23.65986487651242
wic@s1,bert.encoder.layer.4.attention.self.key,29.121805059049194
wic@s1,bert.encoder.layer.4.attention.self.query,30.838732033456512
wic@s1,bert.encoder.layer.4.attention.self.value,18.876822086062663
wic@s1,bert.encoder.layer.4.intermediate.dense,130.20888093700503
wic@s1,bert.encoder.layer.4.output.dense,112.1069212670102
wic@s1,bert.encoder.layer.5.attention.output.dense,28.460207390238384
wic@s1,bert.encoder.layer.5.attention.self.key,35.63349167521064
wic@s1,bert.encoder.layer.5.attention.self.query,33.09015786370538
wic@s1,bert.encoder.layer.5.attention.self.value,23.05374765171558
wic@s1,bert.encoder.layer.5.intermediate.dense,134.62937762874836
wic@s1,bert.encoder.layer.5.output.dense,99.33732458122613
wic@s1,bert.encoder.layer.6.attention.output.dense,27.186436445653886
wic@s1,bert.encoder.layer.6.attention.self.key,38.589658819766974
wic@s1,bert.encoder.layer.6.attention.self.query,39.305121574266124
wic@s1,bert.encoder.layer.6.attention.self.value,20.544965766621306
wic@s1,bert.encoder.layer.6.intermediate.dense,139.9533563116857
wic@s1,bert.encoder.layer.6.output.dense,62.1644034045152
wic@s1,bert.encoder.layer.7.attention.output.dense,22.842432832618364
wic@s1,bert.encoder.layer.7.attention.self.key,43.20926296583211
wic@s1,bert.encoder.layer.7.attention.self.query,33.326420016489394
wic@s1,bert.encoder.layer.7.attention.self.value,16.937074738467693
wic@s1,bert.encoder.layer.7.intermediate.dense,141.2336009192779
wic@s1,bert.encoder.layer.7.output.dense,76.86964836435493
wic@s1,bert.encoder.layer.8.attention.output.dense,18.536351730017678
wic@s1,bert.encoder.layer.8.attention.self.key,42.441771633956186
wic@s1,bert.encoder.layer.8.attention.self.query,44.97757405697052
wic@s1,bert.encoder.layer.8.attention.self.value,14.109937179829652
wic@s1,bert.encoder.layer.8.intermediate.dense,134.59638195243363
wic@s1,bert.encoder.layer.8.output.dense,62.66643215093953
wic@s1,bert.encoder.layer.9.attention.output.dense,20.131310168194346
wic@s1,bert.encoder.layer.9.attention.self.key,28.6816098664262
wic@s1,bert.encoder.layer.9.attention.self.query,41.0570748545643
wic@s1,bert.encoder.layer.9.attention.self.value,16.66892310418902
wic@s1,bert.encoder.layer.9.intermediate.dense,146.9699765562642
wic@s1,bert.encoder.layer.9.output.dense,64.2880500595602
wic@s1,bert.pooler.dense,1.3787735003887518
yelp_polarity@s0,bert.encoder.layer.0.attention.output.dense,61.201694738817736
yelp_polarity@s0,bert.encoder.layer.0.attention.self.key,160.8509063261974
yelp_polarity@s0,bert.encoder.layer.0.attention.self.query,139.7634632997516
yelp_polarity@s0,bert.encoder.layer.0.attention.self.value,59.07126106844169
yelp_polarity@s0,bert.encoder.layer.0.intermediate.dense,467.31286651251673
yelp_polarity@s0,bert.encoder.layer.0.output.dense,405.5556178617701
yelp_polarity@s0,bert.encoder.layer.1.attention.output.dense,48.43744469481191
yelp_polarity@s0,bert.encoder.layer.1.attention.self.key,115.2569914653782
yelp_polarity@s0,bert.encoder.layer.1.attention.self.query,126.41291424134369
yelp_polarity@s0,bert.encoder.layer.1.attention.self.value,51.4967303869603
yelp_polarity@s0,bert.encoder.layer.1.intermediate.dense,444.4710683383073
yelp_polarity@s0,bert.encoder.layer.1.output.dense,319.00401242738525
yelp_polarity@s0,bert.encoder.layer.10.attention.output.dense,32.86312579059846
yelp_polarity@s0,bert.encoder.layer.10.attention.self.key,76.13052985318632
yelp_polarity@s0,bert.encoder.layer.10.attention.self.query,108.26279411149716
yelp_polarity@s0,bert.encoder.layer.10.attention.self.value,33.05073383072168
yelp_polarity@s0,bert.encoder.layer.10.intermediate.dense,298.78244257090626
yelp_polarity@s0,bert.encoder.layer.10.output.dense,34.3792240750254
yelp_polarity@s0,bert.encoder.layer.11.attention.output.dense,30.771918703957958
yelp_polarity@s0,bert.encoder.layer.11.attention.self.key,106.52455739087955
yelp_polarity@s0,bert.encoder.layer.11.attention.self.query,58.96098184788279
yelp_polarity@s0,bert.encoder.layer.11.attention.self.value,18.27548620640927
yelp_polarity@s0,bert.encoder.layer.11.intermediate.dense,217.65701512849182
yelp_polarity@s0,bert.encoder.layer.11.output.dense,26.219206392409856
yelp_polarity@s0,bert.encoder.layer.2.attention.output.dense,45.86475663225463
yelp_polarity@s0,bert.encoder.layer.2.attention.self.key,117.01506166132104
yelp_polarity@s0,bert.encoder.layer.2.attention.self.query,124.69696903922625
yelp_polarity@s0,bert.encoder.layer.2.attention.self.value,51.74303859105332
yelp_polarity@s0,bert.encoder.layer.2.intermediate.dense,418.9843912198046
yelp_polarity@s0,bert.encoder.layer.2.output.dense,344.10687156130103
yelp_polarity@s0,bert.encoder.layer.3.attention.output.dense,48.860485877387106
yelp_polarity@s0,bert.encoder.layer.3.attention.self.key,98.98265312168618
yelp_polarity@s0,bert.encoder.layer.3.attention.self.query,100.39434926530967
yelp_polarity@s0,bert.encoder.layer.3.attention.self.value,43.81546051214611
yelp_polarity@s0,bert.encoder.layer.3.intermediate.dense,327.7139180922212
yelp_polarity@s0,bert.encoder.layer.3.output.dense,260.21891817257193
yelp_polarity@s0,bert.encoder.layer.4.attention.output.dense,56.28372021879609
yelp_polarity@s0,bert.encoder.layer.4.attention.self.key,90.20673399079887
yelp_polarity@s0,bert.encoder.layer.4.attention.self.query,94.77765284972334
yelp_polarity@s0,bert.encoder.layer.4.attention.self.value,52.50000106954337
yelp_polarity@s0,bert.encoder.layer.4.intermediate.dense,299.3889465147257
yelp_polarity@s0,bert.encoder.layer.4.output.dense,258.06696036107377
yelp_polarity@s0,bert.encoder.layer.5.attention.output.dense,59.661286996794814
yelp_polarity@s0,bert.encoder.layer.5.attention.self.key,88.63927174103092
yelp_polarity@s0,bert.encoder.layer.5.attention.self.query,99.1220320319387
yelp_polarity@s0,bert.encoder.layer.5.attention.self.value,54.32901042624085
yelp_polarity@s0,bert.encoder.layer.5.intermediate.dense,304.01569170243215
yelp_polarity@s0,bert.encoder.layer.5.output.dense,226.83903439844505
yelp_polarity@s0,bert.encoder.layer.6.attention.output.dense,49.08703674325612
yelp_polarity@s0,bert.encoder.layer.6.attention.self.key,110.09186533766155
yelp_polarity@s0,bert.encoder.layer.6.attention.self.query,86.57939406547543
yelp_polarity@s0,bert.encoder.layer.6.attention.self.value,56.4379714427422
yelp_polarity@s0,bert.encoder.layer.6.intermediate.dense,322.0925066097759
yelp_polarity@s0,bert.encoder.layer.6.output.dense,165.2609711542397
yelp_polarity@s0,bert.encoder.layer.7.attention.output.dense,42.670311960799175
yelp_polarity@s0,bert.encoder.layer.7.attention.self.key,89.44471752952373
yelp_polarity@s0,bert.encoder.layer.7.attention.self.query,99.97617895724028
yelp_polarity@s0,bert.encoder.layer.7.attention.self.value,53.37563429577634
yelp_polarity@s0,bert.encoder.layer.7.intermediate.dense,322.0966823204561
yelp_polarity@s0,bert.encoder.layer.7.output.dense,178.63625126361265
yelp_polarity@s0,bert.encoder.layer.8.attention.output.dense,41.5781427219348
yelp_polarity@s0,bert.encoder.layer.8.attention.self.key,95.23188254505347
yelp_polarity@s0,bert.encoder.layer.8.attention.self.query,115.77254026274682
yelp_polarity@s0,bert.encoder.layer.8.attention.self.value,33.361602734692035
yelp_polarity@s0,bert.encoder.layer.8.intermediate.dense,256.61868533854266
yelp_polarity@s0,bert.encoder.layer.8.output.dense,87.89134645555517
yelp_polarity@s0,bert.encoder.layer.9.attention.output.dense,42.11050014204278
yelp_polarity@s0,bert.encoder.layer.9.attention.self.key,90.41109903180214
yelp_polarity@s0,bert.encoder.layer.9.attention.self.query,147.63009750116092
yelp_polarity@s0,bert.encoder.layer.9.attention.self.value,27.546543583331182
yelp_polarity@s0,bert.encoder.layer.9.intermediate.dense,289.7977224861496
yelp_polarity@s0,bert.encoder.layer.9.output.dense,64.89201326506158
yelp_polarity@s0,bert.pooler.dense,7.869597533286927
yelp_polarity@s1,bert.encoder.layer.0.attention.output.dense,63.21972984918912
yelp_polarity@s1,bert.encoder.layer.0.attention.self.key,154.16350832645975
yelp_polarity@s1,bert.encoder.layer.0.attention.self.query,127.15312341139551
yelp_polarity@s1,bert.encoder.layer.0.attention.self.value,68.42583458391637
yelp_polarity@s1,bert.encoder.layer.0.intermediate.dense,476.3189209144934
yelp_polarity@s1,bert.encoder.layer.0.output.dense,442.73808028798726
yelp_polarity@s1,bert.encoder.layer.1.attention.output.dense,49.56757645752819
yelp_polarity@s1,bert.encoder.layer.1.attention.self.key,109.72488670994186
yelp_polarity@s1,bert.encoder.layer.1.attention.self.query,106.87154522048513
yelp_polarity@s1,bert.encoder.layer.1.attention.self.value,51.67184935287588
yelp_polarity@s1,bert.encoder.layer.1.intermediate.dense,417.8980315758912
yelp_polarity@s1,bert.encoder.layer.1.output.dense,328.85715900732123
yelp_polarity@s1,bert.encoder.layer.10.attention.output.dense,34.845222638781124
yelp_polarity@s1,bert.encoder.layer.10.attention.self.key,105.95992482154121
yelp_polarity@s1,bert.encoder.layer.10.attention.self.query,133.14295072591364
yelp_polarity@s1,bert.encoder.layer.10.attention.self.value,37.243906443384105
yelp_polarity@s1,bert.encoder.layer.10.intermediate.dense,280.23611683290164
yelp_polarity@s1,bert.encoder.layer.10.output.dense,80.82926564112498
yelp_polarity@s1,bert.encoder.layer.11.attention.output.dense,26.74065327594352
yelp_polarity@s1,bert.encoder.layer.11.attention.self.key,96.95444641973282
yelp_polarity@s1,bert.encoder.layer.11.attention.self.query,121.73929205466555
yelp_polarity@s1,bert.encoder.layer.11.attention.self.value,23.043609625955142
yelp_polarity@s1,bert.encoder.layer.11.intermediate.dense,221.68007983847133
yelp_polarity@s1,bert.encoder.layer.11.output.dense,27.59198646631585
yelp_polarity@s1,bert.encoder.layer.2.attention.output.dense,47.59563730626465
yelp_polarity@s1,bert.encoder.layer.2.attention.self.key,98.94252013516646
yelp_polarity@s1,bert.encoder.layer.2.attention.self.query,121.16730964492042
yelp_polarity@s1,bert.encoder.layer.2.attention.self.value,49.213941127102444
yelp_polarity@s1,bert.encoder.layer.2.intermediate.dense,334.4621138609069
yelp_polarity@s1,bert.encoder.layer.2.output.dense,333.56921749325755
yelp_polarity@s1,bert.encoder.layer.3.attention.output.dense,48.394427141806226
yelp_polarity@s1,bert.encoder.layer.3.attention.self.key,103.59094730796788
yelp_polarity@s1,bert.encoder.layer.3.attention.self.query,111.17806967929924
yelp_polarity@s1,bert.encoder.layer.3.attention.self.value,46.12336918596258
yelp_polarity@s1,bert.encoder.layer.3.intermediate.dense,350.88655507322414
yelp_polarity@s1,bert.encoder.layer.3.output.dense,328.1829833319718
yelp_polarity@s1,bert.encoder.layer.4.attention.output.dense,55.29789516222188
yelp_polarity@s1,bert.encoder.layer.4.attention.self.key,103.88442407552103
yelp_polarity@s1,bert.encoder.layer.4.attention.self.query,89.5397222293683
yelp_polarity@s1,bert.encoder.layer.4.attention.self.value,49.894752654161266
yelp_polarity@s1,bert.encoder.layer.4.intermediate.dense,362.45575872625454
yelp_polarity@s1,bert.encoder.layer.4.output.dense,249.07142626995096
yelp_polarity@s1,bert.encoder.layer.5.attention.output.dense,56.0716640609257
yelp_polarity@s1,bert.encoder.layer.5.attention.self.key,85.93841720177831
yelp_polarity@s1,bert.encoder.layer.5.attention.self.query,98.78732366070265
yelp_polarity@s1,bert.encoder.layer.5.attention.self.value,54.082670041377405
yelp_polarity@s1,bert.encoder.layer.5.intermediate.dense,317.58083528192276
yelp_polarity@s1,bert.encoder.layer.5.output.dense,245.5132058890873
yelp_polarity@s1,bert.encoder.layer.6.attention.output.dense,51.71142068166256
yelp_polarity@s1,bert.encoder.layer.6.attention.self.key,91.86656309516182
yelp_polarity@s1,bert.encoder.layer.6.attention.self.query,85.681238632616
yelp_polarity@s1,bert.encoder.layer.6.attention.self.value,49.473306806483485
yelp_polarity@s1,bert.encoder.layer.6.intermediate.dense,288.8939967330972
yelp_polarity@s1,bert.encoder.layer.6.output.dense,190.37433683540127
yelp_polarity@s1,bert.encoder.layer.7.attention.output.dense,48.869354640301204
yelp_polarity@s1,bert.encoder.layer.7.attention.self.key,107.87549906960604
yelp_polarity@s1,bert.encoder.layer.7.attention.self.query,103.51271282281284
yelp_polarity@s1,bert.encoder.layer.7.attention.self.value,46.942444148526924
yelp_polarity@s1,bert.encoder.layer.7.intermediate.dense,298.7474921687379
yelp_polarity@s1,bert.encoder.layer.7.output.dense,164.89605344443072
yelp_polarity@s1,bert.encoder.layer.8.attention.output.dense,40.16505983707331
yelp_polarity@s1,bert.encoder.layer.8.attention.self.key,77.82249142410627
yelp_polarity@s1,bert.encoder.layer.8.attention.self.query,116.68387181113168
yelp_polarity@s1,bert.encoder.layer.8.attention.self.value,41.128449201004834
yelp_polarity@s1,bert.encoder.layer.8.intermediate.dense,326.2865698001299
yelp_polarity@s1,bert.encoder.layer.8.output.dense,139.06331615570195
yelp_polarity@s1,bert.encoder.layer.9.attention.output.dense,45.350981040759486
yelp_polarity@s1,bert.encoder.layer.9.attention.self.key,69.44580756605222
yelp_polarity@s1,bert.encoder.layer.9.attention.self.query,138.59625128310248
yelp_polarity@s1,bert.encoder.layer.9.attention.self.value,28.632090927714216
yelp_polarity@s1,bert.encoder.layer.9.intermediate.dense,297.3295184627618
yelp_polarity@s1,bert.encoder.layer.9.output.dense,55.95892921113372
yelp_polarity@s1,bert.pooler.dense,15.353992562678876
