adapter,layer,n2
ag_news@s0,model.layers.0.mlp.down_proj,2.9178844878144794
ag_news@s0,model.layers.0.mlp.gate_proj,5.468980348022739
ag_news@s0,model.layers.0.mlp.up_proj,4.574012195513196
ag_news@s0,model.layers.0.self_attn.k_proj,0.09479769698361255
ag_news@s0,model.layers.0.self_attn.o_proj,0.8122235813185132
ag_news@s0,model.layers.0.self_attn.q_proj,1.7055356496277703
ag_news@s0,model.layers.0.self_attn.v_proj,0.09435357549191097
ag_news@s0,model.layers.1.mlp.down_proj,2.2243782260256637
ag_news@s0,model.layers.1.mlp.gate_proj,6.409562228304137
ag_news@s0,model.layers.1.mlp.up_proj,4.232057851466776
ag_news@s0,model.layers.1.self_attn.k_proj,0.14020169815945618
ag_news@s0,model.layers.1.self_attn.o_proj,0.5318166406859084
ag_news@s0,model.layers.1.self_attn.q_proj,0.8210747984050136
ag_news@s0,model.layers.1.self_attn.v_proj,0.0986763595209562
ag_news@s0,model.layers.10.mlp.down_proj,1.1166924094927249
ag_news@s0,model.layers.10.mlp.gate_proj,4.367200157191075
ag_news@s0,model.layers.10.mlp.up_proj,2.3602916920781247
ag_news@s0,model.layers.10.self_attn.k_proj,0.11494108353732783
ag_news@s0,model.layers.10.self_attn.o_proj,0.448814325005808
ag_news@s0,model.layers.10.self_attn.q_proj,1.0254771414345565
ag_news@s0,model.layers.10.self_attn.v_proj,0.10168291676470778
ag_news@s0,model.layers.11.mlp.down_proj,1.3470415373986815
ag_news@s0,model.layers.11.mlp.gate_proj,3.655289055516531
ag_news@s0,model.layers.11.mlp.up_proj,2.5951298536728378
ag_news@s0,model.layers.11.self_attn.k_proj,0.09412931292242599
ag_news@s0,model.layers.11.self_attn.o_proj,0.3442011751144166
ag_news@s0,model.layers.11.self_attn.q_proj,0.6484872878498525
ag_news@s0,model.layers.11.self_attn.v_proj,0.044100325152805236
ag_news@s0,model.layers.12.mlp.down_proj,1.3049530327664576
ag_news@s0,model.layers.12.mlp.gate_proj,3.253015509322108
ag_news@s0,model.layers.12.mlp.up_proj,2.525340758932453
ag_news@s0,model.layers.12.self_attn.k_proj,0.11052445920811725
ag_news@s0,model.layers.12.self_attn.o_proj,0.30545705925686867
ag_news@s0,model.layers.12.self_attn.q_proj,0.9281550608453389
ag_news@s0,model.layers.12.self_attn.v_proj,0.10683148560150722
ag_news@s0,model.layers.13.mlp.down_proj,0.7185069229093477
ag_news@s0,model.layers.13.mlp.gate_proj,2.925732282792666
ag_news@s0,model.layers.13.mlp.up_proj,2.9239260119978963
ag_news@s0,model.layers.13.self_attn.k_proj,0.0974116229918926
ag_news@s0,model.layers.13.self_attn.o_proj,0.3522090920652859
ag_news@s0,model.layers.13.self_attn.q_proj,0.9808253262514646
ag_news@s0,model.layers.13.self_attn.v_proj,0.0650268255370034
ag_news@s0,model.layers.14.mlp.down_proj,1.2469766216522113
ag_news@s0,model.layers.14.mlp.gate_proj,4.740756324993427
ag_news@s0,model.layers.14.mlp.up_proj,2.52382106305757
ag_news@s0,model.layers.14.self_attn.k_proj,0.11902785105570798
ag_news@s0,model.layers.14.self_attn.o_proj,0.40428159771437
ag_news@s0,model.layers.14.self_attn.q_proj,0.6346403507972029
ag_news@s0,model.layers.14.self_attn.v_proj,0.028417926709329147
ag_news@s0,model.layers.15.mlp.down_proj,0.3840225251106957
ag_news@s0,model.layers.15.mlp.gate_proj,3.1876179426649456
ag_news@s0,model.layers.15.mlp.up_proj,1.7030456949250268
ag_news@s0,model.layers.15.self_attn.k_proj,0.1721333803648537
ag_news@s0,model.layers.15.self_attn.o_proj,0.24465669066786142
ag_news@s0,model.layers.15.self_attn.q_proj,0.7072225345968133
ag_news@s0,model.layers.15.self_attn.v_proj,0.06035381818537324
ag_news@s0,model.layers.16.mlp.down_proj,0.2928243946622552
ag_news@s0,model.layers.16.mlp.gate_proj,1.6450711462676033
ag_news@s0,model.layers.16.mlp.up_proj,1.2241095917230855
ag_news@s0,model.layers.16.self_attn.k_proj,0.08234061201139697
ag_news@s0,model.layers.16.self_attn.o_proj,1.6983707723371726
ag_news@s0,model.layers.16.self_attn.q_proj,1.3968746423520402
ag_news@s0,model.layers.16.self_attn.v_proj,0.019077200420756946
ag_news@s0,model.layers.17.mlp.down_proj,0.29396455472700084
ag_news@s0,model.layers.17.mlp.gate_proj,1.6559200539641827
ag_news@s0,model.layers.17.mlp.up_proj,1.120189270980216
ag_news@s0,model.layers.17.self_attn.k_proj,0.09888576059462233
ag_news@s0,model.layers.17.self_attn.o_proj,0.31355720926281744
ag_news@s0,model.layers.17.self_attn.q_proj,0.9235160912756812
ag_news@s0,model.layers.17.self_attn.v_proj,0.03355401584063361
ag_news@s0,model.layers.18.mlp.down_proj,0.1773057392394735
ag_news@s0,model.layers.18.mlp.gate_proj,1.2267680149485076
ag_news@s0,model.layers.18.mlp.up_proj,1.121376463687548
ag_news@s0,model.layers.18.self_attn.k_proj,0.11563033482498977
ag_news@s0,model.layers.18.self_attn.o_proj,0.2933057612992649
ag_news@s0,model.layers.18.self_attn.q_proj,0.953556905800612
ag_news@s0,model.layers.18.self_attn.v_proj,0.022265453927601517
ag_news@s0,model.layers.19.mlp.down_proj,0.21464309541828797
ag_news@s0,model.layers.19.mlp.gate_proj,1.16690243420742
ag_news@s0,model.layers.19.mlp.up_proj,1.3630741234303483
ag_news@s0,model.layers.19.self_attn.k_proj,0.09706799138629314
ag_news@s0,model.layers.19.self_attn.o_proj,0.19347432184747843
ag_news@s0,model.layers.19.self_attn.q_proj,0.6428790011018015
ag_news@s0,model.layers.19.self_attn.v_proj,0.04211350755814936
ag_news@s0,model.layers.2.mlp.down_proj,2.0217720418634655
ag_news@s0,model.layers.2.mlp.gate_proj,5.7922879645576515
ag_news@s0,model.layers.2.mlp.up_proj,4.210954201043374
ag_news@s0,model.layers.2.self_attn.k_proj,0.1268493750352611
ag_news@s0,model.layers.2.self_attn.o_proj,0.8170833855737868
ag_news@s0,model.layers.2.self_attn.q_proj,0.7689229434949931
ag_news@s0,model.layers.2.self_attn.v_proj,0.10478935592406233
ag_news@s0,model.layers.20.mlp.down_proj,0.1998019868998864
ag_news@s0,model.layers.20.mlp.gate_proj,2.0908103733108545
ag_news@s0,model.layers.20.mlp.up_proj,1.4992171926893725
ag_news@s0,model.layers.20.self_attn.k_proj,0.07056341705682316
ag_news@s0,model.layers.20.self_attn.o_proj,0.3111791378829031
ag_news@s0,model.layers.20.self_attn.q_proj,1.1872552074019633
ag_news@s0,model.layers.20.self_attn.v_proj,0.040609334766296044
ag_news@s0,model.layers.21.mlp.down_proj,0.11255080378196894
ag_news@s0,model.layers.21.mlp.gate_proj,6.084351398199726
ag_news@s0,model.layers.21.mlp.up_proj,1.5099362249170851
ag_news@s0,model.layers.21.self_attn.k_proj,0.0539126471364158
ag_news@s0,model.layers.21.self_attn.o_proj,0.1593190835591694
ag_news@s0,model.layers.21.self_attn.q_proj,0.5271880625108619
ag_news@s0,model.layers.21.self_attn.v_proj,0.028147397747370385
ag_news@s0,model.layers.22.mlp.down_proj,0.1211740492365295
ag_news@s0,model.layers.22.mlp.gate_proj,3.167125004522677
ag_news@s0,model.layers.22.mlp.up_proj,2.0412790008696677
ag_news@s0,model.layers.22.self_attn.k_proj,0.036427711615549405
ag_news@s0,model.layers.22.self_attn.o_proj,0.17844781613280106
ag_news@s0,model.layers.22.self_attn.q_proj,0.6517460856800592
ag_news@s0,model.layers.22.self_attn.v_proj,0.04334133319345456
ag_news@s0,model.layers.23.mlp.down_proj,0.017490682914008494
ag_news@s0,model.layers.23.mlp.gate_proj,6.025582211722728
ag_news@s0,model.layers.23.mlp.up_proj,4.037510875103736
ag_news@s0,model.layers.23.self_attn.k_proj,0.06423828335345372
ag_news@s0,model.layers.23.self_attn.o_proj,0.07104643290522236
ag_news@s0,model.layers.23.self_attn.q_proj,0.6024116919258944
ag_news@s0,model.layers.23.self_attn.v_proj,0.2051851754627101
ag_news@s0,model.layers.3.mlp.down_proj,1.3824342088761896
ag_news@s0,model.layers.3.mlp.gate_proj,5.836571509084484
ag_news@s0,model.layers.3.mlp.up_proj,3.5979100707123663
ag_news@s0,model.layers.3.self_attn.k_proj,0.08542921581239295
ag_news@s0,model.layers.3.self_attn.o_proj,0.4732698626911711
ag_news@s0,model.layers.3.self_attn.q_proj,0.9899610274423156
ag_news@s0,model.layers.3.self_attn.v_proj,0.07344189513327491
ag_news@s0,model.layers.4.mlp.down_proj,2.364610558410847
ag_news@s0,model.layers.4.mlp.gate_proj,4.545462918586523
ag_news@s0,model.layers.4.mlp.up_proj,3.2557331053769527
ag_news@s0,model.layers.4.self_attn.k_proj,0.08603345825030166
ag_news@s0,model.layers.4.self_attn.o_proj,0.638586339069222
ag_news@s0,model.layers.4.self_attn.q_proj,0.6782396173047297
ag_news@s0,model.layers.4.self_attn.v_proj,0.07981270640743625
ag_news@s0,model.layers.5.mlp.down_proj,1.510531113423867
ag_news@s0,model.layers.5.mlp.gate_proj,9.089280276068312
ag_news@s0,model.layers.5.mlp.up_proj,3.1892808298948423
ag_news@s0,model.layers.5.self_attn.k_proj,0.08340183170023475
ag_news@s0,model.layers.5.self_attn.o_proj,0.4358096676439731
ag_news@s0,model.layers.5.self_attn.q_proj,0.7020488613612363
ag_news@s0,model.layers.5.self_attn.v_proj,0.07821787533211168
ag_news@s0,model.layers.6.mlp.down_proj,0.9872738409019096
ag_news@s0,model.layers.6.mlp.gate_proj,5.354408572261529
ag_news@s0,model.layers.6.mlp.up_proj,2.840859674237069
ag_news@s0,model.layers.6.self_attn.k_proj,0.09363997467347125
ag_news@s0,model.layers.6.self_attn.o_proj,0.3441958847017893
ag_news@s0,model.layers.6.self_attn.q_proj,0.7451203444915012
ag_news@s0,model.layers.6.self_attn.v_proj,0.07651028436647249
ag_news@s0,model.layers.7.mlp.down_proj,0.9119693449206729
ag_news@s0,model.layers.7.mlp.gate_proj,4.33940402775282
ag_news@s0,model.layers.7.mlp.up_proj,2.937300101481714
ag_news@s0,model.layers.7.self_attn.k_proj,0.0606950537038963
ag_news@s0,model.layers.7.self_attn.o_proj,0.4227711825535292
ag_news@s0,model.layers.7.self_attn.q_proj,0.606310154013579
ag_news@s0,model.layers.7.self_attn.v_proj,0.07624524344433135
ag_news@s0,model.layers.8.mlp.down_proj,0.9128081713497085
ag_news@s0,model.layers.8.mlp.gate_proj,4.01925085616678
ag_news@s0,model.layers.8.mlp.up_proj,2.8386529491027233
ag_news@s0,model.layers.8.self_attn.k_proj,0.060584836840332536
ag_news@s0,model.layers.8.self_attn.o_proj,0.47102825999539183
ag_news@s0,model.layers.8.self_attn.q_proj,0.6767506741827948
ag_news@s0,model.layers.8.self_attn.v_proj,0.07675083374844986
ag_news@s0,model.layers.9.mlp.down_proj,1.1374865471946023
ag_news@s0,model.layers.9.mlp.gate_proj,3.8421964575215326
ag_news@s0,model.layers.9.mlp.up_proj,2.722652463154233
ag_news@s0,model.layers.9.self_attn.k_proj,0.11651657863678047
ag_news@s0,model.layers.9.self_attn.o_proj,0.44545535909937006
ag_news@s0,model.layers.9.self_attn.q_proj,0.6814044922499705
ag_news@s0,model.layers.9.self_attn.v_proj,0.06830464506243682
ag_news@s1,model.layers.0.mlp.down_proj,2.148664312282542
ag_news@s1,model.layers.0.mlp.gate_proj,4.451888870924409
ag_news@s1,model.layers.0.mlp.up_proj,4.263544807135307
ag_news@s1,model.layers.0.self_attn.k_proj,0.10332702114858643
ag_news@s1,model.layers.0.self_attn.o_proj,0.6743412468995245
ag_news@s1,model.layers.0.self_attn.q_proj,0.6124106876608824
ag_news@s1,model.layers.0.self_attn.v_proj,0.07429397221562194
ag_news@s1,model.layers.1.mlp.down_proj,2.2533439663545862
ag_news@s1,model.layers.1.mlp.gate_proj,5.115770615482911
ag_news@s1,model.layers.1.mlp.up_proj,4.092124929050551
ag_news@s1,model.layers.1.self_attn.k_proj,0.08765974467918708
ag_news@s1,model.layers.1.self_attn.o_proj,0.5909469657768431
ag_news@s1,model.layers.1.self_attn.q_proj,0.6519457892519126
ag_news@s1,model.layers.1.self_attn.v_proj,0.08868858247228817
ag_news@s1,model.layers.10.mlp.down_proj,1.1303268651193408
ag_news@s1,model.layers.10.mlp.gate_proj,4.021422416684166
ag_news@s1,model.layers.10.mlp.up_proj,2.233053979156176
ag_news@s1,model.layers.10.self_attn.k_proj,0.08992550635526378
ag_news@s1,model.layers.10.self_attn.o_proj,0.32084217296426465
ag_news@s1,model.layers.10.self_attn.q_proj,0.6261173219055206
ag_news@s1,model.layers.10.self_attn.v_proj,0.06168886533959708
ag_news@s1,model.layers.11.mlp.down_proj,0.8966384373533103
ag_news@s1,model.layers.11.mlp.gate_proj,2.9766802745424945
ag_news@s1,model.layers.11.mlp.up_proj,2.046539029186963
ag_news@s1,model.layers.11.self_attn.k_proj,0.0844095685044999
ag_news@s1,model.layers.11.self_attn.o_proj,0.30369777431089806
ag_news@s1,model.layers.11.self_attn.q_proj,0.4461018334765044
ag_news@s1,model.layers.11.self_attn.v_proj,0.048815934997719995
ag_news@s1,model.layers.12.mlp.down_proj,1.1137161932653301
ag_news@s1,model.layers.12.mlp.gate_proj,2.6974908237018687
ag_news@s1,model.layers.12.mlp.up_proj,2.391218761090448
ag_news@s1,model.layers.12.self_attn.k_proj,0.08025336818204692
ag_news@s1,model.layers.12.self_attn.o_proj,0.27387912183567736
ag_news@s1,model.layers.12.self_attn.q_proj,0.7728914736509924
ag_news@s1,model.layers.12.self_attn.v_proj,0.07369743697100972
ag_news@s1,model.layers.13.mlp.down_proj,1.4920576322161758
ag_news@s1,model.layers.13.mlp.gate_proj,2.6608908233848183
ag_news@s1,model.layers.13.mlp.up_proj,2.4605888126041973
ag_news@s1,model.layers.13.self_attn.k_proj,0.06832270602850846
ag_news@s1,model.layers.13.self_attn.o_proj,0.2706498277450088
ag_news@s1,model.layers.13.self_attn.q_proj,0.5943463192106359
ag_news@s1,model.layers.13.self_attn.v_proj,0.06454758078685295
ag_news@s1,model.layers.14.mlp.down_proj,0.7532697636854782
ag_news@s1,model.layers.14.mlp.gate_proj,2.2787902647655156
ag_news@s1,model.layers.14.mlp.up_proj,1.9236514076221534
ag_news@s1,model.layers.14.self_attn.k_proj,0.05416194627842091
ag_news@s1,model.layers.14.self_attn.o_proj,0.32286237091546743
ag_news@s1,model.layers.14.self_attn.q_proj,0.47291535669340545
ag_news@s1,model.layers.14.self_attn.v_proj,0.02827204554296906
ag_news@s1,model.layers.15.mlp.down_proj,0.3723415896311785
ag_news@s1,model.layers.15.mlp.gate_proj,3.029329583754958
ag_news@s1,model.layers.15.mlp.up_proj,1.527020769217068
ag_news@s1,model.layers.15.self_attn.k_proj,0.06221051951254982
ag_news@s1,model.layers.15.self_attn.o_proj,0.18369612428179957
ag_news@s1,model.layers.15.self_attn.q_proj,0.47313353954546866
ag_news@s1,model.layers.15.self_attn.v_proj,0.036215888021327955
ag_news@s1,model.layers.16.mlp.down_proj,0.31127643931719734
ag_news@s1,model.layers.16.mlp.gate_proj,1.8840591384891812
ag_news@s1,model.layers.16.mlp.up_proj,1.0429953222207793
ag_news@s1,model.layers.16.self_attn.k_proj,0.03427823328667914
ag_news@s1,model.layers.16.self_attn.o_proj,0.14450684357559657
ag_news@s1,model.layers.16.self_attn.q_proj,0.266277623486842
ag_news@s1,model.layers.16.self_attn.v_proj,0.028970168394682565
ag_news@s1,model.layers.17.mlp.down_proj,0.17542248181698614
ag_news@s1,model.layers.17.mlp.gate_proj,1.9265596808837038
ag_news@s1,model.layers.17.mlp.up_proj,0.8768158063773147
ag_news@s1,model.layers.17.self_attn.k_proj,0.0496399937050867
ag_news@s1,model.layers.17.self_attn.o_proj,0.2280229052873807
ag_news@s1,model.layers.17.self_attn.q_proj,0.7808669076878921
ag_news@s1,model.layers.17.self_attn.v_proj,0.09392656715266573
ag_news@s1,model.layers.18.mlp.down_proj,0.1417720794344852
ag_news@s1,model.layers.18.mlp.gate_proj,1.0661900120868542
ag_news@s1,model.layers.18.mlp.up_proj,0.7978367266147657
ag_news@s1,model.layers.18.self_attn.k_proj,0.06654399321027445
ag_news@s1,model.layers.18.self_attn.o_proj,0.1483567280526846
ag_news@s1,model.layers.18.self_attn.q_proj,0.42979071817824
ag_news@s1,model.layers.18.self_attn.v_proj,0.016440830441781712
ag_news@s1,model.layers.19.mlp.down_proj,0.14689666502480103
ag_news@s1,model.layers.19.mlp.gate_proj,1.104585066704918
ag_news@s1,model.layers.19.mlp.up_proj,0.9288828756334592
ag_news@s1,model.layers.19.self_attn.k_proj,0.08690807190181102
ag_news@s1,model.layers.19.self_attn.o_proj,0.1147245116537873
ag_news@s1,model.layers.19.self_attn.q_proj,0.42037807686427336
ag_news@s1,model.layers.19.self_attn.v_proj,0.03495087243276366
ag_news@s1,model.layers.2.mlp.down_proj,1.3040356564356332
ag_news@s1,model.layers.2.mlp.gate_proj,5.193551199893244
ag_news@s1,model.layers.2.mlp.up_proj,3.9318948029784933
ag_news@s1,model.layers.2.self_attn.k_proj,0.13809056307788564
ag_news@s1,model.layers.2.self_attn.o_proj,0.7639507831931811
ag_news@s1,model.layers.2.self_attn.q_proj,0.9260672189130943
ag_news@s1,model.layers.2.self_attn.v_proj,0.10029172376174147
ag_news@s1,model.layers.20.mlp.down_proj,0.08180787722488038
ag_news@s1,model.layers.20.mlp.gate_proj,2.072056762315524
ag_news@s1,model.layers.20.mlp.up_proj,0.8329055644880309
ag_news@s1,model.layers.20.self_attn.k_proj,0.05536104063967464
ag_news@s1,model.layers.20.self_attn.o_proj,0.2716934020273253
ag_news@s1,model.layers.20.self_attn.q_proj,0.4797696599229696
ag_news@s1,model.layers.20.self_attn.v_proj,0.029023751299714892
ag_news@s1,model.layers.21.mlp.down_proj,0.03198476545790174
ag_news@s1,model.layers.21.mlp.gate_proj,3.809574356311296
ag_news@s1,model.layers.21.mlp.up_proj,0.9027272490974225
ag_news@s1,model.layers.21.self_attn.k_proj,0.057600844483760745
ag_news@s1,model.layers.21.self_attn.o_proj,0.10300365723348798
ag_news@s1,model.layers.21.self_attn.q_proj,0.380412037008776
ag_news@s1,model.layers.21.self_attn.v_proj,0.019575962277473297
ag_news@s1,model.layers.22.mlp.down_proj,0.03238247750234624
ag_news@s1,model.layers.22.mlp.gate_proj,5.440567458268312
ag_news@s1,model.layers.22.mlp.up_proj,1.1615522723087917
ag_news@s1,model.layers.22.self_attn.k_proj,0.03375400363728683
ag_news@s1,model.layers.22.self_attn.o_proj,0.09885702798000683
ag_news@s1,model.layers.22.self_attn.q_proj,0.6123765417944876
ag_news@s1,model.layers.22.self_attn.v_proj,0.038468661296156156
ag_news@s1,model.layers.23.mlp.down_proj,0.005533096731397204
ag_news@s1,model.layers.23.mlp.gate_proj,2.321675681832513
ag_news@s1,model.layers.23.mlp.up_proj,1.183849988669824
ag_news@s1,model.layers.23.self_attn.k_proj,0.02739415531647754
ag_news@s1,model.layers.23.self_attn.o_proj,0.03867949458433821
ag_news@s1,model.layers.23.self_attn.q_proj,0.5765850006942682
ag_news@s1,model.layers.23.self_attn.v_proj,0.011965505035778413
ag_news@s1,model.layers.3.mlp.down_proj,1.4956222526281768
ag_news@s1,model.layers.3.mlp.gate_proj,4.960810458686071
ag_news@s1,model.layers.3.mlp.up_proj,3.006894167473427
ag_news@s1,model.layers.3.self_attn.k_proj,0.11255140770522265
ag_news@s1,model.layers.3.self_attn.o_proj,0.45888108675390343
ag_news@s1,model.layers.3.self_attn.q_proj,0.5672937214252758
ag_news@s1,model.layers.3.self_attn.v_proj,0.04741122771016927
ag_news@s1,model.layers.4.mlp.down_proj,1.5159258183037747
ag_news@s1,model.layers.4.mlp.gate_proj,4.847018468419265
ag_news@s1,model.layers.4.mlp.up_proj,3.045397940516692
ag_news@s1,model.layers.4.self_attn.k_proj,0.0758528370561212
ag_news@s1,model.layers.4.self_attn.o_proj,0.5663155251095499
ag_news@s1,model.layers.4.self_attn.q_proj,0.6103872563673924
ag_news@s1,model.layers.4.self_attn.v_proj,0.04893603983005826
ag_news@s1,model.layers.5.mlp.down_proj,1.3823813563967737
ag_news@s1,model.layers.5.mlp.gate_proj,6.423588006383573
ag_news@s1,model.layers.5.mlp.up_proj,2.3661363426527022
ag_news@s1,model.layers.5.self_attn.k_proj,0.07942919964570663
ag_news@s1,model.layers.5.self_attn.o_proj,0.43002743549462186
ag_news@s1,model.layers.5.self_attn.q_proj,0.636166012222662
ag_news@s1,model.layers.5.self_attn.v_proj,0.061025296475619155
ag_news@s1,model.layers.6.mlp.down_proj,1.335219827987032
ag_news@s1,model.layers.6.mlp.gate_proj,4.220594168447722
ag_news@s1,model.layers.6.mlp.up_proj,2.5991405689622358
ag_news@s1,model.layers.6.self_attn.k_proj,0.07819816553630254
ag_news@s1,model.layers.6.self_attn.o_proj,0.4294137040368601
ag_news@s1,model.layers.6.self_attn.q_proj,0.8739780936163339
ag_news@s1,model.layers.6.self_attn.v_proj,0.06993189880031503
ag_news@s1,model.layers.7.mlp.down_proj,1.2456268303480473
ag_news@s1,model.layers.7.mlp.gate_proj,3.219983266344607
ag_news@s1,model.layers.7.mlp.up_proj,2.2202980586750036
ag_news@s1,model.layers.7.self_attn.k_proj,0.08899682270481589
ag_news@s1,model.layers.7.self_attn.o_proj,0.42277736209203065
ag_news@s1,model.layers.7.self_attn.q_proj,0.452778611315878
ag_news@s1,model.layers.7.self_attn.v_proj,0.056374712371687674
ag_news@s1,model.layers.8.mlp.down_proj,1.2800753782584147
ag_news@s1,model.layers.8.mlp.gate_proj,3.8570229586400235
ag_news@s1,model.layers.8.mlp.up_proj,2.243750367934385
ag_news@s1,model.layers.8.self_attn.k_proj,0.07885499581587102
ag_news@s1,model.layers.8.self_attn.o_proj,0.38620823210978505
ag_news@s1,model.layers.8.self_attn.q_proj,0.6147134946993943
ag_news@s1,model.layers.8.self_attn.v_proj,0.08665134144599396
ag_news@s1,model.layers.9.mlp.down_proj,1.3068646139254556
ag_news@s1,model.layers.9.mlp.gate_proj,3.9863520139843653
ag_news@s1,model.layers.9.mlp.up_proj,2.21438177629995
ag_news@s1,model.layers.9.self_attn.k_proj,0.1125205111311758
ag_news@s1,model.layers.9.self_attn.o_proj,0.3019485015930358
ag_news@s1,model.layers.9.self_attn.q_proj,0.6579543640658593
ag_news@s1,model.layers.9.self_attn.v_proj,0.04113791052232804
cola@s0,model.layers.0.mlp.down_proj,5.3191468869603975
cola@s0,model.layers.0.mlp.gate_proj,9.858437937090693
cola@s0,model.layers.0.mlp.up_proj,8.697745102608309
cola@s0,model.layers.0.self_attn.k_proj,0.2124997628232742
cola@s0,model.layers.0.self_attn.o_proj,1.2555109706917065
cola@s0,model.layers.0.self_attn.q_proj,2.5652776227895724
cola@s0,model.layers.0.self_attn.v_proj,0.15433612953455988
cola@s0,model.layers.1.mlp.down_proj,6.045952308628706
cola@s0,model.layers.1.mlp.gate_proj,9.694093107905001
cola@s0,model.layers.1.mlp.up_proj,8.901312805833475
cola@s0,model.layers.1.self_attn.k_proj,0.18421587996720018
cola@s0,model.layers.1.self_attn.o_proj,1.2051430137784918
cola@s0,model.layers.1.self_attn.q_proj,2.266391672299448
cola@s0,model.layers.1.self_attn.v_proj,0.14848820220111256
cola@s0,model.layers.10.mlp.down_proj,3.7083196400420113
cola@s0,model.layers.10.mlp.gate_proj,9.34574035987376
cola@s0,model.layers.10.mlp.up_proj,5.0669344767485045
cola@s0,model.layers.10.self_attn.k_proj,0.2389288571455629
cola@s0,model.layers.10.self_attn.o_proj,1.2245852881117134
cola@s0,model.layers.10.self_attn.q_proj,1.6423719565948842
cola@s0,model.layers.10.self_attn.v_proj,0.09502219088682456
cola@s0,model.layers.11.mlp.down_proj,3.8895624097909938
cola@s0,model.layers.11.mlp.gate_proj,8.889978142436707
cola@s0,model.layers.11.mlp.up_proj,4.902319463159436
cola@s0,model.layers.11.self_attn.k_proj,0.3816620589766761
cola@s0,model.layers.11.self_attn.o_proj,0.47015450437393336
cola@s0,model.layers.11.self_attn.q_proj,1.2250751370099207
cola@s0,model.layers.11.self_attn.v_proj,0.07901549842424391
cola@s0,model.layers.12.mlp.down_proj,1.5719567770896061
cola@s0,model.layers.12.mlp.gate_proj,5.522374554300772
cola@s0,model.layers.12.mlp.up_proj,3.161739087401971
cola@s0,model.layers.12.self_attn.k_proj,0.2698555033970349
cola@s0,model.layers.12.self_attn.o_proj,0.8700253036551476
cola@s0,model.layers.12.self_attn.q_proj,0.9745080930138703
cola@s0,model.layers.12.self_attn.v_proj,0.09578185025118828
cola@s0,model.layers.13.mlp.down_proj,1.2034977021214517
cola@s0,model.layers.13.mlp.gate_proj,4.270268804381746
cola@s0,model.layers.13.mlp.up_proj,3.0806608274501546
cola@s0,model.layers.13.self_attn.k_proj,0.23949138380655574
cola@s0,model.layers.13.self_attn.o_proj,0.7999026659284643
cola@s0,model.layers.13.self_attn.q_proj,2.3730140238355117
cola@s0,model.layers.13.self_attn.v_proj,0.08371296659343531
cola@s0,model.layers.14.mlp.down_proj,0.7116641879124702
cola@s0,model.layers.14.mlp.gate_proj,2.9328515825783756
cola@s0,model.layers.14.mlp.up_proj,1.4724369395077022
cola@s0,model.layers.14.self_attn.k_proj,0.06451342335182536
cola@s0,model.layers.14.self_attn.o_proj,0.2909883564086166
cola@s0,model.layers.14.self_attn.q_proj,0.7481868825779977
cola@s0,model.layers.14.self_attn.v_proj,0.02613939324683658
cola@s0,model.layers.15.mlp.down_proj,0.5099235744957384
cola@s0,model.layers.15.mlp.gate_proj,2.796016342154639
cola@s0,model.layers.15.mlp.up_proj,1.4077864290730369
cola@s0,model.layers.15.self_attn.k_proj,0.17472086114456123
cola@s0,model.layers.15.self_attn.o_proj,0.29576940895329557
cola@s0,model.layers.15.self_attn.q_proj,0.3881696320979675
cola@s0,model.layers.15.self_attn.v_proj,0.1269066997849181
cola@s0,model.layers.16.mlp.down_proj,0.8975107614438674
cola@s0,model.layers.16.mlp.gate_proj,2.630587781475483
cola@s0,model.layers.16.mlp.up_proj,1.2454828878515405
cola@s0,model.layers.16.self_attn.k_proj,0.15738631559817723
cola@s0,model.layers.16.self_attn.o_proj,0.6671745094506424
cola@s0,model.layers.16.self_attn.q_proj,0.5328618392669547
cola@s0,model.layers.16.self_attn.v_proj,0.0208043765092344
cola@s0,model.layers.17.mlp.down_proj,0.31058587518839414
cola@s0,model.layers.17.mlp.gate_proj,1.8396235877598472
cola@s0,model.layers.17.mlp.up_proj,0.8880262776902476
cola@s0,model.layers.17.self_attn.k_proj,0.1076353646808252
cola@s0,model.layers.17.self_attn.o_proj,0.19550053458925898
cola@s0,model.layers.17.self_attn.q_proj,0.8038354174037258
cola@s0,model.layers.17.self_attn.v_proj,0.033549580181859925
cola@s0,model.layers.18.mlp.down_proj,0.2560050919649383
cola@s0,model.layers.18.mlp.gate_proj,1.0513558856279785
cola@s0,model.layers.18.mlp.up_proj,0.9121482102360977
cola@s0,model.layers.18.self_attn.k_proj,0.05700536859843252
cola@s0,model.layers.18.self_attn.o_proj,0.3402684697715395
cola@s0,model.layers.18.self_attn.q_proj,0.7956514643374695
cola@s0,model.layers.18.self_attn.v_proj,0.01822620608960262
cola@s0,model.layers.19.mlp.down_proj,0.27441833036782826
cola@s0,model.layers.19.mlp.gate_proj,1.3701679730746745
cola@s0,model.layers.19.mlp.up_proj,0.7485957324647623
cola@s0,model.layers.19.self_attn.k_proj,0.0695195211934058
cola@s0,model.layers.19.self_attn.o_proj,0.1692419270160678
cola@s0,model.layers.19.self_attn.q_proj,1.3492373219676461
cola@s0,model.layers.19.self_attn.v_proj,0.04953759207633657
cola@s0,model.layers.2.mlp.down_proj,4.065135038533347
cola@s0,model.layers.2.mlp.gate_proj,11.66150151068956
cola@s0,model.layers.2.mlp.up_proj,8.009344942639624
cola@s0,model.layers.2.self_attn.k_proj,0.20917460203258006
cola@s0,model.layers.2.self_attn.o_proj,1.4481308503691024
cola@s0,model.layers.2.self_attn.q_proj,2.220124033437858
cola@s0,model.layers.2.self_attn.v_proj,0.15350210511174991
cola@s0,model.layers.20.mlp.down_proj,0.18397040527171388
cola@s0,model.layers.20.mlp.gate_proj,1.310630748006112
cola@s0,model.layers.20.mlp.up_proj,0.6777129934012713
cola@s0,model.layers.20.self_attn.k_proj,0.06489226614834302
cola@s0,model.layers.20.self_attn.o_proj,0.15195132624177685
cola@s0,model.layers.20.self_attn.q_proj,0.532026718181733
cola@s0,model.layers.20.self_attn.v_proj,0.015777969606348367
cola@s0,model.layers.21.mlp.down_proj,0.04998913672748983
cola@s0,model.layers.21.mlp.gate_proj,1.5564946898570933
cola@s0,model.layers.21.mlp.up_proj,0.6947430078442194
cola@s0,model.layers.21.self_attn.k_proj,0.07702492868494913
cola@s0,model.layers.21.self_attn.o_proj,0.15383454245679531
cola@s0,model.layers.21.self_attn.q_proj,0.5652706229145179
cola@s0,model.layers.21.self_attn.v_proj,0.01911816689096473
cola@s0,model.layers.22.mlp.down_proj,0.10856643120413707
cola@s0,model.layers.22.mlp.gate_proj,1.2072468784568313
cola@s0,model.layers.22.mlp.up_proj,0.8253179583200602
cola@s0,model.layers.22.self_attn.k_proj,0.09639112750471529
cola@s0,model.layers.22.self_attn.o_proj,0.15539339205514419
cola@s0,model.layers.22.self_attn.q_proj,0.5859547219158001
cola@s0,model.layers.22.self_attn.v_proj,0.07100273553316014
cola@s0,model.layers.23.mlp.down_proj,0.007505619760770941
cola@s0,model.layers.23.mlp.gate_proj,1.1471271115917405
cola@s0,model.layers.23.mlp.up_proj,1.0639065365883584
cola@s0,model.layers.23.self_attn.k_proj,0.15468186680959517
cola@s0,model.layers.23.self_attn.o_proj,0.03494624133816725
cola@s0,model.layers.23.self_attn.q_proj,1.5273533103831543
cola@s0,model.layers.23.self_attn.v_proj,1.6727808587069761
cola@s0,model.layers.3.mlp.down_proj,2.8384924967859617
cola@s0,model.layers.3.mlp.gate_proj,13.768415717275563
cola@s0,model.layers.3.mlp.up_proj,7.578196231810866
cola@s0,model.layers.3.self_attn.k_proj,0.1897219437218441
cola@s0,model.layers.3.self_attn.o_proj,1.240261155627486
cola@s0,model.layers.3.self_attn.q_proj,1.516253894081916
cola@s0,model.layers.3.self_attn.v_proj,0.1783749482017378
cola@s0,model.layers.4.mlp.down_proj,5.20645192190897
cola@s0,model.layers.4.mlp.gate_proj,11.444699084704189
cola@s0,model.layers.4.mlp.up_proj,7.9678575188172625
cola@s0,model.layers.4.self_attn.k_proj,0.19651180599924498
cola@s0,model.layers.4.self_attn.o_proj,1.4032716059302506
cola@s0,model.layers.4.self_attn.q_proj,1.371580312914922
cola@s0,model.layers.4.self_attn.v_proj,0.15070532100151277
cola@s0,model.layers.5.mlp.down_proj,5.889757034649984
cola@s0,model.layers.5.mlp.gate_proj,16.64296995489711
cola@s0,model.layers.5.mlp.up_proj,7.078073856725356
cola@s0,model.layers.5.self_attn.k_proj,0.2567392785917493
cola@s0,model.layers.5.self_attn.o_proj,1.1622125848654388
cola@s0,model.layers.5.self_attn.q_proj,1.3277663246500717
cola@s0,model.layers.5.self_attn.v_proj,0.17077938615840207
cola@s0,model.layers.6.mlp.down_proj,3.7943209089130256
cola@s0,model.layers.6.mlp.gate_proj,12.44335933345226
cola@s0,model.layers.6.mlp.up_proj,7.2802899775814955
cola@s0,model.layers.6.self_attn.k_proj,0.15242323059883853
cola@s0,model.layers.6.self_attn.o_proj,1.05129542927311
cola@s0,model.layers.6.self_attn.q_proj,1.3301406837845282
cola@s0,model.layers.6.self_attn.v_proj,0.23306628558466208
cola@s0,model.layers.7.mlp.down_proj,3.6226310280518663
cola@s0,model.layers.7.mlp.gate_proj,12.35282020803121
cola@s0,model.layers.7.mlp.up_proj,7.079169580875771
cola@s0,model.layers.7.self_attn.k_proj,0.23164536218411869
cola@s0,model.layers.7.self_attn.o_proj,1.509078882053938
cola@s0,model.layers.7.self_attn.q_proj,1.7105082290486895
cola@s0,model.layers.7.self_attn.v_proj,0.181266142911775
cola@s0,model.layers.8.mlp.down_proj,5.140026793953831
cola@s0,model.layers.8.mlp.gate_proj,11.124974074735297
cola@s0,model.layers.8.mlp.up_proj,6.378169686665684
cola@s0,model.layers.8.self_attn.k_proj,0.30138139950345744
cola@s0,model.layers.8.self_attn.o_proj,1.1377432127752019
cola@s0,model.layers.8.self_attn.q_proj,1.5821158856672202
cola@s0,model.layers.8.self_attn.v_proj,0.14183895514112027
cola@s0,model.layers.9.mlp.down_proj,4.593988820049482
cola@s0,model.layers.9.mlp.gate_proj,10.049953022034915
cola@s0,model.layers.9.mlp.up_proj,5.462979190578718
cola@s0,model.layers.9.self_attn.k_proj,0.35564476326024697
cola@s0,model.layers.9.self_attn.o_proj,1.5269309800683548
cola@s0,model.layers.9.self_attn.q_proj,1.9311715714046878
cola@s0,model.layers.9.self_attn.v_proj,0.11415906455994584
cola@s1,model.layers.0.mlp.down_proj,5.319178552251307
cola@s1,model.layers.0.mlp.gate_proj,11.388871296436463
cola@s1,model.layers.0.mlp.up_proj,9.220790157102181
cola@s1,model.layers.0.self_attn.k_proj,0.33587468708639917
cola@s1,model.layers.0.self_attn.o_proj,1.4282597971921092
cola@s1,model.layers.0.self_attn.q_proj,3.18651154604239
cola@s1,model.layers.0.self_attn.v_proj,0.14682276424059873
cola@s1,model.layers.1.mlp.down_proj,6.105409286396267
cola@s1,model.layers.1.mlp.gate_proj,11.900613585216131
cola@s1,model.layers.1.mlp.up_proj,9.595040775013734
cola@s1,model.layers.1.self_attn.k_proj,0.235425896901047
cola@s1,model.layers.1.self_attn.o_proj,1.5730551954749803
cola@s1,model.layers.1.self_attn.q_proj,2.470748364947017
cola@s1,model.layers.1.self_attn.v_proj,0.17328192221047156
cola@s1,model.layers.10.mlp.down_proj,2.5413444125126374
cola@s1,model.layers.10.mlp.gate_proj,7.895558669310691
cola@s1,model.layers.10.mlp.up_proj,4.710233166058825
cola@s1,model.layers.10.self_attn.k_proj,0.30036458696020707
cola@s1,model.layers.10.self_attn.o_proj,0.8587273158432905
cola@s1,model.layers.10.self_attn.q_proj,1.6760723250266265
cola@s1,model.layers.10.self_attn.v_proj,0.0894657069525785
cola@s1,model.layers.11.mlp.down_proj,3.8438308826163032
cola@s1,model.layers.11.mlp.gate_proj,7.656153509928765
cola@s1,model.layers.11.mlp.up_proj,4.092364306410385
cola@s1,model.layers.11.self_attn.k_proj,0.57234818997088
cola@s1,model.layers.11.self_attn.o_proj,0.5347055530765688
cola@s1,model.layers.11.self_attn.q_proj,1.7713748914602765
cola@s1,model.layers.11.self_attn.v_proj,0.1233505461257385
cola@s1,model.layers.12.mlp.down_proj,1.461361793374739
cola@s1,model.layers.12.mlp.gate_proj,7.379936296719475
cola@s1,model.layers.12.mlp.up_proj,3.5001000145962182
cola@s1,model.layers.12.self_attn.k_proj,0.23533369809077934
cola@s1,model.layers.12.self_attn.o_proj,0.9809427803696198
cola@s1,model.layers.12.self_attn.q_proj,2.4980459697820887
cola@s1,model.layers.12.self_attn.v_proj,0.07826445303628024
cola@s1,model.layers.13.mlp.down_proj,2.4153915131315298
cola@s1,model.layers.13.mlp.gate_proj,5.885908036456988
cola@s1,model.layers.13.mlp.up_proj,3.979720307131009
cola@s1,model.layers.13.self_attn.k_proj,0.28480951645926417
cola@s1,model.layers.13.self_attn.o_proj,0.6269546788676333
cola@s1,model.layers.13.self_attn.q_proj,1.4208302013897265
cola@s1,model.layers.13.self_attn.v_proj,0.06205267395718244
cola@s1,model.layers.14.mlp.down_proj,1.0871204701222599
cola@s1,model.layers.14.mlp.gate_proj,2.522662226156564
cola@s1,model.layers.14.mlp.up_proj,2.335917157345537
cola@s1,model.layers.14.self_attn.k_proj,0.04282855335481148
cola@s1,model.layers.14.self_attn.o_proj,0.2875253903039574
cola@s1,model.layers.14.self_attn.q_proj,0.8555293941266486
cola@s1,model.layers.14.self_attn.v_proj,0.026615448986115446
cola@s1,model.layers.15.mlp.down_proj,0.5608318538470238
cola@s1,model.layers.15.mlp.gate_proj,2.6896446368299327
cola@s1,model.layers.15.mlp.up_proj,1.9748995068396797
cola@s1,model.layers.15.self_attn.k_proj,0.05562410491747391
cola@s1,model.layers.15.self_attn.o_proj,0.23102857891441475
cola@s1,model.layers.15.self_attn.q_proj,1.2397679564059692
cola@s1,model.layers.15.self_attn.v_proj,0.1602888283745473
cola@s1,model.layers.16.mlp.down_proj,0.921497183785212
cola@s1,model.layers.16.mlp.gate_proj,2.639752191641696
cola@s1,model.layers.16.mlp.up_proj,1.1661084337740857
cola@s1,model.layers.16.self_attn.k_proj,0.10266902993792498
cola@s1,model.layers.16.self_attn.o_proj,0.6024964658486915
cola@s1,model.layers.16.self_attn.q_proj,0.8756264078775631
cola@s1,model.layers.16.self_attn.v_proj,0.02825039875802257
cola@s1,model.layers.17.mlp.down_proj,0.3246240173812272
cola@s1,model.layers.17.mlp.gate_proj,2.1255053478167962
cola@s1,model.layers.17.mlp.up_proj,0.9172399173444923
cola@s1,model.layers.17.self_attn.k_proj,0.16354720598882222
cola@s1,model.layers.17.self_attn.o_proj,0.2630061650455735
cola@s1,model.layers.17.self_attn.q_proj,1.574693142635025
cola@s1,model.layers.17.self_attn.v_proj,0.07519083883082128
cola@s1,model.layers.18.mlp.down_proj,0.221503995867438
cola@s1,model.layers.18.mlp.gate_proj,1.3949227795328594
cola@s1,model.layers.18.mlp.up_proj,0.7595580138259688
cola@s1,model.layers.18.self_attn.k_proj,0.038006277487599924
cola@s1,model.layers.18.self_attn.o_proj,0.2054318246832702
cola@s1,model.layers.18.self_attn.q_proj,0.3361284841222555
cola@s1,model.layers.18.self_attn.v_proj,0.02271859388251669
cola@s1,model.layers.19.mlp.down_proj,0.20943149985112175
cola@s1,model.layers.19.mlp.gate_proj,0.9640623774151974
cola@s1,model.layers.19.mlp.up_proj,0.6283411354731067
cola@s1,model.layers.19.self_attn.k_proj,0.10008690719239526
cola@s1,model.layers.19.self_attn.o_proj,0.2311529012954355
cola@s1,model.layers.19.self_attn.q_proj,0.3673000084839301
cola@s1,model.layers.19.self_attn.v_proj,0.05996849914788535
cola@s1,model.layers.2.mlp.down_proj,5.065698937208606
cola@s1,model.layers.2.mlp.gate_proj,12.225774430575946
cola@s1,model.layers.2.mlp.up_proj,10.181191705461696
cola@s1,model.layers.2.self_attn.k_proj,0.19413644902864796
cola@s1,model.layers.2.self_attn.o_proj,1.500219405671496
cola@s1,model.layers.2.self_attn.q_proj,1.816149859194201
cola@s1,model.layers.2.self_attn.v_proj,0.19357330128165479
cola@s1,model.layers.20.mlp.down_proj,0.14029578626967293
cola@s1,model.layers.20.mlp.gate_proj,0.9915216915205709
cola@s1,model.layers.20.mlp.up_proj,0.6437547174662485
cola@s1,model.layers.20.self_attn.k_proj,0.16580891796174796
cola@s1,model.layers.20.self_attn.o_proj,0.10465358210746381
cola@s1,model.layers.20.self_attn.q_proj,0.517743271745681
cola@s1,model.layers.20.self_attn.v_proj,0.01221826376839474
cola@s1,model.layers.21.mlp.down_proj,0.10739805520675309
cola@s1,model.layers.21.mlp.gate_proj,1.3799594786535674
cola@s1,model.layers.21.mlp.up_proj,0.43692380860144164
cola@s1,model.layers.21.self_attn.k_proj,0.012987302199347262
cola@s1,model.layers.21.self_attn.o_proj,0.08412707024740505
cola@s1,model.layers.21.self_attn.q_proj,0.12296451704228493
cola@s1,model.layers.21.self_attn.v_proj,0.011627115802306125
cola@s1,model.layers.22.mlp.down_proj,0.08934857225522952
cola@s1,model.layers.22.mlp.gate_proj,1.4424987990892995
cola@s1,model.layers.22.mlp.up_proj,1.2111932431391923
cola@s1,model.layers.22.self_attn.k_proj,0.09220368491728712
cola@s1,model.layers.22.self_attn.o_proj,0.11776160077439926
cola@s1,model.layers.22.self_attn.q_proj,1.4692912682546204
cola@s1,model.layers.22.self_attn.v_proj,0.025275778533016272
cola@s1,model.layers.23.mlp.down_proj,0.027789659375642668
cola@s1,model.layers.23.mlp.gate_proj,2.1567289932702063
cola@s1,model.layers.23.mlp.up_proj,3.384362925218328
cola@s1,model.layers.23.self_attn.k_proj,0.028925616805986515
cola@s1,model.layers.23.self_attn.o_proj,0.06599282892962809
cola@s1,model.layers.23.self_attn.q_proj,1.3404158843328202
cola@s1,model.layers.23.self_attn.v_proj,0.0570062664431702
cola@s1,model.layers.3.mlp.down_proj,4.601924601036172
cola@s1,model.layers.3.mlp.gate_proj,12.11429273789399
cola@s1,model.layers.3.mlp.up_proj,7.6638478051653856
cola@s1,model.layers.3.self_attn.k_proj,0.15856320677009747
cola@s1,model.layers.3.self_attn.o_proj,1.486226818548353
cola@s1,model.layers.3.self_attn.q_proj,1.5541899590990964
cola@s1,model.layers.3.self_attn.v_proj,0.2084200721258006
cola@s1,model.layers.4.mlp.down_proj,4.891583472715408
cola@s1,model.layers.4.mlp.gate_proj,12.093903490986682
cola@s1,model.layers.4.mlp.up_proj,9.169788012630196
cola@s1,model.layers.4.self_attn.k_proj,0.1992912790963494
cola@s1,model.layers.4.self_attn.o_proj,1.325416984786047
cola@s1,model.layers.4.self_attn.q_proj,1.5520256550169151
cola@s1,model.layers.4.self_attn.v_proj,0.1632978721062608
cola@s1,model.layers.5.mlp.down_proj,4.397966351241871
cola@s1,model.layers.5.mlp.gate_proj,12.842580918055488
cola@s1,model.layers.5.mlp.up_proj,7.318219676542076
cola@s1,model.layers.5.self_attn.k_proj,0.1386229308566319
cola@s1,model.layers.5.self_attn.o_proj,1.561580041480586
cola@s1,model.layers.5.self_attn.q_proj,1.286417971154115
cola@s1,model.layers.5.self_attn.v_proj,0.2350091867365115
cola@s1,model.layers.6.mlp.down_proj,4.839775745006014
cola@s1,model.layers.6.mlp.gate_proj,13.517820068823545
cola@s1,model.layers.6.mlp.up_proj,7.89386961754508
cola@s1,model.layers.6.self_attn.k_proj,0.20564422453318815
cola@s1,model.layers.6.self_attn.o_proj,1.1283069467447053
cola@s1,model.layers.6.self_attn.q_proj,1.3487096913448842
cola@s1,model.layers.6.self_attn.v_proj,0.21258264241423624
cola@s1,model.layers.7.mlp.down_proj,4.417451763724146
cola@s1,model.layers.7.mlp.gate_proj,11.500292273460042
cola@s1,model.layers.7.mlp.up_proj,6.953597487170523
cola@s1,model.layers.7.self_attn.k_proj,0.26574901991768307
cola@s1,model.layers.7.self_attn.o_proj,1.5382028412480362
cola@s1,model.layers.7.self_attn.q_proj,1.4118202664613098
cola@s1,model.layers.7.self_attn.v_proj,0.23129828240469621
cola@s1,model.layers.8.mlp.down_proj,5.881883289356247
cola@s1,model.layers.8.mlp.gate_proj,11.287567449421442
cola@s1,model.layers.8.mlp.up_proj,6.4702840634413255
cola@s1,model.layers.8.self_attn.k_proj,0.24280256832508118
cola@s1,model.layers.8.self_attn.o_proj,1.1934940389234634
cola@s1,model.layers.8.self_attn.q_proj,2.0238511586678216
cola@s1,model.layers.8.self_attn.v_proj,0.1631515076057306
cola@s1,model.layers.9.mlp.down_proj,5.766544117721672
cola@s1,model.layers.9.mlp.gate_proj,8.580328598054944
cola@s1,model.layers.9.mlp.up_proj,5.702586459336361
cola@s1,model.layers.9.self_attn.k_proj,0.22157008019455243
cola@s1,model.layers.9.self_attn.o_proj,1.4614211345884907
cola@s1,model.layers.9.self_attn.q_proj,1.7784304484441074
cola@s1,model.layers.9.self_attn.v_proj,0.14677554127123063
imdb@s0,model.layers.0.mlp.down_proj,1.977584428294623
imdb@s0,model.layers.0.mlp.gate_proj,4.007761988175815
imdb@s0,model.layers.0.mlp.up_proj,3.886213888301496
imdb@s0,model.layers.0.self_attn.k_proj,0.11845956799147268
imdb@s0,model.layers.0.self_attn.o_proj,0.8302795089252836
imdb@s0,model.layers.0.self_attn.q_proj,1.2380373312627098
imdb@s0,model.layers.0.self_attn.v_proj,0.09724634899556889
imdb@s0,model.layers.1.mlp.down_proj,2.00027731246305
imdb@s0,model.layers.1.mlp.gate_proj,4.618130545347545
imdb@s0,model.layers.1.mlp.up_proj,4.217604226032918
imdb@s0,model.layers.1.self_attn.k_proj,0.11163011992451748
imdb@s0,model.layers.1.self_attn.o_proj,0.6907755055906024
imdb@s0,model.layers.1.self_attn.q_proj,0.8063994285017269
imdb@s0,model.layers.1.self_attn.v_proj,0.10622717185961655
imdb@s0,model.layers.10.mlp.down_proj,1.331674089063137
imdb@s0,model.layers.10.mlp.gate_proj,4.406836381009096
imdb@s0,model.layers.10.mlp.up_proj,3.1817428374554604
imdb@s0,model.layers.10.self_attn.k_proj,0.13555612319329843
imdb@s0,model.layers.10.self_attn.o_proj,0.5664627938289765
imdb@s0,model.layers.10.self_attn.q_proj,0.8764357147773489
imdb@s0,model.layers.10.self_attn.v_proj,0.06200753444490296
imdb@s0,model.layers.11.mlp.down_proj,1.3679694479665834
imdb@s0,model.layers.11.mlp.gate_proj,2.784945273160845
imdb@s0,model.layers.11.mlp.up_proj,2.703183084282089
imdb@s0,model.layers.11.self_attn.k_proj,0.10917059041848684
imdb@s0,model.layers.11.self_attn.o_proj,0.37012643486283586
imdb@s0,model.layers.11.self_attn.q_proj,0.6169069447894758
imdb@s0,model.layers.11.self_attn.v_proj,0.05144805093686952
imdb@s0,model.layers.12.mlp.down_proj,1.7387386969004601
imdb@s0,model.layers.12.mlp.gate_proj,4.14323697098205
imdb@s0,model.layers.12.mlp.up_proj,3.928142445185992
imdb@s0,model.layers.12.self_attn.k_proj,0.14215209026663256
imdb@s0,model.layers.12.self_attn.o_proj,0.8661934029546554
imdb@s0,model.layers.12.self_attn.q_proj,1.6345573762962482
imdb@s0,model.layers.12.self_attn.v_proj,0.05330672985196072
imdb@s0,model.layers.13.mlp.down_proj,1.0768515347475278
imdb@s0,model.layers.13.mlp.gate_proj,2.693981949722709
imdb@s0,model.layers.13.mlp.up_proj,2.073459840321413
imdb@s0,model.layers.13.self_attn.k_proj,0.0854435976124393
imdb@s0,model.layers.13.self_attn.o_proj,0.433950837417688
imdb@s0,model.layers.13.self_attn.q_proj,0.9174341296401677
imdb@s0,model.layers.13.self_attn.v_proj,0.05156241916757302
imdb@s0,model.layers.14.mlp.down_proj,1.2410077076852013
imdb@s0,model.layers.14.mlp.gate_proj,1.877222377766114
imdb@s0,model.layers.14.mlp.up_proj,1.4369795908198337
imdb@s0,model.layers.14.self_attn.k_proj,0.12736333914016557
imdb@s0,model.layers.14.self_attn.o_proj,0.6603424877936275
imdb@s0,model.layers.14.self_attn.q_proj,1.7040834189497467
imdb@s0,model.layers.14.self_attn.v_proj,0.025613007296070096
imdb@s0,model.layers.15.mlp.down_proj,0.4379682641467598
imdb@s0,model.layers.15.mlp.gate_proj,2.099285323310392
imdb@s0,model.layers.15.mlp.up_proj,1.332007556755081
imdb@s0,model.layers.15.self_attn.k_proj,0.055199172881332505
imdb@s0,model.layers.15.self_attn.o_proj,0.2669271994725466
imdb@s0,model.layers.15.self_attn.q_proj,0.47043524511781415
imdb@s0,model.layers.15.self_attn.v_proj,0.07650930619182832
imdb@s0,model.layers.16.mlp.down_proj,0.29366969882997174
imdb@s0,model.layers.16.mlp.gate_proj,0.7247194790311953
imdb@s0,model.layers.16.mlp.up_proj,0.5061776640989479
imdb@s0,model.layers.16.self_attn.k_proj,0.026166132686597027
imdb@s0,model.layers.16.self_attn.o_proj,0.08930245350721748
imdb@s0,model.layers.16.self_attn.q_proj,0.14146642309141885
imdb@s0,model.layers.16.self_attn.v_proj,0.013059864049251267
imdb@s0,model.layers.17.mlp.down_proj,0.09213674536816487
imdb@s0,model.layers.17.mlp.gate_proj,0.43545902961190514
imdb@s0,model.layers.17.mlp.up_proj,0.4381175020284504
imdb@s0,model.layers.17.self_attn.k_proj,0.17652533412027185
imdb@s0,model.layers.17.self_attn.o_proj,0.16837289857946985
imdb@s0,model.layers.17.self_attn.q_proj,0.1782428956407853
imdb@s0,model.layers.17.self_attn.v_proj,0.13702848547973892
imdb@s0,model.layers.18.mlp.down_proj,0.10027335086635886
imdb@s0,model.layers.18.mlp.gate_proj,0.36660060819499146
imdb@s0,model.layers.18.mlp.up_proj,0.3983645634623834
imdb@s0,model.layers.18.self_attn.k_proj,0.008606997883801298
imdb@s0,model.layers.18.self_attn.o_proj,0.08716200383532442
imdb@s0,model.layers.18.self_attn.q_proj,0.18717674600153034
imdb@s0,model.layers.18.self_attn.v_proj,0.008387852779793694
imdb@s0,model.layers.19.mlp.down_proj,0.07053552315691305
imdb@s0,model.layers.19.mlp.gate_proj,0.4458041535468858
imdb@s0,model.layers.19.mlp.up_proj,0.4433460865382341
imdb@s0,model.layers.19.self_attn.k_proj,0.02216192451210065
imdb@s0,model.layers.19.self_attn.o_proj,0.1984585725889621
imdb@s0,model.layers.19.self_attn.q_proj,0.5530515072983611
imdb@s0,model.layers.19.self_attn.v_proj,0.030361736594247693
imdb@s0,model.layers.2.mlp.down_proj,1.7246261194456043
imdb@s0,model.layers.2.mlp.gate_proj,5.3905466492872876
imdb@s0,model.layers.2.mlp.up_proj,4.246010290678457
imdb@s0,model.layers.2.self_attn.k_proj,0.12933520927053366
imdb@s0,model.layers.2.self_attn.o_proj,0.8386799454167972
imdb@s0,model.layers.2.self_attn.q_proj,0.9291120191367285
imdb@s0,model.layers.2.self_attn.v_proj,0.0898538779653596
imdb@s0,model.layers.20.mlp.down_proj,0.05630428400878158
imdb@s0,model.layers.20.mlp.gate_proj,0.37192889498278286
imdb@s0,model.layers.20.mlp.up_proj,0.3769388212488729
imdb@s0,model.layers.20.self_attn.k_proj,0.04617022454488857
imdb@s0,model.layers.20.self_attn.o_proj,0.17071430223410206
imdb@s0,model.layers.20.self_attn.q_proj,0.14761862433024395
imdb@s0,model.layers.20.self_attn.v_proj,0.01583757694919061
imdb@s0,model.layers.21.mlp.down_proj,0.10449777833958351
imdb@s0,model.layers.21.mlp.gate_proj,0.4475047074821114
imdb@s0,model.layers.21.mlp.up_proj,0.24134020146390966
imdb@s0,model.layers.21.self_attn.k_proj,0.02243442757894475
imdb@s0,model.layers.21.self_attn.o_proj,0.07329617300055853
imdb@s0,model.layers.21.self_attn.q_proj,0.1284863060745126
imdb@s0,model.layers.21.self_attn.v_proj,0.01512698689378269
imdb@s0,model.layers.22.mlp.down_proj,0.29701890526665203
imdb@s0,model.layers.22.mlp.gate_proj,0.35275815135641375
imdb@s0,model.layers.22.mlp.up_proj,0.33088732670122123
imdb@s0,model.layers.22.self_attn.k_proj,0.0164828627242591
imdb@s0,model.layers.22.self_attn.o_proj,0.0917824167340488
imdb@s0,model.layers.22.self_attn.q_proj,0.21350347018149374
imdb@s0,model.layers.22.self_attn.v_proj,0.028505667323448336
imdb@s0,model.layers.23.mlp.down_proj,0.03497949736372433
imdb@s0,model.layers.23.mlp.gate_proj,1.6674128041703407
imdb@s0,model.layers.23.mlp.up_proj,1.900528235139069
imdb@s0,model.layers.23.self_attn.k_proj,0.022270666037536673
imdb@s0,model.layers.23.self_attn.o_proj,0.047022109339179954
imdb@s0,model.layers.23.self_attn.q_proj,0.09482539912916498
imdb@s0,model.layers.23.self_attn.v_proj,0.015086935040593906
imdb@s0,model.layers.3.mlp.down_proj,1.5323706603186786
imdb@s0,model.layers.3.mlp.gate_proj,4.469857429834795
imdb@s0,model.layers.3.mlp.up_proj,3.5052208512588128
imdb@s0,model.layers.3.self_attn.k_proj,0.11731375658939158
imdb@s0,model.layers.3.self_attn.o_proj,0.652755171108346
imdb@s0,model.layers.3.self_attn.q_proj,0.720451428398895
imdb@s0,model.layers.3.self_attn.v_proj,0.08007155876527353
imdb@s0,model.layers.4.mlp.down_proj,1.821446446724398
imdb@s0,model.layers.4.mlp.gate_proj,4.601098951130269
imdb@s0,model.layers.4.mlp.up_proj,3.858309858262751
imdb@s0,model.layers.4.self_attn.k_proj,0.08368183702504516
imdb@s0,model.layers.4.self_attn.o_proj,0.6512338563695582
imdb@s0,model.layers.4.self_attn.q_proj,0.8596452153878328
imdb@s0,model.layers.4.self_attn.v_proj,0.062821621208468
imdb@s0,model.layers.5.mlp.down_proj,1.6753741032489398
imdb@s0,model.layers.5.mlp.gate_proj,4.536824861438505
imdb@s0,model.layers.5.mlp.up_proj,3.5109530049902604
imdb@s0,model.layers.5.self_attn.k_proj,0.13205140701069118
imdb@s0,model.layers.5.self_attn.o_proj,0.5714545576456834
imdb@s0,model.layers.5.self_attn.q_proj,0.6283036628861027
imdb@s0,model.layers.5.self_attn.v_proj,0.07717121157954568
imdb@s0,model.layers.6.mlp.down_proj,2.105380989918216
imdb@s0,model.layers.6.mlp.gate_proj,4.6322675668051865
imdb@s0,model.layers.6.mlp.up_proj,3.5755778030743803
imdb@s0,model.layers.6.self_attn.k_proj,0.11605013902326192
imdb@s0,model.layers.6.self_attn.o_proj,0.5453891641104622
imdb@s0,model.layers.6.self_attn.q_proj,1.083283678963727
imdb@s0,model.layers.6.self_attn.v_proj,0.09247837546593693
imdb@s0,model.layers.7.mlp.down_proj,1.779292079093905
imdb@s0,model.layers.7.mlp.gate_proj,4.6848292833987735
imdb@s0,model.layers.7.mlp.up_proj,3.5619261859011324
imdb@s0,model.layers.7.self_attn.k_proj,0.10316271313190424
imdb@s0,model.layers.7.self_attn.o_proj,0.6645380066109697
imdb@s0,model.layers.7.self_attn.q_proj,0.724061122772275
imdb@s0,model.layers.7.self_attn.v_proj,0.07705039094139951
imdb@s0,model.layers.8.mlp.down_proj,1.3524960630735505
imdb@s0,model.layers.8.mlp.gate_proj,5.084731727466641
imdb@s0,model.layers.8.mlp.up_proj,3.3180319911217198
imdb@s0,model.layers.8.self_attn.k_proj,0.11064352405028371
imdb@s0,model.layers.8.self_attn.o_proj,0.5568932512325434
imdb@s0,model.layers.8.self_attn.q_proj,0.9562451395050597
imdb@s0,model.layers.8.self_attn.v_proj,0.09371867005912926
imdb@s0,model.layers.9.mlp.down_proj,1.2139210526493902
imdb@s0,model.layers.9.mlp.gate_proj,4.310341837194887
imdb@s0,model.layers.9.mlp.up_proj,3.166045765299074
imdb@s0,model.layers.9.self_attn.k_proj,0.11393199342943747
imdb@s0,model.layers.9.self_attn.o_proj,0.48892616634739505
imdb@s0,model.layers.9.self_attn.q_proj,0.7241581613852319
imdb@s0,model.layers.9.self_attn.v_proj,0.06797205683899299
imdb@s1,model.layers.0.mlp.down_proj,2.1376909016341274
imdb@s1,model.layers.0.mlp.gate_proj,4.397537689038045
imdb@s1,model.layers.0.mlp.up_proj,4.046826282484643
imdb@s1,model.layers.0.self_attn.k_proj,0.1302169296622509
imdb@s1,model.layers.0.self_attn.o_proj,0.8041911216789431
imdb@s1,model.layers.0.self_attn.q_proj,0.9834362308431763
imdb@s1,model.layers.0.self_attn.v_proj,0.09349156235510059
imdb@s1,model.layers.1.mlp.down_proj,2.1200835606401185
imdb@s1,model.layers.1.mlp.gate_proj,4.701376378274058
imdb@s1,model.layers.1.mlp.up_proj,4.365909425513537
imdb@s1,model.layers.1.self_attn.k_proj,0.09938442762349955
imdb@s1,model.layers.1.self_attn.o_proj,0.6575825256571307
imdb@s1,model.layers.1.self_attn.q_proj,1.0367968322915964
imdb@s1,model.layers.1.self_attn.v_proj,0.11523559095789686
imdb@s1,model.layers.10.mlp.down_proj,1.1273834689046913
imdb@s1,model.layers.10.mlp.gate_proj,3.6713474265881967
imdb@s1,model.layers.10.mlp.up_proj,2.4833049351842864
imdb@s1,model.layers.10.self_attn.k_proj,0.09878344681555094
imdb@s1,model.layers.10.self_attn.o_proj,0.4649294710880089
imdb@s1,model.layers.10.self_attn.q_proj,1.1663846085987084
imdb@s1,model.layers.10.self_attn.v_proj,0.06099489919745753
imdb@s1,model.layers.11.mlp.down_proj,1.2742947848034234
imdb@s1,model.layers.11.mlp.gate_proj,3.547774801551161
imdb@s1,model.layers.11.mlp.up_proj,2.2786171189348785
imdb@s1,model.layers.11.self_attn.k_proj,0.07133442041842494
imdb@s1,model.layers.11.self_attn.o_proj,0.3147670346774698
imdb@s1,model.layers.11.self_attn.q_proj,0.5169837712494137
imdb@s1,model.layers.11.self_attn.v_proj,0.054839393406725875
imdb@s1,model.layers.12.mlp.down_proj,1.9591638649273855
imdb@s1,model.layers.12.mlp.gate_proj,3.817288342906396
imdb@s1,model.layers.12.mlp.up_proj,3.739900954705717
imdb@s1,model.layers.12.self_attn.k_proj,0.13280456860597145
imdb@s1,model.layers.12.self_attn.o_proj,0.5669640279949619
imdb@s1,model.layers.12.self_attn.q_proj,1.38307456239712
imdb@s1,model.layers.12.self_attn.v_proj,0.06842048712099713
imdb@s1,model.layers.13.mlp.down_proj,1.5839997917549817
imdb@s1,model.layers.13.mlp.gate_proj,4.139384777504042
imdb@s1,model.layers.13.mlp.up_proj,3.3287013104545364
imdb@s1,model.layers.13.self_attn.k_proj,0.10450444101899047
imdb@s1,model.layers.13.self_attn.o_proj,0.3911114611821595
imdb@s1,model.layers.13.self_attn.q_proj,1.0614141755236914
imdb@s1,model.layers.13.self_attn.v_proj,0.065985889451269
imdb@s1,model.layers.14.mlp.down_proj,1.389190784589776
imdb@s1,model.layers.14.mlp.gate_proj,2.1053296998084887
imdb@s1,model.layers.14.mlp.up_proj,1.9588173941916385
imdb@s1,model.layers.14.self_attn.k_proj,0.09571560114168898
imdb@s1,model.layers.14.self_attn.o_proj,0.48656032881327416
imdb@s1,model.layers.14.self_attn.q_proj,2.074267199818726
imdb@s1,model.layers.14.self_attn.v_proj,0.03474403713426733
imdb@s1,model.layers.15.mlp.down_proj,0.5380740540447639
imdb@s1,model.layers.15.mlp.gate_proj,2.4254159935421837
imdb@s1,model.layers.15.mlp.up_proj,0.9153419344788281
imdb@s1,model.layers.15.self_attn.k_proj,0.08623775292417837
imdb@s1,model.layers.15.self_attn.o_proj,0.46671269206213745
imdb@s1,model.layers.15.self_attn.q_proj,1.5807965812599107
imdb@s1,model.layers.15.self_attn.v_proj,0.06188645685597221
imdb@s1,model.layers.16.mlp.down_proj,0.17172867801491828
imdb@s1,model.layers.16.mlp.gate_proj,1.2196663090677844
imdb@s1,model.layers.16.mlp.up_proj,0.6495287027005553
imdb@s1,model.layers.16.self_attn.k_proj,0.018825063328993134
imdb@s1,model.layers.16.self_attn.o_proj,0.09235673875759806
imdb@s1,model.layers.16.self_attn.q_proj,0.1920466780274027
imdb@s1,model.layers.16.self_attn.v_proj,0.020522684516311358
imdb@s1,model.layers.17.mlp.down_proj,0.08097908683895737
imdb@s1,model.layers.17.mlp.gate_proj,0.7768839108080337
imdb@s1,model.layers.17.mlp.up_proj,0.35324092789625583
imdb@s1,model.layers.17.self_attn.k_proj,0.16719967294005061
imdb@s1,model.layers.17.self_attn.o_proj,0.1574128085787482
imdb@s1,model.layers.17.self_attn.q_proj,0.8650101657431613
imdb@s1,model.layers.17.self_attn.v_proj,0.1274885867746105
imdb@s1,model.layers.18.mlp.down_proj,0.04969810855188157
imdb@s1,model.layers.18.mlp.gate_proj,0.35881617884902034
imdb@s1,model.layers.18.mlp.up_proj,0.34524844351578055
imdb@s1,model.layers.18.self_attn.k_proj,0.007945875126061545
imdb@s1,model.layers.18.self_attn.o_proj,0.06486363927570825
imdb@s1,model.layers.18.self_attn.q_proj,0.1830475262535476
imdb@s1,model.layers.18.self_attn.v_proj,0.005746029724837923
imdb@s1,model.layers.19.mlp.down_proj,0.04739957694791504
imdb@s1,model.layers.19.mlp.gate_proj,0.3927940856210765
imdb@s1,model.layers.19.mlp.up_proj,0.31419086060247153
imdb@s1,model.layers.19.self_attn.k_proj,0.02423304438339966
imdb@s1,model.layers.19.self_attn.o_proj,0.0971330888859336
imdb@s1,model.layers.19.self_attn.q_proj,0.3598805035367534
imdb@s1,model.layers.19.self_attn.v_proj,0.030889088823108427
imdb@s1,model.layers.2.mlp.down_proj,1.8728920692584579
imdb@s1,model.layers.2.mlp.gate_proj,4.858724823013303
imdb@s1,model.layers.2.mlp.up_proj,4.282390809808828
imdb@s1,model.layers.2.self_attn.k_proj,0.13189361822307175
imdb@s1,model.layers.2.self_attn.o_proj,0.8420766717610813
imdb@s1,model.layers.2.self_attn.q_proj,0.8931258803178337
imdb@s1,model.layers.2.self_attn.v_proj,0.120063580863603
imdb@s1,model.layers.20.mlp.down_proj,0.03698800796300948
imdb@s1,model.layers.20.mlp.gate_proj,0.5114241071004597
imdb@s1,model.layers.20.mlp.up_proj,0.3824212303646094
imdb@s1,model.layers.20.self_attn.k_proj,0.016358664966959653
imdb@s1,model.layers.20.self_attn.o_proj,0.07042054671933207
imdb@s1,model.layers.20.self_attn.q_proj,0.14346304346140284
imdb@s1,model.layers.20.self_attn.v_proj,0.011003252112988129
imdb@s1,model.layers.21.mlp.down_proj,0.023799997194432054
imdb@s1,model.layers.21.mlp.gate_proj,0.38583839849438967
imdb@s1,model.layers.21.mlp.up_proj,0.24066998174000492
imdb@s1,model.layers.21.self_attn.k_proj,0.021260418053867122
imdb@s1,model.layers.21.self_attn.o_proj,0.08405952625016212
imdb@s1,model.layers.21.self_attn.q_proj,0.30375080513364866
imdb@s1,model.layers.21.self_attn.v_proj,0.011211895393325014
imdb@s1,model.layers.22.mlp.down_proj,0.04893568076073553
imdb@s1,model.layers.22.mlp.gate_proj,0.8824482581866477
imdb@s1,model.layers.22.mlp.up_proj,0.22721723837668414
imdb@s1,model.layers.22.self_attn.k_proj,0.01862120476617578
imdb@s1,model.layers.22.self_attn.o_proj,0.05614201768317107
imdb@s1,model.layers.22.self_attn.q_proj,0.37629915268945613
imdb@s1,model.layers.22.self_attn.v_proj,0.02702752846422722
imdb@s1,model.layers.23.mlp.down_proj,0.018965641486062595
imdb@s1,model.layers.23.mlp.gate_proj,0.519589557346028
imdb@s1,model.layers.23.mlp.up_proj,0.6784387646765547
imdb@s1,model.layers.23.self_attn.k_proj,0.013007257372910565
imdb@s1,model.layers.23.self_attn.o_proj,0.05834712816017765
imdb@s1,model.layers.23.self_attn.q_proj,0.16400268051159306
imdb@s1,model.layers.23.self_attn.v_proj,0.013248676770555613
imdb@s1,model.layers.3.mlp.down_proj,1.845596534487971
imdb@s1,model.layers.3.mlp.gate_proj,4.684392265979087
imdb@s1,model.layers.3.mlp.up_proj,3.8793505769500096
imdb@s1,model.layers.3.self_attn.k_proj,0.10371950560375
imdb@s1,model.layers.3.self_attn.o_proj,0.7246538292477963
imdb@s1,model.layers.3.self_attn.q_proj,0.6864105049892599
imdb@s1,model.layers.3.self_attn.v_proj,0.11171421739243834
imdb@s1,model.layers.4.mlp.down_proj,1.6880444303364448
imdb@s1,model.layers.4.mlp.gate_proj,4.4035153122069834
imdb@s1,model.layers.4.mlp.up_proj,3.4919483065745016
imdb@s1,model.layers.4.self_attn.k_proj,0.1017195949244186
imdb@s1,model.layers.4.self_attn.o_proj,0.6312521179404333
imdb@s1,model.layers.4.self_attn.q_proj,0.8985953405810811
imdb@s1,model.layers.4.self_attn.v_proj,0.08148855122712971
imdb@s1,model.layers.5.mlp.down_proj,1.826382022476274
imdb@s1,model.layers.5.mlp.gate_proj,5.423875347613165
imdb@s1,model.layers.5.mlp.up_proj,3.0201854496203766
imdb@s1,model.layers.5.self_attn.k_proj,0.0867578716083555
imdb@s1,model.layers.5.self_attn.o_proj,0.5878298787020159
imdb@s1,model.layers.5.self_attn.q_proj,0.7217048376640672
imdb@s1,model.layers.5.self_attn.v_proj,0.08635576390388074
imdb@s1,model.layers.6.mlp.down_proj,2.040351340106088
imdb@s1,model.layers.6.mlp.gate_proj,4.4184887669695225
imdb@s1,model.layers.6.mlp.up_proj,3.3208874003647644
imdb@s1,model.layers.6.self_attn.k_proj,0.12157764682204054
imdb@s1,model.layers.6.self_attn.o_proj,0.5112202108915839
imdb@s1,model.layers.6.self_attn.q_proj,0.7033284849924082
imdb@s1,model.layers.6.self_attn.v_proj,0.08965955994456565
imdb@s1,model.layers.7.mlp.down_proj,1.435533610297438
imdb@s1,model.layers.7.mlp.gate_proj,4.494461372386436
imdb@s1,model.layers.7.mlp.up_proj,3.20046587427705
imdb@s1,model.layers.7.self_attn.k_proj,0.1070618809481153
imdb@s1,model.layers.7.self_attn.o_proj,0.6610692783511636
imdb@s1,model.layers.7.self_attn.q_proj,0.6816005276938142
imdb@s1,model.layers.7.self_attn.v_proj,0.09331800659258396
imdb@s1,model.layers.8.mlp.down_proj,1.4608458520963175
imdb@s1,model.layers.8.mlp.gate_proj,4.598416863804686
imdb@s1,model.layers.8.mlp.up_proj,3.0601474746389385
imdb@s1,model.layers.8.self_attn.k_proj,0.10585951402702881
imdb@s1,model.layers.8.self_attn.o_proj,0.5893443253885815
imdb@s1,model.layers.8.self_attn.q_proj,0.8689075980261796
imdb@s1,model.layers.8.self_attn.v_proj,0.09708263124224183
imdb@s1,model.layers.9.mlp.down_proj,1.1837089235508065
imdb@s1,model.layers.9.mlp.gate_proj,3.8487676442922703
imdb@s1,model.layers.9.mlp.up_proj,2.477939665605617
imdb@s1,model.layers.9.self_attn.k_proj,0.09215119995360602
imdb@s1,model.layers.9.self_attn.o_proj,0.4570654115451816
imdb@s1,model.layers.9.self_attn.q_proj,0.7520960440004136
imdb@s1,model.layers.9.self_attn.v_proj,0.05827967219601806
mnli@s0,model.layers.0.mlp.down_proj,2.5929644550314253
mnli@s0,model.layers.0.mlp.gate_proj,7.7634792439367395
mnli@s0,model.layers.0.mlp.up_proj,4.768402814802814
mnli@s0,model.layers.0.self_attn.k_proj,0.08328685295147158
mnli@s0,model.layers.0.self_attn.o_proj,0.8795850785031138
mnli@s0,model.layers.0.self_attn.q_proj,1.1324489930218902
mnli@s0,model.layers.0.self_attn.v_proj,0.10228718143374675
mnli@s0,model.layers.1.mlp.down_proj,3.005418427632323
mnli@s0,model.layers.1.mlp.gate_proj,5.138220948948054
mnli@s0,model.layers.1.mlp.up_proj,5.061620537150459
mnli@s0,model.layers.1.self_attn.k_proj,0.17423767640900864
mnli@s0,model.layers.1.self_attn.o_proj,0.7265315035039586
mnli@s0,model.layers.1.self_attn.q_proj,0.8753237525448321
mnli@s0,model.layers.1.self_attn.v_proj,0.10747419458811724
mnli@s0,model.layers.10.mlp.down_proj,1.5061026542462703
mnli@s0,model.layers.10.mlp.gate_proj,5.295293605989624
mnli@s0,model.layers.10.mlp.up_proj,3.9485449767741896
mnli@s0,model.layers.10.self_attn.k_proj,0.11517378514041622
mnli@s0,model.layers.10.self_attn.o_proj,0.6628807239899785
mnli@s0,model.layers.10.self_attn.q_proj,1.1485151675614333
mnli@s0,model.layers.10.self_attn.v_proj,0.08517117273045446
mnli@s0,model.layers.11.mlp.down_proj,2.9709381905402785
mnli@s0,model.layers.11.mlp.gate_proj,5.7146379602324835
mnli@s0,model.layers.11.mlp.up_proj,3.4594705715216842
mnli@s0,model.layers.11.self_attn.k_proj,0.1258970308321674
mnli@s0,model.layers.11.self_attn.o_proj,0.40281586657287244
mnli@s0,model.layers.11.self_attn.q_proj,0.7729782503078604
mnli@s0,model.layers.11.self_attn.v_proj,0.06781453701177727
mnli@s0,model.layers.12.mlp.down_proj,3.1950321191850475
mnli@s0,model.layers.12.mlp.gate_proj,6.097652477736765
mnli@s0,model.layers.12.mlp.up_proj,3.9931822017052823
mnli@s0,model.layers.12.self_attn.k_proj,0.12673100471199236
mnli@s0,model.layers.12.self_attn.o_proj,0.9103982920157161
mnli@s0,model.layers.12.self_attn.q_proj,1.8987997949816742
mnli@s0,model.layers.12.self_attn.v_proj,0.09995638573470081
mnli@s0,model.layers.13.mlp.down_proj,2.7717534044837455
mnli@s0,model.layers.13.mlp.gate_proj,6.899141136827033
mnli@s0,model.layers.13.mlp.up_proj,3.8167389535608467
mnli@s0,model.layers.13.self_attn.k_proj,0.12740202699268516
mnli@s0,model.layers.13.self_attn.o_proj,0.5709548648163487
mnli@s0,model.layers.13.self_attn.q_proj,1.3525247113430758
mnli@s0,model.layers.13.self_attn.v_proj,0.07906745448674393
mnli@s0,model.layers.14.mlp.down_proj,0.530140383321298
mnli@s0,model.layers.14.mlp.gate_proj,3.872157674063753
mnli@s0,model.layers.14.mlp.up_proj,2.1030696976583374
mnli@s0,model.layers.14.self_attn.k_proj,0.09189654713481703
mnli@s0,model.layers.14.self_attn.o_proj,0.5584534535250198
mnli@s0,model.layers.14.self_attn.q_proj,2.3111095114633646
mnli@s0,model.layers.14.self_attn.v_proj,0.062304575716133875
mnli@s0,model.layers.15.mlp.down_proj,0.2557131877767982
mnli@s0,model.layers.15.mlp.gate_proj,3.8251509689304974
mnli@s0,model.layers.15.mlp.up_proj,1.4013867602848946
mnli@s0,model.layers.15.self_attn.k_proj,0.08820722151241576
mnli@s0,model.layers.15.self_attn.o_proj,0.3111365932068528
mnli@s0,model.layers.15.self_attn.q_proj,1.1197185412659647
mnli@s0,model.layers.15.self_attn.v_proj,0.07792477023385595
mnli@s0,model.layers.16.mlp.down_proj,0.20606879380651807
mnli@s0,model.layers.16.mlp.gate_proj,1.1752046810176293
mnli@s0,model.layers.16.mlp.up_proj,0.7007370153364821
mnli@s0,model.layers.16.self_attn.k_proj,0.06186652683950793
mnli@s0,model.layers.16.self_attn.o_proj,0.08493033381912492
mnli@s0,model.layers.16.self_attn.q_proj,0.19445301015050487
mnli@s0,model.layers.16.self_attn.v_proj,0.010293095405879742
mnli@s0,model.layers.17.mlp.down_proj,0.14289599156825902
mnli@s0,model.layers.17.mlp.gate_proj,0.8444986234014712
mnli@s0,model.layers.17.mlp.up_proj,0.6179669238290604
mnli@s0,model.layers.17.self_attn.k_proj,0.10656672814752463
mnli@s0,model.layers.17.self_attn.o_proj,0.13110241945146323
mnli@s0,model.layers.17.self_attn.q_proj,0.2909187905986118
mnli@s0,model.layers.17.self_attn.v_proj,0.016567629866574684
mnli@s0,model.layers.18.mlp.down_proj,0.11115349152781812
mnli@s0,model.layers.18.mlp.gate_proj,0.8704145165784803
mnli@s0,model.layers.18.mlp.up_proj,0.5542630445484777
mnli@s0,model.layers.18.self_attn.k_proj,0.0423704654513727
mnli@s0,model.layers.18.self_attn.o_proj,0.14707281047274823
mnli@s0,model.layers.18.self_attn.q_proj,0.28092702181647283
mnli@s0,model.layers.18.self_attn.v_proj,0.032836595374503556
mnli@s0,model.layers.19.mlp.down_proj,0.10036439817538886
mnli@s0,model.layers.19.mlp.gate_proj,0.8582540255030293
mnli@s0,model.layers.19.mlp.up_proj,0.4739702075080129
mnli@s0,model.layers.19.self_attn.k_proj,0.20456734626963996
mnli@s0,model.layers.19.self_attn.o_proj,0.110633933853108
mnli@s0,model.layers.19.self_attn.q_proj,1.061055920114368
mnli@s0,model.layers.19.self_attn.v_proj,0.02426976886368835
mnli@s0,model.layers.2.mlp.down_proj,2.1873052377601607
mnli@s0,model.layers.2.mlp.gate_proj,4.940370590008455
mnli@s0,model.layers.2.mlp.up_proj,4.809235121415264
mnli@s0,model.layers.2.self_attn.k_proj,0.12929058275295865
mnli@s0,model.layers.2.self_attn.o_proj,0.9685357418736842
mnli@s0,model.layers.2.self_attn.q_proj,1.0492444909824008
mnli@s0,model.layers.2.self_attn.v_proj,0.10224865778107575
mnli@s0,model.layers.20.mlp.down_proj,0.08864807399312184
mnli@s0,model.layers.20.mlp.gate_proj,0.7325511101611403
mnli@s0,model.layers.20.mlp.up_proj,0.40378789437353513
mnli@s0,model.layers.20.self_attn.k_proj,0.07183232453011167
mnli@s0,model.layers.20.self_attn.o_proj,0.07725335312865166
mnli@s0,model.layers.20.self_attn.q_proj,0.625714571726058
mnli@s0,model.layers.20.self_attn.v_proj,0.01630317003969895
mnli@s0,model.layers.21.mlp.down_proj,0.02634625942333354
mnli@s0,model.layers.21.mlp.gate_proj,0.6898903052257717
mnli@s0,model.layers.21.mlp.up_proj,0.3301956305105571
mnli@s0,model.layers.21.self_attn.k_proj,0.10482471044876673
mnli@s0,model.layers.21.self_attn.o_proj,0.07538631193839301
mnli@s0,model.layers.21.self_attn.q_proj,0.18532993207083306
mnli@s0,model.layers.21.self_attn.v_proj,0.015939908196645147
mnli@s0,model.layers.22.mlp.down_proj,0.05063143309638627
mnli@s0,model.layers.22.mlp.gate_proj,0.6852343500879878
mnli@s0,model.layers.22.mlp.up_proj,0.42769359038382604
mnli@s0,model.layers.22.self_attn.k_proj,0.044259214827801395
mnli@s0,model.layers.22.self_attn.o_proj,0.04082037103974179
mnli@s0,model.layers.22.self_attn.q_proj,0.26612724647613617
mnli@s0,model.layers.22.self_attn.v_proj,0.023695561584374244
mnli@s0,model.layers.23.mlp.down_proj,0.006082856395881195
mnli@s0,model.layers.23.mlp.gate_proj,0.582819839360815
mnli@s0,model.layers.23.mlp.up_proj,0.4954118645171497
mnli@s0,model.layers.23.self_attn.k_proj,0.05641071757738126
mnli@s0,model.layers.23.self_attn.o_proj,0.02894942881793587
mnli@s0,model.layers.23.self_attn.q_proj,0.7078241667028617
mnli@s0,model.layers.23.self_attn.v_proj,2.858908510658451
mnli@s0,model.layers.3.mlp.down_proj,1.710546092228473
mnli@s0,model.layers.3.mlp.gate_proj,6.3267572032272845
mnli@s0,model.layers.3.mlp.up_proj,4.426743845264521
mnli@s0,model.layers.3.self_attn.k_proj,0.07976888808527612
mnli@s0,model.layers.3.self_attn.o_proj,0.8269200562284524
mnli@s0,model.layers.3.self_attn.q_proj,0.9463584014456115
mnli@s0,model.layers.3.self_attn.v_proj,0.14031144951362823
mnli@s0,model.layers.4.mlp.down_proj,2.3804676924387755
mnli@s0,model.layers.4.mlp.gate_proj,4.958751943161332
mnli@s0,model.layers.4.mlp.up_proj,4.535925701243444
mnli@s0,model.layers.4.self_attn.k_proj,0.10484154816232538
mnli@s0,model.layers.4.self_attn.o_proj,0.7408247777146083
mnli@s0,model.layers.4.self_attn.q_proj,0.8402124529098106
mnli@s0,model.layers.4.self_attn.v_proj,0.09961474523143403
mnli@s0,model.layers.5.mlp.down_proj,2.235680832642621
mnli@s0,model.layers.5.mlp.gate_proj,6.4799130251319825
mnli@s0,model.layers.5.mlp.up_proj,4.753544081843022
mnli@s0,model.layers.5.self_attn.k_proj,0.11365043719394141
mnli@s0,model.layers.5.self_attn.o_proj,0.6566089943091159
mnli@s0,model.layers.5.self_attn.q_proj,0.9212288019262507
mnli@s0,model.layers.5.self_attn.v_proj,0.13542944134299353
mnli@s0,model.layers.6.mlp.down_proj,2.5319771014851495
mnli@s0,model.layers.6.mlp.gate_proj,5.814662634358826
mnli@s0,model.layers.6.mlp.up_proj,4.512783079333161
mnli@s0,model.layers.6.self_attn.k_proj,0.09773836414019244
mnli@s0,model.layers.6.self_attn.o_proj,0.7312097329139654
mnli@s0,model.layers.6.self_attn.q_proj,0.8474947363916433
mnli@s0,model.layers.6.self_attn.v_proj,0.11816723505940951
mnli@s0,model.layers.7.mlp.down_proj,2.5292108255736903
mnli@s0,model.layers.7.mlp.gate_proj,5.146785705106046
mnli@s0,model.layers.7.mlp.up_proj,4.778021222176841
mnli@s0,model.layers.7.self_attn.k_proj,0.12584789185479645
mnli@s0,model.layers.7.self_attn.o_proj,0.7456988935125856
mnli@s0,model.layers.7.self_attn.q_proj,0.8051745797974389
mnli@s0,model.layers.7.self_attn.v_proj,0.12047961805757783
mnli@s0,model.layers.8.mlp.down_proj,2.0951335554358304
mnli@s0,model.layers.8.mlp.gate_proj,8.041878455104943
mnli@s0,model.layers.8.mlp.up_proj,4.537238793118706
mnli@s0,model.layers.8.self_attn.k_proj,0.11992692422971572
mnli@s0,model.layers.8.self_attn.o_proj,0.8120953584559646
mnli@s0,model.layers.8.self_attn.q_proj,1.0808214532701956
mnli@s0,model.layers.8.self_attn.v_proj,0.12910930193314807
mnli@s0,model.layers.9.mlp.down_proj,1.9890414792849676
mnli@s0,model.layers.9.mlp.gate_proj,5.47727222047407
mnli@s0,model.layers.9.mlp.up_proj,4.443739290653922
mnli@s0,model.layers.9.self_attn.k_proj,0.0931000641049659
mnli@s0,model.layers.9.self_attn.o_proj,0.7598530520085766
mnli@s0,model.layers.9.self_attn.q_proj,0.8157851622161394
mnli@s0,model.layers.9.self_attn.v_proj,0.1082277265458505
mnli@s1,model.layers.0.mlp.down_proj,3.330983088974001
mnli@s1,model.layers.0.mlp.gate_proj,5.141201905339235
mnli@s1,model.layers.0.mlp.up_proj,4.833357603327954
mnli@s1,model.layers.0.self_attn.k_proj,0.0925342728057428
mnli@s1,model.layers.0.self_attn.o_proj,0.8314492244015299
mnli@s1,model.layers.0.self_attn.q_proj,0.8628418122624941
mnli@s1,model.layers.0.self_attn.v_proj,0.10729585265177269
mnli@s1,model.layers.1.mlp.down_proj,3.437062438300315
mnli@s1,model.layers.1.mlp.gate_proj,4.799554808846138
mnli@s1,model.layers.1.mlp.up_proj,4.794729863183519
mnli@s1,model.layers.1.self_attn.k_proj,0.08690311413792653
mnli@s1,model.layers.1.self_attn.o_proj,0.7324070828482773
mnli@s1,model.layers.1.self_attn.q_proj,1.0689692667857982
mnli@s1,model.layers.1.self_attn.v_proj,0.1045940054790613
mnli@s1,model.layers.10.mlp.down_proj,1.4534683081881137
mnli@s1,model.layers.10.mlp.gate_proj,4.990072319906373
mnli@s1,model.layers.10.mlp.up_proj,3.306385275722051
mnli@s1,model.layers.10.self_attn.k_proj,0.08701345312822259
mnli@s1,model.layers.10.self_attn.o_proj,0.5394781406710041
mnli@s1,model.layers.10.self_attn.q_proj,0.8708375737214179
mnli@s1,model.layers.10.self_attn.v_proj,0.09522946391492115
mnli@s1,model.layers.11.mlp.down_proj,1.7917198042155098
mnli@s1,model.layers.11.mlp.gate_proj,5.500186007546355
mnli@s1,model.layers.11.mlp.up_proj,3.4106970098308604
mnli@s1,model.layers.11.self_attn.k_proj,0.11611073823185972
mnli@s1,model.layers.11.self_attn.o_proj,0.38872079061645143
mnli@s1,model.layers.11.self_attn.q_proj,0.7181395356852494
mnli@s1,model.layers.11.self_attn.v_proj,0.05939402985706942
mnli@s1,model.layers.12.mlp.down_proj,3.890824823215839
mnli@s1,model.layers.12.mlp.gate_proj,5.455798729945334
mnli@s1,model.layers.12.mlp.up_proj,3.9189207239772936
mnli@s1,model.layers.12.self_attn.k_proj,0.11110528535901601
mnli@s1,model.layers.12.self_attn.o_proj,0.6469794440936198
mnli@s1,model.layers.12.self_attn.q_proj,1.6742841926588663
mnli@s1,model.layers.12.self_attn.v_proj,0.15749048025242754
mnli@s1,model.layers.13.mlp.down_proj,2.0294705129118484
mnli@s1,model.layers.13.mlp.gate_proj,6.448227593366861
mnli@s1,model.layers.13.mlp.up_proj,3.4620020454095073
mnli@s1,model.layers.13.self_attn.k_proj,0.09553729797864854
mnli@s1,model.layers.13.self_attn.o_proj,0.43401139330817173
mnli@s1,model.layers.13.self_attn.q_proj,1.208550552977587
mnli@s1,model.layers.13.self_attn.v_proj,0.0753205560457382
mnli@s1,model.layers.14.mlp.down_proj,0.626786317594232
mnli@s1,model.layers.14.mlp.gate_proj,2.541530017638078
mnli@s1,model.layers.14.mlp.up_proj,1.7817577377793323
mnli@s1,model.layers.14.self_attn.k_proj,0.05134925194227035
mnli@s1,model.layers.14.self_attn.o_proj,0.49749289798133056
mnli@s1,model.layers.14.self_attn.q_proj,1.2017698930504515
mnli@s1,model.layers.14.self_attn.v_proj,0.029053362601249237
mnli@s1,model.layers.15.mlp.down_proj,0.3562777535414233
mnli@s1,model.layers.15.mlp.gate_proj,3.5320153971275494
mnli@s1,model.layers.15.mlp.up_proj,1.130385012091488
mnli@s1,model.layers.15.self_attn.k_proj,0.057373615835902614
mnli@s1,model.layers.15.self_attn.o_proj,0.2606284861286624
mnli@s1,model.layers.15.self_attn.q_proj,0.5714704261837734
mnli@s1,model.layers.15.self_attn.v_proj,0.08135135462234402
mnli@s1,model.layers.16.mlp.down_proj,0.21581311576246398
mnli@s1,model.layers.16.mlp.gate_proj,1.0540963796007554
mnli@s1,model.layers.16.mlp.up_proj,0.4655765421258322
mnli@s1,model.layers.16.self_attn.k_proj,0.04501696947829702
mnli@s1,model.layers.16.self_attn.o_proj,0.07815047525538574
mnli@s1,model.layers.16.self_attn.q_proj,0.20608219741693073
mnli@s1,model.layers.16.self_attn.v_proj,0.014225334890866336
mnli@s1,model.layers.17.mlp.down_proj,0.11246863860164309
mnli@s1,model.layers.17.mlp.gate_proj,1.4074645915033428
mnli@s1,model.layers.17.mlp.up_proj,0.36674507123801453
mnli@s1,model.layers.17.self_attn.k_proj,0.023564817705663238
mnli@s1,model.layers.17.self_attn.o_proj,0.14008436023639198
mnli@s1,model.layers.17.self_attn.q_proj,0.4548248466919189
mnli@s1,model.layers.17.self_attn.v_proj,0.12092796114238663
mnli@s1,model.layers.18.mlp.down_proj,0.06806576474550999
mnli@s1,model.layers.18.mlp.gate_proj,0.4416674455391212
mnli@s1,model.layers.18.mlp.up_proj,0.3071945542919288
mnli@s1,model.layers.18.self_attn.k_proj,0.01670898492295833
mnli@s1,model.layers.18.self_attn.o_proj,0.057386136876594246
mnli@s1,model.layers.18.self_attn.q_proj,0.3065464159314875
mnli@s1,model.layers.18.self_attn.v_proj,0.016477542942656985
mnli@s1,model.layers.19.mlp.down_proj,0.06530796268921801
mnli@s1,model.layers.19.mlp.gate_proj,0.5370159716081635
mnli@s1,model.layers.19.mlp.up_proj,0.21993257962470178
mnli@s1,model.layers.19.self_attn.k_proj,0.16020652554856385
mnli@s1,model.layers.19.self_attn.o_proj,0.08937219690581652
mnli@s1,model.layers.19.self_attn.q_proj,0.8153104689663181
mnli@s1,model.layers.19.self_attn.v_proj,0.03831190346534886
mnli@s1,model.layers.2.mlp.down_proj,1.8986422898765292
mnli@s1,model.layers.2.mlp.gate_proj,4.812519699809612
mnli@s1,model.layers.2.mlp.up_proj,4.2695939755634775
mnli@s1,model.layers.2.self_attn.k_proj,0.12432022874280986
mnli@s1,model.layers.2.self_attn.o_proj,1.0358186437547228
mnli@s1,model.layers.2.self_attn.q_proj,0.8252814978524845
mnli@s1,model.layers.2.self_attn.v_proj,0.12523823535501574
mnli@s1,model.layers.20.mlp.down_proj,0.03337620693465136
mnli@s1,model.layers.20.mlp.gate_proj,1.0295185611158517
mnli@s1,model.layers.20.mlp.up_proj,0.26993714916876926
mnli@s1,model.layers.20.self_attn.k_proj,0.04699973000898347
mnli@s1,model.layers.20.self_attn.o_proj,0.04691724808157326
mnli@s1,model.layers.20.self_attn.q_proj,0.5462421368842503
mnli@s1,model.layers.20.self_attn.v_proj,0.008678526113718579
mnli@s1,model.layers.21.mlp.down_proj,0.013930888713859238
mnli@s1,model.layers.21.mlp.gate_proj,0.9831346775356348
mnli@s1,model.layers.21.mlp.up_proj,0.2254265897410733
mnli@s1,model.layers.21.self_attn.k_proj,0.016300634942925347
mnli@s1,model.layers.21.self_attn.o_proj,0.037155612734282036
mnli@s1,model.layers.21.self_attn.q_proj,0.1777296458073872
mnli@s1,model.layers.21.self_attn.v_proj,0.008761952657299166
mnli@s1,model.layers.22.mlp.down_proj,0.020660434697621258
mnli@s1,model.layers.22.mlp.gate_proj,1.0184410302569977
mnli@s1,model.layers.22.mlp.up_proj,0.25828672247028306
mnli@s1,model.layers.22.self_attn.k_proj,0.005758049468608755
mnli@s1,model.layers.22.self_attn.o_proj,0.013769411133746794
mnli@s1,model.layers.22.self_attn.q_proj,0.09919750727521105
mnli@s1,model.layers.22.self_attn.v_proj,0.007180467510960694
mnli@s1,model.layers.23.mlp.down_proj,0.0069830406400366
mnli@s1,model.layers.23.mlp.gate_proj,0.43610719424164157
mnli@s1,model.layers.23.mlp.up_proj,0.5244879962931601
mnli@s1,model.layers.23.self_attn.k_proj,0.014744174360894674
mnli@s1,model.layers.23.self_attn.o_proj,0.018206481525179022
mnli@s1,model.layers.23.self_attn.q_proj,0.07442094787105168
mnli@s1,model.layers.23.self_attn.v_proj,0.007154606420490893
mnli@s1,model.layers.3.mlp.down_proj,2.033380537986171
mnli@s1,model.layers.3.mlp.gate_proj,5.343159047507548
mnli@s1,model.layers.3.mlp.up_proj,3.9852055594185485
mnli@s1,model.layers.3.self_attn.k_proj,0.0778781209125546
mnli@s1,model.layers.3.self_attn.o_proj,0.7476475077235025
mnli@s1,model.layers.3.self_attn.q_proj,0.7401152718842229
mnli@s1,model.layers.3.self_attn.v_proj,0.11590468871541657
mnli@s1,model.layers.4.mlp.down_proj,2.7612948105607216
mnli@s1,model.layers.4.mlp.gate_proj,4.983007633378046
mnli@s1,model.layers.4.mlp.up_proj,4.17535730602373
mnli@s1,model.layers.4.self_attn.k_proj,0.09440849718283187
mnli@s1,model.layers.4.self_attn.o_proj,0.6800674177927609
mnli@s1,model.layers.4.self_attn.q_proj,0.7805432508880841
mnli@s1,model.layers.4.self_attn.v_proj,0.10728884552786086
mnli@s1,model.layers.5.mlp.down_proj,2.2026739328311806
mnli@s1,model.layers.5.mlp.gate_proj,5.660962716667869
mnli@s1,model.layers.5.mlp.up_proj,3.6906906692997334
mnli@s1,model.layers.5.self_attn.k_proj,0.0882138138525368
mnli@s1,model.layers.5.self_attn.o_proj,0.6828905263111195
mnli@s1,model.layers.5.self_attn.q_proj,0.9038821749188249
mnli@s1,model.layers.5.self_attn.v_proj,0.12467472451901697
mnli@s1,model.layers.6.mlp.down_proj,2.290665418179895
mnli@s1,model.layers.6.mlp.gate_proj,4.929990217071725
mnli@s1,model.layers.6.mlp.up_proj,4.065128077934218
mnli@s1,model.layers.6.self_attn.k_proj,0.11134078925363829
mnli@s1,model.layers.6.self_attn.o_proj,0.7297730307471786
mnli@s1,model.layers.6.self_attn.q_proj,0.8921352656937473
mnli@s1,model.layers.6.self_attn.v_proj,0.15409673938275853
mnli@s1,model.layers.7.mlp.down_proj,2.4244526835516953
mnli@s1,model.layers.7.mlp.gate_proj,5.534274002004498
mnli@s1,model.layers.7.mlp.up_proj,3.784301807865484
mnli@s1,model.layers.7.self_attn.k_proj,0.10515766870441359
mnli@s1,model.layers.7.self_attn.o_proj,0.8152635758585348
mnli@s1,model.layers.7.self_attn.q_proj,0.7566451453359377
mnli@s1,model.layers.7.self_attn.v_proj,0.09318492376937455
mnli@s1,model.layers.8.mlp.down_proj,2.323369597366907
mnli@s1,model.layers.8.mlp.gate_proj,7.094996374957684
mnli@s1,model.layers.8.mlp.up_proj,4.4351809946271885
mnli@s1,model.layers.8.self_attn.k_proj,0.12002038665631334
mnli@s1,model.layers.8.self_attn.o_proj,0.6652606625654068
mnli@s1,model.layers.8.self_attn.q_proj,0.816058824434715
mnli@s1,model.layers.8.self_attn.v_proj,0.11215317246956043
mnli@s1,model.layers.9.mlp.down_proj,1.764441043840857
mnli@s1,model.layers.9.mlp.gate_proj,6.108222755117497
mnli@s1,model.layers.9.mlp.up_proj,4.071854039583741
mnli@s1,model.layers.9.self_attn.k_proj,0.09695359576299867
mnli@s1,model.layers.9.self_attn.o_proj,0.5803753316161723
mnli@s1,model.layers.9.self_attn.q_proj,0.7168462744756148
mnli@s1,model.layers.9.self_attn.v_proj,0.0932779452810736
mrpc@s0,model.layers.0.mlp.down_proj,1.0593687981069104
mrpc@s0,model.layers.0.mlp.gate_proj,2.8588793286705494
mrpc@s0,model.layers.0.mlp.up_proj,2.4167063435140306
mrpc@s0,model.layers.0.self_attn.k_proj,0.03235292758063421
mrpc@s0,model.layers.0.self_attn.o_proj,0.38338387071224533
mrpc@s0,model.layers.0.self_attn.q_proj,0.5620338434245812
mrpc@s0,model.layers.0.self_attn.v_proj,0.048192814494420505
mrpc@s0,model.layers.1.mlp.down_proj,0.9278575386243254
mrpc@s0,model.layers.1.mlp.gate_proj,2.712739424432957
mrpc@s0,model.layers.1.mlp.up_proj,2.3137593393383304
mrpc@s0,model.layers.1.self_attn.k_proj,0.05473424406243193
mrpc@s0,model.layers.1.self_attn.o_proj,0.2828592340734498
mrpc@s0,model.layers.1.self_attn.q_proj,0.49084028247291883
mrpc@s0,model.layers.1.self_attn.v_proj,0.04457528464548781
mrpc@s0,model.layers.10.mlp.down_proj,0.6070355158922903
mrpc@s0,model.layers.10.mlp.gate_proj,2.369428348105436
mrpc@s0,model.layers.10.mlp.up_proj,1.760037236209242
mrpc@s0,model.layers.10.self_attn.k_proj,0.06827492926166553
mrpc@s0,model.layers.10.self_attn.o_proj,0.3461698126168179
mrpc@s0,model.layers.10.self_attn.q_proj,0.4605845445908973
mrpc@s0,model.layers.10.self_attn.v_proj,0.05578139426085999
mrpc@s0,model.layers.11.mlp.down_proj,0.4020002110527898
mrpc@s0,model.layers.11.mlp.gate_proj,2.4205072670503713
mrpc@s0,model.layers.11.mlp.up_proj,1.4368327603716649
mrpc@s0,model.layers.11.self_attn.k_proj,0.053088274426999184
mrpc@s0,model.layers.11.self_attn.o_proj,0.24772962846593377
mrpc@s0,model.layers.11.self_attn.q_proj,0.5235199709931342
mrpc@s0,model.layers.11.self_attn.v_proj,0.04178045279462934
mrpc@s0,model.layers.12.mlp.down_proj,0.8018354292856006
mrpc@s0,model.layers.12.mlp.gate_proj,2.1782280438103534
mrpc@s0,model.layers.12.mlp.up_proj,1.5591122177212096
mrpc@s0,model.layers.12.self_attn.k_proj,0.07641596501967773
mrpc@s0,model.layers.12.self_attn.o_proj,0.28076968349094095
mrpc@s0,model.layers.12.self_attn.q_proj,0.4224344360840776
mrpc@s0,model.layers.12.self_attn.v_proj,0.025849211562282426
mrpc@s0,model.layers.13.mlp.down_proj,0.9195050856672847
mrpc@s0,model.layers.13.mlp.gate_proj,1.4750223203504027
mrpc@s0,model.layers.13.mlp.up_proj,1.230207075810723
mrpc@s0,model.layers.13.self_attn.k_proj,0.06352138399377208
mrpc@s0,model.layers.13.self_attn.o_proj,0.27095418557841966
mrpc@s0,model.layers.13.self_attn.q_proj,0.3214014888823801
mrpc@s0,model.layers.13.self_attn.v_proj,0.02490338945657321
mrpc@s0,model.layers.14.mlp.down_proj,0.6808905781275172
mrpc@s0,model.layers.14.mlp.gate_proj,1.7530275135131723
mrpc@s0,model.layers.14.mlp.up_proj,0.7185980207744191
mrpc@s0,model.layers.14.self_attn.k_proj,0.06583149642960497
mrpc@s0,model.layers.14.self_attn.o_proj,0.2086967647099641
mrpc@s0,model.layers.14.self_attn.q_proj,0.418249487543807
mrpc@s0,model.layers.14.self_attn.v_proj,0.02016116170110953
mrpc@s0,model.layers.15.mlp.down_proj,0.2116928354149791
mrpc@s0,model.layers.15.mlp.gate_proj,1.214617492607292
mrpc@s0,model.layers.15.mlp.up_proj,0.5872823293208506
mrpc@s0,model.layers.15.self_attn.k_proj,0.03903902294826984
mrpc@s0,model.layers.15.self_attn.o_proj,0.1257421872811287
mrpc@s0,model.layers.15.self_attn.q_proj,0.25674050598667614
mrpc@s0,model.layers.15.self_attn.v_proj,0.025367006568233923
mrpc@s0,model.layers.16.mlp.down_proj,0.11384079885705657
mrpc@s0,model.layers.16.mlp.gate_proj,0.7022013693710409
mrpc@s0,model.layers.16.mlp.up_proj,0.5207794486635294
mrpc@s0,model.layers.16.self_attn.k_proj,0.03885880946260755
mrpc@s0,model.layers.16.self_attn.o_proj,0.2474171820929725
mrpc@s0,model.layers.16.self_attn.q_proj,0.30673195808795917
mrpc@s0,model.layers.16.self_attn.v_proj,0.016801837065737832
mrpc@s0,model.layers.17.mlp.down_proj,0.09605709374180187
mrpc@s0,model.layers.17.mlp.gate_proj,0.7573272175811807
mrpc@s0,model.layers.17.mlp.up_proj,0.5921754303210878
mrpc@s0,model.layers.17.self_attn.k_proj,0.023837152050595913
mrpc@s0,model.layers.17.self_attn.o_proj,0.08667020175399737
mrpc@s0,model.layers.17.self_attn.q_proj,0.22076964026306053
mrpc@s0,model.layers.17.self_attn.v_proj,0.011899637424199234
mrpc@s0,model.layers.18.mlp.down_proj,0.09498221229721854
mrpc@s0,model.layers.18.mlp.gate_proj,0.6755414929662129
mrpc@s0,model.layers.18.mlp.up_proj,0.5888469628578433
mrpc@s0,model.layers.18.self_attn.k_proj,0.025833254715291146
mrpc@s0,model.layers.18.self_attn.o_proj,0.1141046818774927
mrpc@s0,model.layers.18.self_attn.q_proj,0.32449259821048254
mrpc@s0,model.layers.18.self_attn.v_proj,0.015138579405485665
mrpc@s0,model.layers.19.mlp.down_proj,0.0970171577311518
mrpc@s0,model.layers.19.mlp.gate_proj,0.5799947821473322
mrpc@s0,model.layers.19.mlp.up_proj,0.6248121983835513
mrpc@s0,model.layers.19.self_attn.k_proj,0.03871375620465096
mrpc@s0,model.layers.19.self_attn.o_proj,0.10590717681599277
mrpc@s0,model.layers.19.self_attn.q_proj,0.2294294323180567
mrpc@s0,model.layers.19.self_attn.v_proj,0.017460315721985392
mrpc@s0,model.layers.2.mlp.down_proj,0.46604564949872823
mrpc@s0,model.layers.2.mlp.gate_proj,2.8303125433686476
mrpc@s0,model.layers.2.mlp.up_proj,2.17949505183526
mrpc@s0,model.layers.2.self_attn.k_proj,0.06333872432911701
mrpc@s0,model.layers.2.self_attn.o_proj,0.4418154012851515
mrpc@s0,model.layers.2.self_attn.q_proj,0.5311499881123098
mrpc@s0,model.layers.2.self_attn.v_proj,0.0484083694301666
mrpc@s0,model.layers.20.mlp.down_proj,0.10849040175814541
mrpc@s0,model.layers.20.mlp.gate_proj,0.598723840205527
mrpc@s0,model.layers.20.mlp.up_proj,0.3987202862394657
mrpc@s0,model.layers.20.self_attn.k_proj,0.049162169908556166
mrpc@s0,model.layers.20.self_attn.o_proj,0.09009853511360932
mrpc@s0,model.layers.20.self_attn.q_proj,0.2870929408803404
mrpc@s0,model.layers.20.self_attn.v_proj,0.010425442091717007
mrpc@s0,model.layers.21.mlp.down_proj,0.045671253587773096
mrpc@s0,model.layers.21.mlp.gate_proj,0.7071332872675307
mrpc@s0,model.layers.21.mlp.up_proj,0.44444234273089234
mrpc@s0,model.layers.21.self_attn.k_proj,0.024214114957684493
mrpc@s0,model.layers.21.self_attn.o_proj,0.07486125612108227
mrpc@s0,model.layers.21.self_attn.q_proj,0.31643068521450923
mrpc@s0,model.layers.21.self_attn.v_proj,0.009319165012315899
mrpc@s0,model.layers.22.mlp.down_proj,0.08690303062660683
mrpc@s0,model.layers.22.mlp.gate_proj,0.5891748412237525
mrpc@s0,model.layers.22.mlp.up_proj,0.45875926693122765
mrpc@s0,model.layers.22.self_attn.k_proj,0.09550006593132909
mrpc@s0,model.layers.22.self_attn.o_proj,0.09199179160256189
mrpc@s0,model.layers.22.self_attn.q_proj,0.9889212602860359
mrpc@s0,model.layers.22.self_attn.v_proj,0.017679894120330428
mrpc@s0,model.layers.23.mlp.down_proj,0.014398611273983097
mrpc@s0,model.layers.23.mlp.gate_proj,0.5828814194903333
mrpc@s0,model.layers.23.mlp.up_proj,0.48275837454469467
mrpc@s0,model.layers.23.self_attn.k_proj,0.04153012960022448
mrpc@s0,model.layers.23.self_attn.o_proj,0.03243973795924426
mrpc@s0,model.layers.23.self_attn.q_proj,0.702886765652587
mrpc@s0,model.layers.23.self_attn.v_proj,0.2748636100404489
mrpc@s0,model.layers.3.mlp.down_proj,0.3415110841062496
mrpc@s0,model.layers.3.mlp.gate_proj,2.9965366494360834
mrpc@s0,model.layers.3.mlp.up_proj,1.725094216727822
mrpc@s0,model.layers.3.self_attn.k_proj,0.04197806379206315
mrpc@s0,model.layers.3.self_attn.o_proj,0.2950769127286556
mrpc@s0,model.layers.3.self_attn.q_proj,0.39285176786784826
mrpc@s0,model.layers.3.self_attn.v_proj,0.03436678345934845
mrpc@s0,model.layers.4.mlp.down_proj,0.6485243681306225
mrpc@s0,model.layers.4.mlp.gate_proj,2.766253317536541
mrpc@s0,model.layers.4.mlp.up_proj,1.8639432669004883
mrpc@s0,model.layers.4.self_attn.k_proj,0.06335995952014718
mrpc@s0,model.layers.4.self_attn.o_proj,0.3046919417043648
mrpc@s0,model.layers.4.self_attn.q_proj,0.41737225096979746
mrpc@s0,model.layers.4.self_attn.v_proj,0.03532660477870156
mrpc@s0,model.layers.5.mlp.down_proj,0.5271492199702054
mrpc@s0,model.layers.5.mlp.gate_proj,4.6591262092085906
mrpc@s0,model.layers.5.mlp.up_proj,1.633047869653057
mrpc@s0,model.layers.5.self_attn.k_proj,0.05984235538031358
mrpc@s0,model.layers.5.self_attn.o_proj,0.2551068189034481
mrpc@s0,model.layers.5.self_attn.q_proj,0.2797534200738009
mrpc@s0,model.layers.5.self_attn.v_proj,0.033995497892150436
mrpc@s0,model.layers.6.mlp.down_proj,0.5019497525375269
mrpc@s0,model.layers.6.mlp.gate_proj,2.7751110224940474
mrpc@s0,model.layers.6.mlp.up_proj,1.864722253643051
mrpc@s0,model.layers.6.self_attn.k_proj,0.04470943763690915
mrpc@s0,model.layers.6.self_attn.o_proj,0.24953292479304578
mrpc@s0,model.layers.6.self_attn.q_proj,0.5023346677036218
mrpc@s0,model.layers.6.self_attn.v_proj,0.031623860716832985
mrpc@s0,model.layers.7.mlp.down_proj,0.4766443322742997
mrpc@s0,model.layers.7.mlp.gate_proj,3.539878513613111
mrpc@s0,model.layers.7.mlp.up_proj,2.4703008555092523
mrpc@s0,model.layers.7.self_attn.k_proj,0.05002790683173077
mrpc@s0,model.layers.7.self_attn.o_proj,0.3914788684566623
mrpc@s0,model.layers.7.self_attn.q_proj,0.49984167044173244
mrpc@s0,model.layers.7.self_attn.v_proj,0.06683078423110105
mrpc@s0,model.layers.8.mlp.down_proj,0.6195035290289094
mrpc@s0,model.layers.8.mlp.gate_proj,3.622254480724294
mrpc@s0,model.layers.8.mlp.up_proj,2.062210079427679
mrpc@s0,model.layers.8.self_attn.k_proj,0.05425447538184067
mrpc@s0,model.layers.8.self_attn.o_proj,0.38737401068738575
mrpc@s0,model.layers.8.self_attn.q_proj,0.5062201652073511
mrpc@s0,model.layers.8.self_attn.v_proj,0.058162583900780926
mrpc@s0,model.layers.9.mlp.down_proj,0.5416387430655254
mrpc@s0,model.layers.9.mlp.gate_proj,3.560787732045943
mrpc@s0,model.layers.9.mlp.up_proj,1.9754956905523893
mrpc@s0,model.layers.9.self_attn.k_proj,0.06912552005518785
mrpc@s0,model.layers.9.self_attn.o_proj,0.29694731363054183
mrpc@s0,model.layers.9.self_attn.q_proj,0.5692693991666098
mrpc@s0,model.layers.9.self_attn.v_proj,0.0601542234766838
mrpc@s1,model.layers.0.mlp.down_proj,0.8071930984694123
mrpc@s1,model.layers.0.mlp.gate_proj,2.860183328996709
mrpc@s1,model.layers.0.mlp.up_proj,2.125967743695057
mrpc@s1,model.layers.0.self_attn.k_proj,0.06020434337694517
mrpc@s1,model.layers.0.self_attn.o_proj,0.42530102784934115
mrpc@s1,model.layers.0.self_attn.q_proj,0.6055268709056252
mrpc@s1,model.layers.0.self_attn.v_proj,0.036598207903801035
mrpc@s1,model.layers.1.mlp.down_proj,0.922991953291497
mrpc@s1,model.layers.1.mlp.gate_proj,2.6042023137589885
mrpc@s1,model.layers.1.mlp.up_proj,2.06936545004402
mrpc@s1,model.layers.1.self_attn.k_proj,0.06943771273303437
mrpc@s1,model.layers.1.self_attn.o_proj,0.33006136570312083
mrpc@s1,model.layers.1.self_attn.q_proj,0.3209930363011409
mrpc@s1,model.layers.1.self_attn.v_proj,0.04832065741614953
mrpc@s1,model.layers.10.mlp.down_proj,0.6037617894984579
mrpc@s1,model.layers.10.mlp.gate_proj,2.2854338111708574
mrpc@s1,model.layers.10.mlp.up_proj,1.8066863086136944
mrpc@s1,model.layers.10.self_attn.k_proj,0.05243572250320709
mrpc@s1,model.layers.10.self_attn.o_proj,0.28350196286634216
mrpc@s1,model.layers.10.self_attn.q_proj,0.4060245029091169
mrpc@s1,model.layers.10.self_attn.v_proj,0.04399427417086733
mrpc@s1,model.layers.11.mlp.down_proj,0.49330335107439743
mrpc@s1,model.layers.11.mlp.gate_proj,1.836601967050606
mrpc@s1,model.layers.11.mlp.up_proj,1.3050770313313962
mrpc@s1,model.layers.11.self_attn.k_proj,0.054109953684303075
mrpc@s1,model.layers.11.self_attn.o_proj,0.1965636960116877
mrpc@s1,model.layers.11.self_attn.q_proj,0.3382716544130906
mrpc@s1,model.layers.11.self_attn.v_proj,0.052070127427004
mrpc@s1,model.layers.12.mlp.down_proj,0.5824910043126388
mrpc@s1,model.layers.12.mlp.gate_proj,1.7281130382294547
mrpc@s1,model.layers.12.mlp.up_proj,1.4835118697797178
mrpc@s1,model.layers.12.self_attn.k_proj,0.05779748070776613
mrpc@s1,model.layers.12.self_attn.o_proj,0.2828936709490245
mrpc@s1,model.layers.12.self_attn.q_proj,0.3534682008072944
mrpc@s1,model.layers.12.self_attn.v_proj,0.031973391639477086
mrpc@s1,model.layers.13.mlp.down_proj,1.1834293611265856
mrpc@s1,model.layers.13.mlp.gate_proj,1.8151459499593203
mrpc@s1,model.layers.13.mlp.up_proj,1.3172025818968587
mrpc@s1,model.layers.13.self_attn.k_proj,0.049118552039483565
mrpc@s1,model.layers.13.self_attn.o_proj,0.20627822731293932
mrpc@s1,model.layers.13.self_attn.q_proj,0.36640422189914873
mrpc@s1,model.layers.13.self_attn.v_proj,0.030365844211191827
mrpc@s1,model.layers.14.mlp.down_proj,0.47151576237420334
mrpc@s1,model.layers.14.mlp.gate_proj,1.4154896225292917
mrpc@s1,model.layers.14.mlp.up_proj,1.1706463890438346
mrpc@s1,model.layers.14.self_attn.k_proj,0.040081014516822985
mrpc@s1,model.layers.14.self_attn.o_proj,0.15823185899819006
mrpc@s1,model.layers.14.self_attn.q_proj,0.30273266229882545
mrpc@s1,model.layers.14.self_attn.v_proj,0.014134091819104622
mrpc@s1,model.layers.15.mlp.down_proj,0.14855230635628036
mrpc@s1,model.layers.15.mlp.gate_proj,0.9984852321472202
mrpc@s1,model.layers.15.mlp.up_proj,0.822129628204821
mrpc@s1,model.layers.15.self_attn.k_proj,0.041896410958373285
mrpc@s1,model.layers.15.self_attn.o_proj,0.21789274288203406
mrpc@s1,model.layers.15.self_attn.q_proj,0.4639028835148604
mrpc@s1,model.layers.15.self_attn.v_proj,0.019022271362529753
mrpc@s1,model.layers.16.mlp.down_proj,0.12449891956884016
mrpc@s1,model.layers.16.mlp.gate_proj,0.7551335835624372
mrpc@s1,model.layers.16.mlp.up_proj,0.5302936394232005
mrpc@s1,model.layers.16.self_attn.k_proj,0.021356662650609794
mrpc@s1,model.layers.16.self_attn.o_proj,0.1359348446246175
mrpc@s1,model.layers.16.self_attn.q_proj,0.30779889823231665
mrpc@s1,model.layers.16.self_attn.v_proj,0.02446748528608851
mrpc@s1,model.layers.17.mlp.down_proj,0.09037329414965663
mrpc@s1,model.layers.17.mlp.gate_proj,0.6545237149483445
mrpc@s1,model.layers.17.mlp.up_proj,0.45702697690259253
mrpc@s1,model.layers.17.self_attn.k_proj,0.038127415120784096
mrpc@s1,model.layers.17.self_attn.o_proj,0.0991347213602252
mrpc@s1,model.layers.17.self_attn.q_proj,0.30506186589831646
mrpc@s1,model.layers.17.self_attn.v_proj,0.018047534072372196
mrpc@s1,model.layers.18.mlp.down_proj,0.08192475995919615
mrpc@s1,model.layers.18.mlp.gate_proj,0.5265424435665458
mrpc@s1,model.layers.18.mlp.up_proj,0.5660509130813364
mrpc@s1,model.layers.18.self_attn.k_proj,0.02159297212799057
mrpc@s1,model.layers.18.self_attn.o_proj,0.15700580166595696
mrpc@s1,model.layers.18.self_attn.q_proj,0.2458214023925938
mrpc@s1,model.layers.18.self_attn.v_proj,0.01565997620782788
mrpc@s1,model.layers.19.mlp.down_proj,0.05685194369562656
mrpc@s1,model.layers.19.mlp.gate_proj,0.6043743065059757
mrpc@s1,model.layers.19.mlp.up_proj,0.36748034896067416
mrpc@s1,model.layers.19.self_attn.k_proj,0.04326667598968903
mrpc@s1,model.layers.19.self_attn.o_proj,0.13771362596221468
mrpc@s1,model.layers.19.self_attn.q_proj,0.4275487645287182
mrpc@s1,model.layers.19.self_attn.v_proj,0.02059906004506131
mrpc@s1,model.layers.2.mlp.down_proj,0.4369629174336563
mrpc@s1,model.layers.2.mlp.gate_proj,2.3413623912731047
mrpc@s1,model.layers.2.mlp.up_proj,2.318741640686646
mrpc@s1,model.layers.2.self_attn.k_proj,0.0640499552649513
mrpc@s1,model.layers.2.self_attn.o_proj,0.40046892594579786
mrpc@s1,model.layers.2.self_attn.q_proj,0.46822638835563685
mrpc@s1,model.layers.2.self_attn.v_proj,0.04839089348799809
mrpc@s1,model.layers.20.mlp.down_proj,0.06647504867283235
mrpc@s1,model.layers.20.mlp.gate_proj,0.685778704545046
mrpc@s1,model.layers.20.mlp.up_proj,0.34932182747373924
mrpc@s1,model.layers.20.self_attn.k_proj,0.035696897999553855
mrpc@s1,model.layers.20.self_attn.o_proj,0.05467692197424837
mrpc@s1,model.layers.20.self_attn.q_proj,0.5288126419289447
mrpc@s1,model.layers.20.self_attn.v_proj,0.009891109737830337
mrpc@s1,model.layers.21.mlp.down_proj,0.032575057865741
mrpc@s1,model.layers.21.mlp.gate_proj,0.4886379881792935
mrpc@s1,model.layers.21.mlp.up_proj,0.3179026321709226
mrpc@s1,model.layers.21.self_attn.k_proj,0.01759788655130604
mrpc@s1,model.layers.21.self_attn.o_proj,0.04853191950797882
mrpc@s1,model.layers.21.self_attn.q_proj,0.34413759161909613
mrpc@s1,model.layers.21.self_attn.v_proj,0.00804269680476472
mrpc@s1,model.layers.22.mlp.down_proj,0.045460953113450324
mrpc@s1,model.layers.22.mlp.gate_proj,0.5898089433605147
mrpc@s1,model.layers.22.mlp.up_proj,0.34654649268372084
mrpc@s1,model.layers.22.self_attn.k_proj,0.01930966704806735
mrpc@s1,model.layers.22.self_attn.o_proj,0.09033682498897673
mrpc@s1,model.layers.22.self_attn.q_proj,0.30586624774401855
mrpc@s1,model.layers.22.self_attn.v_proj,0.011367090469205084
mrpc@s1,model.layers.23.mlp.down_proj,0.006732268372451156
mrpc@s1,model.layers.23.mlp.gate_proj,0.4918021962836012
mrpc@s1,model.layers.23.mlp.up_proj,0.3612224057934495
mrpc@s1,model.layers.23.self_attn.k_proj,0.037067391137316344
mrpc@s1,model.layers.23.self_attn.o_proj,0.0386963398419171
mrpc@s1,model.layers.23.self_attn.q_proj,1.3926334977720987
mrpc@s1,model.layers.23.self_attn.v_proj,0.018551879051597754
mrpc@s1,model.layers.3.mlp.down_proj,0.35216865546556786
mrpc@s1,model.layers.3.mlp.gate_proj,2.4340514546803957
mrpc@s1,model.layers.3.mlp.up_proj,1.930726067267973
mrpc@s1,model.layers.3.self_attn.k_proj,0.049387169369069964
mrpc@s1,model.layers.3.self_attn.o_proj,0.2950088386186621
mrpc@s1,model.layers.3.self_attn.q_proj,0.422177605574181
mrpc@s1,model.layers.3.self_attn.v_proj,0.04269857921461267
mrpc@s1,model.layers.4.mlp.down_proj,0.5286992579530316
mrpc@s1,model.layers.4.mlp.gate_proj,2.6317378409783707
mrpc@s1,model.layers.4.mlp.up_proj,1.5634534068423636
mrpc@s1,model.layers.4.self_attn.k_proj,0.0422181991355108
mrpc@s1,model.layers.4.self_attn.o_proj,0.31008803745645436
mrpc@s1,model.layers.4.self_attn.q_proj,0.3286455213643036
mrpc@s1,model.layers.4.self_attn.v_proj,0.02897700673810634
mrpc@s1,model.layers.5.mlp.down_proj,0.5325902485119979
mrpc@s1,model.layers.5.mlp.gate_proj,2.9606184760784298
mrpc@s1,model.layers.5.mlp.up_proj,1.746948337941845
mrpc@s1,model.layers.5.self_attn.k_proj,0.0628181657537464
mrpc@s1,model.layers.5.self_attn.o_proj,0.2531457258629628
mrpc@s1,model.layers.5.self_attn.q_proj,0.28706200361418766
mrpc@s1,model.layers.5.self_attn.v_proj,0.030621510710093006
mrpc@s1,model.layers.6.mlp.down_proj,0.4732334599554311
mrpc@s1,model.layers.6.mlp.gate_proj,2.806963842024023
mrpc@s1,model.layers.6.mlp.up_proj,1.9658826301203725
mrpc@s1,model.layers.6.self_attn.k_proj,0.06466891115910535
mrpc@s1,model.layers.6.self_attn.o_proj,0.29882706444464013
mrpc@s1,model.layers.6.self_attn.q_proj,0.5560511674407885
mrpc@s1,model.layers.6.self_attn.v_proj,0.04274230532835789
mrpc@s1,model.layers.7.mlp.down_proj,0.5462846152500271
mrpc@s1,model.layers.7.mlp.gate_proj,2.748121742842038
mrpc@s1,model.layers.7.mlp.up_proj,2.1012994164262455
mrpc@s1,model.layers.7.self_attn.k_proj,0.05701527543022774
mrpc@s1,model.layers.7.self_attn.o_proj,0.3375187935239339
mrpc@s1,model.layers.7.self_attn.q_proj,0.4924723100445876
mrpc@s1,model.layers.7.self_attn.v_proj,0.04684825109333998
mrpc@s1,model.layers.8.mlp.down_proj,0.5240487405833082
mrpc@s1,model.layers.8.mlp.gate_proj,2.572028844512908
mrpc@s1,model.layers.8.mlp.up_proj,2.0976053739357967
mrpc@s1,model.layers.8.self_attn.k_proj,0.034284552855753624
mrpc@s1,model.layers.8.self_attn.o_proj,0.33216861868661574
mrpc@s1,model.layers.8.self_attn.q_proj,0.4486031562532311
mrpc@s1,model.layers.8.self_attn.v_proj,0.060148410866361975
mrpc@s1,model.layers.9.mlp.down_proj,0.5434278278228987
mrpc@s1,model.layers.9.mlp.gate_proj,3.005404588409983
mrpc@s1,model.layers.9.mlp.up_proj,1.8916649533265468
mrpc@s1,model.layers.9.self_attn.k_proj,0.0510689276478941
mrpc@s1,model.layers.9.self_attn.o_proj,0.25474446554302244
mrpc@s1,model.layers.9.self_attn.q_proj,0.455700186282431
mrpc@s1,model.layers.9.self_attn.v_proj,0.05717265223301729
qnli@s0,model.layers.0.mlp.down_proj,2.7306125236419425
qnli@s0,model.layers.0.mlp.gate_proj,5.035610673784029
qnli@s0,model.layers.0.mlp.up_proj,4.325955231195532
qnli@s0,model.layers.0.self_attn.k_proj,0.09734527385320668
qnli@s0,model.layers.0.self_attn.o_proj,0.8038091624046355
qnli@s0,model.layers.0.self_attn.q_proj,1.0617527099788806
qnli@s0,model.layers.0.self_attn.v_proj,0.11236488466125315
qnli@s0,model.layers.1.mlp.down_proj,2.101347675910256
qnli@s0,model.layers.1.mlp.gate_proj,4.34002136476993
qnli@s0,model.layers.1.mlp.up_proj,4.2277505605083405
qnli@s0,model.layers.1.self_attn.k_proj,0.1206977706918274
qnli@s0,model.layers.1.self_attn.o_proj,0.6683046425194535
qnli@s0,model.layers.1.self_attn.q_proj,1.1066488285756635
qnli@s0,model.layers.1.self_attn.v_proj,0.10189272431635711
qnli@s0,model.layers.10.mlp.down_proj,1.1306700760505164
qnli@s0,model.layers.10.mlp.gate_proj,3.982719586123652
qnli@s0,model.layers.10.mlp.up_proj,3.612455440047701
qnli@s0,model.layers.10.self_attn.k_proj,0.10967371559692943
qnli@s0,model.layers.10.self_attn.o_proj,0.5844494423337467
qnli@s0,model.layers.10.self_attn.q_proj,1.1481013439518564
qnli@s0,model.layers.10.self_attn.v_proj,0.09624359084664785
qnli@s0,model.layers.11.mlp.down_proj,1.1678101299618144
qnli@s0,model.layers.11.mlp.gate_proj,4.062797820513654
qnli@s0,model.layers.11.mlp.up_proj,2.967930981214505
qnli@s0,model.layers.11.self_attn.k_proj,0.08754330789480974
qnli@s0,model.layers.11.self_attn.o_proj,0.5082800433366187
qnli@s0,model.layers.11.self_attn.q_proj,0.76341450723463
qnli@s0,model.layers.11.self_attn.v_proj,0.0685670121815046
qnli@s0,model.layers.12.mlp.down_proj,3.6739964089790607
qnli@s0,model.layers.12.mlp.gate_proj,5.712368166474491
qnli@s0,model.layers.12.mlp.up_proj,4.242495896671685
qnli@s0,model.layers.12.self_attn.k_proj,0.11759020515863819
qnli@s0,model.layers.12.self_attn.o_proj,0.7231643506195516
qnli@s0,model.layers.12.self_attn.q_proj,1.3221648815467553
qnli@s0,model.layers.12.self_attn.v_proj,0.09257740899837333
qnli@s0,model.layers.13.mlp.down_proj,2.589181740639108
qnli@s0,model.layers.13.mlp.gate_proj,3.442142281082055
qnli@s0,model.layers.13.mlp.up_proj,2.7647526417874135
qnli@s0,model.layers.13.self_attn.k_proj,0.2983296174847571
qnli@s0,model.layers.13.self_attn.o_proj,0.952061329858579
qnli@s0,model.layers.13.self_attn.q_proj,0.940520098609218
qnli@s0,model.layers.13.self_attn.v_proj,0.08215618127462174
qnli@s0,model.layers.14.mlp.down_proj,1.8983163403831642
qnli@s0,model.layers.14.mlp.gate_proj,2.9603155124269733
qnli@s0,model.layers.14.mlp.up_proj,2.416201278482475
qnli@s0,model.layers.14.self_attn.k_proj,0.10846750899642087
qnli@s0,model.layers.14.self_attn.o_proj,0.326031776049477
qnli@s0,model.layers.14.self_attn.q_proj,0.9959659126631898
qnli@s0,model.layers.14.self_attn.v_proj,0.063738441201176
qnli@s0,model.layers.15.mlp.down_proj,1.7073076972339902
qnli@s0,model.layers.15.mlp.gate_proj,2.5294478477573823
qnli@s0,model.layers.15.mlp.up_proj,2.2448053724456156
qnli@s0,model.layers.15.self_attn.k_proj,0.25003641172399255
qnli@s0,model.layers.15.self_attn.o_proj,0.45129604732002276
qnli@s0,model.layers.15.self_attn.q_proj,2.061928714507468
qnli@s0,model.layers.15.self_attn.v_proj,0.0901330185710583
qnli@s0,model.layers.16.mlp.down_proj,1.0390790219381651
qnli@s0,model.layers.16.mlp.gate_proj,1.7304821248510747
qnli@s0,model.layers.16.mlp.up_proj,1.4152357659287729
qnli@s0,model.layers.16.self_attn.k_proj,0.12201202297432481
qnli@s0,model.layers.16.self_attn.o_proj,0.21116986990692516
qnli@s0,model.layers.16.self_attn.q_proj,0.3322002293870526
qnli@s0,model.layers.16.self_attn.v_proj,0.03457447882675455
qnli@s0,model.layers.17.mlp.down_proj,1.104881828713131
qnli@s0,model.layers.17.mlp.gate_proj,1.5341634274627738
qnli@s0,model.layers.17.mlp.up_proj,0.9923673382410366
qnli@s0,model.layers.17.self_attn.k_proj,0.06434626991797233
qnli@s0,model.layers.17.self_attn.o_proj,0.28664699592451875
qnli@s0,model.layers.17.self_attn.q_proj,0.4662278979492219
qnli@s0,model.layers.17.self_attn.v_proj,0.034295234002992725
qnli@s0,model.layers.18.mlp.down_proj,0.40587243305755544
qnli@s0,model.layers.18.mlp.gate_proj,0.875894321276433
qnli@s0,model.layers.18.mlp.up_proj,1.0324177801662826
qnli@s0,model.layers.18.self_attn.k_proj,0.03615291469622196
qnli@s0,model.layers.18.self_attn.o_proj,0.07797203416795266
qnli@s0,model.layers.18.self_attn.q_proj,0.823186981519744
qnli@s0,model.layers.18.self_attn.v_proj,0.021976388730196153
qnli@s0,model.layers.19.mlp.down_proj,1.3654383642539694
qnli@s0,model.layers.19.mlp.gate_proj,0.7147985243979175
qnli@s0,model.layers.19.mlp.up_proj,0.6651169932761244
qnli@s0,model.layers.19.self_attn.k_proj,0.12724652943145384
qnli@s0,model.layers.19.self_attn.o_proj,0.26998585758376054
qnli@s0,model.layers.19.self_attn.q_proj,1.2779513713957165
qnli@s0,model.layers.19.self_attn.v_proj,0.06461515570088645
qnli@s0,model.layers.2.mlp.down_proj,1.9980677433653706
qnli@s0,model.layers.2.mlp.gate_proj,4.309407343133911
qnli@s0,model.layers.2.mlp.up_proj,4.525573149628795
qnli@s0,model.layers.2.self_attn.k_proj,0.1526455636891235
qnli@s0,model.layers.2.self_attn.o_proj,0.8472051361672739
qnli@s0,model.layers.2.self_attn.q_proj,0.8157357069755519
qnli@s0,model.layers.2.self_attn.v_proj,0.09413110374061566
qnli@s0,model.layers.20.mlp.down_proj,0.6426274346479237
qnli@s0,model.layers.20.mlp.gate_proj,0.8061007344777581
qnli@s0,model.layers.20.mlp.up_proj,0.5338166188088123
qnli@s0,model.layers.20.self_attn.k_proj,0.03296106526844726
qnli@s0,model.layers.20.self_attn.o_proj,0.24780913276593236
qnli@s0,model.layers.20.self_attn.q_proj,0.4532510144589402
qnli@s0,model.layers.20.self_attn.v_proj,0.015671980037172704
qnli@s0,model.layers.21.mlp.down_proj,0.06524978901438697
qnli@s0,model.layers.21.mlp.gate_proj,0.9431018596881376
qnli@s0,model.layers.21.mlp.up_proj,0.48218796444911055
qnli@s0,model.layers.21.self_attn.k_proj,0.04565345995813755
qnli@s0,model.layers.21.self_attn.o_proj,0.14749366474538547
qnli@s0,model.layers.21.self_attn.q_proj,0.23705941725604843
qnli@s0,model.layers.21.self_attn.v_proj,0.025573123445900202
qnli@s0,model.layers.22.mlp.down_proj,0.182243704870593
qnli@s0,model.layers.22.mlp.gate_proj,0.6004252137093788
qnli@s0,model.layers.22.mlp.up_proj,0.625860575568042
qnli@s0,model.layers.22.self_attn.k_proj,0.01589671298268674
qnli@s0,model.layers.22.self_attn.o_proj,0.06397510307040906
qnli@s0,model.layers.22.self_attn.q_proj,0.17166801091146286
qnli@s0,model.layers.22.self_attn.v_proj,0.04690383649303491
qnli@s0,model.layers.23.mlp.down_proj,0.028569780235381394
qnli@s0,model.layers.23.mlp.gate_proj,2.4416085159268546
qnli@s0,model.layers.23.mlp.up_proj,4.752570606140541
qnli@s0,model.layers.23.self_attn.k_proj,0.027328100232346317
qnli@s0,model.layers.23.self_attn.o_proj,0.08729530600909025
qnli@s0,model.layers.23.self_attn.q_proj,0.12139401231814957
qnli@s0,model.layers.23.self_attn.v_proj,0.1293704360605153
qnli@s0,model.layers.3.mlp.down_proj,1.6109454874618518
qnli@s0,model.layers.3.mlp.gate_proj,4.049498908962777
qnli@s0,model.layers.3.mlp.up_proj,4.375720507807425
qnli@s0,model.layers.3.self_attn.k_proj,0.0892854134666809
qnli@s0,model.layers.3.self_attn.o_proj,0.7191789535759704
qnli@s0,model.layers.3.self_attn.q_proj,0.7888600901008215
qnli@s0,model.layers.3.self_attn.v_proj,0.12424876532318382
qnli@s0,model.layers.4.mlp.down_proj,1.9640352444949922
qnli@s0,model.layers.4.mlp.gate_proj,4.318843752143029
qnli@s0,model.layers.4.mlp.up_proj,3.8245972591994897
qnli@s0,model.layers.4.self_attn.k_proj,0.08264634605577797
qnli@s0,model.layers.4.self_attn.o_proj,0.6654109515077997
qnli@s0,model.layers.4.self_attn.q_proj,0.5857222389244132
qnli@s0,model.layers.4.self_attn.v_proj,0.10389127770554754
qnli@s0,model.layers.5.mlp.down_proj,2.211040161035218
qnli@s0,model.layers.5.mlp.gate_proj,4.48925621414273
qnli@s0,model.layers.5.mlp.up_proj,3.623502131398923
qnli@s0,model.layers.5.self_attn.k_proj,0.11376604420299148
qnli@s0,model.layers.5.self_attn.o_proj,0.6371506691741733
qnli@s0,model.layers.5.self_attn.q_proj,0.7204398287106389
qnli@s0,model.layers.5.self_attn.v_proj,0.09903515371032005
qnli@s0,model.layers.6.mlp.down_proj,1.8174586792992862
qnli@s0,model.layers.6.mlp.gate_proj,4.748202299207162
qnli@s0,model.layers.6.mlp.up_proj,4.095804418774932
qnli@s0,model.layers.6.self_attn.k_proj,0.12686808735688043
qnli@s0,model.layers.6.self_attn.o_proj,0.6783818405548037
qnli@s0,model.layers.6.self_attn.q_proj,0.9696094008572271
qnli@s0,model.layers.6.self_attn.v_proj,0.12120801749822553
qnli@s0,model.layers.7.mlp.down_proj,2.149932076494858
qnli@s0,model.layers.7.mlp.gate_proj,4.212230933160116
qnli@s0,model.layers.7.mlp.up_proj,4.646050128785503
qnli@s0,model.layers.7.self_attn.k_proj,0.10536070434880335
qnli@s0,model.layers.7.self_attn.o_proj,0.7739381913421878
qnli@s0,model.layers.7.self_attn.q_proj,0.6914239629063229
qnli@s0,model.layers.7.self_attn.v_proj,0.12580042510407766
qnli@s0,model.layers.8.mlp.down_proj,1.6345544594416104
qnli@s0,model.layers.8.mlp.gate_proj,5.435427412806814
qnli@s0,model.layers.8.mlp.up_proj,4.267310033663253
qnli@s0,model.layers.8.self_attn.k_proj,0.1160061129524329
qnli@s0,model.layers.8.self_attn.o_proj,0.7389155747656707
qnli@s0,model.layers.8.self_attn.q_proj,0.653124115015555
qnli@s0,model.layers.8.self_attn.v_proj,0.1328050957591052
qnli@s0,model.layers.9.mlp.down_proj,1.4388236295321455
qnli@s0,model.layers.9.mlp.gate_proj,4.705661792619859
qnli@s0,model.layers.9.mlp.up_proj,3.808144383204103
qnli@s0,model.layers.9.self_attn.k_proj,0.101618572126086
qnli@s0,model.layers.9.self_attn.o_proj,0.7018286897512577
qnli@s0,model.layers.9.self_attn.q_proj,0.8227570390843407
qnli@s0,model.layers.9.self_attn.v_proj,0.08520798012914962
qnli@s1,model.layers.0.mlp.down_proj,2.1093236490173606
qnli@s1,model.layers.0.mlp.gate_proj,4.115793585154783
qnli@s1,model.layers.0.mlp.up_proj,3.999518766035264
qnli@s1,model.layers.0.self_attn.k_proj,0.08038844576120384
qnli@s1,model.layers.0.self_attn.o_proj,0.7821468344821281
qnli@s1,model.layers.0.self_attn.q_proj,0.9788090816727961
qnli@s1,model.layers.0.self_attn.v_proj,0.11041839765357708
qnli@s1,model.layers.1.mlp.down_proj,1.9057465458781995
qnli@s1,model.layers.1.mlp.gate_proj,4.9716328075189855
qnli@s1,model.layers.1.mlp.up_proj,4.261715770395146
qnli@s1,model.layers.1.self_attn.k_proj,0.1422282636691874
qnli@s1,model.layers.1.self_attn.o_proj,0.6359969681302103
qnli@s1,model.layers.1.self_attn.q_proj,0.8165675379040801
qnli@s1,model.layers.1.self_attn.v_proj,0.09499530198351094
qnli@s1,model.layers.10.mlp.down_proj,1.3016887420101824
qnli@s1,model.layers.10.mlp.gate_proj,3.6674594971546552
qnli@s1,model.layers.10.mlp.up_proj,2.617964758626872
qnli@s1,model.layers.10.self_attn.k_proj,0.09379836637392193
qnli@s1,model.layers.10.self_attn.o_proj,0.5335033021990762
qnli@s1,model.layers.10.self_attn.q_proj,0.8316488092544164
qnli@s1,model.layers.10.self_attn.v_proj,0.07265506700538188
qnli@s1,model.layers.11.mlp.down_proj,1.1142359766680607
qnli@s1,model.layers.11.mlp.gate_proj,4.584124257951517
qnli@s1,model.layers.11.mlp.up_proj,2.564362976075211
qnli@s1,model.layers.11.self_attn.k_proj,0.07449256285163863
qnli@s1,model.layers.11.self_attn.o_proj,0.4926982911058633
qnli@s1,model.layers.11.self_attn.q_proj,0.6164135932135673
qnli@s1,model.layers.11.self_attn.v_proj,0.08170187714174598
qnli@s1,model.layers.12.mlp.down_proj,1.5728070949148063
qnli@s1,model.layers.12.mlp.gate_proj,4.373327416251347
qnli@s1,model.layers.12.mlp.up_proj,4.163775354767443
qnli@s1,model.layers.12.self_attn.k_proj,0.09081518652278411
qnli@s1,model.layers.12.self_attn.o_proj,0.7923228440923497
qnli@s1,model.layers.12.self_attn.q_proj,1.1683831185604046
qnli@s1,model.layers.12.self_attn.v_proj,0.08309494455963032
qnli@s1,model.layers.13.mlp.down_proj,1.7558988438305094
qnli@s1,model.layers.13.mlp.gate_proj,3.595376771242212
qnli@s1,model.layers.13.mlp.up_proj,2.934377077652588
qnli@s1,model.layers.13.self_attn.k_proj,0.17186631562412413
qnli@s1,model.layers.13.self_attn.o_proj,0.6746856357991632
qnli@s1,model.layers.13.self_attn.q_proj,0.6131974409597545
qnli@s1,model.layers.13.self_attn.v_proj,0.07090147948425471
qnli@s1,model.layers.14.mlp.down_proj,1.5885881624896068
qnli@s1,model.layers.14.mlp.gate_proj,2.311231504011619
qnli@s1,model.layers.14.mlp.up_proj,2.2652948083129276
qnli@s1,model.layers.14.self_attn.k_proj,0.09623946917736316
qnli@s1,model.layers.14.self_attn.o_proj,0.31103400845874224
qnli@s1,model.layers.14.self_attn.q_proj,1.0490477993432996
qnli@s1,model.layers.14.self_attn.v_proj,0.04350096766155225
qnli@s1,model.layers.15.mlp.down_proj,1.358293419478434
qnli@s1,model.layers.15.mlp.gate_proj,3.5306641762891626
qnli@s1,model.layers.15.mlp.up_proj,2.76966040356747
qnli@s1,model.layers.15.self_attn.k_proj,0.12867301425310795
qnli@s1,model.layers.15.self_attn.o_proj,0.42662301950724435
qnli@s1,model.layers.15.self_attn.q_proj,1.3655529213800914
qnli@s1,model.layers.15.self_attn.v_proj,0.080458285858339
qnli@s1,model.layers.16.mlp.down_proj,0.398416343858034
qnli@s1,model.layers.16.mlp.gate_proj,1.208971287577914
qnli@s1,model.layers.16.mlp.up_proj,0.9739640608038073
qnli@s1,model.layers.16.self_attn.k_proj,0.07145077666243388
qnli@s1,model.layers.16.self_attn.o_proj,0.24079039432444088
qnli@s1,model.layers.16.self_attn.q_proj,0.640831677027089
qnli@s1,model.layers.16.self_attn.v_proj,0.01838992190563808
qnli@s1,model.layers.17.mlp.down_proj,0.2614894525876183
qnli@s1,model.layers.17.mlp.gate_proj,2.0998396755379494
qnli@s1,model.layers.17.mlp.up_proj,0.559650800138988
qnli@s1,model.layers.17.self_attn.k_proj,0.19419979770994947
qnli@s1,model.layers.17.self_attn.o_proj,0.3272619467937186
qnli@s1,model.layers.17.self_attn.q_proj,0.5929035283506359
qnli@s1,model.layers.17.self_attn.v_proj,0.2307359560974793
qnli@s1,model.layers.18.mlp.down_proj,0.16754284169466477
qnli@s1,model.layers.18.mlp.gate_proj,0.5656455001066011
qnli@s1,model.layers.18.mlp.up_proj,0.46692609446017175
qnli@s1,model.layers.18.self_attn.k_proj,0.02281480847277713
qnli@s1,model.layers.18.self_attn.o_proj,0.04612466056898701
qnli@s1,model.layers.18.self_attn.q_proj,0.21672518140582897
qnli@s1,model.layers.18.self_attn.v_proj,0.012424939304722354
qnli@s1,model.layers.19.mlp.down_proj,0.11104649578918015
qnli@s1,model.layers.19.mlp.gate_proj,0.7155887575787604
qnli@s1,model.layers.19.mlp.up_proj,0.3592869221140093
qnli@s1,model.layers.19.self_attn.k_proj,0.05658606778154862
qnli@s1,model.layers.19.self_attn.o_proj,0.11963252152921973
qnli@s1,model.layers.19.self_attn.q_proj,1.1364833035187032
qnli@s1,model.layers.19.self_attn.v_proj,0.11123990809931006
qnli@s1,model.layers.2.mlp.down_proj,1.2815061156770071
qnli@s1,model.layers.2.mlp.gate_proj,3.761462917773068
qnli@s1,model.layers.2.mlp.up_proj,3.782572203896787
qnli@s1,model.layers.2.self_attn.k_proj,0.08668867633333692
qnli@s1,model.layers.2.self_attn.o_proj,0.7937125587283319
qnli@s1,model.layers.2.self_attn.q_proj,0.8613470124392504
qnli@s1,model.layers.2.self_attn.v_proj,0.08486135637361204
qnli@s1,model.layers.20.mlp.down_proj,0.08523141174561695
qnli@s1,model.layers.20.mlp.gate_proj,0.7846021588702512
qnli@s1,model.layers.20.mlp.up_proj,0.4653780989229934
qnli@s1,model.layers.20.self_attn.k_proj,0.025517072317814075
qnli@s1,model.layers.20.self_attn.o_proj,0.10401532058536278
qnli@s1,model.layers.20.self_attn.q_proj,0.26222384168738466
qnli@s1,model.layers.20.self_attn.v_proj,0.010941106526269386
qnli@s1,model.layers.21.mlp.down_proj,0.029467875882158295
qnli@s1,model.layers.21.mlp.gate_proj,0.9119541086123597
qnli@s1,model.layers.21.mlp.up_proj,0.5014932229894116
qnli@s1,model.layers.21.self_attn.k_proj,0.022664533039502888
qnli@s1,model.layers.21.self_attn.o_proj,0.06423461778783543
qnli@s1,model.layers.21.self_attn.q_proj,0.26292034486275745
qnli@s1,model.layers.21.self_attn.v_proj,0.020499331014004904
qnli@s1,model.layers.22.mlp.down_proj,0.0770163823990771
qnli@s1,model.layers.22.mlp.gate_proj,0.9677320044418616
qnli@s1,model.layers.22.mlp.up_proj,0.4287257226996418
qnli@s1,model.layers.22.self_attn.k_proj,0.012611680041262858
qnli@s1,model.layers.22.self_attn.o_proj,0.07230057109259606
qnli@s1,model.layers.22.self_attn.q_proj,0.1317896045520723
qnli@s1,model.layers.22.self_attn.v_proj,0.02185892075419847
qnli@s1,model.layers.23.mlp.down_proj,0.03260298752739682
qnli@s1,model.layers.23.mlp.gate_proj,1.0846865329047422
qnli@s1,model.layers.23.mlp.up_proj,1.7106236635049212
qnli@s1,model.layers.23.self_attn.k_proj,0.011533559173300142
qnli@s1,model.layers.23.self_attn.o_proj,0.054090546122929614
qnli@s1,model.layers.23.self_attn.q_proj,0.24236219666122785
qnli@s1,model.layers.23.self_attn.v_proj,0.007042798080559198
qnli@s1,model.layers.3.mlp.down_proj,1.5402812130889996
qnli@s1,model.layers.3.mlp.gate_proj,4.023648851340386
qnli@s1,model.layers.3.mlp.up_proj,4.2000661430780575
qnli@s1,model.layers.3.self_attn.k_proj,0.09172769625535303
qnli@s1,model.layers.3.self_attn.o_proj,0.6752094852565608
qnli@s1,model.layers.3.self_attn.q_proj,0.7450129843453056
qnli@s1,model.layers.3.self_attn.v_proj,0.08006118827356722
qnli@s1,model.layers.4.mlp.down_proj,2.025486549710969
qnli@s1,model.layers.4.mlp.gate_proj,3.9592925612474277
qnli@s1,model.layers.4.mlp.up_proj,3.7836745034207993
qnli@s1,model.layers.4.self_attn.k_proj,0.10236164206961912
qnli@s1,model.layers.4.self_attn.o_proj,0.5899873229602208
qnli@s1,model.layers.4.self_attn.q_proj,0.6542774730123002
qnli@s1,model.layers.4.self_attn.v_proj,0.09999634230302201
qnli@s1,model.layers.5.mlp.down_proj,2.1637255907205866
qnli@s1,model.layers.5.mlp.gate_proj,4.549970053020149
qnli@s1,model.layers.5.mlp.up_proj,3.4646202796992465
qnli@s1,model.layers.5.self_attn.k_proj,0.09797615680512078
qnli@s1,model.layers.5.self_attn.o_proj,0.638807050119732
qnli@s1,model.layers.5.self_attn.q_proj,0.9915044728074625
qnli@s1,model.layers.5.self_attn.v_proj,0.08609763237643629
qnli@s1,model.layers.6.mlp.down_proj,1.9218043221999643
qnli@s1,model.layers.6.mlp.gate_proj,3.9516732585005716
qnli@s1,model.layers.6.mlp.up_proj,3.9815554777597844
qnli@s1,model.layers.6.self_attn.k_proj,0.07983798831333422
qnli@s1,model.layers.6.self_attn.o_proj,0.5946601033444311
qnli@s1,model.layers.6.self_attn.q_proj,0.6795256562589577
qnli@s1,model.layers.6.self_attn.v_proj,0.09289423861578441
qnli@s1,model.layers.7.mlp.down_proj,1.7752672856867449
qnli@s1,model.layers.7.mlp.gate_proj,4.11234497096508
qnli@s1,model.layers.7.mlp.up_proj,3.398844535560987
qnli@s1,model.layers.7.self_attn.k_proj,0.0847114103583438
qnli@s1,model.layers.7.self_attn.o_proj,0.6982286009911682
qnli@s1,model.layers.7.self_attn.q_proj,0.6670454112781258
qnli@s1,model.layers.7.self_attn.v_proj,0.18992317059244773
qnli@s1,model.layers.8.mlp.down_proj,1.4627915423710773
qnli@s1,model.layers.8.mlp.gate_proj,4.75006570985634
qnli@s1,model.layers.8.mlp.up_proj,3.892702556473936
qnli@s1,model.layers.8.self_attn.k_proj,0.10836839468960634
qnli@s1,model.layers.8.self_attn.o_proj,0.6272383339039218
qnli@s1,model.layers.8.self_attn.q_proj,0.8750066065018389
qnli@s1,model.layers.8.self_attn.v_proj,0.10977687076273843
qnli@s1,model.layers.9.mlp.down_proj,1.3778481453545974
qnli@s1,model.layers.9.mlp.gate_proj,4.238375285866139
qnli@s1,model.layers.9.mlp.up_proj,3.601643128879565
qnli@s1,model.layers.9.self_attn.k_proj,0.06897301146478212
qnli@s1,model.layers.9.self_attn.o_proj,0.6762873947529624
qnli@s1,model.layers.9.self_attn.q_proj,0.9402261268980586
qnli@s1,model.layers.9.self_attn.v_proj,0.09519359812747369
rte@s0,model.layers.0.mlp.down_proj,0.46311312927004555
rte@s0,model.layers.0.mlp.gate_proj,1.7274822353402184
rte@s0,model.layers.0.mlp.up_proj,1.365152001182187
rte@s0,model.layers.0.self_attn.k_proj,0.058502032286466873
rte@s0,model.layers.0.self_attn.o_proj,0.22382523266099238
rte@s0,model.layers.0.self_attn.q_proj,0.36757322097372114
rte@s0,model.layers.0.self_attn.v_proj,0.0325081597855347
rte@s0,model.layers.1.mlp.down_proj,0.5468732466190908
rte@s0,model.layers.1.mlp.gate_proj,1.5082009499046511
rte@s0,model.layers.1.mlp.up_proj,1.356585555867219
rte@s0,model.layers.1.self_attn.k_proj,0.03605145532205608
rte@s0,model.layers.1.self_attn.o_proj,0.17160813140883308
rte@s0,model.layers.1.self_attn.q_proj,0.2417635631274181
rte@s0,model.layers.1.self_attn.v_proj,0.028462925894383102
rte@s0,model.layers.10.mlp.down_proj,0.24771763792508472
rte@s0,model.layers.10.mlp.gate_proj,1.4898363293311507
rte@s0,model.layers.10.mlp.up_proj,1.2494320907850391
rte@s0,model.layers.10.self_attn.k_proj,0.04007027377625119
rte@s0,model.layers.10.self_attn.o_proj,0.18999321426201082
rte@s0,model.layers.10.self_attn.q_proj,0.30480123785764957
rte@s0,model.layers.10.self_attn.v_proj,0.028953209516417874
rte@s0,model.layers.11.mlp.down_proj,0.27699981494658077
rte@s0,model.layers.11.mlp.gate_proj,1.2281222964791876
rte@s0,model.layers.11.mlp.up_proj,0.9303111112613611
rte@s0,model.layers.11.self_attn.k_proj,0.04480853800804438
rte@s0,model.layers.11.self_attn.o_proj,0.15832172580086995
rte@s0,model.layers.11.self_attn.q_proj,0.25204662866709376
rte@s0,model.layers.11.self_attn.v_proj,0.02661213911891995
rte@s0,model.layers.12.mlp.down_proj,0.4237542331148698
rte@s0,model.layers.12.mlp.gate_proj,0.9892517245288601
rte@s0,model.layers.12.mlp.up_proj,0.8881469179986207
rte@s0,model.layers.12.self_attn.k_proj,0.059826606764967385
rte@s0,model.layers.12.self_attn.o_proj,0.23857715978791674
rte@s0,model.layers.12.self_attn.q_proj,0.2913851034197875
rte@s0,model.layers.12.self_attn.v_proj,0.02034224996979926
rte@s0,model.layers.13.mlp.down_proj,0.42173244119666764
rte@s0,model.layers.13.mlp.gate_proj,1.0477117438984427
rte@s0,model.layers.13.mlp.up_proj,0.9220023962670503
rte@s0,model.layers.13.self_attn.k_proj,0.03758181610929531
rte@s0,model.layers.13.self_attn.o_proj,0.18374200791225898
rte@s0,model.layers.13.self_attn.q_proj,0.17399216767645598
rte@s0,model.layers.13.self_attn.v_proj,0.023753671705172487
rte@s0,model.layers.14.mlp.down_proj,0.3149881308864181
rte@s0,model.layers.14.mlp.gate_proj,0.807667054666947
rte@s0,model.layers.14.mlp.up_proj,0.6314866182899573
rte@s0,model.layers.14.self_attn.k_proj,0.01552672434339818
rte@s0,model.layers.14.self_attn.o_proj,0.14869371955742178
rte@s0,model.layers.14.self_attn.q_proj,0.19434995134200544
rte@s0,model.layers.14.self_attn.v_proj,0.01558657185423426
rte@s0,model.layers.15.mlp.down_proj,0.0930799567101573
rte@s0,model.layers.15.mlp.gate_proj,0.5655745520214791
rte@s0,model.layers.15.mlp.up_proj,0.48078492814587653
rte@s0,model.layers.15.self_attn.k_proj,0.01910499806319227
rte@s0,model.layers.15.self_attn.o_proj,0.13087752367893637
rte@s0,model.layers.15.self_attn.q_proj,0.17622840763353545
rte@s0,model.layers.15.self_attn.v_proj,0.013617228979857923
rte@s0,model.layers.16.mlp.down_proj,0.06211279378313557
rte@s0,model.layers.16.mlp.gate_proj,0.40229486034295014
rte@s0,model.layers.16.mlp.up_proj,0.33137213937016113
rte@s0,model.layers.16.self_attn.k_proj,0.035267020432726164
rte@s0,model.layers.16.self_attn.o_proj,0.13600221951263852
rte@s0,model.layers.16.self_attn.q_proj,0.3175607951864103
rte@s0,model.layers.16.self_attn.v_proj,0.012016160538841747
rte@s0,model.layers.17.mlp.down_proj,0.045679895047423036
rte@s0,model.layers.17.mlp.gate_proj,0.38880151001446506
rte@s0,model.layers.17.mlp.up_proj,0.2926673332907488
rte@s0,model.layers.17.self_attn.k_proj,0.01880517982812266
rte@s0,model.layers.17.self_attn.o_proj,0.0527691516963453
rte@s0,model.layers.17.self_attn.q_proj,0.0943512402808924
rte@s0,model.layers.17.self_attn.v_proj,0.008057304792850363
rte@s0,model.layers.18.mlp.down_proj,0.04723697006366879
rte@s0,model.layers.18.mlp.gate_proj,0.36001639811756114
rte@s0,model.layers.18.mlp.up_proj,0.3033744617675328
rte@s0,model.layers.18.self_attn.k_proj,0.01416878527858797
rte@s0,model.layers.18.self_attn.o_proj,0.05839530042611627
rte@s0,model.layers.18.self_attn.q_proj,0.14440103598446155
rte@s0,model.layers.18.self_attn.v_proj,0.007483551349437393
rte@s0,model.layers.19.mlp.down_proj,0.055329293093817414
rte@s0,model.layers.19.mlp.gate_proj,0.37445298067467925
rte@s0,model.layers.19.mlp.up_proj,0.2523529084493706
rte@s0,model.layers.19.self_attn.k_proj,0.01677943182197059
rte@s0,model.layers.19.self_attn.o_proj,0.07703389827306222
rte@s0,model.layers.19.self_attn.q_proj,0.2444983159043081
rte@s0,model.layers.19.self_attn.v_proj,0.011468933686156351
rte@s0,model.layers.2.mlp.down_proj,0.3310532490005737
rte@s0,model.layers.2.mlp.gate_proj,1.6274553233856852
rte@s0,model.layers.2.mlp.up_proj,1.358146824483369
rte@s0,model.layers.2.self_attn.k_proj,0.03292691422131004
rte@s0,model.layers.2.self_attn.o_proj,0.25080280828886914
rte@s0,model.layers.2.self_attn.q_proj,0.26817580167475286
rte@s0,model.layers.2.self_attn.v_proj,0.02743478656879697
rte@s0,model.layers.20.mlp.down_proj,0.04757483073980806
rte@s0,model.layers.20.mlp.gate_proj,0.3903926941317599
rte@s0,model.layers.20.mlp.up_proj,0.24544040963697164
rte@s0,model.layers.20.self_attn.k_proj,0.021674786635704678
rte@s0,model.layers.20.self_attn.o_proj,0.0588380683581166
rte@s0,model.layers.20.self_attn.q_proj,0.09979444392388127
rte@s0,model.layers.20.self_attn.v_proj,0.008258643655533568
rte@s0,model.layers.21.mlp.down_proj,0.02589207080480108
rte@s0,model.layers.21.mlp.gate_proj,0.38817775693757717
rte@s0,model.layers.21.mlp.up_proj,0.20424264952847107
rte@s0,model.layers.21.self_attn.k_proj,0.031073056578097183
rte@s0,model.layers.21.self_attn.o_proj,0.05329760170725687
rte@s0,model.layers.21.self_attn.q_proj,0.1764538457115483
rte@s0,model.layers.21.self_attn.v_proj,0.008162119844561583
rte@s0,model.layers.22.mlp.down_proj,0.03564102187824579
rte@s0,model.layers.22.mlp.gate_proj,0.35620740019587915
rte@s0,model.layers.22.mlp.up_proj,0.2904846830438736
rte@s0,model.layers.22.self_attn.k_proj,0.022020422722374054
rte@s0,model.layers.22.self_attn.o_proj,0.040232946214077574
rte@s0,model.layers.22.self_attn.q_proj,0.17769698655329735
rte@s0,model.layers.22.self_attn.v_proj,0.008685344734357297
rte@s0,model.layers.23.mlp.down_proj,0.015023811978622688
rte@s0,model.layers.23.mlp.gate_proj,0.3147862746648954
rte@s0,model.layers.23.mlp.up_proj,0.19926493563847983
rte@s0,model.layers.23.self_attn.k_proj,0.0245273932547832
rte@s0,model.layers.23.self_attn.o_proj,0.043564622085764185
rte@s0,model.layers.23.self_attn.q_proj,0.4124755217065614
rte@s0,model.layers.23.self_attn.v_proj,0.008632982003869277
rte@s0,model.layers.3.mlp.down_proj,0.2936119537400573
rte@s0,model.layers.3.mlp.gate_proj,1.9315560519977286
rte@s0,model.layers.3.mlp.up_proj,1.2090710910972255
rte@s0,model.layers.3.self_attn.k_proj,0.040322521519607885
rte@s0,model.layers.3.self_attn.o_proj,0.1858404915048885
rte@s0,model.layers.3.self_attn.q_proj,0.19206672985581308
rte@s0,model.layers.3.self_attn.v_proj,0.03739715173448246
rte@s0,model.layers.4.mlp.down_proj,0.3866716927464946
rte@s0,model.layers.4.mlp.gate_proj,1.5081198796176727
rte@s0,model.layers.4.mlp.up_proj,1.2248592565104197
rte@s0,model.layers.4.self_attn.k_proj,0.028729661635633216
rte@s0,model.layers.4.self_attn.o_proj,0.19177735903843723
rte@s0,model.layers.4.self_attn.q_proj,0.2550672461007933
rte@s0,model.layers.4.self_attn.v_proj,0.02210991177729494
rte@s0,model.layers.5.mlp.down_proj,0.2851583657799639
rte@s0,model.layers.5.mlp.gate_proj,1.8466895189201853
rte@s0,model.layers.5.mlp.up_proj,1.0920887811082673
rte@s0,model.layers.5.self_attn.k_proj,0.03152243388337718
rte@s0,model.layers.5.self_attn.o_proj,0.18187326225178158
rte@s0,model.layers.5.self_attn.q_proj,0.23389928090229076
rte@s0,model.layers.5.self_attn.v_proj,0.026600458531280402
rte@s0,model.layers.6.mlp.down_proj,0.275464763725325
rte@s0,model.layers.6.mlp.gate_proj,1.6708626221872662
rte@s0,model.layers.6.mlp.up_proj,1.1945890089006133
rte@s0,model.layers.6.self_attn.k_proj,0.03381437994370139
rte@s0,model.layers.6.self_attn.o_proj,0.22482196020131126
rte@s0,model.layers.6.self_attn.q_proj,0.30163543044410723
rte@s0,model.layers.6.self_attn.v_proj,0.03554485742966729
rte@s0,model.layers.7.mlp.down_proj,0.2875175864906688
rte@s0,model.layers.7.mlp.gate_proj,1.929627613084862
rte@s0,model.layers.7.mlp.up_proj,1.29793583622814
rte@s0,model.layers.7.self_attn.k_proj,0.0346894826348756
rte@s0,model.layers.7.self_attn.o_proj,0.2517758904227998
rte@s0,model.layers.7.self_attn.q_proj,0.29527895790045233
rte@s0,model.layers.7.self_attn.v_proj,0.039120012741360226
rte@s0,model.layers.8.mlp.down_proj,0.2856229089492426
rte@s0,model.layers.8.mlp.gate_proj,1.5729511235833649
rte@s0,model.layers.8.mlp.up_proj,1.252439725643667
rte@s0,model.layers.8.self_attn.k_proj,0.047804602455636155
rte@s0,model.layers.8.self_attn.o_proj,0.20349684109583793
rte@s0,model.layers.8.self_attn.q_proj,0.4011933789127712
rte@s0,model.layers.8.self_attn.v_proj,0.03559395756088715
rte@s0,model.layers.9.mlp.down_proj,0.3158198636997745
rte@s0,model.layers.9.mlp.gate_proj,1.7662565819239164
rte@s0,model.layers.9.mlp.up_proj,1.341686391678198
rte@s0,model.layers.9.self_attn.k_proj,0.03477561859959157
rte@s0,model.layers.9.self_attn.o_proj,0.2185647377513032
rte@s0,model.layers.9.self_attn.q_proj,0.3051662105665641
rte@s0,model.layers.9.self_attn.v_proj,0.030848460960229376
rte@s1,model.layers.0.mlp.down_proj,0.44815762465145426
rte@s1,model.layers.0.mlp.gate_proj,1.8396188988621462
rte@s1,model.layers.0.mlp.up_proj,1.4500954322159985
rte@s1,model.layers.0.self_attn.k_proj,0.04773989032674916
rte@s1,model.layers.0.self_attn.o_proj,0.226553690154863
rte@s1,model.layers.0.self_attn.q_proj,0.22896795996611305
rte@s1,model.layers.0.self_attn.v_proj,0.03287854333317052
rte@s1,model.layers.1.mlp.down_proj,0.43095175490618093
rte@s1,model.layers.1.mlp.gate_proj,1.792389380419517
rte@s1,model.layers.1.mlp.up_proj,1.4476800349960977
rte@s1,model.layers.1.self_attn.k_proj,0.027929155840982173
rte@s1,model.layers.1.self_attn.o_proj,0.22044343213907808
rte@s1,model.layers.1.self_attn.q_proj,0.23467374171771008
rte@s1,model.layers.1.self_attn.v_proj,0.030277101221599864
rte@s1,model.layers.10.mlp.down_proj,0.25600702836617195
rte@s1,model.layers.10.mlp.gate_proj,1.3426412986445495
rte@s1,model.layers.10.mlp.up_proj,1.1829717305227587
rte@s1,model.layers.10.self_attn.k_proj,0.03861364188709066
rte@s1,model.layers.10.self_attn.o_proj,0.18473065782056752
rte@s1,model.layers.10.self_attn.q_proj,0.23494173617205932
rte@s1,model.layers.10.self_attn.v_proj,0.0311940936920193
rte@s1,model.layers.11.mlp.down_proj,0.260742833061479
rte@s1,model.layers.11.mlp.gate_proj,1.237111848491332
rte@s1,model.layers.11.mlp.up_proj,0.9899529402638698
rte@s1,model.layers.11.self_attn.k_proj,0.03930418745206826
rte@s1,model.layers.11.self_attn.o_proj,0.16995239665848266
rte@s1,model.layers.11.self_attn.q_proj,0.2403469001095033
rte@s1,model.layers.11.self_attn.v_proj,0.03274532949295017
rte@s1,model.layers.12.mlp.down_proj,0.8531718220100925
rte@s1,model.layers.12.mlp.gate_proj,1.2907333087142991
rte@s1,model.layers.12.mlp.up_proj,0.9375670459121284
rte@s1,model.layers.12.self_attn.k_proj,0.04100202003806436
rte@s1,model.layers.12.self_attn.o_proj,0.16946819562976276
rte@s1,model.layers.12.self_attn.q_proj,0.3914011098622854
rte@s1,model.layers.12.self_attn.v_proj,0.022157954221062825
rte@s1,model.layers.13.mlp.down_proj,0.7008942148155568
rte@s1,model.layers.13.mlp.gate_proj,1.2046120283023793
rte@s1,model.layers.13.mlp.up_proj,0.7967513802968215
rte@s1,model.layers.13.self_attn.k_proj,0.08459370966947698
rte@s1,model.layers.13.self_attn.o_proj,0.21097895154961477
rte@s1,model.layers.13.self_attn.q_proj,0.21463337233733717
rte@s1,model.layers.13.self_attn.v_proj,0.018080771309850512
rte@s1,model.layers.14.mlp.down_proj,0.30450612985289105
rte@s1,model.layers.14.mlp.gate_proj,0.7411286434517084
rte@s1,model.layers.14.mlp.up_proj,0.6323574146005313
rte@s1,model.layers.14.self_attn.k_proj,0.01714289831751573
rte@s1,model.layers.14.self_attn.o_proj,0.119832822076782
rte@s1,model.layers.14.self_attn.q_proj,0.30554479490076875
rte@s1,model.layers.14.self_attn.v_proj,0.022284648157138306
rte@s1,model.layers.15.mlp.down_proj,0.17186272314165169
rte@s1,model.layers.15.mlp.gate_proj,0.6568389561708203
rte@s1,model.layers.15.mlp.up_proj,0.460917096602339
rte@s1,model.layers.15.self_attn.k_proj,0.03064778195986782
rte@s1,model.layers.15.self_attn.o_proj,0.12860005487996745
rte@s1,model.layers.15.self_attn.q_proj,0.2418887784089854
rte@s1,model.layers.15.self_attn.v_proj,0.014597024166916139
rte@s1,model.layers.16.mlp.down_proj,0.10402031106076638
rte@s1,model.layers.16.mlp.gate_proj,0.4825423589518064
rte@s1,model.layers.16.mlp.up_proj,0.41119459436467676
rte@s1,model.layers.16.self_attn.k_proj,0.04254919214802465
rte@s1,model.layers.16.self_attn.o_proj,0.12954805179641793
rte@s1,model.layers.16.self_attn.q_proj,0.19099369899011015
rte@s1,model.layers.16.self_attn.v_proj,0.009889445300567661
rte@s1,model.layers.17.mlp.down_proj,0.08439945089458523
rte@s1,model.layers.17.mlp.gate_proj,0.5145471579655831
rte@s1,model.layers.17.mlp.up_proj,0.37379525756243587
rte@s1,model.layers.17.self_attn.k_proj,0.015893400109406618
rte@s1,model.layers.17.self_attn.o_proj,0.07788531431661806
rte@s1,model.layers.17.self_attn.q_proj,0.1377588470289852
rte@s1,model.layers.17.self_attn.v_proj,0.013876545234915171
rte@s1,model.layers.18.mlp.down_proj,0.066815783010141
rte@s1,model.layers.18.mlp.gate_proj,0.49644622720562726
rte@s1,model.layers.18.mlp.up_proj,0.3414509631007245
rte@s1,model.layers.18.self_attn.k_proj,0.016860397476230485
rte@s1,model.layers.18.self_attn.o_proj,0.07738895628483813
rte@s1,model.layers.18.self_attn.q_proj,0.2046325614519356
rte@s1,model.layers.18.self_attn.v_proj,0.00833382000535576
rte@s1,model.layers.19.mlp.down_proj,0.06588371024926797
rte@s1,model.layers.19.mlp.gate_proj,0.5242939449885304
rte@s1,model.layers.19.mlp.up_proj,0.2524350585827839
rte@s1,model.layers.19.self_attn.k_proj,0.014786587647903637
rte@s1,model.layers.19.self_attn.o_proj,0.06076280841217829
rte@s1,model.layers.19.self_attn.q_proj,0.21588653872170888
rte@s1,model.layers.19.self_attn.v_proj,0.011956205230725755
rte@s1,model.layers.2.mlp.down_proj,0.26383175995890934
rte@s1,model.layers.2.mlp.gate_proj,1.6774061699510943
rte@s1,model.layers.2.mlp.up_proj,1.3942255427942911
rte@s1,model.layers.2.self_attn.k_proj,0.03833046446983543
rte@s1,model.layers.2.self_attn.o_proj,0.25243981939756666
rte@s1,model.layers.2.self_attn.q_proj,0.2606335364630805
rte@s1,model.layers.2.self_attn.v_proj,0.0270221584174951
rte@s1,model.layers.20.mlp.down_proj,0.05396032217096392
rte@s1,model.layers.20.mlp.gate_proj,0.4244085713988433
rte@s1,model.layers.20.mlp.up_proj,0.26893168573480564
rte@s1,model.layers.20.self_attn.k_proj,0.02327634439249061
rte@s1,model.layers.20.self_attn.o_proj,0.04166783573890989
rte@s1,model.layers.20.self_attn.q_proj,0.19732013248718439
rte@s1,model.layers.20.self_attn.v_proj,0.005348365084873608
rte@s1,model.layers.21.mlp.down_proj,0.03101890056856905
rte@s1,model.layers.21.mlp.gate_proj,0.4321162007772735
rte@s1,model.layers.21.mlp.up_proj,0.2722105706266537
rte@s1,model.layers.21.self_attn.k_proj,0.022095425690983234
rte@s1,model.layers.21.self_attn.o_proj,0.053764646201950365
rte@s1,model.layers.21.self_attn.q_proj,0.204523238584323
rte@s1,model.layers.21.self_attn.v_proj,0.006781542338567558
rte@s1,model.layers.22.mlp.down_proj,0.039280383190191864
rte@s1,model.layers.22.mlp.gate_proj,0.43779774945530553
rte@s1,model.layers.22.mlp.up_proj,0.3032437191689064
rte@s1,model.layers.22.self_attn.k_proj,0.017682904855264803
rte@s1,model.layers.22.self_attn.o_proj,0.09765203275883547
rte@s1,model.layers.22.self_attn.q_proj,0.2285808189727532
rte@s1,model.layers.22.self_attn.v_proj,0.01048043995472994
rte@s1,model.layers.23.mlp.down_proj,0.005197633511173403
rte@s1,model.layers.23.mlp.gate_proj,0.3353099040419659
rte@s1,model.layers.23.mlp.up_proj,0.18851848538809743
rte@s1,model.layers.23.self_attn.k_proj,0.023285091752545593
rte@s1,model.layers.23.self_attn.o_proj,0.08102205420542555
rte@s1,model.layers.23.self_attn.q_proj,0.6122032899176658
rte@s1,model.layers.23.self_attn.v_proj,0.007545667010984068
rte@s1,model.layers.3.mlp.down_proj,0.3329065214395747
rte@s1,model.layers.3.mlp.gate_proj,1.6675608614604758
rte@s1,model.layers.3.mlp.up_proj,1.2041723812280951
rte@s1,model.layers.3.self_attn.k_proj,0.03765228360375985
rte@s1,model.layers.3.self_attn.o_proj,0.21585386807957418
rte@s1,model.layers.3.self_attn.q_proj,0.3021392894568631
rte@s1,model.layers.3.self_attn.v_proj,0.02437944197294204
rte@s1,model.layers.4.mlp.down_proj,0.35797305134710755
rte@s1,model.layers.4.mlp.gate_proj,1.5183451293904406
rte@s1,model.layers.4.mlp.up_proj,1.2958759641726603
rte@s1,model.layers.4.self_attn.k_proj,0.04704286970062339
rte@s1,model.layers.4.self_attn.o_proj,0.19827905269779275
rte@s1,model.layers.4.self_attn.q_proj,0.27618486151318344
rte@s1,model.layers.4.self_attn.v_proj,0.02427601880768272
rte@s1,model.layers.5.mlp.down_proj,0.319446521629535
rte@s1,model.layers.5.mlp.gate_proj,1.7003582310539915
rte@s1,model.layers.5.mlp.up_proj,1.1609296462690888
rte@s1,model.layers.5.self_attn.k_proj,0.03230301384841262
rte@s1,model.layers.5.self_attn.o_proj,0.21382688065521058
rte@s1,model.layers.5.self_attn.q_proj,0.25636241168662677
rte@s1,model.layers.5.self_attn.v_proj,0.03465205890913985
rte@s1,model.layers.6.mlp.down_proj,0.3573145153624947
rte@s1,model.layers.6.mlp.gate_proj,1.9117194703819476
rte@s1,model.layers.6.mlp.up_proj,1.2814415404068773
rte@s1,model.layers.6.self_attn.k_proj,0.039781626878949046
rte@s1,model.layers.6.self_attn.o_proj,0.23312149836865917
rte@s1,model.layers.6.self_attn.q_proj,0.28990392482164296
rte@s1,model.layers.6.self_attn.v_proj,0.032392448748643554
rte@s1,model.layers.7.mlp.down_proj,0.3683407745687731
rte@s1,model.layers.7.mlp.gate_proj,1.7014743615496888
rte@s1,model.layers.7.mlp.up_proj,1.0409914204740043
rte@s1,model.layers.7.self_attn.k_proj,0.03803709783887048
rte@s1,model.layers.7.self_attn.o_proj,0.22803344690180122
rte@s1,model.layers.7.self_attn.q_proj,0.26791675899762357
rte@s1,model.layers.7.self_attn.v_proj,0.03234403614017515
rte@s1,model.layers.8.mlp.down_proj,0.3176819577484604
rte@s1,model.layers.8.mlp.gate_proj,1.6372207090363828
rte@s1,model.layers.8.mlp.up_proj,1.1541421267265926
rte@s1,model.layers.8.self_attn.k_proj,0.03685552285007161
rte@s1,model.layers.8.self_attn.o_proj,0.21500304321086106
rte@s1,model.layers.8.self_attn.q_proj,0.26797070431819703
rte@s1,model.layers.8.self_attn.v_proj,0.03741915035843029
rte@s1,model.layers.9.mlp.down_proj,0.32735472533250065
rte@s1,model.layers.9.mlp.gate_proj,1.4040007444475862
rte@s1,model.layers.9.mlp.up_proj,1.1156204236043126
rte@s1,model.layers.9.self_attn.k_proj,0.04929618198096901
rte@s1,model.layers.9.self_attn.o_proj,0.20120016889016218
rte@s1,model.layers.9.self_attn.q_proj,0.26465801935902666
rte@s1,model.layers.9.self_attn.v_proj,0.03437248118591262
scitail@s0,model.layers.0.mlp.down_proj,2.099543139725111
scitail@s0,model.layers.0.mlp.gate_proj,4.8951793938726205
scitail@s0,model.layers.0.mlp.up_proj,4.386377947609885
scitail@s0,model.layers.0.self_attn.k_proj,0.07443464968698754
scitail@s0,model.layers.0.self_attn.o_proj,0.8290684409464426
scitail@s0,model.layers.0.self_attn.q_proj,0.6840210679846328
scitail@s0,model.layers.0.self_attn.v_proj,0.10990809553284184
scitail@s0,model.layers.1.mlp.down_proj,2.1435509475964065
scitail@s0,model.layers.1.mlp.gate_proj,5.090860684536767
scitail@s0,model.layers.1.mlp.up_proj,4.946125543006693
scitail@s0,model.layers.1.self_attn.k_proj,0.10797071111113611
scitail@s0,model.layers.1.self_attn.o_proj,0.6937762585634787
scitail@s0,model.layers.1.self_attn.q_proj,1.0963093681604836
scitail@s0,model.layers.1.self_attn.v_proj,0.12225281762800735
scitail@s0,model.layers.10.mlp.down_proj,1.1393140428364479
scitail@s0,model.layers.10.mlp.gate_proj,3.7086597754845543
scitail@s0,model.layers.10.mlp.up_proj,2.9373546084359936
scitail@s0,model.layers.10.self_attn.k_proj,0.08781183976332402
scitail@s0,model.layers.10.self_attn.o_proj,0.5645115222610897
scitail@s0,model.layers.10.self_attn.q_proj,0.6791296237214319
scitail@s0,model.layers.10.self_attn.v_proj,0.09032184266639123
scitail@s0,model.layers.11.mlp.down_proj,1.4515604768058519
scitail@s0,model.layers.11.mlp.gate_proj,3.6075092427267896
scitail@s0,model.layers.11.mlp.up_proj,2.747265282114443
scitail@s0,model.layers.11.self_attn.k_proj,0.08341014617520916
scitail@s0,model.layers.11.self_attn.o_proj,0.5433395609762244
scitail@s0,model.layers.11.self_attn.q_proj,0.7026575847824565
scitail@s0,model.layers.11.self_attn.v_proj,0.06823418687353389
scitail@s0,model.layers.12.mlp.down_proj,4.788634993395793
scitail@s0,model.layers.12.mlp.gate_proj,3.6218628871888705
scitail@s0,model.layers.12.mlp.up_proj,2.7634180077723762
scitail@s0,model.layers.12.self_attn.k_proj,0.08005899121456812
scitail@s0,model.layers.12.self_attn.o_proj,0.6731264370305807
scitail@s0,model.layers.12.self_attn.q_proj,0.7063874450345293
scitail@s0,model.layers.12.self_attn.v_proj,0.03700207077752372
scitail@s0,model.layers.13.mlp.down_proj,4.39035226836805
scitail@s0,model.layers.13.mlp.gate_proj,3.5752812308089577
scitail@s0,model.layers.13.mlp.up_proj,2.285526041077012
scitail@s0,model.layers.13.self_attn.k_proj,0.08388703540487807
scitail@s0,model.layers.13.self_attn.o_proj,0.7516166082800811
scitail@s0,model.layers.13.self_attn.q_proj,0.49960592226960737
scitail@s0,model.layers.13.self_attn.v_proj,0.04770759764588942
scitail@s0,model.layers.14.mlp.down_proj,0.6068639646683751
scitail@s0,model.layers.14.mlp.gate_proj,2.1815822127135
scitail@s0,model.layers.14.mlp.up_proj,2.026900193530146
scitail@s0,model.layers.14.self_attn.k_proj,0.0696936515013139
scitail@s0,model.layers.14.self_attn.o_proj,0.21842454259035152
scitail@s0,model.layers.14.self_attn.q_proj,0.4906733637639387
scitail@s0,model.layers.14.self_attn.v_proj,0.09713978679221061
scitail@s0,model.layers.15.mlp.down_proj,0.26051077249042953
scitail@s0,model.layers.15.mlp.gate_proj,1.2573768929044307
scitail@s0,model.layers.15.mlp.up_proj,0.8800284892512421
scitail@s0,model.layers.15.self_attn.k_proj,0.07037599624764651
scitail@s0,model.layers.15.self_attn.o_proj,0.295739385683173
scitail@s0,model.layers.15.self_attn.q_proj,0.43666675229728263
scitail@s0,model.layers.15.self_attn.v_proj,0.06048516585588353
scitail@s0,model.layers.16.mlp.down_proj,0.2667077738819603
scitail@s0,model.layers.16.mlp.gate_proj,1.1371022594746563
scitail@s0,model.layers.16.mlp.up_proj,0.7549558351289019
scitail@s0,model.layers.16.self_attn.k_proj,0.05077160548998703
scitail@s0,model.layers.16.self_attn.o_proj,0.247652462291003
scitail@s0,model.layers.16.self_attn.q_proj,0.2939158384516002
scitail@s0,model.layers.16.self_attn.v_proj,0.03313119634022434
scitail@s0,model.layers.17.mlp.down_proj,0.23797339651135413
scitail@s0,model.layers.17.mlp.gate_proj,0.7297765795791165
scitail@s0,model.layers.17.mlp.up_proj,0.5756271962963658
scitail@s0,model.layers.17.self_attn.k_proj,0.03028929845985364
scitail@s0,model.layers.17.self_attn.o_proj,0.20525096360881412
scitail@s0,model.layers.17.self_attn.q_proj,0.8250629737346191
scitail@s0,model.layers.17.self_attn.v_proj,0.024683909667678174
scitail@s0,model.layers.18.mlp.down_proj,0.19241686130348656
scitail@s0,model.layers.18.mlp.gate_proj,0.680528045928898
scitail@s0,model.layers.18.mlp.up_proj,0.6066137351378915
scitail@s0,model.layers.18.self_attn.k_proj,0.03353420514546453
scitail@s0,model.layers.18.self_attn.o_proj,0.07837459983196182
scitail@s0,model.layers.18.self_attn.q_proj,0.2127204890627885
scitail@s0,model.layers.18.self_attn.v_proj,0.015793875028840117
scitail@s0,model.layers.19.mlp.down_proj,0.29079951063586296
scitail@s0,model.layers.19.mlp.gate_proj,0.6033116433439477
scitail@s0,model.layers.19.mlp.up_proj,0.5756600788758207
scitail@s0,model.layers.19.self_attn.k_proj,0.07668687599155247
scitail@s0,model.layers.19.self_attn.o_proj,0.16290931363623792
scitail@s0,model.layers.19.self_attn.q_proj,0.4869719266675565
scitail@s0,model.layers.19.self_attn.v_proj,0.06669184987769809
scitail@s0,model.layers.2.mlp.down_proj,1.499307478559976
scitail@s0,model.layers.2.mlp.gate_proj,4.715473683381542
scitail@s0,model.layers.2.mlp.up_proj,4.4501851918674875
scitail@s0,model.layers.2.self_attn.k_proj,0.1251566214306325
scitail@s0,model.layers.2.self_attn.o_proj,0.8438365524596264
scitail@s0,model.layers.2.self_attn.q_proj,1.1832888083524897
scitail@s0,model.layers.2.self_attn.v_proj,0.09444214647044574
scitail@s0,model.layers.20.mlp.down_proj,0.24021849084397928
scitail@s0,model.layers.20.mlp.gate_proj,0.6107262965287393
scitail@s0,model.layers.20.mlp.up_proj,0.5760756129017313
scitail@s0,model.layers.20.self_attn.k_proj,0.05536869702006235
scitail@s0,model.layers.20.self_attn.o_proj,0.13261677125659024
scitail@s0,model.layers.20.self_attn.q_proj,0.2601551280641196
scitail@s0,model.layers.20.self_attn.v_proj,0.0170058179023437
scitail@s0,model.layers.21.mlp.down_proj,0.06242799489362903
scitail@s0,model.layers.21.mlp.gate_proj,0.6346448959726199
scitail@s0,model.layers.21.mlp.up_proj,0.4940458179882696
scitail@s0,model.layers.21.self_attn.k_proj,0.030866207868678157
scitail@s0,model.layers.21.self_attn.o_proj,0.13806401935265397
scitail@s0,model.layers.21.self_attn.q_proj,0.19729548506764916
scitail@s0,model.layers.21.self_attn.v_proj,0.043683666497671685
scitail@s0,model.layers.22.mlp.down_proj,0.14219420477501818
scitail@s0,model.layers.22.mlp.gate_proj,0.48981688442257465
scitail@s0,model.layers.22.mlp.up_proj,0.7142560809461697
scitail@s0,model.layers.22.self_attn.k_proj,0.02667393239337781
scitail@s0,model.layers.22.self_attn.o_proj,0.04917925361119297
scitail@s0,model.layers.22.self_attn.q_proj,0.14536629424761616
scitail@s0,model.layers.22.self_attn.v_proj,0.07309419575265938
scitail@s0,model.layers.23.mlp.down_proj,0.017351289732665063
scitail@s0,model.layers.23.mlp.gate_proj,1.371903117668174
scitail@s0,model.layers.23.mlp.up_proj,2.836139434412026
scitail@s0,model.layers.23.self_attn.k_proj,0.023243985844216976
scitail@s0,model.layers.23.self_attn.o_proj,0.07735546777348806
scitail@s0,model.layers.23.self_attn.q_proj,0.2269441862687106
scitail@s0,model.layers.23.self_attn.v_proj,0.6508409837343656
scitail@s0,model.layers.3.mlp.down_proj,1.9387450096741472
scitail@s0,model.layers.3.mlp.gate_proj,4.29382136473377
scitail@s0,model.layers.3.mlp.up_proj,4.120347616203505
scitail@s0,model.layers.3.self_attn.k_proj,0.08187991546203663
scitail@s0,model.layers.3.self_attn.o_proj,0.6602836297413456
scitail@s0,model.layers.3.self_attn.q_proj,0.7605017549228227
scitail@s0,model.layers.3.self_attn.v_proj,0.09414666281427006
scitail@s0,model.layers.4.mlp.down_proj,2.0536984749268035
scitail@s0,model.layers.4.mlp.gate_proj,4.364675404936032
scitail@s0,model.layers.4.mlp.up_proj,3.78153205997543
scitail@s0,model.layers.4.self_attn.k_proj,0.07674432844782776
scitail@s0,model.layers.4.self_attn.o_proj,0.6008837406916591
scitail@s0,model.layers.4.self_attn.q_proj,0.7053899411866966
scitail@s0,model.layers.4.self_attn.v_proj,0.10194159900729516
scitail@s0,model.layers.5.mlp.down_proj,1.8216583780074505
scitail@s0,model.layers.5.mlp.gate_proj,5.319690159007539
scitail@s0,model.layers.5.mlp.up_proj,3.5802886284348983
scitail@s0,model.layers.5.self_attn.k_proj,0.11391266350633068
scitail@s0,model.layers.5.self_attn.o_proj,0.6282315873438565
scitail@s0,model.layers.5.self_attn.q_proj,0.9275408588586844
scitail@s0,model.layers.5.self_attn.v_proj,0.10832648546601645
scitail@s0,model.layers.6.mlp.down_proj,1.528282401200756
scitail@s0,model.layers.6.mlp.gate_proj,4.768511542979149
scitail@s0,model.layers.6.mlp.up_proj,3.7351617005669184
scitail@s0,model.layers.6.self_attn.k_proj,0.08838904784414821
scitail@s0,model.layers.6.self_attn.o_proj,0.6369745488033901
scitail@s0,model.layers.6.self_attn.q_proj,0.7198131557861441
scitail@s0,model.layers.6.self_attn.v_proj,0.15946132892838846
scitail@s0,model.layers.7.mlp.down_proj,1.628756978164066
scitail@s0,model.layers.7.mlp.gate_proj,4.946314795228817
scitail@s0,model.layers.7.mlp.up_proj,4.037001613823275
scitail@s0,model.layers.7.self_attn.k_proj,0.12044409823176386
scitail@s0,model.layers.7.self_attn.o_proj,0.7158680231472977
scitail@s0,model.layers.7.self_attn.q_proj,0.777401646718971
scitail@s0,model.layers.7.self_attn.v_proj,0.08604464044858404
scitail@s0,model.layers.8.mlp.down_proj,1.2223726353506286
scitail@s0,model.layers.8.mlp.gate_proj,4.731780392093748
scitail@s0,model.layers.8.mlp.up_proj,3.4598239927024794
scitail@s0,model.layers.8.self_attn.k_proj,0.10031750616815482
scitail@s0,model.layers.8.self_attn.o_proj,0.6613346565679545
scitail@s0,model.layers.8.self_attn.q_proj,0.8824432774419263
scitail@s0,model.layers.8.self_attn.v_proj,0.09488274950649653
scitail@s0,model.layers.9.mlp.down_proj,1.4401112325870187
scitail@s0,model.layers.9.mlp.gate_proj,4.68585423719787
scitail@s0,model.layers.9.mlp.up_proj,3.5376106369987634
scitail@s0,model.layers.9.self_attn.k_proj,0.09110038862558437
scitail@s0,model.layers.9.self_attn.o_proj,0.6692087582873638
scitail@s0,model.layers.9.self_attn.q_proj,0.783573617824491
scitail@s0,model.layers.9.self_attn.v_proj,0.08784365269281556
scitail@s1,model.layers.0.mlp.down_proj,2.2409897553005806
scitail@s1,model.layers.0.mlp.gate_proj,3.9651301395968996
scitail@s1,model.layers.0.mlp.up_proj,3.8960695477635756
scitail@s1,model.layers.0.self_attn.k_proj,0.06818138406546413
scitail@s1,model.layers.0.self_attn.o_proj,0.5743528055921734
scitail@s1,model.layers.0.self_attn.q_proj,0.7688048460686168
scitail@s1,model.layers.0.self_attn.v_proj,0.08687719369708163
scitail@s1,model.layers.1.mlp.down_proj,1.618851268902571
scitail@s1,model.layers.1.mlp.gate_proj,4.288282702955288
scitail@s1,model.layers.1.mlp.up_proj,3.7979198151924036
scitail@s1,model.layers.1.self_attn.k_proj,0.0814282231960969
scitail@s1,model.layers.1.self_attn.o_proj,0.6835807809122529
scitail@s1,model.layers.1.self_attn.q_proj,0.6945294339827448
scitail@s1,model.layers.1.self_attn.v_proj,0.08885194581267314
scitail@s1,model.layers.10.mlp.down_proj,1.2157593014457697
scitail@s1,model.layers.10.mlp.gate_proj,2.9261843295273806
scitail@s1,model.layers.10.mlp.up_proj,2.733880298843192
scitail@s1,model.layers.10.self_attn.k_proj,0.07736298065964349
scitail@s1,model.layers.10.self_attn.o_proj,0.4231783033827769
scitail@s1,model.layers.10.self_attn.q_proj,0.5149392507609993
scitail@s1,model.layers.10.self_attn.v_proj,0.05943343144631292
scitail@s1,model.layers.11.mlp.down_proj,1.8056224343798646
scitail@s1,model.layers.11.mlp.gate_proj,2.955988357942686
scitail@s1,model.layers.11.mlp.up_proj,2.6813384431507945
scitail@s1,model.layers.11.self_attn.k_proj,0.08464956686325979
scitail@s1,model.layers.11.self_attn.o_proj,0.3638250882470534
scitail@s1,model.layers.11.self_attn.q_proj,0.5209749635710423
scitail@s1,model.layers.11.self_attn.v_proj,0.08133509751590237
scitail@s1,model.layers.12.mlp.down_proj,3.512588979964231
scitail@s1,model.layers.12.mlp.gate_proj,2.5313796068295598
scitail@s1,model.layers.12.mlp.up_proj,2.0257286415423414
scitail@s1,model.layers.12.self_attn.k_proj,0.0653499823722313
scitail@s1,model.layers.12.self_attn.o_proj,0.6890400907069845
scitail@s1,model.layers.12.self_attn.q_proj,0.5546629270126261
scitail@s1,model.layers.12.self_attn.v_proj,0.037041163283346265
scitail@s1,model.layers.13.mlp.down_proj,1.8452546407918846
scitail@s1,model.layers.13.mlp.gate_proj,2.801023061747155
scitail@s1,model.layers.13.mlp.up_proj,2.391582766730074
scitail@s1,model.layers.13.self_attn.k_proj,0.10387609296857436
scitail@s1,model.layers.13.self_attn.o_proj,0.8861345416333133
scitail@s1,model.layers.13.self_attn.q_proj,0.4532382469310864
scitail@s1,model.layers.13.self_attn.v_proj,0.07582535527606654
scitail@s1,model.layers.14.mlp.down_proj,0.33941371076590465
scitail@s1,model.layers.14.mlp.gate_proj,1.8297108020857409
scitail@s1,model.layers.14.mlp.up_proj,1.675774014878934
scitail@s1,model.layers.14.self_attn.k_proj,0.0386252799660171
scitail@s1,model.layers.14.self_attn.o_proj,0.1806782438772081
scitail@s1,model.layers.14.self_attn.q_proj,0.5710015799338863
scitail@s1,model.layers.14.self_attn.v_proj,0.039203896557745796
scitail@s1,model.layers.15.mlp.down_proj,0.2400704623872654
scitail@s1,model.layers.15.mlp.gate_proj,1.4275985983105028
scitail@s1,model.layers.15.mlp.up_proj,0.9896735975343368
scitail@s1,model.layers.15.self_attn.k_proj,0.06045483039706199
scitail@s1,model.layers.15.self_attn.o_proj,0.24282574724186373
scitail@s1,model.layers.15.self_attn.q_proj,0.5837456465415979
scitail@s1,model.layers.15.self_attn.v_proj,0.0499045441264043
scitail@s1,model.layers.16.mlp.down_proj,0.17478027677363606
scitail@s1,model.layers.16.mlp.gate_proj,0.7637173377680695
scitail@s1,model.layers.16.mlp.up_proj,0.5240661601808803
scitail@s1,model.layers.16.self_attn.k_proj,0.047065224456432166
scitail@s1,model.layers.16.self_attn.o_proj,0.15366005676147074
scitail@s1,model.layers.16.self_attn.q_proj,0.3901619450287792
scitail@s1,model.layers.16.self_attn.v_proj,0.03007391942634246
scitail@s1,model.layers.17.mlp.down_proj,0.06269268077419092
scitail@s1,model.layers.17.mlp.gate_proj,0.8037872296780018
scitail@s1,model.layers.17.mlp.up_proj,0.362264148925547
scitail@s1,model.layers.17.self_attn.k_proj,0.06178222190569884
scitail@s1,model.layers.17.self_attn.o_proj,0.2154414875292169
scitail@s1,model.layers.17.self_attn.q_proj,0.16707191751969802
scitail@s1,model.layers.17.self_attn.v_proj,0.10957486485345622
scitail@s1,model.layers.18.mlp.down_proj,0.0755066343811497
scitail@s1,model.layers.18.mlp.gate_proj,0.4459855743603372
scitail@s1,model.layers.18.mlp.up_proj,0.35588314710484825
scitail@s1,model.layers.18.self_attn.k_proj,0.03325940086620794
scitail@s1,model.layers.18.self_attn.o_proj,0.05359250200401688
scitail@s1,model.layers.18.self_attn.q_proj,0.09669056419052528
scitail@s1,model.layers.18.self_attn.v_proj,0.006527338422844791
scitail@s1,model.layers.19.mlp.down_proj,0.052700093407429024
scitail@s1,model.layers.19.mlp.gate_proj,0.4113367469482685
scitail@s1,model.layers.19.mlp.up_proj,0.3162260172187656
scitail@s1,model.layers.19.self_attn.k_proj,0.10915082273608794
scitail@s1,model.layers.19.self_attn.o_proj,0.09678032588303623
scitail@s1,model.layers.19.self_attn.q_proj,0.5814978394501077
scitail@s1,model.layers.19.self_attn.v_proj,0.047263935837396576
scitail@s1,model.layers.2.mlp.down_proj,1.3560332107758253
scitail@s1,model.layers.2.mlp.gate_proj,3.836182946039921
scitail@s1,model.layers.2.mlp.up_proj,3.773738212529087
scitail@s1,model.layers.2.self_attn.k_proj,0.09171694646618045
scitail@s1,model.layers.2.self_attn.o_proj,0.6945878421273167
scitail@s1,model.layers.2.self_attn.q_proj,0.7237914962461109
scitail@s1,model.layers.2.self_attn.v_proj,0.09422923820447685
scitail@s1,model.layers.20.mlp.down_proj,0.05788319730723106
scitail@s1,model.layers.20.mlp.gate_proj,0.47536054308938136
scitail@s1,model.layers.20.mlp.up_proj,0.3119670448470549
scitail@s1,model.layers.20.self_attn.k_proj,0.024477647832645597
scitail@s1,model.layers.20.self_attn.o_proj,0.05107882573174551
scitail@s1,model.layers.20.self_attn.q_proj,0.3519426365775301
scitail@s1,model.layers.20.self_attn.v_proj,0.013330891456370366
scitail@s1,model.layers.21.mlp.down_proj,0.02377573674180052
scitail@s1,model.layers.21.mlp.gate_proj,0.47752892319734974
scitail@s1,model.layers.21.mlp.up_proj,0.31887808930405986
scitail@s1,model.layers.21.self_attn.k_proj,0.02729845129665471
scitail@s1,model.layers.21.self_attn.o_proj,0.08330659346592133
scitail@s1,model.layers.21.self_attn.q_proj,0.11614974384294266
scitail@s1,model.layers.21.self_attn.v_proj,0.020587058252888837
scitail@s1,model.layers.22.mlp.down_proj,0.035127979413838585
scitail@s1,model.layers.22.mlp.gate_proj,0.45313614070457786
scitail@s1,model.layers.22.mlp.up_proj,0.42214765922411546
scitail@s1,model.layers.22.self_attn.k_proj,0.019185797747513104
scitail@s1,model.layers.22.self_attn.o_proj,0.03517699124533923
scitail@s1,model.layers.22.self_attn.q_proj,0.15008418563187362
scitail@s1,model.layers.22.self_attn.v_proj,0.01609447194319358
scitail@s1,model.layers.23.mlp.down_proj,0.013707506400679331
scitail@s1,model.layers.23.mlp.gate_proj,0.43642818128431576
scitail@s1,model.layers.23.mlp.up_proj,0.638472420883705
scitail@s1,model.layers.23.self_attn.k_proj,0.015154617515651017
scitail@s1,model.layers.23.self_attn.o_proj,0.04107534116676528
scitail@s1,model.layers.23.self_attn.q_proj,0.17412401609459072
scitail@s1,model.layers.23.self_attn.v_proj,0.034914943589478345
scitail@s1,model.layers.3.mlp.down_proj,1.1865767974982058
scitail@s1,model.layers.3.mlp.gate_proj,3.834427999674964
scitail@s1,model.layers.3.mlp.up_proj,3.6421143292209663
scitail@s1,model.layers.3.self_attn.k_proj,0.08131685336216724
scitail@s1,model.layers.3.self_attn.o_proj,0.6270755159827713
scitail@s1,model.layers.3.self_attn.q_proj,0.6669357320919724
scitail@s1,model.layers.3.self_attn.v_proj,0.08639384390323267
scitail@s1,model.layers.4.mlp.down_proj,1.5388456488189373
scitail@s1,model.layers.4.mlp.gate_proj,3.71367244579509
scitail@s1,model.layers.4.mlp.up_proj,4.194889645070803
scitail@s1,model.layers.4.self_attn.k_proj,0.09271772973427304
scitail@s1,model.layers.4.self_attn.o_proj,0.5737119644867569
scitail@s1,model.layers.4.self_attn.q_proj,0.7429049859267768
scitail@s1,model.layers.4.self_attn.v_proj,0.0841256798237417
scitail@s1,model.layers.5.mlp.down_proj,1.4391164161508028
scitail@s1,model.layers.5.mlp.gate_proj,4.13802055791837
scitail@s1,model.layers.5.mlp.up_proj,3.240841861617749
scitail@s1,model.layers.5.self_attn.k_proj,0.06963326046464413
scitail@s1,model.layers.5.self_attn.o_proj,0.5435107642627867
scitail@s1,model.layers.5.self_attn.q_proj,0.501671420526607
scitail@s1,model.layers.5.self_attn.v_proj,0.11410630613948772
scitail@s1,model.layers.6.mlp.down_proj,1.302233105775093
scitail@s1,model.layers.6.mlp.gate_proj,3.8727853236884724
scitail@s1,model.layers.6.mlp.up_proj,3.4680183949287824
scitail@s1,model.layers.6.self_attn.k_proj,0.07155473115113725
scitail@s1,model.layers.6.self_attn.o_proj,0.5564574320804319
scitail@s1,model.layers.6.self_attn.q_proj,0.530731823086882
scitail@s1,model.layers.6.self_attn.v_proj,0.08473020131966946
scitail@s1,model.layers.7.mlp.down_proj,1.2302890461984584
scitail@s1,model.layers.7.mlp.gate_proj,4.005534428539435
scitail@s1,model.layers.7.mlp.up_proj,3.028857665200931
scitail@s1,model.layers.7.self_attn.k_proj,0.10217270887705987
scitail@s1,model.layers.7.self_attn.o_proj,0.5884496656132774
scitail@s1,model.layers.7.self_attn.q_proj,0.6758615260124348
scitail@s1,model.layers.7.self_attn.v_proj,0.08779196373287795
scitail@s1,model.layers.8.mlp.down_proj,1.0156766509416237
scitail@s1,model.layers.8.mlp.gate_proj,3.6948166132624767
scitail@s1,model.layers.8.mlp.up_proj,2.677890453406096
scitail@s1,model.layers.8.self_attn.k_proj,0.0718360819415252
scitail@s1,model.layers.8.self_attn.o_proj,0.4826399189015166
scitail@s1,model.layers.8.self_attn.q_proj,0.6319348396336883
scitail@s1,model.layers.8.self_attn.v_proj,0.10221321794924959
scitail@s1,model.layers.9.mlp.down_proj,0.9980963370467533
scitail@s1,model.layers.9.mlp.gate_proj,3.3694977530381833
scitail@s1,model.layers.9.mlp.up_proj,2.350094036136083
scitail@s1,model.layers.9.self_attn.k_proj,0.07258374939296228
scitail@s1,model.layers.9.self_attn.o_proj,0.476003489221943
scitail@s1,model.layers.9.self_attn.q_proj,0.5389317746604771
scitail@s1,model.layers.9.self_attn.v_proj,0.06523607420992047
snli@s0,model.layers.0.mlp.down_proj,2.1756541865764873
snli@s0,model.layers.0.mlp.gate_proj,3.9387452544520127
snli@s0,model.layers.0.mlp.up_proj,3.5125926931505953
snli@s0,model.layers.0.self_attn.k_proj,0.06589450308886381
snli@s0,model.layers.0.self_attn.o_proj,0.5774795775240307
snli@s0,model.layers.0.self_attn.q_proj,0.623591442199724
snli@s0,model.layers.0.self_attn.v_proj,0.07641149427091652
snli@s0,model.layers.1.mlp.down_proj,2.0222134548207236
snli@s0,model.layers.1.mlp.gate_proj,3.6627321555087753
snli@s0,model.layers.1.mlp.up_proj,3.2368403481744252
snli@s0,model.layers.1.self_attn.k_proj,0.07922315468677418
snli@s0,model.layers.1.self_attn.o_proj,0.5000071889294886
snli@s0,model.layers.1.self_attn.q_proj,0.7094278743201481
snli@s0,model.layers.1.self_attn.v_proj,0.08846724336695082
snli@s0,model.layers.10.mlp.down_proj,1.2497400611924656
snli@s0,model.layers.10.mlp.gate_proj,3.514101269220714
snli@s0,model.layers.10.mlp.up_proj,2.52779872212897
snli@s0,model.layers.10.self_attn.k_proj,0.09344561129639009
snli@s0,model.layers.10.self_attn.o_proj,0.36857778650356454
snli@s0,model.layers.10.self_attn.q_proj,0.49913604386625654
snli@s0,model.layers.10.self_attn.v_proj,0.0808489662614336
snli@s0,model.layers.11.mlp.down_proj,1.6075931193470112
snli@s0,model.layers.11.mlp.gate_proj,3.129520841209363
snli@s0,model.layers.11.mlp.up_proj,1.9134824601677414
snli@s0,model.layers.11.self_attn.k_proj,0.06016659880584425
snli@s0,model.layers.11.self_attn.o_proj,0.3045145952982266
snli@s0,model.layers.11.self_attn.q_proj,0.39577931852283543
snli@s0,model.layers.11.self_attn.v_proj,0.04559632838011492
snli@s0,model.layers.12.mlp.down_proj,2.5320670634456937
snli@s0,model.layers.12.mlp.gate_proj,4.706150302350865
snli@s0,model.layers.12.mlp.up_proj,2.501511773367929
snli@s0,model.layers.12.self_attn.k_proj,0.07680522553492919
snli@s0,model.layers.12.self_attn.o_proj,0.6889541290517164
snli@s0,model.layers.12.self_attn.q_proj,1.151061525316965
snli@s0,model.layers.12.self_attn.v_proj,0.04884582237449466
snli@s0,model.layers.13.mlp.down_proj,1.3493279181631057
snli@s0,model.layers.13.mlp.gate_proj,3.2945667536756256
snli@s0,model.layers.13.mlp.up_proj,2.056646496846542
snli@s0,model.layers.13.self_attn.k_proj,0.055281849647508326
snli@s0,model.layers.13.self_attn.o_proj,0.384390831932736
snli@s0,model.layers.13.self_attn.q_proj,0.38443976339844127
snli@s0,model.layers.13.self_attn.v_proj,0.05186642558845789
snli@s0,model.layers.14.mlp.down_proj,1.0258927109517324
snli@s0,model.layers.14.mlp.gate_proj,2.2972102604196665
snli@s0,model.layers.14.mlp.up_proj,2.2320097893419932
snli@s0,model.layers.14.self_attn.k_proj,0.05083881259162882
snli@s0,model.layers.14.self_attn.o_proj,0.277240458050566
snli@s0,model.layers.14.self_attn.q_proj,0.41778374650505123
snli@s0,model.layers.14.self_attn.v_proj,0.05636186025967049
snli@s0,model.layers.15.mlp.down_proj,0.31585587858876035
snli@s0,model.layers.15.mlp.gate_proj,2.7135319785823784
snli@s0,model.layers.15.mlp.up_proj,1.2768294617793214
snli@s0,model.layers.15.self_attn.k_proj,0.025460372876172203
snli@s0,model.layers.15.self_attn.o_proj,0.27198001695275326
snli@s0,model.layers.15.self_attn.q_proj,0.21952682168336804
snli@s0,model.layers.15.self_attn.v_proj,0.05430983198732192
snli@s0,model.layers.16.mlp.down_proj,0.1495397058303865
snli@s0,model.layers.16.mlp.gate_proj,0.901407088314129
snli@s0,model.layers.16.mlp.up_proj,0.7195604022769535
snli@s0,model.layers.16.self_attn.k_proj,0.050065387330231456
snli@s0,model.layers.16.self_attn.o_proj,0.044198585682037606
snli@s0,model.layers.16.self_attn.q_proj,0.061271398680871496
snli@s0,model.layers.16.self_attn.v_proj,0.013362412382489978
snli@s0,model.layers.17.mlp.down_proj,0.1174236252591838
snli@s0,model.layers.17.mlp.gate_proj,0.635644567411564
snli@s0,model.layers.17.mlp.up_proj,0.5586622322277551
snli@s0,model.layers.17.self_attn.k_proj,0.03474734248807301
snli@s0,model.layers.17.self_attn.o_proj,0.15629736251322493
snli@s0,model.layers.17.self_attn.q_proj,0.15339389798373798
snli@s0,model.layers.17.self_attn.v_proj,0.02011502928784943
snli@s0,model.layers.18.mlp.down_proj,0.1177934010398538
snli@s0,model.layers.18.mlp.gate_proj,0.6505531428762086
snli@s0,model.layers.18.mlp.up_proj,0.6844889356893141
snli@s0,model.layers.18.self_attn.k_proj,0.027874139283496684
snli@s0,model.layers.18.self_attn.o_proj,0.07643971190897475
snli@s0,model.layers.18.self_attn.q_proj,0.581690059947589
snli@s0,model.layers.18.self_attn.v_proj,0.011490992497513796
snli@s0,model.layers.19.mlp.down_proj,0.06283425513784803
snli@s0,model.layers.19.mlp.gate_proj,0.367872606392439
snli@s0,model.layers.19.mlp.up_proj,0.34285144787698824
snli@s0,model.layers.19.self_attn.k_proj,0.06650383806813316
snli@s0,model.layers.19.self_attn.o_proj,0.11546170749886078
snli@s0,model.layers.19.self_attn.q_proj,0.9202867782589988
snli@s0,model.layers.19.self_attn.v_proj,0.06752017989786799
snli@s0,model.layers.2.mlp.down_proj,1.164434198262683
snli@s0,model.layers.2.mlp.gate_proj,4.157166862929119
snli@s0,model.layers.2.mlp.up_proj,3.785611476398868
snli@s0,model.layers.2.self_attn.k_proj,0.08052087501952356
snli@s0,model.layers.2.self_attn.o_proj,0.6335041660587543
snli@s0,model.layers.2.self_attn.q_proj,0.7114380680301015
snli@s0,model.layers.2.self_attn.v_proj,0.09803495128062936
snli@s0,model.layers.20.mlp.down_proj,0.0312878752873592
snli@s0,model.layers.20.mlp.gate_proj,0.27885819119004257
snli@s0,model.layers.20.mlp.up_proj,0.1993356722842474
snli@s0,model.layers.20.self_attn.k_proj,0.012883413216570185
snli@s0,model.layers.20.self_attn.o_proj,0.10043881148114317
snli@s0,model.layers.20.self_attn.q_proj,0.0904656908969049
snli@s0,model.layers.20.self_attn.v_proj,0.012047359828620322
snli@s0,model.layers.21.mlp.down_proj,0.02157546230677838
snli@s0,model.layers.21.mlp.gate_proj,0.2658011042952732
snli@s0,model.layers.21.mlp.up_proj,0.1671024763264336
snli@s0,model.layers.21.self_attn.k_proj,0.04447876329126856
snli@s0,model.layers.21.self_attn.o_proj,0.04854610715928372
snli@s0,model.layers.21.self_attn.q_proj,0.08340197226207856
snli@s0,model.layers.21.self_attn.v_proj,0.006242131339848181
snli@s0,model.layers.22.mlp.down_proj,0.019782411711677727
snli@s0,model.layers.22.mlp.gate_proj,0.2693299813434347
snli@s0,model.layers.22.mlp.up_proj,0.19617631814218736
snli@s0,model.layers.22.self_attn.k_proj,0.01579553765495399
snli@s0,model.layers.22.self_attn.o_proj,0.032177180789520025
snli@s0,model.layers.22.self_attn.q_proj,0.059653726465552254
snli@s0,model.layers.22.self_attn.v_proj,0.008079772280416312
snli@s0,model.layers.23.mlp.down_proj,0.004814741353864661
snli@s0,model.layers.23.mlp.gate_proj,0.4078410096633759
snli@s0,model.layers.23.mlp.up_proj,0.46735999555299845
snli@s0,model.layers.23.self_attn.k_proj,0.008057201300618242
snli@s0,model.layers.23.self_attn.o_proj,0.018579375762637827
snli@s0,model.layers.23.self_attn.q_proj,0.13383274799338699
snli@s0,model.layers.23.self_attn.v_proj,0.009289111075263787
snli@s0,model.layers.3.mlp.down_proj,1.0957959819220597
snli@s0,model.layers.3.mlp.gate_proj,3.5101704211647173
snli@s0,model.layers.3.mlp.up_proj,3.5124133816186704
snli@s0,model.layers.3.self_attn.k_proj,0.06861180558752679
snli@s0,model.layers.3.self_attn.o_proj,0.5237923360142566
snli@s0,model.layers.3.self_attn.q_proj,0.48457917619645585
snli@s0,model.layers.3.self_attn.v_proj,0.11256075494503633
snli@s0,model.layers.4.mlp.down_proj,1.3124280871451746
snli@s0,model.layers.4.mlp.gate_proj,3.412917354953543
snli@s0,model.layers.4.mlp.up_proj,2.7893097826765834
snli@s0,model.layers.4.self_attn.k_proj,0.071325944044998
snli@s0,model.layers.4.self_attn.o_proj,0.45945558452891166
snli@s0,model.layers.4.self_attn.q_proj,0.5622099580698782
snli@s0,model.layers.4.self_attn.v_proj,0.09118989922379032
snli@s0,model.layers.5.mlp.down_proj,1.2654333415973775
snli@s0,model.layers.5.mlp.gate_proj,3.3789334756948755
snli@s0,model.layers.5.mlp.up_proj,2.439562440727897
snli@s0,model.layers.5.self_attn.k_proj,0.08310323094799257
snli@s0,model.layers.5.self_attn.o_proj,0.4745845867093047
snli@s0,model.layers.5.self_attn.q_proj,0.5909419031458587
snli@s0,model.layers.5.self_attn.v_proj,0.07188207377309129
snli@s0,model.layers.6.mlp.down_proj,1.2194599712704244
snli@s0,model.layers.6.mlp.gate_proj,3.4380362323504534
snli@s0,model.layers.6.mlp.up_proj,2.448248207119886
snli@s0,model.layers.6.self_attn.k_proj,0.0782179304125579
snli@s0,model.layers.6.self_attn.o_proj,0.4172651600819015
snli@s0,model.layers.6.self_attn.q_proj,0.47562876375839175
snli@s0,model.layers.6.self_attn.v_proj,0.05687995619704864
snli@s0,model.layers.7.mlp.down_proj,1.265080548400244
snli@s0,model.layers.7.mlp.gate_proj,3.72908239807441
snli@s0,model.layers.7.mlp.up_proj,2.694385101745247
snli@s0,model.layers.7.self_attn.k_proj,0.07082194171918248
snli@s0,model.layers.7.self_attn.o_proj,0.4662776534338401
snli@s0,model.layers.7.self_attn.q_proj,0.5001021303965334
snli@s0,model.layers.7.self_attn.v_proj,0.05124241846400207
snli@s0,model.layers.8.mlp.down_proj,1.0332080409008144
snli@s0,model.layers.8.mlp.gate_proj,3.599463363240728
snli@s0,model.layers.8.mlp.up_proj,2.68293439865995
snli@s0,model.layers.8.self_attn.k_proj,0.07033236443992909
snli@s0,model.layers.8.self_attn.o_proj,0.47472859049014887
snli@s0,model.layers.8.self_attn.q_proj,0.5813985516799712
snli@s0,model.layers.8.self_attn.v_proj,0.08621783838946931
snli@s0,model.layers.9.mlp.down_proj,0.9681534216211203
snli@s0,model.layers.9.mlp.gate_proj,5.2440185945986855
snli@s0,model.layers.9.mlp.up_proj,2.9159826961865867
snli@s0,model.layers.9.self_attn.k_proj,0.04664864192420871
snli@s0,model.layers.9.self_attn.o_proj,0.3145990174135302
snli@s0,model.layers.9.self_attn.q_proj,0.47467442924119035
snli@s0,model.layers.9.self_attn.v_proj,0.0758173022051631
snli@s1,model.layers.0.mlp.down_proj,2.1796850615609893
snli@s1,model.layers.0.mlp.gate_proj,3.930804076803876
snli@s1,model.layers.0.mlp.up_proj,3.9856696484844543
snli@s1,model.layers.0.self_attn.k_proj,0.04288532687860487
snli@s1,model.layers.0.self_attn.o_proj,0.5684942015263416
snli@s1,model.layers.0.self_attn.q_proj,0.6669584020542402
snli@s1,model.layers.0.self_attn.v_proj,0.1180199590297489
snli@s1,model.layers.1.mlp.down_proj,1.988567816231575
snli@s1,model.layers.1.mlp.gate_proj,3.9279377992419136
snli@s1,model.layers.1.mlp.up_proj,4.124033974227355
snli@s1,model.layers.1.self_attn.k_proj,0.0944960125129831
snli@s1,model.layers.1.self_attn.o_proj,0.5685898389408638
snli@s1,model.layers.1.self_attn.q_proj,0.8983124263609918
snli@s1,model.layers.1.self_attn.v_proj,0.09930494535698975
snli@s1,model.layers.10.mlp.down_proj,0.8817425717941731
snli@s1,model.layers.10.mlp.gate_proj,3.503306393010523
snli@s1,model.layers.10.mlp.up_proj,2.174894304086648
snli@s1,model.layers.10.self_attn.k_proj,0.09007545122058257
snli@s1,model.layers.10.self_attn.o_proj,0.4168898161221043
snli@s1,model.layers.10.self_attn.q_proj,0.5956385906500892
snli@s1,model.layers.10.self_attn.v_proj,0.06561491150234405
snli@s1,model.layers.11.mlp.down_proj,1.0647427721211327
snli@s1,model.layers.11.mlp.gate_proj,4.631767750687835
snli@s1,model.layers.11.mlp.up_proj,1.98684325466217
snli@s1,model.layers.11.self_attn.k_proj,0.07380350711922978
snli@s1,model.layers.11.self_attn.o_proj,0.2749726254328063
snli@s1,model.layers.11.self_attn.q_proj,0.4224356182080956
snli@s1,model.layers.11.self_attn.v_proj,0.04413621380089847
snli@s1,model.layers.12.mlp.down_proj,1.8246056231788712
snli@s1,model.layers.12.mlp.gate_proj,5.275647930657175
snli@s1,model.layers.12.mlp.up_proj,2.504553795912821
snli@s1,model.layers.12.self_attn.k_proj,0.09390629345449406
snli@s1,model.layers.12.self_attn.o_proj,0.7981532337487598
snli@s1,model.layers.12.self_attn.q_proj,1.3827156736188553
snli@s1,model.layers.12.self_attn.v_proj,0.04295274373648569
snli@s1,model.layers.13.mlp.down_proj,1.3122511135727697
snli@s1,model.layers.13.mlp.gate_proj,4.688832380259255
snli@s1,model.layers.13.mlp.up_proj,3.1724190846271747
snli@s1,model.layers.13.self_attn.k_proj,0.09504198079056989
snli@s1,model.layers.13.self_attn.o_proj,0.3253422187443866
snli@s1,model.layers.13.self_attn.q_proj,0.46124444281654753
snli@s1,model.layers.13.self_attn.v_proj,0.05993281695608542
snli@s1,model.layers.14.mlp.down_proj,0.4952541617088461
snli@s1,model.layers.14.mlp.gate_proj,2.856611057614828
snli@s1,model.layers.14.mlp.up_proj,1.929086585488018
snli@s1,model.layers.14.self_attn.k_proj,0.061183867998791684
snli@s1,model.layers.14.self_attn.o_proj,0.3621144465058341
snli@s1,model.layers.14.self_attn.q_proj,0.7189483326562888
snli@s1,model.layers.14.self_attn.v_proj,0.025269469704751652
snli@s1,model.layers.15.mlp.down_proj,0.24382947441216957
snli@s1,model.layers.15.mlp.gate_proj,3.910498200085302
snli@s1,model.layers.15.mlp.up_proj,0.9554221761002798
snli@s1,model.layers.15.self_attn.k_proj,0.041713132925504916
snli@s1,model.layers.15.self_attn.o_proj,0.2657006460300181
snli@s1,model.layers.15.self_attn.q_proj,0.3950586546127429
snli@s1,model.layers.15.self_attn.v_proj,0.11552058434163905
snli@s1,model.layers.16.mlp.down_proj,0.14373474908747627
snli@s1,model.layers.16.mlp.gate_proj,0.8303880351155929
snli@s1,model.layers.16.mlp.up_proj,0.5534896131332955
snli@s1,model.layers.16.self_attn.k_proj,0.07033544495648443
snli@s1,model.layers.16.self_attn.o_proj,0.04633646364399062
snli@s1,model.layers.16.self_attn.q_proj,0.10697627668714424
snli@s1,model.layers.16.self_attn.v_proj,0.01708118754680698
snli@s1,model.layers.17.mlp.down_proj,0.08574998408503356
snli@s1,model.layers.17.mlp.gate_proj,1.1591173327573816
snli@s1,model.layers.17.mlp.up_proj,0.37566143172468824
snli@s1,model.layers.17.self_attn.k_proj,0.03576824296080407
snli@s1,model.layers.17.self_attn.o_proj,0.126215133201447
snli@s1,model.layers.17.self_attn.q_proj,0.27086927955715323
snli@s1,model.layers.17.self_attn.v_proj,0.09974523397068799
snli@s1,model.layers.18.mlp.down_proj,0.0653986436719854
snli@s1,model.layers.18.mlp.gate_proj,0.4057058509513328
snli@s1,model.layers.18.mlp.up_proj,0.33957489031445304
snli@s1,model.layers.18.self_attn.k_proj,0.03109499388419093
snli@s1,model.layers.18.self_attn.o_proj,0.0651276882072666
snli@s1,model.layers.18.self_attn.q_proj,0.07482768018637696
snli@s1,model.layers.18.self_attn.v_proj,0.00695439109520686
snli@s1,model.layers.19.mlp.down_proj,0.03830035138067752
snli@s1,model.layers.19.mlp.gate_proj,0.554014613933455
snli@s1,model.layers.19.mlp.up_proj,0.20503043522621478
snli@s1,model.layers.19.self_attn.k_proj,0.0964191374834012
snli@s1,model.layers.19.self_attn.o_proj,0.10955682657792343
snli@s1,model.layers.19.self_attn.q_proj,0.41625749913412463
snli@s1,model.layers.19.self_attn.v_proj,0.02811391583223185
snli@s1,model.layers.2.mlp.down_proj,1.6470285172561356
snli@s1,model.layers.2.mlp.gate_proj,4.316458552594147
snli@s1,model.layers.2.mlp.up_proj,4.354811844283224
snli@s1,model.layers.2.self_attn.k_proj,0.09845520100519317
snli@s1,model.layers.2.self_attn.o_proj,0.7655273084350923
snli@s1,model.layers.2.self_attn.q_proj,0.7265908374553289
snli@s1,model.layers.2.self_attn.v_proj,0.09711021140228254
snli@s1,model.layers.20.mlp.down_proj,0.031838810978243266
snli@s1,model.layers.20.mlp.gate_proj,0.9878942574954159
snli@s1,model.layers.20.mlp.up_proj,0.4185364269395651
snli@s1,model.layers.20.self_attn.k_proj,0.04655006182358403
snli@s1,model.layers.20.self_attn.o_proj,0.05144448190327283
snli@s1,model.layers.20.self_attn.q_proj,0.31124449716722374
snli@s1,model.layers.20.self_attn.v_proj,0.007212125179092418
snli@s1,model.layers.21.mlp.down_proj,0.020726870889745938
snli@s1,model.layers.21.mlp.gate_proj,1.0563125524589094
snli@s1,model.layers.21.mlp.up_proj,0.2037757317017891
snli@s1,model.layers.21.self_attn.k_proj,0.017823622147276296
snli@s1,model.layers.21.self_attn.o_proj,0.03555025691350441
snli@s1,model.layers.21.self_attn.q_proj,0.15360825243594647
snli@s1,model.layers.21.self_attn.v_proj,0.008090262074610192
snli@s1,model.layers.22.mlp.down_proj,0.03014673469391297
snli@s1,model.layers.22.mlp.gate_proj,0.5815770487416702
snli@s1,model.layers.22.mlp.up_proj,0.3087451312440691
snli@s1,model.layers.22.self_attn.k_proj,0.011469516027856263
snli@s1,model.layers.22.self_attn.o_proj,0.03156038160547943
snli@s1,model.layers.22.self_attn.q_proj,0.07261267048248607
snli@s1,model.layers.22.self_attn.v_proj,0.009617537587895506
snli@s1,model.layers.23.mlp.down_proj,0.00870078471624793
snli@s1,model.layers.23.mlp.gate_proj,0.3778801617172648
snli@s1,model.layers.23.mlp.up_proj,0.5589027953581438
snli@s1,model.layers.23.self_attn.k_proj,0.009379792862247419
snli@s1,model.layers.23.self_attn.o_proj,0.0185723542161959
snli@s1,model.layers.23.self_attn.q_proj,0.20470043975878652
snli@s1,model.layers.23.self_attn.v_proj,0.004892867468273791
snli@s1,model.layers.3.mlp.down_proj,1.5837590780689634
snli@s1,model.layers.3.mlp.gate_proj,3.887889882537054
snli@s1,model.layers.3.mlp.up_proj,3.4412034144534687
snli@s1,model.layers.3.self_attn.k_proj,0.09017186419396139
snli@s1,model.layers.3.self_attn.o_proj,0.6351229506104078
snli@s1,model.layers.3.self_attn.q_proj,0.6925290185867188
snli@s1,model.layers.3.self_attn.v_proj,0.09314353118337731
snli@s1,model.layers.4.mlp.down_proj,1.5972563289382729
snli@s1,model.layers.4.mlp.gate_proj,3.939576560669978
snli@s1,model.layers.4.mlp.up_proj,3.284699828923409
snli@s1,model.layers.4.self_attn.k_proj,0.08511542988583012
snli@s1,model.layers.4.self_attn.o_proj,0.6096093737306482
snli@s1,model.layers.4.self_attn.q_proj,0.7128876997808951
snli@s1,model.layers.4.self_attn.v_proj,0.10065188937783054
snli@s1,model.layers.5.mlp.down_proj,1.3778454981765158
snli@s1,model.layers.5.mlp.gate_proj,3.8388979628123283
snli@s1,model.layers.5.mlp.up_proj,2.9475364754597724
snli@s1,model.layers.5.self_attn.k_proj,0.08297847476416964
snli@s1,model.layers.5.self_attn.o_proj,0.6127482531560704
snli@s1,model.layers.5.self_attn.q_proj,0.7735996079140739
snli@s1,model.layers.5.self_attn.v_proj,0.1718378615579971
snli@s1,model.layers.6.mlp.down_proj,1.26974699498879
snli@s1,model.layers.6.mlp.gate_proj,3.885505943380346
snli@s1,model.layers.6.mlp.up_proj,2.8040827949147635
snli@s1,model.layers.6.self_attn.k_proj,0.08972230758470603
snli@s1,model.layers.6.self_attn.o_proj,0.48498098379518656
snli@s1,model.layers.6.self_attn.q_proj,0.5581215719580783
snli@s1,model.layers.6.self_attn.v_proj,0.12598324088573445
snli@s1,model.layers.7.mlp.down_proj,1.241035815489059
snli@s1,model.layers.7.mlp.gate_proj,3.4713498996052006
snli@s1,model.layers.7.mlp.up_proj,2.7796461024392536
snli@s1,model.layers.7.self_attn.k_proj,0.07765941174489908
snli@s1,model.layers.7.self_attn.o_proj,0.5730268818158644
snli@s1,model.layers.7.self_attn.q_proj,0.6571027619059909
snli@s1,model.layers.7.self_attn.v_proj,0.06768424579631618
snli@s1,model.layers.8.mlp.down_proj,1.0904116583520678
snli@s1,model.layers.8.mlp.gate_proj,4.15123019595604
snli@s1,model.layers.8.mlp.up_proj,2.925037394013068
snli@s1,model.layers.8.self_attn.k_proj,0.07697333227768034
snli@s1,model.layers.8.self_attn.o_proj,0.49522231677193684
snli@s1,model.layers.8.self_attn.q_proj,0.7857129064818877
snli@s1,model.layers.8.self_attn.v_proj,0.09162598499647871
snli@s1,model.layers.9.mlp.down_proj,1.3095864636803047
snli@s1,model.layers.9.mlp.gate_proj,5.417723229684759
snli@s1,model.layers.9.mlp.up_proj,3.045219845339245
snli@s1,model.layers.9.self_attn.k_proj,0.06923389920643586
snli@s1,model.layers.9.self_attn.o_proj,0.4524851094686805
snli@s1,model.layers.9.self_attn.q_proj,0.6458432933528163
snli@s1,model.layers.9.self_attn.v_proj,0.05720812172578104
sst2@s0,model.layers.0.mlp.down_proj,2.3637371637223676
sst2@s0,model.layers.0.mlp.gate_proj,5.58523985846848
sst2@s0,model.layers.0.mlp.up_proj,4.327061308206917
sst2@s0,model.layers.0.self_attn.k_proj,0.12881429948137293
sst2@s0,model.layers.0.self_attn.o_proj,0.7884344513313797
sst2@s0,model.layers.0.self_attn.q_proj,1.0160144962125806
sst2@s0,model.layers.0.self_attn.v_proj,0.12086867654759953
sst2@s0,model.layers.1.mlp.down_proj,1.8545625270091124
sst2@s0,model.layers.1.mlp.gate_proj,4.9379064095589875
sst2@s0,model.layers.1.mlp.up_proj,4.317171039531451
sst2@s0,model.layers.1.self_attn.k_proj,0.11071335150115273
sst2@s0,model.layers.1.self_attn.o_proj,0.8000147479460953
sst2@s0,model.layers.1.self_attn.q_proj,0.8097366692004553
sst2@s0,model.layers.1.self_attn.v_proj,0.10195228461294922
sst2@s0,model.layers.10.mlp.down_proj,1.883132950340338
sst2@s0,model.layers.10.mlp.gate_proj,3.9748620900789557
sst2@s0,model.layers.10.mlp.up_proj,3.0088569304793524
sst2@s0,model.layers.10.self_attn.k_proj,0.08251250275183916
sst2@s0,model.layers.10.self_attn.o_proj,1.0143291800821845
sst2@s0,model.layers.10.self_attn.q_proj,0.8359859563432208
sst2@s0,model.layers.10.self_attn.v_proj,0.057442395103829196
sst2@s0,model.layers.11.mlp.down_proj,1.40544891551856
sst2@s0,model.layers.11.mlp.gate_proj,3.7321848677878027
sst2@s0,model.layers.11.mlp.up_proj,2.325896464347853
sst2@s0,model.layers.11.self_attn.k_proj,0.08762252071605615
sst2@s0,model.layers.11.self_attn.o_proj,0.3000778196605127
sst2@s0,model.layers.11.self_attn.q_proj,0.6795585830544499
sst2@s0,model.layers.11.self_attn.v_proj,0.04340155396640402
sst2@s0,model.layers.12.mlp.down_proj,0.5389206306704561
sst2@s0,model.layers.12.mlp.gate_proj,2.143209433966562
sst2@s0,model.layers.12.mlp.up_proj,2.2672280616427027
sst2@s0,model.layers.12.self_attn.k_proj,0.07128670373200009
sst2@s0,model.layers.12.self_attn.o_proj,0.3975634349250321
sst2@s0,model.layers.12.self_attn.q_proj,1.51161609957859
sst2@s0,model.layers.12.self_attn.v_proj,0.04286098201745846
sst2@s0,model.layers.13.mlp.down_proj,0.5504446465022007
sst2@s0,model.layers.13.mlp.gate_proj,2.0985557797114156
sst2@s0,model.layers.13.mlp.up_proj,2.174091756320475
sst2@s0,model.layers.13.self_attn.k_proj,0.052031041839251564
sst2@s0,model.layers.13.self_attn.o_proj,0.2325870513981619
sst2@s0,model.layers.13.self_attn.q_proj,0.6433150596596371
sst2@s0,model.layers.13.self_attn.v_proj,0.05008576850696044
sst2@s0,model.layers.14.mlp.down_proj,0.40693017078229965
sst2@s0,model.layers.14.mlp.gate_proj,1.6670560104829453
sst2@s0,model.layers.14.mlp.up_proj,1.5796032054252964
sst2@s0,model.layers.14.self_attn.k_proj,0.07941557478091309
sst2@s0,model.layers.14.self_attn.o_proj,1.6745956271674625
sst2@s0,model.layers.14.self_attn.q_proj,1.246765913785188
sst2@s0,model.layers.14.self_attn.v_proj,0.01267880669176787
sst2@s0,model.layers.15.mlp.down_proj,0.312619005764085
sst2@s0,model.layers.15.mlp.gate_proj,1.4540600537695856
sst2@s0,model.layers.15.mlp.up_proj,0.7944603155764568
sst2@s0,model.layers.15.self_attn.k_proj,0.02612432941134923
sst2@s0,model.layers.15.self_attn.o_proj,0.23234801298802255
sst2@s0,model.layers.15.self_attn.q_proj,0.5460633703387403
sst2@s0,model.layers.15.self_attn.v_proj,0.06264922823991483
sst2@s0,model.layers.16.mlp.down_proj,0.1963849638742283
sst2@s0,model.layers.16.mlp.gate_proj,0.8317100509993615
sst2@s0,model.layers.16.mlp.up_proj,0.5942813952237714
sst2@s0,model.layers.16.self_attn.k_proj,0.0294756678660694
sst2@s0,model.layers.16.self_attn.o_proj,0.2071812341513573
sst2@s0,model.layers.16.self_attn.q_proj,0.24288104502466326
sst2@s0,model.layers.16.self_attn.v_proj,0.016570418464034845
sst2@s0,model.layers.17.mlp.down_proj,0.23298528025330598
sst2@s0,model.layers.17.mlp.gate_proj,0.7558316614930248
sst2@s0,model.layers.17.mlp.up_proj,0.7237333504707851
sst2@s0,model.layers.17.self_attn.k_proj,0.04309243764213065
sst2@s0,model.layers.17.self_attn.o_proj,0.13732235481466265
sst2@s0,model.layers.17.self_attn.q_proj,0.2007921701348957
sst2@s0,model.layers.17.self_attn.v_proj,0.018645519086413095
sst2@s0,model.layers.18.mlp.down_proj,0.13734991196120955
sst2@s0,model.layers.18.mlp.gate_proj,0.94881722986167
sst2@s0,model.layers.18.mlp.up_proj,0.6416697021866533
sst2@s0,model.layers.18.self_attn.k_proj,0.01642555138117678
sst2@s0,model.layers.18.self_attn.o_proj,0.27022953805392874
sst2@s0,model.layers.18.self_attn.q_proj,0.2792609568623332
sst2@s0,model.layers.18.self_attn.v_proj,0.010409883255501887
sst2@s0,model.layers.19.mlp.down_proj,0.1340256653390431
sst2@s0,model.layers.19.mlp.gate_proj,0.6019887816700265
sst2@s0,model.layers.19.mlp.up_proj,0.5938205875211341
sst2@s0,model.layers.19.self_attn.k_proj,0.12161383135233145
sst2@s0,model.layers.19.self_attn.o_proj,0.18276349387691382
sst2@s0,model.layers.19.self_attn.q_proj,0.38242089160201626
sst2@s0,model.layers.19.self_attn.v_proj,0.02937672774057485
sst2@s0,model.layers.2.mlp.down_proj,1.8564057367951674
sst2@s0,model.layers.2.mlp.gate_proj,4.771424027886587
sst2@s0,model.layers.2.mlp.up_proj,4.296157004024538
sst2@s0,model.layers.2.self_attn.k_proj,0.13498666615472832
sst2@s0,model.layers.2.self_attn.o_proj,0.7686317330580216
sst2@s0,model.layers.2.self_attn.q_proj,1.0417382016139898
sst2@s0,model.layers.2.self_attn.v_proj,0.0962064881655708
sst2@s0,model.layers.20.mlp.down_proj,0.14712358334223913
sst2@s0,model.layers.20.mlp.gate_proj,0.6713640324559444
sst2@s0,model.layers.20.mlp.up_proj,0.5514686000756962
sst2@s0,model.layers.20.self_attn.k_proj,0.0773523932613617
sst2@s0,model.layers.20.self_attn.o_proj,0.16850036263524254
sst2@s0,model.layers.20.self_attn.q_proj,0.6991356670497969
sst2@s0,model.layers.20.self_attn.v_proj,0.017308176043664438
sst2@s0,model.layers.21.mlp.down_proj,0.1978771381445608
sst2@s0,model.layers.21.mlp.gate_proj,1.5411177690676114
sst2@s0,model.layers.21.mlp.up_proj,0.557273423745994
sst2@s0,model.layers.21.self_attn.k_proj,0.0274994312689677
sst2@s0,model.layers.21.self_attn.o_proj,0.11517626074791654
sst2@s0,model.layers.21.self_attn.q_proj,0.46308827467636304
sst2@s0,model.layers.21.self_attn.v_proj,0.016948554274830704
sst2@s0,model.layers.22.mlp.down_proj,0.05500999622317634
sst2@s0,model.layers.22.mlp.gate_proj,0.9274870835252754
sst2@s0,model.layers.22.mlp.up_proj,0.5769676272299882
sst2@s0,model.layers.22.self_attn.k_proj,0.027959032074557938
sst2@s0,model.layers.22.self_attn.o_proj,0.06750780953642788
sst2@s0,model.layers.22.self_attn.q_proj,0.2483695009420048
sst2@s0,model.layers.22.self_attn.v_proj,0.053646095979008136
sst2@s0,model.layers.23.mlp.down_proj,0.011071552817222325
sst2@s0,model.layers.23.mlp.gate_proj,3.860116828134335
sst2@s0,model.layers.23.mlp.up_proj,2.5721545401228454
sst2@s0,model.layers.23.self_attn.k_proj,0.23139723742184937
sst2@s0,model.layers.23.self_attn.o_proj,0.05094040418520834
sst2@s0,model.layers.23.self_attn.q_proj,0.21258036210350878
sst2@s0,model.layers.23.self_attn.v_proj,1.6410063499876573
sst2@s0,model.layers.3.mlp.down_proj,1.185847235113437
sst2@s0,model.layers.3.mlp.gate_proj,5.439358839151711
sst2@s0,model.layers.3.mlp.up_proj,3.906699373783141
sst2@s0,model.layers.3.self_attn.k_proj,0.10021065886482185
sst2@s0,model.layers.3.self_attn.o_proj,0.6747977856015206
sst2@s0,model.layers.3.self_attn.q_proj,0.7496842560527517
sst2@s0,model.layers.3.self_attn.v_proj,0.13064286037868522
sst2@s0,model.layers.4.mlp.down_proj,1.6955340512009645
sst2@s0,model.layers.4.mlp.gate_proj,5.176561403665813
sst2@s0,model.layers.4.mlp.up_proj,3.8806312167839847
sst2@s0,model.layers.4.self_attn.k_proj,0.09432229897571781
sst2@s0,model.layers.4.self_attn.o_proj,0.6184986815913348
sst2@s0,model.layers.4.self_attn.q_proj,0.7672829694199078
sst2@s0,model.layers.4.self_attn.v_proj,0.11704540579799366
sst2@s0,model.layers.5.mlp.down_proj,1.2193888126553207
sst2@s0,model.layers.5.mlp.gate_proj,4.99062569712375
sst2@s0,model.layers.5.mlp.up_proj,3.0859763950648267
sst2@s0,model.layers.5.self_attn.k_proj,0.0959062667459441
sst2@s0,model.layers.5.self_attn.o_proj,0.4486782155558131
sst2@s0,model.layers.5.self_attn.q_proj,0.5116654957557685
sst2@s0,model.layers.5.self_attn.v_proj,0.10534322582248552
sst2@s0,model.layers.6.mlp.down_proj,1.0655245766412016
sst2@s0,model.layers.6.mlp.gate_proj,4.001543267245069
sst2@s0,model.layers.6.mlp.up_proj,3.1791809941819458
sst2@s0,model.layers.6.self_attn.k_proj,0.08149584025003218
sst2@s0,model.layers.6.self_attn.o_proj,0.5121321689885836
sst2@s0,model.layers.6.self_attn.q_proj,0.8948236939762805
sst2@s0,model.layers.6.self_attn.v_proj,0.07607132898121433
sst2@s0,model.layers.7.mlp.down_proj,1.1094565847221476
sst2@s0,model.layers.7.mlp.gate_proj,5.34364665441132
sst2@s0,model.layers.7.mlp.up_proj,3.0773893151640346
sst2@s0,model.layers.7.self_attn.k_proj,0.13257050682980698
sst2@s0,model.layers.7.self_attn.o_proj,0.5910943449660444
sst2@s0,model.layers.7.self_attn.q_proj,0.9647599452046333
sst2@s0,model.layers.7.self_attn.v_proj,0.06463005403889727
sst2@s0,model.layers.8.mlp.down_proj,1.1405667086926985
sst2@s0,model.layers.8.mlp.gate_proj,4.764101064407441
sst2@s0,model.layers.8.mlp.up_proj,2.872905718865833
sst2@s0,model.layers.8.self_attn.k_proj,0.07001879429666823
sst2@s0,model.layers.8.self_attn.o_proj,0.4577531557261333
sst2@s0,model.layers.8.self_attn.q_proj,0.8012699234683834
sst2@s0,model.layers.8.self_attn.v_proj,0.0936274528325217
sst2@s0,model.layers.9.mlp.down_proj,1.6203565886362563
sst2@s0,model.layers.9.mlp.gate_proj,3.465948714747516
sst2@s0,model.layers.9.mlp.up_proj,2.686117895420877
sst2@s0,model.layers.9.self_attn.k_proj,0.08484068708413531
sst2@s0,model.layers.9.self_attn.o_proj,0.5015235730752241
sst2@s0,model.layers.9.self_attn.q_proj,0.8358962084197761
sst2@s0,model.layers.9.self_attn.v_proj,0.05060990416354424
sst2@s1,model.layers.0.mlp.down_proj,2.171200622806373
sst2@s1,model.layers.0.mlp.gate_proj,5.490529479818646
sst2@s1,model.layers.0.mlp.up_proj,4.410806714583607
sst2@s1,model.layers.0.self_attn.k_proj,0.08443749725213492
sst2@s1,model.layers.0.self_attn.o_proj,0.5834321667629896
sst2@s1,model.layers.0.self_attn.q_proj,0.7274650413496881
sst2@s1,model.layers.0.self_attn.v_proj,0.09597882376235493
sst2@s1,model.layers.1.mlp.down_proj,2.065976596219301
sst2@s1,model.layers.1.mlp.gate_proj,4.515843098413761
sst2@s1,model.layers.1.mlp.up_proj,4.428784531741877
sst2@s1,model.layers.1.self_attn.k_proj,0.08970406262916107
sst2@s1,model.layers.1.self_attn.o_proj,0.7363410816386411
sst2@s1,model.layers.1.self_attn.q_proj,0.7405967887782069
sst2@s1,model.layers.1.self_attn.v_proj,0.09979294448940096
sst2@s1,model.layers.10.mlp.down_proj,0.9333403668562688
sst2@s1,model.layers.10.mlp.gate_proj,3.509444403149029
sst2@s1,model.layers.10.mlp.up_proj,2.4184882083584216
sst2@s1,model.layers.10.self_attn.k_proj,0.048878196912741666
sst2@s1,model.layers.10.self_attn.o_proj,0.6338861617304096
sst2@s1,model.layers.10.self_attn.q_proj,0.9293279609480135
sst2@s1,model.layers.10.self_attn.v_proj,0.10425142478354674
sst2@s1,model.layers.11.mlp.down_proj,0.8817456611664772
sst2@s1,model.layers.11.mlp.gate_proj,2.7088124385556505
sst2@s1,model.layers.11.mlp.up_proj,1.7387684915582828
sst2@s1,model.layers.11.self_attn.k_proj,0.1276745264129322
sst2@s1,model.layers.11.self_attn.o_proj,0.2376958713283619
sst2@s1,model.layers.11.self_attn.q_proj,0.4158133101297666
sst2@s1,model.layers.11.self_attn.v_proj,0.036831323187077686
sst2@s1,model.layers.12.mlp.down_proj,0.8221625905998744
sst2@s1,model.layers.12.mlp.gate_proj,2.3110829269330235
sst2@s1,model.layers.12.mlp.up_proj,2.0042710933051513
sst2@s1,model.layers.12.self_attn.k_proj,0.0668727649647097
sst2@s1,model.layers.12.self_attn.o_proj,0.3861030306282346
sst2@s1,model.layers.12.self_attn.q_proj,0.8530803507981535
sst2@s1,model.layers.12.self_attn.v_proj,0.04063608247905854
sst2@s1,model.layers.13.mlp.down_proj,0.939194141388064
sst2@s1,model.layers.13.mlp.gate_proj,3.121315315653669
sst2@s1,model.layers.13.mlp.up_proj,2.283068887848541
sst2@s1,model.layers.13.self_attn.k_proj,0.05499671477741616
sst2@s1,model.layers.13.self_attn.o_proj,0.19885063072090134
sst2@s1,model.layers.13.self_attn.q_proj,0.6042941720959669
sst2@s1,model.layers.13.self_attn.v_proj,0.04092972003884809
sst2@s1,model.layers.14.mlp.down_proj,0.4667015515748396
sst2@s1,model.layers.14.mlp.gate_proj,1.327347372778058
sst2@s1,model.layers.14.mlp.up_proj,1.811376438313474
sst2@s1,model.layers.14.self_attn.k_proj,0.10628096211040164
sst2@s1,model.layers.14.self_attn.o_proj,0.7129360163822408
sst2@s1,model.layers.14.self_attn.q_proj,0.621398309838727
sst2@s1,model.layers.14.self_attn.v_proj,0.019245693877128142
sst2@s1,model.layers.15.mlp.down_proj,0.17657577921414977
sst2@s1,model.layers.15.mlp.gate_proj,1.5101855086858258
sst2@s1,model.layers.15.mlp.up_proj,0.9512763770036012
sst2@s1,model.layers.15.self_attn.k_proj,0.023447034108244644
sst2@s1,model.layers.15.self_attn.o_proj,0.1609981573469001
sst2@s1,model.layers.15.self_attn.q_proj,0.2962336280738303
sst2@s1,model.layers.15.self_attn.v_proj,0.06413479969484463
sst2@s1,model.layers.16.mlp.down_proj,0.11234202245706658
sst2@s1,model.layers.16.mlp.gate_proj,0.704364011919675
sst2@s1,model.layers.16.mlp.up_proj,0.5451044016951601
sst2@s1,model.layers.16.self_attn.k_proj,0.03514888066080452
sst2@s1,model.layers.16.self_attn.o_proj,0.09571719669613482
sst2@s1,model.layers.16.self_attn.q_proj,0.36375996092765706
sst2@s1,model.layers.16.self_attn.v_proj,0.02174419792730553
sst2@s1,model.layers.17.mlp.down_proj,0.08636100033461784
sst2@s1,model.layers.17.mlp.gate_proj,0.7623097052231221
sst2@s1,model.layers.17.mlp.up_proj,0.5893670700512234
sst2@s1,model.layers.17.self_attn.k_proj,0.011157828859235705
sst2@s1,model.layers.17.self_attn.o_proj,0.1420946491161363
sst2@s1,model.layers.17.self_attn.q_proj,0.45791932937523006
sst2@s1,model.layers.17.self_attn.v_proj,0.0661154609395458
sst2@s1,model.layers.18.mlp.down_proj,0.10696157110726184
sst2@s1,model.layers.18.mlp.gate_proj,0.4782146272653586
sst2@s1,model.layers.18.mlp.up_proj,0.5535574238836807
sst2@s1,model.layers.18.self_attn.k_proj,0.052524708194130874
sst2@s1,model.layers.18.self_attn.o_proj,0.12557920436728576
sst2@s1,model.layers.18.self_attn.q_proj,0.7656823276205715
sst2@s1,model.layers.18.self_attn.v_proj,0.007360908461145269
sst2@s1,model.layers.19.mlp.down_proj,0.05717178238214614
sst2@s1,model.layers.19.mlp.gate_proj,0.5139487681943896
sst2@s1,model.layers.19.mlp.up_proj,0.37072475660150517
sst2@s1,model.layers.19.self_attn.k_proj,0.043875620768337675
sst2@s1,model.layers.19.self_attn.o_proj,0.1260938768179697
sst2@s1,model.layers.19.self_attn.q_proj,0.880615383289449
sst2@s1,model.layers.19.self_attn.v_proj,0.016966133199393326
sst2@s1,model.layers.2.mlp.down_proj,1.3734193631944087
sst2@s1,model.layers.2.mlp.gate_proj,4.688442625853364
sst2@s1,model.layers.2.mlp.up_proj,3.9119639086409643
sst2@s1,model.layers.2.self_attn.k_proj,0.10045042820607224
sst2@s1,model.layers.2.self_attn.o_proj,0.6827696009997212
sst2@s1,model.layers.2.self_attn.q_proj,0.9915759876836031
sst2@s1,model.layers.2.self_attn.v_proj,0.10595856735525752
sst2@s1,model.layers.20.mlp.down_proj,0.05903199005016647
sst2@s1,model.layers.20.mlp.gate_proj,0.6879558777257448
sst2@s1,model.layers.20.mlp.up_proj,0.3385172422528328
sst2@s1,model.layers.20.self_attn.k_proj,0.04520336053077447
sst2@s1,model.layers.20.self_attn.o_proj,0.06526244322621425
sst2@s1,model.layers.20.self_attn.q_proj,0.3176183883618766
sst2@s1,model.layers.20.self_attn.v_proj,0.00987018189615736
sst2@s1,model.layers.21.mlp.down_proj,0.01599089739938628
sst2@s1,model.layers.21.mlp.gate_proj,1.3803678920914133
sst2@s1,model.layers.21.mlp.up_proj,0.33785961538258846
sst2@s1,model.layers.21.self_attn.k_proj,0.033476670198490835
sst2@s1,model.layers.21.self_attn.o_proj,0.0659561033332564
sst2@s1,model.layers.21.self_attn.q_proj,0.3598245957160956
sst2@s1,model.layers.21.self_attn.v_proj,0.028379001938430702
sst2@s1,model.layers.22.mlp.down_proj,0.034757460117383156
sst2@s1,model.layers.22.mlp.gate_proj,1.0544450989264427
sst2@s1,model.layers.22.mlp.up_proj,0.36292905945288234
sst2@s1,model.layers.22.self_attn.k_proj,0.07990699507062596
sst2@s1,model.layers.22.self_attn.o_proj,0.03691681807112969
sst2@s1,model.layers.22.self_attn.q_proj,0.08596370492948478
sst2@s1,model.layers.22.self_attn.v_proj,0.010224408273181083
sst2@s1,model.layers.23.mlp.down_proj,0.012184844303456184
sst2@s1,model.layers.23.mlp.gate_proj,1.1281207421438282
sst2@s1,model.layers.23.mlp.up_proj,1.180068799262474
sst2@s1,model.layers.23.self_attn.k_proj,0.009482203571432445
sst2@s1,model.layers.23.self_attn.o_proj,0.029459133229091015
sst2@s1,model.layers.23.self_attn.q_proj,0.10082061206143479
sst2@s1,model.layers.23.self_attn.v_proj,0.03369568441047576
sst2@s1,model.layers.3.mlp.down_proj,1.0692899172515118
sst2@s1,model.layers.3.mlp.gate_proj,4.1911197480342635
sst2@s1,model.layers.3.mlp.up_proj,3.686819050865016
sst2@s1,model.layers.3.self_attn.k_proj,0.074277775795568
sst2@s1,model.layers.3.self_attn.o_proj,0.6974873852346596
sst2@s1,model.layers.3.self_attn.q_proj,0.6865500980563324
sst2@s1,model.layers.3.self_attn.v_proj,0.11718324840288177
sst2@s1,model.layers.4.mlp.down_proj,1.7465224571221154
sst2@s1,model.layers.4.mlp.gate_proj,3.6140020575214717
sst2@s1,model.layers.4.mlp.up_proj,3.5396376742420403
sst2@s1,model.layers.4.self_attn.k_proj,0.07239632522156124
sst2@s1,model.layers.4.self_attn.o_proj,0.5548323799858446
sst2@s1,model.layers.4.self_attn.q_proj,0.5959478847653503
sst2@s1,model.layers.4.self_attn.v_proj,0.11181284993819826
sst2@s1,model.layers.5.mlp.down_proj,1.472100211667923
sst2@s1,model.layers.5.mlp.gate_proj,5.417295828693602
sst2@s1,model.layers.5.mlp.up_proj,3.56138405620777
sst2@s1,model.layers.5.self_attn.k_proj,0.08139117504367621
sst2@s1,model.layers.5.self_attn.o_proj,0.4529451886367028
sst2@s1,model.layers.5.self_attn.q_proj,0.5139611151856859
sst2@s1,model.layers.5.self_attn.v_proj,0.1057984268383267
sst2@s1,model.layers.6.mlp.down_proj,1.1812131340729073
sst2@s1,model.layers.6.mlp.gate_proj,3.846697249366302
sst2@s1,model.layers.6.mlp.up_proj,2.7172818273144017
sst2@s1,model.layers.6.self_attn.k_proj,0.10783701428635176
sst2@s1,model.layers.6.self_attn.o_proj,0.5382723297570116
sst2@s1,model.layers.6.self_attn.q_proj,0.6799613308363174
sst2@s1,model.layers.6.self_attn.v_proj,0.12382244629523557
sst2@s1,model.layers.7.mlp.down_proj,1.327803717946622
sst2@s1,model.layers.7.mlp.gate_proj,3.570390833210794
sst2@s1,model.layers.7.mlp.up_proj,2.450466643528865
sst2@s1,model.layers.7.self_attn.k_proj,0.104948310520545
sst2@s1,model.layers.7.self_attn.o_proj,0.5957252155791745
sst2@s1,model.layers.7.self_attn.q_proj,0.9673692032617909
sst2@s1,model.layers.7.self_attn.v_proj,0.06486627926049493
sst2@s1,model.layers.8.mlp.down_proj,1.1838725535466486
sst2@s1,model.layers.8.mlp.gate_proj,4.497084618811193
sst2@s1,model.layers.8.mlp.up_proj,2.511430446980156
sst2@s1,model.layers.8.self_attn.k_proj,0.08996432557061804
sst2@s1,model.layers.8.self_attn.o_proj,0.39073185598977644
sst2@s1,model.layers.8.self_attn.q_proj,0.6353381107097231
sst2@s1,model.layers.8.self_attn.v_proj,0.09301456674037262
sst2@s1,model.layers.9.mlp.down_proj,1.2980528476553066
sst2@s1,model.layers.9.mlp.gate_proj,2.9496246317142263
sst2@s1,model.layers.9.mlp.up_proj,2.351638213204072
sst2@s1,model.layers.9.self_attn.k_proj,0.08116963329383678
sst2@s1,model.layers.9.self_attn.o_proj,0.37838784640446704
sst2@s1,model.layers.9.self_attn.q_proj,0.6730774945650293
sst2@s1,model.layers.9.self_attn.v_proj,0.040816580005992864
stsb@s0,model.layers.0.mlp.down_proj,2.108398748261246
stsb@s0,model.layers.0.mlp.gate_proj,5.171901724106103
stsb@s0,model.layers.0.mlp.up_proj,3.9188389926639418
stsb@s0,model.layers.0.self_attn.k_proj,0.12621684650242787
stsb@s0,model.layers.0.self_attn.o_proj,0.6045669712572601
stsb@s0,model.layers.0.self_attn.q_proj,0.5658127613557324
stsb@s0,model.layers.0.self_attn.v_proj,0.07404333929792567
stsb@s0,model.layers.1.mlp.down_proj,1.4874036251198226
stsb@s0,model.layers.1.mlp.gate_proj,4.327794605419696
stsb@s0,model.layers.1.mlp.up_proj,3.628143346115188
stsb@s0,model.layers.1.self_attn.k_proj,0.10643116631725881
stsb@s0,model.layers.1.self_attn.o_proj,0.4569459445361027
stsb@s0,model.layers.1.self_attn.q_proj,0.7129968095153961
stsb@s0,model.layers.1.self_attn.v_proj,0.09531894073695851
stsb@s0,model.layers.10.mlp.down_proj,1.3238081958651289
stsb@s0,model.layers.10.mlp.gate_proj,3.1575861196750807
stsb@s0,model.layers.10.mlp.up_proj,2.2717542103792763
stsb@s0,model.layers.10.self_attn.k_proj,0.08588790142047534
stsb@s0,model.layers.10.self_attn.o_proj,0.3322325324341994
stsb@s0,model.layers.10.self_attn.q_proj,0.49943654324792985
stsb@s0,model.layers.10.self_attn.v_proj,0.06592369674218257
stsb@s0,model.layers.11.mlp.down_proj,1.1720442614456723
stsb@s0,model.layers.11.mlp.gate_proj,2.8426859787973813
stsb@s0,model.layers.11.mlp.up_proj,1.747047947673773
stsb@s0,model.layers.11.self_attn.k_proj,0.07206586248431082
stsb@s0,model.layers.11.self_attn.o_proj,0.28040008562537766
stsb@s0,model.layers.11.self_attn.q_proj,0.5601853985746924
stsb@s0,model.layers.11.self_attn.v_proj,0.055828765196014374
stsb@s0,model.layers.12.mlp.down_proj,1.4314540194463738
stsb@s0,model.layers.12.mlp.gate_proj,2.29346773437294
stsb@s0,model.layers.12.mlp.up_proj,1.751237631061845
stsb@s0,model.layers.12.self_attn.k_proj,0.0743931822342631
stsb@s0,model.layers.12.self_attn.o_proj,0.6361451330479235
stsb@s0,model.layers.12.self_attn.q_proj,0.6203660229922305
stsb@s0,model.layers.12.self_attn.v_proj,0.035482102638792416
stsb@s0,model.layers.13.mlp.down_proj,0.7152216230288715
stsb@s0,model.layers.13.mlp.gate_proj,1.7111213723899619
stsb@s0,model.layers.13.mlp.up_proj,1.0941204920860432
stsb@s0,model.layers.13.self_attn.k_proj,0.05063046465845554
stsb@s0,model.layers.13.self_attn.o_proj,0.43717743187453173
stsb@s0,model.layers.13.self_attn.q_proj,0.3318393667866694
stsb@s0,model.layers.13.self_attn.v_proj,0.04028306517162748
stsb@s0,model.layers.14.mlp.down_proj,1.294577314254672
stsb@s0,model.layers.14.mlp.gate_proj,1.1570247134219571
stsb@s0,model.layers.14.mlp.up_proj,1.078866318644497
stsb@s0,model.layers.14.self_attn.k_proj,0.04100724592100085
stsb@s0,model.layers.14.self_attn.o_proj,0.152048062970287
stsb@s0,model.layers.14.self_attn.q_proj,0.3856304989526831
stsb@s0,model.layers.14.self_attn.v_proj,0.018720832673413138
stsb@s0,model.layers.15.mlp.down_proj,0.2694515771574397
stsb@s0,model.layers.15.mlp.gate_proj,0.5246818393698868
stsb@s0,model.layers.15.mlp.up_proj,0.585811132986392
stsb@s0,model.layers.15.self_attn.k_proj,0.017041722263195353
stsb@s0,model.layers.15.self_attn.o_proj,0.2909995041487727
stsb@s0,model.layers.15.self_attn.q_proj,0.20530161448829898
stsb@s0,model.layers.15.self_attn.v_proj,0.03763775500294225
stsb@s0,model.layers.16.mlp.down_proj,0.16606090820282232
stsb@s0,model.layers.16.mlp.gate_proj,0.33842435471897153
stsb@s0,model.layers.16.mlp.up_proj,0.5708926040036124
stsb@s0,model.layers.16.self_attn.k_proj,0.04359098244094247
stsb@s0,model.layers.16.self_attn.o_proj,0.04487952232795023
stsb@s0,model.layers.16.self_attn.q_proj,0.0836377539011444
stsb@s0,model.layers.16.self_attn.v_proj,0.01508078696555324
stsb@s0,model.layers.17.mlp.down_proj,0.23492718210231245
stsb@s0,model.layers.17.mlp.gate_proj,0.2729328507700274
stsb@s0,model.layers.17.mlp.up_proj,0.42552307961875074
stsb@s0,model.layers.17.self_attn.k_proj,0.01380329343823973
stsb@s0,model.layers.17.self_attn.o_proj,0.09408406260785887
stsb@s0,model.layers.17.self_attn.q_proj,0.18595876485916077
stsb@s0,model.layers.17.self_attn.v_proj,0.021198202636966687
stsb@s0,model.layers.18.mlp.down_proj,0.32576460220847814
stsb@s0,model.layers.18.mlp.gate_proj,0.24103490300636138
stsb@s0,model.layers.18.mlp.up_proj,0.43143539345310666
stsb@s0,model.layers.18.self_attn.k_proj,0.01733169429488184
stsb@s0,model.layers.18.self_attn.o_proj,0.034966100433270225
stsb@s0,model.layers.18.self_attn.q_proj,0.23519265180247487
stsb@s0,model.layers.18.self_attn.v_proj,0.008843829227164476
stsb@s0,model.layers.19.mlp.down_proj,0.3724680930947825
stsb@s0,model.layers.19.mlp.gate_proj,0.24366019465521394
stsb@s0,model.layers.19.mlp.up_proj,0.3542421255929696
stsb@s0,model.layers.19.self_attn.k_proj,0.035636423036990564
stsb@s0,model.layers.19.self_attn.o_proj,0.11740132552010668
stsb@s0,model.layers.19.self_attn.q_proj,0.43468783778505765
stsb@s0,model.layers.19.self_attn.v_proj,0.02612159524213086
stsb@s0,model.layers.2.mlp.down_proj,0.8211649468116281
stsb@s0,model.layers.2.mlp.gate_proj,3.7933310998213825
stsb@s0,model.layers.2.mlp.up_proj,4.1167350146340445
stsb@s0,model.layers.2.self_attn.k_proj,0.1037537975976379
stsb@s0,model.layers.2.self_attn.o_proj,0.6784413251033427
stsb@s0,model.layers.2.self_attn.q_proj,0.771235576355329
stsb@s0,model.layers.2.self_attn.v_proj,0.0668551371345472
stsb@s0,model.layers.20.mlp.down_proj,0.19365116958107378
stsb@s0,model.layers.20.mlp.gate_proj,0.28966343741318135
stsb@s0,model.layers.20.mlp.up_proj,0.4371501756210634
stsb@s0,model.layers.20.self_attn.k_proj,0.019218046293017144
stsb@s0,model.layers.20.self_attn.o_proj,0.09826308660204675
stsb@s0,model.layers.20.self_attn.q_proj,0.17841217255766356
stsb@s0,model.layers.20.self_attn.v_proj,0.0170328378545892
stsb@s0,model.layers.21.mlp.down_proj,0.03175816177894353
stsb@s0,model.layers.21.mlp.gate_proj,0.3205922118754905
stsb@s0,model.layers.21.mlp.up_proj,0.28559149219019153
stsb@s0,model.layers.21.self_attn.k_proj,0.013432908756508039
stsb@s0,model.layers.21.self_attn.o_proj,0.12657909923271676
stsb@s0,model.layers.21.self_attn.q_proj,0.03943027262812123
stsb@s0,model.layers.21.self_attn.v_proj,0.010213335007461254
stsb@s0,model.layers.22.mlp.down_proj,0.17415291896733046
stsb@s0,model.layers.22.mlp.gate_proj,0.36671850331824923
stsb@s0,model.layers.22.mlp.up_proj,0.32151508234323145
stsb@s0,model.layers.22.self_attn.k_proj,0.008708197806344043
stsb@s0,model.layers.22.self_attn.o_proj,0.04225475231618151
stsb@s0,model.layers.22.self_attn.q_proj,0.07736002021211565
stsb@s0,model.layers.22.self_attn.v_proj,0.020342089741150315
stsb@s0,model.layers.23.mlp.down_proj,0.03484454348479326
stsb@s0,model.layers.23.mlp.gate_proj,1.9007948549847011
stsb@s0,model.layers.23.mlp.up_proj,1.8658762836566183
stsb@s0,model.layers.23.self_attn.k_proj,0.007628006376784235
stsb@s0,model.layers.23.self_attn.o_proj,0.06603411045269963
stsb@s0,model.layers.23.self_attn.q_proj,0.047510244971661265
stsb@s0,model.layers.23.self_attn.v_proj,0.033517931281020485
stsb@s0,model.layers.3.mlp.down_proj,0.7660372186791969
stsb@s0,model.layers.3.mlp.gate_proj,4.81293866703769
stsb@s0,model.layers.3.mlp.up_proj,2.783266185408459
stsb@s0,model.layers.3.self_attn.k_proj,0.08165622760927654
stsb@s0,model.layers.3.self_attn.o_proj,0.39639598153026256
stsb@s0,model.layers.3.self_attn.q_proj,0.7060399942119443
stsb@s0,model.layers.3.self_attn.v_proj,0.08614206388159132
stsb@s0,model.layers.4.mlp.down_proj,1.223638310509853
stsb@s0,model.layers.4.mlp.gate_proj,4.076276897944489
stsb@s0,model.layers.4.mlp.up_proj,2.606460115841955
stsb@s0,model.layers.4.self_attn.k_proj,0.04270707097770612
stsb@s0,model.layers.4.self_attn.o_proj,0.36248194736247397
stsb@s0,model.layers.4.self_attn.q_proj,0.46393386541006965
stsb@s0,model.layers.4.self_attn.v_proj,0.061410110001509303
stsb@s0,model.layers.5.mlp.down_proj,1.1219474243892553
stsb@s0,model.layers.5.mlp.gate_proj,5.178865154117268
stsb@s0,model.layers.5.mlp.up_proj,2.2629960085227263
stsb@s0,model.layers.5.self_attn.k_proj,0.06492644983890693
stsb@s0,model.layers.5.self_attn.o_proj,0.42430892001635656
stsb@s0,model.layers.5.self_attn.q_proj,0.4801371322497936
stsb@s0,model.layers.5.self_attn.v_proj,0.05533767014810133
stsb@s0,model.layers.6.mlp.down_proj,1.156092959901267
stsb@s0,model.layers.6.mlp.gate_proj,3.6456932389369476
stsb@s0,model.layers.6.mlp.up_proj,2.3667713191594446
stsb@s0,model.layers.6.self_attn.k_proj,0.06527521249332285
stsb@s0,model.layers.6.self_attn.o_proj,0.35830018805503816
stsb@s0,model.layers.6.self_attn.q_proj,0.5737364356807744
stsb@s0,model.layers.6.self_attn.v_proj,0.06761566148297606
stsb@s0,model.layers.7.mlp.down_proj,0.9376218890641814
stsb@s0,model.layers.7.mlp.gate_proj,4.1241911457538185
stsb@s0,model.layers.7.mlp.up_proj,2.7157269005569553
stsb@s0,model.layers.7.self_attn.k_proj,0.07511820902489796
stsb@s0,model.layers.7.self_attn.o_proj,0.45589078954256324
stsb@s0,model.layers.7.self_attn.q_proj,0.6779129406974505
stsb@s0,model.layers.7.self_attn.v_proj,0.04838439232369554
stsb@s0,model.layers.8.mlp.down_proj,0.9582509671045352
stsb@s0,model.layers.8.mlp.gate_proj,4.111585835494411
stsb@s0,model.layers.8.mlp.up_proj,2.6537455879737504
stsb@s0,model.layers.8.self_attn.k_proj,0.07578178414440764
stsb@s0,model.layers.8.self_attn.o_proj,0.4230760336564396
stsb@s0,model.layers.8.self_attn.q_proj,0.7899688688955766
stsb@s0,model.layers.8.self_attn.v_proj,0.07269330043766013
stsb@s0,model.layers.9.mlp.down_proj,0.7416949682844362
stsb@s0,model.layers.9.mlp.gate_proj,3.645572454077948
stsb@s0,model.layers.9.mlp.up_proj,2.4737170733840643
stsb@s0,model.layers.9.self_attn.k_proj,0.06431552026612138
stsb@s0,model.layers.9.self_attn.o_proj,0.3347652622762076
stsb@s0,model.layers.9.self_attn.q_proj,0.5762028022577108
stsb@s0,model.layers.9.self_attn.v_proj,0.05792605791072886
stsb@s1,model.layers.0.mlp.down_proj,1.5535613551191263
stsb@s1,model.layers.0.mlp.gate_proj,3.5501146449582786
stsb@s1,model.layers.0.mlp.up_proj,3.236468118740222
stsb@s1,model.layers.0.self_attn.k_proj,0.10390295070107926
stsb@s1,model.layers.0.self_attn.o_proj,0.5626351493064357
stsb@s1,model.layers.0.self_attn.q_proj,0.8116720037666477
stsb@s1,model.layers.0.self_attn.v_proj,0.07623080120616603
stsb@s1,model.layers.1.mlp.down_proj,1.552120214663419
stsb@s1,model.layers.1.mlp.gate_proj,3.7199193984547327
stsb@s1,model.layers.1.mlp.up_proj,3.4123720464346237
stsb@s1,model.layers.1.self_attn.k_proj,0.06942985675547154
stsb@s1,model.layers.1.self_attn.o_proj,0.48578592700210954
stsb@s1,model.layers.1.self_attn.q_proj,0.5937826102883503
stsb@s1,model.layers.1.self_attn.v_proj,0.07485365902044946
stsb@s1,model.layers.10.mlp.down_proj,0.7480192239582727
stsb@s1,model.layers.10.mlp.gate_proj,2.899683712907454
stsb@s1,model.layers.10.mlp.up_proj,2.109793946676546
stsb@s1,model.layers.10.self_attn.k_proj,0.06611958002893924
stsb@s1,model.layers.10.self_attn.o_proj,0.28484550250223795
stsb@s1,model.layers.10.self_attn.q_proj,0.47035877410054766
stsb@s1,model.layers.10.self_attn.v_proj,0.036437942960647604
stsb@s1,model.layers.11.mlp.down_proj,1.155702749661917
stsb@s1,model.layers.11.mlp.gate_proj,2.920642944750152
stsb@s1,model.layers.11.mlp.up_proj,2.1113082729395325
stsb@s1,model.layers.11.self_attn.k_proj,0.07017109652428843
stsb@s1,model.layers.11.self_attn.o_proj,0.2643077745742038
stsb@s1,model.layers.11.self_attn.q_proj,0.48166409233631435
stsb@s1,model.layers.11.self_attn.v_proj,0.05048924638387464
stsb@s1,model.layers.12.mlp.down_proj,1.063236281328722
stsb@s1,model.layers.12.mlp.gate_proj,2.556458660647628
stsb@s1,model.layers.12.mlp.up_proj,1.816438263185316
stsb@s1,model.layers.12.self_attn.k_proj,0.04155209445624213
stsb@s1,model.layers.12.self_attn.o_proj,0.5456237307214121
stsb@s1,model.layers.12.self_attn.q_proj,0.7202960924736811
stsb@s1,model.layers.12.self_attn.v_proj,0.028308025585350203
stsb@s1,model.layers.13.mlp.down_proj,1.0320643562337843
stsb@s1,model.layers.13.mlp.gate_proj,1.7919161907242436
stsb@s1,model.layers.13.mlp.up_proj,1.68841656671177
stsb@s1,model.layers.13.self_attn.k_proj,0.07692712487506716
stsb@s1,model.layers.13.self_attn.o_proj,0.3376137138676339
stsb@s1,model.layers.13.self_attn.q_proj,0.5515782178461093
stsb@s1,model.layers.13.self_attn.v_proj,0.04446038842064916
stsb@s1,model.layers.14.mlp.down_proj,0.5157083196363186
stsb@s1,model.layers.14.mlp.gate_proj,0.9087372924252033
stsb@s1,model.layers.14.mlp.up_proj,1.1358775162701293
stsb@s1,model.layers.14.self_attn.k_proj,0.046589209410817865
stsb@s1,model.layers.14.self_attn.o_proj,0.11928437685501844
stsb@s1,model.layers.14.self_attn.q_proj,0.26693382697978596
stsb@s1,model.layers.14.self_attn.v_proj,0.016880078084694283
stsb@s1,model.layers.15.mlp.down_proj,0.26868096383910883
stsb@s1,model.layers.15.mlp.gate_proj,0.8222685955859595
stsb@s1,model.layers.15.mlp.up_proj,0.8365010704682976
stsb@s1,model.layers.15.self_attn.k_proj,0.02331673803184459
stsb@s1,model.layers.15.self_attn.o_proj,0.3936496058282999
stsb@s1,model.layers.15.self_attn.q_proj,0.3046856189496475
stsb@s1,model.layers.15.self_attn.v_proj,0.04995454532525818
stsb@s1,model.layers.16.mlp.down_proj,0.10258973633905473
stsb@s1,model.layers.16.mlp.gate_proj,0.3846309987482956
stsb@s1,model.layers.16.mlp.up_proj,0.3021655834933937
stsb@s1,model.layers.16.self_attn.k_proj,0.011754608341900053
stsb@s1,model.layers.16.self_attn.o_proj,0.05213004160563055
stsb@s1,model.layers.16.self_attn.q_proj,0.1292439020774502
stsb@s1,model.layers.16.self_attn.v_proj,0.009273936061822781
stsb@s1,model.layers.17.mlp.down_proj,0.10885613600701449
stsb@s1,model.layers.17.mlp.gate_proj,0.33505220779939093
stsb@s1,model.layers.17.mlp.up_proj,0.25455794198534765
stsb@s1,model.layers.17.self_attn.k_proj,0.018473038891137147
stsb@s1,model.layers.17.self_attn.o_proj,0.16599656297102675
stsb@s1,model.layers.17.self_attn.q_proj,0.5605435242960671
stsb@s1,model.layers.17.self_attn.v_proj,0.17867771362438634
stsb@s1,model.layers.18.mlp.down_proj,0.1197342864448189
stsb@s1,model.layers.18.mlp.gate_proj,0.19008134794042594
stsb@s1,model.layers.18.mlp.up_proj,0.21880529776699678
stsb@s1,model.layers.18.self_attn.k_proj,0.008130948307260504
stsb@s1,model.layers.18.self_attn.o_proj,0.036346319307134514
stsb@s1,model.layers.18.self_attn.q_proj,0.18873432312909244
stsb@s1,model.layers.18.self_attn.v_proj,0.00590116563539672
stsb@s1,model.layers.19.mlp.down_proj,0.11334496710560438
stsb@s1,model.layers.19.mlp.gate_proj,0.3166804352817987
stsb@s1,model.layers.19.mlp.up_proj,0.2715717238700935
stsb@s1,model.layers.19.self_attn.k_proj,0.020807711223916732
stsb@s1,model.layers.19.self_attn.o_proj,0.0959206509517116
stsb@s1,model.layers.19.self_attn.q_proj,0.3349051236590376
stsb@s1,model.layers.19.self_attn.v_proj,0.01430811136060994
stsb@s1,model.layers.2.mlp.down_proj,0.9352653372481463
stsb@s1,model.layers.2.mlp.gate_proj,3.5300463412574357
stsb@s1,model.layers.2.mlp.up_proj,3.4413724134516004
stsb@s1,model.layers.2.self_attn.k_proj,0.11875921161008034
stsb@s1,model.layers.2.self_attn.o_proj,0.72138697086339
stsb@s1,model.layers.2.self_attn.q_proj,0.5925629559470338
stsb@s1,model.layers.2.self_attn.v_proj,0.07411655799530059
stsb@s1,model.layers.20.mlp.down_proj,0.04289023814560026
stsb@s1,model.layers.20.mlp.gate_proj,0.3524423077362671
stsb@s1,model.layers.20.mlp.up_proj,0.2413775190871848
stsb@s1,model.layers.20.self_attn.k_proj,0.028571561348664433
stsb@s1,model.layers.20.self_attn.o_proj,0.060111029017646464
stsb@s1,model.layers.20.self_attn.q_proj,0.1278428352557345
stsb@s1,model.layers.20.self_attn.v_proj,0.00659820312023119
stsb@s1,model.layers.21.mlp.down_proj,0.019090589975965112
stsb@s1,model.layers.21.mlp.gate_proj,0.27856668831351666
stsb@s1,model.layers.21.mlp.up_proj,0.14494521885883527
stsb@s1,model.layers.21.self_attn.k_proj,0.010529626512585334
stsb@s1,model.layers.21.self_attn.o_proj,0.06534242943553295
stsb@s1,model.layers.21.self_attn.q_proj,0.11391143663371008
stsb@s1,model.layers.21.self_attn.v_proj,0.010097947197166428
stsb@s1,model.layers.22.mlp.down_proj,0.026350748288965067
stsb@s1,model.layers.22.mlp.gate_proj,0.4517802515179686
stsb@s1,model.layers.22.mlp.up_proj,0.35607952364721585
stsb@s1,model.layers.22.self_attn.k_proj,0.010317796579203226
stsb@s1,model.layers.22.self_attn.o_proj,0.02248942584899523
stsb@s1,model.layers.22.self_attn.q_proj,0.8911724425899502
stsb@s1,model.layers.22.self_attn.v_proj,0.011649327015231846
stsb@s1,model.layers.23.mlp.down_proj,0.006035433624115206
stsb@s1,model.layers.23.mlp.gate_proj,0.4951089766062975
stsb@s1,model.layers.23.mlp.up_proj,0.8521809219749508
stsb@s1,model.layers.23.self_attn.k_proj,0.024566172512484833
stsb@s1,model.layers.23.self_attn.o_proj,0.01474781408932147
stsb@s1,model.layers.23.self_attn.q_proj,0.3297840330457325
stsb@s1,model.layers.23.self_attn.v_proj,0.008351625785949791
stsb@s1,model.layers.3.mlp.down_proj,1.2275171893161128
stsb@s1,model.layers.3.mlp.gate_proj,4.0052998097825165
stsb@s1,model.layers.3.mlp.up_proj,2.725041832858863
stsb@s1,model.layers.3.self_attn.k_proj,0.06489170373140248
stsb@s1,model.layers.3.self_attn.o_proj,0.3923967963702294
stsb@s1,model.layers.3.self_attn.q_proj,0.48996247869088627
stsb@s1,model.layers.3.self_attn.v_proj,0.06031745347166618
stsb@s1,model.layers.4.mlp.down_proj,1.0753642197912492
stsb@s1,model.layers.4.mlp.gate_proj,3.250938419067978
stsb@s1,model.layers.4.mlp.up_proj,2.5401382508543118
stsb@s1,model.layers.4.self_attn.k_proj,0.06783037670363418
stsb@s1,model.layers.4.self_attn.o_proj,0.3451998220846598
stsb@s1,model.layers.4.self_attn.q_proj,0.45538147678027846
stsb@s1,model.layers.4.self_attn.v_proj,0.049441650541177634
stsb@s1,model.layers.5.mlp.down_proj,1.1598485914073575
stsb@s1,model.layers.5.mlp.gate_proj,3.6349425503299324
stsb@s1,model.layers.5.mlp.up_proj,2.1621708517476486
stsb@s1,model.layers.5.self_attn.k_proj,0.044901936902177815
stsb@s1,model.layers.5.self_attn.o_proj,0.3743772202225219
stsb@s1,model.layers.5.self_attn.q_proj,0.4006475605131241
stsb@s1,model.layers.5.self_attn.v_proj,0.07878337153384497
stsb@s1,model.layers.6.mlp.down_proj,1.1594402521777911
stsb@s1,model.layers.6.mlp.gate_proj,4.319875820262625
stsb@s1,model.layers.6.mlp.up_proj,2.219215128013834
stsb@s1,model.layers.6.self_attn.k_proj,0.09350639727781448
stsb@s1,model.layers.6.self_attn.o_proj,0.3428735568392623
stsb@s1,model.layers.6.self_attn.q_proj,0.4111999391848952
stsb@s1,model.layers.6.self_attn.v_proj,0.053175845042275426
stsb@s1,model.layers.7.mlp.down_proj,0.9306392870071221
stsb@s1,model.layers.7.mlp.gate_proj,3.156307522834795
stsb@s1,model.layers.7.mlp.up_proj,2.417992683998251
stsb@s1,model.layers.7.self_attn.k_proj,0.06374960372440841
stsb@s1,model.layers.7.self_attn.o_proj,0.45067602679410124
stsb@s1,model.layers.7.self_attn.q_proj,0.4525193764167343
stsb@s1,model.layers.7.self_attn.v_proj,0.05563843207995974
stsb@s1,model.layers.8.mlp.down_proj,0.837066803566002
stsb@s1,model.layers.8.mlp.gate_proj,3.474157312882764
stsb@s1,model.layers.8.mlp.up_proj,2.658382828182124
stsb@s1,model.layers.8.self_attn.k_proj,0.057232566541235985
stsb@s1,model.layers.8.self_attn.o_proj,0.369426037721471
stsb@s1,model.layers.8.self_attn.q_proj,0.460556274647308
stsb@s1,model.layers.8.self_attn.v_proj,0.057525400298814394
stsb@s1,model.layers.9.mlp.down_proj,0.7013368202213529
stsb@s1,model.layers.9.mlp.gate_proj,3.804899038010206
stsb@s1,model.layers.9.mlp.up_proj,2.3729807412421806
stsb@s1,model.layers.9.self_attn.k_proj,0.05740791468969797
stsb@s1,model.layers.9.self_attn.o_proj,0.30699397878046064
stsb@s1,model.layers.9.self_attn.q_proj,0.4985072580199553
stsb@s1,model.layers.9.self_attn.v_proj,0.05948196215587173
trec@s0,model.layers.0.mlp.down_proj,1.998237924883104
trec@s0,model.layers.0.mlp.gate_proj,4.122869803209937
trec@s0,model.layers.0.mlp.up_proj,3.872333882535227
trec@s0,model.layers.0.self_attn.k_proj,0.09112845922292913
trec@s0,model.layers.0.self_attn.o_proj,0.6232693405840722
trec@s0,model.layers.0.self_attn.q_proj,0.6873675644514436
trec@s0,model.layers.0.self_attn.v_proj,0.06316637334070167
trec@s0,model.layers.1.mlp.down_proj,1.48580595139938
trec@s0,model.layers.1.mlp.gate_proj,4.012633087411692
trec@s0,model.layers.1.mlp.up_proj,3.613784957537272
trec@s0,model.layers.1.self_attn.k_proj,0.15653654134921427
trec@s0,model.layers.1.self_attn.o_proj,0.5244678765604711
trec@s0,model.layers.1.self_attn.q_proj,0.8193519072997594
trec@s0,model.layers.1.self_attn.v_proj,0.07418782019947413
trec@s0,model.layers.10.mlp.down_proj,0.593003592738135
trec@s0,model.layers.10.mlp.gate_proj,4.12913752254284
trec@s0,model.layers.10.mlp.up_proj,2.5338382891779787
trec@s0,model.layers.10.self_attn.k_proj,0.07635341116305278
trec@s0,model.layers.10.self_attn.o_proj,0.3342358747467741
trec@s0,model.layers.10.self_attn.q_proj,0.7101852151740273
trec@s0,model.layers.10.self_attn.v_proj,0.07143708015978056
trec@s0,model.layers.11.mlp.down_proj,0.6554389738403575
trec@s0,model.layers.11.mlp.gate_proj,2.440796620201981
trec@s0,model.layers.11.mlp.up_proj,1.9883911104022023
trec@s0,model.layers.11.self_attn.k_proj,0.07124595662634904
trec@s0,model.layers.11.self_attn.o_proj,0.2518127143206772
trec@s0,model.layers.11.self_attn.q_proj,0.4067674927822123
trec@s0,model.layers.11.self_attn.v_proj,0.04229917448709231
trec@s0,model.layers.12.mlp.down_proj,0.45525453950239186
trec@s0,model.layers.12.mlp.gate_proj,2.5553912662807416
trec@s0,model.layers.12.mlp.up_proj,2.051613590657794
trec@s0,model.layers.12.self_attn.k_proj,0.13203929811228893
trec@s0,model.layers.12.self_attn.o_proj,0.27454120551488986
trec@s0,model.layers.12.self_attn.q_proj,0.45109486201990284
trec@s0,model.layers.12.self_attn.v_proj,0.027753418704556762
trec@s0,model.layers.13.mlp.down_proj,0.6752690903776657
trec@s0,model.layers.13.mlp.gate_proj,2.4206457062676288
trec@s0,model.layers.13.mlp.up_proj,1.721236026096472
trec@s0,model.layers.13.self_attn.k_proj,0.05445323472867414
trec@s0,model.layers.13.self_attn.o_proj,0.316867569702902
trec@s0,model.layers.13.self_attn.q_proj,0.35349457132784134
trec@s0,model.layers.13.self_attn.v_proj,0.059714738142136556
trec@s0,model.layers.14.mlp.down_proj,0.39693672109167905
trec@s0,model.layers.14.mlp.gate_proj,2.645362631603331
trec@s0,model.layers.14.mlp.up_proj,1.5604156791048922
trec@s0,model.layers.14.self_attn.k_proj,0.08590560275583523
trec@s0,model.layers.14.self_attn.o_proj,0.3458489212232369
trec@s0,model.layers.14.self_attn.q_proj,0.37629032594088674
trec@s0,model.layers.14.self_attn.v_proj,0.0324885629232938
trec@s0,model.layers.15.mlp.down_proj,0.2905683715709532
trec@s0,model.layers.15.mlp.gate_proj,3.3664954147874244
trec@s0,model.layers.15.mlp.up_proj,1.2099919745021466
trec@s0,model.layers.15.self_attn.k_proj,0.08305879193877591
trec@s0,model.layers.15.self_attn.o_proj,0.3758348286981322
trec@s0,model.layers.15.self_attn.q_proj,1.0736144502118525
trec@s0,model.layers.15.self_attn.v_proj,0.02859144659079358
trec@s0,model.layers.16.mlp.down_proj,0.3183507638338988
trec@s0,model.layers.16.mlp.gate_proj,2.4460354414017456
trec@s0,model.layers.16.mlp.up_proj,1.4350620697206442
trec@s0,model.layers.16.self_attn.k_proj,0.08242198390968215
trec@s0,model.layers.16.self_attn.o_proj,0.709887889269475
trec@s0,model.layers.16.self_attn.q_proj,0.41367487327688846
trec@s0,model.layers.16.self_attn.v_proj,0.020652319529679088
trec@s0,model.layers.17.mlp.down_proj,0.34555195132108046
trec@s0,model.layers.17.mlp.gate_proj,2.8782253320945
trec@s0,model.layers.17.mlp.up_proj,1.2649933991987963
trec@s0,model.layers.17.self_attn.k_proj,0.05698678305392163
trec@s0,model.layers.17.self_attn.o_proj,0.1833774046706433
trec@s0,model.layers.17.self_attn.q_proj,0.43728691168637834
trec@s0,model.layers.17.self_attn.v_proj,0.020865773018852368
trec@s0,model.layers.18.mlp.down_proj,0.544648220555124
trec@s0,model.layers.18.mlp.gate_proj,3.7397131229062404
trec@s0,model.layers.18.mlp.up_proj,1.2699309484514718
trec@s0,model.layers.18.self_attn.k_proj,0.10543621352889573
trec@s0,model.layers.18.self_attn.o_proj,1.368262867153528
trec@s0,model.layers.18.self_attn.q_proj,0.8448437119248937
trec@s0,model.layers.18.self_attn.v_proj,0.03288468243075735
trec@s0,model.layers.19.mlp.down_proj,0.3839809354988233
trec@s0,model.layers.19.mlp.gate_proj,3.355260530877085
trec@s0,model.layers.19.mlp.up_proj,0.9417997122614703
trec@s0,model.layers.19.self_attn.k_proj,0.05436485227660968
trec@s0,model.layers.19.self_attn.o_proj,0.19002057130921138
trec@s0,model.layers.19.self_attn.q_proj,0.5715735377473503
trec@s0,model.layers.19.self_attn.v_proj,0.021873675885571542
trec@s0,model.layers.2.mlp.down_proj,0.9557820709093562
trec@s0,model.layers.2.mlp.gate_proj,4.4584701328708185
trec@s0,model.layers.2.mlp.up_proj,3.8846405617556394
trec@s0,model.layers.2.self_attn.k_proj,0.07539368795604684
trec@s0,model.layers.2.self_attn.o_proj,0.613413842693864
trec@s0,model.layers.2.self_attn.q_proj,0.7202480933897966
trec@s0,model.layers.2.self_attn.v_proj,0.10807316633137956
trec@s0,model.layers.20.mlp.down_proj,0.16670181425254682
trec@s0,model.layers.20.mlp.gate_proj,3.6372450268696745
trec@s0,model.layers.20.mlp.up_proj,0.9429443084268522
trec@s0,model.layers.20.self_attn.k_proj,0.07937618262268605
trec@s0,model.layers.20.self_attn.o_proj,0.12145015181156754
trec@s0,model.layers.20.self_attn.q_proj,0.7144222214358606
trec@s0,model.layers.20.self_attn.v_proj,0.018098107128536902
trec@s0,model.layers.21.mlp.down_proj,0.09454575143957605
trec@s0,model.layers.21.mlp.gate_proj,3.1319432488544967
trec@s0,model.layers.21.mlp.up_proj,1.03569185732126
trec@s0,model.layers.21.self_attn.k_proj,0.0371181022256208
trec@s0,model.layers.21.self_attn.o_proj,0.11986401839213193
trec@s0,model.layers.21.self_attn.q_proj,0.20639366165053552
trec@s0,model.layers.21.self_attn.v_proj,0.014654839817443853
trec@s0,model.layers.22.mlp.down_proj,0.10380768325047394
trec@s0,model.layers.22.mlp.gate_proj,2.823306629301207
trec@s0,model.layers.22.mlp.up_proj,1.3758450311456714
trec@s0,model.layers.22.self_attn.k_proj,0.04437186231069909
trec@s0,model.layers.22.self_attn.o_proj,0.22868140863570033
trec@s0,model.layers.22.self_attn.q_proj,0.4004390489941986
trec@s0,model.layers.22.self_attn.v_proj,0.014886602416464875
trec@s0,model.layers.23.mlp.down_proj,0.026279932843812456
trec@s0,model.layers.23.mlp.gate_proj,1.7459226805793604
trec@s0,model.layers.23.mlp.up_proj,1.196962451976775
trec@s0,model.layers.23.self_attn.k_proj,0.05664989337928896
trec@s0,model.layers.23.self_attn.o_proj,0.08877564539606164
trec@s0,model.layers.23.self_attn.q_proj,1.5097757473898819
trec@s0,model.layers.23.self_attn.v_proj,0.12466585286711035
trec@s0,model.layers.3.mlp.down_proj,0.9418215265185331
trec@s0,model.layers.3.mlp.gate_proj,5.814963811147648
trec@s0,model.layers.3.mlp.up_proj,3.8080217403998975
trec@s0,model.layers.3.self_attn.k_proj,0.07747300994188339
trec@s0,model.layers.3.self_attn.o_proj,0.5502163314833852
trec@s0,model.layers.3.self_attn.q_proj,0.5415907613469475
trec@s0,model.layers.3.self_attn.v_proj,0.0664153927352898
trec@s0,model.layers.4.mlp.down_proj,1.2979531313546246
trec@s0,model.layers.4.mlp.gate_proj,4.092693410977393
trec@s0,model.layers.4.mlp.up_proj,3.4799465645486642
trec@s0,model.layers.4.self_attn.k_proj,0.06346968055718173
trec@s0,model.layers.4.self_attn.o_proj,0.5797596177380528
trec@s0,model.layers.4.self_attn.q_proj,0.5599096422903417
trec@s0,model.layers.4.self_attn.v_proj,0.08021085590234972
trec@s0,model.layers.5.mlp.down_proj,1.508984036478394
trec@s0,model.layers.5.mlp.gate_proj,8.709426819880179
trec@s0,model.layers.5.mlp.up_proj,3.251733463033051
trec@s0,model.layers.5.self_attn.k_proj,0.07690386348280781
trec@s0,model.layers.5.self_attn.o_proj,0.5253372575648871
trec@s0,model.layers.5.self_attn.q_proj,0.5573274159607686
trec@s0,model.layers.5.self_attn.v_proj,0.06251565402388919
trec@s0,model.layers.6.mlp.down_proj,1.2042363266819234
trec@s0,model.layers.6.mlp.gate_proj,5.527884506092883
trec@s0,model.layers.6.mlp.up_proj,3.0161787168632492
trec@s0,model.layers.6.self_attn.k_proj,0.07204089018873576
trec@s0,model.layers.6.self_attn.o_proj,0.5020881978991008
trec@s0,model.layers.6.self_attn.q_proj,0.6722300194313398
trec@s0,model.layers.6.self_attn.v_proj,0.07834720643801002
trec@s0,model.layers.7.mlp.down_proj,1.1469469872660198
trec@s0,model.layers.7.mlp.gate_proj,5.532275941427157
trec@s0,model.layers.7.mlp.up_proj,2.7833318610037696
trec@s0,model.layers.7.self_attn.k_proj,0.07391046326479374
trec@s0,model.layers.7.self_attn.o_proj,0.48900270954379316
trec@s0,model.layers.7.self_attn.q_proj,0.8041569722404973
trec@s0,model.layers.7.self_attn.v_proj,0.059890218773604
trec@s0,model.layers.8.mlp.down_proj,0.8342254021553172
trec@s0,model.layers.8.mlp.gate_proj,4.605548205904264
trec@s0,model.layers.8.mlp.up_proj,2.343439596906155
trec@s0,model.layers.8.self_attn.k_proj,0.08597151554323094
trec@s0,model.layers.8.self_attn.o_proj,0.47811445523589213
trec@s0,model.layers.8.self_attn.q_proj,0.940631828229768
trec@s0,model.layers.8.self_attn.v_proj,0.07532239195386234
trec@s0,model.layers.9.mlp.down_proj,1.1384849464321485
trec@s0,model.layers.9.mlp.gate_proj,4.314964644671308
trec@s0,model.layers.9.mlp.up_proj,2.674010566256314
trec@s0,model.layers.9.self_attn.k_proj,0.08180814605620478
trec@s0,model.layers.9.self_attn.o_proj,0.3699618455637962
trec@s0,model.layers.9.self_attn.q_proj,0.4414187720250152
trec@s0,model.layers.9.self_attn.v_proj,0.03686792538839157
trec@s1,model.layers.0.mlp.down_proj,1.9112737467357253
trec@s1,model.layers.0.mlp.gate_proj,5.0258840668708595
trec@s1,model.layers.0.mlp.up_proj,4.17748811475956
trec@s1,model.layers.0.self_attn.k_proj,0.09290544153827318
trec@s1,model.layers.0.self_attn.o_proj,0.5762765511239059
trec@s1,model.layers.0.self_attn.q_proj,0.8298240762553075
trec@s1,model.layers.0.self_attn.v_proj,0.0823690483208471
trec@s1,model.layers.1.mlp.down_proj,1.6671429815339405
trec@s1,model.layers.1.mlp.gate_proj,4.346683349479478
trec@s1,model.layers.1.mlp.up_proj,3.7198683718262426
trec@s1,model.layers.1.self_attn.k_proj,0.06589583596792808
trec@s1,model.layers.1.self_attn.o_proj,0.5394921767610471
trec@s1,model.layers.1.self_attn.q_proj,0.7334107168941251
trec@s1,model.layers.1.self_attn.v_proj,0.08470167927611791
trec@s1,model.layers.10.mlp.down_proj,0.8894701976222413
trec@s1,model.layers.10.mlp.gate_proj,3.8317309373447985
trec@s1,model.layers.10.mlp.up_proj,2.329199937628407
trec@s1,model.layers.10.self_attn.k_proj,0.09764299460024797
trec@s1,model.layers.10.self_attn.o_proj,0.41750393947880293
trec@s1,model.layers.10.self_attn.q_proj,0.6509428383270713
trec@s1,model.layers.10.self_attn.v_proj,0.06528626441858333
trec@s1,model.layers.11.mlp.down_proj,0.6222629843934044
trec@s1,model.layers.11.mlp.gate_proj,3.054965575771091
trec@s1,model.layers.11.mlp.up_proj,2.160744839778957
trec@s1,model.layers.11.self_attn.k_proj,0.10511358881322805
trec@s1,model.layers.11.self_attn.o_proj,0.262648253687751
trec@s1,model.layers.11.self_attn.q_proj,0.5969833014860125
trec@s1,model.layers.11.self_attn.v_proj,0.03320472098125194
trec@s1,model.layers.12.mlp.down_proj,0.6345233325957558
trec@s1,model.layers.12.mlp.gate_proj,2.7910541260407573
trec@s1,model.layers.12.mlp.up_proj,1.9799008014786141
trec@s1,model.layers.12.self_attn.k_proj,0.08856066982940708
trec@s1,model.layers.12.self_attn.o_proj,0.3414151915482696
trec@s1,model.layers.12.self_attn.q_proj,0.5072608944473654
trec@s1,model.layers.12.self_attn.v_proj,0.04459389083215252
trec@s1,model.layers.13.mlp.down_proj,0.5670870278772453
trec@s1,model.layers.13.mlp.gate_proj,2.490024400624298
trec@s1,model.layers.13.mlp.up_proj,1.908504163048424
trec@s1,model.layers.13.self_attn.k_proj,0.06345928517588463
trec@s1,model.layers.13.self_attn.o_proj,0.340374687041038
trec@s1,model.layers.13.self_attn.q_proj,0.4536299051310366
trec@s1,model.layers.13.self_attn.v_proj,0.03186917179570912
trec@s1,model.layers.14.mlp.down_proj,0.5974482862914979
trec@s1,model.layers.14.mlp.gate_proj,3.602623503863463
trec@s1,model.layers.14.mlp.up_proj,1.5680863600482975
trec@s1,model.layers.14.self_attn.k_proj,0.08108129132751246
trec@s1,model.layers.14.self_attn.o_proj,0.3681030222559188
trec@s1,model.layers.14.self_attn.q_proj,0.4971082708623566
trec@s1,model.layers.14.self_attn.v_proj,0.023827006049103334
trec@s1,model.layers.15.mlp.down_proj,0.4136885382307292
trec@s1,model.layers.15.mlp.gate_proj,3.334908986529031
trec@s1,model.layers.15.mlp.up_proj,1.8228635267725202
trec@s1,model.layers.15.self_attn.k_proj,0.07401049689708303
trec@s1,model.layers.15.self_attn.o_proj,0.3012676077725629
trec@s1,model.layers.15.self_attn.q_proj,0.6670376835411729
trec@s1,model.layers.15.self_attn.v_proj,0.03536690852468129
trec@s1,model.layers.16.mlp.down_proj,0.5388758880322237
trec@s1,model.layers.16.mlp.gate_proj,2.620533156760158
trec@s1,model.layers.16.mlp.up_proj,1.3036339423675607
trec@s1,model.layers.16.self_attn.k_proj,0.11950926177269071
trec@s1,model.layers.16.self_attn.o_proj,0.5097432144541946
trec@s1,model.layers.16.self_attn.q_proj,0.37295885983078264
trec@s1,model.layers.16.self_attn.v_proj,0.03166469626221603
trec@s1,model.layers.17.mlp.down_proj,0.45568094165926304
trec@s1,model.layers.17.mlp.gate_proj,3.626451999234583
trec@s1,model.layers.17.mlp.up_proj,1.5818954301823986
trec@s1,model.layers.17.self_attn.k_proj,0.037618544599509335
trec@s1,model.layers.17.self_attn.o_proj,0.17888844097931594
trec@s1,model.layers.17.self_attn.q_proj,0.510002452176876
trec@s1,model.layers.17.self_attn.v_proj,0.03663294077102798
trec@s1,model.layers.18.mlp.down_proj,0.5525344320152413
trec@s1,model.layers.18.mlp.gate_proj,3.796952622307516
trec@s1,model.layers.18.mlp.up_proj,1.5587069158174844
trec@s1,model.layers.18.self_attn.k_proj,0.13912526118370244
trec@s1,model.layers.18.self_attn.o_proj,0.8567106216041493
trec@s1,model.layers.18.self_attn.q_proj,0.7174574070365503
trec@s1,model.layers.18.self_attn.v_proj,0.03849822851834034
trec@s1,model.layers.19.mlp.down_proj,0.28825177970163146
trec@s1,model.layers.19.mlp.gate_proj,2.5993188342825757
trec@s1,model.layers.19.mlp.up_proj,1.2573278182562864
trec@s1,model.layers.19.self_attn.k_proj,0.094265327934008
trec@s1,model.layers.19.self_attn.o_proj,0.2266458024393362
trec@s1,model.layers.19.self_attn.q_proj,0.7435765947323947
trec@s1,model.layers.19.self_attn.v_proj,0.02074779720124719
trec@s1,model.layers.2.mlp.down_proj,1.3012684483642172
trec@s1,model.layers.2.mlp.gate_proj,4.31186462898201
trec@s1,model.layers.2.mlp.up_proj,3.6152746852736426
trec@s1,model.layers.2.self_attn.k_proj,0.05942406371498663
trec@s1,model.layers.2.self_attn.o_proj,0.6717433333940792
trec@s1,model.layers.2.self_attn.q_proj,0.678036302362148
trec@s1,model.layers.2.self_attn.v_proj,0.06799199669336682
trec@s1,model.layers.20.mlp.down_proj,0.2170967110302593
trec@s1,model.layers.20.mlp.gate_proj,3.4472252014618903
trec@s1,model.layers.20.mlp.up_proj,1.0120978055638543
trec@s1,model.layers.20.self_attn.k_proj,0.11297928619832187
trec@s1,model.layers.20.self_attn.o_proj,0.22466686681473944
trec@s1,model.layers.20.self_attn.q_proj,1.0762913768721596
trec@s1,model.layers.20.self_attn.v_proj,0.013089137224587304
trec@s1,model.layers.21.mlp.down_proj,0.10941924494317776
trec@s1,model.layers.21.mlp.gate_proj,3.0549744355460566
trec@s1,model.layers.21.mlp.up_proj,1.1805393718811068
trec@s1,model.layers.21.self_attn.k_proj,0.036092887944416535
trec@s1,model.layers.21.self_attn.o_proj,0.11573775340198562
trec@s1,model.layers.21.self_attn.q_proj,1.0037502877088025
trec@s1,model.layers.21.self_attn.v_proj,0.014484532333895099
trec@s1,model.layers.22.mlp.down_proj,0.22775745405219638
trec@s1,model.layers.22.mlp.gate_proj,2.751267243319124
trec@s1,model.layers.22.mlp.up_proj,1.6810598252612448
trec@s1,model.layers.22.self_attn.k_proj,0.18208971223905887
trec@s1,model.layers.22.self_attn.o_proj,0.32756759032216537
trec@s1,model.layers.22.self_attn.q_proj,1.4032417360393306
trec@s1,model.layers.22.self_attn.v_proj,0.021360764451118397
trec@s1,model.layers.23.mlp.down_proj,0.015415835680199521
trec@s1,model.layers.23.mlp.gate_proj,1.7447852245041773
trec@s1,model.layers.23.mlp.up_proj,0.8546939237513743
trec@s1,model.layers.23.self_attn.k_proj,0.07690665479663931
trec@s1,model.layers.23.self_attn.o_proj,0.10379746952296963
trec@s1,model.layers.23.self_attn.q_proj,1.6769490159453424
trec@s1,model.layers.23.self_attn.v_proj,0.01499445141924696
trec@s1,model.layers.3.mlp.down_proj,1.2223335049232082
trec@s1,model.layers.3.mlp.gate_proj,4.729686048844041
trec@s1,model.layers.3.mlp.up_proj,3.41385339135602
trec@s1,model.layers.3.self_attn.k_proj,0.11134974656412491
trec@s1,model.layers.3.self_attn.o_proj,0.6031049993948305
trec@s1,model.layers.3.self_attn.q_proj,0.6113815509855695
trec@s1,model.layers.3.self_attn.v_proj,0.06078130681927006
trec@s1,model.layers.4.mlp.down_proj,1.6050991781265356
trec@s1,model.layers.4.mlp.gate_proj,4.288916461224539
trec@s1,model.layers.4.mlp.up_proj,3.564054582166923
trec@s1,model.layers.4.self_attn.k_proj,0.0751035742212512
trec@s1,model.layers.4.self_attn.o_proj,0.4687498398336486
trec@s1,model.layers.4.self_attn.q_proj,0.5286433734539547
trec@s1,model.layers.4.self_attn.v_proj,0.05588437000935002
trec@s1,model.layers.5.mlp.down_proj,1.5201893943028408
trec@s1,model.layers.5.mlp.gate_proj,6.497635857548669
trec@s1,model.layers.5.mlp.up_proj,3.13719877822551
trec@s1,model.layers.5.self_attn.k_proj,0.06087772489014752
trec@s1,model.layers.5.self_attn.o_proj,0.5464248045124573
trec@s1,model.layers.5.self_attn.q_proj,0.4534546343050945
trec@s1,model.layers.5.self_attn.v_proj,0.1170800752571119
trec@s1,model.layers.6.mlp.down_proj,1.4859757334040626
trec@s1,model.layers.6.mlp.gate_proj,6.173105523711285
trec@s1,model.layers.6.mlp.up_proj,3.2809930805063603
trec@s1,model.layers.6.self_attn.k_proj,0.07472693795852396
trec@s1,model.layers.6.self_attn.o_proj,0.4827238859351136
trec@s1,model.layers.6.self_attn.q_proj,0.6233578493967612
trec@s1,model.layers.6.self_attn.v_proj,0.08277239574010281
trec@s1,model.layers.7.mlp.down_proj,1.2685335615946163
trec@s1,model.layers.7.mlp.gate_proj,4.528411632437442
trec@s1,model.layers.7.mlp.up_proj,2.8156362629526512
trec@s1,model.layers.7.self_attn.k_proj,0.08690758432483445
trec@s1,model.layers.7.self_attn.o_proj,0.548465105185407
trec@s1,model.layers.7.self_attn.q_proj,0.7364491650878667
trec@s1,model.layers.7.self_attn.v_proj,0.07304549223219156
trec@s1,model.layers.8.mlp.down_proj,1.1510579989474452
trec@s1,model.layers.8.mlp.gate_proj,3.8082527453486774
trec@s1,model.layers.8.mlp.up_proj,2.7366546893049692
trec@s1,model.layers.8.self_attn.k_proj,0.12057329388261522
trec@s1,model.layers.8.self_attn.o_proj,0.5184495221208552
trec@s1,model.layers.8.self_attn.q_proj,0.7761436279722496
trec@s1,model.layers.8.self_attn.v_proj,0.07897886885257006
trec@s1,model.layers.9.mlp.down_proj,0.7241883983573317
trec@s1,model.layers.9.mlp.gate_proj,4.380687739210719
trec@s1,model.layers.9.mlp.up_proj,2.807622575984045
trec@s1,model.layers.9.self_attn.k_proj,0.11446610268874614
trec@s1,model.layers.9.self_attn.o_proj,0.4163769653254581
trec@s1,model.layers.9.self_attn.q_proj,0.6180701021494959
trec@s1,model.layers.9.self_attn.v_proj,0.04864340696991524
wic@s0,model.layers.0.mlp.down_proj,2.5104005763247192
wic@s0,model.layers.0.mlp.gate_proj,7.725189424704436
wic@s0,model.layers.0.mlp.up_proj,4.890603270809853
wic@s0,model.layers.0.self_attn.k_proj,0.1994297694948438
wic@s0,model.layers.0.self_attn.o_proj,0.6973556350705435
wic@s0,model.layers.0.self_attn.q_proj,0.9984645295888863
wic@s0,model.layers.0.self_attn.v_proj,0.09809621584203805
wic@s0,model.layers.1.mlp.down_proj,3.161017636681431
wic@s0,model.layers.1.mlp.gate_proj,5.501871179058701
wic@s0,model.layers.1.mlp.up_proj,4.7358911648073585
wic@s0,model.layers.1.self_attn.k_proj,0.15928562300801946
wic@s0,model.layers.1.self_attn.o_proj,0.5709984177604991
wic@s0,model.layers.1.self_attn.q_proj,0.8181100400270674
wic@s0,model.layers.1.self_attn.v_proj,0.08377176060574279
wic@s0,model.layers.10.mlp.down_proj,1.069143607597041
wic@s0,model.layers.10.mlp.gate_proj,4.450781626496064
wic@s0,model.layers.10.mlp.up_proj,3.3842951778872234
wic@s0,model.layers.10.self_attn.k_proj,0.09796162398191094
wic@s0,model.layers.10.self_attn.o_proj,0.47920857992906124
wic@s0,model.layers.10.self_attn.q_proj,0.9885477892761103
wic@s0,model.layers.10.self_attn.v_proj,0.09096443396408363
wic@s0,model.layers.11.mlp.down_proj,0.6364434097076945
wic@s0,model.layers.11.mlp.gate_proj,3.5639833186517027
wic@s0,model.layers.11.mlp.up_proj,2.2581092936395213
wic@s0,model.layers.11.self_attn.k_proj,0.10717482439799315
wic@s0,model.layers.11.self_attn.o_proj,0.28666996233562736
wic@s0,model.layers.11.self_attn.q_proj,0.8093140998207773
wic@s0,model.layers.11.self_attn.v_proj,0.12370677596539237
wic@s0,model.layers.12.mlp.down_proj,3.091587188896629
wic@s0,model.layers.12.mlp.gate_proj,2.169320326488486
wic@s0,model.layers.12.mlp.up_proj,1.6144995051331885
wic@s0,model.layers.12.self_attn.k_proj,0.14419768504087097
wic@s0,model.layers.12.self_attn.o_proj,0.5610600424045308
wic@s0,model.layers.12.self_attn.q_proj,0.8144501193814159
wic@s0,model.layers.12.self_attn.v_proj,0.040337829572110497
wic@s0,model.layers.13.mlp.down_proj,0.8858098295275949
wic@s0,model.layers.13.mlp.gate_proj,1.2739864018802498
wic@s0,model.layers.13.mlp.up_proj,0.9847190259090126
wic@s0,model.layers.13.self_attn.k_proj,0.04551802633469346
wic@s0,model.layers.13.self_attn.o_proj,0.2571335637609734
wic@s0,model.layers.13.self_attn.q_proj,0.36245173796034746
wic@s0,model.layers.13.self_attn.v_proj,0.02666496558245509
wic@s0,model.layers.14.mlp.down_proj,0.27597790851398973
wic@s0,model.layers.14.mlp.gate_proj,1.404844331256689
wic@s0,model.layers.14.mlp.up_proj,0.9203050856788859
wic@s0,model.layers.14.self_attn.k_proj,0.0287451360531465
wic@s0,model.layers.14.self_attn.o_proj,0.14872779685490353
wic@s0,model.layers.14.self_attn.q_proj,0.3306114722049253
wic@s0,model.layers.14.self_attn.v_proj,0.031388929674578084
wic@s0,model.layers.15.mlp.down_proj,0.16858081897653537
wic@s0,model.layers.15.mlp.gate_proj,0.8420962668902785
wic@s0,model.layers.15.mlp.up_proj,0.5276583065089681
wic@s0,model.layers.15.self_attn.k_proj,0.026817152257026605
wic@s0,model.layers.15.self_attn.o_proj,0.16367626215259204
wic@s0,model.layers.15.self_attn.q_proj,0.20088201225994318
wic@s0,model.layers.15.self_attn.v_proj,0.056748462629920574
wic@s0,model.layers.16.mlp.down_proj,0.23621188635904433
wic@s0,model.layers.16.mlp.gate_proj,0.634728493517455
wic@s0,model.layers.16.mlp.up_proj,0.42317094548325684
wic@s0,model.layers.16.self_attn.k_proj,0.019283009968455337
wic@s0,model.layers.16.self_attn.o_proj,0.14904984853569742
wic@s0,model.layers.16.self_attn.q_proj,0.22789558787012063
wic@s0,model.layers.16.self_attn.v_proj,0.012541011843539876
wic@s0,model.layers.17.mlp.down_proj,0.10707495711630653
wic@s0,model.layers.17.mlp.gate_proj,0.5697904956213435
wic@s0,model.layers.17.mlp.up_proj,0.43521112754340274
wic@s0,model.layers.17.self_attn.k_proj,0.028499024728003027
wic@s0,model.layers.17.self_attn.o_proj,0.10377527867956407
wic@s0,model.layers.17.self_attn.q_proj,0.3206403549953152
wic@s0,model.layers.17.self_attn.v_proj,0.01386119663271845
wic@s0,model.layers.18.mlp.down_proj,0.08231950130161132
wic@s0,model.layers.18.mlp.gate_proj,0.5517605333444654
wic@s0,model.layers.18.mlp.up_proj,0.36100953526619495
wic@s0,model.layers.18.self_attn.k_proj,0.017739889056784877
wic@s0,model.layers.18.self_attn.o_proj,0.11905561527373743
wic@s0,model.layers.18.self_attn.q_proj,0.18558792835194304
wic@s0,model.layers.18.self_attn.v_proj,0.009456653047268322
wic@s0,model.layers.19.mlp.down_proj,0.06675936945789668
wic@s0,model.layers.19.mlp.gate_proj,0.5404130891210994
wic@s0,model.layers.19.mlp.up_proj,0.33853220559901387
wic@s0,model.layers.19.self_attn.k_proj,0.023252831362688492
wic@s0,model.layers.19.self_attn.o_proj,0.10364269539268095
wic@s0,model.layers.19.self_attn.q_proj,0.14436399813403786
wic@s0,model.layers.19.self_attn.v_proj,0.015201462663352698
wic@s0,model.layers.2.mlp.down_proj,1.8284663549174645
wic@s0,model.layers.2.mlp.gate_proj,6.764620894903706
wic@s0,model.layers.2.mlp.up_proj,5.44701392028089
wic@s0,model.layers.2.self_attn.k_proj,0.09930916303368134
wic@s0,model.layers.2.self_attn.o_proj,0.7614192628847276
wic@s0,model.layers.2.self_attn.q_proj,1.1247608777364886
wic@s0,model.layers.2.self_attn.v_proj,0.06933513893077174
wic@s0,model.layers.20.mlp.down_proj,0.06367204077537282
wic@s0,model.layers.20.mlp.gate_proj,0.5826815325982144
wic@s0,model.layers.20.mlp.up_proj,0.3174494742235956
wic@s0,model.layers.20.self_attn.k_proj,0.029469048732479894
wic@s0,model.layers.20.self_attn.o_proj,0.0754249483005109
wic@s0,model.layers.20.self_attn.q_proj,0.15521947898696178
wic@s0,model.layers.20.self_attn.v_proj,0.00913202631092058
wic@s0,model.layers.21.mlp.down_proj,0.02545387294425023
wic@s0,model.layers.21.mlp.gate_proj,0.5569572999797635
wic@s0,model.layers.21.mlp.up_proj,0.34093771257230315
wic@s0,model.layers.21.self_attn.k_proj,0.02760202500953451
wic@s0,model.layers.21.self_attn.o_proj,0.08218442882989874
wic@s0,model.layers.21.self_attn.q_proj,0.443568611430282
wic@s0,model.layers.21.self_attn.v_proj,0.01949684366717718
wic@s0,model.layers.22.mlp.down_proj,0.05929904525431125
wic@s0,model.layers.22.mlp.gate_proj,0.4630057479475892
wic@s0,model.layers.22.mlp.up_proj,0.32710930156203266
wic@s0,model.layers.22.self_attn.k_proj,0.06133518188745793
wic@s0,model.layers.22.self_attn.o_proj,0.056468961732733164
wic@s0,model.layers.22.self_attn.q_proj,0.4413000444974197
wic@s0,model.layers.22.self_attn.v_proj,0.021803090947375585
wic@s0,model.layers.23.mlp.down_proj,0.007378007039630275
wic@s0,model.layers.23.mlp.gate_proj,0.5596637004402341
wic@s0,model.layers.23.mlp.up_proj,0.6709335291824821
wic@s0,model.layers.23.self_attn.k_proj,0.05138362084984066
wic@s0,model.layers.23.self_attn.o_proj,0.04988107663532266
wic@s0,model.layers.23.self_attn.q_proj,0.2412688255472993
wic@s0,model.layers.23.self_attn.v_proj,0.7604016081154752
wic@s0,model.layers.3.mlp.down_proj,1.795896972043902
wic@s0,model.layers.3.mlp.gate_proj,8.044874880267718
wic@s0,model.layers.3.mlp.up_proj,4.5817499543844376
wic@s0,model.layers.3.self_attn.k_proj,0.1469358512941839
wic@s0,model.layers.3.self_attn.o_proj,0.8599752858832739
wic@s0,model.layers.3.self_attn.q_proj,0.9599009575544403
wic@s0,model.layers.3.self_attn.v_proj,0.09274620171054584
wic@s0,model.layers.4.mlp.down_proj,1.8868459936293216
wic@s0,model.layers.4.mlp.gate_proj,6.492741761988202
wic@s0,model.layers.4.mlp.up_proj,3.862191497343074
wic@s0,model.layers.4.self_attn.k_proj,0.08363340607478173
wic@s0,model.layers.4.self_attn.o_proj,0.6356063537573374
wic@s0,model.layers.4.self_attn.q_proj,0.6483725251149534
wic@s0,model.layers.4.self_attn.v_proj,0.06603530749011645
wic@s0,model.layers.5.mlp.down_proj,1.695476470243052
wic@s0,model.layers.5.mlp.gate_proj,9.616370321736317
wic@s0,model.layers.5.mlp.up_proj,4.474242759809696
wic@s0,model.layers.5.self_attn.k_proj,0.09796155810272353
wic@s0,model.layers.5.self_attn.o_proj,0.5825821559109541
wic@s0,model.layers.5.self_attn.q_proj,0.708972376726359
wic@s0,model.layers.5.self_attn.v_proj,0.06670367470369404
wic@s0,model.layers.6.mlp.down_proj,2.0996721100620244
wic@s0,model.layers.6.mlp.gate_proj,8.137950743039083
wic@s0,model.layers.6.mlp.up_proj,4.299937306431604
wic@s0,model.layers.6.self_attn.k_proj,0.13116154657089485
wic@s0,model.layers.6.self_attn.o_proj,0.6256244990015909
wic@s0,model.layers.6.self_attn.q_proj,0.872709077610566
wic@s0,model.layers.6.self_attn.v_proj,0.08468232896627598
wic@s0,model.layers.7.mlp.down_proj,1.7976133488698705
wic@s0,model.layers.7.mlp.gate_proj,10.181516811492347
wic@s0,model.layers.7.mlp.up_proj,4.7185662842060845
wic@s0,model.layers.7.self_attn.k_proj,0.11617060403843336
wic@s0,model.layers.7.self_attn.o_proj,0.8182051224311347
wic@s0,model.layers.7.self_attn.q_proj,0.8726884715293681
wic@s0,model.layers.7.self_attn.v_proj,0.11645168689148465
wic@s0,model.layers.8.mlp.down_proj,2.0230335642973256
wic@s0,model.layers.8.mlp.gate_proj,7.808051801249876
wic@s0,model.layers.8.mlp.up_proj,4.19346445663361
wic@s0,model.layers.8.self_attn.k_proj,0.10373154303660266
wic@s0,model.layers.8.self_attn.o_proj,0.7792655138711067
wic@s0,model.layers.8.self_attn.q_proj,0.8301449233425839
wic@s0,model.layers.8.self_attn.v_proj,0.10948482371040404
wic@s0,model.layers.9.mlp.down_proj,1.883930100918579
wic@s0,model.layers.9.mlp.gate_proj,8.574456874830513
wic@s0,model.layers.9.mlp.up_proj,3.8690570737486354
wic@s0,model.layers.9.self_attn.k_proj,0.1010574754339096
wic@s0,model.layers.9.self_attn.o_proj,0.6749851594107796
wic@s0,model.layers.9.self_attn.q_proj,1.06959422190372
wic@s0,model.layers.9.self_attn.v_proj,0.09455274753041634
wic@s1,model.layers.0.mlp.down_proj,3.6644254302182473
wic@s1,model.layers.0.mlp.gate_proj,8.868840775952417
wic@s1,model.layers.0.mlp.up_proj,6.4334181829521935
wic@s1,model.layers.0.self_attn.k_proj,0.0466347389131794
wic@s1,model.layers.0.self_attn.o_proj,0.8400275531498971
wic@s1,model.layers.0.self_attn.q_proj,0.935664279332222
wic@s1,model.layers.0.self_attn.v_proj,0.09403528113763455
wic@s1,model.layers.1.mlp.down_proj,3.1719736530824587
wic@s1,model.layers.1.mlp.gate_proj,7.814926690912134
wic@s1,model.layers.1.mlp.up_proj,5.998894611852133
wic@s1,model.layers.1.self_attn.k_proj,0.10685165108437747
wic@s1,model.layers.1.self_attn.o_proj,0.7998262303517812
wic@s1,model.layers.1.self_attn.q_proj,1.300049493504896
wic@s1,model.layers.1.self_attn.v_proj,0.10832146969654033
wic@s1,model.layers.10.mlp.down_proj,1.6190905252863077
wic@s1,model.layers.10.mlp.gate_proj,4.369692313286698
wic@s1,model.layers.10.mlp.up_proj,3.1953879752701733
wic@s1,model.layers.10.self_attn.k_proj,0.13318922903589397
wic@s1,model.layers.10.self_attn.o_proj,0.6149931785860326
wic@s1,model.layers.10.self_attn.q_proj,1.052398199987997
wic@s1,model.layers.10.self_attn.v_proj,0.09544132440693236
wic@s1,model.layers.11.mlp.down_proj,4.002531336584266
wic@s1,model.layers.11.mlp.gate_proj,4.7957856791614075
wic@s1,model.layers.11.mlp.up_proj,2.9342212745388694
wic@s1,model.layers.11.self_attn.k_proj,0.11219976564053893
wic@s1,model.layers.11.self_attn.o_proj,0.45823190225788674
wic@s1,model.layers.11.self_attn.q_proj,0.8065571013379693
wic@s1,model.layers.11.self_attn.v_proj,0.0726064157048042
wic@s1,model.layers.12.mlp.down_proj,3.389191894145704
wic@s1,model.layers.12.mlp.gate_proj,3.012206637336748
wic@s1,model.layers.12.mlp.up_proj,1.984932888819105
wic@s1,model.layers.12.self_attn.k_proj,0.20642940203328716
wic@s1,model.layers.12.self_attn.o_proj,0.9806559199697039
wic@s1,model.layers.12.self_attn.q_proj,0.9440387127638882
wic@s1,model.layers.12.self_attn.v_proj,0.0646309947196885
wic@s1,model.layers.13.mlp.down_proj,0.984798388207294
wic@s1,model.layers.13.mlp.gate_proj,1.6425808994357651
wic@s1,model.layers.13.mlp.up_proj,1.3542969549952002
wic@s1,model.layers.13.self_attn.k_proj,0.1055571861305561
wic@s1,model.layers.13.self_attn.o_proj,0.194671627980896
wic@s1,model.layers.13.self_attn.q_proj,0.31160981895576145
wic@s1,model.layers.13.self_attn.v_proj,0.029545702071456362
wic@s1,model.layers.14.mlp.down_proj,0.348224577987393
wic@s1,model.layers.14.mlp.gate_proj,1.0569159735602085
wic@s1,model.layers.14.mlp.up_proj,0.8362899530122673
wic@s1,model.layers.14.self_attn.k_proj,0.02322519181677172
wic@s1,model.layers.14.self_attn.o_proj,0.0855341074793801
wic@s1,model.layers.14.self_attn.q_proj,0.22627294224700906
wic@s1,model.layers.14.self_attn.v_proj,0.01587568620692269
wic@s1,model.layers.15.mlp.down_proj,0.1585465337283802
wic@s1,model.layers.15.mlp.gate_proj,1.2444515833897034
wic@s1,model.layers.15.mlp.up_proj,0.5564269785817139
wic@s1,model.layers.15.self_attn.k_proj,0.029254557063505784
wic@s1,model.layers.15.self_attn.o_proj,0.1058213141188352
wic@s1,model.layers.15.self_attn.q_proj,0.17844806115746775
wic@s1,model.layers.15.self_attn.v_proj,0.03953849423268272
wic@s1,model.layers.16.mlp.down_proj,0.16735136476499088
wic@s1,model.layers.16.mlp.gate_proj,0.538893150968631
wic@s1,model.layers.16.mlp.up_proj,0.3112612934115687
wic@s1,model.layers.16.self_attn.k_proj,0.021540306221736073
wic@s1,model.layers.16.self_attn.o_proj,0.14394465636786172
wic@s1,model.layers.16.self_attn.q_proj,0.375062728913938
wic@s1,model.layers.16.self_attn.v_proj,0.008561590720185345
wic@s1,model.layers.17.mlp.down_proj,0.0939778368128199
wic@s1,model.layers.17.mlp.gate_proj,0.46057290996224853
wic@s1,model.layers.17.mlp.up_proj,0.2758866825022368
wic@s1,model.layers.17.self_attn.k_proj,0.0734020660685075
wic@s1,model.layers.17.self_attn.o_proj,0.11494161316181356
wic@s1,model.layers.17.self_attn.q_proj,0.2727356233135059
wic@s1,model.layers.17.self_attn.v_proj,0.020223207856685632
wic@s1,model.layers.18.mlp.down_proj,0.07627502484173869
wic@s1,model.layers.18.mlp.gate_proj,0.3681370504249685
wic@s1,model.layers.18.mlp.up_proj,0.2776959072468093
wic@s1,model.layers.18.self_attn.k_proj,0.01784004321021975
wic@s1,model.layers.18.self_attn.o_proj,0.05266800953183156
wic@s1,model.layers.18.self_attn.q_proj,0.09009165916925664
wic@s1,model.layers.18.self_attn.v_proj,0.006706738715413406
wic@s1,model.layers.19.mlp.down_proj,0.07417346442933528
wic@s1,model.layers.19.mlp.gate_proj,0.40982735221471994
wic@s1,model.layers.19.mlp.up_proj,0.28738199660456065
wic@s1,model.layers.19.self_attn.k_proj,0.0389317198163846
wic@s1,model.layers.19.self_attn.o_proj,0.05947558292749508
wic@s1,model.layers.19.self_attn.q_proj,0.18997676301037195
wic@s1,model.layers.19.self_attn.v_proj,0.025840755647796997
wic@s1,model.layers.2.mlp.down_proj,2.6332850666861845
wic@s1,model.layers.2.mlp.gate_proj,7.285954781156347
wic@s1,model.layers.2.mlp.up_proj,6.886684602806529
wic@s1,model.layers.2.self_attn.k_proj,0.16759706093745091
wic@s1,model.layers.2.self_attn.o_proj,1.005675427148281
wic@s1,model.layers.2.self_attn.q_proj,1.134061029632604
wic@s1,model.layers.2.self_attn.v_proj,0.10715175959719553
wic@s1,model.layers.20.mlp.down_proj,0.05170423273287056
wic@s1,model.layers.20.mlp.gate_proj,0.4405262717471269
wic@s1,model.layers.20.mlp.up_proj,0.24855920669525303
wic@s1,model.layers.20.self_attn.k_proj,0.019893242132673808
wic@s1,model.layers.20.self_attn.o_proj,0.07261997167092599
wic@s1,model.layers.20.self_attn.q_proj,0.35501139013884353
wic@s1,model.layers.20.self_attn.v_proj,0.008036855285108807
wic@s1,model.layers.21.mlp.down_proj,0.031195085091870023
wic@s1,model.layers.21.mlp.gate_proj,0.5249627782304117
wic@s1,model.layers.21.mlp.up_proj,0.25010802851352704
wic@s1,model.layers.21.self_attn.k_proj,0.015279556511381416
wic@s1,model.layers.21.self_attn.o_proj,0.0615493807236601
wic@s1,model.layers.21.self_attn.q_proj,0.2675787565890065
wic@s1,model.layers.21.self_attn.v_proj,0.011815117682971867
wic@s1,model.layers.22.mlp.down_proj,0.032903174431435075
wic@s1,model.layers.22.mlp.gate_proj,0.5230506221532221
wic@s1,model.layers.22.mlp.up_proj,0.336759134440831
wic@s1,model.layers.22.self_attn.k_proj,0.044901542141829245
wic@s1,model.layers.22.self_attn.o_proj,0.09672605319835167
wic@s1,model.layers.22.self_attn.q_proj,1.0392742993628867
wic@s1,model.layers.22.self_attn.v_proj,0.010004055508448784
wic@s1,model.layers.23.mlp.down_proj,0.010517772891742796
wic@s1,model.layers.23.mlp.gate_proj,0.6256178309037459
wic@s1,model.layers.23.mlp.up_proj,0.5336845962457413
wic@s1,model.layers.23.self_attn.k_proj,0.05247724041009055
wic@s1,model.layers.23.self_attn.o_proj,0.04856678636786485
wic@s1,model.layers.23.self_attn.q_proj,1.5300632638395286
wic@s1,model.layers.23.self_attn.v_proj,0.026340729958613012
wic@s1,model.layers.3.mlp.down_proj,2.254628336766779
wic@s1,model.layers.3.mlp.gate_proj,9.116220910260758
wic@s1,model.layers.3.mlp.up_proj,5.329548730954141
wic@s1,model.layers.3.self_attn.k_proj,0.09182422340519543
wic@s1,model.layers.3.self_attn.o_proj,0.838371644069381
wic@s1,model.layers.3.self_attn.q_proj,0.8760698167040428
wic@s1,model.layers.3.self_attn.v_proj,0.09874755217978118
wic@s1,model.layers.4.mlp.down_proj,3.213140248749377
wic@s1,model.layers.4.mlp.gate_proj,7.636942282895962
wic@s1,model.layers.4.mlp.up_proj,5.070193977887383
wic@s1,model.layers.4.self_attn.k_proj,0.13521385978951203
wic@s1,model.layers.4.self_attn.o_proj,0.8444989083116545
wic@s1,model.layers.4.self_attn.q_proj,0.8437537772579922
wic@s1,model.layers.4.self_attn.v_proj,0.10455606416665912
wic@s1,model.layers.5.mlp.down_proj,3.1240843902986137
wic@s1,model.layers.5.mlp.gate_proj,9.921993204906114
wic@s1,model.layers.5.mlp.up_proj,5.042135466648155
wic@s1,model.layers.5.self_attn.k_proj,0.09443515181342474
wic@s1,model.layers.5.self_attn.o_proj,0.818561874105298
wic@s1,model.layers.5.self_attn.q_proj,0.9228876396624379
wic@s1,model.layers.5.self_attn.v_proj,0.09234602826987486
wic@s1,model.layers.6.mlp.down_proj,3.7606584177872007
wic@s1,model.layers.6.mlp.gate_proj,10.624316444646793
wic@s1,model.layers.6.mlp.up_proj,5.619449054112776
wic@s1,model.layers.6.self_attn.k_proj,0.10934105142271891
wic@s1,model.layers.6.self_attn.o_proj,0.9531427372865802
wic@s1,model.layers.6.self_attn.q_proj,0.9232128220416845
wic@s1,model.layers.6.self_attn.v_proj,0.1469139071022084
wic@s1,model.layers.7.mlp.down_proj,2.8778876154835666
wic@s1,model.layers.7.mlp.gate_proj,8.582449355658634
wic@s1,model.layers.7.mlp.up_proj,4.861032245180039
wic@s1,model.layers.7.self_attn.k_proj,0.10592311203117347
wic@s1,model.layers.7.self_attn.o_proj,0.9154408516495162
wic@s1,model.layers.7.self_attn.q_proj,0.9769523168271688
wic@s1,model.layers.7.self_attn.v_proj,0.11277572899355406
wic@s1,model.layers.8.mlp.down_proj,2.169189484940249
wic@s1,model.layers.8.mlp.gate_proj,9.620407536055097
wic@s1,model.layers.8.mlp.up_proj,4.863573431090772
wic@s1,model.layers.8.self_attn.k_proj,0.1243820764283805
wic@s1,model.layers.8.self_attn.o_proj,0.7267162733784489
wic@s1,model.layers.8.self_attn.q_proj,1.3157455973694152
wic@s1,model.layers.8.self_attn.v_proj,0.12181745983602349
wic@s1,model.layers.9.mlp.down_proj,2.9083612139167347
wic@s1,model.layers.9.mlp.gate_proj,9.37659971920123
wic@s1,model.layers.9.mlp.up_proj,5.141756663867267
wic@s1,model.layers.9.self_attn.k_proj,0.10622160907436129
wic@s1,model.layers.9.self_attn.o_proj,0.7911157606204365
wic@s1,model.layers.9.self_attn.q_proj,0.836231765462415
wic@s1,model.layers.9.self_attn.v_proj,0.09383276323336498
yelp_polarity@s0,model.layers.0.mlp.down_proj,2.2247495280512055
yelp_polarity@s0,model.layers.0.mlp.gate_proj,4.489117130580495
yelp_polarity@s0,model.layers.0.mlp.up_proj,4.044550723673897
yelp_polarity@s0,model.layers.0.self_attn.k_proj,0.11248729347468511
yelp_polarity@s0,model.layers.0.self_attn.o_proj,0.7600698845299827
yelp_polarity@s0,model.layers.0.self_attn.q_proj,0.8521352012195521
yelp_polarity@s0,model.layers.0.self_attn.v_proj,0.09853494253396151
yelp_polarity@s0,model.layers.1.mlp.down_proj,2.180112855785156
yelp_polarity@s0,model.layers.1.mlp.gate_proj,5.356151243873261
yelp_polarity@s0,model.layers.1.mlp.up_proj,4.061028647026861
yelp_polarity@s0,model.layers.1.self_attn.k_proj,0.11638770409150459
yelp_polarity@s0,model.layers.1.self_attn.o_proj,0.774369704384545
yelp_polarity@s0,model.layers.1.self_attn.q_proj,0.8630383016707774
yelp_polarity@s0,model.layers.1.self_attn.v_proj,0.09746044724948487
yelp_polarity@s0,model.layers.10.mlp.down_proj,1.1449293144379753
yelp_polarity@s0,model.layers.10.mlp.gate_proj,3.4995246263140545
yelp_polarity@s0,model.layers.10.mlp.up_proj,2.8543554741242314
yelp_polarity@s0,model.layers.10.self_attn.k_proj,0.0857452366086951
yelp_polarity@s0,model.layers.10.self_attn.o_proj,0.48388500028977066
yelp_polarity@s0,model.layers.10.self_attn.q_proj,1.013190348802203
yelp_polarity@s0,model.layers.10.self_attn.v_proj,0.05777724444633617
yelp_polarity@s0,model.layers.11.mlp.down_proj,0.9487695957360011
yelp_polarity@s0,model.layers.11.mlp.gate_proj,3.4166970003986403
yelp_polarity@s0,model.layers.11.mlp.up_proj,2.7533502098164955
yelp_polarity@s0,model.layers.11.self_attn.k_proj,0.10117933729152719
yelp_polarity@s0,model.layers.11.self_attn.o_proj,0.3752590149679258
yelp_polarity@s0,model.layers.11.self_attn.q_proj,0.6452638733499559
yelp_polarity@s0,model.layers.11.self_attn.v_proj,0.043111926878306846
yelp_polarity@s0,model.layers.12.mlp.down_proj,1.640789650659185
yelp_polarity@s0,model.layers.12.mlp.gate_proj,3.4372456844796293
yelp_polarity@s0,model.layers.12.mlp.up_proj,4.284558322018837
yelp_polarity@s0,model.layers.12.self_attn.k_proj,0.1197795981044862
yelp_polarity@s0,model.layers.12.self_attn.o_proj,0.8241195191313841
yelp_polarity@s0,model.layers.12.self_attn.q_proj,1.4107981027299552
yelp_polarity@s0,model.layers.12.self_attn.v_proj,0.060117799222936974
yelp_polarity@s0,model.layers.13.mlp.down_proj,0.9424453938325854
yelp_polarity@s0,model.layers.13.mlp.gate_proj,2.8984084419138516
yelp_polarity@s0,model.layers.13.mlp.up_proj,2.9052574733306646
yelp_polarity@s0,model.layers.13.self_attn.k_proj,0.142299493970661
yelp_polarity@s0,model.layers.13.self_attn.o_proj,0.3744193235752423
yelp_polarity@s0,model.layers.13.self_attn.q_proj,1.0679251764952802
yelp_polarity@s0,model.layers.13.self_attn.v_proj,0.08130837736639426
yelp_polarity@s0,model.layers.14.mlp.down_proj,0.9647518256725198
yelp_polarity@s0,model.layers.14.mlp.gate_proj,2.17473213684298
yelp_polarity@s0,model.layers.14.mlp.up_proj,2.141603934606533
yelp_polarity@s0,model.layers.14.self_attn.k_proj,0.07757355995578541
yelp_polarity@s0,model.layers.14.self_attn.o_proj,1.0449074736957873
yelp_polarity@s0,model.layers.14.self_attn.q_proj,1.2347320142457923
yelp_polarity@s0,model.layers.14.self_attn.v_proj,0.0335509475698375
yelp_polarity@s0,model.layers.15.mlp.down_proj,0.43818434639734344
yelp_polarity@s0,model.layers.15.mlp.gate_proj,3.5405084953457107
yelp_polarity@s0,model.layers.15.mlp.up_proj,1.5254599081736275
yelp_polarity@s0,model.layers.15.self_attn.k_proj,0.09662318956839468
yelp_polarity@s0,model.layers.15.self_attn.o_proj,0.46415211980642296
yelp_polarity@s0,model.layers.15.self_attn.q_proj,0.5618304370323254
yelp_polarity@s0,model.layers.15.self_attn.v_proj,0.0475057550542418
yelp_polarity@s0,model.layers.16.mlp.down_proj,0.2888329923275957
yelp_polarity@s0,model.layers.16.mlp.gate_proj,0.9310293618278082
yelp_polarity@s0,model.layers.16.mlp.up_proj,0.6669895777384749
yelp_polarity@s0,model.layers.16.self_attn.k_proj,0.03409563914721134
yelp_polarity@s0,model.layers.16.self_attn.o_proj,0.10643297260097748
yelp_polarity@s0,model.layers.16.self_attn.q_proj,0.41038928738126856
yelp_polarity@s0,model.layers.16.self_attn.v_proj,0.0215142636019423
yelp_polarity@s0,model.layers.17.mlp.down_proj,0.12497197680751851
yelp_polarity@s0,model.layers.17.mlp.gate_proj,0.7435435475299698
yelp_polarity@s0,model.layers.17.mlp.up_proj,0.5758925046701368
yelp_polarity@s0,model.layers.17.self_attn.k_proj,0.05473465522862966
yelp_polarity@s0,model.layers.17.self_attn.o_proj,0.12073812006119143
yelp_polarity@s0,model.layers.17.self_attn.q_proj,0.1639350195131938
yelp_polarity@s0,model.layers.17.self_attn.v_proj,0.062265626574084125
yelp_polarity@s0,model.layers.18.mlp.down_proj,0.13207752339352324
yelp_polarity@s0,model.layers.18.mlp.gate_proj,0.570294966355058
yelp_polarity@s0,model.layers.18.mlp.up_proj,0.5261318445268472
yelp_polarity@s0,model.layers.18.self_attn.k_proj,0.03463746604608945
yelp_polarity@s0,model.layers.18.self_attn.o_proj,0.14371109254143544
yelp_polarity@s0,model.layers.18.self_attn.q_proj,0.2162306645403621
yelp_polarity@s0,model.layers.18.self_attn.v_proj,0.01110148433439759
yelp_polarity@s0,model.layers.19.mlp.down_proj,0.0947154963431381
yelp_polarity@s0,model.layers.19.mlp.gate_proj,0.6150982516808202
yelp_polarity@s0,model.layers.19.mlp.up_proj,0.5504447858506933
yelp_polarity@s0,model.layers.19.self_attn.k_proj,0.09427836951569121
yelp_polarity@s0,model.layers.19.self_attn.o_proj,0.195039542908978
yelp_polarity@s0,model.layers.19.self_attn.q_proj,0.7369179813906939
yelp_polarity@s0,model.layers.19.self_attn.v_proj,0.03298573270771272
yelp_polarity@s0,model.layers.2.mlp.down_proj,1.8895274007173903
yelp_polarity@s0,model.layers.2.mlp.gate_proj,4.645730333174165
yelp_polarity@s0,model.layers.2.mlp.up_proj,4.205532667501683
yelp_polarity@s0,model.layers.2.self_attn.k_proj,0.11610660426706775
yelp_polarity@s0,model.layers.2.self_attn.o_proj,0.8247078056971333
yelp_polarity@s0,model.layers.2.self_attn.q_proj,0.847296570401339
yelp_polarity@s0,model.layers.2.self_attn.v_proj,0.09260445854515506
yelp_polarity@s0,model.layers.20.mlp.down_proj,0.10939874661413275
yelp_polarity@s0,model.layers.20.mlp.gate_proj,0.6112268837533354
yelp_polarity@s0,model.layers.20.mlp.up_proj,0.6084057190293399
yelp_polarity@s0,model.layers.20.self_attn.k_proj,0.0164733307978337
yelp_polarity@s0,model.layers.20.self_attn.o_proj,0.18683571440973398
yelp_polarity@s0,model.layers.20.self_attn.q_proj,0.08452578606249743
yelp_polarity@s0,model.layers.20.self_attn.v_proj,0.01608157128815403
yelp_polarity@s0,model.layers.21.mlp.down_proj,0.22433762609388608
yelp_polarity@s0,model.layers.21.mlp.gate_proj,0.734321930403157
yelp_polarity@s0,model.layers.21.mlp.up_proj,0.45193989954522784
yelp_polarity@s0,model.layers.21.self_attn.k_proj,0.016296739662119725
yelp_polarity@s0,model.layers.21.self_attn.o_proj,0.14180123634773795
yelp_polarity@s0,model.layers.21.self_attn.q_proj,0.11986261408490234
yelp_polarity@s0,model.layers.21.self_attn.v_proj,0.012875645400877744
yelp_polarity@s0,model.layers.22.mlp.down_proj,0.14938003153677973
yelp_polarity@s0,model.layers.22.mlp.gate_proj,0.6613419224421151
yelp_polarity@s0,model.layers.22.mlp.up_proj,0.5291112957159704
yelp_polarity@s0,model.layers.22.self_attn.k_proj,0.02283635708798764
yelp_polarity@s0,model.layers.22.self_attn.o_proj,0.11137064784110497
yelp_polarity@s0,model.layers.22.self_attn.q_proj,0.07441780823036923
yelp_polarity@s0,model.layers.22.self_attn.v_proj,0.07036939474042506
yelp_polarity@s0,model.layers.23.mlp.down_proj,0.03280014668760648
yelp_polarity@s0,model.layers.23.mlp.gate_proj,3.449536397688271
yelp_polarity@s0,model.layers.23.mlp.up_proj,2.837708659382267
yelp_polarity@s0,model.layers.23.self_attn.k_proj,0.020499215772203726
yelp_polarity@s0,model.layers.23.self_attn.o_proj,0.08735713181033308
yelp_polarity@s0,model.layers.23.self_attn.q_proj,0.23756761649717972
yelp_polarity@s0,model.layers.23.self_attn.v_proj,0.025626318503093434
yelp_polarity@s0,model.layers.3.mlp.down_proj,2.076701205522289
yelp_polarity@s0,model.layers.3.mlp.gate_proj,4.301800171927587
yelp_polarity@s0,model.layers.3.mlp.up_proj,3.3024541954107054
yelp_polarity@s0,model.layers.3.self_attn.k_proj,0.1270230336624915
yelp_polarity@s0,model.layers.3.self_attn.o_proj,0.6312264963107618
yelp_polarity@s0,model.layers.3.self_attn.q_proj,0.6468916385260554
yelp_polarity@s0,model.layers.3.self_attn.v_proj,0.08063045800559324
yelp_polarity@s0,model.layers.4.mlp.down_proj,2.4734997962032255
yelp_polarity@s0,model.layers.4.mlp.gate_proj,4.592783668482665
yelp_polarity@s0,model.layers.4.mlp.up_proj,3.697653370925349
yelp_polarity@s0,model.layers.4.self_attn.k_proj,0.11396757513889523
yelp_polarity@s0,model.layers.4.self_attn.o_proj,0.6802720003087264
yelp_polarity@s0,model.layers.4.self_attn.q_proj,0.7547964466248209
yelp_polarity@s0,model.layers.4.self_attn.v_proj,0.13366537588298932
yelp_polarity@s0,model.layers.5.mlp.down_proj,1.917482963061733
yelp_polarity@s0,model.layers.5.mlp.gate_proj,5.138244100885855
yelp_polarity@s0,model.layers.5.mlp.up_proj,3.6175679764568214
yelp_polarity@s0,model.layers.5.self_attn.k_proj,0.1355658877443206
yelp_polarity@s0,model.layers.5.self_attn.o_proj,0.6326134361737968
yelp_polarity@s0,model.layers.5.self_attn.q_proj,0.7065800348507741
yelp_polarity@s0,model.layers.5.self_attn.v_proj,0.07716226654308003
yelp_polarity@s0,model.layers.6.mlp.down_proj,1.533216675593473
yelp_polarity@s0,model.layers.6.mlp.gate_proj,4.378222917897978
yelp_polarity@s0,model.layers.6.mlp.up_proj,2.906897683636875
yelp_polarity@s0,model.layers.6.self_attn.k_proj,0.10445527251741106
yelp_polarity@s0,model.layers.6.self_attn.o_proj,0.5413453882574717
yelp_polarity@s0,model.layers.6.self_attn.q_proj,0.9321390221653055
yelp_polarity@s0,model.layers.6.self_attn.v_proj,0.08424981340569077
yelp_polarity@s0,model.layers.7.mlp.down_proj,1.4455912448909254
yelp_polarity@s0,model.layers.7.mlp.gate_proj,4.296471085648357
yelp_polarity@s0,model.layers.7.mlp.up_proj,3.3427010329668674
yelp_polarity@s0,model.layers.7.self_attn.k_proj,0.08247972111138116
yelp_polarity@s0,model.layers.7.self_attn.o_proj,0.7193229261713728
yelp_polarity@s0,model.layers.7.self_attn.q_proj,0.9134263858785184
yelp_polarity@s0,model.layers.7.self_attn.v_proj,0.06285689840127531
yelp_polarity@s0,model.layers.8.mlp.down_proj,1.2828065541982596
yelp_polarity@s0,model.layers.8.mlp.gate_proj,4.812940406810475
yelp_polarity@s0,model.layers.8.mlp.up_proj,2.7163416365901663
yelp_polarity@s0,model.layers.8.self_attn.k_proj,0.11048772709899517
yelp_polarity@s0,model.layers.8.self_attn.o_proj,0.565050106135663
yelp_polarity@s0,model.layers.8.self_attn.q_proj,0.7662219021678107
yelp_polarity@s0,model.layers.8.self_attn.v_proj,0.084009009769062
yelp_polarity@s0,model.layers.9.mlp.down_proj,1.1493443350047554
yelp_polarity@s0,model.layers.9.mlp.gate_proj,3.7448433310538354
yelp_polarity@s0,model.layers.9.mlp.up_proj,2.663114773865813
yelp_polarity@s0,model.layers.9.self_attn.k_proj,0.10626783735974996
yelp_polarity@s0,model.layers.9.self_attn.o_proj,0.47432075589858747
yelp_polarity@s0,model.layers.9.self_attn.q_proj,0.8390812447438387
yelp_polarity@s0,model.layers.9.self_attn.v_proj,0.059850507221483766
yelp_polarity@s1,model.layers.0.mlp.down_proj,2.216240582467464
yelp_polarity@s1,model.layers.0.mlp.gate_proj,3.9637320374483966
yelp_polarity@s1,model.layers.0.mlp.up_proj,3.9256888507538013
yelp_polarity@s1,model.layers.0.self_attn.k_proj,0.07944330053248642
yelp_polarity@s1,model.layers.0.self_attn.o_proj,0.7405585971029578
yelp_polarity@s1,model.layers.0.self_attn.q_proj,1.6504228911521401
yelp_polarity@s1,model.layers.0.self_attn.v_proj,0.08246614938858765
yelp_polarity@s1,model.layers.1.mlp.down_proj,2.1985605398991677
yelp_polarity@s1,model.layers.1.mlp.gate_proj,4.2508165188091365
yelp_polarity@s1,model.layers.1.mlp.up_proj,4.218365505923968
yelp_polarity@s1,model.layers.1.self_attn.k_proj,0.09810064284886795
yelp_polarity@s1,model.layers.1.self_attn.o_proj,0.6290415729718861
yelp_polarity@s1,model.layers.1.self_attn.q_proj,0.795902956309598
yelp_polarity@s1,model.layers.1.self_attn.v_proj,0.10260699390650735
yelp_polarity@s1,model.layers.10.mlp.down_proj,0.7667256968128391
yelp_polarity@s1,model.layers.10.mlp.gate_proj,3.777567118809639
yelp_polarity@s1,model.layers.10.mlp.up_proj,2.3859103602684826
yelp_polarity@s1,model.layers.10.self_attn.k_proj,0.06958562873578227
yelp_polarity@s1,model.layers.10.self_attn.o_proj,0.3802987758947143
yelp_polarity@s1,model.layers.10.self_attn.q_proj,0.5282290538342755
yelp_polarity@s1,model.layers.10.self_attn.v_proj,0.043541102924678096
yelp_polarity@s1,model.layers.11.mlp.down_proj,0.7905829039052823
yelp_polarity@s1,model.layers.11.mlp.gate_proj,2.671219383655947
yelp_polarity@s1,model.layers.11.mlp.up_proj,2.1556038444633847
yelp_polarity@s1,model.layers.11.self_attn.k_proj,0.1057893752452684
yelp_polarity@s1,model.layers.11.self_attn.o_proj,0.3962443091193758
yelp_polarity@s1,model.layers.11.self_attn.q_proj,0.40665036758119966
yelp_polarity@s1,model.layers.11.self_attn.v_proj,0.03793268756238051
yelp_polarity@s1,model.layers.12.mlp.down_proj,1.4785279834567695
yelp_polarity@s1,model.layers.12.mlp.gate_proj,3.012005810734042
yelp_polarity@s1,model.layers.12.mlp.up_proj,3.0743099853404052
yelp_polarity@s1,model.layers.12.self_attn.k_proj,0.0899285547860342
yelp_polarity@s1,model.layers.12.self_attn.o_proj,1.1516238359256377
yelp_polarity@s1,model.layers.12.self_attn.q_proj,1.6978677220959175
yelp_polarity@s1,model.layers.12.self_attn.v_proj,0.05528715917805248
yelp_polarity@s1,model.layers.13.mlp.down_proj,0.9506625965402747
yelp_polarity@s1,model.layers.13.mlp.gate_proj,3.0921087717079763
yelp_polarity@s1,model.layers.13.mlp.up_proj,2.659254925935464
yelp_polarity@s1,model.layers.13.self_attn.k_proj,0.11810536020531083
yelp_polarity@s1,model.layers.13.self_attn.o_proj,0.2727809239818508
yelp_polarity@s1,model.layers.13.self_attn.q_proj,0.6838590330126101
yelp_polarity@s1,model.layers.13.self_attn.v_proj,0.09056121696757687
yelp_polarity@s1,model.layers.14.mlp.down_proj,0.8085930989401386
yelp_polarity@s1,model.layers.14.mlp.gate_proj,1.7411843689270063
yelp_polarity@s1,model.layers.14.mlp.up_proj,1.657913706891353
yelp_polarity@s1,model.layers.14.self_attn.k_proj,0.15548994924939685
yelp_polarity@s1,model.layers.14.self_attn.o_proj,0.7961592596250148
yelp_polarity@s1,model.layers.14.self_attn.q_proj,0.7466239234226502
yelp_polarity@s1,model.layers.14.self_attn.v_proj,0.024206836657735674
yelp_polarity@s1,model.layers.15.mlp.down_proj,0.4510207258741933
yelp_polarity@s1,model.layers.15.mlp.gate_proj,2.4944942725786903
yelp_polarity@s1,model.layers.15.mlp.up_proj,1.4784834623905112
yelp_polarity@s1,model.layers.15.self_attn.k_proj,0.03248827991758986
yelp_polarity@s1,model.layers.15.self_attn.o_proj,0.338888403077117
yelp_polarity@s1,model.layers.15.self_attn.q_proj,1.197050692044219
yelp_polarity@s1,model.layers.15.self_attn.v_proj,0.12696618841256818
yelp_polarity@s1,model.layers.16.mlp.down_proj,0.12617443256516706
yelp_polarity@s1,model.layers.16.mlp.gate_proj,0.8754116185946249
yelp_polarity@s1,model.layers.16.mlp.up_proj,0.6444492528641861
yelp_polarity@s1,model.layers.16.self_attn.k_proj,0.0230695950068688
yelp_polarity@s1,model.layers.16.self_attn.o_proj,0.061963460198226475
yelp_polarity@s1,model.layers.16.self_attn.q_proj,0.20430418843802475
yelp_polarity@s1,model.layers.16.self_attn.v_proj,0.024203681205554713
yelp_polarity@s1,model.layers.17.mlp.down_proj,0.09890760048179428
yelp_polarity@s1,model.layers.17.mlp.gate_proj,0.7227819275031419
yelp_polarity@s1,model.layers.17.mlp.up_proj,0.389947879092776
yelp_polarity@s1,model.layers.17.self_attn.k_proj,0.20266577161092
yelp_polarity@s1,model.layers.17.self_attn.o_proj,0.10180921033479153
yelp_polarity@s1,model.layers.17.self_attn.q_proj,0.1474072968435409
yelp_polarity@s1,model.layers.17.self_attn.v_proj,0.20732750482682957
yelp_polarity@s1,model.layers.18.mlp.down_proj,0.06773694627147696
yelp_polarity@s1,model.layers.18.mlp.gate_proj,0.4055606412227002
yelp_polarity@s1,model.layers.18.mlp.up_proj,0.31337524130882954
yelp_polarity@s1,model.layers.18.self_attn.k_proj,0.07464447587684862
yelp_polarity@s1,model.layers.18.self_attn.o_proj,0.0979497083078647
yelp_polarity@s1,model.layers.18.self_attn.q_proj,0.09204564313632724
yelp_polarity@s1,model.layers.18.self_attn.v_proj,0.0069836689878872895
yelp_polarity@s1,model.layers.19.mlp.down_proj,0.041875488023909745
yelp_polarity@s1,model.layers.19.mlp.gate_proj,0.6312573642089673
yelp_polarity@s1,model.layers.19.mlp.up_proj,0.41545195711182453
yelp_polarity@s1,model.layers.19.self_attn.k_proj,0.029295128553675796
yelp_polarity@s1,model.layers.19.self_attn.o_proj,0.10966761576838491
yelp_polarity@s1,model.layers.19.self_attn.q_proj,0.46878983479343955
yelp_polarity@s1,model.layers.19.self_attn.v_proj,0.023285988880310464
yelp_polarity@s1,model.layers.2.mlp.down_proj,1.3610842568927355
yelp_polarity@s1,model.layers.2.mlp.gate_proj,4.179264545068753
yelp_polarity@s1,model.layers.2.mlp.up_proj,3.808899883322091
yelp_polarity@s1,model.layers.2.self_attn.k_proj,0.11834790831740538
yelp_polarity@s1,model.layers.2.self_attn.o_proj,0.7186654814428733
yelp_polarity@s1,model.layers.2.self_attn.q_proj,1.0084238050831498
yelp_polarity@s1,model.layers.2.self_attn.v_proj,0.10142464819106464
yelp_polarity@s1,model.layers.20.mlp.down_proj,0.05101572100283923
yelp_polarity@s1,model.layers.20.mlp.gate_proj,0.4684262945033547
yelp_polarity@s1,model.layers.20.mlp.up_proj,0.3890597307591583
yelp_polarity@s1,model.layers.20.self_attn.k_proj,0.010360189763438004
yelp_polarity@s1,model.layers.20.self_attn.o_proj,0.07294528438784506
yelp_polarity@s1,model.layers.20.self_attn.q_proj,0.06466465445622793
yelp_polarity@s1,model.layers.20.self_attn.v_proj,0.01094604850010183
yelp_polarity@s1,model.layers.21.mlp.down_proj,0.14540924164213115
yelp_polarity@s1,model.layers.21.mlp.gate_proj,0.5501133312163803
yelp_polarity@s1,model.layers.21.mlp.up_proj,0.3657645461057661
yelp_polarity@s1,model.layers.21.self_attn.k_proj,0.013717706439350986
yelp_polarity@s1,model.layers.21.self_attn.o_proj,0.05416770890262554
yelp_polarity@s1,model.layers.21.self_attn.q_proj,0.12334230470018494
yelp_polarity@s1,model.layers.21.self_attn.v_proj,0.009583403733763292
yelp_polarity@s1,model.layers.22.mlp.down_proj,0.047454355388051
yelp_polarity@s1,model.layers.22.mlp.gate_proj,0.8149145773558765
yelp_polarity@s1,model.layers.22.mlp.up_proj,0.38977609362394167
yelp_polarity@s1,model.layers.22.self_attn.k_proj,0.010750477071088343
yelp_polarity@s1,model.layers.22.self_attn.o_proj,0.04809325054119003
yelp_polarity@s1,model.layers.22.self_attn.q_proj,0.0804205541392605
yelp_polarity@s1,model.layers.22.self_attn.v_proj,0.026704319449959192
yelp_polarity@s1,model.layers.23.mlp.down_proj,0.015557809147735201
yelp_polarity@s1,model.layers.23.mlp.gate_proj,0.6778641647287157
yelp_polarity@s1,model.layers.23.mlp.up_proj,0.9556483084823065
yelp_polarity@s1,model.layers.23.self_attn.k_proj,0.009832026271535647
yelp_polarity@s1,model.layers.23.self_attn.o_proj,0.06709505336269758
yelp_polarity@s1,model.layers.23.self_attn.q_proj,0.15104785178367106
yelp_polarity@s1,model.layers.23.self_attn.v_proj,0.009293077257708823
yelp_polarity@s1,model.layers.3.mlp.down_proj,1.3559022397695644
yelp_polarity@s1,model.layers.3.mlp.gate_proj,3.837504173829957
yelp_polarity@s1,model.layers.3.mlp.up_proj,3.131827880445016
yelp_polarity@s1,model.layers.3.self_attn.k_proj,0.08656480446640033
yelp_polarity@s1,model.layers.3.self_attn.o_proj,0.5303786526916213
yelp_polarity@s1,model.layers.3.self_attn.q_proj,0.751376904760917
yelp_polarity@s1,model.layers.3.self_attn.v_proj,0.07427034790537143
yelp_polarity@s1,model.layers.4.mlp.down_proj,1.7726536708293221
yelp_polarity@s1,model.layers.4.mlp.gate_proj,3.564871447538777
yelp_polarity@s1,model.layers.4.mlp.up_proj,2.7489833059294004
yelp_polarity@s1,model.layers.4.self_attn.k_proj,0.0853989756302279
yelp_polarity@s1,model.layers.4.self_attn.o_proj,0.5447188088419967
yelp_polarity@s1,model.layers.4.self_attn.q_proj,0.6709884176806732
yelp_polarity@s1,model.layers.4.self_attn.v_proj,0.1268246859043711
yelp_polarity@s1,model.layers.5.mlp.down_proj,1.2619416968602541
yelp_polarity@s1,model.layers.5.mlp.gate_proj,4.091177687117141
yelp_polarity@s1,model.layers.5.mlp.up_proj,2.6930327904882074
yelp_polarity@s1,model.layers.5.self_attn.k_proj,0.09707822289624704
yelp_polarity@s1,model.layers.5.self_attn.o_proj,0.4572034366509958
yelp_polarity@s1,model.layers.5.self_attn.q_proj,0.486243010819826
yelp_polarity@s1,model.layers.5.self_attn.v_proj,0.057037965704968635
yelp_polarity@s1,model.layers.6.mlp.down_proj,1.1377754566198328
yelp_polarity@s1,model.layers.6.mlp.gate_proj,3.8217698755240272
yelp_polarity@s1,model.layers.6.mlp.up_proj,2.58119070633294
yelp_polarity@s1,model.layers.6.self_attn.k_proj,0.08564785104389665
yelp_polarity@s1,model.layers.6.self_attn.o_proj,0.4509861679604996
yelp_polarity@s1,model.layers.6.self_attn.q_proj,0.5444857157591636
yelp_polarity@s1,model.layers.6.self_attn.v_proj,0.0662052180845508
yelp_polarity@s1,model.layers.7.mlp.down_proj,1.0072646163198247
yelp_polarity@s1,model.layers.7.mlp.gate_proj,3.623556581419324
yelp_polarity@s1,model.layers.7.mlp.up_proj,2.4428958267437713
yelp_polarity@s1,model.layers.7.self_attn.k_proj,0.09225322116107179
yelp_polarity@s1,model.layers.7.self_attn.o_proj,0.6845291467059165
yelp_polarity@s1,model.layers.7.self_attn.q_proj,0.7941521864477769
yelp_polarity@s1,model.layers.7.self_attn.v_proj,0.07120411766348951
yelp_polarity@s1,model.layers.8.mlp.down_proj,0.8515404735455846
yelp_polarity@s1,model.layers.8.mlp.gate_proj,3.952594006847024
yelp_polarity@s1,model.layers.8.mlp.up_proj,2.7667154544758983
yelp_polarity@s1,model.layers.8.self_attn.k_proj,0.06915805097035406
yelp_polarity@s1,model.layers.8.self_attn.o_proj,0.48344486047206303
yelp_polarity@s1,model.layers.8.self_attn.q_proj,0.5496809785663874
yelp_polarity@s1,model.layers.8.self_attn.v_proj,0.0829681337727765
yelp_polarity@s1,model.layers.9.mlp.down_proj,0.862379361738615
yelp_polarity@s1,model.layers.9.mlp.gate_proj,3.1514507772616667
yelp_polarity@s1,model.layers.9.mlp.up_proj,2.240990908983146
yelp_polarity@s1,model.layers.9.self_attn.k_proj,0.0766494097958119
yelp_polarity@s1,model.layers.9.self_attn.o_proj,0.44743652013873386
yelp_polarity@s1,model.layers.9.self_attn.q_proj,0.7156307580134847
yelp_polarity@s1,model.layers.9.self_attn.v_proj,0.052823130022893884
