adapter,layer,n2
ag_news@s0,roberta.encoder.layer.0.attention.output.dense,17.96552144016744
ag_news@s0,roberta.encoder.layer.0.attention.self.key,20.250234530405177
ag_news@s0,roberta.encoder.layer.0.attention.self.query,43.39797535543589
ag_news@s0,roberta.encoder.layer.0.attention.self.value,13.96794827338164
ag_news@s0,roberta.encoder.layer.0.intermediate.dense,68.85013939762288
ag_news@s0,roberta.encoder.layer.0.output.dense,22.742127309427097
ag_news@s0,roberta.encoder.layer.1.attention.output.dense,14.762134273338964
ag_news@s0,roberta.encoder.layer.1.attention.self.key,20.634487985804228
ag_news@s0,roberta.encoder.layer.1.attention.self.query,16.61151776628044
ag_news@s0,roberta.encoder.layer.1.attention.self.value,10.612357990755267
ag_news@s0,roberta.encoder.layer.1.intermediate.dense,62.39769881601184
ag_news@s0,roberta.encoder.layer.1.output.dense,18.87793518810679
ag_news@s0,roberta.encoder.layer.10.attention.output.dense,7.3731920169454135
ag_news@s0,roberta.encoder.layer.10.attention.self.key,33.182434859486165
ag_news@s0,roberta.encoder.layer.10.attention.self.query,80.51694086383925
ag_news@s0,roberta.encoder.layer.10.attention.self.value,7.463013479805212
ag_news@s0,roberta.encoder.layer.10.intermediate.dense,68.6100544533439
ag_news@s0,roberta.encoder.layer.10.output.dense,18.16437707217009
ag_news@s0,roberta.encoder.layer.11.attention.output.dense,5.500824318782385
ag_news@s0,roberta.encoder.layer.11.attention.self.key,27.305154792464794
ag_news@s0,roberta.encoder.layer.11.attention.self.query,60.09411267050146
ag_news@s0,roberta.encoder.layer.11.attention.self.value,4.407641632642295
ag_news@s0,roberta.encoder.layer.11.intermediate.dense,68.54588819582027
ag_news@s0,roberta.encoder.layer.11.output.dense,8.684396253280974
ag_news@s0,roberta.encoder.layer.2.attention.output.dense,16.305572734911124
ag_news@s0,roberta.encoder.layer.2.attention.self.key,27.53943787758616
ag_news@s0,roberta.encoder.layer.2.attention.self.query,18.925000637674472
ag_news@s0,roberta.encoder.layer.2.attention.self.value,8.5709102401802
ag_news@s0,roberta.encoder.layer.2.intermediate.dense,70.82009479702134
ag_news@s0,roberta.encoder.layer.2.output.dense,20.061323528434574
ag_news@s0,roberta.encoder.layer.3.attention.output.dense,9.973126561868428
ag_news@s0,roberta.encoder.layer.3.attention.self.key,22.79175801513687
ag_news@s0,roberta.encoder.layer.3.attention.self.query,19.118084925023574
ag_news@s0,roberta.encoder.layer.3.attention.self.value,9.109066186817428
ag_news@s0,roberta.encoder.layer.3.intermediate.dense,63.744605738390135
ag_news@s0,roberta.encoder.layer.3.output.dense,20.321063971490613
ag_news@s0,roberta.encoder.layer.4.attention.output.dense,8.71984859483714
ag_news@s0,roberta.encoder.layer.4.attention.self.key,19.389274345129074
ag_news@s0,roberta.encoder.layer.4.attention.self.query,22.447315413342135
ag_news@s0,roberta.encoder.layer.4.attention.self.value,9.616206178643704
ag_news@s0,roberta.encoder.layer.4.intermediate.dense,73.99168810824787
ag_news@s0,roberta.encoder.layer.4.output.dense,17.211490851797276
ag_news@s0,roberta.encoder.layer.5.attention.output.dense,6.4529263240190735
ag_news@s0,roberta.encoder.layer.5.attention.self.key,22.661532468660152
ag_news@s0,roberta.encoder.layer.5.attention.self.query,19.081384446264906
ag_news@s0,roberta.encoder.layer.5.attention.self.value,5.350439857682912
ag_news@s0,roberta.encoder.layer.5.intermediate.dense,71.56050767561092
ag_news@s0,roberta.encoder.layer.5.output.dense,17.525219310320775
ag_news@s0,roberta.encoder.layer.6.attention.output.dense,6.686509778936696
ag_news@s0,roberta.encoder.layer.6.attention.self.key,20.474031664539396
ag_news@s0,roberta.encoder.layer.6.attention.self.query,37.2509910109546
ag_news@s0,roberta.encoder.layer.6.attention.self.value,6.969710020087353
ag_news@s0,roberta.encoder.layer.6.intermediate.dense,77.93067730484424
ag_news@s0,roberta.encoder.layer.6.output.dense,28.191921786771918
ag_news@s0,roberta.encoder.layer.7.attention.output.dense,7.234782179617864
ag_news@s0,roberta.encoder.layer.7.attention.self.key,29.292919845373035
ag_news@s0,roberta.encoder.layer.7.attention.self.query,52.16514967375664
ag_news@s0,roberta.encoder.layer.7.attention.self.value,6.494407422458092
ag_news@s0,roberta.encoder.layer.7.intermediate.dense,86.99478421451695
ag_news@s0,roberta.encoder.layer.7.output.dense,25.006380076328483
ag_news@s0,roberta.encoder.layer.8.attention.output.dense,6.285422236709909
ag_news@s0,roberta.encoder.layer.8.attention.self.key,39.32069503983768
ag_news@s0,roberta.encoder.layer.8.attention.self.query,43.29070743281949
ag_news@s0,roberta.encoder.layer.8.attention.self.value,8.682413235532426
ag_news@s0,roberta.encoder.layer.8.intermediate.dense,72.53573973367918
ag_news@s0,roberta.encoder.layer.8.output.dense,25.521789107586834
ag_news@s0,roberta.encoder.layer.9.attention.output.dense,7.024109643304177
ag_news@s0,roberta.encoder.layer.9.attention.self.key,28.15277278568394
ag_news@s0,roberta.encoder.layer.9.attention.self.query,51.82315711930313
ag_news@s0,roberta.encoder.layer.9.attention.self.value,5.9346689561613575
ag_news@s0,roberta.encoder.layer.9.intermediate.dense,85.68309623287885
ag_news@s0,roberta.encoder.layer.9.output.dense,23.1879626185837
ag_news@s1,roberta.encoder.layer.0.attention.output.dense,16.222761626191122
ag_news@s1,roberta.encoder.layer.0.attention.self.key,33.272355958488916
ag_news@s1,roberta.encoder.layer.0.attention.self.query,35.67166377972429
ag_news@s1,roberta.encoder.layer.0.attention.self.value,16.337301606790675
ag_news@s1,roberta.encoder.layer.0.intermediate.dense,69.68302489304583
ag_news@s1,roberta.encoder.layer.0.output.dense,20.76357352217989
ag_news@s1,roberta.encoder.layer.1.attention.output.dense,14.769509171567808
ag_news@s1,roberta.encoder.layer.1.attention.self.key,23.501432647368183
ag_news@s1,roberta.encoder.layer.1.attention.self.query,24.535990630924104
ag_news@s1,roberta.encoder.layer.1.attention.self.value,10.003708866193334
ag_news@s1,roberta.encoder.layer.1.intermediate.dense,63.82688846605458
ag_news@s1,roberta.encoder.layer.1.output.dense,27.82066458329401
ag_news@s1,roberta.encoder.layer.10.attention.output.dense,5.035377323428965
ag_news@s1,roberta.encoder.layer.10.attention.self.key,32.94453755369655
ag_news@s1,roberta.encoder.layer.10.attention.self.query,45.86722390411368
ag_news@s1,roberta.encoder.layer.10.attention.self.value,5.989506757138038
ag_news@s1,roberta.encoder.layer.10.intermediate.dense,58.30414527476868
ag_news@s1,roberta.encoder.layer.10.output.dense,14.258451620508875
ag_news@s1,roberta.encoder.layer.11.attention.output.dense,6.260982632003605
ag_news@s1,roberta.encoder.layer.11.attention.self.key,31.228512944549898
ag_news@s1,roberta.encoder.layer.11.attention.self.query,55.80249233660589
ag_news@s1,roberta.encoder.layer.11.attention.self.value,5.575930126594784
ag_news@s1,roberta.encoder.layer.11.intermediate.dense,68.33975660927372
ag_news@s1,roberta.encoder.layer.11.output.dense,7.068526800746611
ag_news@s1,roberta.encoder.layer.2.attention.output.dense,15.666429549735966
ag_news@s1,roberta.encoder.layer.2.attention.self.key,17.83573832801086
ag_news@s1,roberta.encoder.layer.2.attention.self.query,30.797291266964358
ag_news@s1,roberta.encoder.layer.2.attention.self.value,9.969914253895624
ag_news@s1,roberta.encoder.layer.2.intermediate.dense,71.899986153728
ag_news@s1,roberta.encoder.layer.2.output.dense,31.128158023086147
ag_news@s1,roberta.encoder.layer.3.attention.output.dense,11.360506178507766
ag_news@s1,roberta.encoder.layer.3.attention.self.key,17.102200758988015
ag_news@s1,roberta.encoder.layer.3.attention.self.query,20.078152478978346
ag_news@s1,roberta.encoder.layer.3.attention.self.value,7.5220431354456645
ag_news@s1,roberta.encoder.layer.3.intermediate.dense,72.92255283808791
ag_news@s1,roberta.encoder.layer.3.output.dense,22.05289535554209
ag_news@s1,roberta.encoder.layer.4.attention.output.dense,9.83804253206902
ag_news@s1,roberta.encoder.layer.4.attention.self.key,23.962785673340505
ag_news@s1,roberta.encoder.layer.4.attention.self.query,21.47103124785305
ag_news@s1,roberta.encoder.layer.4.attention.self.value,6.76243579272547
ag_news@s1,roberta.encoder.layer.4.intermediate.dense,69.26981023022249
ag_news@s1,roberta.encoder.layer.4.output.dense,19.765207393494254
ag_news@s1,roberta.encoder.layer.5.attention.output.dense,6.708071666241466
ag_news@s1,roberta.encoder.layer.5.attention.self.key,20.377511512596406
ag_news@s1,roberta.encoder.layer.5.attention.self.query,17.294271401319108
ag_news@s1,roberta.encoder.layer.5.attention.self.value,5.152420067233618
ag_news@s1,roberta.encoder.layer.5.intermediate.dense,66.88284590610854
ag_news@s1,roberta.encoder.layer.5.output.dense,23.574816247887046
ag_news@s1,roberta.encoder.layer.6.attention.output.dense,6.944573930578867
ag_news@s1,roberta.encoder.layer.6.attention.self.key,30.796043309825738
ag_news@s1,roberta.encoder.layer.6.attention.self.query,39.06340247318951
ag_news@s1,roberta.encoder.layer.6.attention.self.value,5.8420199425464245
ag_news@s1,roberta.encoder.layer.6.intermediate.dense,62.863151990683605
ag_news@s1,roberta.encoder.layer.6.output.dense,20.12064384303401
ag_news@s1,roberta.encoder.layer.7.attention.output.dense,6.173255723771061
ag_news@s1,roberta.encoder.layer.7.attention.self.key,34.70186343640786
ag_news@s1,roberta.encoder.layer.7.attention.self.query,30.469178415349113
ag_news@s1,roberta.encoder.layer.7.attention.self.value,5.6229538090631515
ag_news@s1,roberta.encoder.layer.7.intermediate.dense,91.00213411703683
ag_news@s1,roberta.encoder.layer.7.output.dense,24.07606390761005
ag_news@s1,roberta.encoder.layer.8.attention.output.dense,5.307063904015028
ag_news@s1,roberta.encoder.layer.8.attention.self.key,31.521176153833824
ag_news@s1,roberta.encoder.layer.8.attention.self.query,35.51560757667232
ag_news@s1,roberta.encoder.layer.8.attention.self.value,8.537854050950566
ag_news@s1,roberta.encoder.layer.8.intermediate.dense,74.68205598551849
ag_news@s1,roberta.encoder.layer.8.output.dense,31.87017885448101
ag_news@s1,roberta.encoder.layer.9.attention.output.dense,7.361195914140757
ag_news@s1,roberta.encoder.layer.9.attention.self.key,29.486850275327466
ag_news@s1,roberta.encoder.layer.9.attention.self.query,28.403305165315064
ag_news@s1,roberta.encoder.layer.9.attention.self.value,6.404226864825578
ag_news@s1,roberta.encoder.layer.9.intermediate.dense,70.63369157609968
ag_news@s1,roberta.encoder.layer.9.output.dense,16.613594695885112
cola@s0,roberta.encoder.layer.0.attention.output.dense,5.90130616346274
cola@s0,roberta.encoder.layer.0.attention.self.key,6.069779030992351
cola@s0,roberta.encoder.layer.0.attention.self.query,8.456375079008943
cola@s0,roberta.encoder.layer.0.attention.self.value,5.426944726398583
cola@s0,roberta.encoder.layer.0.intermediate.dense,30.50245613373053
cola@s0,roberta.encoder.layer.0.output.dense,12.303971227573749
cola@s0,roberta.encoder.layer.1.attention.output.dense,5.474949775624516
cola@s0,roberta.encoder.layer.1.attention.self.key,6.553102712361891
cola@s0,roberta.encoder.layer.1.attention.self.query,7.225352042901898
cola@s0,roberta.encoder.layer.1.attention.self.value,3.542858758167533
cola@s0,roberta.encoder.layer.1.intermediate.dense,33.147462062878766
cola@s0,roberta.encoder.layer.1.output.dense,12.152768700251121
cola@s0,roberta.encoder.layer.10.attention.output.dense,10.619449059806117
cola@s0,roberta.encoder.layer.10.attention.self.key,12.42933555037149
cola@s0,roberta.encoder.layer.10.attention.self.query,25.419777746261396
cola@s0,roberta.encoder.layer.10.attention.self.value,1.6939417503532588
cola@s0,roberta.encoder.layer.10.intermediate.dense,21.559451682224967
cola@s0,roberta.encoder.layer.10.output.dense,2.1705149450579344
cola@s0,roberta.encoder.layer.11.attention.output.dense,4.899001472226027
cola@s0,roberta.encoder.layer.11.attention.self.key,11.67990156631758
cola@s0,roberta.encoder.layer.11.attention.self.query,25.902889226654352
cola@s0,roberta.encoder.layer.11.attention.self.value,4.039451629953289
cola@s0,roberta.encoder.layer.11.intermediate.dense,10.480536593416753
cola@s0,roberta.encoder.layer.11.output.dense,0.47802345102747
cola@s0,roberta.encoder.layer.2.attention.output.dense,6.56211024710512
cola@s0,roberta.encoder.layer.2.attention.self.key,6.322391538619793
cola@s0,roberta.encoder.layer.2.attention.self.query,5.276353282537208
cola@s0,roberta.encoder.layer.2.attention.self.value,3.5555336939601414
cola@s0,roberta.encoder.layer.2.intermediate.dense,23.09134910977956
cola@s0,roberta.encoder.layer.2.output.dense,10.84504888422691
cola@s0,roberta.encoder.layer.3.attention.output.dense,5.190457041366047
cola@s0,roberta.encoder.layer.3.attention.self.key,6.312544776724426
cola@s0,roberta.encoder.layer.3.attention.self.query,6.713923320248441
cola@s0,roberta.encoder.layer.3.attention.self.value,3.647866576949621
cola@s0,roberta.encoder.layer.3.intermediate.dense,32.49344679022152
cola@s0,roberta.encoder.layer.3.output.dense,10.40240378726349
cola@s0,roberta.encoder.layer.4.attention.output.dense,5.282909744275621
cola@s0,roberta.encoder.layer.4.attention.self.key,7.0885097177093455
cola@s0,roberta.encoder.layer.4.attention.self.query,6.46034773115969
cola@s0,roberta.encoder.layer.4.attention.self.value,3.768462257704383
cola@s0,roberta.encoder.layer.4.intermediate.dense,31.11784172046307
cola@s0,roberta.encoder.layer.4.output.dense,11.245682805618566
cola@s0,roberta.encoder.layer.5.attention.output.dense,5.692051281147689
cola@s0,roberta.encoder.layer.5.attention.self.key,7.996655198288017
cola@s0,roberta.encoder.layer.5.attention.self.query,6.120332678479849
cola@s0,roberta.encoder.layer.5.attention.self.value,3.345022883861451
cola@s0,roberta.encoder.layer.5.intermediate.dense,25.12103291126647
cola@s0,roberta.encoder.layer.5.output.dense,11.375390780738556
cola@s0,roberta.encoder.layer.6.attention.output.dense,5.385304595806788
cola@s0,roberta.encoder.layer.6.attention.self.key,8.167142948357313
cola@s0,roberta.encoder.layer.6.attention.self.query,12.527209102904813
cola@s0,roberta.encoder.layer.6.attention.self.value,3.6083127607103744
cola@s0,roberta.encoder.layer.6.intermediate.dense,31.80596052392893
cola@s0,roberta.encoder.layer.6.output.dense,10.631435624639753
cola@s0,roberta.encoder.layer.7.attention.output.dense,6.121596157393615
cola@s0,roberta.encoder.layer.7.attention.self.key,5.849438596113848
cola@s0,roberta.encoder.layer.7.attention.self.query,7.2410797006041285
cola@s0,roberta.encoder.layer.7.attention.self.value,3.805841900893948
cola@s0,roberta.encoder.layer.7.intermediate.dense,38.48867587944747
cola@s0,roberta.encoder.layer.7.output.dense,7.970652145633597
cola@s0,roberta.encoder.layer.8.attention.output.dense,5.760806823481111
cola@s0,roberta.encoder.layer.8.attention.self.key,9.88162574475541
cola@s0,roberta.encoder.layer.8.attention.self.query,6.732657736296185
cola@s0,roberta.encoder.layer.8.attention.self.value,2.885499581033374
cola@s0,roberta.encoder.layer.8.intermediate.dense,34.736740517366094
cola@s0,roberta.encoder.layer.8.output.dense,7.323949413002913
cola@s0,roberta.encoder.layer.9.attention.output.dense,5.530407783812876
cola@s0,roberta.encoder.layer.9.attention.self.key,10.584288911109986
cola@s0,roberta.encoder.layer.9.attention.self.query,12.116083504043917
cola@s0,roberta.encoder.layer.9.attention.self.value,2.635693252044439
cola@s0,roberta.encoder.layer.9.intermediate.dense,28.134784260677282
cola@s0,roberta.encoder.layer.9.output.dense,12.280501405842326
cola@s1,roberta.encoder.layer.0.attention.output.dense,6.063113246348741
cola@s1,roberta.encoder.layer.0.attention.self.key,9.33246577235484
cola@s1,roberta.encoder.layer.0.attention.self.query,7.598214679242213
cola@s1,roberta.encoder.layer.0.attention.self.value,5.40400592946149
cola@s1,roberta.encoder.layer.0.intermediate.dense,28.267666683456934
cola@s1,roberta.encoder.layer.0.output.dense,13.298208974178241
cola@s1,roberta.encoder.layer.1.attention.output.dense,5.722172125687461
cola@s1,roberta.encoder.layer.1.attention.self.key,6.956947431994637
cola@s1,roberta.encoder.layer.1.attention.self.query,9.968893709659982
cola@s1,roberta.encoder.layer.1.attention.self.value,3.745285601245978
cola@s1,roberta.encoder.layer.1.intermediate.dense,39.777458438756554
cola@s1,roberta.encoder.layer.1.output.dense,13.75646124876127
cola@s1,roberta.encoder.layer.10.attention.output.dense,5.237083910274143
cola@s1,roberta.encoder.layer.10.attention.self.key,9.35690093026463
cola@s1,roberta.encoder.layer.10.attention.self.query,22.42435666149973
cola@s1,roberta.encoder.layer.10.attention.self.value,1.534985656985945
cola@s1,roberta.encoder.layer.10.intermediate.dense,29.180353796007026
cola@s1,roberta.encoder.layer.10.output.dense,4.956875590773323
cola@s1,roberta.encoder.layer.11.attention.output.dense,4.4246010481115015
cola@s1,roberta.encoder.layer.11.attention.self.key,12.911721917003677
cola@s1,roberta.encoder.layer.11.attention.self.query,32.097094651937866
cola@s1,roberta.encoder.layer.11.attention.self.value,5.058484386432598
cola@s1,roberta.encoder.layer.11.intermediate.dense,5.508493540532317
cola@s1,roberta.encoder.layer.11.output.dense,0.3503541626941494
cola@s1,roberta.encoder.layer.2.attention.output.dense,6.50881392403956
cola@s1,roberta.encoder.layer.2.attention.self.key,7.2385738318598705
cola@s1,roberta.encoder.layer.2.attention.self.query,7.058789354564851
cola@s1,roberta.encoder.layer.2.attention.self.value,2.9678346071998747
cola@s1,roberta.encoder.layer.2.intermediate.dense,30.08178889335113
cola@s1,roberta.encoder.layer.2.output.dense,12.242498609072147
cola@s1,roberta.encoder.layer.3.attention.output.dense,5.501955672160043
cola@s1,roberta.encoder.layer.3.attention.self.key,5.945575554417611
cola@s1,roberta.encoder.layer.3.attention.self.query,9.859839162589585
cola@s1,roberta.encoder.layer.3.attention.self.value,4.171348541170938
cola@s1,roberta.encoder.layer.3.intermediate.dense,35.13414665042039
cola@s1,roberta.encoder.layer.3.output.dense,8.628281441727061
cola@s1,roberta.encoder.layer.4.attention.output.dense,6.029079803757245
cola@s1,roberta.encoder.layer.4.attention.self.key,6.266547308294028
cola@s1,roberta.encoder.layer.4.attention.self.query,6.42522578679224
cola@s1,roberta.encoder.layer.4.attention.self.value,3.7952279186312583
cola@s1,roberta.encoder.layer.4.intermediate.dense,32.14238372974036
cola@s1,roberta.encoder.layer.4.output.dense,9.944209607024344
cola@s1,roberta.encoder.layer.5.attention.output.dense,4.641622331643891
cola@s1,roberta.encoder.layer.5.attention.self.key,6.205363292586624
cola@s1,roberta.encoder.layer.5.attention.self.query,7.785619104607633
cola@s1,roberta.encoder.layer.5.attention.self.value,3.526916454920993
cola@s1,roberta.encoder.layer.5.intermediate.dense,35.93486172935296
cola@s1,roberta.encoder.layer.5.output.dense,11.819858965373978
cola@s1,roberta.encoder.layer.6.attention.output.dense,5.9736064151968
cola@s1,roberta.encoder.layer.6.attention.self.key,9.7423036161144
cola@s1,roberta.encoder.layer.6.attention.self.query,15.748246556144661
cola@s1,roberta.encoder.layer.6.attention.self.value,3.7058072466669985
cola@s1,roberta.encoder.layer.6.intermediate.dense,37.51501360434915
cola@s1,roberta.encoder.layer.6.output.dense,12.586521255047245
cola@s1,roberta.encoder.layer.7.attention.output.dense,5.191904825278519
cola@s1,roberta.encoder.layer.7.attention.self.key,8.662661693294021
cola@s1,roberta.encoder.layer.7.attention.self.query,6.5579486732576795
cola@s1,roberta.encoder.layer.7.attention.self.value,4.879912452693331
cola@s1,roberta.encoder.layer.7.intermediate.dense,36.85712369385752
cola@s1,roberta.encoder.layer.7.output.dense,11.972230824708884
cola@s1,roberta.encoder.layer.8.attention.output.dense,6.686523896449024
cola@s1,roberta.encoder.layer.8.attention.self.key,9.339313824204277
cola@s1,roberta.encoder.layer.8.attention.self.query,7.550428381897994
cola@s1,roberta.encoder.layer.8.attention.self.value,3.8641057756144708
cola@s1,roberta.encoder.layer.8.intermediate.dense,37.38217857443189
cola@s1,roberta.encoder.layer.8.output.dense,10.891365460394104
cola@s1,roberta.encoder.layer.9.attention.output.dense,5.0250392199177405
cola@s1,roberta.encoder.layer.9.attention.self.key,8.232283018651252
cola@s1,roberta.encoder.layer.9.attention.self.query,12.13506974037326
cola@s1,roberta.encoder.layer.9.attention.self.value,2.600380891549912
cola@s1,roberta.encoder.layer.9.intermediate.dense,24.05070718670849
cola@s1,roberta.encoder.layer.9.output.dense,11.61849895362548
imdb@s0,roberta.encoder.layer.0.attention.output.dense,4.201046975319373
imdb@s0,roberta.encoder.layer.0.attention.self.key,8.826618989510035
imdb@s0,roberta.encoder.layer.0.attention.self.query,7.8661417641873825
imdb@s0,roberta.encoder.layer.0.attention.self.value,7.4819901543907275
imdb@s0,roberta.encoder.layer.0.intermediate.dense,23.793547953317347
imdb@s0,roberta.encoder.layer.0.output.dense,9.566600979934703
imdb@s0,roberta.encoder.layer.1.attention.output.dense,4.509706129063711
imdb@s0,roberta.encoder.layer.1.attention.self.key,6.062535789563556
imdb@s0,roberta.encoder.layer.1.attention.self.query,15.415817830512564
imdb@s0,roberta.encoder.layer.1.attention.self.value,3.5310398987908913
imdb@s0,roberta.encoder.layer.1.intermediate.dense,21.60389862155678
imdb@s0,roberta.encoder.layer.1.output.dense,6.959707618681087
imdb@s0,roberta.encoder.layer.10.attention.output.dense,1.5957320068933534
imdb@s0,roberta.encoder.layer.10.attention.self.key,9.793557993567337
imdb@s0,roberta.encoder.layer.10.attention.self.query,17.56083504145665
imdb@s0,roberta.encoder.layer.10.attention.self.value,1.737448995447684
imdb@s0,roberta.encoder.layer.10.intermediate.dense,13.355726491722475
imdb@s0,roberta.encoder.layer.10.output.dense,1.7798429321685472
imdb@s0,roberta.encoder.layer.11.attention.output.dense,2.0711975527725057
imdb@s0,roberta.encoder.layer.11.attention.self.key,19.781401008485126
imdb@s0,roberta.encoder.layer.11.attention.self.query,21.857733425045467
imdb@s0,roberta.encoder.layer.11.attention.self.value,0.9101107018308437
imdb@s0,roberta.encoder.layer.11.intermediate.dense,8.976628681036567
imdb@s0,roberta.encoder.layer.11.output.dense,0.9896884851263992
imdb@s0,roberta.encoder.layer.2.attention.output.dense,4.303754565776146
imdb@s0,roberta.encoder.layer.2.attention.self.key,7.455717040451844
imdb@s0,roberta.encoder.layer.2.attention.self.query,8.590809883383068
imdb@s0,roberta.encoder.layer.2.attention.self.value,3.0978121415251736
imdb@s0,roberta.encoder.layer.2.intermediate.dense,17.726970756603556
imdb@s0,roberta.encoder.layer.2.output.dense,5.618823161276775
imdb@s0,roberta.encoder.layer.3.attention.output.dense,3.5346439135102976
imdb@s0,roberta.encoder.layer.3.attention.self.key,6.965898877580935
imdb@s0,roberta.encoder.layer.3.attention.self.query,8.786015870333896
imdb@s0,roberta.encoder.layer.3.attention.self.value,2.251686844668569
imdb@s0,roberta.encoder.layer.3.intermediate.dense,23.734502955349804
imdb@s0,roberta.encoder.layer.3.output.dense,5.252322388554006
imdb@s0,roberta.encoder.layer.4.attention.output.dense,3.137088406657454
imdb@s0,roberta.encoder.layer.4.attention.self.key,6.065395023727007
imdb@s0,roberta.encoder.layer.4.attention.self.query,7.764983640408258
imdb@s0,roberta.encoder.layer.4.attention.self.value,2.8028682636074063
imdb@s0,roberta.encoder.layer.4.intermediate.dense,19.197469410542084
imdb@s0,roberta.encoder.layer.4.output.dense,6.356449900134124
imdb@s0,roberta.encoder.layer.5.attention.output.dense,2.995533370417344
imdb@s0,roberta.encoder.layer.5.attention.self.key,5.969912888785689
imdb@s0,roberta.encoder.layer.5.attention.self.query,9.906877751896724
imdb@s0,roberta.encoder.layer.5.attention.self.value,1.8581251200616553
imdb@s0,roberta.encoder.layer.5.intermediate.dense,18.987963672085726
imdb@s0,roberta.encoder.layer.5.output.dense,6.963690798332913
imdb@s0,roberta.encoder.layer.6.attention.output.dense,3.940436265405281
imdb@s0,roberta.encoder.layer.6.attention.self.key,4.8111827919749395
imdb@s0,roberta.encoder.layer.6.attention.self.query,9.781805675096134
imdb@s0,roberta.encoder.layer.6.attention.self.value,2.4584503424266546
imdb@s0,roberta.encoder.layer.6.intermediate.dense,28.615390631972986
imdb@s0,roberta.encoder.layer.6.output.dense,5.047838252780352
imdb@s0,roberta.encoder.layer.7.attention.output.dense,5.577819539836901
imdb@s0,roberta.encoder.layer.7.attention.self.key,10.459330567713774
imdb@s0,roberta.encoder.layer.7.attention.self.query,15.11028402415817
imdb@s0,roberta.encoder.layer.7.attention.self.value,2.2102754215930682
imdb@s0,roberta.encoder.layer.7.intermediate.dense,30.32064405666598
imdb@s0,roberta.encoder.layer.7.output.dense,6.197722689177309
imdb@s0,roberta.encoder.layer.8.attention.output.dense,2.4666274720220276
imdb@s0,roberta.encoder.layer.8.attention.self.key,14.766288686189457
imdb@s0,roberta.encoder.layer.8.attention.self.query,20.154912116884972
imdb@s0,roberta.encoder.layer.8.attention.self.value,2.50801504552909
imdb@s0,roberta.encoder.layer.8.intermediate.dense,27.84249723965306
imdb@s0,roberta.encoder.layer.8.output.dense,4.6603671922864605
imdb@s0,roberta.encoder.layer.9.attention.output.dense,2.3199479351830625
imdb@s0,roberta.encoder.layer.9.attention.self.key,12.284537255924837
imdb@s0,roberta.encoder.layer.9.attention.self.query,10.915029729555698
imdb@s0,roberta.encoder.layer.9.attention.self.value,1.7264733281664193
imdb@s0,roberta.encoder.layer.9.intermediate.dense,20.613920327690362
imdb@s0,roberta.encoder.layer.9.output.dense,4.551534384809624
imdb@s1,roberta.encoder.layer.0.attention.output.dense,3.854894526728363
imdb@s1,roberta.encoder.layer.0.attention.self.key,10.374011204134257
imdb@s1,roberta.encoder.layer.0.attention.self.query,6.980129590016599
imdb@s1,roberta.encoder.layer.0.attention.self.value,4.842772879534518
imdb@s1,roberta.encoder.layer.0.intermediate.dense,24.538457975023135
imdb@s1,roberta.encoder.layer.0.output.dense,7.443823448955538
imdb@s1,roberta.encoder.layer.1.attention.output.dense,4.18812854142252
imdb@s1,roberta.encoder.layer.1.attention.self.key,8.408598350924434
imdb@s1,roberta.encoder.layer.1.attention.self.query,10.128752687196554
imdb@s1,roberta.encoder.layer.1.attention.self.value,3.483352510129334
imdb@s1,roberta.encoder.layer.1.intermediate.dense,24.087928230238695
imdb@s1,roberta.encoder.layer.1.output.dense,6.8370781119279345
imdb@s1,roberta.encoder.layer.10.attention.output.dense,2.159147593733891
imdb@s1,roberta.encoder.layer.10.attention.self.key,8.358325998599012
imdb@s1,roberta.encoder.layer.10.attention.self.query,18.442396944124894
imdb@s1,roberta.encoder.layer.10.attention.self.value,1.4932972725988978
imdb@s1,roberta.encoder.layer.10.intermediate.dense,7.674398747874477
imdb@s1,roberta.encoder.layer.10.output.dense,1.374002868870165
imdb@s1,roberta.encoder.layer.11.attention.output.dense,2.9447415207834884
imdb@s1,roberta.encoder.layer.11.attention.self.key,17.7657789982809
imdb@s1,roberta.encoder.layer.11.attention.self.query,9.920454573254194
imdb@s1,roberta.encoder.layer.11.attention.self.value,1.357905249395621
imdb@s1,roberta.encoder.layer.11.intermediate.dense,7.515544865366643
imdb@s1,roberta.encoder.layer.11.output.dense,0.670963203699161
imdb@s1,roberta.encoder.layer.2.attention.output.dense,4.486415397833205
imdb@s1,roberta.encoder.layer.2.attention.self.key,6.319352096490736
imdb@s1,roberta.encoder.layer.2.attention.self.query,6.903107620544604
imdb@s1,roberta.encoder.layer.2.attention.self.value,3.1079200214512746
imdb@s1,roberta.encoder.layer.2.intermediate.dense,24.518188870646135
imdb@s1,roberta.encoder.layer.2.output.dense,7.065506403231771
imdb@s1,roberta.encoder.layer.3.attention.output.dense,3.3673841904257866
imdb@s1,roberta.encoder.layer.3.attention.self.key,7.150945487740216
imdb@s1,roberta.encoder.layer.3.attention.self.query,6.232892012676183
imdb@s1,roberta.encoder.layer.3.attention.self.value,3.510062126352213
imdb@s1,roberta.encoder.layer.3.intermediate.dense,21.41665092335836
imdb@s1,roberta.encoder.layer.3.output.dense,4.47138987668442
imdb@s1,roberta.encoder.layer.4.attention.output.dense,2.745366566396826
imdb@s1,roberta.encoder.layer.4.attention.self.key,6.237623848690655
imdb@s1,roberta.encoder.layer.4.attention.self.query,7.575139763152839
imdb@s1,roberta.encoder.layer.4.attention.self.value,2.222011736245897
imdb@s1,roberta.encoder.layer.4.intermediate.dense,20.72629043335816
imdb@s1,roberta.encoder.layer.4.output.dense,4.4249390545888785
imdb@s1,roberta.encoder.layer.5.attention.output.dense,2.5466203678267365
imdb@s1,roberta.encoder.layer.5.attention.self.key,6.375712506941858
imdb@s1,roberta.encoder.layer.5.attention.self.query,5.052233194671141
imdb@s1,roberta.encoder.layer.5.attention.self.value,2.1085830076584546
imdb@s1,roberta.encoder.layer.5.intermediate.dense,20.14694475842154
imdb@s1,roberta.encoder.layer.5.output.dense,7.13618110817422
imdb@s1,roberta.encoder.layer.6.attention.output.dense,3.76566713956403
imdb@s1,roberta.encoder.layer.6.attention.self.key,5.456494239368287
imdb@s1,roberta.encoder.layer.6.attention.self.query,10.785245359423676
imdb@s1,roberta.encoder.layer.6.attention.self.value,2.914471200562465
imdb@s1,roberta.encoder.layer.6.intermediate.dense,24.536515919040298
imdb@s1,roberta.encoder.layer.6.output.dense,5.665489931479133
imdb@s1,roberta.encoder.layer.7.attention.output.dense,5.467857222138068
imdb@s1,roberta.encoder.layer.7.attention.self.key,8.707233760565536
imdb@s1,roberta.encoder.layer.7.attention.self.query,17.12865616905509
imdb@s1,roberta.encoder.layer.7.attention.self.value,3.1859978602191794
imdb@s1,roberta.encoder.layer.7.intermediate.dense,30.062069323769308
imdb@s1,roberta.encoder.layer.7.output.dense,3.7567325764585995
imdb@s1,roberta.encoder.layer.8.attention.output.dense,3.313918784948757
imdb@s1,roberta.encoder.layer.8.attention.self.key,10.13674516849388
imdb@s1,roberta.encoder.layer.8.attention.self.query,15.264408352192147
imdb@s1,roberta.encoder.layer.8.attention.self.value,2.4433629300952497
imdb@s1,roberta.encoder.layer.8.intermediate.dense,30.134563947174566
imdb@s1,roberta.encoder.layer.8.output.dense,4.398569743757712
imdb@s1,roberta.encoder.layer.9.attention.output.dense,2.7046048537651366
imdb@s1,roberta.encoder.layer.9.attention.self.key,11.68923179003638
imdb@s1,roberta.encoder.layer.9.attention.self.query,8.032963329292121
imdb@s1,roberta.encoder.layer.9.attention.self.value,1.945607111030399
imdb@s1,roberta.encoder.layer.9.intermediate.dense,23.183754197725914
imdb@s1,roberta.encoder.layer.9.output.dense,2.9530425451750406
mnli@s0,roberta.encoder.layer.0.attention.output.dense,40.47108038680586
mnli@s0,roberta.encoder.layer.0.attention.self.key,134.4908568749152
mnli@s0,roberta.encoder.layer.0.attention.self.query,130.19244652564728
mnli@s0,roberta.encoder.layer.0.attention.self.value,40.02176940085318
mnli@s0,roberta.encoder.layer.0.intermediate.dense,245.6446322304419
mnli@s0,roberta.encoder.layer.0.output.dense,144.5625531845625
mnli@s0,roberta.encoder.layer.1.attention.output.dense,46.62028081773753
mnli@s0,roberta.encoder.layer.1.attention.self.key,93.81695848408133
mnli@s0,roberta.encoder.layer.1.attention.self.query,85.37238567219335
mnli@s0,roberta.encoder.layer.1.attention.self.value,40.54690521825759
mnli@s0,roberta.encoder.layer.1.intermediate.dense,227.46847685503687
mnli@s0,roberta.encoder.layer.1.output.dense,138.88869834858892
mnli@s0,roberta.encoder.layer.10.attention.output.dense,24.9546562246107
mnli@s0,roberta.encoder.layer.10.attention.self.key,167.4417407721237
mnli@s0,roberta.encoder.layer.10.attention.self.query,341.9271143502807
mnli@s0,roberta.encoder.layer.10.attention.self.value,48.824667112146706
mnli@s0,roberta.encoder.layer.10.intermediate.dense,368.011987492675
mnli@s0,roberta.encoder.layer.10.output.dense,44.555529517128086
mnli@s0,roberta.encoder.layer.11.attention.output.dense,16.092067473413938
mnli@s0,roberta.encoder.layer.11.attention.self.key,141.6740318063813
mnli@s0,roberta.encoder.layer.11.attention.self.query,282.61492592963225
mnli@s0,roberta.encoder.layer.11.attention.self.value,22.601984104466684
mnli@s0,roberta.encoder.layer.11.intermediate.dense,195.01460814614632
mnli@s0,roberta.encoder.layer.11.output.dense,21.264085226980605
mnli@s0,roberta.encoder.layer.2.attention.output.dense,51.42277572021155
mnli@s0,roberta.encoder.layer.2.attention.self.key,81.83671995353599
mnli@s0,roberta.encoder.layer.2.attention.self.query,82.37365358235702
mnli@s0,roberta.encoder.layer.2.attention.self.value,41.21062851249725
mnli@s0,roberta.encoder.layer.2.intermediate.dense,212.3399240235114
mnli@s0,roberta.encoder.layer.2.output.dense,124.14053616261856
mnli@s0,roberta.encoder.layer.3.attention.output.dense,45.40336663502646
mnli@s0,roberta.encoder.layer.3.attention.self.key,86.64482208179305
mnli@s0,roberta.encoder.layer.3.attention.self.query,86.78209433784951
mnli@s0,roberta.encoder.layer.3.attention.self.value,43.88886359901519
mnli@s0,roberta.encoder.layer.3.intermediate.dense,228.93743866538438
mnli@s0,roberta.encoder.layer.3.output.dense,129.7271412075793
mnli@s0,roberta.encoder.layer.4.attention.output.dense,42.325888804593184
mnli@s0,roberta.encoder.layer.4.attention.self.key,89.3501800083301
mnli@s0,roberta.encoder.layer.4.attention.self.query,79.48280177409703
mnli@s0,roberta.encoder.layer.4.attention.self.value,50.91016828602774
mnli@s0,roberta.encoder.layer.4.intermediate.dense,219.99435044144394
mnli@s0,roberta.encoder.layer.4.output.dense,133.16318379207118
mnli@s0,roberta.encoder.layer.5.attention.output.dense,51.01308908916984
mnli@s0,roberta.encoder.layer.5.attention.self.key,86.83566023592434
mnli@s0,roberta.encoder.layer.5.attention.self.query,82.7117365415539
mnli@s0,roberta.encoder.layer.5.attention.self.value,48.21131590982453
mnli@s0,roberta.encoder.layer.5.intermediate.dense,228.11802752536877
mnli@s0,roberta.encoder.layer.5.output.dense,140.6036861568263
mnli@s0,roberta.encoder.layer.6.attention.output.dense,52.28740511787479
mnli@s0,roberta.encoder.layer.6.attention.self.key,99.41894942112694
mnli@s0,roberta.encoder.layer.6.attention.self.query,104.5522821337038
mnli@s0,roberta.encoder.layer.6.attention.self.value,68.14865841086704
mnli@s0,roberta.encoder.layer.6.intermediate.dense,315.6762215032332
mnli@s0,roberta.encoder.layer.6.output.dense,160.01135737927115
mnli@s0,roberta.encoder.layer.7.attention.output.dense,53.79933718085301
mnli@s0,roberta.encoder.layer.7.attention.self.key,109.79688688386622
mnli@s0,roberta.encoder.layer.7.attention.self.query,157.43365595957948
mnli@s0,roberta.encoder.layer.7.attention.self.value,63.29961891770336
mnli@s0,roberta.encoder.layer.7.intermediate.dense,364.67078202212025
mnli@s0,roberta.encoder.layer.7.output.dense,182.77929828391845
mnli@s0,roberta.encoder.layer.8.attention.output.dense,58.593778413195
mnli@s0,roberta.encoder.layer.8.attention.self.key,161.63361875359345
mnli@s0,roberta.encoder.layer.8.attention.self.query,182.76636201985437
mnli@s0,roberta.encoder.layer.8.attention.self.value,62.723524072268035
mnli@s0,roberta.encoder.layer.8.intermediate.dense,436.16701781576273
mnli@s0,roberta.encoder.layer.8.output.dense,223.6312238906072
mnli@s0,roberta.encoder.layer.9.attention.output.dense,47.163771384536346
mnli@s0,roberta.encoder.layer.9.attention.self.key,138.1816657215262
mnli@s0,roberta.encoder.layer.9.attention.self.query,169.18605956491538
mnli@s0,roberta.encoder.layer.9.attention.self.value,70.88440075723985
mnli@s0,roberta.encoder.layer.9.intermediate.dense,423.2712342117562
mnli@s0,roberta.encoder.layer.9.output.dense,121.04345737725873
mnli@s1,roberta.encoder.layer.0.attention.output.dense,37.92091478908077
mnli@s1,roberta.encoder.layer.0.attention.self.key,125.53495096550871
mnli@s1,roberta.encoder.layer.0.attention.self.query,118.70268267430998
mnli@s1,roberta.encoder.layer.0.attention.self.value,40.71038453678533
mnli@s1,roberta.encoder.layer.0.intermediate.dense,254.14052830356948
mnli@s1,roberta.encoder.layer.0.output.dense,147.93101486294992
mnli@s1,roberta.encoder.layer.1.attention.output.dense,41.78851420155547
mnli@s1,roberta.encoder.layer.1.attention.self.key,100.67588313187406
mnli@s1,roberta.encoder.layer.1.attention.self.query,85.50299990027142
mnli@s1,roberta.encoder.layer.1.attention.self.value,37.98689278392813
mnli@s1,roberta.encoder.layer.1.intermediate.dense,235.21454223230128
mnli@s1,roberta.encoder.layer.1.output.dense,139.22345724946376
mnli@s1,roberta.encoder.layer.10.attention.output.dense,25.636051281142194
mnli@s1,roberta.encoder.layer.10.attention.self.key,187.17473117446767
mnli@s1,roberta.encoder.layer.10.attention.self.query,243.42670721092634
mnli@s1,roberta.encoder.layer.10.attention.self.value,45.78505653662633
mnli@s1,roberta.encoder.layer.10.intermediate.dense,373.50335612178776
mnli@s1,roberta.encoder.layer.10.output.dense,42.743561695895664
mnli@s1,roberta.encoder.layer.11.attention.output.dense,18.741692115027018
mnli@s1,roberta.encoder.layer.11.attention.self.key,148.47848542870733
mnli@s1,roberta.encoder.layer.11.attention.self.query,267.3865215513131
mnli@s1,roberta.encoder.layer.11.attention.self.value,24.698709426850563
mnli@s1,roberta.encoder.layer.11.intermediate.dense,193.27290049066437
mnli@s1,roberta.encoder.layer.11.output.dense,24.930194301781217
mnli@s1,roberta.encoder.layer.2.attention.output.dense,51.19447620496307
mnli@s1,roberta.encoder.layer.2.attention.self.key,91.7133700458457
mnli@s1,roberta.encoder.layer.2.attention.self.query,74.58156678628599
mnli@s1,roberta.encoder.layer.2.attention.self.value,44.26384485072951
mnli@s1,roberta.encoder.layer.2.intermediate.dense,218.89419955487043
mnli@s1,roberta.encoder.layer.2.output.dense,133.70110563555465
mnli@s1,roberta.encoder.layer.3.attention.output.dense,43.987033898395204
mnli@s1,roberta.encoder.layer.3.attention.self.key,86.50871485766247
mnli@s1,roberta.encoder.layer.3.attention.self.query,87.80301875910172
mnli@s1,roberta.encoder.layer.3.attention.self.value,41.493879424385355
mnli@s1,roberta.encoder.layer.3.intermediate.dense,221.6864199148447
mnli@s1,roberta.encoder.layer.3.output.dense,134.4950636970327
mnli@s1,roberta.encoder.layer.4.attention.output.dense,43.21929261777096
mnli@s1,roberta.encoder.layer.4.attention.self.key,87.91334907519541
mnli@s1,roberta.encoder.layer.4.attention.self.query,79.29178690021318
mnli@s1,roberta.encoder.layer.4.attention.self.value,42.00771009019704
mnli@s1,roberta.encoder.layer.4.intermediate.dense,213.60241812433577
mnli@s1,roberta.encoder.layer.4.output.dense,132.67310817405007
mnli@s1,roberta.encoder.layer.5.attention.output.dense,50.11581047854811
mnli@s1,roberta.encoder.layer.5.attention.self.key,87.66607729918036
mnli@s1,roberta.encoder.layer.5.attention.self.query,86.42639787952332
mnli@s1,roberta.encoder.layer.5.attention.self.value,50.74244300007014
mnli@s1,roberta.encoder.layer.5.intermediate.dense,246.28075835851178
mnli@s1,roberta.encoder.layer.5.output.dense,147.48625975762002
mnli@s1,roberta.encoder.layer.6.attention.output.dense,50.36728986780488
mnli@s1,roberta.encoder.layer.6.attention.self.key,100.61574239448558
mnli@s1,roberta.encoder.layer.6.attention.self.query,103.77183939825673
mnli@s1,roberta.encoder.layer.6.attention.self.value,58.704299138922806
mnli@s1,roberta.encoder.layer.6.intermediate.dense,302.2820591603225
mnli@s1,roberta.encoder.layer.6.output.dense,163.30159511088146
mnli@s1,roberta.encoder.layer.7.attention.output.dense,49.26960594017453
mnli@s1,roberta.encoder.layer.7.attention.self.key,111.11677070583885
mnli@s1,roberta.encoder.layer.7.attention.self.query,190.02228420601105
mnli@s1,roberta.encoder.layer.7.attention.self.value,66.19656045845747
mnli@s1,roberta.encoder.layer.7.intermediate.dense,410.13744856678744
mnli@s1,roberta.encoder.layer.7.output.dense,190.57503924809518
mnli@s1,roberta.encoder.layer.8.attention.output.dense,60.745701664415115
mnli@s1,roberta.encoder.layer.8.attention.self.key,160.2442142990438
mnli@s1,roberta.encoder.layer.8.attention.self.query,212.951058329948
mnli@s1,roberta.encoder.layer.8.attention.self.value,60.53516551466682
mnli@s1,roberta.encoder.layer.8.intermediate.dense,431.64924757769813
mnli@s1,roberta.encoder.layer.8.output.dense,190.35526741033394
mnli@s1,roberta.encoder.layer.9.attention.output.dense,40.535049667010895
mnli@s1,roberta.encoder.layer.9.attention.self.key,173.77301589052615
mnli@s1,roberta.encoder.layer.9.attention.self.query,241.12646676807177
mnli@s1,roberta.encoder.layer.9.attention.self.value,71.19198799521772
mnli@s1,roberta.encoder.layer.9.intermediate.dense,442.5073463357029
mnli@s1,roberta.encoder.layer.9.output.dense,104.60252284471596
mrpc@s0,roberta.encoder.layer.0.attention.output.dense,1.5057642432643699
mrpc@s0,roberta.encoder.layer.0.attention.self.key,1.877145898732299
mrpc@s0,roberta.encoder.layer.0.attention.self.query,2.1096919645822094
mrpc@s0,roberta.encoder.layer.0.attention.self.value,1.53290117159876
mrpc@s0,roberta.encoder.layer.0.intermediate.dense,8.844746469371206
mrpc@s0,roberta.encoder.layer.0.output.dense,3.523979077749824
mrpc@s0,roberta.encoder.layer.1.attention.output.dense,1.5140456162033251
mrpc@s0,roberta.encoder.layer.1.attention.self.key,2.9714024737669695
mrpc@s0,roberta.encoder.layer.1.attention.self.query,2.3779796821446193
mrpc@s0,roberta.encoder.layer.1.attention.self.value,1.131353126536525
mrpc@s0,roberta.encoder.layer.1.intermediate.dense,9.72666352562144
mrpc@s0,roberta.encoder.layer.1.output.dense,2.635948645874648
mrpc@s0,roberta.encoder.layer.10.attention.output.dense,0.759872502867837
mrpc@s0,roberta.encoder.layer.10.attention.self.key,2.659333738711184
mrpc@s0,roberta.encoder.layer.10.attention.self.query,1.9929606406843847
mrpc@s0,roberta.encoder.layer.10.attention.self.value,0.4088862761752336
mrpc@s0,roberta.encoder.layer.10.intermediate.dense,3.1042089624184155
mrpc@s0,roberta.encoder.layer.10.output.dense,0.5480791348645594
mrpc@s0,roberta.encoder.layer.11.attention.output.dense,1.3753566600691176
mrpc@s0,roberta.encoder.layer.11.attention.self.key,5.594801640270148
mrpc@s0,roberta.encoder.layer.11.attention.self.query,9.568388065245557
mrpc@s0,roberta.encoder.layer.11.attention.self.value,0.530400233132262
mrpc@s0,roberta.encoder.layer.11.intermediate.dense,3.8497307860589594
mrpc@s0,roberta.encoder.layer.11.output.dense,0.40805525037906876
mrpc@s0,roberta.encoder.layer.2.attention.output.dense,1.948751448486827
mrpc@s0,roberta.encoder.layer.2.attention.self.key,1.6142793636286399
mrpc@s0,roberta.encoder.layer.2.attention.self.query,1.6010501314671028
mrpc@s0,roberta.encoder.layer.2.attention.self.value,1.1014036210207638
mrpc@s0,roberta.encoder.layer.2.intermediate.dense,7.6296140802648384
mrpc@s0,roberta.encoder.layer.2.output.dense,2.7168526407049005
mrpc@s0,roberta.encoder.layer.3.attention.output.dense,1.3294969998545585
mrpc@s0,roberta.encoder.layer.3.attention.self.key,3.06816630886699
mrpc@s0,roberta.encoder.layer.3.attention.self.query,2.460557249419022
mrpc@s0,roberta.encoder.layer.3.attention.self.value,0.8735073407881052
mrpc@s0,roberta.encoder.layer.3.intermediate.dense,7.5446956886308545
mrpc@s0,roberta.encoder.layer.3.output.dense,2.5317702116476024
mrpc@s0,roberta.encoder.layer.4.attention.output.dense,1.4053688817138683
mrpc@s0,roberta.encoder.layer.4.attention.self.key,2.58029577969093
mrpc@s0,roberta.encoder.layer.4.attention.self.query,2.1986869021086894
mrpc@s0,roberta.encoder.layer.4.attention.self.value,0.6994870507681664
mrpc@s0,roberta.encoder.layer.4.intermediate.dense,10.80266886578085
mrpc@s0,roberta.encoder.layer.4.output.dense,2.1578364662939906
mrpc@s0,roberta.encoder.layer.5.attention.output.dense,1.330833366211163
mrpc@s0,roberta.encoder.layer.5.attention.self.key,2.6280907070372796
mrpc@s0,roberta.encoder.layer.5.attention.self.query,4.903484455972784
mrpc@s0,roberta.encoder.layer.5.attention.self.value,1.1649665750848273
mrpc@s0,roberta.encoder.layer.5.intermediate.dense,11.784910426736925
mrpc@s0,roberta.encoder.layer.5.output.dense,6.024850191362116
mrpc@s0,roberta.encoder.layer.6.attention.output.dense,1.4709147850250242
mrpc@s0,roberta.encoder.layer.6.attention.self.key,2.5073975204408514
mrpc@s0,roberta.encoder.layer.6.attention.self.query,2.3402314965041664
mrpc@s0,roberta.encoder.layer.6.attention.self.value,1.2547035429133617
mrpc@s0,roberta.encoder.layer.6.intermediate.dense,12.594509988842377
mrpc@s0,roberta.encoder.layer.6.output.dense,7.12238178379814
mrpc@s0,roberta.encoder.layer.7.attention.output.dense,1.233616300198627
mrpc@s0,roberta.encoder.layer.7.attention.self.key,3.5632996462013047
mrpc@s0,roberta.encoder.layer.7.attention.self.query,4.303837924586041
mrpc@s0,roberta.encoder.layer.7.attention.self.value,0.7506402213137383
mrpc@s0,roberta.encoder.layer.7.intermediate.dense,8.765460018366284
mrpc@s0,roberta.encoder.layer.7.output.dense,7.663648149216862
mrpc@s0,roberta.encoder.layer.8.attention.output.dense,1.788021629556487
mrpc@s0,roberta.encoder.layer.8.attention.self.key,2.5206870769148457
mrpc@s0,roberta.encoder.layer.8.attention.self.query,1.8683462957800847
mrpc@s0,roberta.encoder.layer.8.attention.self.value,0.9269807866006179
mrpc@s0,roberta.encoder.layer.8.intermediate.dense,5.697004653480148
mrpc@s0,roberta.encoder.layer.8.output.dense,0.9624070291473944
mrpc@s0,roberta.encoder.layer.9.attention.output.dense,1.0864741527225306
mrpc@s0,roberta.encoder.layer.9.attention.self.key,2.678132337758511
mrpc@s0,roberta.encoder.layer.9.attention.self.query,1.1575015841490475
mrpc@s0,roberta.encoder.layer.9.attention.self.value,0.8192594273487234
mrpc@s0,roberta.encoder.layer.9.intermediate.dense,5.287061196020022
mrpc@s0,roberta.encoder.layer.9.output.dense,1.0225176827515257
mrpc@s1,roberta.encoder.layer.0.attention.output.dense,1.070897794750576
mrpc@s1,roberta.encoder.layer.0.attention.self.key,1.7627524931516316
mrpc@s1,roberta.encoder.layer.0.attention.self.query,1.7124081298810088
mrpc@s1,roberta.encoder.layer.0.attention.self.value,1.2357872066008402
mrpc@s1,roberta.encoder.layer.0.intermediate.dense,7.531501181676733
mrpc@s1,roberta.encoder.layer.0.output.dense,2.834508947500156
mrpc@s1,roberta.encoder.layer.1.attention.output.dense,1.3253802948051612
mrpc@s1,roberta.encoder.layer.1.attention.self.key,2.1987740657885224
mrpc@s1,roberta.encoder.layer.1.attention.self.query,2.5855518797555392
mrpc@s1,roberta.encoder.layer.1.attention.self.value,1.259327945289601
mrpc@s1,roberta.encoder.layer.1.intermediate.dense,11.379349598768245
mrpc@s1,roberta.encoder.layer.1.output.dense,2.706694250599168
mrpc@s1,roberta.encoder.layer.10.attention.output.dense,0.9853244478536258
mrpc@s1,roberta.encoder.layer.10.attention.self.key,1.968135462732354
mrpc@s1,roberta.encoder.layer.10.attention.self.query,2.728543546456377
mrpc@s1,roberta.encoder.layer.10.attention.self.value,0.42462855471778926
mrpc@s1,roberta.encoder.layer.10.intermediate.dense,2.690414621709585
mrpc@s1,roberta.encoder.layer.10.output.dense,0.835852961213194
mrpc@s1,roberta.encoder.layer.11.attention.output.dense,1.1345210848649665
mrpc@s1,roberta.encoder.layer.11.attention.self.key,3.7883633551268012
mrpc@s1,roberta.encoder.layer.11.attention.self.query,3.8043401381567366
mrpc@s1,roberta.encoder.layer.11.attention.self.value,1.1162271857863026
mrpc@s1,roberta.encoder.layer.11.intermediate.dense,2.7793487134767743
mrpc@s1,roberta.encoder.layer.11.output.dense,0.21180812789774964
mrpc@s1,roberta.encoder.layer.2.attention.output.dense,1.7150136913945415
mrpc@s1,roberta.encoder.layer.2.attention.self.key,2.183843634976766
mrpc@s1,roberta.encoder.layer.2.attention.self.query,1.9762886149331185
mrpc@s1,roberta.encoder.layer.2.attention.self.value,1.21647060874685
mrpc@s1,roberta.encoder.layer.2.intermediate.dense,8.703907253947893
mrpc@s1,roberta.encoder.layer.2.output.dense,2.8435399613883607
mrpc@s1,roberta.encoder.layer.3.attention.output.dense,1.2527469489654581
mrpc@s1,roberta.encoder.layer.3.attention.self.key,2.2597872661161085
mrpc@s1,roberta.encoder.layer.3.attention.self.query,1.8659742873796823
mrpc@s1,roberta.encoder.layer.3.attention.self.value,0.8706663824920121
mrpc@s1,roberta.encoder.layer.3.intermediate.dense,9.317496118099747
mrpc@s1,roberta.encoder.layer.3.output.dense,3.285446799585517
mrpc@s1,roberta.encoder.layer.4.attention.output.dense,1.2969396295061193
mrpc@s1,roberta.encoder.layer.4.attention.self.key,2.0230290158512543
mrpc@s1,roberta.encoder.layer.4.attention.self.query,3.7835388016010283
mrpc@s1,roberta.encoder.layer.4.attention.self.value,1.000762489933301
mrpc@s1,roberta.encoder.layer.4.intermediate.dense,11.74827028147001
mrpc@s1,roberta.encoder.layer.4.output.dense,2.99989422289782
mrpc@s1,roberta.encoder.layer.5.attention.output.dense,1.556568708565769
mrpc@s1,roberta.encoder.layer.5.attention.self.key,2.433412128799806
mrpc@s1,roberta.encoder.layer.5.attention.self.query,4.173329713346488
mrpc@s1,roberta.encoder.layer.5.attention.self.value,1.056915431939956
mrpc@s1,roberta.encoder.layer.5.intermediate.dense,8.499769399917371
mrpc@s1,roberta.encoder.layer.5.output.dense,10.79863911838243
mrpc@s1,roberta.encoder.layer.6.attention.output.dense,1.6457547154527625
mrpc@s1,roberta.encoder.layer.6.attention.self.key,2.948941266607032
mrpc@s1,roberta.encoder.layer.6.attention.self.query,4.070930903302708
mrpc@s1,roberta.encoder.layer.6.attention.self.value,1.063138668820847
mrpc@s1,roberta.encoder.layer.6.intermediate.dense,12.70391076662071
mrpc@s1,roberta.encoder.layer.6.output.dense,4.380737546555963
mrpc@s1,roberta.encoder.layer.7.attention.output.dense,1.9178105381516701
mrpc@s1,roberta.encoder.layer.7.attention.self.key,2.7404723204704844
mrpc@s1,roberta.encoder.layer.7.attention.self.query,3.2754656567400278
mrpc@s1,roberta.encoder.layer.7.attention.self.value,0.981038904204525
mrpc@s1,roberta.encoder.layer.7.intermediate.dense,9.585201375798388
mrpc@s1,roberta.encoder.layer.7.output.dense,3.080032533906709
mrpc@s1,roberta.encoder.layer.8.attention.output.dense,1.2396113986177446
mrpc@s1,roberta.encoder.layer.8.attention.self.key,3.8805114494377166
mrpc@s1,roberta.encoder.layer.8.attention.self.query,3.756016096660158
mrpc@s1,roberta.encoder.layer.8.attention.self.value,1.0473157172693612
mrpc@s1,roberta.encoder.layer.8.intermediate.dense,5.538035562052067
mrpc@s1,roberta.encoder.layer.8.output.dense,1.9663320740653782
mrpc@s1,roberta.encoder.layer.9.attention.output.dense,1.9594713110193047
mrpc@s1,roberta.encoder.layer.9.attention.self.key,2.6601754850623474
mrpc@s1,roberta.encoder.layer.9.attention.self.query,2.3532568454897396
mrpc@s1,roberta.encoder.layer.9.attention.self.value,1.0418356594145
mrpc@s1,roberta.encoder.layer.9.intermediate.dense,5.162082641578787
mrpc@s1,roberta.encoder.layer.9.output.dense,0.7107518568833642
qnli@s0,roberta.encoder.layer.0.attention.output.dense,13.161508972180785
qnli@s0,roberta.encoder.layer.0.attention.self.key,17.90066422789758
qnli@s0,roberta.encoder.layer.0.attention.self.query,20.64051681105783
qnli@s0,roberta.encoder.layer.0.attention.self.value,11.490621230789904
qnli@s0,roberta.encoder.layer.0.intermediate.dense,52.867106744825286
qnli@s0,roberta.encoder.layer.0.output.dense,33.89667574581521
qnli@s0,roberta.encoder.layer.1.attention.output.dense,12.489649948105402
qnli@s0,roberta.encoder.layer.1.attention.self.key,15.769840788302805
qnli@s0,roberta.encoder.layer.1.attention.self.query,15.43274027242934
qnli@s0,roberta.encoder.layer.1.attention.self.value,8.646083536438757
qnli@s0,roberta.encoder.layer.1.intermediate.dense,53.25996886798167
qnli@s0,roberta.encoder.layer.1.output.dense,37.96540057000261
qnli@s0,roberta.encoder.layer.10.attention.output.dense,3.8957319615141808
qnli@s0,roberta.encoder.layer.10.attention.self.key,24.02463602431118
qnli@s0,roberta.encoder.layer.10.attention.self.query,54.37717595140122
qnli@s0,roberta.encoder.layer.10.attention.self.value,5.295693117150238
qnli@s0,roberta.encoder.layer.10.intermediate.dense,41.40909044282628
qnli@s0,roberta.encoder.layer.10.output.dense,4.567061487889672
qnli@s0,roberta.encoder.layer.11.attention.output.dense,2.1333116313132274
qnli@s0,roberta.encoder.layer.11.attention.self.key,20.958637649552372
qnli@s0,roberta.encoder.layer.11.attention.self.query,50.12690588465857
qnli@s0,roberta.encoder.layer.11.attention.self.value,3.7912568759111993
qnli@s0,roberta.encoder.layer.11.intermediate.dense,14.739263032073733
qnli@s0,roberta.encoder.layer.11.output.dense,1.6979159673977864
qnli@s0,roberta.encoder.layer.2.attention.output.dense,14.087623380299037
qnli@s0,roberta.encoder.layer.2.attention.self.key,13.295011286182975
qnli@s0,roberta.encoder.layer.2.attention.self.query,14.132678394118676
qnli@s0,roberta.encoder.layer.2.attention.self.value,8.77538810374525
qnli@s0,roberta.encoder.layer.2.intermediate.dense,50.174945263086926
qnli@s0,roberta.encoder.layer.2.output.dense,28.268151391094527
qnli@s0,roberta.encoder.layer.3.attention.output.dense,10.1517810005308
qnli@s0,roberta.encoder.layer.3.attention.self.key,18.770522071479764
qnli@s0,roberta.encoder.layer.3.attention.self.query,13.062019477167933
qnli@s0,roberta.encoder.layer.3.attention.self.value,8.447541394105281
qnli@s0,roberta.encoder.layer.3.intermediate.dense,56.92548414223195
qnli@s0,roberta.encoder.layer.3.output.dense,27.15200553813762
qnli@s0,roberta.encoder.layer.4.attention.output.dense,11.16827155454138
qnli@s0,roberta.encoder.layer.4.attention.self.key,13.55474447373243
qnli@s0,roberta.encoder.layer.4.attention.self.query,16.702121951423447
qnli@s0,roberta.encoder.layer.4.attention.self.value,7.237010595847772
qnli@s0,roberta.encoder.layer.4.intermediate.dense,60.828087730299146
qnli@s0,roberta.encoder.layer.4.output.dense,33.69129553904808
qnli@s0,roberta.encoder.layer.5.attention.output.dense,14.243814288808576
qnli@s0,roberta.encoder.layer.5.attention.self.key,15.477164911934635
qnli@s0,roberta.encoder.layer.5.attention.self.query,24.948975845883353
qnli@s0,roberta.encoder.layer.5.attention.self.value,7.814767558287571
qnli@s0,roberta.encoder.layer.5.intermediate.dense,65.48868915892498
qnli@s0,roberta.encoder.layer.5.output.dense,35.48128460406458
qnli@s0,roberta.encoder.layer.6.attention.output.dense,12.360775199752785
qnli@s0,roberta.encoder.layer.6.attention.self.key,30.920885510489306
qnli@s0,roberta.encoder.layer.6.attention.self.query,15.899053076120028
qnli@s0,roberta.encoder.layer.6.attention.self.value,20.85343221117942
qnli@s0,roberta.encoder.layer.6.intermediate.dense,57.887772444372565
qnli@s0,roberta.encoder.layer.6.output.dense,24.633177779016528
qnli@s0,roberta.encoder.layer.7.attention.output.dense,15.433332939301735
qnli@s0,roberta.encoder.layer.7.attention.self.key,19.191556539834952
qnli@s0,roberta.encoder.layer.7.attention.self.query,40.414775266662666
qnli@s0,roberta.encoder.layer.7.attention.self.value,8.588142433808205
qnli@s0,roberta.encoder.layer.7.intermediate.dense,70.61615208749265
qnli@s0,roberta.encoder.layer.7.output.dense,25.0603269098124
qnli@s0,roberta.encoder.layer.8.attention.output.dense,11.852777403718784
qnli@s0,roberta.encoder.layer.8.attention.self.key,23.72356613444324
qnli@s0,roberta.encoder.layer.8.attention.self.query,30.189245308863903
qnli@s0,roberta.encoder.layer.8.attention.self.value,7.495717604721432
qnli@s0,roberta.encoder.layer.8.intermediate.dense,64.97951769980374
qnli@s0,roberta.encoder.layer.8.output.dense,21.126783910862578
qnli@s0,roberta.encoder.layer.9.attention.output.dense,9.268505052377982
qnli@s0,roberta.encoder.layer.9.attention.self.key,34.91781164353201
qnli@s0,roberta.encoder.layer.9.attention.self.query,49.994602005698155
qnli@s0,roberta.encoder.layer.9.attention.self.value,6.331321523337413
qnli@s0,roberta.encoder.layer.9.intermediate.dense,54.7779322114828
qnli@s0,roberta.encoder.layer.9.output.dense,10.253543752307877
qnli@s1,roberta.encoder.layer.0.attention.output.dense,13.178828109004503
qnli@s1,roberta.encoder.layer.0.attention.self.key,16.018417364171846
qnli@s1,roberta.encoder.layer.0.attention.self.query,19.867369571148597
qnli@s1,roberta.encoder.layer.0.attention.self.value,11.358946071145152
qnli@s1,roberta.encoder.layer.0.intermediate.dense,62.519657723138224
qnli@s1,roberta.encoder.layer.0.output.dense,29.70296812628819
qnli@s1,roberta.encoder.layer.1.attention.output.dense,13.03875959134805
qnli@s1,roberta.encoder.layer.1.attention.self.key,19.83507574710052
qnli@s1,roberta.encoder.layer.1.attention.self.query,16.970086009466876
qnli@s1,roberta.encoder.layer.1.attention.self.value,8.438698644798333
qnli@s1,roberta.encoder.layer.1.intermediate.dense,57.979584010814904
qnli@s1,roberta.encoder.layer.1.output.dense,25.75935502369511
qnli@s1,roberta.encoder.layer.10.attention.output.dense,2.6660028509098717
qnli@s1,roberta.encoder.layer.10.attention.self.key,28.38900878930754
qnli@s1,roberta.encoder.layer.10.attention.self.query,42.5170732910281
qnli@s1,roberta.encoder.layer.10.attention.self.value,4.2965717567043855
qnli@s1,roberta.encoder.layer.10.intermediate.dense,34.022307686751375
qnli@s1,roberta.encoder.layer.10.output.dense,2.549399660738581
qnli@s1,roberta.encoder.layer.11.attention.output.dense,1.9156255102225273
qnli@s1,roberta.encoder.layer.11.attention.self.key,18.74720079424646
qnli@s1,roberta.encoder.layer.11.attention.self.query,56.009985518582994
qnli@s1,roberta.encoder.layer.11.attention.self.value,6.509014323289632
qnli@s1,roberta.encoder.layer.11.intermediate.dense,17.61294999233869
qnli@s1,roberta.encoder.layer.11.output.dense,1.7917999473724755
qnli@s1,roberta.encoder.layer.2.attention.output.dense,15.99753338061274
qnli@s1,roberta.encoder.layer.2.attention.self.key,13.665687001794169
qnli@s1,roberta.encoder.layer.2.attention.self.query,10.91222159756581
qnli@s1,roberta.encoder.layer.2.attention.self.value,9.775964069873664
qnli@s1,roberta.encoder.layer.2.intermediate.dense,54.01901602283206
qnli@s1,roberta.encoder.layer.2.output.dense,27.425858643596786
qnli@s1,roberta.encoder.layer.3.attention.output.dense,10.711348035141553
qnli@s1,roberta.encoder.layer.3.attention.self.key,17.926844865863117
qnli@s1,roberta.encoder.layer.3.attention.self.query,14.235553760116522
qnli@s1,roberta.encoder.layer.3.attention.self.value,8.597862138358153
qnli@s1,roberta.encoder.layer.3.intermediate.dense,69.6820985733398
qnli@s1,roberta.encoder.layer.3.output.dense,30.972559277535414
qnli@s1,roberta.encoder.layer.4.attention.output.dense,11.10572254499088
qnli@s1,roberta.encoder.layer.4.attention.self.key,18.025242391522045
qnli@s1,roberta.encoder.layer.4.attention.self.query,13.873498906608319
qnli@s1,roberta.encoder.layer.4.attention.self.value,7.134862546342738
qnli@s1,roberta.encoder.layer.4.intermediate.dense,56.261270496533285
qnli@s1,roberta.encoder.layer.4.output.dense,33.008998861194364
qnli@s1,roberta.encoder.layer.5.attention.output.dense,10.814487920898888
qnli@s1,roberta.encoder.layer.5.attention.self.key,14.19965312107871
qnli@s1,roberta.encoder.layer.5.attention.self.query,19.485441165152075
qnli@s1,roberta.encoder.layer.5.attention.self.value,8.661070304792057
qnli@s1,roberta.encoder.layer.5.intermediate.dense,66.28444736102787
qnli@s1,roberta.encoder.layer.5.output.dense,24.869110950715637
qnli@s1,roberta.encoder.layer.6.attention.output.dense,12.230481433758229
qnli@s1,roberta.encoder.layer.6.attention.self.key,21.930880740786368
qnli@s1,roberta.encoder.layer.6.attention.self.query,18.771699477897542
qnli@s1,roberta.encoder.layer.6.attention.self.value,18.31569268934819
qnli@s1,roberta.encoder.layer.6.intermediate.dense,65.68723530726463
qnli@s1,roberta.encoder.layer.6.output.dense,24.59700961418678
qnli@s1,roberta.encoder.layer.7.attention.output.dense,18.840410116082506
qnli@s1,roberta.encoder.layer.7.attention.self.key,17.11740257200911
qnli@s1,roberta.encoder.layer.7.attention.self.query,38.57124812621599
qnli@s1,roberta.encoder.layer.7.attention.self.value,12.744220247061584
qnli@s1,roberta.encoder.layer.7.intermediate.dense,89.72341987403135
qnli@s1,roberta.encoder.layer.7.output.dense,24.527663808622226
qnli@s1,roberta.encoder.layer.8.attention.output.dense,14.199061330110966
qnli@s1,roberta.encoder.layer.8.attention.self.key,39.53794689933613
qnli@s1,roberta.encoder.layer.8.attention.self.query,70.203342624976
qnli@s1,roberta.encoder.layer.8.attention.self.value,8.471114130382524
qnli@s1,roberta.encoder.layer.8.intermediate.dense,62.81220720153317
qnli@s1,roberta.encoder.layer.8.output.dense,10.886912530520503
qnli@s1,roberta.encoder.layer.9.attention.output.dense,8.730082317698226
qnli@s1,roberta.encoder.layer.9.attention.self.key,21.299517314628712
qnli@s1,roberta.encoder.layer.9.attention.self.query,36.17820715084933
qnli@s1,roberta.encoder.layer.9.attention.self.value,5.769474723741922
qnli@s1,roberta.encoder.layer.9.intermediate.dense,36.54018783765321
qnli@s1,roberta.encoder.layer.9.output.dense,5.351810075547507
rte@s0,roberta.encoder.layer.0.attention.output.dense,1.535220018649194
rte@s0,roberta.encoder.layer.0.attention.self.key,1.254357165790859
rte@s0,roberta.encoder.layer.0.attention.self.query,1.3015710263612237
rte@s0,roberta.encoder.layer.0.attention.self.value,1.2541078115971847
rte@s0,roberta.encoder.layer.0.intermediate.dense,6.715291402516938
rte@s0,roberta.encoder.layer.0.output.dense,1.7745111571182743
rte@s0,roberta.encoder.layer.1.attention.output.dense,1.2593569068694022
rte@s0,roberta.encoder.layer.1.attention.self.key,1.4427927671589025
rte@s0,roberta.encoder.layer.1.attention.self.query,1.5043510190537355
rte@s0,roberta.encoder.layer.1.attention.self.value,1.1218749500593401
rte@s0,roberta.encoder.layer.1.intermediate.dense,8.989175830389131
rte@s0,roberta.encoder.layer.1.output.dense,1.9533622860326108
rte@s0,roberta.encoder.layer.10.attention.output.dense,1.2872094632033506
rte@s0,roberta.encoder.layer.10.attention.self.key,1.7987331653361875
rte@s0,roberta.encoder.layer.10.attention.self.query,1.3843468828176249
rte@s0,roberta.encoder.layer.10.attention.self.value,0.472851249826501
rte@s0,roberta.encoder.layer.10.intermediate.dense,1.5605240981904387
rte@s0,roberta.encoder.layer.10.output.dense,1.0043548059144487
rte@s0,roberta.encoder.layer.11.attention.output.dense,1.642637853120425
rte@s0,roberta.encoder.layer.11.attention.self.key,1.2847879729031866
rte@s0,roberta.encoder.layer.11.attention.self.query,8.021622252320252
rte@s0,roberta.encoder.layer.11.attention.self.value,0.6259226761603892
rte@s0,roberta.encoder.layer.11.intermediate.dense,2.23615820965235
rte@s0,roberta.encoder.layer.11.output.dense,0.2081220911333712
rte@s0,roberta.encoder.layer.2.attention.output.dense,1.2349886360345095
rte@s0,roberta.encoder.layer.2.attention.self.key,1.162252889966255
rte@s0,roberta.encoder.layer.2.attention.self.query,1.3060941609498125
rte@s0,roberta.encoder.layer.2.attention.self.value,1.170367800861764
rte@s0,roberta.encoder.layer.2.intermediate.dense,6.287994909990804
rte@s0,roberta.encoder.layer.2.output.dense,1.9867831695831555
rte@s0,roberta.encoder.layer.3.attention.output.dense,1.1209824830038362
rte@s0,roberta.encoder.layer.3.attention.self.key,1.692936573328809
rte@s0,roberta.encoder.layer.3.attention.self.query,1.635653316948731
rte@s0,roberta.encoder.layer.3.attention.self.value,1.0502480707136905
rte@s0,roberta.encoder.layer.3.intermediate.dense,5.721977907140081
rte@s0,roberta.encoder.layer.3.output.dense,1.9464486984379807
rte@s0,roberta.encoder.layer.4.attention.output.dense,1.1545493592574956
rte@s0,roberta.encoder.layer.4.attention.self.key,1.4386885107437715
rte@s0,roberta.encoder.layer.4.attention.self.query,1.360477717454244
rte@s0,roberta.encoder.layer.4.attention.self.value,1.0238495947388069
rte@s0,roberta.encoder.layer.4.intermediate.dense,5.686003347468473
rte@s0,roberta.encoder.layer.4.output.dense,1.3011396552148784
rte@s0,roberta.encoder.layer.5.attention.output.dense,1.242048209998685
rte@s0,roberta.encoder.layer.5.attention.self.key,1.5883302210633752
rte@s0,roberta.encoder.layer.5.attention.self.query,1.6781509997106179
rte@s0,roberta.encoder.layer.5.attention.self.value,0.9382769677630133
rte@s0,roberta.encoder.layer.5.intermediate.dense,6.542034869064439
rte@s0,roberta.encoder.layer.5.output.dense,1.5875632592260935
rte@s0,roberta.encoder.layer.6.attention.output.dense,0.9065084506328424
rte@s0,roberta.encoder.layer.6.attention.self.key,1.5950818016190595
rte@s0,roberta.encoder.layer.6.attention.self.query,1.7833986094394894
rte@s0,roberta.encoder.layer.6.attention.self.value,0.7390982105353188
rte@s0,roberta.encoder.layer.6.intermediate.dense,7.043090800832587
rte@s0,roberta.encoder.layer.6.output.dense,1.5744013100342495
rte@s0,roberta.encoder.layer.7.attention.output.dense,2.6162513518922705
rte@s0,roberta.encoder.layer.7.attention.self.key,1.9842360850291425
rte@s0,roberta.encoder.layer.7.attention.self.query,4.8835048628727495
rte@s0,roberta.encoder.layer.7.attention.self.value,0.6289552872024945
rte@s0,roberta.encoder.layer.7.intermediate.dense,6.724727680733173
rte@s0,roberta.encoder.layer.7.output.dense,1.161504973803086
rte@s0,roberta.encoder.layer.8.attention.output.dense,2.400732247177535
rte@s0,roberta.encoder.layer.8.attention.self.key,1.6528621509799697
rte@s0,roberta.encoder.layer.8.attention.self.query,3.1653986730289394
rte@s0,roberta.encoder.layer.8.attention.self.value,0.6363976170701519
rte@s0,roberta.encoder.layer.8.intermediate.dense,4.967928084661808
rte@s0,roberta.encoder.layer.8.output.dense,1.1039067590776597
rte@s0,roberta.encoder.layer.9.attention.output.dense,1.7405470242073937
rte@s0,roberta.encoder.layer.9.attention.self.key,1.180809536500842
rte@s0,roberta.encoder.layer.9.attention.self.query,1.071016387114212
rte@s0,roberta.encoder.layer.9.attention.self.value,0.5053720631872298
rte@s0,roberta.encoder.layer.9.intermediate.dense,2.932413112605881
rte@s0,roberta.encoder.layer.9.output.dense,0.7325792345828676
rte@s1,roberta.encoder.layer.0.attention.output.dense,1.2706588559575935
rte@s1,roberta.encoder.layer.0.attention.self.key,1.4246520124254154
rte@s1,roberta.encoder.layer.0.attention.self.query,1.4063901770314218
rte@s1,roberta.encoder.layer.0.attention.self.value,1.286586333162267
rte@s1,roberta.encoder.layer.0.intermediate.dense,5.6398954205713885
rte@s1,roberta.encoder.layer.0.output.dense,1.7723029878114915
rte@s1,roberta.encoder.layer.1.attention.output.dense,1.2128977657995534
rte@s1,roberta.encoder.layer.1.attention.self.key,1.4922738119609988
rte@s1,roberta.encoder.layer.1.attention.self.query,2.2203111057899316
rte@s1,roberta.encoder.layer.1.attention.self.value,0.9990675719266301
rte@s1,roberta.encoder.layer.1.intermediate.dense,6.2457041985145
rte@s1,roberta.encoder.layer.1.output.dense,1.9527077392919918
rte@s1,roberta.encoder.layer.10.attention.output.dense,0.8400531300692629
rte@s1,roberta.encoder.layer.10.attention.self.key,1.9437594436987593
rte@s1,roberta.encoder.layer.10.attention.self.query,2.3574831841797774
rte@s1,roberta.encoder.layer.10.attention.self.value,0.47726629799842124
rte@s1,roberta.encoder.layer.10.intermediate.dense,2.755141518955204
rte@s1,roberta.encoder.layer.10.output.dense,0.24839786626596558
rte@s1,roberta.encoder.layer.11.attention.output.dense,4.119803914572392
rte@s1,roberta.encoder.layer.11.attention.self.key,6.887768046047217
rte@s1,roberta.encoder.layer.11.attention.self.query,4.531230826228542
rte@s1,roberta.encoder.layer.11.attention.self.value,0.9956608842755116
rte@s1,roberta.encoder.layer.11.intermediate.dense,3.5183881116198297
rte@s1,roberta.encoder.layer.11.output.dense,0.1639249565067337
rte@s1,roberta.encoder.layer.2.attention.output.dense,1.38217065381939
rte@s1,roberta.encoder.layer.2.attention.self.key,1.3889595564259265
rte@s1,roberta.encoder.layer.2.attention.self.query,1.7544260657221562
rte@s1,roberta.encoder.layer.2.attention.self.value,1.1420708981719907
rte@s1,roberta.encoder.layer.2.intermediate.dense,5.2540947493225545
rte@s1,roberta.encoder.layer.2.output.dense,1.8919073455059072
rte@s1,roberta.encoder.layer.3.attention.output.dense,1.0448868838259784
rte@s1,roberta.encoder.layer.3.attention.self.key,1.7236254381578637
rte@s1,roberta.encoder.layer.3.attention.self.query,1.7198807715960132
rte@s1,roberta.encoder.layer.3.attention.self.value,1.0403431634596076
rte@s1,roberta.encoder.layer.3.intermediate.dense,6.732408245472826
rte@s1,roberta.encoder.layer.3.output.dense,1.4742810458975737
rte@s1,roberta.encoder.layer.4.attention.output.dense,1.112651747256167
rte@s1,roberta.encoder.layer.4.attention.self.key,1.6461354020521584
rte@s1,roberta.encoder.layer.4.attention.self.query,1.6055926265897034
rte@s1,roberta.encoder.layer.4.attention.self.value,0.8759204473197267
rte@s1,roberta.encoder.layer.4.intermediate.dense,5.231249917940354
rte@s1,roberta.encoder.layer.4.output.dense,1.7780239108172242
rte@s1,roberta.encoder.layer.5.attention.output.dense,1.3341978913560921
rte@s1,roberta.encoder.layer.5.attention.self.key,1.8485829660038535
rte@s1,roberta.encoder.layer.5.attention.self.query,1.9448337332212988
rte@s1,roberta.encoder.layer.5.attention.self.value,0.8938883698701466
rte@s1,roberta.encoder.layer.5.intermediate.dense,7.95674255773884
rte@s1,roberta.encoder.layer.5.output.dense,1.3277941207757102
rte@s1,roberta.encoder.layer.6.attention.output.dense,1.2065681175366938
rte@s1,roberta.encoder.layer.6.attention.self.key,1.830732716494361
rte@s1,roberta.encoder.layer.6.attention.self.query,3.0636991344933864
rte@s1,roberta.encoder.layer.6.attention.self.value,0.6959580536744903
rte@s1,roberta.encoder.layer.6.intermediate.dense,9.074995437232763
rte@s1,roberta.encoder.layer.6.output.dense,0.9495191147506831
rte@s1,roberta.encoder.layer.7.attention.output.dense,1.785056288968976
rte@s1,roberta.encoder.layer.7.attention.self.key,1.6759829404763078
rte@s1,roberta.encoder.layer.7.attention.self.query,3.036404634995504
rte@s1,roberta.encoder.layer.7.attention.self.value,0.5211372931956525
rte@s1,roberta.encoder.layer.7.intermediate.dense,4.341031836578433
rte@s1,roberta.encoder.layer.7.output.dense,1.5208988392054934
rte@s1,roberta.encoder.layer.8.attention.output.dense,1.3273054577782863
rte@s1,roberta.encoder.layer.8.attention.self.key,1.9183239281640718
rte@s1,roberta.encoder.layer.8.attention.self.query,2.6044228949252024
rte@s1,roberta.encoder.layer.8.attention.self.value,0.6309536875164135
rte@s1,roberta.encoder.layer.8.intermediate.dense,4.501870432041455
rte@s1,roberta.encoder.layer.8.output.dense,0.9868353861384263
rte@s1,roberta.encoder.layer.9.attention.output.dense,0.9585812319847511
rte@s1,roberta.encoder.layer.9.attention.self.key,1.633051699789209
rte@s1,roberta.encoder.layer.9.attention.self.query,1.0185387439243634
rte@s1,roberta.encoder.layer.9.attention.self.value,0.5048723652752506
rte@s1,roberta.encoder.layer.9.intermediate.dense,4.257997233829001
rte@s1,roberta.encoder.layer.9.output.dense,0.8107070665569297
scitail@s0,roberta.encoder.layer.0.attention.output.dense,4.767655371948791
scitail@s0,roberta.encoder.layer.0.attention.self.key,6.823432605027784
scitail@s0,roberta.encoder.layer.0.attention.self.query,6.85752293391071
scitail@s0,roberta.encoder.layer.0.attention.self.value,5.202477466860791
scitail@s0,roberta.encoder.layer.0.intermediate.dense,22.6735057174675
scitail@s0,roberta.encoder.layer.0.output.dense,14.008405129013957
scitail@s0,roberta.encoder.layer.1.attention.output.dense,5.2763041473460675
scitail@s0,roberta.encoder.layer.1.attention.self.key,7.662728259772343
scitail@s0,roberta.encoder.layer.1.attention.self.query,6.689688080933374
scitail@s0,roberta.encoder.layer.1.attention.self.value,4.589848021451914
scitail@s0,roberta.encoder.layer.1.intermediate.dense,23.69524586811439
scitail@s0,roberta.encoder.layer.1.output.dense,9.92630924049231
scitail@s0,roberta.encoder.layer.10.attention.output.dense,1.0656234372282067
scitail@s0,roberta.encoder.layer.10.attention.self.key,1.9872531482408458
scitail@s0,roberta.encoder.layer.10.attention.self.query,2.722577588162155
scitail@s0,roberta.encoder.layer.10.attention.self.value,1.012966621185042
scitail@s0,roberta.encoder.layer.10.intermediate.dense,4.554421096487552
scitail@s0,roberta.encoder.layer.10.output.dense,0.8821134017536801
scitail@s0,roberta.encoder.layer.11.attention.output.dense,0.8690783515511318
scitail@s0,roberta.encoder.layer.11.attention.self.key,3.9611364124608404
scitail@s0,roberta.encoder.layer.11.attention.self.query,17.075062328846478
scitail@s0,roberta.encoder.layer.11.attention.self.value,0.9956447003715251
scitail@s0,roberta.encoder.layer.11.intermediate.dense,3.8805605135345367
scitail@s0,roberta.encoder.layer.11.output.dense,0.2853161129687201
scitail@s0,roberta.encoder.layer.2.attention.output.dense,4.489932331099604
scitail@s0,roberta.encoder.layer.2.attention.self.key,4.892225532622979
scitail@s0,roberta.encoder.layer.2.attention.self.query,7.172278040726327
scitail@s0,roberta.encoder.layer.2.attention.self.value,2.9296235062144347
scitail@s0,roberta.encoder.layer.2.intermediate.dense,18.203788458613932
scitail@s0,roberta.encoder.layer.2.output.dense,10.2435603027231
scitail@s0,roberta.encoder.layer.3.attention.output.dense,4.167374511484003
scitail@s0,roberta.encoder.layer.3.attention.self.key,5.870292815269197
scitail@s0,roberta.encoder.layer.3.attention.self.query,4.959030916946809
scitail@s0,roberta.encoder.layer.3.attention.self.value,2.75697854289351
scitail@s0,roberta.encoder.layer.3.intermediate.dense,20.765978659553006
scitail@s0,roberta.encoder.layer.3.output.dense,6.508241763065602
scitail@s0,roberta.encoder.layer.4.attention.output.dense,3.138689024050418
scitail@s0,roberta.encoder.layer.4.attention.self.key,6.90016146987241
scitail@s0,roberta.encoder.layer.4.attention.self.query,4.202775960026629
scitail@s0,roberta.encoder.layer.4.attention.self.value,1.8374814209514687
scitail@s0,roberta.encoder.layer.4.intermediate.dense,17.464433389829228
scitail@s0,roberta.encoder.layer.4.output.dense,7.393421203220533
scitail@s0,roberta.encoder.layer.5.attention.output.dense,4.068169730454109
scitail@s0,roberta.encoder.layer.5.attention.self.key,6.162193834614885
scitail@s0,roberta.encoder.layer.5.attention.self.query,11.720924683360396
scitail@s0,roberta.encoder.layer.5.attention.self.value,1.4936772079145744
scitail@s0,roberta.encoder.layer.5.intermediate.dense,23.558774318727494
scitail@s0,roberta.encoder.layer.5.output.dense,7.1163995700645035
scitail@s0,roberta.encoder.layer.6.attention.output.dense,3.501226936014406
scitail@s0,roberta.encoder.layer.6.attention.self.key,8.257793296511448
scitail@s0,roberta.encoder.layer.6.attention.self.query,12.39474983906918
scitail@s0,roberta.encoder.layer.6.attention.self.value,2.4141438025938404
scitail@s0,roberta.encoder.layer.6.intermediate.dense,23.637433595385446
scitail@s0,roberta.encoder.layer.6.output.dense,5.997849655307281
scitail@s0,roberta.encoder.layer.7.attention.output.dense,6.740812954748486
scitail@s0,roberta.encoder.layer.7.attention.self.key,4.96901431110966
scitail@s0,roberta.encoder.layer.7.attention.self.query,17.604835625152425
scitail@s0,roberta.encoder.layer.7.attention.self.value,2.078839690762237
scitail@s0,roberta.encoder.layer.7.intermediate.dense,16.956789031670716
scitail@s0,roberta.encoder.layer.7.output.dense,3.946705732622323
scitail@s0,roberta.encoder.layer.8.attention.output.dense,4.026438279199491
scitail@s0,roberta.encoder.layer.8.attention.self.key,7.169632478173283
scitail@s0,roberta.encoder.layer.8.attention.self.query,7.010154763257584
scitail@s0,roberta.encoder.layer.8.attention.self.value,2.801249972346568
scitail@s0,roberta.encoder.layer.8.intermediate.dense,9.751667771199918
scitail@s0,roberta.encoder.layer.8.output.dense,2.6423766949559733
scitail@s0,roberta.encoder.layer.9.attention.output.dense,1.5049765959305803
scitail@s0,roberta.encoder.layer.9.attention.self.key,3.30678916404918
scitail@s0,roberta.encoder.layer.9.attention.self.query,2.8926752382503973
scitail@s0,roberta.encoder.layer.9.attention.self.value,0.7485284499048394
scitail@s0,roberta.encoder.layer.9.intermediate.dense,9.8167594344824
scitail@s0,roberta.encoder.layer.9.output.dense,1.2856209439035329
scitail@s1,roberta.encoder.layer.0.attention.output.dense,5.101585111981717
scitail@s1,roberta.encoder.layer.0.attention.self.key,7.463593654970338
scitail@s1,roberta.encoder.layer.0.attention.self.query,9.7859092873171
scitail@s1,roberta.encoder.layer.0.attention.self.value,4.722731156259444
scitail@s1,roberta.encoder.layer.0.intermediate.dense,22.90356555325028
scitail@s1,roberta.encoder.layer.0.output.dense,10.906027053431535
scitail@s1,roberta.encoder.layer.1.attention.output.dense,6.11729680735119
scitail@s1,roberta.encoder.layer.1.attention.self.key,4.410048329366602
scitail@s1,roberta.encoder.layer.1.attention.self.query,7.408630752576342
scitail@s1,roberta.encoder.layer.1.attention.self.value,4.0922154212676904
scitail@s1,roberta.encoder.layer.1.intermediate.dense,29.422916698312385
scitail@s1,roberta.encoder.layer.1.output.dense,9.39216325143294
scitail@s1,roberta.encoder.layer.10.attention.output.dense,1.2411020232155763
scitail@s1,roberta.encoder.layer.10.attention.self.key,4.080720298449092
scitail@s1,roberta.encoder.layer.10.attention.self.query,11.471561813504952
scitail@s1,roberta.encoder.layer.10.attention.self.value,2.9778378047368697
scitail@s1,roberta.encoder.layer.10.intermediate.dense,6.953045976702779
scitail@s1,roberta.encoder.layer.10.output.dense,1.8388015015160177
scitail@s1,roberta.encoder.layer.11.attention.output.dense,2.062443573425157
scitail@s1,roberta.encoder.layer.11.attention.self.key,4.267427520986869
scitail@s1,roberta.encoder.layer.11.attention.self.query,16.760309219277925
scitail@s1,roberta.encoder.layer.11.attention.self.value,0.9653296137752547
scitail@s1,roberta.encoder.layer.11.intermediate.dense,9.871634714319606
scitail@s1,roberta.encoder.layer.11.output.dense,0.24802624028327294
scitail@s1,roberta.encoder.layer.2.attention.output.dense,4.2221877886016514
scitail@s1,roberta.encoder.layer.2.attention.self.key,4.511217595946622
scitail@s1,roberta.encoder.layer.2.attention.self.query,4.180750847747539
scitail@s1,roberta.encoder.layer.2.attention.self.value,2.6160095486449886
scitail@s1,roberta.encoder.layer.2.intermediate.dense,19.11716248081515
scitail@s1,roberta.encoder.layer.2.output.dense,10.523041056330662
scitail@s1,roberta.encoder.layer.3.attention.output.dense,3.4821336748617346
scitail@s1,roberta.encoder.layer.3.attention.self.key,6.318446598522909
scitail@s1,roberta.encoder.layer.3.attention.self.query,6.468264458388437
scitail@s1,roberta.encoder.layer.3.attention.self.value,3.1899028016544673
scitail@s1,roberta.encoder.layer.3.intermediate.dense,23.447228668510434
scitail@s1,roberta.encoder.layer.3.output.dense,5.388467542734067
scitail@s1,roberta.encoder.layer.4.attention.output.dense,3.2634139724669042
scitail@s1,roberta.encoder.layer.4.attention.self.key,5.089121033111474
scitail@s1,roberta.encoder.layer.4.attention.self.query,6.697626270573561
scitail@s1,roberta.encoder.layer.4.attention.self.value,1.7018904459466655
scitail@s1,roberta.encoder.layer.4.intermediate.dense,21.081930112998556
scitail@s1,roberta.encoder.layer.4.output.dense,5.901141243597261
scitail@s1,roberta.encoder.layer.5.attention.output.dense,4.19155263731062
scitail@s1,roberta.encoder.layer.5.attention.self.key,5.7110381329311295
scitail@s1,roberta.encoder.layer.5.attention.self.query,10.422398997084406
scitail@s1,roberta.encoder.layer.5.attention.self.value,1.997918400120081
scitail@s1,roberta.encoder.layer.5.intermediate.dense,27.937770666292142
scitail@s1,roberta.encoder.layer.5.output.dense,7.136682170490449
scitail@s1,roberta.encoder.layer.6.attention.output.dense,3.997652410854183
scitail@s1,roberta.encoder.layer.6.attention.self.key,6.966585094940366
scitail@s1,roberta.encoder.layer.6.attention.self.query,9.760611274853519
scitail@s1,roberta.encoder.layer.6.attention.self.value,2.137998928477268
scitail@s1,roberta.encoder.layer.6.intermediate.dense,30.58927692450868
scitail@s1,roberta.encoder.layer.6.output.dense,7.2796423546562465
scitail@s1,roberta.encoder.layer.7.attention.output.dense,7.612618382172764
scitail@s1,roberta.encoder.layer.7.attention.self.key,5.760031502152284
scitail@s1,roberta.encoder.layer.7.attention.self.query,12.10191316291387
scitail@s1,roberta.encoder.layer.7.attention.self.value,2.2747044083589034
scitail@s1,roberta.encoder.layer.7.intermediate.dense,17.862766960725136
scitail@s1,roberta.encoder.layer.7.output.dense,8.890490917553027
scitail@s1,roberta.encoder.layer.8.attention.output.dense,5.478296079902256
scitail@s1,roberta.encoder.layer.8.attention.self.key,4.5265515065162925
scitail@s1,roberta.encoder.layer.8.attention.self.query,8.542734090881304
scitail@s1,roberta.encoder.layer.8.attention.self.value,0.740872492456779
scitail@s1,roberta.encoder.layer.8.intermediate.dense,12.300002069662547
scitail@s1,roberta.encoder.layer.8.output.dense,2.053065168646865
scitail@s1,roberta.encoder.layer.9.attention.output.dense,3.4539876423464255
scitail@s1,roberta.encoder.layer.9.attention.self.key,4.0503049372676365
scitail@s1,roberta.encoder.layer.9.attention.self.query,4.157063014248002
scitail@s1,roberta.encoder.layer.9.attention.self.value,1.38110199611778
scitail@s1,roberta.encoder.layer.9.intermediate.dense,12.480422499757335
scitail@s1,roberta.encoder.layer.9.output.dense,2.165638982529197
snli@s0,roberta.encoder.layer.0.attention.output.dense,10.87016311533547
snli@s0,roberta.encoder.layer.0.attention.self.key,30.34158594723224
snli@s0,roberta.encoder.layer.0.attention.self.query,23.56343306711799
snli@s0,roberta.encoder.layer.0.attention.self.value,10.915209791777686
snli@s0,roberta.encoder.layer.0.intermediate.dense,54.189850919173296
snli@s0,roberta.encoder.layer.0.output.dense,31.877074594452303
snli@s0,roberta.encoder.layer.1.attention.output.dense,12.185551392850464
snli@s0,roberta.encoder.layer.1.attention.self.key,17.567555860100867
snli@s0,roberta.encoder.layer.1.attention.self.query,18.242949180555044
snli@s0,roberta.encoder.layer.1.attention.self.value,7.900554680296219
snli@s0,roberta.encoder.layer.1.intermediate.dense,53.81258511067065
snli@s0,roberta.encoder.layer.1.output.dense,25.512352466946258
snli@s0,roberta.encoder.layer.10.attention.output.dense,3.4501687526215155
snli@s0,roberta.encoder.layer.10.attention.self.key,24.6120370258323
snli@s0,roberta.encoder.layer.10.attention.self.query,26.820473659734596
snli@s0,roberta.encoder.layer.10.attention.self.value,4.15016067775589
snli@s0,roberta.encoder.layer.10.intermediate.dense,33.56345122858984
snli@s0,roberta.encoder.layer.10.output.dense,3.430880852817048
snli@s0,roberta.encoder.layer.11.attention.output.dense,2.5228121262017145
snli@s0,roberta.encoder.layer.11.attention.self.key,51.003848631765656
snli@s0,roberta.encoder.layer.11.attention.self.query,35.67928983916113
snli@s0,roberta.encoder.layer.11.attention.self.value,1.964975953277016
snli@s0,roberta.encoder.layer.11.intermediate.dense,18.81920814701182
snli@s0,roberta.encoder.layer.11.output.dense,3.415803007645398
snli@s0,roberta.encoder.layer.2.attention.output.dense,14.74976543268268
snli@s0,roberta.encoder.layer.2.attention.self.key,13.449468845065097
snli@s0,roberta.encoder.layer.2.attention.self.query,13.04579665232028
snli@s0,roberta.encoder.layer.2.attention.self.value,10.035017345545791
snli@s0,roberta.encoder.layer.2.intermediate.dense,54.76080431676526
snli@s0,roberta.encoder.layer.2.output.dense,25.905010981676305
snli@s0,roberta.encoder.layer.3.attention.output.dense,13.831156552429658
snli@s0,roberta.encoder.layer.3.attention.self.key,16.842909098164647
snli@s0,roberta.encoder.layer.3.attention.self.query,13.230510792211097
snli@s0,roberta.encoder.layer.3.attention.self.value,9.296487385537812
snli@s0,roberta.encoder.layer.3.intermediate.dense,66.96051609683532
snli@s0,roberta.encoder.layer.3.output.dense,24.34142466820014
snli@s0,roberta.encoder.layer.4.attention.output.dense,11.810306028789135
snli@s0,roberta.encoder.layer.4.attention.self.key,14.86120165771062
snli@s0,roberta.encoder.layer.4.attention.self.query,12.576713906419773
snli@s0,roberta.encoder.layer.4.attention.self.value,9.437939484564406
snli@s0,roberta.encoder.layer.4.intermediate.dense,51.807343140195464
snli@s0,roberta.encoder.layer.4.output.dense,22.306876840492958
snli@s0,roberta.encoder.layer.5.attention.output.dense,13.6950695468031
snli@s0,roberta.encoder.layer.5.attention.self.key,13.524238432891988
snli@s0,roberta.encoder.layer.5.attention.self.query,14.307237083435018
snli@s0,roberta.encoder.layer.5.attention.self.value,9.548857198898842
snli@s0,roberta.encoder.layer.5.intermediate.dense,62.593385418394455
snli@s0,roberta.encoder.layer.5.output.dense,31.32313960022538
snli@s0,roberta.encoder.layer.6.attention.output.dense,11.678999363442484
snli@s0,roberta.encoder.layer.6.attention.self.key,13.705397418291128
snli@s0,roberta.encoder.layer.6.attention.self.query,20.701633666454164
snli@s0,roberta.encoder.layer.6.attention.self.value,8.23805966944607
snli@s0,roberta.encoder.layer.6.intermediate.dense,65.89570147578982
snli@s0,roberta.encoder.layer.6.output.dense,41.27854576155267
snli@s0,roberta.encoder.layer.7.attention.output.dense,10.019796964995525
snli@s0,roberta.encoder.layer.7.attention.self.key,20.19754452250106
snli@s0,roberta.encoder.layer.7.attention.self.query,40.28727976477022
snli@s0,roberta.encoder.layer.7.attention.self.value,10.71852400975002
snli@s0,roberta.encoder.layer.7.intermediate.dense,79.7745549496856
snli@s0,roberta.encoder.layer.7.output.dense,26.41959768102675
snli@s0,roberta.encoder.layer.8.attention.output.dense,12.80172343724133
snli@s0,roberta.encoder.layer.8.attention.self.key,20.86822166362599
snli@s0,roberta.encoder.layer.8.attention.self.query,47.98321233949907
snli@s0,roberta.encoder.layer.8.attention.self.value,7.599653316835838
snli@s0,roberta.encoder.layer.8.intermediate.dense,62.39607552580509
snli@s0,roberta.encoder.layer.8.output.dense,17.261611745278415
snli@s0,roberta.encoder.layer.9.attention.output.dense,5.040262264351788
snli@s0,roberta.encoder.layer.9.attention.self.key,22.580149706707033
snli@s0,roberta.encoder.layer.9.attention.self.query,42.28772101549166
snli@s0,roberta.encoder.layer.9.attention.self.value,5.313985722213156
snli@s0,roberta.encoder.layer.9.intermediate.dense,54.1176500356688
snli@s0,roberta.encoder.layer.9.output.dense,6.594596399721873
snli@s1,roberta.encoder.layer.0.attention.output.dense,10.652888298263752
snli@s1,roberta.encoder.layer.0.attention.self.key,31.817737382514842
snli@s1,roberta.encoder.layer.0.attention.self.query,25.710031966995523
snli@s1,roberta.encoder.layer.0.attention.self.value,9.895063164928134
snli@s1,roberta.encoder.layer.0.intermediate.dense,61.23625460922389
snli@s1,roberta.encoder.layer.0.output.dense,31.195880623325014
snli@s1,roberta.encoder.layer.1.attention.output.dense,12.708594899890748
snli@s1,roberta.encoder.layer.1.attention.self.key,19.86902302359643
snli@s1,roberta.encoder.layer.1.attention.self.query,16.412216952617335
snli@s1,roberta.encoder.layer.1.attention.self.value,8.195261898795103
snli@s1,roberta.encoder.layer.1.intermediate.dense,62.73421641995482
snli@s1,roberta.encoder.layer.1.output.dense,26.337978438176318
snli@s1,roberta.encoder.layer.10.attention.output.dense,3.29861702775423
snli@s1,roberta.encoder.layer.10.attention.self.key,31.91493248168308
snli@s1,roberta.encoder.layer.10.attention.self.query,38.13357757375718
snli@s1,roberta.encoder.layer.10.attention.self.value,2.837648472404034
snli@s1,roberta.encoder.layer.10.intermediate.dense,34.07581758514287
snli@s1,roberta.encoder.layer.10.output.dense,3.4983097651014443
snli@s1,roberta.encoder.layer.11.attention.output.dense,3.2677539848811668
snli@s1,roberta.encoder.layer.11.attention.self.key,30.559642189926
snli@s1,roberta.encoder.layer.11.attention.self.query,47.068940095799846
snli@s1,roberta.encoder.layer.11.attention.self.value,2.6106918403840984
snli@s1,roberta.encoder.layer.11.intermediate.dense,22.83966418789513
snli@s1,roberta.encoder.layer.11.output.dense,2.956912385514231
snli@s1,roberta.encoder.layer.2.attention.output.dense,15.749851109697623
snli@s1,roberta.encoder.layer.2.attention.self.key,12.872780539555077
snli@s1,roberta.encoder.layer.2.attention.self.query,12.194335071093786
snli@s1,roberta.encoder.layer.2.attention.self.value,9.691949695519185
snli@s1,roberta.encoder.layer.2.intermediate.dense,48.07141097140686
snli@s1,roberta.encoder.layer.2.output.dense,27.361090467903566
snli@s1,roberta.encoder.layer.3.attention.output.dense,11.785661788885676
snli@s1,roberta.encoder.layer.3.attention.self.key,18.11823760068079
snli@s1,roberta.encoder.layer.3.attention.self.query,15.75687462973876
snli@s1,roberta.encoder.layer.3.attention.self.value,13.838438911272359
snli@s1,roberta.encoder.layer.3.intermediate.dense,49.908375703455135
snli@s1,roberta.encoder.layer.3.output.dense,22.334489368863316
snli@s1,roberta.encoder.layer.4.attention.output.dense,11.481886123275299
snli@s1,roberta.encoder.layer.4.attention.self.key,12.677718199116747
snli@s1,roberta.encoder.layer.4.attention.self.query,13.778124702557477
snli@s1,roberta.encoder.layer.4.attention.self.value,8.37888359611342
snli@s1,roberta.encoder.layer.4.intermediate.dense,56.77705814952958
snli@s1,roberta.encoder.layer.4.output.dense,21.060180628213917
snli@s1,roberta.encoder.layer.5.attention.output.dense,11.831565189867064
snli@s1,roberta.encoder.layer.5.attention.self.key,13.774597536992188
snli@s1,roberta.encoder.layer.5.attention.self.query,12.320027997007317
snli@s1,roberta.encoder.layer.5.attention.self.value,9.473909693111446
snli@s1,roberta.encoder.layer.5.intermediate.dense,54.58067388632807
snli@s1,roberta.encoder.layer.5.output.dense,32.606835969662804
snli@s1,roberta.encoder.layer.6.attention.output.dense,11.895782542201248
snli@s1,roberta.encoder.layer.6.attention.self.key,14.58304719479685
snli@s1,roberta.encoder.layer.6.attention.self.query,21.106142455168964
snli@s1,roberta.encoder.layer.6.attention.self.value,7.443638750101272
snli@s1,roberta.encoder.layer.6.intermediate.dense,58.67216260552405
snli@s1,roberta.encoder.layer.6.output.dense,43.70983610678816
snli@s1,roberta.encoder.layer.7.attention.output.dense,14.092922764530313
snli@s1,roberta.encoder.layer.7.attention.self.key,15.154440222692672
snli@s1,roberta.encoder.layer.7.attention.self.query,36.30862899772333
snli@s1,roberta.encoder.layer.7.attention.self.value,8.355530125453026
snli@s1,roberta.encoder.layer.7.intermediate.dense,71.91088507277605
snli@s1,roberta.encoder.layer.7.output.dense,22.34795974338279
snli@s1,roberta.encoder.layer.8.attention.output.dense,11.593776430180238
snli@s1,roberta.encoder.layer.8.attention.self.key,25.259691308191975
snli@s1,roberta.encoder.layer.8.attention.self.query,43.25908669058863
snli@s1,roberta.encoder.layer.8.attention.self.value,7.151839538869542
snli@s1,roberta.encoder.layer.8.intermediate.dense,57.49920253501189
snli@s1,roberta.encoder.layer.8.output.dense,22.667393611592566
snli@s1,roberta.encoder.layer.9.attention.output.dense,5.776046524557649
snli@s1,roberta.encoder.layer.9.attention.self.key,20.08896283666383
snli@s1,roberta.encoder.layer.9.attention.self.query,40.475067626259744
snli@s1,roberta.encoder.layer.9.attention.self.value,7.022170393720644
snli@s1,roberta.encoder.layer.9.intermediate.dense,56.17074132006681
snli@s1,roberta.encoder.layer.9.output.dense,11.112086129502197
sst2@s0,roberta.encoder.layer.0.attention.output.dense,10.27882219535513
sst2@s0,roberta.encoder.layer.0.attention.self.key,26.555293294215033
sst2@s0,roberta.encoder.layer.0.attention.self.query,27.104011883395067
sst2@s0,roberta.encoder.layer.0.attention.self.value,13.657766095799692
sst2@s0,roberta.encoder.layer.0.intermediate.dense,62.44215479271705
sst2@s0,roberta.encoder.layer.0.output.dense,28.10152043727639
sst2@s0,roberta.encoder.layer.1.attention.output.dense,10.607557741135622
sst2@s0,roberta.encoder.layer.1.attention.self.key,20.645668682531515
sst2@s0,roberta.encoder.layer.1.attention.self.query,15.82238324060761
sst2@s0,roberta.encoder.layer.1.attention.self.value,9.355907220092966
sst2@s0,roberta.encoder.layer.1.intermediate.dense,61.51880063897346
sst2@s0,roberta.encoder.layer.1.output.dense,32.6467118358456
sst2@s0,roberta.encoder.layer.10.attention.output.dense,4.314242413799375
sst2@s0,roberta.encoder.layer.10.attention.self.key,30.010480859588764
sst2@s0,roberta.encoder.layer.10.attention.self.query,47.90614265993946
sst2@s0,roberta.encoder.layer.10.attention.self.value,5.003925253452283
sst2@s0,roberta.encoder.layer.10.intermediate.dense,44.998512403861
sst2@s0,roberta.encoder.layer.10.output.dense,6.041038449867652
sst2@s0,roberta.encoder.layer.11.attention.output.dense,2.7038048542237414
sst2@s0,roberta.encoder.layer.11.attention.self.key,34.10717099065656
sst2@s0,roberta.encoder.layer.11.attention.self.query,57.465215112855006
sst2@s0,roberta.encoder.layer.11.attention.self.value,2.6052595561817675
sst2@s0,roberta.encoder.layer.11.intermediate.dense,35.32314699843577
sst2@s0,roberta.encoder.layer.11.output.dense,2.7910766185645772
sst2@s0,roberta.encoder.layer.2.attention.output.dense,10.658679141258517
sst2@s0,roberta.encoder.layer.2.attention.self.key,14.687652877120433
sst2@s0,roberta.encoder.layer.2.attention.self.query,23.859736409346652
sst2@s0,roberta.encoder.layer.2.attention.self.value,8.563680420722786
sst2@s0,roberta.encoder.layer.2.intermediate.dense,57.378612559785736
sst2@s0,roberta.encoder.layer.2.output.dense,20.73904493710613
sst2@s0,roberta.encoder.layer.3.attention.output.dense,11.598229372858183
sst2@s0,roberta.encoder.layer.3.attention.self.key,17.848597128902263
sst2@s0,roberta.encoder.layer.3.attention.self.query,20.33038272671981
sst2@s0,roberta.encoder.layer.3.attention.self.value,7.000672605955241
sst2@s0,roberta.encoder.layer.3.intermediate.dense,79.10845027621785
sst2@s0,roberta.encoder.layer.3.output.dense,17.471934771723795
sst2@s0,roberta.encoder.layer.4.attention.output.dense,9.397103311693405
sst2@s0,roberta.encoder.layer.4.attention.self.key,15.934207243861012
sst2@s0,roberta.encoder.layer.4.attention.self.query,19.865301012800053
sst2@s0,roberta.encoder.layer.4.attention.self.value,6.8387960336840425
sst2@s0,roberta.encoder.layer.4.intermediate.dense,70.26129842774618
sst2@s0,roberta.encoder.layer.4.output.dense,16.780745364683202
sst2@s0,roberta.encoder.layer.5.attention.output.dense,14.79847208063842
sst2@s0,roberta.encoder.layer.5.attention.self.key,17.01810643261412
sst2@s0,roberta.encoder.layer.5.attention.self.query,30.289340410358935
sst2@s0,roberta.encoder.layer.5.attention.self.value,5.89380540266425
sst2@s0,roberta.encoder.layer.5.intermediate.dense,58.88276602060558
sst2@s0,roberta.encoder.layer.5.output.dense,20.06884675059924
sst2@s0,roberta.encoder.layer.6.attention.output.dense,12.362598722059097
sst2@s0,roberta.encoder.layer.6.attention.self.key,19.19979343819873
sst2@s0,roberta.encoder.layer.6.attention.self.query,32.26384849450428
sst2@s0,roberta.encoder.layer.6.attention.self.value,5.955763393061978
sst2@s0,roberta.encoder.layer.6.intermediate.dense,75.25236458369668
sst2@s0,roberta.encoder.layer.6.output.dense,25.30523592228862
sst2@s0,roberta.encoder.layer.7.attention.output.dense,17.18556908751662
sst2@s0,roberta.encoder.layer.7.attention.self.key,20.026914126837482
sst2@s0,roberta.encoder.layer.7.attention.self.query,39.16956081413173
sst2@s0,roberta.encoder.layer.7.attention.self.value,8.328083238684105
sst2@s0,roberta.encoder.layer.7.intermediate.dense,90.3130755172547
sst2@s0,roberta.encoder.layer.7.output.dense,19.584839797655352
sst2@s0,roberta.encoder.layer.8.attention.output.dense,10.234184712163136
sst2@s0,roberta.encoder.layer.8.attention.self.key,23.03505490079187
sst2@s0,roberta.encoder.layer.8.attention.self.query,36.907255424952865
sst2@s0,roberta.encoder.layer.8.attention.self.value,7.441350081793113
sst2@s0,roberta.encoder.layer.8.intermediate.dense,79.0362404624092
sst2@s0,roberta.encoder.layer.8.output.dense,21.756519248394653
sst2@s0,roberta.encoder.layer.9.attention.output.dense,7.900549672482531
sst2@s0,roberta.encoder.layer.9.attention.self.key,36.09764944925478
sst2@s0,roberta.encoder.layer.9.attention.self.query,30.40053000772153
sst2@s0,roberta.encoder.layer.9.attention.self.value,9.36014318813338
sst2@s0,roberta.encoder.layer.9.intermediate.dense,81.6315504205543
sst2@s0,roberta.encoder.layer.9.output.dense,15.223870077458805
sst2@s1,roberta.encoder.layer.0.attention.output.dense,10.244125009633112
sst2@s1,roberta.encoder.layer.0.attention.self.key,26.724741092603114
sst2@s1,roberta.encoder.layer.0.attention.self.query,33.24408943421501
sst2@s1,roberta.encoder.layer.0.attention.self.value,12.99086870128252
sst2@s1,roberta.encoder.layer.0.intermediate.dense,65.70141952699213
sst2@s1,roberta.encoder.layer.0.output.dense,31.637733625636553
sst2@s1,roberta.encoder.layer.1.attention.output.dense,9.270434144685941
sst2@s1,roberta.encoder.layer.1.attention.self.key,20.674119002495516
sst2@s1,roberta.encoder.layer.1.attention.self.query,17.78366980961518
sst2@s1,roberta.encoder.layer.1.attention.self.value,8.109115121751936
sst2@s1,roberta.encoder.layer.1.intermediate.dense,62.07176728733013
sst2@s1,roberta.encoder.layer.1.output.dense,28.52477760930123
sst2@s1,roberta.encoder.layer.10.attention.output.dense,3.437642430730402
sst2@s1,roberta.encoder.layer.10.attention.self.key,26.481745225575676
sst2@s1,roberta.encoder.layer.10.attention.self.query,52.768173468311915
sst2@s1,roberta.encoder.layer.10.attention.self.value,4.512384761426532
sst2@s1,roberta.encoder.layer.10.intermediate.dense,42.754619002429756
sst2@s1,roberta.encoder.layer.10.output.dense,5.636205452338074
sst2@s1,roberta.encoder.layer.11.attention.output.dense,2.8030207129203366
sst2@s1,roberta.encoder.layer.11.attention.self.key,33.82402123393737
sst2@s1,roberta.encoder.layer.11.attention.self.query,48.58481634007792
sst2@s1,roberta.encoder.layer.11.attention.self.value,2.318775620912792
sst2@s1,roberta.encoder.layer.11.intermediate.dense,28.11004545245457
sst2@s1,roberta.encoder.layer.11.output.dense,2.3145055986664187
sst2@s1,roberta.encoder.layer.2.attention.output.dense,12.70111549991931
sst2@s1,roberta.encoder.layer.2.attention.self.key,16.23024820500104
sst2@s1,roberta.encoder.layer.2.attention.self.query,15.265199263670674
sst2@s1,roberta.encoder.layer.2.attention.self.value,8.458866964288434
sst2@s1,roberta.encoder.layer.2.intermediate.dense,60.92562371248991
sst2@s1,roberta.encoder.layer.2.output.dense,24.17704497803859
sst2@s1,roberta.encoder.layer.3.attention.output.dense,9.972901065602931
sst2@s1,roberta.encoder.layer.3.attention.self.key,20.35994018888157
sst2@s1,roberta.encoder.layer.3.attention.self.query,22.328070201848295
sst2@s1,roberta.encoder.layer.3.attention.self.value,6.619976224605155
sst2@s1,roberta.encoder.layer.3.intermediate.dense,67.08735345078038
sst2@s1,roberta.encoder.layer.3.output.dense,21.197070734221402
sst2@s1,roberta.encoder.layer.4.attention.output.dense,9.75934043976542
sst2@s1,roberta.encoder.layer.4.attention.self.key,16.097442033027168
sst2@s1,roberta.encoder.layer.4.attention.self.query,18.07126282019566
sst2@s1,roberta.encoder.layer.4.attention.self.value,6.800805618996183
sst2@s1,roberta.encoder.layer.4.intermediate.dense,60.09393447472533
sst2@s1,roberta.encoder.layer.4.output.dense,16.495147225632536
sst2@s1,roberta.encoder.layer.5.attention.output.dense,13.825084147017328
sst2@s1,roberta.encoder.layer.5.attention.self.key,21.437168976413897
sst2@s1,roberta.encoder.layer.5.attention.self.query,16.00204362022374
sst2@s1,roberta.encoder.layer.5.attention.self.value,5.778544498220384
sst2@s1,roberta.encoder.layer.5.intermediate.dense,52.77356127896841
sst2@s1,roberta.encoder.layer.5.output.dense,18.222199169976815
sst2@s1,roberta.encoder.layer.6.attention.output.dense,12.744036986937997
sst2@s1,roberta.encoder.layer.6.attention.self.key,23.271444591830715
sst2@s1,roberta.encoder.layer.6.attention.self.query,34.933337520971044
sst2@s1,roberta.encoder.layer.6.attention.self.value,6.361044444836299
sst2@s1,roberta.encoder.layer.6.intermediate.dense,66.73636900929186
sst2@s1,roberta.encoder.layer.6.output.dense,23.455127117194426
sst2@s1,roberta.encoder.layer.7.attention.output.dense,17.93429557921284
sst2@s1,roberta.encoder.layer.7.attention.self.key,23.336061875574924
sst2@s1,roberta.encoder.layer.7.attention.self.query,32.08875798915239
sst2@s1,roberta.encoder.layer.7.attention.self.value,6.239080574612669
sst2@s1,roberta.encoder.layer.7.intermediate.dense,73.95701297299824
sst2@s1,roberta.encoder.layer.7.output.dense,19.627280137650754
sst2@s1,roberta.encoder.layer.8.attention.output.dense,12.568135098375077
sst2@s1,roberta.encoder.layer.8.attention.self.key,28.455567955542772
sst2@s1,roberta.encoder.layer.8.attention.self.query,23.73024108359775
sst2@s1,roberta.encoder.layer.8.attention.self.value,7.439876087524787
sst2@s1,roberta.encoder.layer.8.intermediate.dense,76.6530268735006
sst2@s1,roberta.encoder.layer.8.output.dense,23.160649794851217
sst2@s1,roberta.encoder.layer.9.attention.output.dense,8.15048316061773
sst2@s1,roberta.encoder.layer.9.attention.self.key,26.407336541752702
sst2@s1,roberta.encoder.layer.9.attention.self.query,35.68051745611326
sst2@s1,roberta.encoder.layer.9.attention.self.value,8.565980957891536
sst2@s1,roberta.encoder.layer.9.intermediate.dense,71.00048470286883
sst2@s1,roberta.encoder.layer.9.output.dense,17.818861092715593
stsb@s0,roberta.encoder.layer.0.attention.output.dense,2.0449227210565417
stsb@s0,roberta.encoder.layer.0.attention.self.key,3.3587554436009066
stsb@s0,roberta.encoder.layer.0.attention.self.query,3.2116126945687298
stsb@s0,roberta.encoder.layer.0.attention.self.value,2.0635607355491343
stsb@s0,roberta.encoder.layer.0.intermediate.dense,13.591492907239203
stsb@s0,roberta.encoder.layer.0.output.dense,7.283669724465712
stsb@s0,roberta.encoder.layer.1.attention.output.dense,2.486633999874375
stsb@s0,roberta.encoder.layer.1.attention.self.key,2.826355380481689
stsb@s0,roberta.encoder.layer.1.attention.self.query,3.1841500324826537
stsb@s0,roberta.encoder.layer.1.attention.self.value,1.3588852256536204
stsb@s0,roberta.encoder.layer.1.intermediate.dense,17.790465299437585
stsb@s0,roberta.encoder.layer.1.output.dense,6.162378257253705
stsb@s0,roberta.encoder.layer.10.attention.output.dense,0.27829356708676234
stsb@s0,roberta.encoder.layer.10.attention.self.key,2.7635757027556047
stsb@s0,roberta.encoder.layer.10.attention.self.query,1.6842429098176304
stsb@s0,roberta.encoder.layer.10.attention.self.value,0.9222751277142611
stsb@s0,roberta.encoder.layer.10.intermediate.dense,2.209816602297975
stsb@s0,roberta.encoder.layer.10.output.dense,0.10222146209349274
stsb@s0,roberta.encoder.layer.11.attention.output.dense,0.6133388017931607
stsb@s0,roberta.encoder.layer.11.attention.self.key,2.46813429033373
stsb@s0,roberta.encoder.layer.11.attention.self.query,8.779261691540484
stsb@s0,roberta.encoder.layer.11.attention.self.value,0.8697626073710755
stsb@s0,roberta.encoder.layer.11.intermediate.dense,3.5366819192101726
stsb@s0,roberta.encoder.layer.11.output.dense,0.12363720965285353
stsb@s0,roberta.encoder.layer.2.attention.output.dense,2.8609202145419284
stsb@s0,roberta.encoder.layer.2.attention.self.key,3.247858874099621
stsb@s0,roberta.encoder.layer.2.attention.self.query,2.460005016764972
stsb@s0,roberta.encoder.layer.2.attention.self.value,1.5964624728562669
stsb@s0,roberta.encoder.layer.2.intermediate.dense,16.205071237370593
stsb@s0,roberta.encoder.layer.2.output.dense,5.631348044037898
stsb@s0,roberta.encoder.layer.3.attention.output.dense,3.2098004130641753
stsb@s0,roberta.encoder.layer.3.attention.self.key,5.481105047157093
stsb@s0,roberta.encoder.layer.3.attention.self.query,4.054634331969182
stsb@s0,roberta.encoder.layer.3.attention.self.value,1.3873614182517426
stsb@s0,roberta.encoder.layer.3.intermediate.dense,15.481696455333836
stsb@s0,roberta.encoder.layer.3.output.dense,7.820200081046396
stsb@s0,roberta.encoder.layer.4.attention.output.dense,2.9334848494904344
stsb@s0,roberta.encoder.layer.4.attention.self.key,4.472422483311468
stsb@s0,roberta.encoder.layer.4.attention.self.query,5.972880581164513
stsb@s0,roberta.encoder.layer.4.attention.self.value,1.913397328552652
stsb@s0,roberta.encoder.layer.4.intermediate.dense,15.53353670954536
stsb@s0,roberta.encoder.layer.4.output.dense,7.072832180367429
stsb@s0,roberta.encoder.layer.5.attention.output.dense,2.9733081257098193
stsb@s0,roberta.encoder.layer.5.attention.self.key,4.787538871948355
stsb@s0,roberta.encoder.layer.5.attention.self.query,6.299326826301159
stsb@s0,roberta.encoder.layer.5.attention.self.value,1.3617019995735822
stsb@s0,roberta.encoder.layer.5.intermediate.dense,16.128208600926396
stsb@s0,roberta.encoder.layer.5.output.dense,6.7489254461248604
stsb@s0,roberta.encoder.layer.6.attention.output.dense,3.1696752049074144
stsb@s0,roberta.encoder.layer.6.attention.self.key,3.2453236831022814
stsb@s0,roberta.encoder.layer.6.attention.self.query,3.8146931674516704
stsb@s0,roberta.encoder.layer.6.attention.self.value,1.3780803480934494
stsb@s0,roberta.encoder.layer.6.intermediate.dense,13.883729149624966
stsb@s0,roberta.encoder.layer.6.output.dense,4.304999274419169
stsb@s0,roberta.encoder.layer.7.attention.output.dense,4.089770595289773
stsb@s0,roberta.encoder.layer.7.attention.self.key,2.4102173891139533
stsb@s0,roberta.encoder.layer.7.attention.self.query,12.038385188912379
stsb@s0,roberta.encoder.layer.7.attention.self.value,0.8661627343701729
stsb@s0,roberta.encoder.layer.7.intermediate.dense,15.471947656156932
stsb@s0,roberta.encoder.layer.7.output.dense,2.799167516081443
stsb@s0,roberta.encoder.layer.8.attention.output.dense,3.4009736890122686
stsb@s0,roberta.encoder.layer.8.attention.self.key,6.070635096164123
stsb@s0,roberta.encoder.layer.8.attention.self.query,8.973818372909259
stsb@s0,roberta.encoder.layer.8.attention.self.value,1.2977112245785243
stsb@s0,roberta.encoder.layer.8.intermediate.dense,9.240253222499335
stsb@s0,roberta.encoder.layer.8.output.dense,1.3793493286130756
stsb@s0,roberta.encoder.layer.9.attention.output.dense,1.0165971124682782
stsb@s0,roberta.encoder.layer.9.attention.self.key,4.727827612001611
stsb@s0,roberta.encoder.layer.9.attention.self.query,10.296587701962281
stsb@s0,roberta.encoder.layer.9.attention.self.value,0.9706888718083612
stsb@s0,roberta.encoder.layer.9.intermediate.dense,4.551400938701912
stsb@s0,roberta.encoder.layer.9.output.dense,1.468034681268634
stsb@s1,roberta.encoder.layer.0.attention.output.dense,2.6638060563833186
stsb@s1,roberta.encoder.layer.0.attention.self.key,5.1561363115796075
stsb@s1,roberta.encoder.layer.0.attention.self.query,3.7697964564639963
stsb@s1,roberta.encoder.layer.0.attention.self.value,2.46261778767293
stsb@s1,roberta.encoder.layer.0.intermediate.dense,18.242595412403936
stsb@s1,roberta.encoder.layer.0.output.dense,5.343500800867561
stsb@s1,roberta.encoder.layer.1.attention.output.dense,2.3500001878375287
stsb@s1,roberta.encoder.layer.1.attention.self.key,3.794641882837232
stsb@s1,roberta.encoder.layer.1.attention.self.query,2.764751514991418
stsb@s1,roberta.encoder.layer.1.attention.self.value,1.3767322270485587
stsb@s1,roberta.encoder.layer.1.intermediate.dense,16.791774121575624
stsb@s1,roberta.encoder.layer.1.output.dense,7.008801158549422
stsb@s1,roberta.encoder.layer.10.attention.output.dense,0.39394656213260665
stsb@s1,roberta.encoder.layer.10.attention.self.key,1.9476266879558768
stsb@s1,roberta.encoder.layer.10.attention.self.query,1.7804603671768358
stsb@s1,roberta.encoder.layer.10.attention.self.value,1.130435717865295
stsb@s1,roberta.encoder.layer.10.intermediate.dense,2.5266813348356383
stsb@s1,roberta.encoder.layer.10.output.dense,0.2113107275521402
stsb@s1,roberta.encoder.layer.11.attention.output.dense,0.7260002758325554
stsb@s1,roberta.encoder.layer.11.attention.self.key,3.5819859624206623
stsb@s1,roberta.encoder.layer.11.attention.self.query,4.559369759623215
stsb@s1,roberta.encoder.layer.11.attention.self.value,0.5602952752634335
stsb@s1,roberta.encoder.layer.11.intermediate.dense,2.921692644010733
stsb@s1,roberta.encoder.layer.11.output.dense,0.1467342265089257
stsb@s1,roberta.encoder.layer.2.attention.output.dense,3.0199893712792267
stsb@s1,roberta.encoder.layer.2.attention.self.key,3.0310345465727977
stsb@s1,roberta.encoder.layer.2.attention.self.query,3.1624606905252883
stsb@s1,roberta.encoder.layer.2.attention.self.value,1.3596850630181956
stsb@s1,roberta.encoder.layer.2.intermediate.dense,16.496858758735833
stsb@s1,roberta.encoder.layer.2.output.dense,5.254827105494949
stsb@s1,roberta.encoder.layer.3.attention.output.dense,2.7766260102709897
stsb@s1,roberta.encoder.layer.3.attention.self.key,3.5986833905676443
stsb@s1,roberta.encoder.layer.3.attention.self.query,4.158554958904342
stsb@s1,roberta.encoder.layer.3.attention.self.value,1.8616971295420117
stsb@s1,roberta.encoder.layer.3.intermediate.dense,19.18789008413536
stsb@s1,roberta.encoder.layer.3.output.dense,4.956018773213516
stsb@s1,roberta.encoder.layer.4.attention.output.dense,2.6909902686912623
stsb@s1,roberta.encoder.layer.4.attention.self.key,4.543074446726379
stsb@s1,roberta.encoder.layer.4.attention.self.query,3.9754705952103375
stsb@s1,roberta.encoder.layer.4.attention.self.value,1.8780355698506863
stsb@s1,roberta.encoder.layer.4.intermediate.dense,19.073679009987142
stsb@s1,roberta.encoder.layer.4.output.dense,2.945178181814705
stsb@s1,roberta.encoder.layer.5.attention.output.dense,2.0766633618910393
stsb@s1,roberta.encoder.layer.5.attention.self.key,5.180468895923204
stsb@s1,roberta.encoder.layer.5.attention.self.query,4.442439392261786
stsb@s1,roberta.encoder.layer.5.attention.self.value,1.5454543640494933
stsb@s1,roberta.encoder.layer.5.intermediate.dense,17.3455777600928
stsb@s1,roberta.encoder.layer.5.output.dense,6.100908904050293
stsb@s1,roberta.encoder.layer.6.attention.output.dense,1.9223173486776348
stsb@s1,roberta.encoder.layer.6.attention.self.key,5.059862686837006
stsb@s1,roberta.encoder.layer.6.attention.self.query,6.817065009226904
stsb@s1,roberta.encoder.layer.6.attention.self.value,0.9650659949879313
stsb@s1,roberta.encoder.layer.6.intermediate.dense,15.744487836725073
stsb@s1,roberta.encoder.layer.6.output.dense,2.925216741318434
stsb@s1,roberta.encoder.layer.7.attention.output.dense,3.197391703654875
stsb@s1,roberta.encoder.layer.7.attention.self.key,2.8383248730755968
stsb@s1,roberta.encoder.layer.7.attention.self.query,8.989997704958366
stsb@s1,roberta.encoder.layer.7.attention.self.value,0.7024389666223443
stsb@s1,roberta.encoder.layer.7.intermediate.dense,13.919099500296433
stsb@s1,roberta.encoder.layer.7.output.dense,3.079188552500854
stsb@s1,roberta.encoder.layer.8.attention.output.dense,3.236150166209099
stsb@s1,roberta.encoder.layer.8.attention.self.key,3.201520837333597
stsb@s1,roberta.encoder.layer.8.attention.self.query,3.536805406718574
stsb@s1,roberta.encoder.layer.8.attention.self.value,0.9152577803430826
stsb@s1,roberta.encoder.layer.8.intermediate.dense,7.563330094272192
stsb@s1,roberta.encoder.layer.8.output.dense,1.5250660916177206
stsb@s1,roberta.encoder.layer.9.attention.output.dense,0.96726416183421
stsb@s1,roberta.encoder.layer.9.attention.self.key,4.924193589940378
stsb@s1,roberta.encoder.layer.9.attention.self.query,3.0900490161759313
stsb@s1,roberta.encoder.layer.9.attention.self.value,0.6718029565137219
stsb@s1,roberta.encoder.layer.9.intermediate.dense,4.731875575415722
stsb@s1,roberta.encoder.layer.9.output.dense,1.2388343693352457
trec@s0,roberta.encoder.layer.0.attention.output.dense,3.674624717867933
trec@s0,roberta.encoder.layer.0.attention.self.key,4.135937971378224
trec@s0,roberta.encoder.layer.0.attention.self.query,6.230023793018334
trec@s0,roberta.encoder.layer.0.attention.self.value,3.151979011891741
trec@s0,roberta.encoder.layer.0.intermediate.dense,22.60510864989422
trec@s0,roberta.encoder.layer.0.output.dense,8.6572704872744
trec@s0,roberta.encoder.layer.1.attention.output.dense,3.2476740184189574
trec@s0,roberta.encoder.layer.1.attention.self.key,4.337396333935234
trec@s0,roberta.encoder.layer.1.attention.self.query,4.871616363354686
trec@s0,roberta.encoder.layer.1.attention.self.value,1.9662213793357448
trec@s0,roberta.encoder.layer.1.intermediate.dense,20.038277672157925
trec@s0,roberta.encoder.layer.1.output.dense,6.626396179401583
trec@s0,roberta.encoder.layer.10.attention.output.dense,1.580860619495925
trec@s0,roberta.encoder.layer.10.attention.self.key,7.284850327320384
trec@s0,roberta.encoder.layer.10.attention.self.query,21.341032714347456
trec@s0,roberta.encoder.layer.10.attention.self.value,1.2445402750290948
trec@s0,roberta.encoder.layer.10.intermediate.dense,17.30032535139272
trec@s0,roberta.encoder.layer.10.output.dense,3.6211193800109243
trec@s0,roberta.encoder.layer.11.attention.output.dense,1.4594991424672341
trec@s0,roberta.encoder.layer.11.attention.self.key,14.832339656313072
trec@s0,roberta.encoder.layer.11.attention.self.query,15.929917279534958
trec@s0,roberta.encoder.layer.11.attention.self.value,1.0032766387875922
trec@s0,roberta.encoder.layer.11.intermediate.dense,14.159367837908102
trec@s0,roberta.encoder.layer.11.output.dense,3.398450020624879
trec@s0,roberta.encoder.layer.2.attention.output.dense,3.119053476026744
trec@s0,roberta.encoder.layer.2.attention.self.key,4.60896090084873
trec@s0,roberta.encoder.layer.2.attention.self.query,3.1475884235882234
trec@s0,roberta.encoder.layer.2.attention.self.value,1.400393287166274
trec@s0,roberta.encoder.layer.2.intermediate.dense,17.205021670420145
trec@s0,roberta.encoder.layer.2.output.dense,8.007216130955094
trec@s0,roberta.encoder.layer.3.attention.output.dense,2.2718035516730195
trec@s0,roberta.encoder.layer.3.attention.self.key,4.536964051691673
trec@s0,roberta.encoder.layer.3.attention.self.query,5.057248380699624
trec@s0,roberta.encoder.layer.3.attention.self.value,1.1669345902836252
trec@s0,roberta.encoder.layer.3.intermediate.dense,22.01241065892459
trec@s0,roberta.encoder.layer.3.output.dense,3.573225128540737
trec@s0,roberta.encoder.layer.4.attention.output.dense,2.2238002411479525
trec@s0,roberta.encoder.layer.4.attention.self.key,3.403202457047764
trec@s0,roberta.encoder.layer.4.attention.self.query,3.406444143924922
trec@s0,roberta.encoder.layer.4.attention.self.value,1.6077739030623908
trec@s0,roberta.encoder.layer.4.intermediate.dense,17.806961850801024
trec@s0,roberta.encoder.layer.4.output.dense,3.4685065992020077
trec@s0,roberta.encoder.layer.5.attention.output.dense,1.6795578152812383
trec@s0,roberta.encoder.layer.5.attention.self.key,2.044809307336766
trec@s0,roberta.encoder.layer.5.attention.self.query,2.7755021795438233
trec@s0,roberta.encoder.layer.5.attention.self.value,1.4360495245896312
trec@s0,roberta.encoder.layer.5.intermediate.dense,15.276567128702027
trec@s0,roberta.encoder.layer.5.output.dense,4.834661611653743
trec@s0,roberta.encoder.layer.6.attention.output.dense,1.65970150571097
trec@s0,roberta.encoder.layer.6.attention.self.key,4.235953071156171
trec@s0,roberta.encoder.layer.6.attention.self.query,5.42397320713293
trec@s0,roberta.encoder.layer.6.attention.self.value,1.3366903846105496
trec@s0,roberta.encoder.layer.6.intermediate.dense,21.715587560516877
trec@s0,roberta.encoder.layer.6.output.dense,4.9209882282657045
trec@s0,roberta.encoder.layer.7.attention.output.dense,1.9664108279743433
trec@s0,roberta.encoder.layer.7.attention.self.key,8.488971019304525
trec@s0,roberta.encoder.layer.7.attention.self.query,3.5989314413611466
trec@s0,roberta.encoder.layer.7.attention.self.value,1.3038108327448277
trec@s0,roberta.encoder.layer.7.intermediate.dense,22.0483950507101
trec@s0,roberta.encoder.layer.7.output.dense,2.858029195965983
trec@s0,roberta.encoder.layer.8.attention.output.dense,1.948843338588529
trec@s0,roberta.encoder.layer.8.attention.self.key,5.057452660569032
trec@s0,roberta.encoder.layer.8.attention.self.query,6.199158318170624
trec@s0,roberta.encoder.layer.8.attention.self.value,1.5542727814508008
trec@s0,roberta.encoder.layer.8.intermediate.dense,17.256958781522346
trec@s0,roberta.encoder.layer.8.output.dense,2.9757965957971737
trec@s0,roberta.encoder.layer.9.attention.output.dense,1.9961656352477832
trec@s0,roberta.encoder.layer.9.attention.self.key,6.331547915905364
trec@s0,roberta.encoder.layer.9.attention.self.query,13.74772266870618
trec@s0,roberta.encoder.layer.9.attention.self.value,1.4490913796241986
trec@s0,roberta.encoder.layer.9.intermediate.dense,23.775852949628657
trec@s0,roberta.encoder.layer.9.output.dense,2.6322359393493526
trec@s1,roberta.encoder.layer.0.attention.output.dense,4.606675890634965
trec@s1,roberta.encoder.layer.0.attention.self.key,3.7448306692548887
trec@s1,roberta.encoder.layer.0.attention.self.query,7.435717020374927
trec@s1,roberta.encoder.layer.0.attention.self.value,2.8489212744536547
trec@s1,roberta.encoder.layer.0.intermediate.dense,22.475782409639603
trec@s1,roberta.encoder.layer.0.output.dense,7.967490135255208
trec@s1,roberta.encoder.layer.1.attention.output.dense,3.2317883233420557
trec@s1,roberta.encoder.layer.1.attention.self.key,4.876279606378612
trec@s1,roberta.encoder.layer.1.attention.self.query,2.8338874082169516
trec@s1,roberta.encoder.layer.1.attention.self.value,2.7617918097599823
trec@s1,roberta.encoder.layer.1.intermediate.dense,17.586324598979964
trec@s1,roberta.encoder.layer.1.output.dense,9.291749006451798
trec@s1,roberta.encoder.layer.10.attention.output.dense,1.3753911609430942
trec@s1,roberta.encoder.layer.10.attention.self.key,6.645541829193778
trec@s1,roberta.encoder.layer.10.attention.self.query,20.553559528388348
trec@s1,roberta.encoder.layer.10.attention.self.value,1.209170869717791
trec@s1,roberta.encoder.layer.10.intermediate.dense,20.464567089433512
trec@s1,roberta.encoder.layer.10.output.dense,2.5963547976223618
trec@s1,roberta.encoder.layer.11.attention.output.dense,1.4371502924120456
trec@s1,roberta.encoder.layer.11.attention.self.key,10.573634819453925
trec@s1,roberta.encoder.layer.11.attention.self.query,18.642586483832112
trec@s1,roberta.encoder.layer.11.attention.self.value,1.0172312689462841
trec@s1,roberta.encoder.layer.11.intermediate.dense,20.178676068219296
trec@s1,roberta.encoder.layer.11.output.dense,2.499063428761084
trec@s1,roberta.encoder.layer.2.attention.output.dense,2.2690210977292433
trec@s1,roberta.encoder.layer.2.attention.self.key,2.7400722776750834
trec@s1,roberta.encoder.layer.2.attention.self.query,2.6642386570331698
trec@s1,roberta.encoder.layer.2.attention.self.value,1.5855689862367872
trec@s1,roberta.encoder.layer.2.intermediate.dense,16.635576341077186
trec@s1,roberta.encoder.layer.2.output.dense,5.3578194813678035
trec@s1,roberta.encoder.layer.3.attention.output.dense,2.6525105389037518
trec@s1,roberta.encoder.layer.3.attention.self.key,3.548028772260658
trec@s1,roberta.encoder.layer.3.attention.self.query,2.8367942563313333
trec@s1,roberta.encoder.layer.3.attention.self.value,1.389069786490154
trec@s1,roberta.encoder.layer.3.intermediate.dense,17.61851690611799
trec@s1,roberta.encoder.layer.3.output.dense,5.409138013248294
trec@s1,roberta.encoder.layer.4.attention.output.dense,2.0843747244778665
trec@s1,roberta.encoder.layer.4.attention.self.key,3.423715898825429
trec@s1,roberta.encoder.layer.4.attention.self.query,3.9430894187233374
trec@s1,roberta.encoder.layer.4.attention.self.value,1.893005932723744
trec@s1,roberta.encoder.layer.4.intermediate.dense,16.478611259060965
trec@s1,roberta.encoder.layer.4.output.dense,2.9752687332514274
trec@s1,roberta.encoder.layer.5.attention.output.dense,1.9019308533408603
trec@s1,roberta.encoder.layer.5.attention.self.key,3.75709214953675
trec@s1,roberta.encoder.layer.5.attention.self.query,4.657906416781787
trec@s1,roberta.encoder.layer.5.attention.self.value,1.2582061767870356
trec@s1,roberta.encoder.layer.5.intermediate.dense,15.689708692212145
trec@s1,roberta.encoder.layer.5.output.dense,4.1900179598690075
trec@s1,roberta.encoder.layer.6.attention.output.dense,2.1472112245167443
trec@s1,roberta.encoder.layer.6.attention.self.key,4.398016559465508
trec@s1,roberta.encoder.layer.6.attention.self.query,4.94313291570924
trec@s1,roberta.encoder.layer.6.attention.self.value,1.443954150568538
trec@s1,roberta.encoder.layer.6.intermediate.dense,20.872966968406597
trec@s1,roberta.encoder.layer.6.output.dense,3.577012673136377
trec@s1,roberta.encoder.layer.7.attention.output.dense,2.1886792813251996
trec@s1,roberta.encoder.layer.7.attention.self.key,5.678705339882892
trec@s1,roberta.encoder.layer.7.attention.self.query,3.9996677755013588
trec@s1,roberta.encoder.layer.7.attention.self.value,1.4000545619429103
trec@s1,roberta.encoder.layer.7.intermediate.dense,17.692471273273476
trec@s1,roberta.encoder.layer.7.output.dense,5.293319519683559
trec@s1,roberta.encoder.layer.8.attention.output.dense,1.6581143440742405
trec@s1,roberta.encoder.layer.8.attention.self.key,7.942059213431518
trec@s1,roberta.encoder.layer.8.attention.self.query,9.256054044993784
trec@s1,roberta.encoder.layer.8.attention.self.value,1.2625156411845557
trec@s1,roberta.encoder.layer.8.intermediate.dense,19.23982798190249
trec@s1,roberta.encoder.layer.8.output.dense,4.000885114007575
trec@s1,roberta.encoder.layer.9.attention.output.dense,1.4391337920344123
trec@s1,roberta.encoder.layer.9.attention.self.key,9.797592645517563
trec@s1,roberta.encoder.layer.9.attention.self.query,7.10960172878781
trec@s1,roberta.encoder.layer.9.attention.self.value,1.2885064358055465
trec@s1,roberta.encoder.layer.9.intermediate.dense,21.463383014296518
trec@s1,roberta.encoder.layer.9.output.dense,4.791543486160984
wic@s0,roberta.encoder.layer.0.attention.output.dense,3.7177433021493065
wic@s0,roberta.encoder.layer.0.attention.self.key,5.236021140772912
wic@s0,roberta.encoder.layer.0.attention.self.query,8.038675506770492
wic@s0,roberta.encoder.layer.0.attention.self.value,3.986493828040767
wic@s0,roberta.encoder.layer.0.intermediate.dense,18.379244070959764
wic@s0,roberta.encoder.layer.0.output.dense,8.208779484230966
wic@s0,roberta.encoder.layer.1.attention.output.dense,3.2355674665460716
wic@s0,roberta.encoder.layer.1.attention.self.key,5.1558131406266625
wic@s0,roberta.encoder.layer.1.attention.self.query,4.246221187340274
wic@s0,roberta.encoder.layer.1.attention.self.value,2.219219967016074
wic@s0,roberta.encoder.layer.1.intermediate.dense,26.583766832189053
wic@s0,roberta.encoder.layer.1.output.dense,6.740004151950314
wic@s0,roberta.encoder.layer.10.attention.output.dense,1.795393320926414
wic@s0,roberta.encoder.layer.10.attention.self.key,10.677484840351228
wic@s0,roberta.encoder.layer.10.attention.self.query,10.756620499013593
wic@s0,roberta.encoder.layer.10.attention.self.value,2.0898912730740444
wic@s0,roberta.encoder.layer.10.intermediate.dense,10.971349479805763
wic@s0,roberta.encoder.layer.10.output.dense,3.1745064959204945
wic@s0,roberta.encoder.layer.11.attention.output.dense,5.630537691292415
wic@s0,roberta.encoder.layer.11.attention.self.key,10.698453778062142
wic@s0,roberta.encoder.layer.11.attention.self.query,43.81299779169328
wic@s0,roberta.encoder.layer.11.attention.self.value,1.4102960907948683
wic@s0,roberta.encoder.layer.11.intermediate.dense,8.903737102190483
wic@s0,roberta.encoder.layer.11.output.dense,0.3023284880438021
wic@s0,roberta.encoder.layer.2.attention.output.dense,3.7260859756730924
wic@s0,roberta.encoder.layer.2.attention.self.key,6.647410386975522
wic@s0,roberta.encoder.layer.2.attention.self.query,3.9044473746761437
wic@s0,roberta.encoder.layer.2.attention.self.value,2.256487647118678
wic@s0,roberta.encoder.layer.2.intermediate.dense,24.985926190399738
wic@s0,roberta.encoder.layer.2.output.dense,12.532886426532253
wic@s0,roberta.encoder.layer.3.attention.output.dense,3.276866141699809
wic@s0,roberta.encoder.layer.3.attention.self.key,6.069167457581424
wic@s0,roberta.encoder.layer.3.attention.self.query,5.891671155462732
wic@s0,roberta.encoder.layer.3.attention.self.value,3.2123585903523564
wic@s0,roberta.encoder.layer.3.intermediate.dense,26.048473417594234
wic@s0,roberta.encoder.layer.3.output.dense,9.886301032478944
wic@s0,roberta.encoder.layer.4.attention.output.dense,4.785094145407186
wic@s0,roberta.encoder.layer.4.attention.self.key,6.091975769090503
wic@s0,roberta.encoder.layer.4.attention.self.query,4.986806807530535
wic@s0,roberta.encoder.layer.4.attention.self.value,3.0472697023195994
wic@s0,roberta.encoder.layer.4.intermediate.dense,25.56571913856302
wic@s0,roberta.encoder.layer.4.output.dense,7.909015836991893
wic@s0,roberta.encoder.layer.5.attention.output.dense,3.1676904558104018
wic@s0,roberta.encoder.layer.5.attention.self.key,7.144367261633488
wic@s0,roberta.encoder.layer.5.attention.self.query,8.467050486496394
wic@s0,roberta.encoder.layer.5.attention.self.value,2.4145140962850977
wic@s0,roberta.encoder.layer.5.intermediate.dense,20.005266536795652
wic@s0,roberta.encoder.layer.5.output.dense,14.61721141752742
wic@s0,roberta.encoder.layer.6.attention.output.dense,4.9913419480779515
wic@s0,roberta.encoder.layer.6.attention.self.key,7.180916558881579
wic@s0,roberta.encoder.layer.6.attention.self.query,7.892567311682793
wic@s0,roberta.encoder.layer.6.attention.self.value,2.643794400685587
wic@s0,roberta.encoder.layer.6.intermediate.dense,24.554530966094905
wic@s0,roberta.encoder.layer.6.output.dense,7.492459031106902
wic@s0,roberta.encoder.layer.7.attention.output.dense,5.002020203292915
wic@s0,roberta.encoder.layer.7.attention.self.key,12.963054703030123
wic@s0,roberta.encoder.layer.7.attention.self.query,14.613386534051232
wic@s0,roberta.encoder.layer.7.attention.self.value,2.4546446936773556
wic@s0,roberta.encoder.layer.7.intermediate.dense,27.553243376131036
wic@s0,roberta.encoder.layer.7.output.dense,4.1411184962408
wic@s0,roberta.encoder.layer.8.attention.output.dense,4.300161068030789
wic@s0,roberta.encoder.layer.8.attention.self.key,7.229136655481227
wic@s0,roberta.encoder.layer.8.attention.self.query,6.511375931761058
wic@s0,roberta.encoder.layer.8.attention.self.value,3.449532597457828
wic@s0,roberta.encoder.layer.8.intermediate.dense,21.677006471323857
wic@s0,roberta.encoder.layer.8.output.dense,2.9860961742079652
wic@s0,roberta.encoder.layer.9.attention.output.dense,2.5052611574761734
wic@s0,roberta.encoder.layer.9.attention.self.key,8.42635358695761
wic@s0,roberta.encoder.layer.9.attention.self.query,20.754816946708
wic@s0,roberta.encoder.layer.9.attention.self.value,2.400598258024769
wic@s0,roberta.encoder.layer.9.intermediate.dense,21.325508418247182
wic@s0,roberta.encoder.layer.9.output.dense,3.490785336888853
wic@s1,roberta.encoder.layer.0.attention.output.dense,5.0748125607604715
wic@s1,roberta.encoder.layer.0.attention.self.key,7.453940399556439
wic@s1,roberta.encoder.layer.0.attention.self.query,6.333785083921643
wic@s1,roberta.encoder.layer.0.attention.self.value,3.8179808667434276
wic@s1,roberta.encoder.layer.0.intermediate.dense,25.093390968221993
wic@s1,roberta.encoder.layer.0.output.dense,12.274621898437513
wic@s1,roberta.encoder.layer.1.attention.output.dense,5.884773188834972
wic@s1,roberta.encoder.layer.1.attention.self.key,6.813988664775604
wic@s1,roberta.encoder.layer.1.attention.self.query,6.965111763529638
wic@s1,roberta.encoder.layer.1.attention.self.value,4.0108815370195625
wic@s1,roberta.encoder.layer.1.intermediate.dense,30.776778481872004
wic@s1,roberta.encoder.layer.1.output.dense,12.533572021613237
wic@s1,roberta.encoder.layer.10.attention.output.dense,1.950594478356244
wic@s1,roberta.encoder.layer.10.attention.self.key,9.552106611690682
wic@s1,roberta.encoder.layer.10.attention.self.query,22.29156765088222
wic@s1,roberta.encoder.layer.10.attention.self.value,2.035888891797384
wic@s1,roberta.encoder.layer.10.intermediate.dense,9.308760471289318
wic@s1,roberta.encoder.layer.10.output.dense,1.2640504333027476
wic@s1,roberta.encoder.layer.11.attention.output.dense,4.2384319298563895
wic@s1,roberta.encoder.layer.11.attention.self.key,22.450746765595486
wic@s1,roberta.encoder.layer.11.attention.self.query,22.215987860684795
wic@s1,roberta.encoder.layer.11.attention.self.value,1.5335648310260663
wic@s1,roberta.encoder.layer.11.intermediate.dense,5.770905272573151
wic@s1,roberta.encoder.layer.11.output.dense,0.41795674425158363
wic@s1,roberta.encoder.layer.2.attention.output.dense,7.231342432581018
wic@s1,roberta.encoder.layer.2.attention.self.key,6.263221621744068
wic@s1,roberta.encoder.layer.2.attention.self.query,6.9491578350598635
wic@s1,roberta.encoder.layer.2.attention.self.value,3.395213197509063
wic@s1,roberta.encoder.layer.2.intermediate.dense,23.774761916730636
wic@s1,roberta.encoder.layer.2.output.dense,9.644202335738807
wic@s1,roberta.encoder.layer.3.attention.output.dense,4.382665693992265
wic@s1,roberta.encoder.layer.3.attention.self.key,6.701616323719608
wic@s1,roberta.encoder.layer.3.attention.self.query,6.096337614825498
wic@s1,roberta.encoder.layer.3.attention.self.value,3.0645611618686304
wic@s1,roberta.encoder.layer.3.intermediate.dense,23.293075829675168
wic@s1,roberta.encoder.layer.3.output.dense,9.322337169395295
wic@s1,roberta.encoder.layer.4.attention.output.dense,3.727808930800546
wic@s1,roberta.encoder.layer.4.attention.self.key,8.020504559962202
wic@s1,roberta.encoder.layer.4.attention.self.query,6.947692457228804
wic@s1,roberta.encoder.layer.4.attention.self.value,2.893647196226109
wic@s1,roberta.encoder.layer.4.intermediate.dense,20.966802033592497
wic@s1,roberta.encoder.layer.4.output.dense,9.553598280614109
wic@s1,roberta.encoder.layer.5.attention.output.dense,3.997214372262964
wic@s1,roberta.encoder.layer.5.attention.self.key,10.109402082802111
wic@s1,roberta.encoder.layer.5.attention.self.query,6.208999847276733
wic@s1,roberta.encoder.layer.5.attention.self.value,3.1860145886627222
wic@s1,roberta.encoder.layer.5.intermediate.dense,26.339475100866903
wic@s1,roberta.encoder.layer.5.output.dense,8.535255609790724
wic@s1,roberta.encoder.layer.6.attention.output.dense,4.414918656303504
wic@s1,roberta.encoder.layer.6.attention.self.key,6.722295277844714
wic@s1,roberta.encoder.layer.6.attention.self.query,9.781801936124452
wic@s1,roberta.encoder.layer.6.attention.self.value,2.6942750864451144
wic@s1,roberta.encoder.layer.6.intermediate.dense,33.724378171582444
wic@s1,roberta.encoder.layer.6.output.dense,9.394202306816812
wic@s1,roberta.encoder.layer.7.attention.output.dense,4.97467347028656
wic@s1,roberta.encoder.layer.7.attention.self.key,8.873594968375057
wic@s1,roberta.encoder.layer.7.attention.self.query,10.745525831389246
wic@s1,roberta.encoder.layer.7.attention.self.value,2.694036043000735
wic@s1,roberta.encoder.layer.7.intermediate.dense,18.661238908605036
wic@s1,roberta.encoder.layer.7.output.dense,5.324470105991611
wic@s1,roberta.encoder.layer.8.attention.output.dense,3.569968907157067
wic@s1,roberta.encoder.layer.8.attention.self.key,5.736409108554294
wic@s1,roberta.encoder.layer.8.attention.self.query,9.663032327147857
wic@s1,roberta.encoder.layer.8.attention.self.value,3.28735024929643
wic@s1,roberta.encoder.layer.8.intermediate.dense,22.452832451732345
wic@s1,roberta.encoder.layer.8.output.dense,5.068439047699166
wic@s1,roberta.encoder.layer.9.attention.output.dense,4.54957285050759
wic@s1,roberta.encoder.layer.9.attention.self.key,9.590453793565507
wic@s1,roberta.encoder.layer.9.attention.self.query,11.160759430754421
wic@s1,roberta.encoder.layer.9.attention.self.value,2.198718801828049
wic@s1,roberta.encoder.layer.9.intermediate.dense,23.801291349987864
wic@s1,roberta.encoder.layer.9.output.dense,2.5680765892960324
yelp_polarity@s0,roberta.encoder.layer.0.attention.output.dense,11.43698145077134
yelp_polarity@s0,roberta.encoder.layer.0.attention.self.key,21.458005404104536
yelp_polarity@s0,roberta.encoder.layer.0.attention.self.query,32.69044694273177
yelp_polarity@s0,roberta.encoder.layer.0.attention.self.value,12.240434316409397
yelp_polarity@s0,roberta.encoder.layer.0.intermediate.dense,57.835435498994634
yelp_polarity@s0,roberta.encoder.layer.0.output.dense,24.674545328967362
yelp_polarity@s0,roberta.encoder.layer.1.attention.output.dense,10.170490816976647
yelp_polarity@s0,roberta.encoder.layer.1.attention.self.key,18.44487391435517
yelp_polarity@s0,roberta.encoder.layer.1.attention.self.query,26.007317298413216
yelp_polarity@s0,roberta.encoder.layer.1.attention.self.value,10.225105006325087
yelp_polarity@s0,roberta.encoder.layer.1.intermediate.dense,57.68191467753809
yelp_polarity@s0,roberta.encoder.layer.1.output.dense,22.460987913834703
yelp_polarity@s0,roberta.encoder.layer.10.attention.output.dense,5.422220595958997
yelp_polarity@s0,roberta.encoder.layer.10.attention.self.key,19.190724775470834
yelp_polarity@s0,roberta.encoder.layer.10.attention.self.query,33.20330349186106
yelp_polarity@s0,roberta.encoder.layer.10.attention.self.value,4.945439979185377
yelp_polarity@s0,roberta.encoder.layer.10.intermediate.dense,45.84965207151062
yelp_polarity@s0,roberta.encoder.layer.10.output.dense,6.662825639809444
yelp_polarity@s0,roberta.encoder.layer.11.attention.output.dense,5.7169956261860895
yelp_polarity@s0,roberta.encoder.layer.11.attention.self.key,27.0247457146764
yelp_polarity@s0,roberta.encoder.layer.11.attention.self.query,41.3927074767318
yelp_polarity@s0,roberta.encoder.layer.11.attention.self.value,3.268473642573751
yelp_polarity@s0,roberta.encoder.layer.11.intermediate.dense,18.15861037831514
yelp_polarity@s0,roberta.encoder.layer.11.output.dense,2.461003159483336
yelp_polarity@s0,roberta.encoder.layer.2.attention.output.dense,10.014319182863748
yelp_polarity@s0,roberta.encoder.layer.2.attention.self.key,16.25380408528023
yelp_polarity@s0,roberta.encoder.layer.2.attention.self.query,18.371766439563018
yelp_polarity@s0,roberta.encoder.layer.2.attention.self.value,7.703789384109511
yelp_polarity@s0,roberta.encoder.layer.2.intermediate.dense,58.41999353267079
yelp_polarity@s0,roberta.encoder.layer.2.output.dense,17.991459670268185
yelp_polarity@s0,roberta.encoder.layer.3.attention.output.dense,9.210333072982067
yelp_polarity@s0,roberta.encoder.layer.3.attention.self.key,17.344945341710265
yelp_polarity@s0,roberta.encoder.layer.3.attention.self.query,23.86938694569279
yelp_polarity@s0,roberta.encoder.layer.3.attention.self.value,7.337881865395142
yelp_polarity@s0,roberta.encoder.layer.3.intermediate.dense,51.91655879095835
yelp_polarity@s0,roberta.encoder.layer.3.output.dense,20.323210082035395
yelp_polarity@s0,roberta.encoder.layer.4.attention.output.dense,7.26906546442652
yelp_polarity@s0,roberta.encoder.layer.4.attention.self.key,16.937860587668183
yelp_polarity@s0,roberta.encoder.layer.4.attention.self.query,16.04622316438733
yelp_polarity@s0,roberta.encoder.layer.4.attention.self.value,6.185672427477617
yelp_polarity@s0,roberta.encoder.layer.4.intermediate.dense,56.73949658087527
yelp_polarity@s0,roberta.encoder.layer.4.output.dense,19.461127664976647
yelp_polarity@s0,roberta.encoder.layer.5.attention.output.dense,10.567195614195978
yelp_polarity@s0,roberta.encoder.layer.5.attention.self.key,17.699318444029398
yelp_polarity@s0,roberta.encoder.layer.5.attention.self.query,20.301546308073057
yelp_polarity@s0,roberta.encoder.layer.5.attention.self.value,5.1719930888747605
yelp_polarity@s0,roberta.encoder.layer.5.intermediate.dense,43.94657726824803
yelp_polarity@s0,roberta.encoder.layer.5.output.dense,21.91686838027549
yelp_polarity@s0,roberta.encoder.layer.6.attention.output.dense,9.523083440173608
yelp_polarity@s0,roberta.encoder.layer.6.attention.self.key,17.655898270163398
yelp_polarity@s0,roberta.encoder.layer.6.attention.self.query,20.272342934778116
yelp_polarity@s0,roberta.encoder.layer.6.attention.self.value,5.828332389832304
yelp_polarity@s0,roberta.encoder.layer.6.intermediate.dense,53.355779981182074
yelp_polarity@s0,roberta.encoder.layer.6.output.dense,13.65591004029768
yelp_polarity@s0,roberta.encoder.layer.7.attention.output.dense,12.087031426634866
yelp_polarity@s0,roberta.encoder.layer.7.attention.self.key,20.743891847198118
yelp_polarity@s0,roberta.encoder.layer.7.attention.self.query,31.444543797320893
yelp_polarity@s0,roberta.encoder.layer.7.attention.self.value,6.412322292911792
yelp_polarity@s0,roberta.encoder.layer.7.intermediate.dense,69.34487948231735
yelp_polarity@s0,roberta.encoder.layer.7.output.dense,24.556264378178838
yelp_polarity@s0,roberta.encoder.layer.8.attention.output.dense,9.035479406660293
yelp_polarity@s0,roberta.encoder.layer.8.attention.self.key,15.64738815656539
yelp_polarity@s0,roberta.encoder.layer.8.attention.self.query,33.83554452864279
yelp_polarity@s0,roberta.encoder.layer.8.attention.self.value,7.057821453969695
yelp_polarity@s0,roberta.encoder.layer.8.intermediate.dense,62.328406721334694
yelp_polarity@s0,roberta.encoder.layer.8.output.dense,16.741919538659353
yelp_polarity@s0,roberta.encoder.layer.9.attention.output.dense,4.988738663018794
yelp_polarity@s0,roberta.encoder.layer.9.attention.self.key,25.587019774848294
yelp_polarity@s0,roberta.encoder.layer.9.attention.self.query,30.754132583732062
yelp_polarity@s0,roberta.encoder.layer.9.attention.self.value,5.137368077323298
yelp_polarity@s0,roberta.encoder.layer.9.intermediate.dense,55.68444665769515
yelp_polarity@s0,roberta.encoder.layer.9.output.dense,13.407848011205468
yelp_polarity@s1,roberta.encoder.layer.0.attention.output.dense,11.221176321988246
yelp_polarity@s1,roberta.encoder.layer.0.attention.self.key,25.637880041730543
yelp_polarity@s1,roberta.encoder.layer.0.attention.self.query,43.628181621397594
yelp_polarity@s1,roberta.encoder.layer.0.attention.self.value,12.990786101616646
yelp_polarity@s1,roberta.encoder.layer.0.intermediate.dense,56.10089928006322
yelp_polarity@s1,roberta.encoder.layer.0.output.dense,26.363034866899
yelp_polarity@s1,roberta.encoder.layer.1.attention.output.dense,8.692179542141295
yelp_polarity@s1,roberta.encoder.layer.1.attention.self.key,18.637302570749696
yelp_polarity@s1,roberta.encoder.layer.1.attention.self.query,21.756698016944636
yelp_polarity@s1,roberta.encoder.layer.1.attention.self.value,7.007996077338044
yelp_polarity@s1,roberta.encoder.layer.1.intermediate.dense,56.815719528286714
yelp_polarity@s1,roberta.encoder.layer.1.output.dense,25.58684641179579
yelp_polarity@s1,roberta.encoder.layer.10.attention.output.dense,6.120164976121374
yelp_polarity@s1,roberta.encoder.layer.10.attention.self.key,23.412683358842948
yelp_polarity@s1,roberta.encoder.layer.10.attention.self.query,35.022264138517905
yelp_polarity@s1,roberta.encoder.layer.10.attention.self.value,3.9870298213182886
yelp_polarity@s1,roberta.encoder.layer.10.intermediate.dense,41.954307878414824
yelp_polarity@s1,roberta.encoder.layer.10.output.dense,6.477548026128959
yelp_polarity@s1,roberta.encoder.layer.11.attention.output.dense,3.887260554231341
yelp_polarity@s1,roberta.encoder.layer.11.attention.self.key,18.15923604791343
yelp_polarity@s1,roberta.encoder.layer.11.attention.self.query,31.392612766539063
yelp_polarity@s1,roberta.encoder.layer.11.attention.self.value,3.983127017364513
yelp_polarity@s1,roberta.encoder.layer.11.intermediate.dense,20.320905925385407
yelp_polarity@s1,roberta.encoder.layer.11.output.dense,2.6294317186838567
yelp_polarity@s1,roberta.encoder.layer.2.attention.output.dense,11.376997297668627
yelp_polarity@s1,roberta.encoder.layer.2.attention.self.key,15.440497032363364
yelp_polarity@s1,roberta.encoder.layer.2.attention.self.query,20.816857025027222
yelp_polarity@s1,roberta.encoder.layer.2.attention.self.value,10.301253116677776
yelp_polarity@s1,roberta.encoder.layer.2.intermediate.dense,50.053024215419214
yelp_polarity@s1,roberta.encoder.layer.2.output.dense,17.686135962433568
yelp_polarity@s1,roberta.encoder.layer.3.attention.output.dense,9.194834312796068
yelp_polarity@s1,roberta.encoder.layer.3.attention.self.key,18.85135735544201
yelp_polarity@s1,roberta.encoder.layer.3.attention.self.query,20.01304219814757
yelp_polarity@s1,roberta.encoder.layer.3.attention.self.value,6.500942051531806
yelp_polarity@s1,roberta.encoder.layer.3.intermediate.dense,56.022445187537144
yelp_polarity@s1,roberta.encoder.layer.3.output.dense,16.013080579853412
yelp_polarity@s1,roberta.encoder.layer.4.attention.output.dense,7.6258650787038205
yelp_polarity@s1,roberta.encoder.layer.4.attention.self.key,16.478299397450787
yelp_polarity@s1,roberta.encoder.layer.4.attention.self.query,17.33507392964724
yelp_polarity@s1,roberta.encoder.layer.4.attention.self.value,5.596794683798011
yelp_polarity@s1,roberta.encoder.layer.4.intermediate.dense,54.62540936992463
yelp_polarity@s1,roberta.encoder.layer.4.output.dense,12.354122297559016
yelp_polarity@s1,roberta.encoder.layer.5.attention.output.dense,7.814676486731265
yelp_polarity@s1,roberta.encoder.layer.5.attention.self.key,14.611666461639143
yelp_polarity@s1,roberta.encoder.layer.5.attention.self.query,21.619694085072982
yelp_polarity@s1,roberta.encoder.layer.5.attention.self.value,5.654201102724814
yelp_polarity@s1,roberta.encoder.layer.5.intermediate.dense,57.29877005288609
yelp_polarity@s1,roberta.encoder.layer.5.output.dense,25.04768447822875
yelp_polarity@s1,roberta.encoder.layer.6.attention.output.dense,8.543297177440733
yelp_polarity@s1,roberta.encoder.layer.6.attention.self.key,17.460095676374117
yelp_polarity@s1,roberta.encoder.layer.6.attention.self.query,30.27963997832962
yelp_polarity@s1,roberta.encoder.layer.6.attention.self.value,6.705956745357214
yelp_polarity@s1,roberta.encoder.layer.6.intermediate.dense,75.72229042493733
yelp_polarity@s1,roberta.encoder.layer.6.output.dense,18.632296741170293
yelp_polarity@s1,roberta.encoder.layer.7.attention.output.dense,11.660905803060883
yelp_polarity@s1,roberta.encoder.layer.7.attention.self.key,16.815408877192922
yelp_polarity@s1,roberta.encoder.layer.7.attention.self.query,28.314945329244782
yelp_polarity@s1,roberta.encoder.layer.7.attention.self.value,5.766617122867348
yelp_polarity@s1,roberta.encoder.layer.7.intermediate.dense,63.7412095598204
yelp_polarity@s1,roberta.encoder.layer.7.output.dense,18.49940559069233
yelp_polarity@s1,roberta.encoder.layer.8.attention.output.dense,10.495160775484672
yelp_polarity@s1,roberta.encoder.layer.8.attention.self.key,23.524223664360406
yelp_polarity@s1,roberta.encoder.layer.8.attention.self.query,27.437591482823787
yelp_polarity@s1,roberta.encoder.layer.8.attention.self.value,8.147659816628332
yelp_polarity@s1,roberta.encoder.layer.8.intermediate.dense,75.55989644064299
yelp_polarity@s1,roberta.encoder.layer.8.output.dense,12.880150077305771
yelp_polarity@s1,roberta.encoder.layer.9.attention.output.dense,5.255564221915883
yelp_polarity@s1,roberta.encoder.layer.9.attention.self.key,25.746407370139806
yelp_polarity@s1,roberta.encoder.layer.9.attention.self.query,44.423439646206276
yelp_polarity@s1,roberta.encoder.layer.9.attention.self.value,7.481435011759551
yelp_polarity@s1,roberta.encoder.layer.9.intermediate.dense,59.39228833520795
yelp_polarity@s1,roberta.encoder.layer.9.output.dense,10.361453075391688
