pop,pair,t1,t2,t1_task,t2_task,TA_hold_norm_lam0.3,TA_hold_t1_lam0.3,TA_eval_t1_lam0.3,TA_hold_t2_lam0.3,TA_eval_t2_lam0.3,TA_eval_D_lam0.3,TA_hold_norm_lam0.5,TA_hold_t1_lam0.5,TA_eval_t1_lam0.5,TA_hold_t2_lam0.5,TA_eval_t2_lam0.5,TA_eval_D_lam0.5,TA_hold_norm_lam0.7,TA_hold_t1_lam0.7,TA_eval_t1_lam0.7,TA_hold_t2_lam0.7,TA_eval_t2_lam0.7,TA_eval_D_lam0.7,TA_hold_norm_lam1.0,TA_hold_t1_lam1.0,TA_eval_t1_lam1.0,TA_hold_t2_lam1.0,TA_eval_t2_lam1.0,TA_eval_D_lam1.0,lam_selected,merged_eval_t1,merged_eval_t2,single_eval_t1,single_eval_t2,norm_t1,norm_t2,D,TA_score_sel,TIES_hold_norm_lam0.3,TIES_hold_norm_lam0.5,TIES_hold_norm_lam0.7,TIES_hold_norm_lam1.0,lam_TIES_own,TIES_atTA_score,TIES_atTA_eval_t1,TIES_atTA_eval_t2,TIES_own_score,TIES_own_eval_t1,TIES_own_eval_t2,gate_n_fail_layers,gate_active,gate_fail_layers,lam_GATE_own,GATE_atTA_score,GATE_own_score,secs
P,ag_news@s0__cola@s1,ag_news@s0,cola@s1,ag_news,cola,0.816755912,0.738,0.7243421053,0.706,0.7181208054,0.1846990957,0.9107967734,0.9,0.8868421053,0.721,0.7440076702,0.08266011322,0.9387003118,0.93,0.9181578947,0.741,0.7583892617,0.05737851174,0.9302590286,0.929,0.9255263158,0.728,0.7507190796,0.05804080087,0.7,0.9181578947,0.7583892617,0.9386842105,0.8360498562,0.9781328848,0.9071100917,0.05737851174,0.9426214883,0.653886961,0.8122234224,0.883996992,0.9323260992,1,0.8889424722,0.8464473684,0.7325023969,0.9277508468,0.9031578947,0.7468839885,0,False,[],0.7,0.9426214883,0.9426214883,61.31437087
P,ag_news@s0__imdb@s1,ag_news@s0,imdb@s1,ag_news,imdb,0.89984259,0.864,0.8502631579,0.793,0.8019,0.09649152407,0.9752670179,0.938,0.9243421053,0.858,0.8647,0.02174376605,0.9817938591,0.944,0.9347368421,0.864,0.8711,0.01261058655,0.9656445655,0.939,0.9346052632,0.84,0.846,0.02678496656,0.7,0.9347368421,0.8711,0.9386842105,0.8898,0.9957947855,0.9789840414,0.01261058655,0.9873894134,0.6581438387,0.8725191976,0.9515727997,0.973130993,1,0.953113371,0.8975,0.8454,0.9734653708,0.9247368421,0.8558,0,False,[],0.7,0.9873894134,0.9873894134,234.081064
P,ag_news@s0__mnli@s1,ag_news@s0,mnli@s1,ag_news,mnli,0.6755954865,0.869,0.8544736842,0.365,0.3875700458,0.308582329,0.8177902451,0.909,0.8969736842,0.566,0.5797249109,0.1688014007,0.9276109986,0.916,0.9053947368,0.742,0.7411105451,0.06593074543,0.929349599,0.894,0.8902631579,0.764,0.7431482425,0.0727485038,1,0.8902631579,0.7431482425,0.9386842105,0.8201732043,0.9484160359,0.9060869565,0.0727485038,0.9272514962,0.4954518212,0.63906591,0.719395574,0.846075062,1,0.8562053468,0.8576315789,0.6551197147,0.8562053468,,,0,False,[],1,0.9272514962,0.9272514962,99.47043514
P,ag_news@s0__mrpc@s1,ag_news@s0,mrpc@s1,ag_news,mrpc,0.8644425386,0.885,0.8705263158,0.661,0.6862745098,0.1340061676,0.9017705355,0.925,0.9086842105,0.688,0.7205882353,0.09356602187,0.9350066705,0.904,0.9010526316,0.761,0.7965686275,0.05309083263,0.7657080236,0.803,0.8089473684,0.569,0.5171568627,0.2659447715,0.7,0.9010526316,0.7965686275,0.9386842105,0.8529411765,0.9599102888,0.933908046,0.05309083263,0.9469091674,0.7500228702,0.8539603583,0.8764646465,0.9040003812,1,0.8787496496,0.8890789474,0.6911764706,0.9179983179,0.8872368421,0.7598039216,0,False,[],0.7,0.9469091674,0.9469091674,72.98698139
P,ag_news@s0__qnli@s1,ag_news@s0,qnli@s1,ag_news,qnli,0.8022250047,0.879,0.8751315789,0.597,0.6033315028,0.1960778424,0.885070209,0.917,0.9130263158,0.707,0.7219476478,0.1094857623,0.9338891048,0.913,0.9168421053,0.796,0.8096284093,0.05836531417,0.8945113673,0.911,0.9132894737,0.729,0.7655134541,0.08495534463,0.7,0.9168421053,0.8096284093,0.9386842105,0.8930990298,0.9767311466,0.906538225,0.05836531417,0.9416346858,0.6267744148,0.7660542867,0.826820949,0.8778250315,1,0.8299756404,0.8896052632,0.6360973824,0.8795235504,0.9060526316,0.7089511258,0,False,[],0.7,0.9416346858,0.9416346858,107.2970045
P,ag_news@s0__rte@s1,ag_news@s0,rte@s1,ag_news,rte,0.8485080108,0.885,0.8646052632,0.527,0.5451263538,0.1246237642,0.9337442042,0.939,0.9209210526,0.605,0.5740072202,0.07264854574,0.9461720914,0.946,0.9294736842,0.617,0.5776173285,0.06534564398,0.9005983259,0.944,0.9309210526,0.556,0.5054151625,0.1195197429,0.7,0.9294736842,0.5776173285,0.9386842105,0.6570397112,0.9901878329,0.8791208791,0.06534564398,0.934654356,0.6658380388,0.8342445944,0.8934283616,0.9192581371,1,0.9067744003,0.8977631579,0.5631768953,0.9053033454,0.9207894737,0.5451263538,0,False,[],0.7,0.934654356,0.934654356,80.22865319
P,ag_news@s0__scitail@s1,ag_news@s0,scitail@s1,ag_news,scitail,0.7435521889,0.904,0.8792105263,0.512,0.6119631902,0.2054323485,0.865694994,0.937,0.9243421053,0.711,0.736196319,0.1151619586,0.9552491534,0.942,0.9328947368,0.876,0.8374233129,0.05664065142,0.9352556923,0.932,0.9342105263,0.848,0.7937116564,0.07924313475,0.7,0.9328947368,0.8374233129,0.9386842105,0.9378834356,0.9938323521,0.8928863451,0.05664065142,0.9433593486,0.5692967109,0.7151785063,0.7861817471,0.8899227478,1,0.8345867027,0.9082894737,0.6579754601,0.9024177634,0.9243421053,0.7691717791,0,False,[],0.7,0.9433593486,0.9433593486,81.20105743
P,ag_news@s0__snli@s1,ag_news@s0,snli@s1,ag_news,snli,0.7317182741,0.882,0.8672368421,0.464,0.4801869539,0.2618767328,0.9095062784,0.942,0.9264473684,0.716,0.7497459866,0.07530022361,0.9499868516,0.945,0.9343421053,0.783,0.8209713473,0.03012960475,0.9277350455,0.938,0.9328947368,0.751,0.7516764885,0.0707556332,0.7,0.9343421053,0.8209713473,0.9386842105,0.8693355009,0.9953742641,0.9443665264,0.03012960475,0.9698703953,0.4955770312,0.7015610048,0.8443085779,0.9222109,1,0.8515193131,0.8998684211,0.6471245682,0.9363770121,0.9223684211,0.773826458,0,False,[],0.7,0.9698703953,0.9698703953,105.171042
P,ag_news@s0__sst2@s1,ag_news@s0,sst2@s1,ag_news,sst2,0.9286103687,0.843,0.8319736842,0.921,0.9071100917,0.0624654822,0.9778943449,0.933,0.9109210526,0.925,0.9094036697,0.01916333754,0.9805193222,0.937,0.9227631579,0.926,0.8990825688,0.01848051584,0.9721291458,0.922,0.9171052632,0.925,0.8841743119,0.02961925287,0.7,0.9227631579,0.8990825688,0.9386842105,0.9174311927,0.9830389683,0.98,0.01848051584,0.9815194842,0.7234045147,0.8882140847,0.9543360326,0.9647694585,1,0.9489117255,0.8580263158,0.9025229358,0.9627297098,0.9003947368,0.8864678899,0,False,[],0.7,0.9815194842,0.9815194842,71.09054565
P,ag_news@s0__stsb@s1,ag_news@s0,stsb@s1,ag_news,stsb,0.8865942872,0.825,0.8215789474,0.781331204,0.8429765169,0.09101736415,0.9247793601,0.897,0.8956578947,0.7821039675,0.8444638632,0.05072676839,0.9068885865,0.92,0.9130263158,0.7305915099,0.8092151182,0.0611850364,0.8404795275,0.916,0.9097368421,0.6199596784,0.6858149015,0.131937855,0.5,0.8956578947,0.8444638632,0.9386842105,0.8941960985,0.9541631623,0.9443833009,0.05072676839,0.9492732316,0.7532078047,0.8654714932,0.9049276285,0.8909950829,0.7,0.8864676592,0.7811842105,0.8411911723,0.9301031619,0.8621052632,0.8421426942,0,False,[],0.5,0.9492732316,0.9492732316,75.44844985
P,ag_news@s0__trec@s1,ag_news@s0,trec@s1,ag_news,trec,0.7501834382,0.851,0.8344736842,0.584,0.656,0.2201305078,0.9426362683,0.932,0.9157894737,0.872,0.918,0.04286996858,0.9708038522,0.945,0.9288157895,0.913,0.944,0.02263893117,0.9483719864,0.934,0.9313157895,0.881,0.924,0.0315322288,0.7,0.9288157895,0.944,0.9386842105,0.978,0.9894869638,0.9652351738,0.02263893117,0.9773610688,0.4356328616,0.6985423218,0.8560763889,0.927538653,1,0.900295569,0.8935526316,0.83,0.9365274904,0.9193421053,0.874,0,False,[],0.7,0.9773610688,0.9773610688,67.40240622
P,ag_news@s0__wic@s1,ag_news@s0,wic@s1,ag_news,wic,0.9035240851,0.886,0.8664473684,0.693,0.6363636364,0.08332076169,0.9592091733,0.933,0.9230263158,0.742,0.6724137931,0.02739863799,0.9738463623,0.944,0.9321052632,0.756,0.697492163,0.004625421621,0.9361523623,0.941,0.9322368421,0.699,0.6818181818,0.01576609705,0.7,0.9321052632,0.697492163,0.9386842105,0.6990595611,0.9929913092,0.9977578475,0.004625421621,0.9953745784,0.7316581773,0.889873337,0.9305685088,0.9504228743,1,0.944010618,0.9009210526,0.6489028213,0.9604096973,0.9232894737,0.6551724138,0,False,[],0.7,0.9953745784,0.9953745784,70.72818398
P,ag_news@s0__yelp_polarity@s1,ag_news@s0,yelp_polarity@s1,ag_news,yelp_polarity,0.9252545038,0.87,0.8576315789,0.886,0.8878,0.07109015754,0.9747039672,0.931,0.9180263158,0.919,0.9178,0.02296791124,0.9831230235,0.941,0.9293421053,0.925,0.9229,0.01422853672,0.9614402338,0.935,0.93,0.89,0.9104,0.02052491702,0.7,0.9293421053,0.9229,0.9386842105,0.9403,0.9900476591,0.9814952675,0.01422853672,0.9857714633,0.7034531233,0.8905689248,0.9499709075,0.967305369,1,0.9512948241,0.8865789474,0.9009,0.9711880645,0.9114473684,0.9134,0,False,[],0.7,0.9857714633,0.9857714633,185.5444465
P,cola@s0__imdb@s1,cola@s0,imdb@s1,cola,imdb,0.7897262275,0.711,0.7277085331,0.63,0.6511,0.1923384831,0.8744373358,0.738,0.7622243528,0.751,0.7562,0.1123256694,0.9252859147,0.776,0.7833173538,0.8,0.8126,0.06782756638,0.9682833815,0.803,0.7890699904,0.847,0.8411,0.04832029853,1,0.7890699904,0.8411,0.8235858102,0.8898,0.9580908033,0.9452685997,0.04832029853,0.9516797015,0.7379542316,0.8041990667,0.880407158,0.9360912722,1,0.9361864944,0.7871524449,0.8156,0.9361864944,,,0,False,[],1,0.9516797015,0.9516797015,143.3873391
P,cola@s0__mnli@s1,cola@s0,mnli@s1,cola,mnli,0.6516283206,0.699,0.7075743049,0.372,0.3970453388,0.328381044,0.8060717688,0.704,0.7133269415,0.623,0.6364747835,0.178925878,0.8928828441,0.699,0.7094918504,0.772,0.7754457463,0.0965336698,0.9019136675,0.697,0.7085330777,0.789,0.7835965359,0.09214679788,1,0.7085330777,0.7835965359,0.8235858102,0.8201732043,0.8603026775,0.9554037267,0.09214679788,0.9078532021,0.6341049251,0.6558502747,0.726457776,0.8356497798,1,0.8573864598,0.7123681687,0.6969943963,0.8573864598,,,0,False,[],1,0.9078532021,0.9078532021,54.19555688
P,cola@s0__mrpc@s1,cola@s0,mrpc@s1,cola,mrpc,0.8529339853,0.741,0.7612655801,0.66,0.6862745098,0.1355358409,0.8858687116,0.781,0.7852348993,0.674,0.7083333333,0.108053002,0.9392539083,0.791,0.7986577181,0.752,0.7671568627,0.06542123292,0.9464436541,0.775,0.7881112176,0.78,0.7696078431,0.07038724526,1,0.7881112176,0.7696078431,0.8235858102,0.8529411765,0.9569266589,0.9022988506,0.07038724526,0.9296127547,0.838269245,0.8651537379,0.8755449359,0.9137889901,1,0.920210951,0.7986577181,0.7426470588,0.920210951,,,0,False,[],1,0.9296127547,0.9296127547,17.51889801
P,cola@s0__qnli@s1,cola@s0,qnli@s1,cola,qnli,0.8031505094,0.729,0.7468839885,0.625,0.6404905729,0.1879881968,0.9148548393,0.762,0.7756471716,0.785,0.8041369211,0.07890889682,0.9688809565,0.783,0.7852348993,0.857,0.8711330771,0.03558048905,0.959492651,0.777,0.7813998082,0.847,0.8583196046,0.0450823789,0.7,0.7852348993,0.8711330771,0.8235858102,0.8930990298,0.9534342258,0.9754047961,0.03558048905,0.964419511,0.7587085205,0.8067942126,0.8785940481,0.9403160021,1,0.8741143352,0.7708533078,0.7254255903,0.9330197055,0.7804410355,0.8202452865,0,False,[],0.7,0.964419511,0.964419511,49.97280717
P,cola@s0__rte@s1,cola@s0,rte@s1,cola,rte,0.8285198008,0.713,0.7229146692,0.538,0.5559566787,0.1380406555,0.9202416433,0.752,0.7641418984,0.631,0.6064981949,0.07455001343,0.97828601,0.798,0.790987536,0.672,0.6498194946,0.02528495951,0.9170078347,0.81,0.8072866731,0.578,0.559566787,0.08407105118,0.7,0.790987536,0.6498194946,0.8235858102,0.6570397112,0.960419092,0.989010989,0.02528495951,0.9747150405,0.8037674228,0.8258552996,0.8805525315,0.9675566184,1,0.9093854341,0.7603068073,0.5884476534,0.9653091379,0.7890699904,0.6389891697,0,False,[],0.7,0.9747150405,0.9747150405,21.52642941
P,cola@s0__scitail@s1,cola@s0,scitail@s1,cola,scitail,0.7224797174,0.726,0.7392138063,0.529,0.6188650307,0.2212959411,0.8770871925,0.76,0.7737296261,0.783,0.7814417178,0.113669225,0.9586902698,0.778,0.790987536,0.917,0.8964723926,0.0418673142,0.9670789739,0.79,0.8005752637,0.919,0.8926380368,0.03809074615,1,0.8005752637,0.8926380368,0.8235858102,0.9378834356,0.9720605355,0.9517579722,0.03809074615,0.9619092539,0.6540483999,0.7102360998,0.7806905223,0.9029901505,1,0.9083662286,0.7938638543,0.7998466258,0.9083662286,,,0,False,[],1,0.9619092539,0.9619092539,19.44113636
P,cola@s0__snli@s1,cola@s0,snli@s1,cola,snli,0.6927728036,0.703,0.7142857143,0.453,0.463218858,0.2999350033,0.8588580402,0.722,0.7315436242,0.719,0.7551310709,0.1215638285,0.9260987537,0.737,0.7420901246,0.819,0.8405811827,0.06601423696,0.9204136601,0.741,0.7440076702,0.805,0.8295061979,0.07121989158,0.7,0.7420901246,0.8405811827,0.8235858102,0.8693355009,0.9010477299,0.9669237962,0.06601423696,0.933985763,0.6297192382,0.6974185643,0.8138983782,0.9037871753,1,0.8345604062,0.7267497603,0.6839057102,0.9138314119,0.7392138063,0.8085754928,0,False,[],0.7,0.933985763,0.933985763,45.49251771
P,cola@s0__sst2@s1,cola@s0,sst2@s1,cola,sst2,0.9156841055,0.706,0.7190795781,0.916,0.9082568807,0.06844586729,0.9386129734,0.734,0.7411313519,0.927,0.9116972477,0.05318320722,0.9624012054,0.766,0.7689357622,0.935,0.9185779817,0.03255311409,0.9737667802,0.782,0.7746883988,0.938,0.9151376147,0.03093568102,1,0.7746883988,0.9151376147,0.8235858102,0.9174311927,0.940628638,0.9975,0.03093568102,0.969064319,0.86965062,0.9145947161,0.94052942,0.9565368532,1,0.9594506694,0.7660594439,0.9071100917,0.9594506694,,,0,False,[],1,0.969064319,0.969064319,11.74306011
P,cola@s0__stsb@s1,cola@s0,stsb@s1,cola,stsb,0.9164180101,0.744,0.748801534,0.7941398449,0.8495522136,0.07036476984,0.9610740761,0.773,0.7766059444,0.8404651934,0.8693317273,0.0424247349,0.973003533,0.791,0.7842761266,0.8420598574,0.8596193042,0.04319897019,0.9345071787,0.778,0.7881112176,0.7895069023,0.7991697661,0.07467173374,0.7,0.7842761266,0.8596193042,0.8235858102,0.8941960985,0.9522700815,0.9613319781,0.04319897019,0.9568010298,0.8700267292,0.9226499449,0.9493628786,0.9576149347,1,0.9478948582,0.7641418984,0.8655520165,0.9503120515,0.7756471716,0.8573832262,0,False,[],0.7,0.9568010298,0.9568010298,18.60035777
P,cola@s0__trec@s1,cola@s0,trec@s1,cola,trec,0.7829653117,0.716,0.7267497603,0.663,0.742,0.1794436866,0.9459568562,0.756,0.7679769895,0.929,0.95,0.04807511469,0.9710650978,0.786,0.7938638543,0.942,0.962,0.02622419659,0.9757958945,0.798,0.8015340364,0.937,0.954,0.02565759872,1,0.8015340364,0.954,0.8235858102,0.978,0.9732246799,0.9754601227,0.02565759872,0.9743424013,0.5573795334,0.7625152812,0.9145260289,0.97230924,1,0.9672158857,0.7881112176,0.956,0.9672158857,,,0,False,[],1,0.9743424013,0.9743424013,8.501037598
P,cola@s0__wic@s1,cola@s0,wic@s1,cola,wic,0.8839940068,0.735,0.7516778523,0.686,0.6394984326,0.08625631013,0.9463318986,0.781,0.7852348993,0.74,0.6739811912,0.04122010681,0.9684940549,0.81,0.803451582,0.747,0.6677115987,0.03464504038,0.9313296209,0.8,0.7842761266,0.698,0.6394984326,0.06646585612,0.7,0.803451582,0.6677115987,0.8235858102,0.6990595611,0.9755529686,0.9551569507,0.03464504038,0.9653549596,0.8387710295,0.8805558396,0.9179046548,0.9375094902,1,0.9307960555,0.7871524449,0.6332288401,0.939980006,0.7967401726,0.6379310345,0,False,[],0.7,0.9653549596,0.9653549596,13.11937284
P,cola@s0__yelp_polarity@s1,cola@s0,yelp_polarity@s1,cola,yelp_polarity,0.8999238531,0.708,0.7219558965,0.882,0.8825,0.09243452261,0.9417696635,0.734,0.7526366251,0.931,0.9206,0.05354872129,0.9552170963,0.756,0.7670182167,0.931,0.9297,0.03997875743,0.9627968174,0.771,0.7708533078,0.928,0.9273,0.03892665717,1,0.7708533078,0.9273,0.8235858102,0.9403,0.9359720605,0.9861746251,0.03892665717,0.9610733428,0.8349374249,0.9111697609,0.9414031743,0.954932193,1,0.9636200247,0.7727708533,0.9299,0.9636200247,,,0,False,[],1,0.9610733428,0.9610733428,122.280968
P,imdb@s0__mnli@s1,imdb@s0,mnli@s1,imdb,mnli,0.6967679271,0.83,0.822,0.376,0.4062149771,0.2904586975,0.8941062039,0.876,0.8666,0.66,0.6658176261,0.1071360163,0.9742864481,0.877,0.8618,0.792,0.7886907794,0.03492641936,0.94321639,0.82,0.8192,0.794,0.7776872134,0.06557245749,0.7,0.8618,0.7886907794,0.8898,0.8201732043,0.9685322544,0.9616149068,0.03492641936,0.9650735806,0.5389203928,0.6332241358,0.7541615039,0.8924532142,1,0.7751658897,0.7721,0.5598573612,0.9003615161,0.7987,0.7407030056,0,False,[],0.7,0.9650735806,0.9650735806,213.3966234
P,imdb@s0__mrpc@s1,imdb@s0,mrpc@s1,imdb,mrpc,0.8620611552,0.816,0.8107,0.66,0.6862745098,0.14214934,0.9062109201,0.864,0.8656,0.688,0.7230392157,0.08974798676,0.9620391915,0.847,0.8519,0.796,0.7965686275,0.05434289767,0.9242108514,0.762,0.7614,0.813,0.8357843137,0.08220851644,0.7,0.8519,0.7965686275,0.8898,0.8529411765,0.9574061587,0.933908046,0.05434289767,0.9456571023,0.7793486393,0.8688561721,0.8919839391,0.9415923676,1,0.8974168934,0.8581,0.7083333333,0.9274042598,0.8501,0.7671568627,0,False,[],0.7,0.9456571023,0.9456571023,181.7096152
P,imdb@s0__qnli@s1,imdb@s0,qnli@s1,imdb,qnli,0.8382931083,0.85,0.8464,0.624,0.6379278785,0.1672446457,0.9411046697,0.878,0.8808,0.776,0.7933369943,0.06090892519,0.9857620811,0.872,0.8666,0.86,0.8705839282,0.02564167946,0.968243273,0.835,0.8267,0.866,0.8729635731,0.04673020796,0.7,0.8666,0.8705839282,0.8898,0.8930990298,0.9739267251,0.974789916,0.02564167946,0.9743583205,0.7099354447,0.8405872688,0.9119342993,0.960018374,1,0.9039838721,0.8734,0.7380560132,0.9458864282,0.8504,0.8359875526,0,False,[],0.7,0.9743583205,0.9743583205,224.0931728
P,imdb@s0__rte@s1,imdb@s0,rte@s1,imdb,rte,0.8651933108,0.837,0.8321,0.536,0.5559566787,0.1093460933,0.9592877632,0.882,0.8821,0.63,0.59566787,0.05103011172,0.9899446975,0.882,0.8853,0.672,0.6389891697,0.01626492186,0.9726785759,0.876,0.8802,0.653,0.6245487365,0.03011974539,0.7,0.8853,0.6389891697,0.8898,0.6570397112,0.9949426837,0.9725274725,0.01626492186,0.9837350781,0.7727042018,0.8666531648,0.9293739822,0.9824065272,1,0.9475527282,0.8698,0.6028880866,0.9793582457,0.8824,0.6353790614,0,False,[],0.7,0.9837350781,0.9837350781,197.5104823
P,imdb@s0__scitail@s1,imdb@s0,scitail@s1,imdb,scitail,0.7407511274,0.802,0.8072,0.544,0.6403374233,0.2050412534,0.9227618749,0.875,0.8741,0.811,0.7960122699,0.08445589489,0.9895019732,0.884,0.884,0.928,0.8987730061,0.02410952731,0.9957456559,0.882,0.8786,0.942,0.9171779141,0.0173319792,1,0.8786,0.9171779141,0.8898,0.9378834356,0.9874129018,0.9779231398,0.0173319792,0.9826680208,0.6006495483,0.7339411934,0.8445636881,0.9490660133,1,0.9419070718,0.881,0.838190184,0.9419070718,,,0,False,[],1,0.9826680208,0.9826680208,170.5994542
P,imdb@s0__snli@s1,imdb@s0,snli@s1,imdb,snli,0.7478931633,0.848,0.8467,0.461,0.4714488925,0.2530641804,0.9360484464,0.888,0.8764,0.746,0.7797195692,0.05907255897,0.98731097,0.877,0.8629,0.845,0.8509449299,0.02569312895,0.964631976,0.839,0.8302,0.843,0.8476935582,0.04593807739,0.7,0.8629,0.8509449299,0.8898,0.8693355009,0.9697684873,0.9788452548,0.02569312895,0.974306871,0.5922956924,0.7434354953,0.8845379823,0.9635448522,1,0.8898205689,0.8674,0.6996545418,0.9619201504,0.8628,0.8295061979,0,False,[],0.7,0.974306871,0.974306871,212.7439766
P,imdb@s0__sst2@s1,imdb@s0,sst2@s1,imdb,sst2,0.9755368614,0.865,0.8745,0.919,0.9105504587,0.01234743763,0.9836535308,0.87,0.8799,0.929,0.9197247706,0.004313047876,0.98350269,0.866,0.876,0.933,0.9082568807,0.01275455158,0.971082869,0.845,0.8566,0.932,0.9013761468,0.02740587773,0.5,0.8799,0.9197247706,0.8898,0.9174311927,0.9888739042,1.0025,0.004313047876,0.9956869521,0.8876152555,0.9680624624,0.9856168549,0.9896560352,1,0.978816588,0.861,0.9082568807,0.9830034839,0.8729,0.9036697248,0,False,[],0.5,0.9956869521,0.9956869521,183.5869687
P,imdb@s0__stsb@s1,imdb@s0,stsb@s1,imdb,stsb,0.9304363665,0.828,0.8284,0.7940192755,0.8535902502,0.0572073609,0.9887672373,0.884,0.876,0.8398128817,0.8812056714,0.01501829783,0.9952057682,0.886,0.879,0.8489404148,0.8865563922,0.01034060888,0.9822194432,0.875,0.8598,0.837315929,0.8752710588,0.02743987377,0.7,0.879,0.8865563922,0.8898,0.8941960985,0.987862441,0.9914563412,0.01034060888,0.9896593911,0.821827748,0.9431261085,0.9805098127,0.9885992816,1,0.9798489647,0.872,0.876046086,0.9838098786,0.874,0.8811198724,0,False,[],0.7,0.9896593911,0.9896593911,183.0674767
P,imdb@s0__trec@s1,imdb@s0,trec@s1,imdb,trec,0.8255149349,0.837,0.837,0.675,0.738,0.1523689752,0.9862100085,0.889,0.8821,0.927,0.954,0.01659675366,1.000975014,0.893,0.8882,0.951,0.96,0.01010153243,0.9932958192,0.873,0.8777,0.958,0.964,0.01395674495,0.7,0.8882,0.96,0.8898,0.978,0.9982018431,0.981595092,0.01010153243,0.9898984676,0.5736864147,0.8363161806,0.9552749858,0.9852804124,1,0.9684691673,0.8719,0.936,0.9852686273,0.8836,0.956,0,False,[],0.7,0.9898984676,0.9898984676,174.3784859
P,imdb@s0__wic@s1,imdb@s0,wic@s1,imdb,wic,0.9077498217,0.832,0.8409,0.689,0.6285266458,0.07792651546,0.9772537739,0.882,0.8826,0.754,0.6677115987,0.02646737766,0.9942965779,0.883,0.881,0.78,0.6818181818,0.01727677001,0.9767018762,0.862,0.85,0.771,0.6880877743,0.03021210994,0.7,0.881,0.6818181818,0.8898,0.6990595611,0.9901101371,0.9753363229,0.01727677001,0.98272323,0.7836977007,0.9056197403,0.9513124258,0.9707551598,1,0.9656712296,0.8726,0.6645768025,0.9846309999,0.8824,0.6833855799,0,False,[],0.7,0.98272323,0.98272323,187.7956917
P,imdb@s0__yelp_polarity@s1,imdb@s0,yelp_polarity@s1,imdb,yelp_polarity,0.9819357401,0.867,0.8756,0.927,0.9216,0.01792295621,0.9979911271,0.886,0.8881,0.937,0.9365,0.002975902561,0.9934245254,0.877,0.8822,0.938,0.936,0.006557126919,0.9747208333,0.858,0.8639,0.923,0.9231,0.02369984955,0.5,0.8881,0.9365,0.8898,0.9403,0.9980894583,0.9959587366,0.002975902561,0.9970240974,0.8732190673,0.9747208333,0.9886575763,0.9890408757,1,0.9743454879,0.8608,0.9227,0.9929002038,0.8836,0.9335,0,False,[],0.5,0.9970240974,0.9970240974,315.6534376
P,mnli@s0__mrpc@s1,mnli@s0,mrpc@s1,mnli,mrpc,0.7003369434,0.477,0.5065715741,0.682,0.7107843137,0.2758503401,0.9397483864,0.75,0.7491594498,0.806,0.8014705882,0.07544143049,0.8692746964,0.789,0.7860417728,0.651,0.6421568627,0.1464450984,0.7489093097,0.734,0.7267447784,0.507,0.5024509804,0.264334229,0.5,0.7491594498,0.8014705882,0.8237391747,0.8529411765,0.9094619666,0.9396551724,0.07544143049,0.9245585695,0.6141997593,0.6852641943,0.8637873318,0.9263406629,1,0.7109339347,0.4919001528,0.7034313725,0.925004265,0.7782985227,0.7720588235,0,False,[],0.5,0.9245585695,0.9245585695,70.67491007
P,mnli@s0__qnli@s1,mnli@s0,qnli@s1,mnli,qnli,0.7364435063,0.489,0.5185939888,0.773,0.806516566,0.2336925901,0.8236891672,0.75,0.7328578706,0.651,0.6739886509,0.1778324634,0.7464284436,0.749,0.7581253184,0.517,0.5286472634,0.2438645525,0.7108009979,0.705,0.7046357616,0.501,0.5081457075,0.2878098468,0.5,0.7328578706,0.6739886509,0.8237391747,0.8930990298,0.8896722325,0.7546628407,0.1778324634,0.8221675366,0.5671745877,0.7130569714,0.8083999042,0.7803692444,0.7,0.7436910019,0.5100356597,0.7753981329,0.8246069159,0.6858889455,0.7292696321,0,False,[],0.5,0.8221675366,0.8221675366,103.0492542
P,mnli@s0__rte@s1,mnli@s0,rte@s1,mnli,rte,0.7576097745,0.433,0.4592969944,0.681,0.6895306859,0.1964868465,0.8952269274,0.743,0.7443708609,0.614,0.642599278,0.05916464488,0.8562737709,0.802,0.8059093225,0.512,0.4981949458,0.1317016317,0.8207049812,0.772,0.7719816607,0.488,0.476534296,0.1687788402,0.5,0.7443708609,0.642599278,0.8237391747,0.6570397112,0.9036487322,0.978021978,0.05916464488,0.9408353551,0.6077586586,0.7512082005,0.8244846153,0.8392193031,1,0.7971790115,0.4533876719,0.6859205776,0.8505946435,0.7903209373,0.4873646209,0,False,[],0.5,0.9408353551,0.9408353551,77.80356669
P,mnli@s0__scitail@s1,mnli@s0,scitail@s1,mnli,scitail,0.7212196257,0.478,0.5224656139,0.823,0.8443251534,0.2327468622,0.9358968019,0.777,0.7649516047,0.889,0.8450920245,0.08515188429,0.8979462833,0.812,0.7918492104,0.777,0.6702453988,0.1620387633,0.7980158987,0.758,0.7475292919,0.649,0.5260736196,0.265800613,0.5,0.7649516047,0.8450920245,0.8237391747,0.9378834356,0.9286332715,0.9010629599,0.08515188429,0.9148481157,0.4728151363,0.6840426112,0.8844606838,0.921434178,1,0.7328110312,0.4987264391,0.8067484663,0.8858459105,0.7899133979,0.7622699387,0,False,[],0.5,0.9148481157,0.9148481157,78.50904298
P,mnli@s0__snli@s1,mnli@s0,snli@s1,mnli,snli,0.7420282016,0.52,0.5489556801,0.739,0.7650883967,0.2267482768,0.9213029933,0.789,0.7860417728,0.769,0.7747409063,0.07728814463,0.9018310503,0.802,0.7950076414,0.722,0.7345051819,0.09498762274,0.8608179558,0.757,0.7384615385,0.698,0.6993497257,0.1495301716,0.5,0.7860417728,0.7747409063,0.8237391747,0.8693355009,0.95423624,0.8911874708,0.07728814463,0.9227118554,0.4616494128,0.7165813406,0.8836631069,0.9217013212,1,0.7515874895,0.5511971472,0.725055883,0.9143716265,0.7987773816,0.746799431,0,False,[],0.5,0.9227118554,0.9227118554,99.48457813
P,mnli@s0__sst2@s1,mnli@s0,sst2@s1,mnli,sst2,0.726094163,0.403,0.4348446256,0.915,0.9071100917,0.2416794218,0.8980627787,0.673,0.6903718798,0.933,0.9059633028,0.08720238095,0.9420589066,0.747,0.7599592461,0.932,0.9002293578,0.04808866729,0.8965337618,0.681,0.6856851758,0.921,0.8887614679,0.09942215523,0.7,0.7599592461,0.9002293578,0.8237391747,0.9174311927,0.9225726654,0.98125,0.04808866729,0.9519113327,0.6684526399,0.7323304407,0.8267383346,0.9169178987,1,0.8511139456,0.5928680591,0.9013761468,0.9137859462,0.7115639328,0.8841743119,0,False,[],0.7,0.9519113327,0.9519113327,67.72413063
P,mnli@s0__stsb@s1,mnli@s0,stsb@s1,mnli,stsb,0.7359435582,0.406,0.4354559348,0.8457623937,0.8736700434,0.2471607433,0.8968496263,0.689,0.7051451859,0.8296427203,0.8460569835,0.09890269576,0.9393238154,0.801,0.8072338258,0.7867843116,0.7922559553,0.06701955265,0.9062051704,0.797,0.7864493123,0.7339530903,0.7202458469,0.1199007858,0.7,0.8072338258,0.7922559553,0.8237391747,0.8941960985,0.9799628942,0.8859980005,0.06701955265,0.9329804474,0.6672053915,0.7341422574,0.837127426,0.9106658004,1,0.8509026158,0.6139582272,0.8552756518,0.9177115022,0.7689251146,0.806534465,0,False,[],0.7,0.9329804474,0.9329804474,72.22495699
P,mnli@s0__trec@s1,mnli@s0,trec@s1,mnli,trec,0.5160499398,0.366,0.3931737137,0.568,0.616,0.4464197503,0.7882915915,0.596,0.61569027,0.825,0.902,0.1651380463,0.9340591155,0.782,0.7776872134,0.89,0.94,0.04738040224,0.9248552196,0.797,0.792969944,0.855,0.908,0.0544638826,0.7,0.7776872134,0.94,0.8237391747,0.978,0.9440940012,0.9611451943,0.04738040224,0.9526195978,0.3509720969,0.4596833634,0.6109807461,0.7618137034,1,0.6491609471,0.5236882323,0.648,0.7963766879,0.7173713704,0.706,0,False,[],0.7,0.9526195978,0.9526195978,62.74781203
P,mnli@s0__wic@s1,mnli@s0,wic@s1,mnli,wic,0.6643216977,0.37,0.3925624045,0.697,0.6536050157,0.2942304439,0.7523461128,0.55,0.5723892002,0.665,0.6457680251,0.1906830731,0.8330404982,0.761,0.7558838512,0.592,0.5893416928,0.1196627204,0.8392929861,0.823,0.7899133979,0.543,0.539184953,0.1348816249,1,0.7899133979,0.539184953,0.8237391747,0.6990595611,0.9589363018,0.7713004484,0.1348816249,0.8651183751,0.6174978152,0.6546878789,0.7285990126,0.8226013827,1,0.8799624783,0.7127865512,0.6253918495,0.8799624783,,,0,False,[],1,0.8651183751,0.8651183751,57.63358927
P,mnli@s0__yelp_polarity@s1,mnli@s0,yelp_polarity@s1,mnli,yelp_polarity,0.7190087754,0.386,0.4129393785,0.919,0.9181,0.2611553925,0.8590107385,0.609,0.6385124809,0.93,0.9258,0.1201407319,0.9492634461,0.759,0.7585328579,0.93,0.9272,0.04654533011,0.9395134767,0.756,0.7555781966,0.915,0.9136,0.05557050931,0.7,0.7585328579,0.9272,0.8237391747,0.9403,0.9208410637,0.9860682761,0.04654533011,0.9534546699,0.6714667595,0.7190807991,0.8136428185,0.9186240541,1,0.8269991005,0.5572083546,0.9192,0.9210661922,0.7147223637,0.9163,0,False,[],0.7,0.9534546699,0.9534546699,198.4962454
P,mrpc@s0__qnli@s1,mrpc@s0,qnli@s1,mrpc,qnli,0.8412530625,0.674,0.7009803922,0.753,0.7779608274,0.1523561839,0.9542138989,0.774,0.7916666667,0.844,0.8605161999,0.05282357548,0.9460389044,0.785,0.8039215686,0.818,0.834889255,0.05996616683,0.7395122876,0.568,0.5441176471,0.688,0.7036426872,0.2861820907,0.5,0.7916666667,0.8605161999,0.8504901961,0.8930990298,0.9308357349,0.9635171142,0.05282357548,0.9471764245,0.7509190946,0.8447594188,0.9215856925,0.952940824,1,0.8518516987,0.7034313725,0.7829031668,0.9528872489,0.8210784314,0.8398315944,0,False,[],0.5,0.9471764245,0.9471764245,62.25989079
P,mrpc@s0__rte@s1,mrpc@s0,rte@s1,mrpc,rte,0.8575486544,0.665,0.6911764706,0.62,0.6101083032,0.1293742281,0.9313290717,0.743,0.7573529412,0.656,0.6064981949,0.09321658169,0.934302124,0.815,0.8504901961,0.6,0.5884476534,0.0521978022,0.8691865893,0.774,0.7965686275,0.545,0.5126353791,0.1415903981,0.7,0.8504901961,0.5884476534,0.8504901961,0.6570397112,1,0.8956043956,0.0521978022,0.9478021978,0.7924597918,0.8765356473,0.9237746384,0.9289330263,1,0.9008851379,0.7426470588,0.6101083032,0.9543338506,0.8382352941,0.6064981949,0,False,[],0.7,0.9478021978,0.9478021978,33.03737521
P,mrpc@s0__scitail@s1,mrpc@s0,scitail@s1,mrpc,scitail,0.7899378665,0.669,0.7009803922,0.726,0.7553680982,0.1851979707,0.953134205,0.77,0.7720588235,0.919,0.8903374233,0.07145701622,0.953587275,0.814,0.8455882353,0.869,0.838190184,0.05602984111,0.884524899,0.775,0.762254902,0.783,0.7377300613,0.1585780231,0.7,0.8455882353,0.838190184,0.8504901961,0.9378834356,0.9942363112,0.8937040065,0.05602984111,0.9439701589,0.6595884635,0.7864962028,0.9153554803,0.962988799,1,0.9100855128,0.7573529412,0.8719325153,0.9358877989,0.818627451,0.8527607362,0,False,[],0.7,0.9439701589,0.9439701589,32.95304441
P,mrpc@s0__snli@s1,mrpc@s0,snli@s1,mrpc,snli,0.7320242021,0.668,0.693627451,0.56,0.5819955294,0.2574831623,0.9321420437,0.783,0.7892156863,0.784,0.8073562284,0.07167055359,0.9360224705,0.797,0.7965686275,0.776,0.8001422475,0.07149692213,0.7652978366,0.592,0.6004901961,0.697,0.7222109327,0.2315930442,0.7,0.7965686275,0.8001422475,0.8504901961,0.8693355009,0.9365994236,0.9204067321,0.07149692213,0.9285030779,0.6301718394,0.7465704977,0.8890852916,0.9524240997,1,0.8881522042,0.75,0.7775858565,0.9319509507,0.7965686275,0.806136964,0,False,[],0.7,0.9285030779,0.9285030779,56.77700758
P,mrpc@s0__sst2@s1,mrpc@s0,sst2@s1,mrpc,sst2,0.8860926061,0.66,0.6862745098,0.916,0.9139908257,0.09841678674,0.9244713944,0.71,0.7156862745,0.931,0.9185779817,0.07862572046,0.9649534034,0.773,0.7843137255,0.935,0.9128440367,0.04140489914,0.8784735008,0.631,0.6200980392,0.935,0.9002293578,0.1448216859,0.7,0.7843137255,0.9128440367,0.8504901961,0.9174311927,0.9221902017,0.995,0.04140489914,0.9585951009,0.8680417322,0.8894247978,0.9040063554,0.9574842983,1,0.9110446686,0.7034313725,0.9128440367,0.9396199568,0.7573529412,0.9071100917,0,False,[],0.7,0.9585951009,0.9585951009,21.76548052
P,mrpc@s0__stsb@s1,mrpc@s0,stsb@s1,mrpc,stsb,0.8821904519,0.675,0.6985294118,0.8104064545,0.8630949828,0.1067277212,0.9386433222,0.764,0.7647058824,0.8142781146,0.8492428245,0.07556841518,0.9640401784,0.833,0.8382352941,0.7856793471,0.8084383472,0.05515704075,0.9033198087,0.789,0.7941176471,0.7273229971,0.7332440178,0.1231394115,0.7,0.8382352941,0.8084383472,0.8504901961,0.8941960985,0.9855907781,0.9040951404,0.05515704075,0.9448429593,0.8510729236,0.8886893645,0.9256335769,0.9604364309,1,0.9107250927,0.737745098,0.853076515,0.9413754287,0.8308823529,0.8099678447,0,False,[],0.7,0.9448429593,0.9448429593,28.65546513
P,mrpc@s0__trec@s1,mrpc@s0,trec@s1,mrpc,trec,0.7524696762,0.66,0.6862745098,0.673,0.742,0.2171961835,0.9129358252,0.696,0.7181372549,0.939,0.968,0.08292227271,0.9659999239,0.778,0.7916666667,0.945,0.966,0.04071710189,0.9828759389,0.804,0.8014705882,0.947,0.962,0.0369984029,1,0.8014705882,0.962,0.8504901961,0.978,0.9423631124,0.9836400818,0.0369984029,0.9630015971,0.5846731628,0.7951780095,0.8899227314,0.9489557958,1,0.9479883076,0.7794117647,0.958,0.9479883076,,,0,False,[],1,0.9630015971,0.9630015971,18.79013014
P,mrpc@s0__wic@s1,mrpc@s0,wic@s1,mrpc,wic,0.8430381818,0.659,0.6838235294,0.697,0.6551724138,0.1293728435,0.8586834196,0.667,0.6960784314,0.714,0.6739811912,0.1087153177,0.8787808617,0.7,0.7156862745,0.714,0.6661442006,0.1027933214,0.8770109406,0.746,0.7549019608,0.667,0.6300940439,0.1055233197,0.7,0.7156862745,0.6661442006,0.8504901961,0.6990595611,0.8414985591,0.9529147982,0.1027933214,0.8972066786,0.8151547851,0.8417460545,0.8530046977,0.8735876524,1,0.8827974567,0.6911764706,0.6661442006,0.8944831419,0.7205882353,0.65830721,0,False,[],0.7,0.8972066786,0.8972066786,22.87904525
P,mrpc@s0__yelp_polarity@s1,mrpc@s0,yelp_polarity@s1,mrpc,yelp_polarity,0.8881776564,0.66,0.6862745098,0.918,0.9125,0.111324303,0.9111872665,0.703,0.7181372549,0.912,0.9085,0.09471929524,0.9613366812,0.801,0.7818627451,0.894,0.8904,0.06687990619,0.8693956574,0.717,0.693627451,0.817,0.8267,0.1526252735,0.7,0.7818627451,0.8904,0.8504901961,0.9403,0.9193083573,0.9469318303,0.06687990619,0.9331200938,0.8663822024,0.8659318937,0.8688956729,0.906491928,1,0.8681920143,0.7058823529,0.8523,0.8858323161,0.7745098039,0.8096,0,False,[],0.7,0.9331200938,0.9331200938,158.462157
P,qnli@s0__rte@s1,qnli@s0,rte@s1,qnli,rte,0.8980038226,0.757,0.76276771,0.645,0.5992779783,0.1190987846,0.9080226063,0.864,0.8716822259,0.576,0.5740072202,0.07766479035,0.8513453395,0.836,0.8616144975,0.52,0.523465704,0.121733996,0.7810128355,0.745,0.7644151565,0.494,0.4945848375,0.197851496,0.5,0.8716822259,0.5740072202,0.89767527,0.6570397112,0.9710440457,0.8736263736,0.07766479035,0.9223352097,0.7343560001,0.8854904352,0.9086108319,0.867508362,0.7,0.8637947493,0.7517847337,0.5848375451,0.9243351469,0.8407468424,0.5992779783,0,False,[],0.5,0.9223352097,0.9223352097,63.21924448
P,qnli@s0__scitail@s1,qnli@s0,scitail@s1,qnli,scitail,0.8713877267,0.772,0.8098114589,0.827,0.8420245399,0.1000434841,0.9137597614,0.792,0.8138385502,0.886,0.870398773,0.0826736797,0.828266418,0.732,0.7472084935,0.788,0.7354294479,0.1917404518,0.7129359169,0.635,0.6415888706,0.673,0.5828220859,0.3319272968,0.5,0.8138385502,0.870398773,0.89767527,0.9378834356,0.9066068515,0.928045789,0.0826736797,0.9173263203,0.6296505529,0.8432762775,0.9370496923,0.9084512151,0.7,0.8771759566,0.8012081274,0.8082822086,0.9476407365,0.8440417353,0.8957055215,0,False,[],0.5,0.9173263203,0.9173263203,62.22338724
P,qnli@s0__snli@s1,qnli@s0,snli@s1,qnli,snli,0.7506875569,0.72,0.7420831045,0.593,0.6241617557,0.227676103,0.9275010946,0.845,0.8616144975,0.776,0.8054257265,0.05684347513,0.878893643,0.799,0.8325096101,0.737,0.7517780939,0.1039102712,0.8031162253,0.71,0.7356763683,0.693,0.6959967486,0.189928583,0.5,0.8616144975,0.8054257265,0.89767527,0.8693355009,0.9598287113,0.9264843385,0.05684347513,0.9431565249,0.5536307459,0.7255291369,0.8928145392,0.9239112481,1,0.7438194351,0.7168222588,0.5990652306,0.9445279235,0.8541094637,0.8150782361,0,False,[],0.5,0.9431565249,0.9431565249,84.1278646
P,qnli@s0__sst2@s1,qnli@s0,sst2@s1,qnli,sst2,0.8725129928,0.691,0.7144426139,0.913,0.9059633028,0.1083095432,0.9592689189,0.826,0.8345231558,0.933,0.9243119266,0.03142536705,0.9737626408,0.847,0.8557569101,0.938,0.9185779817,0.02272328711,0.8740186791,0.674,0.6842394289,0.934,0.9036697248,0.1263825449,0.7,0.8557569101,0.9185779817,0.89767527,0.9174311927,0.9533034258,1.00125,0.02272328711,0.9772767129,0.7894735586,0.864191153,0.9104939892,0.9461818564,1,0.9196400897,0.7634999085,0.9071100917,0.9454486134,0.8087131613,0.9082568807,0,False,[],0.7,0.9772767129,0.9772767129,53.24089193
P,qnli@s0__stsb@s1,qnli@s0,stsb@s1,qnli,stsb,0.8627491472,0.695,0.6979681494,0.8094268747,0.8502734152,0.1357955979,0.9389979525,0.818,0.8411129416,0.8211858014,0.8546436709,0.05362108731,0.9483503725,0.859,0.8861431448,0.7974720975,0.8351761788,0.03942499262,0.9111470567,0.855,0.8747940692,0.7373573405,0.7722374753,0.08093926057,0.7,0.8861431448,0.8351761788,0.89767527,0.8941960985,0.9871533442,0.9339966706,0.03942499262,0.9605750074,0.7699009753,0.8471485867,0.8982422589,0.9291778201,1,0.9071720956,0.773018488,0.8523570412,0.9416735229,0.8451400329,0.8422171052,0,False,[],0.7,0.9605750074,0.9605750074,61.42223191
P,qnli@s0__trec@s1,qnli@s0,trec@s1,qnli,trec,0.7796663375,0.67,0.6816767344,0.771,0.842,0.1898396034,0.9360585967,0.793,0.8054182684,0.938,0.954,0.06365656182,0.9469537716,0.804,0.8312282629,0.947,0.966,0.04314557291,0.9001152182,0.733,0.7664287022,0.934,0.95,0.08741851733,0.7,0.8312282629,0.966,0.89767527,0.978,0.9259787928,0.9877300613,0.04314557291,0.9568544271,0.5224522667,0.7533636663,0.8881819037,0.9336719338,1,0.8912314808,0.7537982793,0.922,0.9275400574,0.811641955,0.93,0,False,[],0.7,0.9568544271,0.9568544271,53.19532084
P,qnli@s0__wic@s1,qnli@s0,wic@s1,qnli,wic,0.8020303153,0.643,0.6434193666,0.693,0.6645768025,0.1662827636,0.8776324862,0.759,0.7724693392,0.709,0.670846395,0.08991836078,0.8998868471,0.831,0.8301299652,0.68,0.6426332288,0.0779810935,0.887726127,0.851,0.8564891085,0.643,0.5893416928,0.1014157931,0.7,0.8301299652,0.6426332288,0.89767527,0.6990595611,0.9247553018,0.9192825112,0.0779810935,0.9220189065,0.7299901009,0.7930796476,0.8515944405,0.886028118,1,0.8642052978,0.710232473,0.6551724138,0.9040697993,0.7777777778,0.65830721,0,False,[],0.7,0.9220189065,0.9220189065,56.01707959
P,qnli@s0__yelp_polarity@s1,qnli@s0,yelp_polarity@s1,qnli,yelp_polarity,0.8730846119,0.678,0.6862529746,0.926,0.9234,0.1267475051,0.9579523281,0.819,0.8235401794,0.936,0.9325,0.04544043465,0.9809860064,0.857,0.8725974739,0.939,0.9334,0.01763723103,0.9428791082,0.812,0.8262859235,0.915,0.9148,0.05332296069,0.7,0.8725974739,0.9334,0.89767527,0.9403,0.9720636215,0.9926619164,0.01763723103,0.982362769,0.7881630926,0.8623969373,0.9124493056,0.9521260569,1,0.9081536836,0.7519677833,0.9202,0.9505865592,0.8317774117,0.9164,0,False,[],0.7,0.982362769,0.982362769,191.3178163
P,rte@s0__scitail@s1,rte@s0,scitail@s1,rte,scitail,0.8413118055,0.575,0.5884476534,0.786,0.7983128834,0.1165420269,1.007429421,0.683,0.642599278,0.949,0.9271472393,0.005723630417,0.9890155744,0.688,0.6823104693,0.907,0.8765337423,0.001807583121,0.9012208049,0.645,0.6101083032,0.801,0.722392638,0.140162338,0.5,0.642599278,0.9271472393,0.642599278,0.9378834356,1,0.9885527392,0.005723630417,0.9942763696,0.6680426882,0.8255471858,0.9633648934,1.00896854,1,0.8777871691,0.5848375451,0.7929447853,0.9937090595,0.6534296029,0.9102760736,0,False,[],0.5,0.9942763696,0.9942763696,34.33602905
P,rte@s0__snli@s1,rte@s0,snli@s1,rte,snli,0.7392782503,0.555,0.5776173285,0.563,0.5868725869,0.2130208908,0.9671293444,0.678,0.6606498195,0.798,0.8128429181,0.01844687479,0.9615948144,0.694,0.7111913357,0.768,0.7870351555,-0.006035583151,0.8990323633,0.652,0.6570397112,0.714,0.7322698638,0.06759761203,0.5,0.6606498195,0.8128429181,0.642599278,0.8693355009,1.028089888,0.9350163628,0.01844687479,0.9815531252,0.6159446927,0.7474083317,0.9088459288,0.992603369,1,0.7880191836,0.5667870036,0.603332656,1.010862342,0.6895306859,0.8247307458,0,False,[],0.5,0.9815531252,0.9815531252,57.7646811
P,rte@s0__sst2@s1,rte@s0,sst2@s1,rte,sst2,0.8747318026,0.53,0.5487364621,0.91,0.9082568807,0.07803370787,0.9376227111,0.599,0.5740072202,0.932,0.9071100917,0.05899578652,0.9490660606,0.608,0.6028880866,0.941,0.9174311927,0.0308988764,0.8892018949,0.526,0.4945848375,0.943,0.9094036697,0.1195435393,0.7,0.6028880866,0.9174311927,0.642599278,0.9174311927,0.9382022472,1,0.0308988764,0.9691011236,0.8349467061,0.8717600344,0.8988750632,0.919991581,1,0.938511236,0.5667870036,0.9128440367,0.9288342697,0.5559566787,0.9105504587,0,False,[],0.7,0.9691011236,0.9691011236,24.28523374
P,rte@s0__stsb@s1,rte@s0,stsb@s1,rte,stsb,0.867780723,0.535,0.5559566787,0.8090308258,0.858376992,0.08744439441,0.9280527181,0.597,0.6101083032,0.8334744368,0.8666760155,0.0406690688,0.9557091689,0.643,0.6317689531,0.822260526,0.8559279031,0.02982506648,0.9509298169,0.666,0.6534296029,0.7846444521,0.8163413384,0.03510641536,0.7,0.6317689531,0.8559279031,0.642599278,0.8941960985,0.9831460674,0.9572037996,0.02982506648,0.9701749335,0.8303232925,0.8740107557,0.89613754,0.9246278502,1,0.9310401389,0.5703971119,0.8713402927,0.9502102251,0.5992779783,0.8654353367,0,False,[],0.7,0.9701749335,0.9701749335,31.94066048
P,rte@s0__trec@s1,rte@s0,trec@s1,rte,trec,0.7445099678,0.524,0.5487364621,0.682,0.738,0.1957330944,0.9123096211,0.576,0.5703971119,0.93,0.966,0.06231474461,0.9692329123,0.64,0.6173285199,0.948,0.972,0.02273040601,0.9513256872,0.618,0.6498194946,0.945,0.976,-0.004595482641,0.7,0.6173285199,0.972,0.642599278,0.978,0.9606741573,0.9938650307,0.02273040601,0.977269594,0.5410939822,0.7879612432,0.8712024827,0.9267319837,1,0.9231233198,0.559566787,0.954,0.9358987615,0.5667870036,0.968,0,False,[],0.7,0.977269594,0.977269594,22.25172091
P,rte@s0__wic@s1,rte@s0,wic@s1,rte,wic,0.8319613858,0.527,0.5487364621,0.695,0.6677115987,0.09545523253,0.8606300977,0.569,0.5740072202,0.691,0.6755485893,0.07018693001,0.8771047671,0.627,0.6281588448,0.649,0.6363636364,0.05607900438,0.8609116436,0.647,0.6353790614,0.6,0.5893416928,0.08409331385,0.7,0.6281588448,0.6363636364,0.642599278,0.6990595611,0.9775280899,0.9103139013,0.05607900438,0.9439209956,0.8096505253,0.8356544387,0.8552769601,0.8747893114,1,0.9275709175,0.5740072202,0.6724137931,0.9275835139,0.5812274368,0.6645768025,0,False,[],0.7,0.9439209956,0.9439209956,24.70587587
P,rte@s0__yelp_polarity@s1,rte@s0,yelp_polarity@s1,rte,yelp_polarity,0.870557301,0.528,0.5487364621,0.903,0.9041,0.09228288366,0.9359007858,0.591,0.5848375451,0.938,0.9301,0.05036762114,0.9623161533,0.618,0.642599278,0.95,0.9358,0.002392853345,0.9408880991,0.597,0.59566787,0.939,0.9345,0.03960097602,0.7,0.642599278,0.9358,0.642599278,0.9403,1,0.9952142933,0.002392853345,0.9976071467,0.816730992,0.8754273491,0.9018356335,0.9387623719,1,0.9178295356,0.5451263538,0.9284,0.9484186257,0.5812274368,0.9331,0,False,[],0.7,0.9976071467,0.9976071467,157.3640921
P,scitail@s0__snli@s1,scitail@s0,snli@s1,scitail,snli,0.6923206538,0.685,0.7208588957,0.581,0.6041454989,0.2663289813,0.952766695,0.931,0.911809816,0.81,0.8191424507,0.04037232782,0.9019515806,0.88,0.8113496933,0.768,0.7905913432,0.1106144237,0.8010549247,0.757,0.6564417178,0.704,0.7187563503,0.2349214206,0.5,0.911809816,0.8191424507,0.9332822086,0.8693355009,0.9769926048,0.9422627396,0.04037232782,0.9596276722,0.4607403128,0.6724437785,0.8861571976,0.9452450157,1,0.7202495099,0.7039877301,0.5965250965,0.9371868953,0.861196319,0.8272708799,0,False,[],0.5,0.9596276722,0.9596276722,57.46284199
P,scitail@s0__sst2@s1,scitail@s0,sst2@s1,scitail,sst2,0.76189519,0.533,0.6188650307,0.919,0.9094036697,0.1728220008,0.9056162298,0.791,0.7975460123,0.938,0.9208715596,0.07084480279,0.9615851855,0.898,0.8811349693,0.939,0.9105504587,0.03168755136,0.8869321605,0.758,0.6955521472,0.935,0.9094036697,0.1317373665,0.7,0.8811349693,0.9105504587,0.9332822086,0.9174311927,0.9441248973,0.9925,0.03168755136,0.9683124486,0.6800797467,0.7478535201,0.8376989561,0.9372640734,1,0.8606532457,0.6825153374,0.9082568807,0.9442517461,0.8397239264,0.9071100917,0,False,[],0.7,0.9683124486,0.9683124486,24.10000873
P,scitail@s0__stsb@s1,scitail@s0,stsb@s1,scitail,stsb,0.8145102222,0.653,0.7032208589,0.8191139397,0.8669361064,0.1384966401,0.9631304955,0.909,0.9064417178,0.84659924,0.8789969724,0.02287838765,0.9848604186,0.953,0.9156441718,0.844762038,0.8733547051,0.02110316994,0.9213542811,0.852,0.8075153374,0.8255393909,0.8372337995,0.09922992289,0.7,0.9156441718,0.8733547051,0.9332822086,0.8941960985,0.9811010682,0.9766925919,0.02110316994,0.9788968301,0.6864150884,0.7961502655,0.9093174361,0.9727777848,1,0.9170751166,0.7944785276,0.8788844296,0.980533062,0.9156441718,0.8762809296,0,False,[],0.7,0.9788968301,0.9788968301,31.69685268
P,scitail@s0__trec@s1,scitail@s0,trec@s1,scitail,trec,0.5772803325,0.506,0.5966257669,0.605,0.676,0.3347582728,0.861552785,0.737,0.7492331288,0.921,0.948,0.1139405457,0.9481595423,0.875,0.8765337423,0.95,0.96,0.0396050834,0.9704231434,0.924,0.9148773006,0.944,0.962,0.01804027134,1,0.9148773006,0.962,0.9332822086,0.978,0.9802793755,0.9836400818,0.01804027134,0.9819597287,0.3967805484,0.599703152,0.7743631261,0.8999352332,1,0.9158319512,0.7990797546,0.954,0.9158319512,,,0,False,[],1,0.9819597287,0.9819597287,20.63373733
P,scitail@s0__wic@s1,scitail@s0,wic@s1,scitail,wic,0.6812440487,0.477,0.5820552147,0.685,0.6551724138,0.2195577598,0.7659272247,0.649,0.6970858896,0.678,0.6692789969,0.1478411222,0.8252697387,0.799,0.8044478528,0.649,0.6426332288,0.1093809301,0.8401603656,0.884,0.8627300613,0.603,0.5862068966,0.1185153524,1,0.8627300613,0.5862068966,0.9332822086,0.6990595611,0.9244042728,0.8385650224,0.1185153524,0.8814846476,0.6369635598,0.6809570717,0.7356521339,0.7954530231,1,0.8763573589,0.7569018405,0.65830721,0.8763573589,,,0,False,[],1,0.8814846476,0.8814846476,23.6248796
P,scitail@s0__yelp_polarity@s1,scitail@s0,yelp_polarity@s1,scitail,yelp_polarity,0.754058356,0.521,0.6088957055,0.914,0.9094,0.1902189296,0.8941737288,0.772,0.7829754601,0.933,0.9311,0.08541793905,0.956971766,0.884,0.8949386503,0.942,0.9345,0.02362643926,0.9439146615,0.868,0.8343558282,0.933,0.9285,0.05927377152,0.7,0.8949386503,0.9345,0.9332822086,0.9403,0.9589153657,0.9938317558,0.02362643926,0.9763735607,0.6673679415,0.7390900808,0.8086930271,0.9046516861,1,0.8477590807,0.6587423313,0.9306,0.9182847028,0.786809816,0.9342,0,False,[],0.7,0.9763735607,0.9763735607,162.0551472
P,snli@s0__sst2@s1,snli@s0,sst2@s1,snli,sst2,0.76454518,0.475,0.487197724,0.916,0.9197247706,0.218831728,0.9247755416,0.733,0.7581792319,0.931,0.9185779817,0.06376495914,0.9624323879,0.795,0.8124364966,0.933,0.9116972477,0.0363415791,0.9038329535,0.702,0.6887827677,0.926,0.8841743119,0.1223865295,0.7,0.8124364966,0.9116972477,0.8702499492,0.9174311927,0.9335668418,0.99375,0.0363415791,0.9636584209,0.6619326762,0.7516199445,0.8591540595,0.9147401225,1,0.8758077933,0.656269051,0.9151376147,0.9090378722,0.7260719366,0.9025229358,0,False,[],0.7,0.9636584209,0.9636584209,49.10289168
P,snli@s0__stsb@s1,snli@s0,stsb@s1,snli,stsb,0.8189865365,0.576,0.5987604145,0.8239213864,0.8632634918,0.1732799761,0.9429033164,0.796,0.8131477342,0.8136803175,0.8306279159,0.06835281737,0.92592096,0.796,0.8399715505,0.784466936,0.7925976477,0.07420631916,0.8984536061,0.793,0.8149766308,0.7402634904,0.7321818979,0.1223492489,0.5,0.8131477342,0.8306279159,0.8702499492,0.8941960985,0.9343841214,0.9289102438,0.06835281737,0.9316471826,0.6888185098,0.8146812362,0.9011216625,0.9301711509,1,0.8164608887,0.585246901,0.8588014912,0.9306384233,0.8346880715,0.8066908087,0,False,[],0.5,0.9316471826,0.9316471826,55.85548639
P,snli@s0__trec@s1,snli@s0,trec@s1,snli,trec,0.5558853552,0.422,0.4424913635,0.589,0.64,0.4185692951,0.8796807359,0.682,0.7223125381,0.916,0.958,0.09522203002,0.9669427637,0.806,0.8438325544,0.943,0.972,0.01824553487,0.973262864,0.822,0.8547043284,0.937,0.964,0.01608916299,1,0.8547043284,0.964,0.8702499492,0.978,0.9821366025,0.9856850716,0.01608916299,0.983910837,0.3574447806,0.5297053325,0.7548855028,0.92805244,1,0.9443221987,0.8035968299,0.944,0.9443221987,,,0,False,[],1,0.983910837,0.983910837,38.98697019
P,snli@s0__wic@s1,snli@s0,wic@s1,snli,wic,0.7141128833,0.44,0.4549888234,0.717,0.6473354232,0.2755827895,0.8280616146,0.618,0.6567770778,0.731,0.6724137931,0.141708617,0.887649394,0.749,0.7718959561,0.703,0.6551724138,0.08789918298,0.8768680335,0.793,0.7966876651,0.645,0.5971786834,0.1151349873,0.7,0.7718959561,0.6551724138,0.8702499492,0.6990595611,0.8869819031,0.9372197309,0.08789918298,0.912100817,0.6254528396,0.7117082134,0.7842740276,0.8535238813,1,0.8121949272,0.5921560658,0.6598746082,0.9026806353,0.7398902662,0.6677115987,0,False,[],0.7,0.912100817,0.912100817,47.90833974
P,snli@s0__yelp_polarity@s1,snli@s0,yelp_polarity@s1,snli,yelp_polarity,0.7443800902,0.44,0.4585450112,0.915,0.9087,0.2533472227,0.9013117083,0.687,0.7362324731,0.936,0.9284,0.08332718396,0.9680177296,0.8,0.832046332,0.936,0.9333,0.02567201199,0.9462084526,0.781,0.8161958951,0.916,0.9215,0.04105343533,0.7,0.832046332,0.9333,0.8702499492,0.9403,0.9561004086,0.9925555674,0.02567201199,0.974327988,0.6412812919,0.7464380766,0.8427044354,0.9405760361,1,0.8531498654,0.6286323918,0.9252,0.9452805085,0.7881528145,0.9261,0,False,[],0.7,0.974327988,0.974327988,185.0576546
P,sst2@s0__stsb@s1,sst2@s0,stsb@s1,sst2,stsb,0.9446839444,0.917,0.8979357798,0.7983125712,0.8512134675,0.03527018598,0.9741537108,0.94,0.9151376147,0.8282706405,0.8577282282,0.02226408696,0.9592484274,0.942,0.9174311927,0.8008271153,0.8276034227,0.03786027785,0.8974285071,0.946,0.9036697248,0.6908769493,0.7284668953,0.1007842404,0.5,0.9151376147,0.8577282282,0.9185779817,0.8941960985,0.9962546816,0.9592171444,0.02226408696,0.977735913,0.889500502,0.9398649984,0.9505257313,0.9307036857,0.7,0.9573767491,0.8979357798,0.8380633036,0.9624378086,0.9105504587,0.8348346163,0,False,[],0.5,0.977735913,0.977735913,21.99239922
P,sst2@s0__trec@s1,sst2@s0,trec@s1,sst2,trec,0.8586772799,0.9,0.879587156,0.743,0.812,0.1060905463,0.9759827044,0.936,0.9059633028,0.932,0.968,0.01197889142,0.9833038522,0.945,0.9139908257,0.937,0.962,0.010676838,0.9744431342,0.943,0.9116972477,0.922,0.954,0.016015257,0.7,0.9139908257,0.962,0.9185779817,0.978,0.9950062422,0.9836400818,0.010676838,0.989323162,0.6095256813,0.8227397799,0.9405332809,0.9723565252,1,0.9716075764,0.9002293578,0.942,0.9789909852,0.9025229358,0.954,0,False,[],0.7,0.989323162,0.989323162,12.35819125
P,sst2@s0__wic@s1,sst2@s0,wic@s1,sst2,wic,0.9113618066,0.907,0.8922018349,0.688,0.6394984326,0.05695795054,0.9602334776,0.941,0.9105504587,0.737,0.6755485893,0.02118568158,0.9454149429,0.949,0.9162844037,0.707,0.6551724138,0.03263857398,0.8939984536,0.944,0.9025229358,0.63,0.5736677116,0.09842517481,0.5,0.9105504587,0.6755485893,0.9185779817,0.6990595611,0.9912609238,0.966367713,0.02118568158,0.9788143184,0.8538851823,0.9027947167,0.9290958223,0.9160688237,0.7,0.9440357625,0.8899082569,0.6426332288,0.9606223723,0.9059633028,0.6536050157,0,False,[],0.5,0.9788143184,0.9788143184,15.45579648
P,sst2@s0__yelp_polarity@s1,sst2@s0,yelp_polarity@s1,sst2,yelp_polarity,0.9726352912,0.922,0.8944954128,0.924,0.9143,0.02693398911,0.9842156575,0.935,0.9162844037,0.933,0.926,0.008852395635,0.9847397665,0.936,0.9151376147,0.933,0.926,0.00947661536,0.9731371922,0.927,0.8990825688,0.92,0.9159,0.02358631791,0.7,0.9151376147,0.926,0.9185779817,0.9403,0.9962546816,0.9847920876,0.00947661536,0.9905233846,0.8971935739,0.967366441,0.9752780443,0.9799894734,1,0.9821958301,0.9002293578,0.9256,0.9852776287,0.9048165138,0.9267,0,False,[],0.7,0.9905233846,0.9905233846,146.7252815
P,stsb@s0__trec@s1,stsb@s0,trec@s1,stsb,trec,0.754313976,0.7884013073,0.8601627349,0.574,0.636,0.1913061587,0.9228537416,0.8259116135,0.8795479816,0.856,0.92,0.03521446856,0.9529191506,0.8202535396,0.8720379498,0.92,0.954,0.02205381976,0.9223893277,0.7592783791,0.8264702831,0.929,0.958,0.04562469302,0.7,0.8720379498,0.954,0.8894423461,0.978,0.9804322378,0.9754601227,0.02205381976,0.9779461802,0.6139652321,0.7934876823,0.8846445152,0.9281652901,1,0.9485842052,0.8743733969,0.894,0.9686038431,0.8608757108,0.948,0,False,[],0.7,0.9779461802,0.9779461802,19.20599174
P,stsb@s0__wic@s1,stsb@s0,wic@s1,stsb,wic,0.9017511395,0.7822702031,0.8561905599,0.71,0.6489028213,0.05456693055,0.9490392153,0.8224506604,0.8765725241,0.748,0.6786833856,0.02180876127,0.9501893911,0.8222476518,0.8716736346,0.75,0.6865203762,0.01895729076,0.9166103223,0.7970252484,0.8449860271,0.72,0.6818181818,0.03732295757,0.7,0.8716736346,0.6865203762,0.8894423461,0.6990595611,0.9800226382,0.9820627803,0.01895729076,0.9810427092,0.8302227473,0.9051040514,0.9439797181,0.949034964,1,0.9706496056,0.8731281552,0.670846395,0.9816153468,0.8706980254,0.6880877743,0,False,[],0.7,0.9810427092,0.9810427092,22.39134693
P,stsb@s0__yelp_polarity@s1,stsb@s0,yelp_polarity@s1,stsb,yelp_polarity,0.9400655601,0.7894397091,0.8498149932,0.914,0.9127,0.03695268297,0.9724967666,0.8272499287,0.8668532594,0.934,0.9316,0.01732463787,0.9674002146,0.8129234545,0.856618569,0.94,0.9355,0.02100426263,0.9292564239,0.7542178441,0.8041992749,0.932,0.9308,0.05297097034,0.5,0.8668532594,0.9316,0.8894423461,0.9403,0.9746030905,0.9907476337,0.01732463787,0.9826753621,0.8666784086,0.9344643227,0.9553826376,0.9450900137,0.7,0.9606785123,0.8449390234,0.9134,0.9738093741,0.8557166645,0.9267,0,False,[],0.5,0.9826753621,0.9826753621,156.2964699
P,trec@s0__wic@s1,trec@s0,wic@s1,trec,wic,0.8007874735,0.697,0.69,0.689,0.6269592476,0.1944266496,0.967559428,0.941,0.95,0.751,0.6661442006,0.0318241744,0.9855696072,0.95,0.962,0.772,0.6849529781,0.01216007947,0.9625671955,0.946,0.954,0.739,0.6551724138,0.03760131465,0.7,0.962,0.6849529781,0.966,0.6990595611,0.9958592133,0.9798206278,0.01216007947,0.9878399205,0.6622187524,0.8425072808,0.9434246755,0.9811673838,1,0.9498904456,0.932,0.6536050157,0.9745587648,0.958,0.6692789969,0,False,[],0.7,0.9878399205,0.9878399205,13.04393363
P,trec@s0__yelp_polarity@s1,trec@s0,yelp_polarity@s1,trec,yelp_polarity,0.8895150364,0.78,0.754,0.91,0.9094,0.1261617752,0.9900515603,0.941,0.944,0.941,0.9304,0.01665144092,0.9963427377,0.95,0.952,0.944,0.9351,0.01001145179,0.9831515771,0.943,0.948,0.926,0.9292,0.01521914177,0.7,0.952,0.9351,0.966,0.9403,0.9855072464,0.99446985,0.01001145179,0.9899885482,0.7119745453,0.8828165126,0.9655172414,0.9805968068,1,0.9596985588,0.898,0.9307,0.981249872,0.942,0.9284,0,False,[],0.7,0.9899885482,0.9899885482,151.5295999
P,wic@s0__yelp_polarity@s1,wic@s0,yelp_polarity@s1,wic,yelp_polarity,0.9180905083,0.689,0.6285266458,0.909,0.9123,0.06331228868,0.9643985897,0.737,0.6567398119,0.939,0.9293,0.03400235022,0.9714734914,0.749,0.6677115987,0.938,0.9319,0.02473692985,0.9462196032,0.715,0.631661442,0.931,0.9286,0.05239258987,0.7,0.6677115987,0.9319,0.6959247649,0.9403,0.9594594595,0.9910666808,0.02473692985,0.9752630702,0.8379123166,0.9036285472,0.9432685388,0.9509865524,1,0.9447796994,0.6300940439,0.9254,0.9475884877,0.6285266458,0.9328,0,False,[],0.7,0.9752630702,0.9752630702,151.0852778
S1,cola@s1__sst2@s1,cola@s1,sst2@s1,cola,sst2,0.9052482019,0.701,0.7133269415,0.905,0.8864678899,0.09026949541,0.932181916,0.727,0.7420901246,0.926,0.9059633028,0.06244266055,0.9583347282,0.763,0.7593480345,0.934,0.9128440367,0.04837155963,0.9681594147,0.78,0.7622243528,0.933,0.8922018349,0.05790137615,1,0.7622243528,0.8922018349,0.8360498562,0.9174311927,0.9116972477,0.9725,0.05790137615,0.9420986239,0.8570009502,0.9020769546,0.9193012183,0.9545654116,1,0.9504300459,0.7583892617,0.9116972477,0.9504300459,,,0,False,[],1,0.9420986239,0.9420986239,12.43133426
S1,cola@s1__mrpc@s1,cola@s1,mrpc@s1,cola,mrpc,0.8524940021,0.742,0.7497603068,0.661,0.6862745098,0.149306654,0.8877724874,0.785,0.7957813998,0.676,0.7058823529,0.1102894654,0.9435773078,0.801,0.8207094919,0.752,0.7524509804,0.0680823579,0.9392344886,0.767,0.7564717162,0.779,0.7990196078,0.07920093852,0.7,0.8207094919,0.7524509804,0.8360498562,0.8529411765,0.9816513761,0.882183908,0.0680823579,0.9319176421,0.829966412,0.8579751227,0.8798848411,0.9290318532,1,0.8839699989,0.790987536,0.7009803922,0.9118158811,0.8111217641,0.7279411765,0,False,[],0.7,0.9319176421,0.9319176421,20.17834568
S1,cola@s1__stsb@s1,cola@s1,stsb@s1,cola,stsb,0.8942845326,0.722,0.7277085331,0.7819720011,0.8420938331,0.09392715703,0.9431446474,0.76,0.7622243528,0.8262119292,0.8631066091,0.06153542057,0.9582656244,0.786,0.7813998082,0.824984774,0.8520278862,0.0562623256,0.9201960023,0.798,0.7929050815,0.7469250244,0.7672546391,0.09678352463,0.7,0.7813998082,0.8520278862,0.8360498562,0.8941960985,0.9346330275,0.9528423213,0.0562623256,0.9437376744,0.8440531976,0.899853044,0.9331259941,0.9524923512,1,0.9322972355,0.7545541707,0.8602806133,0.9486638829,0.7852348993,0.856736062,0,False,[],0.7,0.9437376744,0.9437376744,20.15355945
S1,cola@s1__mnli@s1,cola@s1,mnli@s1,cola,mnli,0.6421616523,0.688,0.7008628955,0.37,0.3958227203,0.339544276,0.7905508155,0.691,0.7094918504,0.613,0.6303616913,0.1914023591,0.8864553657,0.692,0.7056567593,0.771,0.7721854305,0.1072363098,0.8876616383,0.692,0.7008628955,0.773,0.7648497198,0.1145753319,1,0.7008628955,0.7648497198,0.8360498562,0.8201732043,0.8383027523,0.9325465839,0.1145753319,0.8854246681,0.626462477,0.6481930154,0.7290191578,0.847860519,1,0.8582863696,0.6970278044,0.7240957718,0.8582863696,,,0,False,[],1,0.8854246681,0.8854246681,56.58261037
S1,cola@s1__qnli@s1,cola@s1,qnli@s1,cola,qnli,0.7825139293,0.71,0.7209971237,0.612,0.6209042651,0.2211951238,0.8885345214,0.746,0.7468839885,0.759,0.7662456526,0.1243443394,0.9449128567,0.77,0.7727708533,0.832,0.847885777,0.06315660075,0.9554319257,0.776,0.7766059444,0.844,0.8552077613,0.05676382211,1,0.7766059444,0.8552077613,0.8360498562,0.8930990298,0.9288990826,0.9575732732,0.05676382211,0.9432361779,0.7401240882,0.7837688871,0.8643962684,0.9345784429,1,0.9275372266,0.7746883988,0.8292147172,0.9275372266,,,0,False,[],1,0.9432361779,0.9432361779,47.07395363
S1,cola@s1__rte@s1,cola@s1,rte@s1,cola,rte,0.8201072219,0.703,0.7133269415,0.537,0.5559566787,0.1503175723,0.9139406279,0.754,0.7545541707,0.623,0.5920577617,0.09818908156,0.9614081101,0.784,0.8005752637,0.663,0.6317689531,0.04044636556,0.9582599109,0.804,0.8178331735,0.642,0.5992779783,0.05485053937,0.7,0.8005752637,0.6317689531,0.8360498562,0.6570397112,0.9575688073,0.9615384615,0.04044636556,0.9595536344,0.7992931888,0.8202281355,0.8790161544,0.9576331161,1,0.8866884263,0.7430488974,0.5812274368,0.9185590785,0.7871524449,0.5884476534,0,False,[],0.7,0.9595536344,0.9595536344,23.37882733
S1,cola@s1__wic@s1,cola@s1,wic@s1,cola,wic,0.87501949,0.724,0.7353787152,0.685,0.6269592476,0.1117759287,0.9361601126,0.763,0.7708533078,0.744,0.6630094044,0.06477557905,0.9574755816,0.798,0.8053691275,0.744,0.6661442006,0.04189122475,0.9092145502,0.802,0.8092042186,0.664,0.6238244514,0.06986670506,0.7,0.8053691275,0.6661442006,0.8360498562,0.6990595611,0.9633027523,0.9529147982,0.04189122475,0.9581087752,0.8325444719,0.8798421968,0.9278971362,0.9626193906,1,0.9437224873,0.7775647172,0.6692789969,0.9626187929,0.8072866731,0.670846395,0,False,[],0.7,0.9581087752,0.9581087752,13.64135575
S1,cola@s1__snli@s1,cola@s1,snli@s1,cola,snli,0.6869961139,0.698,0.7085330777,0.451,0.4605771185,0.3113596446,0.8694688356,0.723,0.7171620326,0.739,0.7705750864,0.1279031615,0.9228519369,0.742,0.7516778523,0.811,0.8374314164,0.06880841172,0.9239419365,0.76,0.7651006711,0.794,0.79943101,0.08263689626,1,0.7651006711,0.79943101,0.8360498562,0.8693355009,0.9151376147,0.9195885928,0.08263689626,0.9173631037,0.6216442371,0.6944323019,0.8156464808,0.9063088412,1,0.9010748399,0.7229146692,0.8149766308,0.9010748399,,,0,False,[],1,0.9173631037,0.9173631037,40.95385146
S1,cola@s1__scitail@s1,cola@s1,scitail@s1,cola,scitail,0.716875511,0.716,0.7305848514,0.533,0.6142638037,0.2355999685,0.8502160746,0.755,0.7622243528,0.741,0.7446319018,0.1471767237,0.9403532663,0.794,0.7967401726,0.867,0.8443251534,0.07338652509,0.9627763823,0.804,0.8178331735,0.898,0.8673312883,0.04850692387,1,0.8178331735,0.8673312883,0.8360498562,0.9378834356,0.9782110092,0.9247751431,0.04850692387,0.9514930761,0.6501811638,0.7159520439,0.8018261418,0.9268869468,1,0.9121346778,0.790987536,0.8236196319,0.9121346778,,,0,False,[],1,0.9514930761,0.9514930761,21.79182148
S1,cola@s1__ag_news@s1,cola@s1,ag_news@s1,cola,ag_news,0.892717583,0.707,0.7152444871,0.879,0.8738157895,0.107712172,0.9325967537,0.725,0.7440076702,0.934,0.9217105263,0.06504866955,0.9472963263,0.75,0.7641418984,0.933,0.9340789474,0.04643211933,0.9494826268,0.751,0.7622243528,0.936,0.9351315789,0.04701931123,1,0.7622243528,0.9351315789,0.8360498562,0.9405263158,0.9116972477,0.9942641298,0.04701931123,0.9529806888,0.725161411,0.8443737024,0.9070271565,0.9370000935,1,0.9439019961,0.7583892617,0.9223684211,0.9439019961,,,0,False,[],1,0.9529806888,0.9529806888,58.95032358
S1,cola@s1__imdb@s1,cola@s1,imdb@s1,cola,imdb,0.7811925402,0.707,0.7162032598,0.622,0.6351,0.2147963618,0.8920906531,0.741,0.7478427613,0.782,0.79,0.1088323116,0.950318376,0.782,0.7890699904,0.841,0.8445,0.05355148874,0.9788911974,0.803,0.7996164909,0.869,0.8638,0.03639901555,1,0.7996164909,0.8638,0.8360498562,0.8898,0.9564220183,0.9707799506,0.03639901555,0.9636009844,0.7258341149,0.8198412034,0.8890002705,0.9508566697,1,0.9466377095,0.7813998082,0.853,0.9466377095,,,0,False,[],1,0.9636009844,0.9636009844,159.4084868
S1,cola@s1__trec@s1,cola@s1,trec@s1,cola,trec,0.6995705187,0.698,0.711409396,0.527,0.548,0.2943776852,0.9144678745,0.737,0.748801534,0.894,0.922,0.08080875593,0.9549659968,0.771,0.7794822627,0.932,0.956,0.04507771899,0.9751433719,0.799,0.7938638543,0.938,0.95,0.03954428622,1,0.7938638543,0.95,0.8360498562,0.978,0.9495412844,0.9713701431,0.03954428622,0.9604557138,0.5481678847,0.7185850589,0.8766069072,0.9322973762,1,0.9429290726,0.7679769895,0.946,0.9429290726,,,0,False,[],1,0.9604557138,0.9604557138,9.807072163
S1,cola@s1__yelp_polarity@s1,cola@s1,yelp_polarity@s1,cola,yelp_polarity,0.8836706992,0.71,0.7190795781,0.852,0.8624,0.1113770786,0.9335362518,0.731,0.7507190796,0.922,0.9208,0.06140114125,0.957341321,0.764,0.769894535,0.929,0.9306,0.0447221485,0.9615508681,0.777,0.7890699904,0.922,0.9251,0.03617885713,1,0.7890699904,0.9251,0.8360498562,0.9403,0.9438073394,0.9838349463,0.03617885713,0.9638211429,0.820192665,0.8968328723,0.9291938056,0.9551175189,1,0.9562420665,0.7737296261,0.9281,0.9562420665,,,0,False,[],1,0.9638211429,0.9638211429,130.663985
S1,sst2@s1__mrpc@s1,sst2@s1,mrpc@s1,sst2,mrpc,0.8857293869,0.919,0.9105504587,0.66,0.6862745098,0.1014511494,0.9269908386,0.934,0.9254587156,0.715,0.7352941176,0.06459051724,0.9602466526,0.935,0.9208715596,0.769,0.7769607843,0.04266522989,0.8479704017,0.937,0.9128440367,0.582,0.5588235294,0.1749137931,0.7,0.9208715596,0.7769607843,0.9174311927,0.8529411765,1.00375,0.9109195402,0.04266522989,0.9573347701,0.8597533474,0.8868639887,0.9028259338,0.9501761804,1,0.9131681034,0.9162844037,0.7058823529,0.9371551724,0.9128440367,0.75,0,False,[],0.7,0.9573347701,0.9573347701,22.65605879
S1,sst2@s1__stsb@s1,sst2@s1,stsb@s1,sst2,stsb,0.9347331954,0.908,0.9094036697,0.7823864071,0.8436160973,0.03265738754,0.9474178703,0.923,0.9151376147,0.7905687287,0.8418278436,0.03053231013,0.9084559987,0.937,0.9105504587,0.710816858,0.7801195056,0.06753723473,0.776169263,0.933,0.8990825688,0.4868914564,0.5547602596,0.1997994408,0.5,0.9151376147,0.8418278436,0.9174311927,0.8941960985,0.9975,0.9414353797,0.03053231013,0.9694676899,0.8868232754,0.9292540411,0.9334457884,0.9015033233,0.7,0.9589379062,0.9048165138,0.8330561667,0.9601240718,0.9128440367,0.8273532802,0,False,[],0.5,0.9694676899,0.9694676899,22.59219313
S1,sst2@s1__mnli@s1,sst2@s1,mnli@s1,sst2,mnli,0.7376102031,0.914,0.9116972477,0.422,0.4597045339,0.2228765528,0.9107976701,0.929,0.9059633028,0.696,0.7088130413,0.07413819876,0.9523394803,0.93,0.9048165138,0.764,0.7493632196,0.05004270186,0.9042313901,0.92,0.8979357798,0.693,0.6647987774,0.1053454969,0.7,0.9048165138,0.7493632196,0.9174311927,0.8201732043,0.98625,0.9136645963,0.05004270186,0.9499572981,0.6704000337,0.7294646751,0.833969198,0.9061963649,1,0.8597088509,0.9048165138,0.6013245033,0.9214790373,0.8956422018,0.7108507387,0,False,[],0.7,0.9499572981,0.9499572981,68.10303497
S1,sst2@s1__qnli@s1,sst2@s1,qnli@s1,sst2,qnli,0.8569612629,0.907,0.8990825688,0.66,0.6714259564,0.1341032999,0.9534315267,0.925,0.9048165138,0.812,0.8233571298,0.04591988625,0.9702021277,0.934,0.9059633028,0.833,0.857221307,0.02633608321,0.8953028771,0.933,0.8899082569,0.703,0.7289035329,0.1069245747,0.7,0.9059633028,0.857221307,0.9174311927,0.8930990298,0.9875,0.9598278336,0.02633608321,0.9736639168,0.7857376113,0.854100851,0.9136905482,0.9534315267,1,0.9166040685,0.8967889908,0.7642321069,0.9437815126,0.8990825688,0.8105436573,0,False,[],0.7,0.9736639168,0.9736639168,55.99848461
S1,sst2@s1__rte@s1,sst2@s1,rte@s1,sst2,rte,0.867255135,0.902,0.9025229358,0.535,0.5487364621,0.09054258242,0.9497361152,0.931,0.9105504587,0.627,0.59566787,0.0504532967,0.9464136356,0.933,0.9162844037,0.621,0.5992779783,0.04458104396,0.908306199,0.941,0.9059633028,0.563,0.559566787,0.08042582418,0.5,0.9105504587,0.59566787,0.9174311927,0.6570397112,0.9925,0.9065934066,0.0504532967,0.9495467033,0.8113802256,0.8678592923,0.9245412879,0.963000571,1,0.9057074176,0.8956422018,0.5487364621,0.9229464286,0.9071100917,0.5631768953,0,False,[],0.5,0.9495467033,0.9495467033,24.30178714
S1,sst2@s1__wic@s1,sst2@s1,wic@s1,sst2,wic,0.9216137857,0.908,0.9105504587,0.697,0.6269592476,0.05531950673,0.9653507397,0.932,0.9151376147,0.746,0.6598746082,0.02927690583,0.961127769,0.936,0.9082568807,0.736,0.6457680251,0.04311659193,0.9049376067,0.934,0.9082568807,0.649,0.5799373041,0.09020179372,0.5,0.9151376147,0.6598746082,0.9174311927,0.6990595611,0.9975,0.9439461883,0.02927690583,0.9707230942,0.8585391898,0.9098914246,0.9341909233,0.931340552,0.7,0.9351961883,0.9013761468,0.6206896552,0.9400672646,0.9082568807,0.6222570533,0,False,[],0.5,0.9707230942,0.9707230942,15.40838552
S1,sst2@s1__snli@s1,sst2@s1,snli@s1,sst2,snli,0.7608274218,0.911,0.9151376147,0.481,0.4991871571,0.2141415381,0.9263983322,0.932,0.9220183486,0.747,0.7773826458,0.05038686302,0.9511605808,0.936,0.9162844037,0.786,0.8082706767,0.03574655213,0.8844821278,0.934,0.8876146789,0.673,0.6742532006,0.1284519635,0.7,0.9162844037,0.8082706767,0.9174311927,0.8693355009,0.99875,0.9297568957,0.03574655213,0.9642534479,0.6674155869,0.7575518167,0.8694288317,0.9194296911,1,0.8990281674,0.9243119266,0.6872586873,0.9333245676,0.9059633028,0.7642755537,0,False,[],0.7,0.9642534479,0.9642534479,47.3046248
S1,sst2@s1__scitail@s1,sst2@s1,scitail@s1,sst2,scitail,0.7797096978,0.911,0.9082568807,0.566,0.648006135,0.1595380213,0.922526661,0.932,0.9231651376,0.816,0.8128834356,0.06351441128,0.939401551,0.941,0.9162844037,0.839,0.8366564417,0.05459065822,0.8377122241,0.939,0.9036697248,0.648,0.6234662577,0.1751206051,0.7,0.9162844037,0.8366564417,0.9174311927,0.9378834356,0.99875,0.8920686836,0.05459065822,0.9454093418,0.6890244989,0.761801117,0.8524462158,0.9341178096,1,0.8851655765,0.9220183486,0.717791411,0.9421386958,0.9162844037,0.8305214724,0,False,[],0.7,0.9454093418,0.9454093418,24.79780674
S1,sst2@s1__ag_news@s1,sst2@s1,ag_news@s1,sst2,ag_news,0.932605158,0.911,0.8887614679,0.858,0.8501315789,0.06368040011,0.9783937238,0.928,0.8990825688,0.928,0.9153947368,0.02336038053,0.984191004,0.933,0.9059633028,0.934,0.9252631579,0.01436415781,0.9725992224,0.924,0.875,0.921,0.9207894737,0.03361744544,0.7,0.9059633028,0.9252631579,0.9174311927,0.9405263158,0.9875,0.9837716844,0.01436415781,0.9856358422,0.7621108747,0.872145266,0.9410645965,0.9673610509,1,0.9393047006,0.8944954128,0.8498684211,0.9636790011,0.8864678899,0.9039473684,0,False,[],0.7,0.9856358422,0.9856358422,67.82909131
S1,sst2@s1__imdb@s1,sst2@s1,imdb@s1,sst2,imdb,0.9679723085,0.911,0.9048165138,0.863,0.8732,0.01620293886,0.9722709516,0.917,0.9208715596,0.865,0.8776,0.00498047314,0.9770278226,0.926,0.9197247706,0.865,0.8713,0.009145594516,0.9679735002,0.927,0.9128440367,0.848,0.8556,0.02171780175,0.7,0.9197247706,0.8713,0.9174311927,0.8898,1.0025,0.979208811,0.009145594516,0.9908544055,0.9181172253,0.9670206959,0.9744554297,0.9820307901,1,0.9894576028,0.9116972477,0.8766,0.9804817094,0.9048165138,0.8673,0,False,[],0.7,0.9908544055,0.9908544055,181.4921725
S1,sst2@s1__trec@s1,sst2@s1,trec@s1,sst2,trec,0.8324039817,0.893,0.8944954128,0.692,0.778,0.1147494888,0.9643983439,0.922,0.9025229358,0.916,0.95,0.02243992843,0.9769908386,0.934,0.9071100917,0.928,0.96,0.01482745399,0.9734066684,0.942,0.8990825688,0.913,0.952,0.02329243354,0.7,0.9071100917,0.96,0.9174311927,0.978,0.98875,0.981595092,0.01482745399,0.985172546,0.6187511011,0.7859573203,0.8856214764,0.9462000088,1,0.9329102761,0.8956422018,0.87,0.958642638,0.8922018349,0.924,0,False,[],0.7,0.985172546,0.985172546,12.24378514
S1,sst2@s1__yelp_polarity@s1,sst2@s1,yelp_polarity@s1,sst2,yelp_polarity,0.971430779,0.917,0.9105504587,0.919,0.9158,0.0167777571,0.9835995449,0.929,0.9071100917,0.93,0.926,0.01322895618,0.9809613179,0.92,0.9036697248,0.934,0.9271,0.01451903648,0.9698462751,0.913,0.8864678899,0.92,0.9177,0.02889244124,0.5,0.9071100917,0.926,0.9174311927,0.9403,0.98875,0.9847920876,0.01322895618,0.9867710438,0.9402031748,0.9687869531,0.9793678557,0.9804294174,1,0.9787139078,0.9002293578,0.9179,0.9838456477,0.9025229358,0.9252,0,False,[],0.5,0.9867710438,0.9867710438,147.8097119
S1,mrpc@s1__stsb@s1,mrpc@s1,stsb@s1,mrpc,stsb,0.8755616779,0.674,0.7009803922,0.8034746946,0.859595143,0.1084279807,0.9354454623,0.775,0.7916666667,0.8011896636,0.8420936783,0.06505320584,0.9599225161,0.836,0.8382352941,0.7796995747,0.8102159623,0.05557914559,0.9118277011,0.784,0.7916666667,0.7511789133,0.7696594184,0.1055556527,0.7,0.8382352941,0.8102159623,0.8529411765,0.8941960985,0.9827586207,0.9060830881,0.05557914559,0.9444208544,0.8447870948,0.8786970501,0.9104030342,0.9486098519,1,0.8985430397,0.7230392157,0.8489363004,0.9304703184,0.806372549,0.8186708098,0,False,[],0.7,0.9444208544,0.9444208544,28.67590165
S1,mrpc@s1__mnli@s1,mrpc@s1,mnli@s1,mrpc,mnli,0.6973842161,0.673,0.7058823529,0.48,0.5036169129,0.279188263,0.9499192163,0.818,0.8161764706,0.753,0.7574121243,0.0598125937,0.924947911,0.735,0.7401960784,0.795,0.7856342333,0.08714785464,0.8299572322,0.633,0.6151960784,0.74,0.7195109526,0.2007342757,0.5,0.8161764706,0.7574121243,0.8529411765,0.8201732043,0.9568965517,0.9234782609,0.0598125937,0.9401874063,0.6117008444,0.6840888986,0.8477552363,0.9553182001,1,0.705180624,0.693627451,0.4897605706,0.9435460841,0.7990196078,0.7794192562,0,False,[],0.5,0.9401874063,0.9401874063,71.76578426
S1,mrpc@s1__qnli@s1,mrpc@s1,qnli@s1,mrpc,qnli,0.8270792594,0.669,0.6960784314,0.737,0.760021966,0.1664569949,0.9533444283,0.782,0.7990196078,0.838,0.8647263408,0.04749359794,0.9485694473,0.793,0.7867647059,0.818,0.8262859235,0.07619830943,0.710539491,0.556,0.5514705882,0.653,0.66977851,0.3017497579,0.5,0.7990196078,0.8647263408,0.8529411765,0.8930990298,0.9367816092,0.9682311949,0.04749359794,0.9525064021,0.7421052632,0.817353859,0.8856466264,0.9703141252,1,0.828423127,0.7009803922,0.7457440967,0.9656465193,0.8259803922,0.8599670511,0,False,[],0.5,0.9525064021,0.9525064021,60.0608902
S1,mrpc@s1__rte@s1,mrpc@s1,rte@s1,mrpc,rte,0.8469497899,0.664,0.6911764706,0.609,0.6028880866,0.1360363774,0.9055695643,0.727,0.7450980392,0.637,0.5848375451,0.1181634457,0.9264145101,0.818,0.8210784314,0.59,0.5559566787,0.09560123784,0.8684583057,0.785,0.8088235294,0.538,0.5090252708,0.1384994316,0.7,0.8210784314,0.5559566787,0.8529411765,0.6570397112,0.9626436782,0.8461538462,0.09560123784,0.9043987622,0.7890510949,0.8583808892,0.8973589914,0.9277903119,1,0.8839522546,0.7205882353,0.6064981949,0.8953991411,0.7916666667,0.5667870036,0,False,[],0.7,0.9043987622,0.9043987622,31.28837013
S1,mrpc@s1__wic@s1,mrpc@s1,wic@s1,mrpc,wic,0.8455282867,0.659,0.6862745098,0.704,0.6536050157,0.1302123602,0.8713722779,0.664,0.6911764706,0.74,0.6802507837,0.108280501,0.8746491531,0.683,0.7107843137,0.727,0.6802507837,0.09678624813,0.8937089526,0.75,0.762254902,0.693,0.6363636364,0.09800396887,1,0.762254902,0.6363636364,0.8529411765,0.6990595611,0.8936781609,0.9103139013,0.09800396887,0.9019960311,0.813208895,0.8581749049,0.862527941,0.8749256827,1,0.8966612546,0.7034313725,0.6771159875,0.8966612546,,,0,False,[],1,0.9019960311,0.9019960311,21.73309445
S1,mrpc@s1__snli@s1,mrpc@s1,snli@s1,mrpc,snli,0.7265167353,0.666,0.6985294118,0.556,0.5816907133,0.2559566991,0.942354556,0.796,0.8088235294,0.792,0.8170087381,0.05595790814,0.9442487594,0.802,0.7941176471,0.789,0.8069498069,0.07036401154,0.8072368282,0.666,0.6225490196,0.695,0.714488925,0.2241177798,0.7,0.7941176471,0.8069498069,0.8529411765,0.8693355009,0.9310344828,0.9282374942,0.07036401154,0.9296359885,0.6200929152,0.7381818182,0.8858431,0.9614190687,1,0.8920721091,0.7573529412,0.779109937,0.950714159,0.8137254902,0.8236130868,0,False,[],0.7,0.9296359885,0.9296359885,55.96833873
S1,mrpc@s1__scitail@s1,mrpc@s1,scitail@s1,mrpc,scitail,0.7820084938,0.667,0.7083333333,0.717,0.7515337423,0.1841159858,0.9534431778,0.776,0.7892156863,0.917,0.9056748466,0.05452721309,0.9432289172,0.82,0.8357843137,0.847,0.8297546012,0.06770260618,0.8531213079,0.74,0.7230392157,0.768,0.7085889571,0.1983898178,0.5,0.7892156863,0.9056748466,0.8529411765,0.9378834356,0.9252873563,0.9656582175,0.05452721309,0.9454727869,0.6507903056,0.7667292525,0.8881808602,0.9701784973,1,0.8017617316,0.7009803922,0.7331288344,0.9524933976,0.818627451,0.8865030675,0,False,[],0.5,0.9454727869,0.9454727869,32.35592556
S1,mrpc@s1__ag_news@s1,mrpc@s1,ag_news@s1,mrpc,ag_news,0.8390115668,0.66,0.6838235294,0.835,0.8235526316,0.1613231577,0.8927846286,0.688,0.7132352941,0.905,0.8898684211,0.1088271617,0.9126966829,0.733,0.7549019608,0.891,0.8853947368,0.08678016196,0.6956581589,0.492,0.4730392157,0.756,0.7463157895,0.3259468125,0.7,0.7549019608,0.8853947368,0.8529411765,0.9405263158,0.8850574713,0.9413822048,0.08678016196,0.913219838,0.7285211739,0.7995793901,0.849161648,0.8995965969,1,0.855164052,0.6960784314,0.8410526316,0.8895543485,0.7352941176,0.8625,0,False,[],0.7,0.913219838,0.913219838,76.01737356
S1,mrpc@s1__imdb@s1,mrpc@s1,imdb@s1,mrpc,imdb,0.8825253664,0.66,0.6862745098,0.856,0.844,0.1234372699,0.8707464726,0.688,0.7156862745,0.805,0.8039,0.1287290441,0.8918513204,0.787,0.8161764706,0.736,0.728,0.1124710318,0.8208288067,0.827,0.8357843137,0.567,0.5676,0.191109393,0.7,0.8161764706,0.728,0.8529411765,0.8898,0.9568965517,0.8181613846,0.1124710318,0.8875289682,0.8610624851,0.8577650234,0.8388958355,0.8175245123,0.3,0.8388489083,0.6985294118,0.7641,0.8596730377,0.6838235294,0.8165,0,False,[],0.7,0.8875289682,0.8875289682,187.9952476
S1,mrpc@s1__trec@s1,mrpc@s1,trec@s1,mrpc,trec,0.7604166667,0.66,0.6862745098,0.692,0.766,0.2060856075,0.9003125,0.682,0.7107843137,0.935,0.962,0.09151329243,0.9621496212,0.772,0.7916666667,0.949,0.972,0.03898702489,0.9840435606,0.815,0.8088235294,0.941,0.962,0.03404202807,1,0.8088235294,0.962,0.8529411765,0.978,0.9482758621,0.9836400818,0.03404202807,0.9659579719,0.5827272727,0.7880208333,0.8721306818,0.9417992424,1,0.9374162612,0.7549019608,0.968,0.9374162612,,,0,False,[],1,0.9659579719,0.9659579719,17.76350379
S1,mrpc@s1__yelp_polarity@s1,mrpc@s1,yelp_polarity@s1,mrpc,yelp_polarity,0.8847162301,0.661,0.6887254902,0.914,0.9109,0.1118976763,0.9163841808,0.715,0.7328431373,0.912,0.905,0.08917290398,0.9389869029,0.789,0.8014705882,0.87,0.8669,0.06920251057,0.7568387262,0.658,0.6053921569,0.676,0.6857,0.2804972673,0.7,0.8014705882,0.8669,0.8529411765,0.9403,0.9396551724,0.9219398064,0.06920251057,0.9307974894,0.8612583462,0.8766949153,0.8774640473,0.8837288136,1,0.8788032005,0.7034313725,0.8772,0.8765966108,0.7647058824,0.8055,0,False,[],0.7,0.9307974894,0.9307974894,157.245966
S1,stsb@s1__mnli@s1,stsb@s1,mnli@s1,stsb,mnli,0.725874583,0.841953117,0.8717207912,0.392,0.4218033622,0.2554244686,0.8749303298,0.8099292568,0.8321761946,0.67,0.6966887417,0.1099586434,0.9105675921,0.7363546789,0.7572405183,0.8,0.8030565461,0.08701506538,0.7159211811,0.4118953855,0.4347395968,0.79,0.7828833418,0.2796432896,0.7,0.7572405183,0.8030565461,0.8941960985,0.8201732043,0.8468394345,0.9791304348,0.08701506538,0.9129849346,0.6642378496,0.7311104679,0.8149458663,0.8868326505,1,0.8324360623,0.8441234056,0.5912379012,0.9065632285,0.7910767356,0.7614875191,0,False,[],0.7,0.9129849346,0.9129849346,74.01094222
S1,stsb@s1__qnli@s1,stsb@s1,qnli@s1,stsb,qnli,0.8564071105,0.8059835101,0.8497941658,0.678,0.6858868753,0.1408352283,0.9364718513,0.8108579578,0.8509854637,0.813,0.8420281896,0.05275364639,0.9445104163,0.7754806898,0.8259731529,0.863,0.8854109464,0.04245180286,0.8848536188,0.6866354024,0.754745917,0.849,0.8574043566,0.09795877092,0.7,0.8259731529,0.8854109464,0.8941960985,0.8930990298,0.9237047157,0.9913916786,0.04245180286,0.9575481971,0.7651966138,0.8398737883,0.9069868079,0.920099256,1,0.9063337471,0.8500278154,0.7699066447,0.9405693976,0.8311636458,0.8498993227,0,False,[],0.7,0.9575481971,0.9575481971,60.66707611
S1,stsb@s1__rte@s1,stsb@s1,rte@s1,stsb,rte,0.9135312859,0.8130710153,0.8651348009,0.604,0.6137184116,0.0492169907,0.9652637254,0.8342578948,0.8676503151,0.658,0.6245487365,0.03956865386,0.9215425002,0.8230851586,0.8546913204,0.607,0.5884476534,0.07428735178,0.8564530329,0.7738987198,0.7934647213,0.557,0.5306859206,0.1524789506,0.5,0.8676503151,0.6245487365,0.8941960985,0.6570397112,0.9703132417,0.9505494505,0.03956865386,0.9604313461,0.8366849313,0.9205826688,0.9750824192,0.9483453248,0.7,0.9579159705,0.8680650022,0.6209386282,0.9865445471,0.8701324716,0.6570397112,0,False,[],0.5,0.9604313461,0.9604313461,31.92713904
S1,stsb@s1__wic@s1,stsb@s1,wic@s1,stsb,wic,0.9066816706,0.7889721311,0.8538677753,0.707,0.6551724138,0.05394017877,0.9559536393,0.8312158033,0.8778785107,0.746,0.6833855799,0.0203349286,0.9622294434,0.8300201731,0.8735493911,0.757,0.7021943574,0.009302690683,0.927144968,0.7991005869,0.8412852756,0.73,0.6912225705,0.03519107441,0.7,0.8735493911,0.7021943574,0.8941960985,0.6990595611,0.9769103137,1.004484305,0.009302690683,0.9906973093,0.8403598884,0.9061344116,0.94512732,0.9654903604,1,0.9694959877,0.8737266688,0.6724137931,0.9777928005,0.8745301561,0.6833855799,0,False,[],0.7,0.9906973093,0.9906973093,21.95666289
S1,stsb@s1__snli@s1,stsb@s1,snli@s1,stsb,snli,0.8215341904,0.8268261012,0.8549186879,0.587,0.613086771,0.1693443686,0.9394264318,0.8168468695,0.8254281472,0.8,0.8172119488,0.0684313505,0.9368342433,0.7894115168,0.7940195811,0.823,0.8405811827,0.07255295012,0.8973602368,0.7294992875,0.728579036,0.815,0.8208697419,0.1204818546,0.5,0.8254281472,0.8172119488,0.8941960985,0.8693355009,0.9230952233,0.9400420757,0.0684313505,0.9315686495,0.6871087329,0.8117830415,0.8959509102,0.9226666192,1,0.8192057146,0.8447883349,0.6030278399,0.9240918537,0.7911545044,0.8375330217,0,False,[],0.5,0.9315686495,0.9315686495,54.4378047
S1,stsb@s1__scitail@s1,stsb@s1,scitail@s1,stsb,scitail,0.8289741455,0.8196809264,0.8666036667,0.669,0.7162576687,0.1335807096,0.9741139018,0.844582652,0.877741201,0.917,0.9164110429,0.0206482054,0.9885863496,0.8404757918,0.8704217707,0.949,0.9263803681,0.0194261491,0.9292918303,0.8200461475,0.8351410881,0.859,0.8098159509,0.1012960204,0.7,0.8704217707,0.9263803681,0.8941960985,0.9378834356,0.9734126241,0.9877350777,0.0194261491,0.9805738509,0.6933272543,0.8060915392,0.9171323145,0.9785979051,1,0.9216863363,0.879898304,0.8059815951,0.9877697168,0.8789039029,0.9309815951,0,False,[],0.7,0.9805738509,0.9805738509,30.95453548
S1,stsb@s1__ag_news@s1,stsb@s1,ag_news@s1,stsb,ag_news,0.8698732395,0.7882068614,0.8484585634,0.783,0.8028947368,0.09874198663,0.9329184541,0.806215804,0.8605694543,0.883,0.8963157895,0.04230580139,0.9237054327,0.771374424,0.8359828431,0.904,0.9153947368,0.04591098968,0.8141884928,0.579363536,0.6799035469,0.908,0.9206578947,0.1303865321,0.5,0.8605694543,0.8963157895,0.8941960985,0.9405263158,0.9623945528,0.9529938444,0.04230580139,0.9576941986,0.7281580395,0.8139609197,0.8712475707,0.8610925497,0.7,0.8469154784,0.8397166481,0.7098684211,0.9085899592,0.8379275526,0.8277631579,0,False,[],0.5,0.9576941986,0.9576941986,74.65830326
S1,stsb@s1__imdb@s1,stsb@s1,imdb@s1,stsb,imdb,0.9369177546,0.7952302478,0.8558669723,0.842,0.8264,0.0570581537,0.9661027365,0.8425257722,0.8813860648,0.845,0.8333,0.0389115848,0.9708359772,0.8545467217,0.8863340273,0.841,0.8299,0.03805541655,0.9598939834,0.8492996671,0.8783737762,0.827,0.812,0.05256492227,0.7,0.8863340273,0.8299,0.8941960985,0.8898,0.9912076654,0.9326815015,0.03805541655,0.9619445835,0.8954841595,0.9276781732,0.9369267135,0.945486069,1,0.9402061942,0.8753946087,0.8021,0.9378409814,0.882821991,0.7905,0,False,[],0.7,0.9619445835,0.9619445835,188.6043494
S1,stsb@s1__trec@s1,stsb@s1,trec@s1,stsb,trec,0.6938438349,0.789491326,0.8576157637,0.451,0.492,0.2689205713,0.8875970397,0.826230694,0.8783518741,0.782,0.864,0.06714168833,0.9303836964,0.8165100029,0.8708278208,0.875,0.908,0.04885396143,0.9014188099,0.7424934512,0.8117191751,0.902,0.892,0.09008519744,0.7,0.8708278208,0.908,0.8941960985,0.978,0.9738667193,0.9284253579,0.04885396143,0.9511460386,0.6173360705,0.7130601269,0.8321771972,0.8979235824,1,0.8857386384,0.8745427807,0.776,0.9302503738,0.8645447489,0.874,0,False,[],0.7,0.9511460386,0.9511460386,19.73948097
S1,stsb@s1__yelp_polarity@s1,stsb@s1,yelp_polarity@s1,stsb,yelp_polarity,0.9495602873,0.7915650612,0.8463566812,0.924,0.922,0.03648089558,0.9803934274,0.8327600995,0.8664192189,0.937,0.9323,0.01978572217,0.9813651585,0.8344316904,0.8627738598,0.937,0.9313,0.02235581172,0.9418824712,0.782913198,0.8270132995,0.919,0.9185,0.04915807736,0.7,0.8627738598,0.9313,0.8941960985,0.9403,0.9648597899,0.9904285866,0.02235581172,0.9776441883,0.8919665215,0.9497480124,0.9664739832,0.9583026096,0.7,0.9725568293,0.8577648332,0.927,0.9725568293,,,0,False,[],0.7,0.9776441883,0.9776441883,137.046989
S1,mnli@s1__qnli@s1,mnli@s1,qnli@s1,mnli,qnli,0.7281683979,0.476,0.4957717779,0.771,0.8090792605,0.2448023027,0.8276072189,0.749,0.745899134,0.657,0.6694124108,0.1705100831,0.7710069478,0.787,0.7802343352,0.518,0.529745561,0.2277706586,0.7390897196,0.754,0.7310239429,0.497,0.5075965587,0.2701707406,0.5,0.745899134,0.6694124108,0.8201732043,0.8930990298,0.9094409938,0.7495388399,0.1705100831,0.8294899169,0.555074488,0.7005662856,0.7912720517,0.7737252017,0.7,0.7221551102,0.4751910341,0.7724693392,0.8085595765,0.6448293428,0.7420831045,0,False,[],0.5,0.8294899169,0.8294899169,103.1870353
S1,mnli@s1__rte@s1,mnli@s1,rte@s1,mnli,rte,0.7351993872,0.442,0.4701986755,0.642,0.642599278,0.2243430483,0.9815493119,0.75,0.7627101375,0.725,0.714801444,-0.008924988055,1.003392532,0.808,0.8038716251,0.707,0.6931407942,-0.01753463927,0.9432162574,0.776,0.7680081508,0.651,0.6534296029,0.03454849498,0.7,0.8038716251,0.6931407942,0.8201732043,0.6570397112,0.9801242236,1.054945055,-0.01753463927,1.017534639,0.5938330413,0.7181883018,0.9144127566,0.9960589225,1,0.9416005733,0.6703005604,0.7003610108,1.014892499,0.7905247071,0.7003610108,0,False,[],0.7,1.017534639,1.017534639,73.90894198
S1,mnli@s1__wic@s1,mnli@s1,wic@s1,mnli,wic,0.6669128136,0.365,0.3887926643,0.705,0.670846395,0.2831607387,0.755946129,0.562,0.5814569536,0.658,0.65830721,0.1746759324,0.8405740268,0.758,0.7598573612,0.605,0.5799373041,0.1219719801,0.8398011867,0.804,0.7846153846,0.56,0.5360501567,0.1382689469,0.7,0.7598573612,0.5799373041,0.8201732043,0.6990595611,0.9264596273,0.8295964126,0.1219719801,0.8780280199,0.6136587059,0.6552307742,0.7178957958,0.8142890559,1,0.7817277108,0.5062659195,0.6614420063,0.8770049857,0.701171676,0.6285266458,0,False,[],0.7,0.8780280199,0.8780280199,67.11455703
S1,mnli@s1__snli@s1,mnli@s1,snli@s1,mnli,snli,0.7533501735,0.551,0.5828833418,0.725,0.7550294656,0.2104017231,0.9451860476,0.793,0.7943963321,0.804,0.8260516155,0.04060909637,0.9571815251,0.81,0.7861436577,0.807,0.811420443,0.05405529954,0.8880246971,0.73,0.7213448803,0.771,0.7916073969,0.1049539171,0.7,0.7861436577,0.811420443,0.8201732043,0.8693355009,0.9585093168,0.9333800842,0.05405529954,0.9459447005,0.4495740218,0.7212536549,0.8976503603,0.9515291362,1,0.9215337608,0.74121243,0.8166023166,0.952311828,0.7909322466,0.8174151595,0,False,[],0.7,0.9459447005,0.9459447005,101.3372858
S1,mnli@s1__scitail@s1,mnli@s1,scitail@s1,mnli,scitail,0.7220730094,0.487,0.5132959755,0.813,0.8320552147,0.243499388,0.9473472807,0.788,0.7716760061,0.896,0.8773006135,0.06186284617,0.9194441231,0.809,0.7939887927,0.819,0.7384969325,0.1222587264,0.8440597111,0.767,0.7457972491,0.724,0.6119631902,0.2190946811,0.5,0.7716760061,0.8773006135,0.8201732043,0.9378834356,0.9408695652,0.9354047424,0.06186284617,0.9381371538,0.4629487455,0.6593474688,0.8858966521,0.9446506449,1,0.7069367658,0.4930208864,0.7622699387,0.9338753092,0.7941925624,0.8435582822,0,False,[],0.5,0.9381371538,0.9381371538,73.49965096
S1,mnli@s1__ag_news@s1,mnli@s1,ag_news@s1,mnli,ag_news,0.6593110674,0.367,0.392969944,0.833,0.8263157895,0.3211510669,0.8180868592,0.564,0.6012226184,0.909,0.9106578947,0.1493568283,0.9251197711,0.731,0.7394803872,0.921,0.9177631579,0.06129383366,0.9035318039,0.717,0.7228731533,0.896,0.9009210526,0.0803716107,0.7,0.7394803872,0.9177631579,0.8201732043,0.9405263158,0.9016149068,0.9757974259,0.06129383366,0.9387061663,0.5253488487,0.5635608001,0.6557455234,0.806059649,1,0.6818136681,0.5080998472,0.6998684211,0.8255264036,0.6449312277,0.8132894737,0,False,[],0.7,0.9387061663,0.9387061663,116.6617064
S1,mnli@s1__imdb@s1,mnli@s1,imdb@s1,mnli,imdb,0.6976247173,0.38,0.4053998981,0.831,0.8297,0.2866287769,0.8688202327,0.633,0.6630667346,0.864,0.859,0.1130836576,0.9615849089,0.784,0.7885888945,0.867,0.8578,0.03723622728,0.9461168765,0.792,0.7919510953,0.831,0.8264,0.05283095231,0.7,0.7885888945,0.8578,0.8201732043,0.8898,0.9614906832,0.9640368622,0.03723622728,0.9627637727,0.5881326981,0.6657700086,0.7713141028,0.9027305007,1,0.7958975497,0.5510952624,0.8185,0.9167045843,0.739582272,0.829,0,False,[],0.7,0.9627637727,0.9627637727,233.4707112
S1,mnli@s1__trec@s1,mnli@s1,trec@s1,mnli,trec,0.6013677372,0.371,0.3938869078,0.725,0.8,0.3508778214,0.8488622085,0.619,0.6406520632,0.913,0.95,0.1237559222,0.9624974869,0.791,0.7825776872,0.932,0.956,0.03416669842,0.9495319411,0.798,0.7839021905,0.899,0.89,0.06710157629,0.7,0.7825776872,0.956,0.8201732043,0.978,0.9541614907,0.9775051125,0.03416669842,0.9658333016,0.3836851628,0.4698438128,0.6409598663,0.8287205971,1,0.6836496081,0.5343861437,0.7,0.8448599627,0.731737137,0.78,0,False,[],0.7,0.9658333016,0.9658333016,60.55860138
S1,mnli@s1__yelp_polarity@s1,mnli@s1,yelp_polarity@s1,mnli,yelp_polarity,0.7240849451,0.397,0.4267957208,0.915,0.9162,0.2526287236,0.8829608881,0.649,0.6694854814,0.928,0.9249,0.1000522299,0.9610747071,0.775,0.7714722364,0.932,0.9229,0.03894180726,0.9292982407,0.739,0.733367295,0.913,0.9122,0.06786129443,0.7,0.7714722364,0.9229,0.8201732043,0.9403,0.940621118,0.9814952675,0.03894180726,0.9610581927,0.6722855033,0.723040957,0.8086281716,0.9172661825,1,0.8338903205,0.5650534896,0.9204,0.9220899766,0.7109526235,0.919,0,False,[],0.7,0.9610581927,0.9610581927,201.8261626
S1,qnli@s1__rte@s1,qnli@s1,rte@s1,qnli,rte,0.8951894971,0.738,0.7614863628,0.648,0.5920577617,0.1231336812,0.9105547111,0.858,0.8713161267,0.575,0.5812274368,0.06988742964,0.8332626234,0.802,0.8132894014,0.513,0.5018050542,0.1628131553,0.7160441965,0.629,0.6487278052,0.488,0.4729241877,0.276920712,0.5,0.8713161267,0.5812274368,0.8930990298,0.6570397112,0.9756097561,0.8846153846,0.06988742964,0.9301125704,0.7440779034,0.8986219913,0.9217800531,0.8462234211,0.7,0.8797357592,0.7666117518,0.5920577617,0.9194743563,0.857221307,0.5776173285,0,False,[],0.5,0.9301125704,0.9301125704,61.26185179
S1,qnli@s1__wic@s1,qnli@s1,wic@s1,qnli,wic,0.807039296,0.622,0.6218195131,0.712,0.6739811912,0.169812604,0.8798786518,0.746,0.7569101226,0.715,0.6771159875,0.09194019946,0.8973130255,0.823,0.829763866,0.673,0.6473354232,0.07245360137,0.8601878518,0.829,0.8541094637,0.609,0.5877742947,0.101424656,0.7,0.829763866,0.6473354232,0.8930990298,0.6990595611,0.9290838287,0.9260089686,0.07245360137,0.9275463986,0.7286625599,0.7910557929,0.8485373833,0.8872714933,1,0.8841199172,0.6941241076,0.6927899687,0.9157644136,0.7766794801,0.6724137931,0,False,[],0.7,0.9275463986,0.9275463986,55.37288499
S1,qnli@s1__snli@s1,qnli@s1,snli@s1,qnli,snli,0.7414094621,0.692,0.7067545305,0.595,0.6181670392,0.2487846847,0.9242452632,0.837,0.8603331503,0.767,0.794147531,0.06158842971,0.8670735694,0.8,0.8083470621,0.705,0.7238366186,0.1311322121,0.7269412928,0.619,0.6203551162,0.642,0.6473277789,0.2803833965,0.5,0.8603331503,0.794147531,0.8930990298,0.8693355009,0.9633121541,0.9135109864,0.06158842971,0.9384115703,0.5467174033,0.7149122807,0.8847197527,0.923204751,1,0.7295235082,0.6846055281,0.6020117862,0.9392914899,0.8506315211,0.8051209104,0,False,[],0.5,0.9384115703,0.9384115703,89.0412848
S1,qnli@s1__scitail@s1,qnli@s1,scitail@s1,qnli,scitail,0.8681865531,0.767,0.7966318872,0.815,0.8243865031,0.1145139188,0.9415903287,0.829,0.8281164195,0.887,0.8788343558,0.06786037311,0.8463588072,0.762,0.7863811093,0.779,0.7200920245,0.1758537809,0.7409202268,0.679,0.6873512722,0.669,0.5559815951,0.318785249,0.5,0.8281164195,0.8788343558,0.8930990298,0.9378834356,0.9272391884,0.9370400654,0.06786037311,0.9321396269,0.6270083166,0.8371759506,0.9470694191,0.9168726324,0.7,0.8559260012,0.7818048691,0.7845092025,0.9553677323,0.8462383306,0.9033742331,0,False,[],0.5,0.9321396269,0.9321396269,61.31808734
S1,qnli@s1__ag_news@s1,qnli@s1,ag_news@s1,qnli,ag_news,0.8172229882,0.617,0.6227347611,0.883,0.8793421053,0.1838895651,0.9139373946,0.764,0.7638660077,0.907,0.9056578947,0.09088754519,0.9559009305,0.83,0.853011166,0.915,0.9151315789,0.03594340339,0.8672119195,0.686,0.6820428336,0.903,0.9134210526,0.132569084,0.7,0.853011166,0.9151315789,0.8930990298,0.9405263158,0.9551137528,0.9729994404,0.03594340339,0.9640565966,0.6485044046,0.7793843407,0.8409562859,0.8917188218,1,0.83948547,0.671609006,0.8718421053,0.904710703,0.7556287754,0.9060526316,0,False,[],0.7,0.9640565966,0.9640565966,109.5957212
S1,qnli@s1__imdb@s1,qnli@s1,imdb@s1,qnli,imdb,0.8446283593,0.63,0.6392092257,0.859,0.8468,0.1663025159,0.927638996,0.782,0.8077979132,0.852,0.8432,0.07394134734,0.9666328276,0.861,0.880468607,0.841,0.8319,0.03960652235,0.9434792928,0.856,0.8709500275,0.805,0.7953,0.06550190262,0.7,0.880468607,0.8319,0.8930990298,0.8898,0.9858577577,0.9349291976,0.03960652235,0.9603934777,0.77919942,0.8118500383,0.8685448856,0.9309102495,1,0.8591390983,0.7391543108,0.7925,0.9141484086,0.8482518763,0.7817,0,False,[],0.7,0.9603934777,0.9603934777,224.3651764
S1,qnli@s1__trec@s1,qnli@s1,trec@s1,qnli,trec,0.7546743898,0.64,0.6580633352,0.746,0.818,0.2133839321,0.9342879958,0.791,0.7980962841,0.925,0.938,0.07363702626,0.9563000572,0.814,0.828848618,0.942,0.944,0.05335289884,0.8971026411,0.726,0.7545304778,0.925,0.952,0.09086980595,0.7,0.828848618,0.944,0.8930990298,0.978,0.9280590285,0.9652351738,0.05335289884,0.9466471012,0.498960717,0.7005077231,0.851363463,0.9305825706,1,0.8671986826,0.7472084935,0.878,0.9202418361,0.8090792605,0.914,0,False,[],0.7,0.9466471012,0.9466471012,52.45031524
S1,qnli@s1__yelp_polarity@s1,qnli@s1,yelp_polarity@s1,qnli,yelp_polarity,0.8524669841,0.63,0.6410397218,0.929,0.9207,0.1515371883,0.9337875247,0.774,0.7878455061,0.927,0.9242,0.06748710695,0.9632182543,0.831,0.8493501739,0.921,0.9193,0.03565937286,0.9441710623,0.819,0.8337909573,0.898,0.896,0.05675983713,0.7,0.8493501739,0.9193,0.8930990298,0.9403,0.9510145522,0.9776667021,0.03565937286,0.9643406271,0.7917644378,0.8410895745,0.8931914925,0.9428778168,1,0.8974336772,0.7367746659,0.912,0.938231339,0.811641955,0.9099,0,False,[],0.7,0.9643406271,0.9643406271,128.8781009
S1,rte@s1__wic@s1,rte@s1,wic@s1,rte,wic,0.8277335258,0.528,0.5559566787,0.698,0.6567398119,0.1071921352,0.8974549693,0.594,0.5884476534,0.732,0.6927899687,0.05668210713,0.9622029179,0.661,0.6353790614,0.757,0.6833855799,0.02769427882,0.9377202964,0.67,0.642599278,0.708,0.6630094044,0.03677376435,0.7,0.6353790614,0.6833855799,0.6570397112,0.6990595611,0.967032967,0.9775784753,0.02769427882,0.9723057212,0.7951819267,0.8338218016,0.8842765026,0.9414198884,1,0.9261075248,0.5776173285,0.6802507837,0.9514487754,0.6064981949,0.6849529781,0,False,[],0.7,0.9723057212,0.9723057212,12.08040023
S1,rte@s1__snli@s1,rte@s1,snli@s1,rte,snli,0.7895216053,0.621,0.6137184116,0.579,0.5992684414,0.1882966262,0.9953338929,0.716,0.6642599278,0.814,0.8360089413,0.01367332994,0.970649474,0.679,0.642599278,0.818,0.8314366999,0.03278657995,0.9316445823,0.655,0.6137184116,0.781,0.7954684007,0.07545183895,0.5,0.6642599278,0.8360089413,0.6570397112,0.8693355009,1.010989011,0.9616643291,0.01367332994,0.9863266701,0.6121807099,0.797054859,0.968604661,0.9701857457,1,0.8252039569,0.6209386282,0.6131883763,0.9732903842,0.6389891697,0.8467791099,0,False,[],0.5,0.9863266701,0.9863266701,27.52751708
S1,rte@s1__scitail@s1,rte@s1,scitail@s1,rte,scitail,0.7477890672,0.582,0.5992779783,0.613,0.6763803681,0.1833673277,0.9741448932,0.69,0.6642599278,0.893,0.8788343558,0.0259854618,1.00738157,0.698,0.6642599278,0.945,0.9363496933,-0.004676844006,0.9579988155,0.652,0.6317689531,0.915,0.8788343558,0.05071073652,0.7,0.6642599278,0.9363496933,0.6570397112,0.9378834356,1.010989011,0.998364677,-0.004676844006,1.004676844,0.6286948228,0.7526954997,0.911398091,1.001262181,1,0.905364668,0.6245487365,0.8067484663,0.9952737369,0.6642599278,0.9187116564,0,False,[],0.7,1.004676844,1.004676844,16.710917
S1,rte@s1__ag_news@s1,rte@s1,ag_news@s1,rte,ag_news,0.8690721254,0.533,0.5523465704,0.913,0.9030263158,0.099605976,0.9402887472,0.614,0.5920577617,0.936,0.9285526316,0.05581596635,0.9455156693,0.619,0.5631768953,0.939,0.9361842105,0.07373690943,0.8753252435,0.525,0.4981949458,0.936,0.9331578947,0.1247963005,0.7,0.5631768953,0.9361842105,0.6570397112,0.9405263158,0.8571428571,0.995383324,0.07373690943,0.9262630906,0.7465441679,0.8580311159,0.9103310384,0.9343625995,1,0.9186577972,0.5667870036,0.9167105263,0.9166922892,0.5523465704,0.9336842105,0,False,[],0.7,0.9262630906,0.9262630906,38.00637555
S1,rte@s1__imdb@s1,rte@s1,imdb@s1,rte,imdb,0.7845357516,0.535,0.5559566787,0.699,0.7197,0.1725063541,0.9210526749,0.617,0.5992779783,0.835,0.8337,0.07547998192,0.9771122211,0.666,0.6606498195,0.871,0.867,0.01006461509,0.9670882743,0.643,0.6101083032,0.883,0.8738,0.04470507016,0.7,0.6606498195,0.867,0.6570397112,0.8898,1.005494505,0.9743762643,0.01006461509,0.9899353849,0.6876735325,0.7803948354,0.8671903159,0.9513409426,1,0.895081374,0.59566787,0.7862,0.9521672978,0.6317689531,0.8389,0,False,[],0.7,0.9899353849,0.9899353849,96.76086044
S1,rte@s1__trec@s1,rte@s1,trec@s1,rte,trec,0.7513458029,0.537,0.5559566787,0.69,0.764,0.1863300299,0.9552805657,0.643,0.6028880866,0.933,0.968,0.04632126565,1.002505322,0.692,0.6353790614,0.955,0.976,0.01750601137,0.956314629,0.633,0.6245487365,0.949,0.974,0.0267702645,0.7,0.6353790614,0.976,0.6570397112,0.978,0.967032967,0.9979550102,0.01750601137,0.9824939886,0.5240419708,0.8021821776,0.9212933394,0.9870742092,1,0.936874986,0.5848375451,0.962,0.9649879773,0.6137184116,0.974,0,False,[],0.7,0.9824939886,0.9824939886,10.55221462
S1,rte@s1__yelp_polarity@s1,rte@s1,yelp_polarity@s1,rte,yelp_polarity,0.861308456,0.532,0.5523465704,0.893,0.8937,0.1044496554,0.9412895893,0.614,0.5667870036,0.931,0.9269,0.0758067042,0.9868613139,0.667,0.6209386282,0.944,0.9347,0.03045030052,0.9684128727,0.641,0.6064981949,0.945,0.9327,0.04250280189,0.7,0.6209386282,0.9347,0.6570397112,0.9403,0.9450549451,0.9940444539,0.03045030052,0.9695496995,0.7858120438,0.8658171471,0.918461586,0.9688134047,1,0.9264619779,0.5703971119,0.926,0.9391703957,0.5812274368,0.9344,0,False,[],0.7,0.9695496995,0.9695496995,79.26395845
S1,wic@s1__snli@s1,wic@s1,snli@s1,wic,snli,0.707564376,0.706,0.6473354232,0.448,0.4596626702,0.2726196391,0.8458353758,0.74,0.6677115987,0.649,0.6786222313,0.1321106317,0.8982547484,0.721,0.6786833856,0.76,0.79526519,0.05717567406,0.8953445238,0.688,0.6128526646,0.791,0.8132493396,0.09391725734,0.7,0.6786833856,0.79526519,0.6990595611,0.8693355009,0.9708520179,0.9147966339,0.05717567406,0.9428243259,0.6161153138,0.7057162288,0.8025949135,0.880989918,1,0.8213447883,0.6551724138,0.6132899817,0.919150697,0.6692789969,0.7657996342,0,False,[],0.7,0.9428243259,0.9428243259,22.76264477
S1,wic@s1__scitail@s1,wic@s1,scitail@s1,wic,scitail,0.7028050339,0.69,0.6645768025,0.504,0.5989263804,0.205366866,0.7846542488,0.672,0.6692789969,0.681,0.7085889571,0.1435408409,0.8309674249,0.637,0.631661442,0.811,0.8082822086,0.1172986738,0.835208431,0.583,0.5689655172,0.884,0.8466257669,0.1417001859,1,0.5689655172,0.8466257669,0.6990595611,0.9378834356,0.8139013453,0.9026982829,0.1417001859,0.8582998141,0.6436519797,0.7039729633,0.7513766075,0.8068602665,1,0.8777568575,0.6504702194,0.7737730061,0.8777568575,,,0,False,[],1,0.8582998141,0.8582998141,11.07390857
S1,wic@s1__ag_news@s1,wic@s1,ag_news@s1,wic,ag_news,0.9015105172,0.69,0.6379310345,0.883,0.8761842105,0.07792734523,0.9584467821,0.745,0.6457680251,0.925,0.9163157895,0.050987325,0.9610895875,0.75,0.6551724138,0.924,0.9255263158,0.03936439306,0.9121716984,0.667,0.6175548589,0.931,0.9278947368,0.06501112921,0.7,0.6551724138,0.9255263158,0.6990595611,0.9405263158,0.9372197309,0.9840514829,0.03936439306,0.9606356069,0.7168000064,0.8583840104,0.9226249735,0.9416743632,1,0.9268972976,0.6363636364,0.8873684211,0.9234358885,0.6081504702,0.9188157895,0,False,[],0.7,0.9606356069,0.9606356069,33.18262243
S1,wic@s1__imdb@s1,wic@s1,imdb@s1,wic,imdb,0.909784766,0.684,0.6379310345,0.845,0.8488,0.06676085824,0.9759188847,0.751,0.6755485893,0.887,0.881,0.02176107494,0.989860583,0.773,0.6771159875,0.887,0.8807,0.02080857592,0.9675334325,0.752,0.6833855799,0.871,0.8625,0.02655128829,0.7,0.6771159875,0.8807,0.6990595611,0.8898,0.9686098655,0.9897729827,0.02080857592,0.9791914241,0.8243377443,0.9240836873,0.9588050463,0.9735204896,1,0.9658398068,0.6645768025,0.8729,0.9732350294,0.6771159875,0.8701,0,False,[],0.7,0.9791914241,0.9791914241,91.97575831
S1,wic@s1__trec@s1,wic@s1,trec@s1,wic,trec,0.7790676489,0.682,0.6253918495,0.666,0.76,0.1641425257,0.9553370564,0.744,0.6598746082,0.929,0.96,0.03722935982,0.9786537548,0.766,0.670846395,0.947,0.972,0.02324685686,0.9561787072,0.733,0.6567398119,0.944,0.972,0.03333654296,0.7,0.670846395,0.972,0.6990595611,0.978,0.9596412556,0.9938650307,0.02324685686,0.9767531431,0.5825471324,0.7949619772,0.9167339987,0.9583491762,1,0.9438728255,0.6520376176,0.934,0.963497391,0.6551724138,0.968,0,False,[],0.7,0.9767531431,0.9767531431,5.738319159
S1,wic@s1__yelp_polarity@s1,wic@s1,yelp_polarity@s1,wic,yelp_polarity,0.9157449625,0.697,0.6347962382,0.895,0.9042,0.06516012684,0.9683049236,0.744,0.6692789969,0.938,0.9277,0.0280004378,0.9610125185,0.735,0.6755485893,0.935,0.9321,0.02117645404,0.9276150083,0.694,0.6379310345,0.921,0.9248,0.0519640235,0.5,0.6692789969,0.9277,0.6990595611,0.9403,0.9573991031,0.9866000213,0.0280004378,0.9719995622,0.8576802861,0.9172486896,0.9385109879,0.9412539473,1,0.9391425978,0.6332288401,0.9144,0.9726864196,0.6677115987,0.9311,0,False,[],0.5,0.9719995622,0.9719995622,74.49707866
S1,snli@s1__scitail@s1,snli@s1,scitail@s1,snli,scitail,0.7255097058,0.597,0.6253810201,0.719,0.7538343558,0.2384302715,0.9432203836,0.785,0.797500508,0.925,0.9033742331,0.05971341901,0.8616472624,0.728,0.7511684617,0.833,0.768404908,0.1583155963,0.7439893329,0.676,0.6804511278,0.667,0.5582822086,0.311008432,0.5,0.797500508,0.9033742331,0.8693355009,0.9378834356,0.9173679289,0.963205233,0.05971341901,0.940286581,0.4761213283,0.70147744,0.9006705512,0.9264143808,1,0.7375624857,0.6163381427,0.7185582822,0.914359229,0.8099979679,0.8412576687,0,False,[],0.5,0.940286581,0.940286581,27.35851765
S1,snli@s1__ag_news@s1,snli@s1,ag_news@s1,snli,ag_news,0.7491069368,0.486,0.4934972567,0.888,0.8767105263,0.250089669,0.9162041057,0.733,0.7666124771,0.933,0.9227631579,0.06852454732,0.9657063718,0.811,0.8287949604,0.941,0.93,0.02891294145,0.9155684279,0.731,0.7413127413,0.934,0.9296052632,0.07943835838,0.7,0.8287949604,0.93,0.8693355009,0.9405263158,0.9533660589,0.9888080582,0.02891294145,0.9710870586,0.5289187615,0.6784660929,0.8282424149,0.9066542829,1,0.8363390748,0.6586059744,0.8606578947,0.9212876266,0.759601707,0.9111842105,0,False,[],0.7,0.9710870586,0.9710870586,48.64377475
S1,snli@s1__imdb@s1,snli@s1,imdb@s1,snli,imdb,0.7440877195,0.464,0.4782564519,0.842,0.8433,0.2510593411,0.9339170651,0.754,0.7821580979,0.88,0.8768,0.05744526482,0.9855841311,0.842,0.8542979069,0.881,0.8735,0.01780826301,0.9686561731,0.841,0.8513513514,0.852,0.8429,0.03669785542,0.7,0.8542979069,0.8735,0.8693355009,0.8898,0.9827021973,0.9816812767,0.01780826301,0.982191737,0.6058514587,0.7470083422,0.8798930742,0.9590922959,1,0.8881865364,0.6969111969,0.8673,0.9595196787,0.8251371672,0.863,0,False,[],0.7,0.982191737,0.982191737,107.2730885
S1,snli@s1__trec@s1,snli@s1,trec@s1,snli,trec,0.5835819541,0.439,0.4550904288,0.631,0.712,0.374245677,0.8952018002,0.72,0.7602113392,0.916,0.954,0.075032912,0.9662946429,0.82,0.848201585,0.941,0.966,0.01829018204,0.9690784698,0.823,0.8434261329,0.943,0.956,0.02614926704,1,0.8434261329,0.956,0.8693355009,0.978,0.9701963534,0.9775051125,0.02614926704,0.973850733,0.3567780923,0.5825765825,0.7854838124,0.9202272067,1,0.9512074188,0.820056899,0.938,0.9512074188,,,0,False,[],1,0.973850733,0.973850733,18.38785195
S1,snli@s1__yelp_polarity@s1,snli@s1,yelp_polarity@s1,snli,yelp_polarity,0.7487142956,0.452,0.4690103637,0.918,0.9133,0.2446048994,0.9210540562,0.736,0.757671205,0.932,0.9299,0.06975408637,0.9599112433,0.802,0.8371266003,0.933,0.932,0.02293849675,0.9483288303,0.793,0.8044096728,0.921,0.9237,0.0461691861,0.7,0.8371266003,0.932,0.8693355009,0.9403,0.9629499766,0.9911730299,0.02293849675,0.9770615033,0.6551549981,0.7582291236,0.8678320439,0.9396180289,1,0.8789026343,0.6729323308,0.925,0.9529337145,0.8014631173,0.9252,0,False,[],0.7,0.9770615033,0.9770615033,89.94735694
S1,scitail@s1__ag_news@s1,scitail@s1,ag_news@s1,scitail,ag_news,0.7471919636,0.55,0.6449386503,0.87,0.8584210526,0.1998219173,0.9209982504,0.825,0.8174846626,0.925,0.9126315789,0.07901574971,0.9552337454,0.88,0.870398773,0.935,0.9276315789,0.04283216983,0.8540746306,0.688,0.6081288344,0.935,0.9306578947,0.1810434427,0.7,0.870398773,0.9276315789,0.9378834356,0.9405263158,0.928045789,0.9862898713,0.04283216983,0.9571678302,0.5588405084,0.6982628236,0.8209316575,0.9273195871,1,0.8560412464,0.7208588957,0.8873684211,0.9363378237,0.8397239264,0.9192105263,0,False,[],0.7,0.9571678302,0.9571678302,37.82278562
S1,scitail@s1__imdb@s1,scitail@s1,imdb@s1,scitail,imdb,0.7694487641,0.551,0.6464723926,0.85,0.8559,0.1744049073,0.9319232373,0.823,0.8105828221,0.884,0.8828,0.07179937171,0.9922074266,0.931,0.9049079755,0.89,0.8884,0.01836641563,0.9818654419,0.921,0.8926380368,0.881,0.877,0.03131364146,0.7,0.9049079755,0.8884,0.9378834356,0.8898,0.964840556,0.9984266127,0.01836641563,0.9816335844,0.6428691924,0.7592540893,0.8571189278,0.961232556,1,0.8731885416,0.713190184,0.8773,0.9492505413,0.8512269939,0.8817,0,False,[],0.7,0.9816335844,0.9816335844,96.58278418
S1,scitail@s1__trec@s1,scitail@s1,trec@s1,scitail,trec,0.6286782139,0.523,0.6211656442,0.678,0.766,0.2772315554,0.8784680146,0.747,0.745398773,0.931,0.954,0.1148864554,0.9526842949,0.876,0.8550613497,0.943,0.97,0.04824369991,0.963742536,0.896,0.8895705521,0.944,0.968,0.03086881131,1,0.8895705521,0.968,0.9378834356,0.978,0.9484873262,0.9897750511,0.03086881131,0.9691311887,0.4046671935,0.6442247322,0.7870581972,0.9052478486,1,0.9051470871,0.7791411043,0.958,0.9051470871,,,0,False,[],1,0.9691311887,0.9691311887,9.675337553
S1,scitail@s1__yelp_polarity@s1,scitail@s1,yelp_polarity@s1,scitail,yelp_polarity,0.7754834482,0.548,0.6403374233,0.919,0.9184,0.1702715483,0.9156839939,0.795,0.8029141104,0.938,0.9343,0.07514468208,0.9715434177,0.897,0.8918711656,0.942,0.9371,0.02623142924,0.9219924854,0.812,0.7507668712,0.933,0.9355,0.1023070785,0.7,0.8918711656,0.9371,0.9378834356,0.9403,0.9509403107,0.9965968308,0.02623142924,0.9737685708,0.6741373614,0.7507177493,0.8261132369,0.9246575342,1,0.8644581951,0.6917177914,0.9322,0.9268994716,0.8067484663,0.9343,0,False,[],0.7,0.9737685708,0.9737685708,79.08177829
S1,ag_news@s1__imdb@s1,ag_news@s1,imdb@s1,ag_news,imdb,0.8426411645,0.879,0.8757894737,0.675,0.7034,0.1391578598,0.9401395552,0.939,0.9238157895,0.792,0.8016,0.05844530306,0.9576521243,0.938,0.9318421053,0.824,0.8286,0.0390064265,0.9428821735,0.941,0.9338157895,0.795,0.809,0.0489708929,0.7,0.9318421053,0.8286,0.9405263158,0.8898,0.990766648,0.931220499,0.0390064265,0.9609935735,0.6387164997,0.7977184166,0.8788209646,0.9062471474,1,0.8884802493,0.8923684211,0.7369,0.914585834,0.9222368421,0.7551,0,False,[],0.7,0.9609935735,0.9609935735,117.8586166
S1,ag_news@s1__trec@s1,ag_news@s1,trec@s1,ag_news,trec,0.7835879995,0.897,0.8856578947,0.599,0.666,0.1886782008,0.9546135647,0.936,0.9211842105,0.888,0.928,0.03584496872,0.9775745925,0.945,0.9301315789,0.923,0.944,0.02290843435,0.9525598055,0.942,0.9310526316,0.878,0.898,0.04593616931,0.7,0.9301315789,0.944,0.9405263158,0.978,0.9889479575,0.9652351738,0.02290843435,0.9770915656,0.4571881572,0.7271112645,0.8768861725,0.9415730152,1,0.9142749327,0.9023684211,0.85,0.9562816204,0.9236842105,0.91,0,False,[],0.7,0.9770915656,0.9770915656,31.68322706
S1,ag_news@s1__yelp_polarity@s1,ag_news@s1,yelp_polarity@s1,ag_news,yelp_polarity,0.8938617245,0.868,0.8590789474,0.826,0.8207,0.1068955493,0.9561433995,0.924,0.9115789474,0.888,0.8899,0.04218887744,0.9735871251,0.933,0.9231578947,0.912,0.9062,0.02736586289,0.961424415,0.928,0.9223684211,0.894,0.8937,0.03443237555,0.7,0.9231578947,0.9062,0.9405263158,0.9403,0.981533296,0.9637349782,0.02736586289,0.9726341371,0.6761214778,0.840155991,0.916559175,0.9408105206,1,0.9142745374,0.8728947368,0.8467,0.9471426686,0.9113157895,0.8701,0,False,[],0.7,0.9726341371,0.9726341371,100.441191
S1,imdb@s1__trec@s1,imdb@s1,trec@s1,imdb,trec,0.7927300592,0.766,0.7787,0.693,0.764,0.1718367125,0.9724087514,0.863,0.8569,0.933,0.954,0.03075723917,0.9876779171,0.879,0.867,0.945,0.97,0.01690184739,0.9824331783,0.866,0.8481,0.949,0.966,0.02956720129,0.7,0.867,0.97,0.8898,0.978,0.9743762643,0.9918200409,0.01690184739,0.9830981526,0.5133837138,0.8126009959,0.938089534,0.9674211997,1,0.9557355551,0.8456,0.94,0.9720513468,0.8528,0.964,0,False,[],0.7,0.9830981526,0.9830981526,90.41471004
S1,imdb@s1__yelp_polarity@s1,imdb@s1,yelp_polarity@s1,imdb,yelp_polarity,0.977501051,0.864,0.8742,0.926,0.92,0.01956044215,0.9960881518,0.881,0.8839,0.943,0.9313,0.008101058454,0.9901257333,0.877,0.8766,0.936,0.9313,0.01220310386,0.9727341018,0.864,0.852,0.917,0.9231,0.03038674548,0.5,0.8839,0.9313,0.8898,0.9403,0.9933692965,0.9904285866,0.008101058454,0.9918989415,0.9039396748,0.9769713899,0.9943630214,0.9879049787,0.7,0.982249362,0.8725,0.9252,0.9921195459,0.8824,0.9333,0,False,[],0.5,0.9918989415,0.9918989415,159.1516862
S1,trec@s1__yelp_polarity@s1,trec@s1,yelp_polarity@s1,trec,yelp_polarity,0.820674435,0.694,0.77,0.867,0.8679,0.1448378199,0.9737376412,0.935,0.962,0.919,0.9155,0.02136723976,0.9853107345,0.944,0.968,0.932,0.9273,0.01202516188,0.9768891243,0.938,0.964,0.922,0.9253,0.01513364203,0.7,0.968,0.9273,0.978,0.9403,0.9897750511,0.9861746251,0.01202516188,0.9879748381,0.5673640537,0.8088188559,0.9257150424,0.9738170904,1,0.9603585594,0.93,0.9119,0.9801792797,0.954,0.9261,0,False,[],0.7,0.9879748381,0.9879748381,72.98500109
S2,cola@s0__cola@s1,cola@s0,cola@s1,cola,cola,0.9481534535,0.782,0.7852348993,0.772,0.7775647172,0.0582599513,0.9963436861,0.817,0.8331735379,0.816,0.8235858102,0.001633406671,0.9963414525,0.816,0.8293384468,0.817,0.8302972196,-5.206608922e-05,0.9457062322,0.777,0.790987536,0.773,0.7900287632,0.0473133898,0.5,0.8331735379,0.8235858102,0.8235858102,0.8360498562,1.011641444,0.9850917431,0.001633406671,0.9983665933,0.8804435226,0.9530456626,0.9969571666,1.00182704,1,0.9492722763,0.7938638543,0.7813998082,0.9982971719,0.8255033557,0.8312559923,0,False,[],0.5,0.9983665933,0.9983665933,9.427662134
S2,sst2@s0__sst2@s1,sst2@s0,sst2@s1,sst2,sst2,0.988456305,0.935,0.9162844037,0.943,0.9162844037,0.001873439451,1.00054627,0.95,0.9300458716,0.951,0.9288990826,-0.01249219725,0.9968553459,0.948,0.9174311927,0.946,0.9197247706,-0.0006257802747,0.9994936198,0.949,0.8956422018,0.95,0.8944954128,0.02498439451,0.5,0.9300458716,0.9288990826,0.9185779817,0.9174311927,1.012484395,1.0125,-0.01249219725,1.012492197,0.9516312755,0.9837260273,0.992142797,0.9958071279,1,0.9918828027,0.9071100917,0.9139908257,0.9962515605,0.9162844037,0.9128440367,0,False,[],0.5,1.012492197,1.012492197,14.52731371
S2,mrpc@s0__mrpc@s1,mrpc@s0,mrpc@s1,mrpc,mrpc,0.8705960949,0.715,0.737745098,0.718,0.737745098,0.1338111564,1.024913446,0.843,0.8529411765,0.844,0.8578431373,-0.004314485409,0.9890731923,0.815,0.8235294118,0.813,0.8259803922,0.03165474179,0.8815406193,0.727,0.7401960784,0.724,0.7401960784,0.1309334526,0.5,0.8529411765,0.8578431373,0.8504901961,0.8529411765,1.002881844,1.005747126,-0.004314485409,1.004314485,0.8043789909,0.8724231351,0.9842128963,1.00972945,1,0.8661888436,0.737745098,0.737745098,1.011510815,0.8602941176,0.862745098,0,False,[],0.5,1.004314485,1.004314485,28.11482549
S2,stsb@s0__stsb@s1,stsb@s0,stsb@s1,stsb,stsb,0.9978523942,0.8609120713,0.8926870245,0.8611708581,0.8917785506,-0.0004721962635,1.004817927,0.8669744091,0.8933887385,0.8671299022,0.8923144282,-0.001166306881,0.9968874252,0.8603510233,0.8876144534,0.8600683256,0.8869165401,0.005097998396,0.9807658139,0.8462633221,0.8755035251,0.8463323708,0.8745968875,0.01879483152,0.5,0.8933887385,0.8923144282,0.8894423461,0.8941960985,1.004436929,0.9978956849,-0.001166306881,1.001166307,0.9489754193,0.9993121544,1.005498837,0.9984149361,0.7,1.000487458,0.8926802007,0.8918127054,1.00278186,0.8948411381,0.8937435092,0,False,[],0.5,1.001166307,1.001166307,28.30827093
S2,mnli@s0__mnli@s1,mnli@s0,mnli@s1,mnli,mnli,0.8156173837,0.709,0.7117677025,0.645,0.6610290372,0.1649840015,0.9903556254,0.827,0.8204788589,0.817,0.8226184412,0.0004882901777,0.9548359048,0.782,0.7643402955,0.803,0.7948038716,0.05152026028,0.8566582329,0.69,0.668262863,0.732,0.7045338767,0.1648691888,0.5,0.8204788589,0.8226184412,0.8237391747,0.8201732043,0.9960420532,1.002981366,0.0004882901777,0.9995117098,0.4499999274,0.7228418099,0.9180155582,0.9668434705,1,0.7464789869,0.6516556291,0.575649516,0.9732091097,0.8080489047,0.7918492104,0,False,[],0.5,0.9995117098,0.9995117098,120.1513264
S2,qnli@s0__qnli@s1,qnli@s0,qnli@s1,qnli,qnli,0.9403575063,0.831,0.8493501739,0.824,0.8420281896,0.05550872718,1.004012325,0.885,0.9024345598,0.882,0.9024345598,-0.007877378063,0.9903753274,0.873,0.8914515834,0.87,0.8923668314,0.003876477977,0.9687834145,0.854,0.8563060589,0.851,0.8586857038,0.04230865744,0.5,0.9024345598,0.9024345598,0.89767527,0.8930990298,1.005301794,1.010452962,-0.007877378063,1.007877378,0.7341017919,0.9000263442,0.990955158,0.9937845768,1,0.9045281623,0.8120080542,0.8077979132,0.9968377476,0.892549881,0.892549881,0,False,[],0.5,1.007877378,1.007877378,95.12847495
S2,rte@s0__rte@s1,rte@s0,rte@s1,rte,rte,0.8944620991,0.584,0.5920577617,0.631,0.6028880866,0.08053463391,1.008785154,0.675,0.6534296029,0.695,0.6750902527,-0.02216323003,0.9935998525,0.686,0.678700361,0.663,0.6570397112,-0.02808988764,0.9147948504,0.632,0.642599278,0.61,0.5884476534,0.0521978022,0.5,0.6534296029,0.6750902527,0.642599278,0.6570397112,1.016853933,1.027472527,-0.02216323003,1.02216323,0.7901226668,0.9083957875,0.9947343304,1.009723322,1,0.9250216076,0.59566787,0.6064981949,1.033646129,0.6823104693,0.6606498195,0,False,[],0.5,1.02216323,1.02216323,34.61756587
S2,wic@s0__wic@s1,wic@s0,wic@s1,wic,wic,0.9866920152,0.778,0.6786833856,0.779,0.6786833856,0.02696137842,1.020912548,0.806,0.6959247649,0.805,0.6959247649,0.002242152466,1.010139417,0.797,0.7147335423,0.797,0.7131661442,-0.02360319961,0.9524714829,0.752,0.6818181818,0.751,0.6833855799,0.02134589747,0.5,0.6959247649,0.6959247649,0.6959247649,0.6990595611,1,0.9955156951,0.002242152466,0.9977578475,0.9036755387,0.9816223067,1.006970849,1.010139417,1,0.9853957096,0.6865203762,0.6880877743,1.011241062,0.7053291536,0.7053291536,0,False,[],0.5,0.9977578475,0.9977578475,15.83474636
S2,snli@s0__snli@s1,snli@s0,snli@s1,snli,snli,0.8554582889,0.732,0.7690510059,0.729,0.7736232473,0.1131926961,0.9912604026,0.844,0.8679130258,0.849,0.8664905507,0.002978952307,0.974294737,0.831,0.8525706157,0.833,0.8536882747,0.01915715071,0.9391827685,0.803,0.8198536883,0.801,0.8241211136,0.05496019221,0.5,0.8679130258,0.8664905507,0.8702499492,0.8693355009,0.9973146527,0.9967274427,0.002978952307,0.9970210477,0.5304902045,0.8173563318,0.9690010655,0.9825112065,1,0.8478531877,0.7287136761,0.7461897988,0.9933423069,0.8631375737,0.8648648649,0,False,[],0.5,0.9970210477,0.9970210477,80.12248397
S2,scitail@s0__scitail@s1,scitail@s0,scitail@s1,scitail,scitail,0.8773210961,0.835,0.8220858896,0.844,0.8236196319,0.1204885007,1.003204901,0.96,0.9447852761,0.96,0.9447852761,-0.009842171849,0.9948535955,0.951,0.9225460123,0.953,0.9233128834,0.01351963295,0.915960078,0.875,0.8220858896,0.878,0.8266871166,0.1188531777,0.5,0.9447852761,0.9447852761,0.9332822086,0.9378834356,1.01232539,1.007358953,-0.009842171849,1.009842172,0.5622476891,0.8339490164,0.9655847169,0.9964079997,1,0.8446681685,0.786809816,0.7937116564,1.008613664,0.9440184049,0.9432515337,0,False,[],0.5,1.009842172,1.009842172,34.64625216
S2,ag_news@s0__ag_news@s1,ag_news@s0,ag_news@s1,ag_news,ag_news,0.9353725638,0.929,0.9180263158,0.853,0.8443421053,0.06213682863,0.9789794258,0.948,0.9352631579,0.917,0.9096052632,0.01826042412,0.9884431482,0.948,0.9388157895,0.935,0.9302631579,0.005385984721,0.9879273059,0.942,0.9323684211,0.94,0.9271052632,0.01049903447,0.7,0.9388157895,0.9302631579,0.9386842105,0.9405263158,1.000140174,0.9890878567,0.005385984721,0.9946140153,0.708620188,0.9007036618,0.9579687717,0.9837129404,1,0.9613045358,0.9259210526,0.8805263158,0.9877548328,0.9348684211,0.9213157895,0,False,[],0.7,0.9946140153,0.9946140153,120.6109211
S2,imdb@s0__imdb@s1,imdb@s0,imdb@s1,imdb,imdb,0.9824794024,0.865,0.872,0.874,0.8842,0.01314902225,1.008475896,0.891,0.8919,0.894,0.8946,-0.003877275792,1.004530011,0.891,0.8869,0.887,0.8846,0.004551584626,0.9807959695,0.868,0.8586,0.868,0.8596,0.03450213531,0.5,0.8919,0.8946,0.8898,0.8898,1.002360081,1.005394471,-0.003877275792,1.003877276,0.8553511716,0.9785284102,1.004519797,1.00510137,1,0.9783659249,0.8623,0.8788,0.9998314228,0.8907,0.8886,0,False,[],0.5,1.003877276,1.003877276,347.0292554
S2,trec@s0__trec@s1,trec@s0,trec@s1,trec,trec,0.911855081,0.881,0.924,0.867,0.94,0.0411665333,0.991653605,0.949,0.972,0.952,0.97,0.000984389488,0.9895702717,0.949,0.972,0.948,0.968,0.002006884376,0.98018221,0.941,0.968,0.938,0.956,0.01021224708,0.5,0.972,0.97,0.966,0.978,1.00621118,0.9918200409,0.000984389488,0.9990156105,0.6787242032,0.9103252351,0.9786327717,0.9885318704,1,0.9578490772,0.93,0.932,0.9969579189,0.97,0.968,0,False,[],0.5,0.9990156105,0.9990156105,9.627388
S2,yelp_polarity@s0__yelp_polarity@s1,yelp_polarity@s0,yelp_polarity@s1,yelp_polarity,yelp_polarity,0.9873936236,0.935,0.9316,0.939,0.9351,0.007601898618,0.9974072149,0.944,0.9426,0.949,0.9416,-0.001701154999,0.997925772,0.946,0.9419,0.948,0.9408,-0.0009036954917,0.9778930373,0.929,0.9281,0.927,0.9286,0.01291855912,0.7,0.9419,0.9408,0.9407,0.9403,1.001275646,1.000531745,-0.0009036954917,1.000903695,0.9368570781,0.9879121806,0.9931699268,0.9952885709,1,1.000744443,0.9407,0.9417,1.000478525,0.9409,0.941,0,False,[],0.7,1.000903695,1.000903695,283.2747664
