pair,t1,t2,layer,d_out,cos2_mean_A,theta_min_A_deg,cos2_mean_B,theta_min_B_deg
cola-sst2,cola,sst2,encoder.layer.0.attention.output.dense,768,0.01686429434,78.05919436,0.01686429434,78.05919436
cola-sst2,cola,sst2,encoder.layer.0.attention.self.key,768,0.03003022517,71.1387848,0.03003022517,71.1387848
cola-sst2,cola,sst2,encoder.layer.0.attention.self.query,768,0.04270658058,69.13394375,0.04270658058,69.13394375
cola-sst2,cola,sst2,encoder.layer.0.attention.self.value,768,0.02384893402,75.68030356,0.02384893402,75.68030356
cola-sst2,cola,sst2,encoder.layer.0.intermediate.dense,3072,0.003570588823,83.8531716,0.003570588823,83.8531716
cola-sst2,cola,sst2,encoder.layer.0.output.dense,768,0.01708982583,75.36240108,0.01708982583,75.36240108
cola-sst2,cola,sst2,encoder.layer.1.attention.output.dense,768,0.02076929612,76.48412621,0.02076929612,76.48412621
cola-sst2,cola,sst2,encoder.layer.1.attention.self.key,768,0.02739773734,73.62367658,0.02739773734,73.62367658
cola-sst2,cola,sst2,encoder.layer.1.attention.self.query,768,0.04308225314,69.74386268,0.04308225314,69.74386268
cola-sst2,cola,sst2,encoder.layer.1.attention.self.value,768,0.02719926214,73.89137692,0.02719926214,73.89137692
cola-sst2,cola,sst2,encoder.layer.1.intermediate.dense,3072,0.002932699496,85.46704302,0.002932699496,85.46704302
cola-sst2,cola,sst2,encoder.layer.1.output.dense,768,0.01407754077,77.08669702,0.01407754077,77.08669702
cola-sst2,cola,sst2,encoder.layer.10.attention.output.dense,768,0.02946518251,70.37880963,0.02946518251,70.37880963
cola-sst2,cola,sst2,encoder.layer.10.attention.self.key,768,0.03044029561,73.53466181,0.03044029561,73.53466181
cola-sst2,cola,sst2,encoder.layer.10.attention.self.query,768,0.03002901292,72.12643575,0.03002901292,72.12643575
cola-sst2,cola,sst2,encoder.layer.10.attention.self.value,768,0.02176688845,77.19555383,0.02176688845,77.19555383
cola-sst2,cola,sst2,encoder.layer.10.intermediate.dense,3072,0.004744950786,82.80786605,0.004744950786,82.80786605
cola-sst2,cola,sst2,encoder.layer.10.output.dense,768,0.034065964,69.39274667,0.034065964,69.39274667
cola-sst2,cola,sst2,encoder.layer.11.attention.output.dense,768,0.06968880878,58.8507172,0.06968880878,58.8507172
cola-sst2,cola,sst2,encoder.layer.11.attention.self.key,768,0.0298875357,69.0377408,0.0298875357,69.0377408
cola-sst2,cola,sst2,encoder.layer.11.attention.self.query,768,0.01797775955,75.98599607,0.01797775955,75.98599607
cola-sst2,cola,sst2,encoder.layer.11.attention.self.value,768,0.03521095742,70.79111363,0.03521095742,70.79111363
cola-sst2,cola,sst2,encoder.layer.11.intermediate.dense,3072,0.004612317396,82.26662695,0.004612317396,82.26662695
cola-sst2,cola,sst2,encoder.layer.11.output.dense,768,0.05187740047,57.96765447,0.05187740047,57.96765447
cola-sst2,cola,sst2,encoder.layer.2.attention.output.dense,768,0.009937867958,80.72470245,0.009937867958,80.72470245
cola-sst2,cola,sst2,encoder.layer.2.attention.self.key,768,0.02519815369,75.41380199,0.02519815369,75.41380199
cola-sst2,cola,sst2,encoder.layer.2.attention.self.query,768,0.03768673201,71.1193857,0.03768673201,71.1193857
cola-sst2,cola,sst2,encoder.layer.2.attention.self.value,768,0.01979894241,75.86163421,0.01979894241,75.86163421
cola-sst2,cola,sst2,encoder.layer.2.intermediate.dense,3072,0.00232661205,85.25575888,0.00232661205,85.25575888
cola-sst2,cola,sst2,encoder.layer.2.output.dense,768,0.0100824974,79.54526144,0.0100824974,79.54526144
cola-sst2,cola,sst2,encoder.layer.3.attention.output.dense,768,0.01495235035,79.09941575,0.01495235035,79.09941575
cola-sst2,cola,sst2,encoder.layer.3.attention.self.key,768,0.0236377298,74.52053331,0.0236377298,74.52053331
cola-sst2,cola,sst2,encoder.layer.3.attention.self.query,768,0.02518519938,74.52391773,0.02518519938,74.52391773
cola-sst2,cola,sst2,encoder.layer.3.attention.self.value,768,0.0198228588,75.36581885,0.0198228588,75.36581885
cola-sst2,cola,sst2,encoder.layer.3.intermediate.dense,3072,0.002716537676,84.82205404,0.002716537676,84.82205404
cola-sst2,cola,sst2,encoder.layer.3.output.dense,768,0.01445031421,78.42851126,0.01445031421,78.42851126
cola-sst2,cola,sst2,encoder.layer.4.attention.output.dense,768,0.01202546354,79.1341633,0.01202546354,79.1341633
cola-sst2,cola,sst2,encoder.layer.4.attention.self.key,768,0.01802550697,76.58321086,0.01802550697,76.58321086
cola-sst2,cola,sst2,encoder.layer.4.attention.self.query,768,0.03771052585,69.03147581,0.03771052585,69.03147581
cola-sst2,cola,sst2,encoder.layer.4.attention.self.value,768,0.02019586614,75.58789734,0.02019586614,75.58789734
cola-sst2,cola,sst2,encoder.layer.4.intermediate.dense,3072,0.003701444146,84.23992882,0.003701444146,84.23992882
cola-sst2,cola,sst2,encoder.layer.4.output.dense,768,0.01335816713,78.87720247,0.01335816713,78.87720247
cola-sst2,cola,sst2,encoder.layer.5.attention.output.dense,768,0.01481636656,77.84190677,0.01481636656,77.84190677
cola-sst2,cola,sst2,encoder.layer.5.attention.self.key,768,0.02563279168,73.79079998,0.02563279168,73.79079998
cola-sst2,cola,sst2,encoder.layer.5.attention.self.query,768,0.02697107925,73.68658619,0.02697107925,73.68658619
cola-sst2,cola,sst2,encoder.layer.5.attention.self.value,768,0.01457394088,76.49922942,0.01457394088,76.49922942
cola-sst2,cola,sst2,encoder.layer.5.intermediate.dense,3072,0.00275247028,84.29818959,0.00275247028,84.29818959
cola-sst2,cola,sst2,encoder.layer.5.output.dense,768,0.01889942695,74.14815667,0.01889942695,74.14815667
cola-sst2,cola,sst2,encoder.layer.6.attention.output.dense,768,0.02164225634,75.21907934,0.02164225634,75.21907934
cola-sst2,cola,sst2,encoder.layer.6.attention.self.key,768,0.02865135241,71.40396672,0.02865135241,71.40396672
cola-sst2,cola,sst2,encoder.layer.6.attention.self.query,768,0.02002214886,76.24351791,0.02002214886,76.24351791
cola-sst2,cola,sst2,encoder.layer.6.attention.self.value,768,0.01586067783,78.42150191,0.01586067783,78.42150191
cola-sst2,cola,sst2,encoder.layer.6.intermediate.dense,3072,0.003729958853,84.22606334,0.003729958853,84.22606334
cola-sst2,cola,sst2,encoder.layer.6.output.dense,768,0.0256226986,73.05846553,0.0256226986,73.05846553
cola-sst2,cola,sst2,encoder.layer.7.attention.output.dense,768,0.01576853456,76.78043409,0.01576853456,76.78043409
cola-sst2,cola,sst2,encoder.layer.7.attention.self.key,768,0.0245704151,73.01467562,0.0245704151,73.01467562
cola-sst2,cola,sst2,encoder.layer.7.attention.self.query,768,0.02492933298,72.43198327,0.02492933298,72.43198327
cola-sst2,cola,sst2,encoder.layer.7.attention.self.value,768,0.01842162757,76.03464596,0.01842162757,76.03464596
cola-sst2,cola,sst2,encoder.layer.7.intermediate.dense,3072,0.003246349574,84.40577938,0.003246349574,84.40577938
cola-sst2,cola,sst2,encoder.layer.7.output.dense,768,0.02649228925,71.23565131,0.02649228925,71.23565131
cola-sst2,cola,sst2,encoder.layer.8.attention.output.dense,768,0.02312869429,73.51877381,0.02312869429,73.51877381
cola-sst2,cola,sst2,encoder.layer.8.attention.self.key,768,0.03905437003,69.19616056,0.03905437003,69.19616056
cola-sst2,cola,sst2,encoder.layer.8.attention.self.query,768,0.02454373965,75.22343042,0.02454373965,75.22343042
cola-sst2,cola,sst2,encoder.layer.8.attention.self.value,768,0.01841355337,77.29591703,0.01841355337,77.29591703
cola-sst2,cola,sst2,encoder.layer.8.intermediate.dense,3072,0.002708331011,85.57768497,0.002708331011,85.57768497
cola-sst2,cola,sst2,encoder.layer.8.output.dense,768,0.03007507852,68.81483738,0.03007507852,68.81483738
cola-sst2,cola,sst2,encoder.layer.9.attention.output.dense,768,0.02652592196,73.93957796,0.02652592196,73.93957796
cola-sst2,cola,sst2,encoder.layer.9.attention.self.key,768,0.0278847268,73.77712498,0.0278847268,73.77712498
cola-sst2,cola,sst2,encoder.layer.9.attention.self.query,768,0.02507997565,74.3066591,0.02507997565,74.3066591
cola-sst2,cola,sst2,encoder.layer.9.attention.self.value,768,0.01748182293,75.10023409,0.01748182293,75.10023409
cola-sst2,cola,sst2,encoder.layer.9.intermediate.dense,3072,0.00385943724,84.21443437,0.00385943724,84.21443437
cola-sst2,cola,sst2,encoder.layer.9.output.dense,768,0.03152774949,70.2298324,0.03152774949,70.2298324
cola-sst2,cola,sst2,pooler.dense,768,0.02317872194,73.70254876,0.02317872194,73.70254876
cola-mrpc,cola,mrpc,encoder.layer.0.attention.output.dense,768,0.01725620368,76.94282012,0.01725620368,76.94282012
cola-mrpc,cola,mrpc,encoder.layer.0.attention.self.key,768,0.01948649115,76.46651849,0.01948649115,76.46651849
cola-mrpc,cola,mrpc,encoder.layer.0.attention.self.query,768,0.02851109744,71.9357605,0.02851109744,71.9357605
cola-mrpc,cola,mrpc,encoder.layer.0.attention.self.value,768,0.02042041939,73.64875468,0.02042041939,73.64875468
cola-mrpc,cola,mrpc,encoder.layer.0.intermediate.dense,3072,0.00205292589,85.58482261,0.00205292589,85.58482261
cola-mrpc,cola,mrpc,encoder.layer.0.output.dense,768,0.01771612319,75.1807385,0.01771612319,75.1807385
cola-mrpc,cola,mrpc,encoder.layer.1.attention.output.dense,768,0.01430011714,78.384734,0.01430011714,78.384734
cola-mrpc,cola,mrpc,encoder.layer.1.attention.self.key,768,0.02070917951,74.63763485,0.02070917951,74.63763485
cola-mrpc,cola,mrpc,encoder.layer.1.attention.self.query,768,0.0344261395,68.06727418,0.0344261395,68.06727418
cola-mrpc,cola,mrpc,encoder.layer.1.attention.self.value,768,0.02023395205,77.72133813,0.02023395205,77.72133813
cola-mrpc,cola,mrpc,encoder.layer.1.intermediate.dense,3072,0.00253149247,84.73630079,0.00253149247,84.73630079
cola-mrpc,cola,mrpc,encoder.layer.1.output.dense,768,0.02050814961,75.63837456,0.02050814961,75.63837456
cola-mrpc,cola,mrpc,encoder.layer.10.attention.output.dense,768,0.07231900683,62.27479056,0.07231900683,62.27479056
cola-mrpc,cola,mrpc,encoder.layer.10.attention.self.key,768,0.04813041082,63.03667497,0.04813041082,63.03667497
cola-mrpc,cola,mrpc,encoder.layer.10.attention.self.query,768,0.03322889184,71.60729033,0.03322889184,71.60729033
cola-mrpc,cola,mrpc,encoder.layer.10.attention.self.value,768,0.03879264422,67.13883148,0.03879264422,67.13883148
cola-mrpc,cola,mrpc,encoder.layer.10.intermediate.dense,3072,0.004822481895,83.98774936,0.004822481895,83.98774936
cola-mrpc,cola,mrpc,encoder.layer.10.output.dense,768,0.1011435816,55.38627699,0.1011435816,55.38627699
cola-mrpc,cola,mrpc,encoder.layer.11.attention.output.dense,768,0.08094943812,58.25745326,0.08094943812,58.25745326
cola-mrpc,cola,mrpc,encoder.layer.11.attention.self.key,768,0.05191070585,65.02591342,0.05191070585,65.02591342
cola-mrpc,cola,mrpc,encoder.layer.11.attention.self.query,768,0.02083955387,76.41270432,0.02083955387,76.41270432
cola-mrpc,cola,mrpc,encoder.layer.11.attention.self.value,768,0.03906361141,69.29987688,0.03906361141,69.29987688
cola-mrpc,cola,mrpc,encoder.layer.11.intermediate.dense,3072,0.008349546808,79.29041733,0.008349546808,79.29041733
cola-mrpc,cola,mrpc,encoder.layer.11.output.dense,768,0.05782992699,60.14522992,0.05782992699,60.14522992
cola-mrpc,cola,mrpc,encoder.layer.2.attention.output.dense,768,0.01396587784,77.91646309,0.01396587784,77.91646309
cola-mrpc,cola,mrpc,encoder.layer.2.attention.self.key,768,0.01507118715,79.15440277,0.01507118715,79.15440277
cola-mrpc,cola,mrpc,encoder.layer.2.attention.self.query,768,0.0273541154,75.14246676,0.0273541154,75.14246676
cola-mrpc,cola,mrpc,encoder.layer.2.attention.self.value,768,0.02069739485,77.31357786,0.02069739485,77.31357786
cola-mrpc,cola,mrpc,encoder.layer.2.intermediate.dense,3072,0.003208187589,85.01155002,0.003208187589,85.01155002
cola-mrpc,cola,mrpc,encoder.layer.2.output.dense,768,0.01863080232,76.79848165,0.01863080232,76.79848165
cola-mrpc,cola,mrpc,encoder.layer.3.attention.output.dense,768,0.01003834179,80.4371269,0.01003834179,80.4371269
cola-mrpc,cola,mrpc,encoder.layer.3.attention.self.key,768,0.02285622294,76.03460501,0.02285622294,76.03460501
cola-mrpc,cola,mrpc,encoder.layer.3.attention.self.query,768,0.02494996784,73.83011276,0.02494996784,73.83011276
cola-mrpc,cola,mrpc,encoder.layer.3.attention.self.value,768,0.02241874999,74.86763659,0.02241874999,74.86763659
cola-mrpc,cola,mrpc,encoder.layer.3.intermediate.dense,3072,0.003239131462,84.4712575,0.003239131462,84.4712575
cola-mrpc,cola,mrpc,encoder.layer.3.output.dense,768,0.01683933241,76.54953299,0.01683933241,76.54953299
cola-mrpc,cola,mrpc,encoder.layer.4.attention.output.dense,768,0.01227838772,78.81702636,0.01227838772,78.81702636
cola-mrpc,cola,mrpc,encoder.layer.4.attention.self.key,768,0.02859816112,73.74218256,0.02859816112,73.74218256
cola-mrpc,cola,mrpc,encoder.layer.4.attention.self.query,768,0.03058422724,73.19673631,0.03058422724,73.19673631
cola-mrpc,cola,mrpc,encoder.layer.4.attention.self.value,768,0.01599787185,77.54784033,0.01599787185,77.54784033
cola-mrpc,cola,mrpc,encoder.layer.4.intermediate.dense,3072,0.002686193137,84.81321401,0.002686193137,84.81321401
cola-mrpc,cola,mrpc,encoder.layer.4.output.dense,768,0.02269148128,71.75634381,0.02269148128,71.75634381
cola-mrpc,cola,mrpc,encoder.layer.5.attention.output.dense,768,0.01752484468,76.43541548,0.01752484468,76.43541548
cola-mrpc,cola,mrpc,encoder.layer.5.attention.self.key,768,0.01994416169,77.37782994,0.01994416169,77.37782994
cola-mrpc,cola,mrpc,encoder.layer.5.attention.self.query,768,0.0208300855,75.63342303,0.0208300855,75.63342303
cola-mrpc,cola,mrpc,encoder.layer.5.attention.self.value,768,0.01909258012,75.5615357,0.01909258012,75.5615357
cola-mrpc,cola,mrpc,encoder.layer.5.intermediate.dense,3072,0.0021767653,85.59175184,0.0021767653,85.59175184
cola-mrpc,cola,mrpc,encoder.layer.5.output.dense,768,0.02154448825,75.72695903,0.02154448825,75.72695903
cola-mrpc,cola,mrpc,encoder.layer.6.attention.output.dense,768,0.02605376899,72.97366676,0.02605376899,72.97366676
cola-mrpc,cola,mrpc,encoder.layer.6.attention.self.key,768,0.01991482399,77.13101298,0.01991482399,77.13101298
cola-mrpc,cola,mrpc,encoder.layer.6.attention.self.query,768,0.01953005439,76.05984027,0.01953005439,76.05984027
cola-mrpc,cola,mrpc,encoder.layer.6.attention.self.value,768,0.02212901981,75.40357805,0.02212901981,75.40357805
cola-mrpc,cola,mrpc,encoder.layer.6.intermediate.dense,3072,0.002926253771,84.14399909,0.002926253771,84.14399909
cola-mrpc,cola,mrpc,encoder.layer.6.output.dense,768,0.04018855597,65.56439891,0.04018855597,65.56439891
cola-mrpc,cola,mrpc,encoder.layer.7.attention.output.dense,768,0.02236499514,73.38269538,0.02236499514,73.38269538
cola-mrpc,cola,mrpc,encoder.layer.7.attention.self.key,768,0.0316422482,73.36850963,0.0316422482,73.36850963
cola-mrpc,cola,mrpc,encoder.layer.7.attention.self.query,768,0.02253406725,75.534998,0.02253406725,75.534998
cola-mrpc,cola,mrpc,encoder.layer.7.attention.self.value,768,0.01865591188,76.16622984,0.01865591188,76.16622984
cola-mrpc,cola,mrpc,encoder.layer.7.intermediate.dense,3072,0.004534843264,83.04084473,0.004534843264,83.04084473
cola-mrpc,cola,mrpc,encoder.layer.7.output.dense,768,0.04187965735,67.99534119,0.04187965735,67.99534119
cola-mrpc,cola,mrpc,encoder.layer.8.attention.output.dense,768,0.04197557952,62.99485774,0.04197557952,62.99485774
cola-mrpc,cola,mrpc,encoder.layer.8.attention.self.key,768,0.03760332959,69.25172491,0.03760332959,69.25172491
cola-mrpc,cola,mrpc,encoder.layer.8.attention.self.query,768,0.02539079765,70.86379173,0.02539079765,70.86379173
cola-mrpc,cola,mrpc,encoder.layer.8.attention.self.value,768,0.02482820081,73.18341821,0.02482820081,73.18341821
cola-mrpc,cola,mrpc,encoder.layer.8.intermediate.dense,3072,0.004615211289,82.91476777,0.004615211289,82.91476777
cola-mrpc,cola,mrpc,encoder.layer.8.output.dense,768,0.04903742671,61.63037977,0.04903742671,61.63037977
cola-mrpc,cola,mrpc,encoder.layer.9.attention.output.dense,768,0.0556674325,64.63217903,0.0556674325,64.63217903
cola-mrpc,cola,mrpc,encoder.layer.9.attention.self.key,768,0.04099925208,67.58161633,0.04099925208,67.58161633
cola-mrpc,cola,mrpc,encoder.layer.9.attention.self.query,768,0.03157602755,71.82205196,0.03157602755,71.82205196
cola-mrpc,cola,mrpc,encoder.layer.9.attention.self.value,768,0.03259000777,71.74559982,0.03259000777,71.74559982
cola-mrpc,cola,mrpc,encoder.layer.9.intermediate.dense,3072,0.003684777876,83.88961735,0.003684777876,83.88961735
cola-mrpc,cola,mrpc,encoder.layer.9.output.dense,768,0.0450695578,64.64457107,0.0450695578,64.64457107
cola-mrpc,cola,mrpc,pooler.dense,768,0.01991716383,73.66150087,0.01991716383,73.66150087
cola-qqp,cola,qqp,encoder.layer.0.attention.output.dense,768,0.01514800621,76.70942009,0.01514800621,76.70942009
cola-qqp,cola,qqp,encoder.layer.0.attention.self.key,768,0.01873707964,75.66125228,0.01873707964,75.66125228
cola-qqp,cola,qqp,encoder.layer.0.attention.self.query,768,0.02160982374,73.75471543,0.02160982374,73.75471543
cola-qqp,cola,qqp,encoder.layer.0.attention.self.value,768,0.01182025125,79.78261239,0.01182025125,79.78261239
cola-qqp,cola,qqp,encoder.layer.0.intermediate.dense,3072,0.002525092889,84.52120599,0.002525092889,84.52120599
cola-qqp,cola,qqp,encoder.layer.0.output.dense,768,0.0195039959,74.72983322,0.0195039959,74.72983322
cola-qqp,cola,qqp,encoder.layer.1.attention.output.dense,768,0.009494031288,80.52206099,0.009494031288,80.52206099
cola-qqp,cola,qqp,encoder.layer.1.attention.self.key,768,0.01706086962,78.1362856,0.01706086962,78.1362856
cola-qqp,cola,qqp,encoder.layer.1.attention.self.query,768,0.0168062519,76.85409164,0.0168062519,76.85409164
cola-qqp,cola,qqp,encoder.layer.1.attention.self.value,768,0.01982163536,74.86447069,0.01982163536,74.86447069
cola-qqp,cola,qqp,encoder.layer.1.intermediate.dense,3072,0.003260177101,84.413167,0.003260177101,84.413167
cola-qqp,cola,qqp,encoder.layer.1.output.dense,768,0.01631213939,76.96512239,0.01631213939,76.96512239
cola-qqp,cola,qqp,encoder.layer.10.attention.output.dense,768,0.02676424001,73.75881413,0.02676424001,73.75881413
cola-qqp,cola,qqp,encoder.layer.10.attention.self.key,768,0.02834756749,73.06396081,0.02834756749,73.06396081
cola-qqp,cola,qqp,encoder.layer.10.attention.self.query,768,0.01464420037,78.0819715,0.01464420037,78.0819715
cola-qqp,cola,qqp,encoder.layer.10.attention.self.value,768,0.02045680757,75.99610197,0.02045680757,75.99610197
cola-qqp,cola,qqp,encoder.layer.10.intermediate.dense,3072,0.003193803639,84.24879446,0.003193803639,84.24879446
cola-qqp,cola,qqp,encoder.layer.10.output.dense,768,0.04408485694,67.45931555,0.04408485694,67.45931555
cola-qqp,cola,qqp,encoder.layer.11.attention.output.dense,768,0.04618174063,64.84783375,0.04618174063,64.84783375
cola-qqp,cola,qqp,encoder.layer.11.attention.self.key,768,0.0236727829,76.23580956,0.0236727829,76.23580956
cola-qqp,cola,qqp,encoder.layer.11.attention.self.query,768,0.01839268136,75.6904979,0.01839268136,75.6904979
cola-qqp,cola,qqp,encoder.layer.11.attention.self.value,768,0.04804513678,62.49242643,0.04804513678,62.49242643
cola-qqp,cola,qqp,encoder.layer.11.intermediate.dense,3072,0.0053720682,80.82886743,0.0053720682,80.82886743
cola-qqp,cola,qqp,encoder.layer.11.output.dense,768,0.04075696126,68.46505936,0.04075696126,68.46505936
cola-qqp,cola,qqp,encoder.layer.2.attention.output.dense,768,0.00907317483,81.0725025,0.00907317483,81.0725025
cola-qqp,cola,qqp,encoder.layer.2.attention.self.key,768,0.01789541901,76.25065351,0.01789541901,76.25065351
cola-qqp,cola,qqp,encoder.layer.2.attention.self.query,768,0.01650560559,77.41564016,0.01650560559,77.41564016
cola-qqp,cola,qqp,encoder.layer.2.attention.self.value,768,0.01193905317,80.01758348,0.01193905317,80.01758348
cola-qqp,cola,qqp,encoder.layer.2.intermediate.dense,3072,0.002821121936,85.15234278,0.002821121936,85.15234278
cola-qqp,cola,qqp,encoder.layer.2.output.dense,768,0.01982241224,76.82325889,0.01982241224,76.82325889
cola-qqp,cola,qqp,encoder.layer.3.attention.output.dense,768,0.00999826942,79.45741802,0.00999826942,79.45741802
cola-qqp,cola,qqp,encoder.layer.3.attention.self.key,768,0.01928308134,75.21176852,0.01928308134,75.21176852
cola-qqp,cola,qqp,encoder.layer.3.attention.self.query,768,0.0180980666,76.12647124,0.0180980666,76.12647124
cola-qqp,cola,qqp,encoder.layer.3.attention.self.value,768,0.01617210732,77.6253804,0.01617210732,77.6253804
cola-qqp,cola,qqp,encoder.layer.3.intermediate.dense,3072,0.002413991354,85.38243844,0.002413991354,85.38243844
cola-qqp,cola,qqp,encoder.layer.3.output.dense,768,0.01303808801,78.59075013,0.01303808801,78.59075013
cola-qqp,cola,qqp,encoder.layer.4.attention.output.dense,768,0.01199296459,79.35683319,0.01199296459,79.35683319
cola-qqp,cola,qqp,encoder.layer.4.attention.self.key,768,0.01627751576,76.47306754,0.01627751576,76.47306754
cola-qqp,cola,qqp,encoder.layer.4.attention.self.query,768,0.01706793662,77.07886619,0.01706793662,77.07886619
cola-qqp,cola,qqp,encoder.layer.4.attention.self.value,768,0.009541529281,79.91966306,0.009541529281,79.91966306
cola-qqp,cola,qqp,encoder.layer.4.intermediate.dense,3072,0.002247688255,85.74115912,0.002247688255,85.74115912
cola-qqp,cola,qqp,encoder.layer.4.output.dense,768,0.01604242358,75.80009625,0.01604242358,75.80009625
cola-qqp,cola,qqp,encoder.layer.5.attention.output.dense,768,0.01316373186,77.64788795,0.01316373186,77.64788795
cola-qqp,cola,qqp,encoder.layer.5.attention.self.key,768,0.01286002506,78.92989263,0.01286002506,78.92989263
cola-qqp,cola,qqp,encoder.layer.5.attention.self.query,768,0.02226278573,75.43424029,0.02226278573,75.43424029
cola-qqp,cola,qqp,encoder.layer.5.attention.self.value,768,0.01144725638,78.47583983,0.01144725638,78.47583983
cola-qqp,cola,qqp,encoder.layer.5.intermediate.dense,3072,0.002688066334,85.6923687,0.002688066334,85.6923687
cola-qqp,cola,qqp,encoder.layer.5.output.dense,768,0.01372242583,75.55480526,0.01372242583,75.55480526
cola-qqp,cola,qqp,encoder.layer.6.attention.output.dense,768,0.01143706345,79.01239311,0.01143706345,79.01239311
cola-qqp,cola,qqp,encoder.layer.6.attention.self.key,768,0.01637048232,78.01470918,0.01637048232,78.01470918
cola-qqp,cola,qqp,encoder.layer.6.attention.self.query,768,0.0158660033,77.50078636,0.0158660033,77.50078636
cola-qqp,cola,qqp,encoder.layer.6.attention.self.value,768,0.01039379292,81.26111087,0.01039379292,81.26111087
cola-qqp,cola,qqp,encoder.layer.6.intermediate.dense,3072,0.003421665983,84.04941841,0.003421665983,84.04941841
cola-qqp,cola,qqp,encoder.layer.6.output.dense,768,0.02552212901,71.04310357,0.02552212901,71.04310357
cola-qqp,cola,qqp,encoder.layer.7.attention.output.dense,768,0.01619470136,75.83524567,0.01619470136,75.83524567
cola-qqp,cola,qqp,encoder.layer.7.attention.self.key,768,0.01820936248,75.95269113,0.01820936248,75.95269113
cola-qqp,cola,qqp,encoder.layer.7.attention.self.query,768,0.01686407155,75.94220172,0.01686407155,75.94220172
cola-qqp,cola,qqp,encoder.layer.7.attention.self.value,768,0.01665595595,76.57379609,0.01665595595,76.57379609
cola-qqp,cola,qqp,encoder.layer.7.intermediate.dense,3072,0.002502099242,84.74944029,0.002502099242,84.74944029
cola-qqp,cola,qqp,encoder.layer.7.output.dense,768,0.01762813587,75.08791772,0.01762813587,75.08791772
cola-qqp,cola,qqp,encoder.layer.8.attention.output.dense,768,0.01547780717,76.84735822,0.01547780717,76.84735822
cola-qqp,cola,qqp,encoder.layer.8.attention.self.key,768,0.02049980062,74.9689167,0.02049980062,74.9689167
cola-qqp,cola,qqp,encoder.layer.8.attention.self.query,768,0.0218360598,75.09578479,0.0218360598,75.09578479
cola-qqp,cola,qqp,encoder.layer.8.attention.self.value,768,0.01098884065,79.11941687,0.01098884065,79.11941687
cola-qqp,cola,qqp,encoder.layer.8.intermediate.dense,3072,0.002531800884,84.95009123,0.002531800884,84.95009123
cola-qqp,cola,qqp,encoder.layer.8.output.dense,768,0.0286710096,72.97594904,0.0286710096,72.97594904
cola-qqp,cola,qqp,encoder.layer.9.attention.output.dense,768,0.02017929188,77.67035725,0.02017929188,77.67035725
cola-qqp,cola,qqp,encoder.layer.9.attention.self.key,768,0.01793066722,77.82394428,0.01793066722,77.82394428
cola-qqp,cola,qqp,encoder.layer.9.attention.self.query,768,0.02042891681,75.06305795,0.02042891681,75.06305795
cola-qqp,cola,qqp,encoder.layer.9.attention.self.value,768,0.01533013506,76.03194983,0.01533013506,76.03194983
cola-qqp,cola,qqp,encoder.layer.9.intermediate.dense,3072,0.00379291556,84.13073855,0.00379291556,84.13073855
cola-qqp,cola,qqp,encoder.layer.9.output.dense,768,0.02486136072,74.13760961,0.02486136072,74.13760961
cola-qqp,cola,qqp,pooler.dense,768,0.04526437869,65.86623704,0.04526437869,65.86623704
cola-mnli,cola,mnli,encoder.layer.0.attention.output.dense,768,0.01256361527,79.00379312,0.01256361527,79.00379312
cola-mnli,cola,mnli,encoder.layer.0.attention.self.key,768,0.01606760371,75.68954699,0.01606760371,75.68954699
cola-mnli,cola,mnli,encoder.layer.0.attention.self.query,768,0.01382203343,78.36520992,0.01382203343,78.36520992
cola-mnli,cola,mnli,encoder.layer.0.attention.self.value,768,0.01242817558,77.92483415,0.01242817558,77.92483415
cola-mnli,cola,mnli,encoder.layer.0.intermediate.dense,3072,0.00398121896,83.9894578,0.00398121896,83.9894578
cola-mnli,cola,mnli,encoder.layer.0.output.dense,768,0.01017436522,78.21357919,0.01017436522,78.21357919
cola-mnli,cola,mnli,encoder.layer.1.attention.output.dense,768,0.01448404985,77.52215694,0.01448404985,77.52215694
cola-mnli,cola,mnli,encoder.layer.1.attention.self.key,768,0.0130968797,77.16469513,0.0130968797,77.16469513
cola-mnli,cola,mnli,encoder.layer.1.attention.self.query,768,0.02017480753,72.75851377,0.02017480753,72.75851377
cola-mnli,cola,mnli,encoder.layer.1.attention.self.value,768,0.01346927529,77.50153242,0.01346927529,77.50153242
cola-mnli,cola,mnli,encoder.layer.1.intermediate.dense,3072,0.002546360676,84.93859712,0.002546360676,84.93859712
cola-mnli,cola,mnli,encoder.layer.1.output.dense,768,0.007194456903,81.33619069,0.007194456903,81.33619069
cola-mnli,cola,mnli,encoder.layer.10.attention.output.dense,768,0.02085697238,75.08531294,0.02085697238,75.08531294
cola-mnli,cola,mnli,encoder.layer.10.attention.self.key,768,0.02004700671,75.37659063,0.02004700671,75.37659063
cola-mnli,cola,mnli,encoder.layer.10.attention.self.query,768,0.01992416404,75.28387654,0.01992416404,75.28387654
cola-mnli,cola,mnli,encoder.layer.10.attention.self.value,768,0.01828812223,75.48147952,0.01828812223,75.48147952
cola-mnli,cola,mnli,encoder.layer.10.intermediate.dense,3072,0.002700050804,84.87732713,0.002700050804,84.87732713
cola-mnli,cola,mnli,encoder.layer.10.output.dense,768,0.01554752246,77.59589984,0.01554752246,77.59589984
cola-mnli,cola,mnli,encoder.layer.11.attention.output.dense,768,0.02091948627,74.94779528,0.02091948627,74.94779528
cola-mnli,cola,mnli,encoder.layer.11.attention.self.key,768,0.01888035695,75.94189236,0.01888035695,75.94189236
cola-mnli,cola,mnli,encoder.layer.11.attention.self.query,768,0.01494045836,77.56541273,0.01494045836,77.56541273
cola-mnli,cola,mnli,encoder.layer.11.attention.self.value,768,0.02735523964,69.89004331,0.02735523964,69.89004331
cola-mnli,cola,mnli,encoder.layer.11.intermediate.dense,3072,0.008810028433,77.57149667,0.008810028433,77.57149667
cola-mnli,cola,mnli,encoder.layer.11.output.dense,768,0.02358264243,69.64001188,0.02358264243,69.64001188
cola-mnli,cola,mnli,encoder.layer.2.attention.output.dense,768,0.009965085527,80.21610181,0.009965085527,80.21610181
cola-mnli,cola,mnli,encoder.layer.2.attention.self.key,768,0.01935042764,76.29837607,0.01935042764,76.29837607
cola-mnli,cola,mnli,encoder.layer.2.attention.self.query,768,0.01604569288,76.80915689,0.01604569288,76.80915689
cola-mnli,cola,mnli,encoder.layer.2.attention.self.value,768,0.008901445503,79.61683355,0.008901445503,79.61683355
cola-mnli,cola,mnli,encoder.layer.2.intermediate.dense,3072,0.002701130562,84.96038301,0.002701130562,84.96038301
cola-mnli,cola,mnli,encoder.layer.2.output.dense,768,0.009186429532,80.57551095,0.009186429532,80.57551095
cola-mnli,cola,mnli,encoder.layer.3.attention.output.dense,768,0.01365398428,78.29620414,0.01365398428,78.29620414
cola-mnli,cola,mnli,encoder.layer.3.attention.self.key,768,0.01157300654,79.62770369,0.01157300654,79.62770369
cola-mnli,cola,mnli,encoder.layer.3.attention.self.query,768,0.01444127215,78.4347476,0.01444127215,78.4347476
cola-mnli,cola,mnli,encoder.layer.3.attention.self.value,768,0.01209166014,79.40731796,0.01209166014,79.40731796
cola-mnli,cola,mnli,encoder.layer.3.intermediate.dense,3072,0.002113483176,85.0591416,0.002113483176,85.0591416
cola-mnli,cola,mnli,encoder.layer.3.output.dense,768,0.01200890324,78.7208388,0.01200890324,78.7208388
cola-mnli,cola,mnli,encoder.layer.4.attention.output.dense,768,0.01017481373,79.62935212,0.01017481373,79.62935212
cola-mnli,cola,mnli,encoder.layer.4.attention.self.key,768,0.0133338621,78.30347312,0.0133338621,78.30347312
cola-mnli,cola,mnli,encoder.layer.4.attention.self.query,768,0.01404251065,78.08769785,0.01404251065,78.08769785
cola-mnli,cola,mnli,encoder.layer.4.attention.self.value,768,0.01158322199,78.86185574,0.01158322199,78.86185574
cola-mnli,cola,mnli,encoder.layer.4.intermediate.dense,3072,0.002817823908,85.05205706,0.002817823908,85.05205706
cola-mnli,cola,mnli,encoder.layer.4.output.dense,768,0.014100514,76.13412871,0.014100514,76.13412871
cola-mnli,cola,mnli,encoder.layer.5.attention.output.dense,768,0.01184228746,78.92411476,0.01184228746,78.92411476
cola-mnli,cola,mnli,encoder.layer.5.attention.self.key,768,0.01340744909,79.24515613,0.01340744909,79.24515613
cola-mnli,cola,mnli,encoder.layer.5.attention.self.query,768,0.01274754485,77.50246088,0.01274754485,77.50246088
cola-mnli,cola,mnli,encoder.layer.5.attention.self.value,768,0.01038503145,80.03224326,0.01038503145,80.03224326
cola-mnli,cola,mnli,encoder.layer.5.intermediate.dense,3072,0.002968358714,84.87582098,0.002968358714,84.87582098
cola-mnli,cola,mnli,encoder.layer.5.output.dense,768,0.009890012451,79.13683845,0.009890012451,79.13683845
cola-mnli,cola,mnli,encoder.layer.6.attention.output.dense,768,0.01379821279,76.05576801,0.01379821279,76.05576801
cola-mnli,cola,mnli,encoder.layer.6.attention.self.key,768,0.0110715374,79.67769053,0.0110715374,79.67769053
cola-mnli,cola,mnli,encoder.layer.6.attention.self.query,768,0.009696043975,79.63514481,0.009696043975,79.63514481
cola-mnli,cola,mnli,encoder.layer.6.attention.self.value,768,0.01036714303,79.43466145,0.01036714303,79.43466145
cola-mnli,cola,mnli,encoder.layer.6.intermediate.dense,3072,0.00323296721,84.64675452,0.00323296721,84.64675452
cola-mnli,cola,mnli,encoder.layer.6.output.dense,768,0.01242358508,78.49121477,0.01242358508,78.49121477
cola-mnli,cola,mnli,encoder.layer.7.attention.output.dense,768,0.008835168162,81.39688955,0.008835168162,81.39688955
cola-mnli,cola,mnli,encoder.layer.7.attention.self.key,768,0.01326180837,78.94842027,0.01326180837,78.94842027
cola-mnli,cola,mnli,encoder.layer.7.attention.self.query,768,0.01712743742,75.35070599,0.01712743742,75.35070599
cola-mnli,cola,mnli,encoder.layer.7.attention.self.value,768,0.01179046286,79.77404486,0.01179046286,79.77404486
cola-mnli,cola,mnli,encoder.layer.7.intermediate.dense,3072,0.003131977477,84.29681887,0.003131977477,84.29681887
cola-mnli,cola,mnli,encoder.layer.7.output.dense,768,0.01501384212,77.17145218,0.01501384212,77.17145218
cola-mnli,cola,mnli,encoder.layer.8.attention.output.dense,768,0.01107940273,79.37509163,0.01107940273,79.37509163
cola-mnli,cola,mnli,encoder.layer.8.attention.self.key,768,0.01795450773,76.15800595,0.01795450773,76.15800595
cola-mnli,cola,mnli,encoder.layer.8.attention.self.query,768,0.01627900632,78.85310733,0.01627900632,78.85310733
cola-mnli,cola,mnli,encoder.layer.8.attention.self.value,768,0.01044803659,79.99942906,0.01044803659,79.99942906
cola-mnli,cola,mnli,encoder.layer.8.intermediate.dense,3072,0.00296355265,84.69471315,0.00296355265,84.69471315
cola-mnli,cola,mnli,encoder.layer.8.output.dense,768,0.01631223976,77.2758412,0.01631223976,77.2758412
cola-mnli,cola,mnli,encoder.layer.9.attention.output.dense,768,0.01231926855,79.02386209,0.01231926855,79.02386209
cola-mnli,cola,mnli,encoder.layer.9.attention.self.key,768,0.01902968059,74.49981204,0.01902968059,74.49981204
cola-mnli,cola,mnli,encoder.layer.9.attention.self.query,768,0.01746470535,75.99886271,0.01746470535,75.99886271
cola-mnli,cola,mnli,encoder.layer.9.attention.self.value,768,0.01714914936,76.62835238,0.01714914936,76.62835238
cola-mnli,cola,mnli,encoder.layer.9.intermediate.dense,3072,0.00295426196,84.32877342,0.00295426196,84.32877342
cola-mnli,cola,mnli,encoder.layer.9.output.dense,768,0.01188124502,78.06013045,0.01188124502,78.06013045
cola-mnli,cola,mnli,pooler.dense,768,0.04087173264,65.04834438,0.04087173264,65.04834438
cola-qnli,cola,qnli,encoder.layer.0.attention.output.dense,768,0.01787043933,77.25198777,0.01787043933,77.25198777
cola-qnli,cola,qnli,encoder.layer.0.attention.self.key,768,0.0286005578,72.69445219,0.0286005578,72.69445219
cola-qnli,cola,qnli,encoder.layer.0.attention.self.query,768,0.02030978241,74.37587413,0.02030978241,74.37587413
cola-qnli,cola,qnli,encoder.layer.0.attention.self.value,768,0.02266205925,73.49523142,0.02266205925,73.49523142
cola-qnli,cola,qnli,encoder.layer.0.intermediate.dense,3072,0.003201101034,85.19770806,0.003201101034,85.19770806
cola-qnli,cola,qnli,encoder.layer.0.output.dense,768,0.009261214537,81.26468469,0.009261214537,81.26468469
cola-qnli,cola,qnli,encoder.layer.1.attention.output.dense,768,0.01428112977,77.00310737,0.01428112977,77.00310737
cola-qnli,cola,qnli,encoder.layer.1.attention.self.key,768,0.01532722549,76.74000028,0.01532722549,76.74000028
cola-qnli,cola,qnli,encoder.layer.1.attention.self.query,768,0.04168125579,69.5114562,0.04168125579,69.5114562
cola-qnli,cola,qnli,encoder.layer.1.attention.self.value,768,0.02216050664,76.44734915,0.02216050664,76.44734915
cola-qnli,cola,qnli,encoder.layer.1.intermediate.dense,3072,0.003471547069,83.9677469,0.003471547069,83.9677469
cola-qnli,cola,qnli,encoder.layer.1.output.dense,768,0.01014527697,80.73445562,0.01014527697,80.73445562
cola-qnli,cola,qnli,encoder.layer.10.attention.output.dense,768,0.04605062345,70.3510613,0.04605062345,70.3510613
cola-qnli,cola,qnli,encoder.layer.10.attention.self.key,768,0.03358421418,71.3292376,0.03358421418,71.3292376
cola-qnli,cola,qnli,encoder.layer.10.attention.self.query,768,0.01229831601,79.76722588,0.01229831601,79.76722588
cola-qnli,cola,qnli,encoder.layer.10.attention.self.value,768,0.02009961579,75.56272316,0.02009961579,75.56272316
cola-qnli,cola,qnli,encoder.layer.10.intermediate.dense,3072,0.002862419201,84.65188952,0.002862419201,84.65188952
cola-qnli,cola,qnli,encoder.layer.10.output.dense,768,0.04951215028,69.32677506,0.04951215028,69.32677506
cola-qnli,cola,qnli,encoder.layer.11.attention.output.dense,768,0.06555409639,59.1143314,0.06555409639,59.1143314
cola-qnli,cola,qnli,encoder.layer.11.attention.self.key,768,0.03824119778,69.61297148,0.03824119778,69.61297148
cola-qnli,cola,qnli,encoder.layer.11.attention.self.query,768,0.01645359479,76.45542377,0.01645359479,76.45542377
cola-qnli,cola,qnli,encoder.layer.11.attention.self.value,768,0.04220003694,66.75949592,0.04220003694,66.75949592
cola-qnli,cola,qnli,encoder.layer.11.intermediate.dense,3072,0.005813223838,80.61572324,0.005813223838,80.61572324
cola-qnli,cola,qnli,encoder.layer.11.output.dense,768,0.06397545757,54.05869948,0.06397545757,54.05869948
cola-qnli,cola,qnli,encoder.layer.2.attention.output.dense,768,0.009212068463,79.79831852,0.009212068463,79.79831852
cola-qnli,cola,qnli,encoder.layer.2.attention.self.key,768,0.01786964181,75.44841164,0.01786964181,75.44841164
cola-qnli,cola,qnli,encoder.layer.2.attention.self.query,768,0.02157737115,75.86425116,0.02157737115,75.86425116
cola-qnli,cola,qnli,encoder.layer.2.attention.self.value,768,0.01664544709,77.42487764,0.01664544709,77.42487764
cola-qnli,cola,qnli,encoder.layer.2.intermediate.dense,3072,0.002940338322,84.09027782,0.002940338322,84.09027782
cola-qnli,cola,qnli,encoder.layer.2.output.dense,768,0.01112447679,79.75177589,0.01112447679,79.75177589
cola-qnli,cola,qnli,encoder.layer.3.attention.output.dense,768,0.01562775093,77.15609026,0.01562775093,77.15609026
cola-qnli,cola,qnli,encoder.layer.3.attention.self.key,768,0.01638215516,77.58791596,0.01638215516,77.58791596
cola-qnli,cola,qnli,encoder.layer.3.attention.self.query,768,0.02385060597,75.94839086,0.02385060597,75.94839086
cola-qnli,cola,qnli,encoder.layer.3.attention.self.value,768,0.01693229263,77.02119606,0.01693229263,77.02119606
cola-qnli,cola,qnli,encoder.layer.3.intermediate.dense,3072,0.002846856368,84.72677385,0.002846856368,84.72677385
cola-qnli,cola,qnli,encoder.layer.3.output.dense,768,0.01526038421,77.97510223,0.01526038421,77.97510223
cola-qnli,cola,qnli,encoder.layer.4.attention.output.dense,768,0.01319974658,77.48953873,0.01319974658,77.48953873
cola-qnli,cola,qnli,encoder.layer.4.attention.self.key,768,0.02502207542,73.33606767,0.02502207542,73.33606767
cola-qnli,cola,qnli,encoder.layer.4.attention.self.query,768,0.02429748385,74.88539884,0.02429748385,74.88539884
cola-qnli,cola,qnli,encoder.layer.4.attention.self.value,768,0.01093197288,80.62368622,0.01093197288,80.62368622
cola-qnli,cola,qnli,encoder.layer.4.intermediate.dense,3072,0.002489361463,85.18514572,0.002489361463,85.18514572
cola-qnli,cola,qnli,encoder.layer.4.output.dense,768,0.01752529931,76.82160653,0.01752529931,76.82160653
cola-qnli,cola,qnli,encoder.layer.5.attention.output.dense,768,0.0166203543,77.29934223,0.0166203543,77.29934223
cola-qnli,cola,qnli,encoder.layer.5.attention.self.key,768,0.01870901265,76.11770298,0.01870901265,76.11770298
cola-qnli,cola,qnli,encoder.layer.5.attention.self.query,768,0.02159432793,75.98428482,0.02159432793,75.98428482
cola-qnli,cola,qnli,encoder.layer.5.attention.self.value,768,0.01228473243,77.90776937,0.01228473243,77.90776937
cola-qnli,cola,qnli,encoder.layer.5.intermediate.dense,3072,0.003661601829,84.12144835,0.003661601829,84.12144835
cola-qnli,cola,qnli,encoder.layer.5.output.dense,768,0.01619490694,76.44709881,0.01619490694,76.44709881
cola-qnli,cola,qnli,encoder.layer.6.attention.output.dense,768,0.0161975711,76.3936597,0.0161975711,76.3936597
cola-qnli,cola,qnli,encoder.layer.6.attention.self.key,768,0.02308133029,75.98219723,0.02308133029,75.98219723
cola-qnli,cola,qnli,encoder.layer.6.attention.self.query,768,0.02023988538,74.64011136,0.02023988538,74.64011136
cola-qnli,cola,qnli,encoder.layer.6.attention.self.value,768,0.01140920741,79.90226541,0.01140920741,79.90226541
cola-qnli,cola,qnli,encoder.layer.6.intermediate.dense,3072,0.00307730438,84.04659215,0.00307730438,84.04659215
cola-qnli,cola,qnli,encoder.layer.6.output.dense,768,0.0223176485,73.29343373,0.0223176485,73.29343373
cola-qnli,cola,qnli,encoder.layer.7.attention.output.dense,768,0.01832569645,76.3782275,0.01832569645,76.3782275
cola-qnli,cola,qnli,encoder.layer.7.attention.self.key,768,0.01603660282,77.79831672,0.01603660282,77.79831672
cola-qnli,cola,qnli,encoder.layer.7.attention.self.query,768,0.01985962753,74.2883278,0.01985962753,74.2883278
cola-qnli,cola,qnli,encoder.layer.7.attention.self.value,768,0.01224268433,77.70436517,0.01224268433,77.70436517
cola-qnli,cola,qnli,encoder.layer.7.intermediate.dense,3072,0.003652286602,84.21501502,0.003652286602,84.21501502
cola-qnli,cola,qnli,encoder.layer.7.output.dense,768,0.02321424411,71.8665634,0.02321424411,71.8665634
cola-qnli,cola,qnli,encoder.layer.8.attention.output.dense,768,0.01991643979,74.78783445,0.01991643979,74.78783445
cola-qnli,cola,qnli,encoder.layer.8.attention.self.key,768,0.02868548803,72.48820788,0.02868548803,72.48820788
cola-qnli,cola,qnli,encoder.layer.8.attention.self.query,768,0.018700338,75.32787647,0.018700338,75.32787647
cola-qnli,cola,qnli,encoder.layer.8.attention.self.value,768,0.01346277254,79.0264137,0.01346277254,79.0264137
cola-qnli,cola,qnli,encoder.layer.8.intermediate.dense,3072,0.002878630139,84.69338958,0.002878630139,84.69338958
cola-qnli,cola,qnli,encoder.layer.8.output.dense,768,0.02707385255,73.51872485,0.02707385255,73.51872485
cola-qnli,cola,qnli,encoder.layer.9.attention.output.dense,768,0.03223693936,73.20568908,0.03223693936,73.20568908
cola-qnli,cola,qnli,encoder.layer.9.attention.self.key,768,0.02055988524,75.52885863,0.02055988524,75.52885863
cola-qnli,cola,qnli,encoder.layer.9.attention.self.query,768,0.0230658294,74.57907231,0.0230658294,74.57907231
cola-qnli,cola,qnli,encoder.layer.9.attention.self.value,768,0.02089360205,76.03786079,0.02089360205,76.03786079
cola-qnli,cola,qnli,encoder.layer.9.intermediate.dense,3072,0.002978849885,84.69864028,0.002978849885,84.69864028
cola-qnli,cola,qnli,encoder.layer.9.output.dense,768,0.03684965799,69.15520136,0.03684965799,69.15520136
cola-qnli,cola,qnli,pooler.dense,768,0.02197986099,74.90507348,0.02197986099,74.90507348
cola-rte,cola,rte,encoder.layer.0.attention.output.dense,768,0.01900208949,76.24602223,0.01900208949,76.24602223
cola-rte,cola,rte,encoder.layer.0.attention.self.key,768,0.02288244266,74.98081592,0.02288244266,74.98081592
cola-rte,cola,rte,encoder.layer.0.attention.self.query,768,0.01772610212,75.43409507,0.01772610212,75.43409507
cola-rte,cola,rte,encoder.layer.0.attention.self.value,768,0.02045881893,75.98495964,0.02045881893,75.98495964
cola-rte,cola,rte,encoder.layer.0.intermediate.dense,3072,0.003288290584,83.4706444,0.003288290584,83.4706444
cola-rte,cola,rte,encoder.layer.0.output.dense,768,0.02197425364,73.90473897,0.02197425364,73.90473897
cola-rte,cola,rte,encoder.layer.1.attention.output.dense,768,0.02243511135,73.53635924,0.02243511135,73.53635924
cola-rte,cola,rte,encoder.layer.1.attention.self.key,768,0.01635530331,74.84335357,0.01635530331,74.84335357
cola-rte,cola,rte,encoder.layer.1.attention.self.query,768,0.02701847775,71.2103296,0.02701847775,71.2103296
cola-rte,cola,rte,encoder.layer.1.attention.self.value,768,0.01073431989,78.76498283,0.01073431989,78.76498283
cola-rte,cola,rte,encoder.layer.1.intermediate.dense,3072,0.002237489673,85.22513311,0.002237489673,85.22513311
cola-rte,cola,rte,encoder.layer.1.output.dense,768,0.01240904713,79.09359905,0.01240904713,79.09359905
cola-rte,cola,rte,encoder.layer.10.attention.output.dense,768,0.04416032856,70.00347289,0.04416032856,70.00347289
cola-rte,cola,rte,encoder.layer.10.attention.self.key,768,0.05140483448,65.70327108,0.05140483448,65.70327108
cola-rte,cola,rte,encoder.layer.10.attention.self.query,768,0.02965253129,69.90217337,0.02965253129,69.90217337
cola-rte,cola,rte,encoder.layer.10.attention.self.value,768,0.04187372859,69.74901361,0.04187372859,69.74901361
cola-rte,cola,rte,encoder.layer.10.intermediate.dense,3072,0.004344161514,83.35148553,0.004344161514,83.35148553
cola-rte,cola,rte,encoder.layer.10.output.dense,768,0.06963838722,63.69135333,0.06963838722,63.69135333
cola-rte,cola,rte,encoder.layer.11.attention.output.dense,768,0.0666532218,58.9419176,0.0666532218,58.9419176
cola-rte,cola,rte,encoder.layer.11.attention.self.key,768,0.03664118027,70.15370502,0.03664118027,70.15370502
cola-rte,cola,rte,encoder.layer.11.attention.self.query,768,0.01488941815,77.74047422,0.01488941815,77.74047422
cola-rte,cola,rte,encoder.layer.11.attention.self.value,768,0.03796882761,63.35743816,0.03796882761,63.35743816
cola-rte,cola,rte,encoder.layer.11.intermediate.dense,3072,0.00544622595,82.56021636,0.00544622595,82.56021636
cola-rte,cola,rte,encoder.layer.11.output.dense,768,0.09661237347,44.33842455,0.09661237347,44.33842455
cola-rte,cola,rte,encoder.layer.2.attention.output.dense,768,0.01260926473,78.56551977,0.01260926473,78.56551977
cola-rte,cola,rte,encoder.layer.2.attention.self.key,768,0.02491475204,73.24043461,0.02491475204,73.24043461
cola-rte,cola,rte,encoder.layer.2.attention.self.query,768,0.01781796395,77.18454147,0.01781796395,77.18454147
cola-rte,cola,rte,encoder.layer.2.attention.self.value,768,0.01791569907,77.02337582,0.01791569907,77.02337582
cola-rte,cola,rte,encoder.layer.2.intermediate.dense,3072,0.003567447522,84.53782268,0.003567447522,84.53782268
cola-rte,cola,rte,encoder.layer.2.output.dense,768,0.01868055062,76.00421348,0.01868055062,76.00421348
cola-rte,cola,rte,encoder.layer.3.attention.output.dense,768,0.01479618877,78.93623646,0.01479618877,78.93623646
cola-rte,cola,rte,encoder.layer.3.attention.self.key,768,0.02173033831,74.53479015,0.02173033831,74.53479015
cola-rte,cola,rte,encoder.layer.3.attention.self.query,768,0.02753111184,74.18785305,0.02753111184,74.18785305
cola-rte,cola,rte,encoder.layer.3.attention.self.value,768,0.01797066713,76.20198124,0.01797066713,76.20198124
cola-rte,cola,rte,encoder.layer.3.intermediate.dense,3072,0.002027462999,85.454127,0.002027462999,85.454127
cola-rte,cola,rte,encoder.layer.3.output.dense,768,0.0171728205,78.37896226,0.0171728205,78.37896226
cola-rte,cola,rte,encoder.layer.4.attention.output.dense,768,0.01267347119,79.46227759,0.01267347119,79.46227759
cola-rte,cola,rte,encoder.layer.4.attention.self.key,768,0.01580514492,77.42579639,0.01580514492,77.42579639
cola-rte,cola,rte,encoder.layer.4.attention.self.query,768,0.02059457898,75.44358845,0.02059457898,75.44358845
cola-rte,cola,rte,encoder.layer.4.attention.self.value,768,0.01420044246,78.51374825,0.01420044246,78.51374825
cola-rte,cola,rte,encoder.layer.4.intermediate.dense,3072,0.002558087618,84.78455235,0.002558087618,84.78455235
cola-rte,cola,rte,encoder.layer.4.output.dense,768,0.01617835246,76.89060625,0.01617835246,76.89060625
cola-rte,cola,rte,encoder.layer.5.attention.output.dense,768,0.01270523482,79.2303918,0.01270523482,79.2303918
cola-rte,cola,rte,encoder.layer.5.attention.self.key,768,0.01672991753,76.04284786,0.01672991753,76.04284786
cola-rte,cola,rte,encoder.layer.5.attention.self.query,768,0.01696181057,75.53189551,0.01696181057,75.53189551
cola-rte,cola,rte,encoder.layer.5.attention.self.value,768,0.01840716588,77.37729353,0.01840716588,77.37729353
cola-rte,cola,rte,encoder.layer.5.intermediate.dense,3072,0.002529773879,85.33813044,0.002529773879,85.33813044
cola-rte,cola,rte,encoder.layer.5.output.dense,768,0.01615133416,78.26348982,0.01615133416,78.26348982
cola-rte,cola,rte,encoder.layer.6.attention.output.dense,768,0.01086175837,78.47593294,0.01086175837,78.47593294
cola-rte,cola,rte,encoder.layer.6.attention.self.key,768,0.02826350374,72.25950731,0.02826350374,72.25950731
cola-rte,cola,rte,encoder.layer.6.attention.self.query,768,0.02188822095,75.21255128,0.02188822095,75.21255128
cola-rte,cola,rte,encoder.layer.6.attention.self.value,768,0.01425193982,78.66840725,0.01425193982,78.66840725
cola-rte,cola,rte,encoder.layer.6.intermediate.dense,3072,0.003265158069,84.10112829,0.003265158069,84.10112829
cola-rte,cola,rte,encoder.layer.6.output.dense,768,0.02257319397,76.80257748,0.02257319397,76.80257748
cola-rte,cola,rte,encoder.layer.7.attention.output.dense,768,0.02185961345,76.0698211,0.02185961345,76.0698211
cola-rte,cola,rte,encoder.layer.7.attention.self.key,768,0.0219705079,71.50226398,0.0219705079,71.50226398
cola-rte,cola,rte,encoder.layer.7.attention.self.query,768,0.02468864763,74.49643603,0.02468864763,74.49643603
cola-rte,cola,rte,encoder.layer.7.attention.self.value,768,0.0194251576,77.46869535,0.0194251576,77.46869535
cola-rte,cola,rte,encoder.layer.7.intermediate.dense,3072,0.003501509481,83.86859424,0.003501509481,83.86859424
cola-rte,cola,rte,encoder.layer.7.output.dense,768,0.0393226562,67.08970655,0.0393226562,67.08970655
cola-rte,cola,rte,encoder.layer.8.attention.output.dense,768,0.02341274596,77.04179029,0.02341274596,77.04179029
cola-rte,cola,rte,encoder.layer.8.attention.self.key,768,0.04000705842,68.67788136,0.04000705842,68.67788136
cola-rte,cola,rte,encoder.layer.8.attention.self.query,768,0.01813651245,76.68175587,0.01813651245,76.68175587
cola-rte,cola,rte,encoder.layer.8.attention.self.value,768,0.02237960368,74.86870132,0.02237960368,74.86870132
cola-rte,cola,rte,encoder.layer.8.intermediate.dense,3072,0.003406977637,84.08665117,0.003406977637,84.08665117
cola-rte,cola,rte,encoder.layer.8.output.dense,768,0.03605641334,70.43220863,0.03605641334,70.43220863
cola-rte,cola,rte,encoder.layer.9.attention.output.dense,768,0.04541631838,69.46263429,0.04541631838,69.46263429
cola-rte,cola,rte,encoder.layer.9.attention.self.key,768,0.03075898506,73.59752121,0.03075898506,73.59752121
cola-rte,cola,rte,encoder.layer.9.attention.self.query,768,0.03209722838,73.5147751,0.03209722838,73.5147751
cola-rte,cola,rte,encoder.layer.9.attention.self.value,768,0.02209938941,73.71163816,0.02209938941,73.71163816
cola-rte,cola,rte,encoder.layer.9.intermediate.dense,3072,0.003784643979,83.98594107,0.003784643979,83.98594107
cola-rte,cola,rte,encoder.layer.9.output.dense,768,0.0363276717,69.70908814,0.0363276717,69.70908814
cola-rte,cola,rte,pooler.dense,768,0.01788925645,76.63971842,0.01788925645,76.63971842
sst2-mrpc,sst2,mrpc,encoder.layer.0.attention.output.dense,768,0.0171112445,76.89840605,0.0171112445,76.89840605
sst2-mrpc,sst2,mrpc,encoder.layer.0.attention.self.key,768,0.02420947937,71.88585268,0.02420947937,71.88585268
sst2-mrpc,sst2,mrpc,encoder.layer.0.attention.self.query,768,0.02413247079,72.75972442,0.02413247079,72.75972442
sst2-mrpc,sst2,mrpc,encoder.layer.0.attention.self.value,768,0.02120342193,73.53290407,0.02120342193,73.53290407
sst2-mrpc,sst2,mrpc,encoder.layer.0.intermediate.dense,3072,0.003191852012,83.66171035,0.003191852012,83.66171035
sst2-mrpc,sst2,mrpc,encoder.layer.0.output.dense,768,0.02492070793,74.68146188,0.02492070793,74.68146188
sst2-mrpc,sst2,mrpc,encoder.layer.1.attention.output.dense,768,0.01204161159,77.16319005,0.01204161159,77.16319005
sst2-mrpc,sst2,mrpc,encoder.layer.1.attention.self.key,768,0.02429149526,74.64763345,0.02429149526,74.64763345
sst2-mrpc,sst2,mrpc,encoder.layer.1.attention.self.query,768,0.02256215119,75.84811555,0.02256215119,75.84811555
sst2-mrpc,sst2,mrpc,encoder.layer.1.attention.self.value,768,0.01947773122,75.12802385,0.01947773122,75.12802385
sst2-mrpc,sst2,mrpc,encoder.layer.1.intermediate.dense,3072,0.00299334772,85.10214345,0.00299334772,85.10214345
sst2-mrpc,sst2,mrpc,encoder.layer.1.output.dense,768,0.01900559791,75.65184064,0.01900559791,75.65184064
sst2-mrpc,sst2,mrpc,encoder.layer.10.attention.output.dense,768,0.03724575999,68.95801695,0.03724575999,68.95801695
sst2-mrpc,sst2,mrpc,encoder.layer.10.attention.self.key,768,0.02710824934,72.98586486,0.02710824934,72.98586486
sst2-mrpc,sst2,mrpc,encoder.layer.10.attention.self.query,768,0.03996026225,68.7032283,0.03996026225,68.7032283
sst2-mrpc,sst2,mrpc,encoder.layer.10.attention.self.value,768,0.024762983,73.75716473,0.024762983,73.75716473
sst2-mrpc,sst2,mrpc,encoder.layer.10.intermediate.dense,3072,0.003240810989,84.07085568,0.003240810989,84.07085568
sst2-mrpc,sst2,mrpc,encoder.layer.10.output.dense,768,0.03844004671,70.53501491,0.03844004671,70.53501491
sst2-mrpc,sst2,mrpc,encoder.layer.11.attention.output.dense,768,0.06764956229,57.70512715,0.06764956229,57.70512715
sst2-mrpc,sst2,mrpc,encoder.layer.11.attention.self.key,768,0.02215692265,75.82663948,0.02215692265,75.82663948
sst2-mrpc,sst2,mrpc,encoder.layer.11.attention.self.query,768,0.01994086646,72.92416191,0.01994086646,72.92416191
sst2-mrpc,sst2,mrpc,encoder.layer.11.attention.self.value,768,0.03332631168,70.94901307,0.03332631168,70.94901307
sst2-mrpc,sst2,mrpc,encoder.layer.11.intermediate.dense,3072,0.005157754438,81.55016889,0.005157754438,81.55016889
sst2-mrpc,sst2,mrpc,encoder.layer.11.output.dense,768,0.04399892677,63.29945791,0.04399892677,63.29945791
sst2-mrpc,sst2,mrpc,encoder.layer.2.attention.output.dense,768,0.01159987659,79.85506036,0.01159987659,79.85506036
sst2-mrpc,sst2,mrpc,encoder.layer.2.attention.self.key,768,0.02267673021,74.35891185,0.02267673021,74.35891185
sst2-mrpc,sst2,mrpc,encoder.layer.2.attention.self.query,768,0.03024006338,71.822805,0.03024006338,71.822805
sst2-mrpc,sst2,mrpc,encoder.layer.2.attention.self.value,768,0.01828903071,77.05869938,0.01828903071,77.05869938
sst2-mrpc,sst2,mrpc,encoder.layer.2.intermediate.dense,3072,0.002373034739,85.63887966,0.002373034739,85.63887966
sst2-mrpc,sst2,mrpc,encoder.layer.2.output.dense,768,0.01745112103,76.90724851,0.01745112103,76.90724851
sst2-mrpc,sst2,mrpc,encoder.layer.3.attention.output.dense,768,0.01383469832,77.70500588,0.01383469832,77.70500588
sst2-mrpc,sst2,mrpc,encoder.layer.3.attention.self.key,768,0.02501569774,73.99455048,0.02501569774,73.99455048
sst2-mrpc,sst2,mrpc,encoder.layer.3.attention.self.query,768,0.02432487715,74.42156434,0.02432487715,74.42156434
sst2-mrpc,sst2,mrpc,encoder.layer.3.attention.self.value,768,0.01671922106,76.5710355,0.01671922106,76.5710355
sst2-mrpc,sst2,mrpc,encoder.layer.3.intermediate.dense,3072,0.002296093055,84.89417885,0.002296093055,84.89417885
sst2-mrpc,sst2,mrpc,encoder.layer.3.output.dense,768,0.01903203096,76.06426827,0.01903203096,76.06426827
sst2-mrpc,sst2,mrpc,encoder.layer.4.attention.output.dense,768,0.01618370885,77.41492214,0.01618370885,77.41492214
sst2-mrpc,sst2,mrpc,encoder.layer.4.attention.self.key,768,0.02045355707,76.01070015,0.02045355707,76.01070015
sst2-mrpc,sst2,mrpc,encoder.layer.4.attention.self.query,768,0.02609282421,75.33928488,0.02609282421,75.33928488
sst2-mrpc,sst2,mrpc,encoder.layer.4.attention.self.value,768,0.01917786283,75.62597059,0.01917786283,75.62597059
sst2-mrpc,sst2,mrpc,encoder.layer.4.intermediate.dense,3072,0.003671354834,84.1924622,0.003671354834,84.1924622
sst2-mrpc,sst2,mrpc,encoder.layer.4.output.dense,768,0.01820341395,75.04437678,0.01820341395,75.04437678
sst2-mrpc,sst2,mrpc,encoder.layer.5.attention.output.dense,768,0.01447677598,77.5661927,0.01447677598,77.5661927
sst2-mrpc,sst2,mrpc,encoder.layer.5.attention.self.key,768,0.01528190952,78.88722686,0.01528190952,78.88722686
sst2-mrpc,sst2,mrpc,encoder.layer.5.attention.self.query,768,0.02614050677,72.58434899,0.02614050677,72.58434899
sst2-mrpc,sst2,mrpc,encoder.layer.5.attention.self.value,768,0.01502064023,78.69083174,0.01502064023,78.69083174
sst2-mrpc,sst2,mrpc,encoder.layer.5.intermediate.dense,3072,0.002706565035,85.0230682,0.002706565035,85.0230682
sst2-mrpc,sst2,mrpc,encoder.layer.5.output.dense,768,0.02487014848,72.96316641,0.02487014848,72.96316641
sst2-mrpc,sst2,mrpc,encoder.layer.6.attention.output.dense,768,0.01302364817,78.79668289,0.01302364817,78.79668289
sst2-mrpc,sst2,mrpc,encoder.layer.6.attention.self.key,768,0.02121879859,74.76867884,0.02121879859,74.76867884
sst2-mrpc,sst2,mrpc,encoder.layer.6.attention.self.query,768,0.02242492844,74.84641659,0.02242492844,74.84641659
sst2-mrpc,sst2,mrpc,encoder.layer.6.attention.self.value,768,0.01366160262,77.43142827,0.01366160262,77.43142827
sst2-mrpc,sst2,mrpc,encoder.layer.6.intermediate.dense,3072,0.003752128173,83.59212742,0.003752128173,83.59212742
sst2-mrpc,sst2,mrpc,encoder.layer.6.output.dense,768,0.02173479542,73.6109804,0.02173479542,73.6109804
sst2-mrpc,sst2,mrpc,encoder.layer.7.attention.output.dense,768,0.01543645688,76.53492038,0.01543645688,76.53492038
sst2-mrpc,sst2,mrpc,encoder.layer.7.attention.self.key,768,0.03057770057,70.34294579,0.03057770057,70.34294579
sst2-mrpc,sst2,mrpc,encoder.layer.7.attention.self.query,768,0.01763034419,77.1204395,0.01763034419,77.1204395
sst2-mrpc,sst2,mrpc,encoder.layer.7.attention.self.value,768,0.01728951933,77.80072062,0.01728951933,77.80072062
sst2-mrpc,sst2,mrpc,encoder.layer.7.intermediate.dense,3072,0.003139633579,84.68641073,0.003139633579,84.68641073
sst2-mrpc,sst2,mrpc,encoder.layer.7.output.dense,768,0.03587250457,67.1325396,0.03587250457,67.1325396
sst2-mrpc,sst2,mrpc,encoder.layer.8.attention.output.dense,768,0.03021424854,71.27179263,0.03021424854,71.27179263
sst2-mrpc,sst2,mrpc,encoder.layer.8.attention.self.key,768,0.02278691136,76.80201663,0.02278691136,76.80201663
sst2-mrpc,sst2,mrpc,encoder.layer.8.attention.self.query,768,0.02277991141,75.06868747,0.02277991141,75.06868747
sst2-mrpc,sst2,mrpc,encoder.layer.8.attention.self.value,768,0.01857890501,75.90734881,0.01857890501,75.90734881
sst2-mrpc,sst2,mrpc,encoder.layer.8.intermediate.dense,3072,0.003689318442,84.14767528,0.003689318442,84.14767528
sst2-mrpc,sst2,mrpc,encoder.layer.8.output.dense,768,0.03461995884,67.32632177,0.03461995884,67.32632177
sst2-mrpc,sst2,mrpc,encoder.layer.9.attention.output.dense,768,0.02206549181,75.24517436,0.02206549181,75.24517436
sst2-mrpc,sst2,mrpc,encoder.layer.9.attention.self.key,768,0.03526701841,72.12834341,0.03526701841,72.12834341
sst2-mrpc,sst2,mrpc,encoder.layer.9.attention.self.query,768,0.02077241772,75.50569765,0.02077241772,75.50569765
sst2-mrpc,sst2,mrpc,encoder.layer.9.attention.self.value,768,0.0218847816,76.97424202,0.0218847816,76.97424202
sst2-mrpc,sst2,mrpc,encoder.layer.9.intermediate.dense,3072,0.002473448002,85.11847045,0.002473448002,85.11847045
sst2-mrpc,sst2,mrpc,encoder.layer.9.output.dense,768,0.03964521306,67.64751475,0.03964521306,67.64751475
sst2-mrpc,sst2,mrpc,pooler.dense,768,0.02010888994,78.1258999,0.02010888994,78.1258999
sst2-qqp,sst2,qqp,encoder.layer.0.attention.output.dense,768,0.01295941978,79.05149326,0.01295941978,79.05149326
sst2-qqp,sst2,qqp,encoder.layer.0.attention.self.key,768,0.0278210603,72.43196343,0.0278210603,72.43196343
sst2-qqp,sst2,qqp,encoder.layer.0.attention.self.query,768,0.02437222844,75.44563922,0.02437222844,75.44563922
sst2-qqp,sst2,qqp,encoder.layer.0.attention.self.value,768,0.01869760167,76.64739752,0.01869760167,76.64739752
sst2-qqp,sst2,qqp,encoder.layer.0.intermediate.dense,3072,0.002071620769,85.2931241,0.002071620769,85.2931241
sst2-qqp,sst2,qqp,encoder.layer.0.output.dense,768,0.01819027707,74.91601644,0.01819027707,74.91601644
sst2-qqp,sst2,qqp,encoder.layer.1.attention.output.dense,768,0.01481106134,77.08401319,0.01481106134,77.08401319
sst2-qqp,sst2,qqp,encoder.layer.1.attention.self.key,768,0.023322652,73.68731275,0.023322652,73.68731275
sst2-qqp,sst2,qqp,encoder.layer.1.attention.self.query,768,0.01774518552,76.87087338,0.01774518552,76.87087338
sst2-qqp,sst2,qqp,encoder.layer.1.attention.self.value,768,0.02087313295,73.88766327,0.02087313295,73.88766327
sst2-qqp,sst2,qqp,encoder.layer.1.intermediate.dense,3072,0.002335172131,85.04355558,0.002335172131,85.04355558
sst2-qqp,sst2,qqp,encoder.layer.1.output.dense,768,0.01958371671,74.88060723,0.01958371671,74.88060723
sst2-qqp,sst2,qqp,encoder.layer.10.attention.output.dense,768,0.01636477621,77.33470726,0.01636477621,77.33470726
sst2-qqp,sst2,qqp,encoder.layer.10.attention.self.key,768,0.01727820563,78.20084028,0.01727820563,78.20084028
sst2-qqp,sst2,qqp,encoder.layer.10.attention.self.query,768,0.02586828631,73.09367157,0.02586828631,73.09367157
sst2-qqp,sst2,qqp,encoder.layer.10.attention.self.value,768,0.0164006412,77.19185201,0.0164006412,77.19185201
sst2-qqp,sst2,qqp,encoder.layer.10.intermediate.dense,3072,0.002913856363,85.09409223,0.002913856363,85.09409223
sst2-qqp,sst2,qqp,encoder.layer.10.output.dense,768,0.02128136868,74.70324457,0.02128136868,74.70324457
sst2-qqp,sst2,qqp,encoder.layer.11.attention.output.dense,768,0.0453785351,68.12226979,0.0453785351,68.12226979
sst2-qqp,sst2,qqp,encoder.layer.11.attention.self.key,768,0.01582934968,78.15633511,0.01582934968,78.15633511
sst2-qqp,sst2,qqp,encoder.layer.11.attention.self.query,768,0.01876059289,76.08922958,0.01876059289,76.08922958
sst2-qqp,sst2,qqp,encoder.layer.11.attention.self.value,768,0.01959935758,76.8909168,0.01959935758,76.8909168
sst2-qqp,sst2,qqp,encoder.layer.11.intermediate.dense,3072,0.007431298665,77.90979923,0.007431298665,77.90979923
sst2-qqp,sst2,qqp,encoder.layer.11.output.dense,768,0.04072568755,68.17900707,0.04072568755,68.17900707
sst2-qqp,sst2,qqp,encoder.layer.2.attention.output.dense,768,0.0149211699,77.25988357,0.0149211699,77.25988357
sst2-qqp,sst2,qqp,encoder.layer.2.attention.self.key,768,0.0147619132,76.32507388,0.0147619132,76.32507388
sst2-qqp,sst2,qqp,encoder.layer.2.attention.self.query,768,0.02263261922,74.55164821,0.02263261922,74.55164821
sst2-qqp,sst2,qqp,encoder.layer.2.attention.self.value,768,0.01527084644,78.23161792,0.01527084644,78.23161792
sst2-qqp,sst2,qqp,encoder.layer.2.intermediate.dense,3072,0.003474985926,84.40184333,0.003474985926,84.40184333
sst2-qqp,sst2,qqp,encoder.layer.2.output.dense,768,0.01308163766,76.67005969,0.01308163766,76.67005969
sst2-qqp,sst2,qqp,encoder.layer.3.attention.output.dense,768,0.013170052,79.40292606,0.013170052,79.40292606
sst2-qqp,sst2,qqp,encoder.layer.3.attention.self.key,768,0.01914431805,74.79740891,0.01914431805,74.79740891
sst2-qqp,sst2,qqp,encoder.layer.3.attention.self.query,768,0.01706858097,77.81353478,0.01706858097,77.81353478
sst2-qqp,sst2,qqp,encoder.layer.3.attention.self.value,768,0.01653697763,76.87840249,0.01653697763,76.87840249
sst2-qqp,sst2,qqp,encoder.layer.3.intermediate.dense,3072,0.003054970802,85.32555095,0.003054970802,85.32555095
sst2-qqp,sst2,qqp,encoder.layer.3.output.dense,768,0.01335263234,78.58939035,0.01335263234,78.58939035
sst2-qqp,sst2,qqp,encoder.layer.4.attention.output.dense,768,0.01082893575,79.32291574,0.01082893575,79.32291574
sst2-qqp,sst2,qqp,encoder.layer.4.attention.self.key,768,0.0206024636,74.90198279,0.0206024636,74.90198279
sst2-qqp,sst2,qqp,encoder.layer.4.attention.self.query,768,0.01884442217,76.77627513,0.01884442217,76.77627513
sst2-qqp,sst2,qqp,encoder.layer.4.attention.self.value,768,0.01267000354,79.72578063,0.01267000354,79.72578063
sst2-qqp,sst2,qqp,encoder.layer.4.intermediate.dense,3072,0.003008812338,84.81402983,0.003008812338,84.81402983
sst2-qqp,sst2,qqp,encoder.layer.4.output.dense,768,0.01874172598,77.85932968,0.01874172598,77.85932968
sst2-qqp,sst2,qqp,encoder.layer.5.attention.output.dense,768,0.0113360361,78.62019219,0.0113360361,78.62019219
sst2-qqp,sst2,qqp,encoder.layer.5.attention.self.key,768,0.02533609404,74.22434554,0.02533609404,74.22434554
sst2-qqp,sst2,qqp,encoder.layer.5.attention.self.query,768,0.0177026833,76.48153394,0.0177026833,76.48153394
sst2-qqp,sst2,qqp,encoder.layer.5.attention.self.value,768,0.01131006289,79.21848033,0.01131006289,79.21848033
sst2-qqp,sst2,qqp,encoder.layer.5.intermediate.dense,3072,0.002757277145,84.58447918,0.002757277145,84.58447918
sst2-qqp,sst2,qqp,encoder.layer.5.output.dense,768,0.01697514196,75.57880444,0.01697514196,75.57880444
sst2-qqp,sst2,qqp,encoder.layer.6.attention.output.dense,768,0.01367101311,78.21156754,0.01367101311,78.21156754
sst2-qqp,sst2,qqp,encoder.layer.6.attention.self.key,768,0.01416160415,78.63178139,0.01416160415,78.63178139
sst2-qqp,sst2,qqp,encoder.layer.6.attention.self.query,768,0.01498365346,78.01857478,0.01498365346,78.01857478
sst2-qqp,sst2,qqp,encoder.layer.6.attention.self.value,768,0.01805669775,75.46337449,0.01805669775,75.46337449
sst2-qqp,sst2,qqp,encoder.layer.6.intermediate.dense,3072,0.002958805698,84.66413804,0.002958805698,84.66413804
sst2-qqp,sst2,qqp,encoder.layer.6.output.dense,768,0.01417673716,76.18660834,0.01417673716,76.18660834
sst2-qqp,sst2,qqp,encoder.layer.7.attention.output.dense,768,0.0149826614,79.54027188,0.0149826614,79.54027188
sst2-qqp,sst2,qqp,encoder.layer.7.attention.self.key,768,0.02313826616,72.68282543,0.02313826616,72.68282543
sst2-qqp,sst2,qqp,encoder.layer.7.attention.self.query,768,0.02118307098,74.58667394,0.02118307098,74.58667394
sst2-qqp,sst2,qqp,encoder.layer.7.attention.self.value,768,0.01202737717,79.00518161,0.01202737717,79.00518161
sst2-qqp,sst2,qqp,encoder.layer.7.intermediate.dense,3072,0.00269410157,84.88455051,0.00269410157,84.88455051
sst2-qqp,sst2,qqp,encoder.layer.7.output.dense,768,0.02066657527,76.54512385,0.02066657527,76.54512385
sst2-qqp,sst2,qqp,encoder.layer.8.attention.output.dense,768,0.02006349237,74.74119745,0.02006349237,74.74119745
sst2-qqp,sst2,qqp,encoder.layer.8.attention.self.key,768,0.02301494647,75.0386058,0.02301494647,75.0386058
sst2-qqp,sst2,qqp,encoder.layer.8.attention.self.query,768,0.02513505212,72.89605243,0.02513505212,72.89605243
sst2-qqp,sst2,qqp,encoder.layer.8.attention.self.value,768,0.01127264942,79.0285326,0.01127264942,79.0285326
sst2-qqp,sst2,qqp,encoder.layer.8.intermediate.dense,3072,0.003146777961,84.86628808,0.003146777961,84.86628808
sst2-qqp,sst2,qqp,encoder.layer.8.output.dense,768,0.01812039804,76.5504134,0.01812039804,76.5504134
sst2-qqp,sst2,qqp,encoder.layer.9.attention.output.dense,768,0.02170818842,76.65470679,0.02170818842,76.65470679
sst2-qqp,sst2,qqp,encoder.layer.9.attention.self.key,768,0.0242801613,75.9593111,0.0242801613,75.9593111
sst2-qqp,sst2,qqp,encoder.layer.9.attention.self.query,768,0.01846567061,76.98344659,0.01846567061,76.98344659
sst2-qqp,sst2,qqp,encoder.layer.9.attention.self.value,768,0.01509135521,76.81095235,0.01509135521,76.81095235
sst2-qqp,sst2,qqp,encoder.layer.9.intermediate.dense,3072,0.002596113486,84.92302429,0.002596113486,84.92302429
sst2-qqp,sst2,qqp,encoder.layer.9.output.dense,768,0.01962362235,76.60907298,0.01962362235,76.60907298
sst2-qqp,sst2,qqp,pooler.dense,768,0.03044998059,71.32011143,0.03044998059,71.32011143
sst2-mnli,sst2,mnli,encoder.layer.0.attention.output.dense,768,0.0150163896,76.07925265,0.0150163896,76.07925265
sst2-mnli,sst2,mnli,encoder.layer.0.attention.self.key,768,0.01984521299,73.23256013,0.01984521299,73.23256013
sst2-mnli,sst2,mnli,encoder.layer.0.attention.self.query,768,0.02332404973,73.73784293,0.02332404973,73.73784293
sst2-mnli,sst2,mnli,encoder.layer.0.attention.self.value,768,0.01692648046,73.10731649,0.01692648046,73.10731649
sst2-mnli,sst2,mnli,encoder.layer.0.intermediate.dense,3072,0.00286186922,85.00840747,0.00286186922,85.00840747
sst2-mnli,sst2,mnli,encoder.layer.0.output.dense,768,0.01416555953,78.88661574,0.01416555953,78.88661574
sst2-mnli,sst2,mnli,encoder.layer.1.attention.output.dense,768,0.01209106067,78.32678558,0.01209106067,78.32678558
sst2-mnli,sst2,mnli,encoder.layer.1.attention.self.key,768,0.01537646803,76.86345175,0.01537646803,76.86345175
sst2-mnli,sst2,mnli,encoder.layer.1.attention.self.query,768,0.01467620889,77.90580991,0.01467620889,77.90580991
sst2-mnli,sst2,mnli,encoder.layer.1.attention.self.value,768,0.01629563297,74.58669734,0.01629563297,74.58669734
sst2-mnli,sst2,mnli,encoder.layer.1.intermediate.dense,3072,0.003211596812,84.38902624,0.003211596812,84.38902624
sst2-mnli,sst2,mnli,encoder.layer.1.output.dense,768,0.01114820288,79.60233397,0.01114820288,79.60233397
sst2-mnli,sst2,mnli,encoder.layer.10.attention.output.dense,768,0.01549058849,78.76030699,0.01549058849,78.76030699
sst2-mnli,sst2,mnli,encoder.layer.10.attention.self.key,768,0.01549889121,77.39469137,0.01549889121,77.39469137
sst2-mnli,sst2,mnli,encoder.layer.10.attention.self.query,768,0.02335676242,74.11190475,0.02335676242,74.11190475
sst2-mnli,sst2,mnli,encoder.layer.10.attention.self.value,768,0.01832359047,77.19281352,0.01832359047,77.19281352
sst2-mnli,sst2,mnli,encoder.layer.10.intermediate.dense,3072,0.003164685506,84.42172906,0.003164685506,84.42172906
sst2-mnli,sst2,mnli,encoder.layer.10.output.dense,768,0.01688593581,75.65426359,0.01688593581,75.65426359
sst2-mnli,sst2,mnli,encoder.layer.11.attention.output.dense,768,0.03013846651,70.47791417,0.03013846651,70.47791417
sst2-mnli,sst2,mnli,encoder.layer.11.attention.self.key,768,0.02097983179,75.36361124,0.02097983179,75.36361124
sst2-mnli,sst2,mnli,encoder.layer.11.attention.self.query,768,0.02529184907,73.39588772,0.02529184907,73.39588772
sst2-mnli,sst2,mnli,encoder.layer.11.attention.self.value,768,0.03065612889,68.3110273,0.03065612889,68.3110273
sst2-mnli,sst2,mnli,encoder.layer.11.intermediate.dense,3072,0.009232779871,78.05280391,0.009232779871,78.05280391
sst2-mnli,sst2,mnli,encoder.layer.11.output.dense,768,0.027416842,68.74406598,0.027416842,68.74406598
sst2-mnli,sst2,mnli,encoder.layer.2.attention.output.dense,768,0.01156579629,79.82242663,0.01156579629,79.82242663
sst2-mnli,sst2,mnli,encoder.layer.2.attention.self.key,768,0.0121264784,79.39049948,0.0121264784,79.39049948
sst2-mnli,sst2,mnli,encoder.layer.2.attention.self.query,768,0.01808478914,76.30733198,0.01808478914,76.30733198
sst2-mnli,sst2,mnli,encoder.layer.2.attention.self.value,768,0.01623238608,75.44322645,0.01623238608,75.44322645
sst2-mnli,sst2,mnli,encoder.layer.2.intermediate.dense,3072,0.003022617973,84.63782322,0.003022617973,84.63782322
sst2-mnli,sst2,mnli,encoder.layer.2.output.dense,768,0.01052679492,79.57229455,0.01052679492,79.57229455
sst2-mnli,sst2,mnli,encoder.layer.3.attention.output.dense,768,0.01373654483,78.91921213,0.01373654483,78.91921213
sst2-mnli,sst2,mnli,encoder.layer.3.attention.self.key,768,0.01475135711,77.41122659,0.01475135711,77.41122659
sst2-mnli,sst2,mnli,encoder.layer.3.attention.self.query,768,0.01014992887,79.39322949,0.01014992887,79.39322949
sst2-mnli,sst2,mnli,encoder.layer.3.attention.self.value,768,0.01290453197,78.82286523,0.01290453197,78.82286523
sst2-mnli,sst2,mnli,encoder.layer.3.intermediate.dense,3072,0.003446585054,84.30370732,0.003446585054,84.30370732
sst2-mnli,sst2,mnli,encoder.layer.3.output.dense,768,0.00984249626,79.84252035,0.00984249626,79.84252035
sst2-mnli,sst2,mnli,encoder.layer.4.attention.output.dense,768,0.008734680381,79.26926821,0.008734680381,79.26926821
sst2-mnli,sst2,mnli,encoder.layer.4.attention.self.key,768,0.01417567475,78.25304679,0.01417567475,78.25304679
sst2-mnli,sst2,mnli,encoder.layer.4.attention.self.query,768,0.01833602326,76.99837095,0.01833602326,76.99837095
sst2-mnli,sst2,mnli,encoder.layer.4.attention.self.value,768,0.01585955375,78.24211906,0.01585955375,78.24211906
sst2-mnli,sst2,mnli,encoder.layer.4.intermediate.dense,3072,0.003109441793,84.03046712,0.003109441793,84.03046712
sst2-mnli,sst2,mnli,encoder.layer.4.output.dense,768,0.01596087693,77.51000101,0.01596087693,77.51000101
sst2-mnli,sst2,mnli,encoder.layer.5.attention.output.dense,768,0.01048159373,78.38385039,0.01048159373,78.38385039
sst2-mnli,sst2,mnli,encoder.layer.5.attention.self.key,768,0.01012860221,80.3720246,0.01012860221,80.3720246
sst2-mnli,sst2,mnli,encoder.layer.5.attention.self.query,768,0.01588833675,78.18801582,0.01588833675,78.18801582
sst2-mnli,sst2,mnli,encoder.layer.5.attention.self.value,768,0.01612030819,77.59234708,0.01612030819,77.59234708
sst2-mnli,sst2,mnli,encoder.layer.5.intermediate.dense,3072,0.002853087793,84.7006828,0.002853087793,84.7006828
sst2-mnli,sst2,mnli,encoder.layer.5.output.dense,768,0.01344126506,78.03777094,0.01344126506,78.03777094
sst2-mnli,sst2,mnli,encoder.layer.6.attention.output.dense,768,0.01558721802,76.96312162,0.01558721802,76.96312162
sst2-mnli,sst2,mnli,encoder.layer.6.attention.self.key,768,0.01426206601,77.83478535,0.01426206601,77.83478535
sst2-mnli,sst2,mnli,encoder.layer.6.attention.self.query,768,0.01480891669,76.517441,0.01480891669,76.517441
sst2-mnli,sst2,mnli,encoder.layer.6.attention.self.value,768,0.0162504744,77.61099199,0.0162504744,77.61099199
sst2-mnli,sst2,mnli,encoder.layer.6.intermediate.dense,3072,0.002613074424,84.5914112,0.002613074424,84.5914112
sst2-mnli,sst2,mnli,encoder.layer.6.output.dense,768,0.01139373806,79.36134556,0.01139373806,79.36134556
sst2-mnli,sst2,mnli,encoder.layer.7.attention.output.dense,768,0.01854438029,77.43662008,0.01854438029,77.43662008
sst2-mnli,sst2,mnli,encoder.layer.7.attention.self.key,768,0.01014561058,79.93948038,0.01014561058,79.93948038
sst2-mnli,sst2,mnli,encoder.layer.7.attention.self.query,768,0.01918473871,77.04820671,0.01918473871,77.04820671
sst2-mnli,sst2,mnli,encoder.layer.7.attention.self.value,768,0.01206693766,79.61553334,0.01206693766,79.61553334
sst2-mnli,sst2,mnli,encoder.layer.7.intermediate.dense,3072,0.003429961808,84.27795472,0.003429961808,84.27795472
sst2-mnli,sst2,mnli,encoder.layer.7.output.dense,768,0.01625918791,76.62757426,0.01625918791,76.62757426
sst2-mnli,sst2,mnli,encoder.layer.8.attention.output.dense,768,0.01631127882,74.60197628,0.01631127882,74.60197628
sst2-mnli,sst2,mnli,encoder.layer.8.attention.self.key,768,0.0161031507,76.13583961,0.0161031507,76.13583961
sst2-mnli,sst2,mnli,encoder.layer.8.attention.self.query,768,0.01836924767,76.57432306,0.01836924767,76.57432306
sst2-mnli,sst2,mnli,encoder.layer.8.attention.self.value,768,0.01155290409,78.81797034,0.01155290409,78.81797034
sst2-mnli,sst2,mnli,encoder.layer.8.intermediate.dense,3072,0.002972945661,84.69056927,0.002972945661,84.69056927
sst2-mnli,sst2,mnli,encoder.layer.8.output.dense,768,0.0120770644,79.24269209,0.0120770644,79.24269209
sst2-mnli,sst2,mnli,encoder.layer.9.attention.output.dense,768,0.01502314752,78.86857534,0.01502314752,78.86857534
sst2-mnli,sst2,mnli,encoder.layer.9.attention.self.key,768,0.01944883869,74.18453325,0.01944883869,74.18453325
sst2-mnli,sst2,mnli,encoder.layer.9.attention.self.query,768,0.01537454067,78.10937117,0.01537454067,78.10937117
sst2-mnli,sst2,mnli,encoder.layer.9.attention.self.value,768,0.01316832659,79.06945051,0.01316832659,79.06945051
sst2-mnli,sst2,mnli,encoder.layer.9.intermediate.dense,3072,0.003625127666,83.88362287,0.003625127666,83.88362287
sst2-mnli,sst2,mnli,encoder.layer.9.output.dense,768,0.01208222294,79.17814222,0.01208222294,79.17814222
sst2-mnli,sst2,mnli,pooler.dense,768,0.03765976214,65.84419968,0.03765976214,65.84419968
sst2-qnli,sst2,qnli,encoder.layer.0.attention.output.dense,768,0.01089596304,78.58608954,0.01089596304,78.58608954
sst2-qnli,sst2,qnli,encoder.layer.0.attention.self.key,768,0.02660122451,70.57236011,0.02660122451,70.57236011
sst2-qnli,sst2,qnli,encoder.layer.0.attention.self.query,768,0.02784171874,73.20638086,0.02784171874,73.20638086
sst2-qnli,sst2,qnli,encoder.layer.0.attention.self.value,768,0.01794932683,75.06702326,0.01794932683,75.06702326
sst2-qnli,sst2,qnli,encoder.layer.0.intermediate.dense,3072,0.002581806023,85.1273128,0.002581806023,85.1273128
sst2-qnli,sst2,qnli,encoder.layer.0.output.dense,768,0.01308186493,79.09108459,0.01308186493,79.09108459
sst2-qnli,sst2,qnli,encoder.layer.1.attention.output.dense,768,0.01350866943,78.70190906,0.01350866943,78.70190906
sst2-qnli,sst2,qnli,encoder.layer.1.attention.self.key,768,0.01892275168,77.99174531,0.01892275168,77.99174531
sst2-qnli,sst2,qnli,encoder.layer.1.attention.self.query,768,0.03805179485,71.49476771,0.03805179485,71.49476771
sst2-qnli,sst2,qnli,encoder.layer.1.attention.self.value,768,0.02043906335,75.04285288,0.02043906335,75.04285288
sst2-qnli,sst2,qnli,encoder.layer.1.intermediate.dense,3072,0.002929741653,84.59543092,0.002929741653,84.59543092
sst2-qnli,sst2,qnli,encoder.layer.1.output.dense,768,0.01444978713,77.94358032,0.01444978713,77.94358032
sst2-qnli,sst2,qnli,encoder.layer.10.attention.output.dense,768,0.02847185488,73.10711703,0.02847185488,73.10711703
sst2-qnli,sst2,qnli,encoder.layer.10.attention.self.key,768,0.02167624812,74.28829837,0.02167624812,74.28829837
sst2-qnli,sst2,qnli,encoder.layer.10.attention.self.query,768,0.02499274965,74.89797025,0.02499274965,74.89797025
sst2-qnli,sst2,qnli,encoder.layer.10.attention.self.value,768,0.01953324322,74.49405099,0.01953324322,74.49405099
sst2-qnli,sst2,qnli,encoder.layer.10.intermediate.dense,3072,0.003852766678,84.20953384,0.003852766678,84.20953384
sst2-qnli,sst2,qnli,encoder.layer.10.output.dense,768,0.02043861366,74.66853765,0.02043861366,74.66853765
sst2-qnli,sst2,qnli,encoder.layer.11.attention.output.dense,768,0.06300730431,64.45881168,0.06300730431,64.45881168
sst2-qnli,sst2,qnli,encoder.layer.11.attention.self.key,768,0.02223023525,73.35741735,0.02223023525,73.35741735
sst2-qnli,sst2,qnli,encoder.layer.11.attention.self.query,768,0.01942816137,76.81564208,0.01942816137,76.81564208
sst2-qnli,sst2,qnli,encoder.layer.11.attention.self.value,768,0.02652298288,74.09797855,0.02652298288,74.09797855
sst2-qnli,sst2,qnli,encoder.layer.11.intermediate.dense,3072,0.006788188945,78.90582186,0.006788188945,78.90582186
sst2-qnli,sst2,qnli,encoder.layer.11.output.dense,768,0.05375050062,58.19426867,0.05375050062,58.19426867
sst2-qnli,sst2,qnli,encoder.layer.2.attention.output.dense,768,0.01418060269,77.50257827,0.01418060269,77.50257827
sst2-qnli,sst2,qnli,encoder.layer.2.attention.self.key,768,0.02165646681,76.14175116,0.02165646681,76.14175116
sst2-qnli,sst2,qnli,encoder.layer.2.attention.self.query,768,0.02498570336,71.44929511,0.02498570336,71.44929511
sst2-qnli,sst2,qnli,encoder.layer.2.attention.self.value,768,0.0193495882,76.85769379,0.0193495882,76.85769379
sst2-qnli,sst2,qnli,encoder.layer.2.intermediate.dense,3072,0.003988554138,83.80115961,0.003988554138,83.80115961
sst2-qnli,sst2,qnli,encoder.layer.2.output.dense,768,0.01484972336,77.66805577,0.01484972336,77.66805577
sst2-qnli,sst2,qnli,encoder.layer.3.attention.output.dense,768,0.01292619164,79.82242457,0.01292619164,79.82242457
sst2-qnli,sst2,qnli,encoder.layer.3.attention.self.key,768,0.02063104578,74.93826375,0.02063104578,74.93826375
sst2-qnli,sst2,qnli,encoder.layer.3.attention.self.query,768,0.02079567702,75.69098179,0.02079567702,75.69098179
sst2-qnli,sst2,qnli,encoder.layer.3.attention.self.value,768,0.01393572258,76.79977413,0.01393572258,76.79977413
sst2-qnli,sst2,qnli,encoder.layer.3.intermediate.dense,3072,0.001908711089,84.66491269,0.001908711089,84.66491269
sst2-qnli,sst2,qnli,encoder.layer.3.output.dense,768,0.01359635209,77.48200669,0.01359635209,77.48200669
sst2-qnli,sst2,qnli,encoder.layer.4.attention.output.dense,768,0.01494746035,77.54593411,0.01494746035,77.54593411
sst2-qnli,sst2,qnli,encoder.layer.4.attention.self.key,768,0.02310009895,74.87749289,0.02310009895,74.87749289
sst2-qnli,sst2,qnli,encoder.layer.4.attention.self.query,768,0.02683194448,74.57030403,0.02683194448,74.57030403
sst2-qnli,sst2,qnli,encoder.layer.4.attention.self.value,768,0.0167486362,77.44322165,0.0167486362,77.44322165
sst2-qnli,sst2,qnli,encoder.layer.4.intermediate.dense,3072,0.003679293482,84.13466418,0.003679293482,84.13466418
sst2-qnli,sst2,qnli,encoder.layer.4.output.dense,768,0.02027935548,74.73497384,0.02027935548,74.73497384
sst2-qnli,sst2,qnli,encoder.layer.5.attention.output.dense,768,0.01572855625,76.78782234,0.01572855625,76.78782234
sst2-qnli,sst2,qnli,encoder.layer.5.attention.self.key,768,0.01829674602,76.41433311,0.01829674602,76.41433311
sst2-qnli,sst2,qnli,encoder.layer.5.attention.self.query,768,0.02718977612,68.86620673,0.02718977612,68.86620673
sst2-qnli,sst2,qnli,encoder.layer.5.attention.self.value,768,0.0138063702,78.80607426,0.0138063702,78.80607426
sst2-qnli,sst2,qnli,encoder.layer.5.intermediate.dense,3072,0.001933736784,85.46214052,0.001933736784,85.46214052
sst2-qnli,sst2,qnli,encoder.layer.5.output.dense,768,0.01057134473,79.33146468,0.01057134473,79.33146468
sst2-qnli,sst2,qnli,encoder.layer.6.attention.output.dense,768,0.01674869486,78.13381041,0.01674869486,78.13381041
sst2-qnli,sst2,qnli,encoder.layer.6.attention.self.key,768,0.02653923984,74.55360996,0.02653923984,74.55360996
sst2-qnli,sst2,qnli,encoder.layer.6.attention.self.query,768,0.01835220904,75.27170461,0.01835220904,75.27170461
sst2-qnli,sst2,qnli,encoder.layer.6.attention.self.value,768,0.01256893871,77.41526763,0.01256893871,77.41526763
sst2-qnli,sst2,qnli,encoder.layer.6.intermediate.dense,3072,0.002602403686,84.85568582,0.002602403686,84.85568582
sst2-qnli,sst2,qnli,encoder.layer.6.output.dense,768,0.01653600731,77.46934782,0.01653600731,77.46934782
sst2-qnli,sst2,qnli,encoder.layer.7.attention.output.dense,768,0.01778921112,76.44444649,0.01778921112,76.44444649
sst2-qnli,sst2,qnli,encoder.layer.7.attention.self.key,768,0.02294292549,74.53214739,0.02294292549,74.53214739
sst2-qnli,sst2,qnli,encoder.layer.7.attention.self.query,768,0.02475690773,76.04875094,0.02475690773,76.04875094
sst2-qnli,sst2,qnli,encoder.layer.7.attention.self.value,768,0.01531289542,77.95504298,0.01531289542,77.95504298
sst2-qnli,sst2,qnli,encoder.layer.7.intermediate.dense,3072,0.003363349485,84.3197226,0.003363349485,84.3197226
sst2-qnli,sst2,qnli,encoder.layer.7.output.dense,768,0.02699899482,72.73571614,0.02699899482,72.73571614
sst2-qnli,sst2,qnli,encoder.layer.8.attention.output.dense,768,0.01933274669,76.5076049,0.01933274669,76.5076049
sst2-qnli,sst2,qnli,encoder.layer.8.attention.self.key,768,0.01821876642,76.03106342,0.01821876642,76.03106342
sst2-qnli,sst2,qnli,encoder.layer.8.attention.self.query,768,0.01818394068,74.95361172,0.01818394068,74.95361172
sst2-qnli,sst2,qnli,encoder.layer.8.attention.self.value,768,0.01590245508,77.23649897,0.01590245508,77.23649897
sst2-qnli,sst2,qnli,encoder.layer.8.intermediate.dense,3072,0.002737223922,84.71997973,0.002737223922,84.71997973
sst2-qnli,sst2,qnli,encoder.layer.8.output.dense,768,0.02315637221,72.7154827,0.02315637221,72.7154827
sst2-qnli,sst2,qnli,encoder.layer.9.attention.output.dense,768,0.01795972444,77.20058783,0.01795972444,77.20058783
sst2-qnli,sst2,qnli,encoder.layer.9.attention.self.key,768,0.01984085302,76.18445662,0.01984085302,76.18445662
sst2-qnli,sst2,qnli,encoder.layer.9.attention.self.query,768,0.01940498093,75.99355729,0.01940498093,75.99355729
sst2-qnli,sst2,qnli,encoder.layer.9.attention.self.value,768,0.01272223948,79.6250408,0.01272223948,79.6250408
sst2-qnli,sst2,qnli,encoder.layer.9.intermediate.dense,3072,0.002895467254,83.92247176,0.002895467254,83.92247176
sst2-qnli,sst2,qnli,encoder.layer.9.output.dense,768,0.015085327,78.11473621,0.015085327,78.11473621
sst2-qnli,sst2,qnli,pooler.dense,768,0.01795554853,75.30709094,0.01795554853,75.30709094
sst2-rte,sst2,rte,encoder.layer.0.attention.output.dense,768,0.01210343569,79.90115659,0.01210343569,79.90115659
sst2-rte,sst2,rte,encoder.layer.0.attention.self.key,768,0.02150784237,74.61549842,0.02150784237,74.61549842
sst2-rte,sst2,rte,encoder.layer.0.attention.self.query,768,0.02458358367,75.00054891,0.02458358367,75.00054891
sst2-rte,sst2,rte,encoder.layer.0.attention.self.value,768,0.02070198831,76.20023269,0.02070198831,76.20023269
sst2-rte,sst2,rte,encoder.layer.0.intermediate.dense,3072,0.00308498481,84.05419195,0.00308498481,84.05419195
sst2-rte,sst2,rte,encoder.layer.0.output.dense,768,0.01576044041,76.43394085,0.01576044041,76.43394085
sst2-rte,sst2,rte,encoder.layer.1.attention.output.dense,768,0.01228925034,78.97448919,0.01228925034,78.97448919
sst2-rte,sst2,rte,encoder.layer.1.attention.self.key,768,0.01525382792,78.10894523,0.01525382792,78.10894523
sst2-rte,sst2,rte,encoder.layer.1.attention.self.query,768,0.02566488678,74.2822916,0.02566488678,74.2822916
sst2-rte,sst2,rte,encoder.layer.1.attention.self.value,768,0.01673203596,77.07105811,0.01673203596,77.07105811
sst2-rte,sst2,rte,encoder.layer.1.intermediate.dense,3072,0.002812544441,84.53726477,0.002812544441,84.53726477
sst2-rte,sst2,rte,encoder.layer.1.output.dense,768,0.01205485119,77.76131612,0.01205485119,77.76131612
sst2-rte,sst2,rte,encoder.layer.10.attention.output.dense,768,0.03051925093,71.63167087,0.03051925093,71.63167087
sst2-rte,sst2,rte,encoder.layer.10.attention.self.key,768,0.03085193631,70.79784923,0.03085193631,70.79784923
sst2-rte,sst2,rte,encoder.layer.10.attention.self.query,768,0.02728550069,73.19085292,0.02728550069,73.19085292
sst2-rte,sst2,rte,encoder.layer.10.attention.self.value,768,0.02289298475,72.40926076,0.02289298475,72.40926076
sst2-rte,sst2,rte,encoder.layer.10.intermediate.dense,3072,0.003199088869,84.29355555,0.003199088869,84.29355555
sst2-rte,sst2,rte,encoder.layer.10.output.dense,768,0.02364254866,74.23705963,0.02364254866,74.23705963
sst2-rte,sst2,rte,encoder.layer.11.attention.output.dense,768,0.05950439367,64.03759923,0.05950439367,64.03759923
sst2-rte,sst2,rte,encoder.layer.11.attention.self.key,768,0.01422504608,77.66154028,0.01422504608,77.66154028
sst2-rte,sst2,rte,encoder.layer.11.attention.self.query,768,0.02005034716,75.49173051,0.02005034716,75.49173051
sst2-rte,sst2,rte,encoder.layer.11.attention.self.value,768,0.01908617831,74.48532458,0.01908617831,74.48532458
sst2-rte,sst2,rte,encoder.layer.11.intermediate.dense,3072,0.004686650264,82.78895563,0.004686650264,82.78895563
sst2-rte,sst2,rte,encoder.layer.11.output.dense,768,0.07503553095,54.80730308,0.07503553095,54.80730308
sst2-rte,sst2,rte,encoder.layer.2.attention.output.dense,768,0.01371583203,78.26076284,0.01371583203,78.26076284
sst2-rte,sst2,rte,encoder.layer.2.attention.self.key,768,0.02334365887,74.55759481,0.02334365887,74.55759481
sst2-rte,sst2,rte,encoder.layer.2.attention.self.query,768,0.02262032651,76.46567465,0.02262032651,76.46567465
sst2-rte,sst2,rte,encoder.layer.2.attention.self.value,768,0.01922395382,75.20986433,0.01922395382,75.20986433
sst2-rte,sst2,rte,encoder.layer.2.intermediate.dense,3072,0.002313084856,85.59909695,0.002313084856,85.59909695
sst2-rte,sst2,rte,encoder.layer.2.output.dense,768,0.01576369497,77.09141006,0.01576369497,77.09141006
sst2-rte,sst2,rte,encoder.layer.3.attention.output.dense,768,0.01486150374,76.78021847,0.01486150374,76.78021847
sst2-rte,sst2,rte,encoder.layer.3.attention.self.key,768,0.01678940877,75.20599056,0.01678940877,75.20599056
sst2-rte,sst2,rte,encoder.layer.3.attention.self.query,768,0.0186358625,76.92484917,0.0186358625,76.92484917
sst2-rte,sst2,rte,encoder.layer.3.attention.self.value,768,0.01859751341,76.01314354,0.01859751341,76.01314354
sst2-rte,sst2,rte,encoder.layer.3.intermediate.dense,3072,0.002918377122,84.43214753,0.002918377122,84.43214753
sst2-rte,sst2,rte,encoder.layer.3.output.dense,768,0.01607306848,76.72430926,0.01607306848,76.72430926
sst2-rte,sst2,rte,encoder.layer.4.attention.output.dense,768,0.01471910026,78.64312245,0.01471910026,78.64312245
sst2-rte,sst2,rte,encoder.layer.4.attention.self.key,768,0.01690149423,77.90712732,0.01690149423,77.90712732
sst2-rte,sst2,rte,encoder.layer.4.attention.self.query,768,0.02445093794,74.55338013,0.02445093794,74.55338013
sst2-rte,sst2,rte,encoder.layer.4.attention.self.value,768,0.01263668865,78.99747359,0.01263668865,78.99747359
sst2-rte,sst2,rte,encoder.layer.4.intermediate.dense,3072,0.003368203053,84.39473574,0.003368203053,84.39473574
sst2-rte,sst2,rte,encoder.layer.4.output.dense,768,0.02526425103,72.45509016,0.02526425103,72.45509016
sst2-rte,sst2,rte,encoder.layer.5.attention.output.dense,768,0.01608099066,78.01925288,0.01608099066,78.01925288
sst2-rte,sst2,rte,encoder.layer.5.attention.self.key,768,0.01517143178,77.15521918,0.01517143178,77.15521918
sst2-rte,sst2,rte,encoder.layer.5.attention.self.query,768,0.02084005481,75.21690994,0.02084005481,75.21690994
sst2-rte,sst2,rte,encoder.layer.5.attention.self.value,768,0.01854604947,74.91369654,0.01854604947,74.91369654
sst2-rte,sst2,rte,encoder.layer.5.intermediate.dense,3072,0.003227280004,84.04171984,0.003227280004,84.04171984
sst2-rte,sst2,rte,encoder.layer.5.output.dense,768,0.01990426818,75.01752209,0.01990426818,75.01752209
sst2-rte,sst2,rte,encoder.layer.6.attention.output.dense,768,0.02015536191,75.29494387,0.02015536191,75.29494387
sst2-rte,sst2,rte,encoder.layer.6.attention.self.key,768,0.03088055802,69.61368111,0.03088055802,69.61368111
sst2-rte,sst2,rte,encoder.layer.6.attention.self.query,768,0.0145402635,78.05338608,0.0145402635,78.05338608
sst2-rte,sst2,rte,encoder.layer.6.attention.self.value,768,0.01468553102,77.92103608,0.01468553102,77.92103608
sst2-rte,sst2,rte,encoder.layer.6.intermediate.dense,3072,0.0018608672,85.79492631,0.0018608672,85.79492631
sst2-rte,sst2,rte,encoder.layer.6.output.dense,768,0.0156415937,78.59486625,0.0156415937,78.59486625
sst2-rte,sst2,rte,encoder.layer.7.attention.output.dense,768,0.01383865187,78.28671803,0.01383865187,78.28671803
sst2-rte,sst2,rte,encoder.layer.7.attention.self.key,768,0.0156989812,76.77820922,0.0156989812,76.77820922
sst2-rte,sst2,rte,encoder.layer.7.attention.self.query,768,0.01720293125,75.97353607,0.01720293125,75.97353607
sst2-rte,sst2,rte,encoder.layer.7.attention.self.value,768,0.02158836639,75.09617781,0.02158836639,75.09617781
sst2-rte,sst2,rte,encoder.layer.7.intermediate.dense,3072,0.002215634793,85.00735051,0.002215634793,85.00735051
sst2-rte,sst2,rte,encoder.layer.7.output.dense,768,0.02498028089,73.73802641,0.02498028089,73.73802641
sst2-rte,sst2,rte,encoder.layer.8.attention.output.dense,768,0.01949665139,73.98700666,0.01949665139,73.98700666
sst2-rte,sst2,rte,encoder.layer.8.attention.self.key,768,0.01981112492,76.07114975,0.01981112492,76.07114975
sst2-rte,sst2,rte,encoder.layer.8.attention.self.query,768,0.02510559982,74.95537278,0.02510559982,74.95537278
sst2-rte,sst2,rte,encoder.layer.8.attention.self.value,768,0.01868684028,75.05656332,0.01868684028,75.05656332
sst2-rte,sst2,rte,encoder.layer.8.intermediate.dense,3072,0.003574463233,84.04610482,0.003574463233,84.04610482
sst2-rte,sst2,rte,encoder.layer.8.output.dense,768,0.03048624137,71.87955785,0.03048624137,71.87955785
sst2-rte,sst2,rte,encoder.layer.9.attention.output.dense,768,0.01990133444,75.6771865,0.01990133444,75.6771865
sst2-rte,sst2,rte,encoder.layer.9.attention.self.key,768,0.02890642194,73.06845634,0.02890642194,73.06845634
sst2-rte,sst2,rte,encoder.layer.9.attention.self.query,768,0.03582240358,73.19941454,0.03582240358,73.19941454
sst2-rte,sst2,rte,encoder.layer.9.attention.self.value,768,0.01937168764,75.60814298,0.01937168764,75.60814298
sst2-rte,sst2,rte,encoder.layer.9.intermediate.dense,3072,0.002445651798,84.78394815,0.002445651798,84.78394815
sst2-rte,sst2,rte,encoder.layer.9.output.dense,768,0.02834996416,72.61281266,0.02834996416,72.61281266
sst2-rte,sst2,rte,pooler.dense,768,0.01414609366,78.76399683,0.01414609366,78.76399683
mrpc-qqp,mrpc,qqp,encoder.layer.0.attention.output.dense,768,0.01889279526,75.31589513,0.01889279526,75.31589513
mrpc-qqp,mrpc,qqp,encoder.layer.0.attention.self.key,768,0.02466230687,73.70101836,0.02466230687,73.70101836
mrpc-qqp,mrpc,qqp,encoder.layer.0.attention.self.query,768,0.02809768134,73.42542301,0.02809768134,73.42542301
mrpc-qqp,mrpc,qqp,encoder.layer.0.attention.self.value,768,0.03658245472,70.32701974,0.03658245472,70.32701974
mrpc-qqp,mrpc,qqp,encoder.layer.0.intermediate.dense,3072,0.00272936457,84.72630797,0.00272936457,84.72630797
mrpc-qqp,mrpc,qqp,encoder.layer.0.output.dense,768,0.02984680999,71.99526607,0.02984680999,71.99526607
mrpc-qqp,mrpc,qqp,encoder.layer.1.attention.output.dense,768,0.0133855865,79.56628558,0.0133855865,79.56628558
mrpc-qqp,mrpc,qqp,encoder.layer.1.attention.self.key,768,0.02262328952,73.87908398,0.02262328952,73.87908398
mrpc-qqp,mrpc,qqp,encoder.layer.1.attention.self.query,768,0.02163458364,75.77724355,0.02163458364,75.77724355
mrpc-qqp,mrpc,qqp,encoder.layer.1.attention.self.value,768,0.01283790744,78.08906192,0.01283790744,78.08906192
mrpc-qqp,mrpc,qqp,encoder.layer.1.intermediate.dense,3072,0.002493921313,85.29633498,0.002493921313,85.29633498
mrpc-qqp,mrpc,qqp,encoder.layer.1.output.dense,768,0.02496250352,74.5303721,0.02496250352,74.5303721
mrpc-qqp,mrpc,qqp,encoder.layer.10.attention.output.dense,768,0.03505135989,70.833537,0.03505135989,70.833537
mrpc-qqp,mrpc,qqp,encoder.layer.10.attention.self.key,768,0.01751870314,75.3333525,0.01751870314,75.3333525
mrpc-qqp,mrpc,qqp,encoder.layer.10.attention.self.query,768,0.017343036,76.97041159,0.017343036,76.97041159
mrpc-qqp,mrpc,qqp,encoder.layer.10.attention.self.value,768,0.03040424212,73.64202929,0.03040424212,73.64202929
mrpc-qqp,mrpc,qqp,encoder.layer.10.intermediate.dense,3072,0.003761268588,83.91403441,0.003761268588,83.91403441
mrpc-qqp,mrpc,qqp,encoder.layer.10.output.dense,768,0.04030754065,65.79564361,0.04030754065,65.79564361
mrpc-qqp,mrpc,qqp,encoder.layer.11.attention.output.dense,768,0.04335910054,66.94179613,0.04335910054,66.94179613
mrpc-qqp,mrpc,qqp,encoder.layer.11.attention.self.key,768,0.02655140433,73.55616925,0.02655140433,73.55616925
mrpc-qqp,mrpc,qqp,encoder.layer.11.attention.self.query,768,0.02098100226,74.84269902,0.02098100226,74.84269902
mrpc-qqp,mrpc,qqp,encoder.layer.11.attention.self.value,768,0.02861636373,73.47794503,0.02861636373,73.47794503
mrpc-qqp,mrpc,qqp,encoder.layer.11.intermediate.dense,3072,0.007738023389,78.91578389,0.007738023389,78.91578389
mrpc-qqp,mrpc,qqp,encoder.layer.11.output.dense,768,0.03649537354,68.93356223,0.03649537354,68.93356223
mrpc-qqp,mrpc,qqp,encoder.layer.2.attention.output.dense,768,0.01760722815,75.89583598,0.01760722815,75.89583598
mrpc-qqp,mrpc,qqp,encoder.layer.2.attention.self.key,768,0.02137049515,75.7373854,0.02137049515,75.7373854
mrpc-qqp,mrpc,qqp,encoder.layer.2.attention.self.query,768,0.0173396304,76.88761582,0.0173396304,76.88761582
mrpc-qqp,mrpc,qqp,encoder.layer.2.attention.self.value,768,0.02060446657,73.92913415,0.02060446657,73.92913415
mrpc-qqp,mrpc,qqp,encoder.layer.2.intermediate.dense,3072,0.002487668394,84.65356262,0.002487668394,84.65356262
mrpc-qqp,mrpc,qqp,encoder.layer.2.output.dense,768,0.02358194915,73.79533781,0.02358194915,73.79533781
mrpc-qqp,mrpc,qqp,encoder.layer.3.attention.output.dense,768,0.02037611003,75.99505848,0.02037611003,75.99505848
mrpc-qqp,mrpc,qqp,encoder.layer.3.attention.self.key,768,0.01721505543,76.55816618,0.01721505543,76.55816618
mrpc-qqp,mrpc,qqp,encoder.layer.3.attention.self.query,768,0.0238786198,73.80740163,0.0238786198,73.80740163
mrpc-qqp,mrpc,qqp,encoder.layer.3.attention.self.value,768,0.01501098743,77.94348573,0.01501098743,77.94348573
mrpc-qqp,mrpc,qqp,encoder.layer.3.intermediate.dense,3072,0.002661785782,84.41356409,0.002661785782,84.41356409
mrpc-qqp,mrpc,qqp,encoder.layer.3.output.dense,768,0.0339960124,69.97658682,0.0339960124,69.97658682
mrpc-qqp,mrpc,qqp,encoder.layer.4.attention.output.dense,768,0.02235194372,75.06531607,0.02235194372,75.06531607
mrpc-qqp,mrpc,qqp,encoder.layer.4.attention.self.key,768,0.01872226094,77.44877473,0.01872226094,77.44877473
mrpc-qqp,mrpc,qqp,encoder.layer.4.attention.self.query,768,0.02228368127,75.82644878,0.02228368127,75.82644878
mrpc-qqp,mrpc,qqp,encoder.layer.4.attention.self.value,768,0.02010213284,74.74997638,0.02010213284,74.74997638
mrpc-qqp,mrpc,qqp,encoder.layer.4.intermediate.dense,3072,0.003595378392,84.66564247,0.003595378392,84.66564247
mrpc-qqp,mrpc,qqp,encoder.layer.4.output.dense,768,0.01818533912,75.54473232,0.01818533912,75.54473232
mrpc-qqp,mrpc,qqp,encoder.layer.5.attention.output.dense,768,0.01730682392,76.26624533,0.01730682392,76.26624533
mrpc-qqp,mrpc,qqp,encoder.layer.5.attention.self.key,768,0.02570165188,73.36999326,0.02570165188,73.36999326
mrpc-qqp,mrpc,qqp,encoder.layer.5.attention.self.query,768,0.01923794461,74.95736851,0.01923794461,74.95736851
mrpc-qqp,mrpc,qqp,encoder.layer.5.attention.self.value,768,0.01620139524,77.0807715,0.01620139524,77.0807715
mrpc-qqp,mrpc,qqp,encoder.layer.5.intermediate.dense,3072,0.002842734183,84.27730325,0.002842734183,84.27730325
mrpc-qqp,mrpc,qqp,encoder.layer.5.output.dense,768,0.02442803949,75.59457019,0.02442803949,75.59457019
mrpc-qqp,mrpc,qqp,encoder.layer.6.attention.output.dense,768,0.0207666868,75.06590366,0.0207666868,75.06590366
mrpc-qqp,mrpc,qqp,encoder.layer.6.attention.self.key,768,0.02532797051,75.71187741,0.02532797051,75.71187741
mrpc-qqp,mrpc,qqp,encoder.layer.6.attention.self.query,768,0.02045257811,76.18241691,0.02045257811,76.18241691
mrpc-qqp,mrpc,qqp,encoder.layer.6.attention.self.value,768,0.0227158736,73.64582228,0.0227158736,73.64582228
mrpc-qqp,mrpc,qqp,encoder.layer.6.intermediate.dense,3072,0.002994704999,84.79940484,0.002994704999,84.79940484
mrpc-qqp,mrpc,qqp,encoder.layer.6.output.dense,768,0.02472030316,72.96846983,0.02472030316,72.96846983
mrpc-qqp,mrpc,qqp,encoder.layer.7.attention.output.dense,768,0.01950307294,76.67544713,0.01950307294,76.67544713
mrpc-qqp,mrpc,qqp,encoder.layer.7.attention.self.key,768,0.02147579998,75.11589804,0.02147579998,75.11589804
mrpc-qqp,mrpc,qqp,encoder.layer.7.attention.self.query,768,0.02141357162,76.68878956,0.02141357162,76.68878956
mrpc-qqp,mrpc,qqp,encoder.layer.7.attention.self.value,768,0.01611377144,78.85852704,0.01611377144,78.85852704
mrpc-qqp,mrpc,qqp,encoder.layer.7.intermediate.dense,3072,0.003063398538,84.41579397,0.003063398538,84.41579397
mrpc-qqp,mrpc,qqp,encoder.layer.7.output.dense,768,0.02229915552,73.8406601,0.02229915552,73.8406601
mrpc-qqp,mrpc,qqp,encoder.layer.8.attention.output.dense,768,0.02511429316,74.76067135,0.02511429316,74.76067135
mrpc-qqp,mrpc,qqp,encoder.layer.8.attention.self.key,768,0.01937813385,74.89070819,0.01937813385,74.89070819
mrpc-qqp,mrpc,qqp,encoder.layer.8.attention.self.query,768,0.03085885495,72.29429518,0.03085885495,72.29429518
mrpc-qqp,mrpc,qqp,encoder.layer.8.attention.self.value,768,0.02156854134,73.75070735,0.02156854134,73.75070735
mrpc-qqp,mrpc,qqp,encoder.layer.8.intermediate.dense,3072,0.002154697213,85.35869605,0.002154697213,85.35869605
mrpc-qqp,mrpc,qqp,encoder.layer.8.output.dense,768,0.02766471168,72.00564691,0.02766471168,72.00564691
mrpc-qqp,mrpc,qqp,encoder.layer.9.attention.output.dense,768,0.02085819346,74.04828284,0.02085819346,74.04828284
mrpc-qqp,mrpc,qqp,encoder.layer.9.attention.self.key,768,0.03557938216,72.07238732,0.03557938216,72.07238732
mrpc-qqp,mrpc,qqp,encoder.layer.9.attention.self.query,768,0.01886717723,76.66884199,0.01886717723,76.66884199
mrpc-qqp,mrpc,qqp,encoder.layer.9.attention.self.value,768,0.02139314145,74.35512522,0.02139314145,74.35512522
mrpc-qqp,mrpc,qqp,encoder.layer.9.intermediate.dense,3072,0.00299764675,83.90306431,0.00299764675,83.90306431
mrpc-qqp,mrpc,qqp,encoder.layer.9.output.dense,768,0.02556279425,72.152469,0.02556279425,72.152469
mrpc-qqp,mrpc,qqp,pooler.dense,768,0.02378038333,71.99019091,0.02378038333,71.99019091
mrpc-mnli,mrpc,mnli,encoder.layer.0.attention.output.dense,768,0.01288979891,77.94505106,0.01288979891,77.94505106
mrpc-mnli,mrpc,mnli,encoder.layer.0.attention.self.key,768,0.01936738452,73.38153739,0.01936738452,73.38153739
mrpc-mnli,mrpc,mnli,encoder.layer.0.attention.self.query,768,0.01943373694,75.42584612,0.01943373694,75.42584612
mrpc-mnli,mrpc,mnli,encoder.layer.0.attention.self.value,768,0.02114034049,71.14918562,0.02114034049,71.14918562
mrpc-mnli,mrpc,mnli,encoder.layer.0.intermediate.dense,3072,0.002255456297,85.69310825,0.002255456297,85.69310825
mrpc-mnli,mrpc,mnli,encoder.layer.0.output.dense,768,0.01151235946,79.33408915,0.01151235946,79.33408915
mrpc-mnli,mrpc,mnli,encoder.layer.1.attention.output.dense,768,0.01307700764,77.14246443,0.01307700764,77.14246443
mrpc-mnli,mrpc,mnli,encoder.layer.1.attention.self.key,768,0.01101081972,79.71917262,0.01101081972,79.71917262
mrpc-mnli,mrpc,mnli,encoder.layer.1.attention.self.query,768,0.01397828209,78.36088451,0.01397828209,78.36088451
mrpc-mnli,mrpc,mnli,encoder.layer.1.attention.self.value,768,0.01786821135,74.64263538,0.01786821135,74.64263538
mrpc-mnli,mrpc,mnli,encoder.layer.1.intermediate.dense,3072,0.002266636373,84.8003181,0.002266636373,84.8003181
mrpc-mnli,mrpc,mnli,encoder.layer.1.output.dense,768,0.01230936688,77.6860748,0.01230936688,77.6860748
mrpc-mnli,mrpc,mnli,encoder.layer.10.attention.output.dense,768,0.02508758908,74.33359189,0.02508758908,74.33359189
mrpc-mnli,mrpc,mnli,encoder.layer.10.attention.self.key,768,0.01740368403,76.70224862,0.01740368403,76.70224862
mrpc-mnli,mrpc,mnli,encoder.layer.10.attention.self.query,768,0.01887331119,76.14683384,0.01887331119,76.14683384
mrpc-mnli,mrpc,mnli,encoder.layer.10.attention.self.value,768,0.01696624893,76.58700269,0.01696624893,76.58700269
mrpc-mnli,mrpc,mnli,encoder.layer.10.intermediate.dense,3072,0.002774507032,84.9903291,0.002774507032,84.9903291
mrpc-mnli,mrpc,mnli,encoder.layer.10.output.dense,768,0.01540887525,76.61203206,0.01540887525,76.61203206
mrpc-mnli,mrpc,mnli,encoder.layer.11.attention.output.dense,768,0.02026485595,75.220159,0.02026485595,75.220159
mrpc-mnli,mrpc,mnli,encoder.layer.11.attention.self.key,768,0.01814315265,74.26760599,0.01814315265,74.26760599
mrpc-mnli,mrpc,mnli,encoder.layer.11.attention.self.query,768,0.02551330311,73.2985925,0.02551330311,73.2985925
mrpc-mnli,mrpc,mnli,encoder.layer.11.attention.self.value,768,0.01935607662,75.50077369,0.01935607662,75.50077369
mrpc-mnli,mrpc,mnli,encoder.layer.11.intermediate.dense,3072,0.004833610411,81.88775011,0.004833610411,81.88775011
mrpc-mnli,mrpc,mnli,encoder.layer.11.output.dense,768,0.01823540234,74.49838323,0.01823540234,74.49838323
mrpc-mnli,mrpc,mnli,encoder.layer.2.attention.output.dense,768,0.01011291559,78.89611748,0.01011291559,78.89611748
mrpc-mnli,mrpc,mnli,encoder.layer.2.attention.self.key,768,0.01643582038,77.85924807,0.01643582038,77.85924807
mrpc-mnli,mrpc,mnli,encoder.layer.2.attention.self.query,768,0.01802231525,76.30801666,0.01802231525,76.30801666
mrpc-mnli,mrpc,mnli,encoder.layer.2.attention.self.value,768,0.01275666778,80.01129376,0.01275666778,80.01129376
mrpc-mnli,mrpc,mnli,encoder.layer.2.intermediate.dense,3072,0.003182211463,84.63337839,0.003182211463,84.63337839
mrpc-mnli,mrpc,mnli,encoder.layer.2.output.dense,768,0.008607315229,80.36845378,0.008607315229,80.36845378
mrpc-mnli,mrpc,mnli,encoder.layer.3.attention.output.dense,768,0.01597755313,78.55935121,0.01597755313,78.55935121
mrpc-mnli,mrpc,mnli,encoder.layer.3.attention.self.key,768,0.01054396844,78.89799451,0.01054396844,78.89799451
mrpc-mnli,mrpc,mnli,encoder.layer.3.attention.self.query,768,0.02001930659,77.29828851,0.02001930659,77.29828851
mrpc-mnli,mrpc,mnli,encoder.layer.3.attention.self.value,768,0.01390274748,78.80369184,0.01390274748,78.80369184
mrpc-mnli,mrpc,mnli,encoder.layer.3.intermediate.dense,3072,0.002592472837,84.33350923,0.002592472837,84.33350923
mrpc-mnli,mrpc,mnli,encoder.layer.3.output.dense,768,0.01285937438,78.56855681,0.01285937438,78.56855681
mrpc-mnli,mrpc,mnli,encoder.layer.4.attention.output.dense,768,0.01522316242,77.95517753,0.01522316242,77.95517753
mrpc-mnli,mrpc,mnli,encoder.layer.4.attention.self.key,768,0.01301149971,78.60072728,0.01301149971,78.60072728
mrpc-mnli,mrpc,mnli,encoder.layer.4.attention.self.query,768,0.02115255643,73.87040605,0.02115255643,73.87040605
mrpc-mnli,mrpc,mnli,encoder.layer.4.attention.self.value,768,0.0140587831,78.8807178,0.0140587831,78.8807178
mrpc-mnli,mrpc,mnli,encoder.layer.4.intermediate.dense,3072,0.003055823875,85.12815778,0.003055823875,85.12815778
mrpc-mnli,mrpc,mnli,encoder.layer.4.output.dense,768,0.01512830219,76.50016521,0.01512830219,76.50016521
mrpc-mnli,mrpc,mnli,encoder.layer.5.attention.output.dense,768,0.00943578135,80.19691087,0.00943578135,80.19691087
mrpc-mnli,mrpc,mnli,encoder.layer.5.attention.self.key,768,0.01206706465,78.97775092,0.01206706465,78.97775092
mrpc-mnli,mrpc,mnli,encoder.layer.5.attention.self.query,768,0.01410368287,76.62261284,0.01410368287,76.62261284
mrpc-mnli,mrpc,mnli,encoder.layer.5.attention.self.value,768,0.01210589344,79.06491269,0.01210589344,79.06491269
mrpc-mnli,mrpc,mnli,encoder.layer.5.intermediate.dense,3072,0.003444931832,84.80937462,0.003444931832,84.80937462
mrpc-mnli,mrpc,mnli,encoder.layer.5.output.dense,768,0.01066278786,79.54493239,0.01066278786,79.54493239
mrpc-mnli,mrpc,mnli,encoder.layer.6.attention.output.dense,768,0.01427059554,78.0196711,0.01427059554,78.0196711
mrpc-mnli,mrpc,mnli,encoder.layer.6.attention.self.key,768,0.0130255888,77.68470548,0.0130255888,77.68470548
mrpc-mnli,mrpc,mnli,encoder.layer.6.attention.self.query,768,0.0176712077,76.53387923,0.0176712077,76.53387923
mrpc-mnli,mrpc,mnli,encoder.layer.6.attention.self.value,768,0.01227551238,79.04747395,0.01227551238,79.04747395
mrpc-mnli,mrpc,mnli,encoder.layer.6.intermediate.dense,3072,0.002466417503,84.60984,0.002466417503,84.60984
mrpc-mnli,mrpc,mnli,encoder.layer.6.output.dense,768,0.01260739062,79.89781671,0.01260739062,79.89781671
mrpc-mnli,mrpc,mnli,encoder.layer.7.attention.output.dense,768,0.01241480621,79.26966684,0.01241480621,79.26966684
mrpc-mnli,mrpc,mnli,encoder.layer.7.attention.self.key,768,0.01438973256,78.60772533,0.01438973256,78.60772533
mrpc-mnli,mrpc,mnli,encoder.layer.7.attention.self.query,768,0.01292161189,78.06099158,0.01292161189,78.06099158
mrpc-mnli,mrpc,mnli,encoder.layer.7.attention.self.value,768,0.01734002405,77.24064911,0.01734002405,77.24064911
mrpc-mnli,mrpc,mnli,encoder.layer.7.intermediate.dense,3072,0.003831977001,84.6180493,0.003831977001,84.6180493
mrpc-mnli,mrpc,mnli,encoder.layer.7.output.dense,768,0.01645709999,76.34715216,0.01645709999,76.34715216
mrpc-mnli,mrpc,mnli,encoder.layer.8.attention.output.dense,768,0.01514430489,78.51404272,0.01514430489,78.51404272
mrpc-mnli,mrpc,mnli,encoder.layer.8.attention.self.key,768,0.01763513085,77.62694732,0.01763513085,77.62694732
mrpc-mnli,mrpc,mnli,encoder.layer.8.attention.self.query,768,0.01831414481,74.27838258,0.01831414481,74.27838258
mrpc-mnli,mrpc,mnli,encoder.layer.8.attention.self.value,768,0.01475089624,77.49260659,0.01475089624,77.49260659
mrpc-mnli,mrpc,mnli,encoder.layer.8.intermediate.dense,3072,0.003095054782,83.94033467,0.003095054782,83.94033467
mrpc-mnli,mrpc,mnli,encoder.layer.8.output.dense,768,0.01879614844,74.47783331,0.01879614844,74.47783331
mrpc-mnli,mrpc,mnli,encoder.layer.9.attention.output.dense,768,0.01579961258,79.01718202,0.01579961258,79.01718202
mrpc-mnli,mrpc,mnli,encoder.layer.9.attention.self.key,768,0.01669000232,76.74585102,0.01669000232,76.74585102
mrpc-mnli,mrpc,mnli,encoder.layer.9.attention.self.query,768,0.0201072733,76.81469427,0.0201072733,76.81469427
mrpc-mnli,mrpc,mnli,encoder.layer.9.attention.self.value,768,0.01256167323,77.92037429,0.01256167323,77.92037429
mrpc-mnli,mrpc,mnli,encoder.layer.9.intermediate.dense,3072,0.003321753566,84.06126134,0.003321753566,84.06126134
mrpc-mnli,mrpc,mnli,encoder.layer.9.output.dense,768,0.0222109642,74.19377159,0.0222109642,74.19377159
mrpc-mnli,mrpc,mnli,pooler.dense,768,0.03293824612,69.55668267,0.03293824612,69.55668267
mrpc-qnli,mrpc,qnli,encoder.layer.0.attention.output.dense,768,0.01783021706,76.63526734,0.01783021706,76.63526734
mrpc-qnli,mrpc,qnli,encoder.layer.0.attention.self.key,768,0.02800351588,70.48511015,0.02800351588,70.48511015
mrpc-qnli,mrpc,qnli,encoder.layer.0.attention.self.query,768,0.03636192267,72.89546148,0.03636192267,72.89546148
mrpc-qnli,mrpc,qnli,encoder.layer.0.attention.self.value,768,0.03254222132,69.80107445,0.03254222132,69.80107445
mrpc-qnli,mrpc,qnli,encoder.layer.0.intermediate.dense,3072,0.003144063066,84.40875916,0.003144063066,84.40875916
mrpc-qnli,mrpc,qnli,encoder.layer.0.output.dense,768,0.04065314765,70.68360389,0.04065314765,70.68360389
mrpc-qnli,mrpc,qnli,encoder.layer.1.attention.output.dense,768,0.01647480887,77.48699474,0.01647480887,77.48699474
mrpc-qnli,mrpc,qnli,encoder.layer.1.attention.self.key,768,0.0231786255,71.91714511,0.0231786255,71.91714511
mrpc-qnli,mrpc,qnli,encoder.layer.1.attention.self.query,768,0.03207603159,72.75711433,0.03207603159,72.75711433
mrpc-qnli,mrpc,qnli,encoder.layer.1.attention.self.value,768,0.02837438289,73.72829557,0.02837438289,73.72829557
mrpc-qnli,mrpc,qnli,encoder.layer.1.intermediate.dense,3072,0.002182950687,85.29944115,0.002182950687,85.29944115
mrpc-qnli,mrpc,qnli,encoder.layer.1.output.dense,768,0.03032303405,73.33889175,0.03032303405,73.33889175
mrpc-qnli,mrpc,qnli,encoder.layer.10.attention.output.dense,768,0.06579440394,61.04528731,0.06579440394,61.04528731
mrpc-qnli,mrpc,qnli,encoder.layer.10.attention.self.key,768,0.02975170247,72.60447205,0.02975170247,72.60447205
mrpc-qnli,mrpc,qnli,encoder.layer.10.attention.self.query,768,0.01948817155,75.89566169,0.01948817155,75.89566169
mrpc-qnli,mrpc,qnli,encoder.layer.10.attention.self.value,768,0.02056807299,73.94237821,0.02056807299,73.94237821
mrpc-qnli,mrpc,qnli,encoder.layer.10.intermediate.dense,3072,0.002953130122,84.15245905,0.002953130122,84.15245905
mrpc-qnli,mrpc,qnli,encoder.layer.10.output.dense,768,0.03729427718,70.35153725,0.03729427718,70.35153725
mrpc-qnli,mrpc,qnli,encoder.layer.11.attention.output.dense,768,0.04767957343,68.94134451,0.04767957343,68.94134451
mrpc-qnli,mrpc,qnli,encoder.layer.11.attention.self.key,768,0.03686961737,70.31212153,0.03686961737,70.31212153
mrpc-qnli,mrpc,qnli,encoder.layer.11.attention.self.query,768,0.02090666313,73.18997542,0.02090666313,73.18997542
mrpc-qnli,mrpc,qnli,encoder.layer.11.attention.self.value,768,0.03011365621,74.04305943,0.03011365621,74.04305943
mrpc-qnli,mrpc,qnli,encoder.layer.11.intermediate.dense,3072,0.009504695705,78.33873916,0.009504695705,78.33873916
mrpc-qnli,mrpc,qnli,encoder.layer.11.output.dense,768,0.04478762679,68.91753958,0.04478762679,68.91753958
mrpc-qnli,mrpc,qnli,encoder.layer.2.attention.output.dense,768,0.02232867581,74.35304877,0.02232867581,74.35304877
mrpc-qnli,mrpc,qnli,encoder.layer.2.attention.self.key,768,0.02664428583,75.44008465,0.02664428583,75.44008465
mrpc-qnli,mrpc,qnli,encoder.layer.2.attention.self.query,768,0.02918255525,73.98213952,0.02918255525,73.98213952
mrpc-qnli,mrpc,qnli,encoder.layer.2.attention.self.value,768,0.01944827562,75.74350566,0.01944827562,75.74350566
mrpc-qnli,mrpc,qnli,encoder.layer.2.intermediate.dense,3072,0.002919499258,84.91129889,0.002919499258,84.91129889
mrpc-qnli,mrpc,qnli,encoder.layer.2.output.dense,768,0.03465243694,70.76464891,0.03465243694,70.76464891
mrpc-qnli,mrpc,qnli,encoder.layer.3.attention.output.dense,768,0.03075326587,71.88051204,0.03075326587,71.88051204
mrpc-qnli,mrpc,qnli,encoder.layer.3.attention.self.key,768,0.01802154181,76.90272256,0.01802154181,76.90272256
mrpc-qnli,mrpc,qnli,encoder.layer.3.attention.self.query,768,0.02952529491,73.82872422,0.02952529491,73.82872422
mrpc-qnli,mrpc,qnli,encoder.layer.3.attention.self.value,768,0.02210822318,74.42798523,0.02210822318,74.42798523
mrpc-qnli,mrpc,qnli,encoder.layer.3.intermediate.dense,3072,0.002552484761,85.43313668,0.002552484761,85.43313668
mrpc-qnli,mrpc,qnli,encoder.layer.3.output.dense,768,0.02965485605,71.80655989,0.02965485605,71.80655989
mrpc-qnli,mrpc,qnli,encoder.layer.4.attention.output.dense,768,0.02714185139,69.7674669,0.02714185139,69.7674669
mrpc-qnli,mrpc,qnli,encoder.layer.4.attention.self.key,768,0.02338614543,73.96530136,0.02338614543,73.96530136
mrpc-qnli,mrpc,qnli,encoder.layer.4.attention.self.query,768,0.02325482252,73.3411063,0.02325482252,73.3411063
mrpc-qnli,mrpc,qnli,encoder.layer.4.attention.self.value,768,0.02354142828,74.74723041,0.02354142828,74.74723041
mrpc-qnli,mrpc,qnli,encoder.layer.4.intermediate.dense,3072,0.003483376355,83.59563983,0.003483376355,83.59563983
mrpc-qnli,mrpc,qnli,encoder.layer.4.output.dense,768,0.03941556354,68.49388516,0.03941556354,68.49388516
mrpc-qnli,mrpc,qnli,encoder.layer.5.attention.output.dense,768,0.0273183692,73.40190819,0.0273183692,73.40190819
mrpc-qnli,mrpc,qnli,encoder.layer.5.attention.self.key,768,0.02458525233,73.02534011,0.02458525233,73.02534011
mrpc-qnli,mrpc,qnli,encoder.layer.5.attention.self.query,768,0.02296499881,72.81503593,0.02296499881,72.81503593
mrpc-qnli,mrpc,qnli,encoder.layer.5.attention.self.value,768,0.01839115439,77.9748787,0.01839115439,77.9748787
mrpc-qnli,mrpc,qnli,encoder.layer.5.intermediate.dense,3072,0.004057631602,84.04028373,0.004057631602,84.04028373
mrpc-qnli,mrpc,qnli,encoder.layer.5.output.dense,768,0.02092483764,75.62388349,0.02092483764,75.62388349
mrpc-qnli,mrpc,qnli,encoder.layer.6.attention.output.dense,768,0.01799955388,75.37104452,0.01799955388,75.37104452
mrpc-qnli,mrpc,qnli,encoder.layer.6.attention.self.key,768,0.02777677842,74.91982473,0.02777677842,74.91982473
mrpc-qnli,mrpc,qnli,encoder.layer.6.attention.self.query,768,0.02202782545,76.6090398,0.02202782545,76.6090398
mrpc-qnli,mrpc,qnli,encoder.layer.6.attention.self.value,768,0.01871155892,74.03602427,0.01871155892,74.03602427
mrpc-qnli,mrpc,qnli,encoder.layer.6.intermediate.dense,3072,0.004107063222,83.84328734,0.004107063222,83.84328734
mrpc-qnli,mrpc,qnli,encoder.layer.6.output.dense,768,0.02538792432,73.93634753,0.02538792432,73.93634753
mrpc-qnli,mrpc,qnli,encoder.layer.7.attention.output.dense,768,0.03329165463,70.66403551,0.03329165463,70.66403551
mrpc-qnli,mrpc,qnli,encoder.layer.7.attention.self.key,768,0.02348407741,74.10895199,0.02348407741,74.10895199
mrpc-qnli,mrpc,qnli,encoder.layer.7.attention.self.query,768,0.02280564398,75.4891005,0.02280564398,75.4891005
mrpc-qnli,mrpc,qnli,encoder.layer.7.attention.self.value,768,0.02106226441,75.23611439,0.02106226441,75.23611439
mrpc-qnli,mrpc,qnli,encoder.layer.7.intermediate.dense,3072,0.003524065403,84.05967459,0.003524065403,84.05967459
mrpc-qnli,mrpc,qnli,encoder.layer.7.output.dense,768,0.03563240714,69.89943989,0.03563240714,69.89943989
mrpc-qnli,mrpc,qnli,encoder.layer.8.attention.output.dense,768,0.03036798255,70.09971096,0.03036798255,70.09971096
mrpc-qnli,mrpc,qnli,encoder.layer.8.attention.self.key,768,0.02113888207,74.79423457,0.02113888207,74.79423457
mrpc-qnli,mrpc,qnli,encoder.layer.8.attention.self.query,768,0.0234059915,74.92040801,0.0234059915,74.92040801
mrpc-qnli,mrpc,qnli,encoder.layer.8.attention.self.value,768,0.01810991226,75.84332623,0.01810991226,75.84332623
mrpc-qnli,mrpc,qnli,encoder.layer.8.intermediate.dense,3072,0.003861623266,84.24086659,0.003861623266,84.24086659
mrpc-qnli,mrpc,qnli,encoder.layer.8.output.dense,768,0.03292641047,68.89527744,0.03292641047,68.89527744
mrpc-qnli,mrpc,qnli,encoder.layer.9.attention.output.dense,768,0.02799893431,74.07767743,0.02799893431,74.07767743
mrpc-qnli,mrpc,qnli,encoder.layer.9.attention.self.key,768,0.03090217975,71.15225466,0.03090217975,71.15225466
mrpc-qnli,mrpc,qnli,encoder.layer.9.attention.self.query,768,0.01747294971,76.82635269,0.01747294971,76.82635269
mrpc-qnli,mrpc,qnli,encoder.layer.9.attention.self.value,768,0.02626486364,73.96481409,0.02626486364,73.96481409
mrpc-qnli,mrpc,qnli,encoder.layer.9.intermediate.dense,3072,0.002293187251,84.07193469,0.002293187251,84.07193469
mrpc-qnli,mrpc,qnli,encoder.layer.9.output.dense,768,0.03193483191,69.30640998,0.03193483191,69.30640998
mrpc-qnli,mrpc,qnli,pooler.dense,768,0.02353019559,71.50343838,0.02353019559,71.50343838
mrpc-rte,mrpc,rte,encoder.layer.0.attention.output.dense,768,0.03398525565,68.91160884,0.03398525565,68.91160884
mrpc-rte,mrpc,rte,encoder.layer.0.attention.self.key,768,0.04308926763,67.89736127,0.04308926763,67.89736127
mrpc-rte,mrpc,rte,encoder.layer.0.attention.self.query,768,0.02903937514,72.10978628,0.02903937514,72.10978628
mrpc-rte,mrpc,rte,encoder.layer.0.attention.self.value,768,0.03541055665,70.50588313,0.03541055665,70.50588313
mrpc-rte,mrpc,rte,encoder.layer.0.intermediate.dense,3072,0.002258930894,85.05058738,0.002258930894,85.05058738
mrpc-rte,mrpc,rte,encoder.layer.0.output.dense,768,0.04847939729,64.83490382,0.04847939729,64.83490382
mrpc-rte,mrpc,rte,encoder.layer.1.attention.output.dense,768,0.03649890398,70.30244129,0.03649890398,70.30244129
mrpc-rte,mrpc,rte,encoder.layer.1.attention.self.key,768,0.02337785665,73.44632099,0.02337785665,73.44632099
mrpc-rte,mrpc,rte,encoder.layer.1.attention.self.query,768,0.03828275209,71.09849564,0.03828275209,71.09849564
mrpc-rte,mrpc,rte,encoder.layer.1.attention.self.value,768,0.03409848706,71.19421421,0.03409848706,71.19421421
mrpc-rte,mrpc,rte,encoder.layer.1.intermediate.dense,3072,0.004372470739,83.62950242,0.004372470739,83.62950242
mrpc-rte,mrpc,rte,encoder.layer.1.output.dense,768,0.0484328224,65.92810659,0.0484328224,65.92810659
mrpc-rte,mrpc,rte,encoder.layer.10.attention.output.dense,768,0.05712818753,65.25390538,0.05712818753,65.25390538
mrpc-rte,mrpc,rte,encoder.layer.10.attention.self.key,768,0.0482478312,67.26533215,0.0482478312,67.26533215
mrpc-rte,mrpc,rte,encoder.layer.10.attention.self.query,768,0.02569197821,73.82008379,0.02569197821,73.82008379
mrpc-rte,mrpc,rte,encoder.layer.10.attention.self.value,768,0.03840293472,68.49885559,0.03840293472,68.49885559
mrpc-rte,mrpc,rte,encoder.layer.10.intermediate.dense,3072,0.004579741068,82.29721732,0.004579741068,82.29721732
mrpc-rte,mrpc,rte,encoder.layer.10.output.dense,768,0.07328384201,60.23804447,0.07328384201,60.23804447
mrpc-rte,mrpc,rte,encoder.layer.11.attention.output.dense,768,0.08151162486,52.97718679,0.08151162486,52.97718679
mrpc-rte,mrpc,rte,encoder.layer.11.attention.self.key,768,0.04877285447,66.58985853,0.04877285447,66.58985853
mrpc-rte,mrpc,rte,encoder.layer.11.attention.self.query,768,0.02948929125,74.63912606,0.02948929125,74.63912606
mrpc-rte,mrpc,rte,encoder.layer.11.attention.self.value,768,0.03705598102,67.37482146,0.03705598102,67.37482146
mrpc-rte,mrpc,rte,encoder.layer.11.intermediate.dense,3072,0.01148170287,75.53694947,0.01148170287,75.53694947
mrpc-rte,mrpc,rte,encoder.layer.11.output.dense,768,0.08632034968,53.13827615,0.08632034968,53.13827615
mrpc-rte,mrpc,rte,encoder.layer.2.attention.output.dense,768,0.02789270677,72.9594157,0.02789270677,72.9594157
mrpc-rte,mrpc,rte,encoder.layer.2.attention.self.key,768,0.02474454944,72.31025008,0.02474454944,72.31025008
mrpc-rte,mrpc,rte,encoder.layer.2.attention.self.query,768,0.02530345113,73.39498822,0.02530345113,73.39498822
mrpc-rte,mrpc,rte,encoder.layer.2.attention.self.value,768,0.02694419365,72.07645605,0.02694419365,72.07645605
mrpc-rte,mrpc,rte,encoder.layer.2.intermediate.dense,3072,0.002886318638,84.89335427,0.002886318638,84.89335427
mrpc-rte,mrpc,rte,encoder.layer.2.output.dense,768,0.05673627479,64.6198502,0.05673627479,64.6198502
mrpc-rte,mrpc,rte,encoder.layer.3.attention.output.dense,768,0.02889718923,74.28367451,0.02889718923,74.28367451
mrpc-rte,mrpc,rte,encoder.layer.3.attention.self.key,768,0.04526733821,69.16799083,0.04526733821,69.16799083
mrpc-rte,mrpc,rte,encoder.layer.3.attention.self.query,768,0.03383733049,71.86989482,0.03383733049,71.86989482
mrpc-rte,mrpc,rte,encoder.layer.3.attention.self.value,768,0.02755767169,72.12815905,0.02755767169,72.12815905
mrpc-rte,mrpc,rte,encoder.layer.3.intermediate.dense,3072,0.003081746467,84.38253795,0.003081746467,84.38253795
mrpc-rte,mrpc,rte,encoder.layer.3.output.dense,768,0.02896626854,73.5076922,0.02896626854,73.5076922
mrpc-rte,mrpc,rte,encoder.layer.4.attention.output.dense,768,0.03769127299,67.11988783,0.03769127299,67.11988783
mrpc-rte,mrpc,rte,encoder.layer.4.attention.self.key,768,0.03382886705,72.32381183,0.03382886705,72.32381183
mrpc-rte,mrpc,rte,encoder.layer.4.attention.self.query,768,0.02248542679,73.69920802,0.02248542679,73.69920802
mrpc-rte,mrpc,rte,encoder.layer.4.attention.self.value,768,0.03257942427,70.73589969,0.03257942427,70.73589969
mrpc-rte,mrpc,rte,encoder.layer.4.intermediate.dense,3072,0.004107280244,82.66664771,0.004107280244,82.66664771
mrpc-rte,mrpc,rte,encoder.layer.4.output.dense,768,0.05371398353,63.3212041,0.05371398353,63.3212041
mrpc-rte,mrpc,rte,encoder.layer.5.attention.output.dense,768,0.04411305192,64.14327755,0.04411305192,64.14327755
mrpc-rte,mrpc,rte,encoder.layer.5.attention.self.key,768,0.03551147043,70.89718381,0.03551147043,70.89718381
mrpc-rte,mrpc,rte,encoder.layer.5.attention.self.query,768,0.02103856555,76.32712842,0.02103856555,76.32712842
mrpc-rte,mrpc,rte,encoder.layer.5.attention.self.value,768,0.01936018981,77.57556013,0.01936018981,77.57556013
mrpc-rte,mrpc,rte,encoder.layer.5.intermediate.dense,3072,0.003906677001,83.64261473,0.003906677001,83.64261473
mrpc-rte,mrpc,rte,encoder.layer.5.output.dense,768,0.03099241,72.16672047,0.03099241,72.16672047
mrpc-rte,mrpc,rte,encoder.layer.6.attention.output.dense,768,0.02930490632,74.75708377,0.02930490632,74.75708377
mrpc-rte,mrpc,rte,encoder.layer.6.attention.self.key,768,0.03342759848,69.8753863,0.03342759848,69.8753863
mrpc-rte,mrpc,rte,encoder.layer.6.attention.self.query,768,0.02703864741,73.84122027,0.02703864741,73.84122027
mrpc-rte,mrpc,rte,encoder.layer.6.attention.self.value,768,0.02276476048,73.39086229,0.02276476048,73.39086229
mrpc-rte,mrpc,rte,encoder.layer.6.intermediate.dense,3072,0.005082072926,82.39644892,0.005082072926,82.39644892
mrpc-rte,mrpc,rte,encoder.layer.6.output.dense,768,0.02801988297,73.34205546,0.02801988297,73.34205546
mrpc-rte,mrpc,rte,encoder.layer.7.attention.output.dense,768,0.04594001761,65.86602893,0.04594001761,65.86602893
mrpc-rte,mrpc,rte,encoder.layer.7.attention.self.key,768,0.03203663372,71.7821652,0.03203663372,71.7821652
mrpc-rte,mrpc,rte,encoder.layer.7.attention.self.query,768,0.02496500431,70.34020052,0.02496500431,70.34020052
mrpc-rte,mrpc,rte,encoder.layer.7.attention.self.value,768,0.02764924582,74.44351832,0.02764924582,74.44351832
mrpc-rte,mrpc,rte,encoder.layer.7.intermediate.dense,3072,0.004133523842,82.23822483,0.004133523842,82.23822483
mrpc-rte,mrpc,rte,encoder.layer.7.output.dense,768,0.03037062239,73.42917181,0.03037062239,73.42917181
mrpc-rte,mrpc,rte,encoder.layer.8.attention.output.dense,768,0.04556881294,65.85741865,0.04556881294,65.85741865
mrpc-rte,mrpc,rte,encoder.layer.8.attention.self.key,768,0.05986277264,64.57494425,0.05986277264,64.57494425
mrpc-rte,mrpc,rte,encoder.layer.8.attention.self.query,768,0.03952222081,72.38174991,0.03952222081,72.38174991
mrpc-rte,mrpc,rte,encoder.layer.8.attention.self.value,768,0.02490170557,73.91624459,0.02490170557,73.91624459
mrpc-rte,mrpc,rte,encoder.layer.8.intermediate.dense,3072,0.002200059781,85.52536589,0.002200059781,85.52536589
mrpc-rte,mrpc,rte,encoder.layer.8.output.dense,768,0.03063235669,72.77621995,0.03063235669,72.77621995
mrpc-rte,mrpc,rte,encoder.layer.9.attention.output.dense,768,0.0511403757,67.78535358,0.0511403757,67.78535358
mrpc-rte,mrpc,rte,encoder.layer.9.attention.self.key,768,0.04979049892,66.70151872,0.04979049892,66.70151872
mrpc-rte,mrpc,rte,encoder.layer.9.attention.self.query,768,0.02898453044,71.69768483,0.02898453044,71.69768483
mrpc-rte,mrpc,rte,encoder.layer.9.attention.self.value,768,0.02228536745,74.91195839,0.02228536745,74.91195839
mrpc-rte,mrpc,rte,encoder.layer.9.intermediate.dense,3072,0.00533728828,82.31896882,0.00533728828,82.31896882
mrpc-rte,mrpc,rte,encoder.layer.9.output.dense,768,0.04245239916,64.30942118,0.04245239916,64.30942118
mrpc-rte,mrpc,rte,pooler.dense,768,0.01704642953,75.155586,0.01704642953,75.155586
qqp-mnli,qqp,mnli,encoder.layer.0.attention.output.dense,768,0.0126537046,79.62037187,0.0126537046,79.62037187
qqp-mnli,qqp,mnli,encoder.layer.0.attention.self.key,768,0.02619456722,70.7510016,0.02619456722,70.7510016
qqp-mnli,qqp,mnli,encoder.layer.0.attention.self.query,768,0.02063445243,75.29849998,0.02063445243,75.29849998
qqp-mnli,qqp,mnli,encoder.layer.0.attention.self.value,768,0.02631008335,71.47633233,0.02631008335,71.47633233
qqp-mnli,qqp,mnli,encoder.layer.0.intermediate.dense,3072,0.003686315675,82.9064782,0.003686315675,82.9064782
qqp-mnli,qqp,mnli,encoder.layer.0.output.dense,768,0.01482404064,76.704617,0.01482404064,76.704617
qqp-mnli,qqp,mnli,encoder.layer.1.attention.output.dense,768,0.01375217398,75.77399938,0.01375217398,75.77399938
qqp-mnli,qqp,mnli,encoder.layer.1.attention.self.key,768,0.01934038677,75.61850231,0.01934038677,75.61850231
qqp-mnli,qqp,mnli,encoder.layer.1.attention.self.query,768,0.01515713143,78.28639879,0.01515713143,78.28639879
qqp-mnli,qqp,mnli,encoder.layer.1.attention.self.value,768,0.02936796398,71.05185156,0.02936796398,71.05185156
qqp-mnli,qqp,mnli,encoder.layer.1.intermediate.dense,3072,0.004066961311,83.91759437,0.004066961311,83.91759437
qqp-mnli,qqp,mnli,encoder.layer.1.output.dense,768,0.01767031508,78.13931282,0.01767031508,78.13931282
qqp-mnli,qqp,mnli,encoder.layer.10.attention.output.dense,768,0.01680480664,77.53880108,0.01680480664,77.53880108
qqp-mnli,qqp,mnli,encoder.layer.10.attention.self.key,768,0.01867086565,76.61029803,0.01867086565,76.61029803
qqp-mnli,qqp,mnli,encoder.layer.10.attention.self.query,768,0.01822813198,74.69828113,0.01822813198,74.69828113
qqp-mnli,qqp,mnli,encoder.layer.10.attention.self.value,768,0.02881014902,72.95026732,0.02881014902,72.95026732
qqp-mnli,qqp,mnli,encoder.layer.10.intermediate.dense,3072,0.004791887857,82.90008295,0.004791887857,82.90008295
qqp-mnli,qqp,mnli,encoder.layer.10.output.dense,768,0.01298298851,78.02132453,0.01298298851,78.02132453
qqp-mnli,qqp,mnli,encoder.layer.11.attention.output.dense,768,0.02135584599,73.7354414,0.02135584599,73.7354414
qqp-mnli,qqp,mnli,encoder.layer.11.attention.self.key,768,0.02084828809,73.86684549,0.02084828809,73.86684549
qqp-mnli,qqp,mnli,encoder.layer.11.attention.self.query,768,0.02458280198,71.82672123,0.02458280198,71.82672123
qqp-mnli,qqp,mnli,encoder.layer.11.attention.self.value,768,0.02276250512,72.54416794,0.02276250512,72.54416794
qqp-mnli,qqp,mnli,encoder.layer.11.intermediate.dense,3072,0.02156673666,67.25739027,0.02156673666,67.25739027
qqp-mnli,qqp,mnli,encoder.layer.11.output.dense,768,0.03241966296,64.36648269,0.03241966296,64.36648269
qqp-mnli,qqp,mnli,encoder.layer.2.attention.output.dense,768,0.01272559698,77.81144009,0.01272559698,77.81144009
qqp-mnli,qqp,mnli,encoder.layer.2.attention.self.key,768,0.01887089986,73.21227407,0.01887089986,73.21227407
qqp-mnli,qqp,mnli,encoder.layer.2.attention.self.query,768,0.01445771209,78.1259164,0.01445771209,78.1259164
qqp-mnli,qqp,mnli,encoder.layer.2.attention.self.value,768,0.01520168997,75.82179662,0.01520168997,75.82179662
qqp-mnli,qqp,mnli,encoder.layer.2.intermediate.dense,3072,0.002290593909,85.21506311,0.002290593909,85.21506311
qqp-mnli,qqp,mnli,encoder.layer.2.output.dense,768,0.01914893254,76.30170564,0.01914893254,76.30170564
qqp-mnli,qqp,mnli,encoder.layer.3.attention.output.dense,768,0.01949038176,72.43746893,0.01949038176,72.43746893
qqp-mnli,qqp,mnli,encoder.layer.3.attention.self.key,768,0.01679812517,74.43971835,0.01679812517,74.43971835
qqp-mnli,qqp,mnli,encoder.layer.3.attention.self.query,768,0.01485005058,76.91563357,0.01485005058,76.91563357
qqp-mnli,qqp,mnli,encoder.layer.3.attention.self.value,768,0.01640415844,75.41937182,0.01640415844,75.41937182
qqp-mnli,qqp,mnli,encoder.layer.3.intermediate.dense,3072,0.003779933398,82.44770002,0.003779933398,82.44770002
qqp-mnli,qqp,mnli,encoder.layer.3.output.dense,768,0.01513705192,76.66005308,0.01513705192,76.66005308
qqp-mnli,qqp,mnli,encoder.layer.4.attention.output.dense,768,0.01760935462,75.88314463,0.01760935462,75.88314463
qqp-mnli,qqp,mnli,encoder.layer.4.attention.self.key,768,0.01032436078,78.93538071,0.01032436078,78.93538071
qqp-mnli,qqp,mnli,encoder.layer.4.attention.self.query,768,0.01273033247,79.54896613,0.01273033247,79.54896613
qqp-mnli,qqp,mnli,encoder.layer.4.attention.self.value,768,0.01107445971,78.28762462,0.01107445971,78.28762462
qqp-mnli,qqp,mnli,encoder.layer.4.intermediate.dense,3072,0.004450070685,82.46614408,0.004450070685,82.46614408
qqp-mnli,qqp,mnli,encoder.layer.4.output.dense,768,0.01722908101,76.53071471,0.01722908101,76.53071471
qqp-mnli,qqp,mnli,encoder.layer.5.attention.output.dense,768,0.0099908746,80.69015795,0.0099908746,80.69015795
qqp-mnli,qqp,mnli,encoder.layer.5.attention.self.key,768,0.01569272212,78.62400099,0.01569272212,78.62400099
qqp-mnli,qqp,mnli,encoder.layer.5.attention.self.query,768,0.0155405531,78.8021577,0.0155405531,78.8021577
qqp-mnli,qqp,mnli,encoder.layer.5.attention.self.value,768,0.01582867756,76.25867938,0.01582867756,76.25867938
qqp-mnli,qqp,mnli,encoder.layer.5.intermediate.dense,3072,0.003501668152,84.1884948,0.003501668152,84.1884948
qqp-mnli,qqp,mnli,encoder.layer.5.output.dense,768,0.01404568854,77.73069538,0.01404568854,77.73069538
qqp-mnli,qqp,mnli,encoder.layer.6.attention.output.dense,768,0.01396387646,79.07943956,0.01396387646,79.07943956
qqp-mnli,qqp,mnli,encoder.layer.6.attention.self.key,768,0.01465281398,76.44403091,0.01465281398,76.44403091
qqp-mnli,qqp,mnli,encoder.layer.6.attention.self.query,768,0.01507184624,76.44173345,0.01507184624,76.44173345
qqp-mnli,qqp,mnli,encoder.layer.6.attention.self.value,768,0.01489492282,77.88601013,0.01489492282,77.88601013
qqp-mnli,qqp,mnli,encoder.layer.6.intermediate.dense,3072,0.003154959653,84.28246247,0.003154959653,84.28246247
qqp-mnli,qqp,mnli,encoder.layer.6.output.dense,768,0.0143315723,79.47368647,0.0143315723,79.47368647
qqp-mnli,qqp,mnli,encoder.layer.7.attention.output.dense,768,0.01384139896,78.1099785,0.01384139896,78.1099785
qqp-mnli,qqp,mnli,encoder.layer.7.attention.self.key,768,0.01692173519,74.03910732,0.01692173519,74.03910732
qqp-mnli,qqp,mnli,encoder.layer.7.attention.self.query,768,0.01529977201,78.701404,0.01529977201,78.701404
qqp-mnli,qqp,mnli,encoder.layer.7.attention.self.value,768,0.01335379011,78.03643449,0.01335379011,78.03643449
qqp-mnli,qqp,mnli,encoder.layer.7.intermediate.dense,3072,0.004636600373,82.19765541,0.004636600373,82.19765541
qqp-mnli,qqp,mnli,encoder.layer.7.output.dense,768,0.01767209145,76.179597,0.01767209145,76.179597
qqp-mnli,qqp,mnli,encoder.layer.8.attention.output.dense,768,0.01169933201,79.05359402,0.01169933201,79.05359402
qqp-mnli,qqp,mnli,encoder.layer.8.attention.self.key,768,0.01711849471,74.94621304,0.01711849471,74.94621304
qqp-mnli,qqp,mnli,encoder.layer.8.attention.self.query,768,0.01766803618,77.27183017,0.01766803618,77.27183017
qqp-mnli,qqp,mnli,encoder.layer.8.attention.self.value,768,0.01655792131,77.26909074,0.01655792131,77.26909074
qqp-mnli,qqp,mnli,encoder.layer.8.intermediate.dense,3072,0.003859262312,83.72738267,0.003859262312,83.72738267
qqp-mnli,qqp,mnli,encoder.layer.8.output.dense,768,0.01396585555,76.58663027,0.01396585555,76.58663027
qqp-mnli,qqp,mnli,encoder.layer.9.attention.output.dense,768,0.01592068264,79.0168723,0.01592068264,79.0168723
qqp-mnli,qqp,mnli,encoder.layer.9.attention.self.key,768,0.01414342015,78.24285622,0.01414342015,78.24285622
qqp-mnli,qqp,mnli,encoder.layer.9.attention.self.query,768,0.01788050947,76.73669038,0.01788050947,76.73669038
qqp-mnli,qqp,mnli,encoder.layer.9.attention.self.value,768,0.01375850074,79.13862032,0.01375850074,79.13862032
qqp-mnli,qqp,mnli,encoder.layer.9.intermediate.dense,3072,0.003809276062,83.33011183,0.003809276062,83.33011183
qqp-mnli,qqp,mnli,encoder.layer.9.output.dense,768,0.01324956119,79.11376825,0.01324956119,79.11376825
qqp-mnli,qqp,mnli,pooler.dense,768,0.06568685364,59.69289463,0.06568685364,59.69289463
qqp-qnli,qqp,qnli,encoder.layer.0.attention.output.dense,768,0.01772233049,77.87677887,0.01772233049,77.87677887
qqp-qnli,qqp,qnli,encoder.layer.0.attention.self.key,768,0.03128368629,69.71755551,0.03128368629,69.71755551
qqp-qnli,qqp,qnli,encoder.layer.0.attention.self.query,768,0.02090798617,75.92792465,0.02090798617,75.92792465
qqp-qnli,qqp,qnli,encoder.layer.0.attention.self.value,768,0.01858473733,75.00849023,0.01858473733,75.00849023
qqp-qnli,qqp,qnli,encoder.layer.0.intermediate.dense,3072,0.004184818615,82.61785781,0.004184818615,82.61785781
qqp-qnli,qqp,qnli,encoder.layer.0.output.dense,768,0.02402380306,73.00356012,0.02402380306,73.00356012
qqp-qnli,qqp,qnli,encoder.layer.1.attention.output.dense,768,0.01469101491,77.41658271,0.01469101491,77.41658271
qqp-qnli,qqp,qnli,encoder.layer.1.attention.self.key,768,0.01229548162,78.17943884,0.01229548162,78.17943884
qqp-qnli,qqp,qnli,encoder.layer.1.attention.self.query,768,0.02361072226,75.1151126,0.02361072226,75.1151126
qqp-qnli,qqp,qnli,encoder.layer.1.attention.self.value,768,0.02364123424,73.6914067,0.02364123424,73.6914067
qqp-qnli,qqp,qnli,encoder.layer.1.intermediate.dense,3072,0.003085353354,84.20260707,0.003085353354,84.20260707
qqp-qnli,qqp,qnli,encoder.layer.1.output.dense,768,0.01545991812,78.48642484,0.01545991812,78.48642484
qqp-qnli,qqp,qnli,encoder.layer.10.attention.output.dense,768,0.03977382776,70.71560401,0.03977382776,70.71560401
qqp-qnli,qqp,qnli,encoder.layer.10.attention.self.key,768,0.01996108448,76.84590682,0.01996108448,76.84590682
qqp-qnli,qqp,qnli,encoder.layer.10.attention.self.query,768,0.01657756973,76.89098295,0.01657756973,76.89098295
qqp-qnli,qqp,qnli,encoder.layer.10.attention.self.value,768,0.02975695123,70.58603244,0.02975695123,70.58603244
qqp-qnli,qqp,qnli,encoder.layer.10.intermediate.dense,3072,0.005096565772,81.67726849,0.005096565772,81.67726849
qqp-qnli,qqp,qnli,encoder.layer.10.output.dense,768,0.03000639853,72.28663658,0.03000639853,72.28663658
qqp-qnli,qqp,qnli,encoder.layer.11.attention.output.dense,768,0.07399484144,55.24147491,0.07399484144,55.24147491
qqp-qnli,qqp,qnli,encoder.layer.11.attention.self.key,768,0.02850010202,71.14648552,0.02850010202,71.14648552
qqp-qnli,qqp,qnli,encoder.layer.11.attention.self.query,768,0.01884990448,75.33667799,0.01884990448,75.33667799
qqp-qnli,qqp,qnli,encoder.layer.11.attention.self.value,768,0.04895254256,66.21754694,0.04895254256,66.21754694
qqp-qnli,qqp,qnli,encoder.layer.11.intermediate.dense,3072,0.01644476953,72.43920173,0.01644476953,72.43920173
qqp-qnli,qqp,qnli,encoder.layer.11.output.dense,768,0.06396067951,54.71743957,0.06396067951,54.71743957
qqp-qnli,qqp,qnli,encoder.layer.2.attention.output.dense,768,0.02273892162,74.90699163,0.02273892162,74.90699163
qqp-qnli,qqp,qnli,encoder.layer.2.attention.self.key,768,0.01803566974,76.16329742,0.01803566974,76.16329742
qqp-qnli,qqp,qnli,encoder.layer.2.attention.self.query,768,0.01575465186,78.94231276,0.01575465186,78.94231276
qqp-qnli,qqp,qnli,encoder.layer.2.attention.self.value,768,0.01871469397,75.96474493,0.01871469397,75.96474493
qqp-qnli,qqp,qnli,encoder.layer.2.intermediate.dense,3072,0.002713869207,84.91030976,0.002713869207,84.91030976
qqp-qnli,qqp,qnli,encoder.layer.2.output.dense,768,0.01967495222,77.0489159,0.01967495222,77.0489159
qqp-qnli,qqp,qnli,encoder.layer.3.attention.output.dense,768,0.02029380997,74.93989561,0.02029380997,74.93989561
qqp-qnli,qqp,qnli,encoder.layer.3.attention.self.key,768,0.01823507539,75.79757029,0.01823507539,75.79757029
qqp-qnli,qqp,qnli,encoder.layer.3.attention.self.query,768,0.01814939734,74.71424531,0.01814939734,74.71424531
qqp-qnli,qqp,qnli,encoder.layer.3.attention.self.value,768,0.02450414011,75.46733398,0.02450414011,75.46733398
qqp-qnli,qqp,qnli,encoder.layer.3.intermediate.dense,3072,0.003289479628,83.38425209,0.003289479628,83.38425209
qqp-qnli,qqp,qnli,encoder.layer.3.output.dense,768,0.02248779967,72.08921748,0.02248779967,72.08921748
qqp-qnli,qqp,qnli,encoder.layer.4.attention.output.dense,768,0.01982984384,72.05307808,0.01982984384,72.05307808
qqp-qnli,qqp,qnli,encoder.layer.4.attention.self.key,768,0.02525142156,73.13495246,0.02525142156,73.13495246
qqp-qnli,qqp,qnli,encoder.layer.4.attention.self.query,768,0.02352037682,69.85212281,0.02352037682,69.85212281
qqp-qnli,qqp,qnli,encoder.layer.4.attention.self.value,768,0.02107939854,74.46238014,0.02107939854,74.46238014
qqp-qnli,qqp,qnli,encoder.layer.4.intermediate.dense,3072,0.00327542197,84.30051256,0.00327542197,84.30051256
qqp-qnli,qqp,qnli,encoder.layer.4.output.dense,768,0.02101855041,74.09441944,0.02101855041,74.09441944
qqp-qnli,qqp,qnli,encoder.layer.5.attention.output.dense,768,0.02000555703,74.73219339,0.02000555703,74.73219339
qqp-qnli,qqp,qnli,encoder.layer.5.attention.self.key,768,0.01706897242,76.12885887,0.01706897242,76.12885887
qqp-qnli,qqp,qnli,encoder.layer.5.attention.self.query,768,0.01890392553,77.52164922,0.01890392553,77.52164922
qqp-qnli,qqp,qnli,encoder.layer.5.attention.self.value,768,0.01967073988,74.6435193,0.01967073988,74.6435193
qqp-qnli,qqp,qnli,encoder.layer.5.intermediate.dense,3072,0.004364628259,83.88732892,0.004364628259,83.88732892
qqp-qnli,qqp,qnli,encoder.layer.5.output.dense,768,0.01582281501,77.30875492,0.01582281501,77.30875492
qqp-qnli,qqp,qnli,encoder.layer.6.attention.output.dense,768,0.01594008691,78.21052854,0.01594008691,78.21052854
qqp-qnli,qqp,qnli,encoder.layer.6.attention.self.key,768,0.01720907442,76.44105683,0.01720907442,76.44105683
qqp-qnli,qqp,qnli,encoder.layer.6.attention.self.query,768,0.0268727553,73.23484073,0.0268727553,73.23484073
qqp-qnli,qqp,qnli,encoder.layer.6.attention.self.value,768,0.01432707597,78.61550888,0.01432707597,78.61550888
qqp-qnli,qqp,qnli,encoder.layer.6.intermediate.dense,3072,0.00428425246,82.61260903,0.00428425246,82.61260903
qqp-qnli,qqp,qnli,encoder.layer.6.output.dense,768,0.0177659404,75.55886884,0.0177659404,75.55886884
qqp-qnli,qqp,qnli,encoder.layer.7.attention.output.dense,768,0.02655560293,71.46605729,0.02655560293,71.46605729
qqp-qnli,qqp,qnli,encoder.layer.7.attention.self.key,768,0.01510685791,78.21275364,0.01510685791,78.21275364
qqp-qnli,qqp,qnli,encoder.layer.7.attention.self.query,768,0.02291164161,74.46172421,0.02291164161,74.46172421
qqp-qnli,qqp,qnli,encoder.layer.7.attention.self.value,768,0.01667643669,78.03556727,0.01667643669,78.03556727
qqp-qnli,qqp,qnli,encoder.layer.7.intermediate.dense,3072,0.004651138403,82.44963245,0.004651138403,82.44963245
qqp-qnli,qqp,qnli,encoder.layer.7.output.dense,768,0.03770600893,73.10818674,0.03770600893,73.10818674
qqp-qnli,qqp,qnli,encoder.layer.8.attention.output.dense,768,0.02647542471,75.30253477,0.02647542471,75.30253477
qqp-qnli,qqp,qnli,encoder.layer.8.attention.self.key,768,0.0218543388,76.5756761,0.0218543388,76.5756761
qqp-qnli,qqp,qnli,encoder.layer.8.attention.self.query,768,0.02656915572,74.54613796,0.02656915572,74.54613796
qqp-qnli,qqp,qnli,encoder.layer.8.attention.self.value,768,0.02391270264,72.80986931,0.02391270264,72.80986931
qqp-qnli,qqp,qnli,encoder.layer.8.intermediate.dense,3072,0.00332676486,83.23425069,0.00332676486,83.23425069
qqp-qnli,qqp,qnli,encoder.layer.8.output.dense,768,0.04005192068,71.10984667,0.04005192068,71.10984667
qqp-qnli,qqp,qnli,encoder.layer.9.attention.output.dense,768,0.02176624363,72.18926371,0.02176624363,72.18926371
qqp-qnli,qqp,qnli,encoder.layer.9.attention.self.key,768,0.01938986934,74.98624656,0.01938986934,74.98624656
qqp-qnli,qqp,qnli,encoder.layer.9.attention.self.query,768,0.01992013482,77.1173184,0.01992013482,77.1173184
qqp-qnli,qqp,qnli,encoder.layer.9.attention.self.value,768,0.02339895623,76.27529569,0.02339895623,76.27529569
qqp-qnli,qqp,qnli,encoder.layer.9.intermediate.dense,3072,0.002573994639,84.83010617,0.002573994639,84.83010617
qqp-qnli,qqp,qnli,encoder.layer.9.output.dense,768,0.02284162824,74.86887695,0.02284162824,74.86887695
qqp-qnli,qqp,qnli,pooler.dense,768,0.04350482804,62.18303932,0.04350482804,62.18303932
qqp-rte,qqp,rte,encoder.layer.0.attention.output.dense,768,0.01432911595,78.43354424,0.01432911595,78.43354424
qqp-rte,qqp,rte,encoder.layer.0.attention.self.key,768,0.03437732671,73.46100707,0.03437732671,73.46100707
qqp-rte,qqp,rte,encoder.layer.0.attention.self.query,768,0.01840535693,76.39140596,0.01840535693,76.39140596
qqp-rte,qqp,rte,encoder.layer.0.attention.self.value,768,0.01626636926,76.5519195,0.01626636926,76.5519195
qqp-rte,qqp,rte,encoder.layer.0.intermediate.dense,3072,0.002322251183,84.65510137,0.002322251183,84.65510137
qqp-rte,qqp,rte,encoder.layer.0.output.dense,768,0.02433278267,73.36492042,0.02433278267,73.36492042
qqp-rte,qqp,rte,encoder.layer.1.attention.output.dense,768,0.01440436677,78.83420642,0.01440436677,78.83420642
qqp-rte,qqp,rte,encoder.layer.1.attention.self.key,768,0.02597379426,72.7448926,0.02597379426,72.7448926
qqp-rte,qqp,rte,encoder.layer.1.attention.self.query,768,0.02102216988,75.57758316,0.02102216988,75.57758316
qqp-rte,qqp,rte,encoder.layer.1.attention.self.value,768,0.02080604527,74.98873056,0.02080604527,74.98873056
qqp-rte,qqp,rte,encoder.layer.1.intermediate.dense,3072,0.003296124227,84.55215969,0.003296124227,84.55215969
qqp-rte,qqp,rte,encoder.layer.1.output.dense,768,0.02843918438,73.8558183,0.02843918438,73.8558183
qqp-rte,qqp,rte,encoder.layer.10.attention.output.dense,768,0.02902574559,74.60901422,0.02902574559,74.60901422
qqp-rte,qqp,rte,encoder.layer.10.attention.self.key,768,0.02319112227,74.91834941,0.02319112227,74.91834941
qqp-rte,qqp,rte,encoder.layer.10.attention.self.query,768,0.01938546291,74.88284095,0.01938546291,74.88284095
qqp-rte,qqp,rte,encoder.layer.10.attention.self.value,768,0.03319809611,72.56488084,0.03319809611,72.56488084
qqp-rte,qqp,rte,encoder.layer.10.intermediate.dense,3072,0.002725701295,85.39111388,0.002725701295,85.39111388
qqp-rte,qqp,rte,encoder.layer.10.output.dense,768,0.02533501267,73.54861606,0.02533501267,73.54861606
qqp-rte,qqp,rte,encoder.layer.11.attention.output.dense,768,0.04446579016,64.51119953,0.04446579016,64.51119953
qqp-rte,qqp,rte,encoder.layer.11.attention.self.key,768,0.03897586224,65.75642604,0.03897586224,65.75642604
qqp-rte,qqp,rte,encoder.layer.11.attention.self.query,768,0.01494991166,78.56819604,0.01494991166,78.56819604
qqp-rte,qqp,rte,encoder.layer.11.attention.self.value,768,0.03881175838,67.4019873,0.03881175838,67.4019873
qqp-rte,qqp,rte,encoder.layer.11.intermediate.dense,3072,0.005745082171,80.41154817,0.005745082171,80.41154817
qqp-rte,qqp,rte,encoder.layer.11.output.dense,768,0.05138110249,67.79428023,0.05138110249,67.79428023
qqp-rte,qqp,rte,encoder.layer.2.attention.output.dense,768,0.01792306585,75.92593225,0.01792306585,75.92593225
qqp-rte,qqp,rte,encoder.layer.2.attention.self.key,768,0.01959228023,76.76506283,0.01959228023,76.76506283
qqp-rte,qqp,rte,encoder.layer.2.attention.self.query,768,0.02551912856,73.89090929,0.02551912856,73.89090929
qqp-rte,qqp,rte,encoder.layer.2.attention.self.value,768,0.01892126767,75.59444181,0.01892126767,75.59444181
qqp-rte,qqp,rte,encoder.layer.2.intermediate.dense,3072,0.003118030334,84.37232189,0.003118030334,84.37232189
qqp-rte,qqp,rte,encoder.layer.2.output.dense,768,0.01986012563,75.17706359,0.01986012563,75.17706359
qqp-rte,qqp,rte,encoder.layer.3.attention.output.dense,768,0.01802222647,76.04214894,0.01802222647,76.04214894
qqp-rte,qqp,rte,encoder.layer.3.attention.self.key,768,0.01839907512,76.84048036,0.01839907512,76.84048036
qqp-rte,qqp,rte,encoder.layer.3.attention.self.query,768,0.02231268617,76.15761914,0.02231268617,76.15761914
qqp-rte,qqp,rte,encoder.layer.3.attention.self.value,768,0.01472635478,77.49141792,0.01472635478,77.49141792
qqp-rte,qqp,rte,encoder.layer.3.intermediate.dense,3072,0.003787304592,84.62911425,0.003787304592,84.62911425
qqp-rte,qqp,rte,encoder.layer.3.output.dense,768,0.0291726306,72.40102239,0.0291726306,72.40102239
qqp-rte,qqp,rte,encoder.layer.4.attention.output.dense,768,0.01911843378,77.48702174,0.01911843378,77.48702174
qqp-rte,qqp,rte,encoder.layer.4.attention.self.key,768,0.02664141533,73.13828933,0.02664141533,73.13828933
qqp-rte,qqp,rte,encoder.layer.4.attention.self.query,768,0.01555748367,76.60289308,0.01555748367,76.60289308
qqp-rte,qqp,rte,encoder.layer.4.attention.self.value,768,0.01799352048,77.07318846,0.01799352048,77.07318846
qqp-rte,qqp,rte,encoder.layer.4.intermediate.dense,3072,0.003474378642,84.10246533,0.003474378642,84.10246533
qqp-rte,qqp,rte,encoder.layer.4.output.dense,768,0.02663882994,71.61893962,0.02663882994,71.61893962
qqp-rte,qqp,rte,encoder.layer.5.attention.output.dense,768,0.01435561863,77.67303269,0.01435561863,77.67303269
qqp-rte,qqp,rte,encoder.layer.5.attention.self.key,768,0.02313882664,71.48352515,0.02313882664,71.48352515
qqp-rte,qqp,rte,encoder.layer.5.attention.self.query,768,0.01734726868,76.98663835,0.01734726868,76.98663835
qqp-rte,qqp,rte,encoder.layer.5.attention.self.value,768,0.01216258436,80.36332883,0.01216258436,80.36332883
qqp-rte,qqp,rte,encoder.layer.5.intermediate.dense,3072,0.003027462324,84.6748519,0.003027462324,84.6748519
qqp-rte,qqp,rte,encoder.layer.5.output.dense,768,0.01416412089,78.1300643,0.01416412089,78.1300643
qqp-rte,qqp,rte,encoder.layer.6.attention.output.dense,768,0.01481426383,78.41464692,0.01481426383,78.41464692
qqp-rte,qqp,rte,encoder.layer.6.attention.self.key,768,0.02984099062,71.93768549,0.02984099062,71.93768549
qqp-rte,qqp,rte,encoder.layer.6.attention.self.query,768,0.01816544916,77.65331091,0.01816544916,77.65331091
qqp-rte,qqp,rte,encoder.layer.6.attention.self.value,768,0.01511216704,78.12577179,0.01511216704,78.12577179
qqp-rte,qqp,rte,encoder.layer.6.intermediate.dense,3072,0.004066796512,83.99119062,0.004066796512,83.99119062
qqp-rte,qqp,rte,encoder.layer.6.output.dense,768,0.01329778909,77.564715,0.01329778909,77.564715
qqp-rte,qqp,rte,encoder.layer.7.attention.output.dense,768,0.02144107038,75.14229445,0.02144107038,75.14229445
qqp-rte,qqp,rte,encoder.layer.7.attention.self.key,768,0.01847412575,76.23010705,0.01847412575,76.23010705
qqp-rte,qqp,rte,encoder.layer.7.attention.self.query,768,0.02498964948,73.95018663,0.02498964948,73.95018663
qqp-rte,qqp,rte,encoder.layer.7.attention.self.value,768,0.01510313054,77.88034997,0.01510313054,77.88034997
qqp-rte,qqp,rte,encoder.layer.7.intermediate.dense,3072,0.002286218738,85.11757683,0.002286218738,85.11757683
qqp-rte,qqp,rte,encoder.layer.7.output.dense,768,0.02558489554,74.15981508,0.02558489554,74.15981508
qqp-rte,qqp,rte,encoder.layer.8.attention.output.dense,768,0.02254811292,74.34598662,0.02254811292,74.34598662
qqp-rte,qqp,rte,encoder.layer.8.attention.self.key,768,0.02140248977,76.12183446,0.02140248977,76.12183446
qqp-rte,qqp,rte,encoder.layer.8.attention.self.query,768,0.02888379914,72.12930091,0.02888379914,72.12930091
qqp-rte,qqp,rte,encoder.layer.8.attention.self.value,768,0.01887120418,76.62894464,0.01887120418,76.62894464
qqp-rte,qqp,rte,encoder.layer.8.intermediate.dense,3072,0.003150861295,84.24011764,0.003150861295,84.24011764
qqp-rte,qqp,rte,encoder.layer.8.output.dense,768,0.02557939827,74.3577742,0.02557939827,74.3577742
qqp-rte,qqp,rte,encoder.layer.9.attention.output.dense,768,0.01772252074,74.80159741,0.01772252074,74.80159741
qqp-rte,qqp,rte,encoder.layer.9.attention.self.key,768,0.02296824892,75.79744055,0.02296824892,75.79744055
qqp-rte,qqp,rte,encoder.layer.9.attention.self.query,768,0.02413987686,74.73063266,0.02413987686,74.73063266
qqp-rte,qqp,rte,encoder.layer.9.attention.self.value,768,0.02474336244,71.71485018,0.02474336244,71.71485018
qqp-rte,qqp,rte,encoder.layer.9.intermediate.dense,3072,0.003466873241,84.17286075,0.003466873241,84.17286075
qqp-rte,qqp,rte,encoder.layer.9.output.dense,768,0.02004015786,75.78009501,0.02004015786,75.78009501
qqp-rte,qqp,rte,pooler.dense,768,0.0184394107,75.04399271,0.0184394107,75.04399271
mnli-qnli,mnli,qnli,encoder.layer.0.attention.output.dense,768,0.01167160324,78.52657314,0.01167160324,78.52657314
mnli-qnli,mnli,qnli,encoder.layer.0.attention.self.key,768,0.03155148817,68.74461228,0.03155148817,68.74461228
mnli-qnli,mnli,qnli,encoder.layer.0.attention.self.query,768,0.01765439158,75.25316862,0.01765439158,75.25316862
mnli-qnli,mnli,qnli,encoder.layer.0.attention.self.value,768,0.01956935152,75.89141711,0.01956935152,75.89141711
mnli-qnli,mnli,qnli,encoder.layer.0.intermediate.dense,3072,0.003288857964,84.12186831,0.003288857964,84.12186831
mnli-qnli,mnli,qnli,encoder.layer.0.output.dense,768,0.0114833766,79.22480924,0.0114833766,79.22480924
mnli-qnli,mnli,qnli,encoder.layer.1.attention.output.dense,768,0.01273808771,79.22950199,0.01273808771,79.22950199
mnli-qnli,mnli,qnli,encoder.layer.1.attention.self.key,768,0.01410736513,76.83393948,0.01410736513,76.83393948
mnli-qnli,mnli,qnli,encoder.layer.1.attention.self.query,768,0.01885144172,75.02929827,0.01885144172,75.02929827
mnli-qnli,mnli,qnli,encoder.layer.1.attention.self.value,768,0.02982965989,69.43593195,0.02982965989,69.43593195
mnli-qnli,mnli,qnli,encoder.layer.1.intermediate.dense,3072,0.002683224487,85.00983143,0.002683224487,85.00983143
mnli-qnli,mnli,qnli,encoder.layer.1.output.dense,768,0.01404327228,77.65417526,0.01404327228,77.65417526
mnli-qnli,mnli,qnli,encoder.layer.10.attention.output.dense,768,0.01737524657,75.09313703,0.01737524657,75.09313703
mnli-qnli,mnli,qnli,encoder.layer.10.attention.self.key,768,0.02188608624,76.79046894,0.02188608624,76.79046894
mnli-qnli,mnli,qnli,encoder.layer.10.attention.self.query,768,0.02204038623,75.71937844,0.02204038623,75.71937844
mnli-qnli,mnli,qnli,encoder.layer.10.attention.self.value,768,0.01740932391,77.69889666,0.01740932391,77.69889666
mnli-qnli,mnli,qnli,encoder.layer.10.intermediate.dense,3072,0.004907602207,81.13380723,0.004907602207,81.13380723
mnli-qnli,mnli,qnli,encoder.layer.10.output.dense,768,0.01862547061,76.56567945,0.01862547061,76.56567945
mnli-qnli,mnli,qnli,encoder.layer.11.attention.output.dense,768,0.02272063012,72.23318143,0.02272063012,72.23318143
mnli-qnli,mnli,qnli,encoder.layer.11.attention.self.key,768,0.02291080002,74.93475492,0.02291080002,74.93475492
mnli-qnli,mnli,qnli,encoder.layer.11.attention.self.query,768,0.01888034243,75.96372698,0.01888034243,75.96372698
mnli-qnli,mnli,qnli,encoder.layer.11.attention.self.value,768,0.03433128284,69.63659627,0.03433128284,69.63659627
mnli-qnli,mnli,qnli,encoder.layer.11.intermediate.dense,3072,0.01528999483,72.07895773,0.01528999483,72.07895773
mnli-qnli,mnli,qnli,encoder.layer.11.output.dense,768,0.03171081235,66.50200307,0.03171081235,66.50200307
mnli-qnli,mnli,qnli,encoder.layer.2.attention.output.dense,768,0.01184317598,79.65780756,0.01184317598,79.65780756
mnli-qnli,mnli,qnli,encoder.layer.2.attention.self.key,768,0.01363396512,79.06153911,0.01363396512,79.06153911
mnli-qnli,mnli,qnli,encoder.layer.2.attention.self.query,768,0.01494092631,77.95622978,0.01494092631,77.95622978
mnli-qnli,mnli,qnli,encoder.layer.2.attention.self.value,768,0.01664138101,76.50968578,0.01664138101,76.50968578
mnli-qnli,mnli,qnli,encoder.layer.2.intermediate.dense,3072,0.002306701748,85.44575369,0.002306701748,85.44575369
mnli-qnli,mnli,qnli,encoder.layer.2.output.dense,768,0.01272376556,79.0613665,0.01272376556,79.0613665
mnli-qnli,mnli,qnli,encoder.layer.3.attention.output.dense,768,0.0155413777,77.34350091,0.0155413777,77.34350091
mnli-qnli,mnli,qnli,encoder.layer.3.attention.self.key,768,0.01638361848,75.4207963,0.01638361848,75.4207963
mnli-qnli,mnli,qnli,encoder.layer.3.attention.self.query,768,0.01656449146,77.18307766,0.01656449146,77.18307766
mnli-qnli,mnli,qnli,encoder.layer.3.attention.self.value,768,0.01692630481,76.87028829,0.01692630481,76.87028829
mnli-qnli,mnli,qnli,encoder.layer.3.intermediate.dense,3072,0.004688022613,82.18455839,0.004688022613,82.18455839
mnli-qnli,mnli,qnli,encoder.layer.3.output.dense,768,0.019341297,74.47307638,0.019341297,74.47307638
mnli-qnli,mnli,qnli,encoder.layer.4.attention.output.dense,768,0.01538029152,77.7462495,0.01538029152,77.7462495
mnli-qnli,mnli,qnli,encoder.layer.4.attention.self.key,768,0.01599294661,77.63618666,0.01599294661,77.63618666
mnli-qnli,mnli,qnli,encoder.layer.4.attention.self.query,768,0.01792691283,76.15366485,0.01792691283,76.15366485
mnli-qnli,mnli,qnli,encoder.layer.4.attention.self.value,768,0.01450771508,78.3519888,0.01450771508,78.3519888
mnli-qnli,mnli,qnli,encoder.layer.4.intermediate.dense,3072,0.003230494284,83.81662935,0.003230494284,83.81662935
mnli-qnli,mnli,qnli,encoder.layer.4.output.dense,768,0.01240119147,78.52687044,0.01240119147,78.52687044
mnli-qnli,mnli,qnli,encoder.layer.5.attention.output.dense,768,0.009253308037,80.37655984,0.009253308037,80.37655984
mnli-qnli,mnli,qnli,encoder.layer.5.attention.self.key,768,0.01184614234,78.58759401,0.01184614234,78.58759401
mnli-qnli,mnli,qnli,encoder.layer.5.attention.self.query,768,0.0155333105,77.32203518,0.0155333105,77.32203518
mnli-qnli,mnli,qnli,encoder.layer.5.attention.self.value,768,0.0169487925,76.76851447,0.0169487925,76.76851447
mnli-qnli,mnli,qnli,encoder.layer.5.intermediate.dense,3072,0.003487762159,84.07324486,0.003487762159,84.07324486
mnli-qnli,mnli,qnli,encoder.layer.5.output.dense,768,0.01368307711,78.58353949,0.01368307711,78.58353949
mnli-qnli,mnli,qnli,encoder.layer.6.attention.output.dense,768,0.01163912589,79.71857921,0.01163912589,79.71857921
mnli-qnli,mnli,qnli,encoder.layer.6.attention.self.key,768,0.02018350995,76.50500817,0.02018350995,76.50500817
mnli-qnli,mnli,qnli,encoder.layer.6.attention.self.query,768,0.01263559798,78.49109169,0.01263559798,78.49109169
mnli-qnli,mnli,qnli,encoder.layer.6.attention.self.value,768,0.01322699768,79.44101544,0.01322699768,79.44101544
mnli-qnli,mnli,qnli,encoder.layer.6.intermediate.dense,3072,0.002589343919,84.22398089,0.002589343919,84.22398089
mnli-qnli,mnli,qnli,encoder.layer.6.output.dense,768,0.01410428472,77.81949535,0.01410428472,77.81949535
mnli-qnli,mnli,qnli,encoder.layer.7.attention.output.dense,768,0.01646239095,78.52207651,0.01646239095,78.52207651
mnli-qnli,mnli,qnli,encoder.layer.7.attention.self.key,768,0.0184189713,74.60780603,0.0184189713,74.60780603
mnli-qnli,mnli,qnli,encoder.layer.7.attention.self.query,768,0.02544246565,71.65893596,0.02544246565,71.65893596
mnli-qnli,mnli,qnli,encoder.layer.7.attention.self.value,768,0.01310262564,78.20228767,0.01310262564,78.20228767
mnli-qnli,mnli,qnli,encoder.layer.7.intermediate.dense,3072,0.00416536311,83.26821673,0.00416536311,83.26821673
mnli-qnli,mnli,qnli,encoder.layer.7.output.dense,768,0.01651430141,76.68293207,0.01651430141,76.68293207
mnli-qnli,mnli,qnli,encoder.layer.8.attention.output.dense,768,0.01555613137,77.10157311,0.01555613137,77.10157311
mnli-qnli,mnli,qnli,encoder.layer.8.attention.self.key,768,0.01751198106,75.19014759,0.01751198106,75.19014759
mnli-qnli,mnli,qnli,encoder.layer.8.attention.self.query,768,0.02495941232,74.5337066,0.02495941232,74.5337066
mnli-qnli,mnli,qnli,encoder.layer.8.attention.self.value,768,0.009907229178,80.99398636,0.009907229178,80.99398636
mnli-qnli,mnli,qnli,encoder.layer.8.intermediate.dense,3072,0.003779265439,83.28539198,0.003779265439,83.28539198
mnli-qnli,mnli,qnli,encoder.layer.8.output.dense,768,0.01450375123,77.37129787,0.01450375123,77.37129787
mnli-qnli,mnli,qnli,encoder.layer.9.attention.output.dense,768,0.01549410376,77.3595846,0.01549410376,77.3595846
mnli-qnli,mnli,qnli,encoder.layer.9.attention.self.key,768,0.02281880737,74.18456761,0.02281880737,74.18456761
mnli-qnli,mnli,qnli,encoder.layer.9.attention.self.query,768,0.02913819892,74.68410417,0.02913819892,74.68410417
mnli-qnli,mnli,qnli,encoder.layer.9.attention.self.value,768,0.01654403673,75.96853412,0.01654403673,75.96853412
mnli-qnli,mnli,qnli,encoder.layer.9.intermediate.dense,3072,0.002813088213,84.42322177,0.002813088213,84.42322177
mnli-qnli,mnli,qnli,encoder.layer.9.output.dense,768,0.01931326909,75.82338813,0.01931326909,75.82338813
mnli-qnli,mnli,qnli,pooler.dense,768,0.03850361857,66.5243209,0.03850361857,66.5243209
mnli-rte,mnli,rte,encoder.layer.0.attention.output.dense,768,0.01584168723,77.37311701,0.01584168723,77.37311701
mnli-rte,mnli,rte,encoder.layer.0.attention.self.key,768,0.02637076326,69.86180861,0.02637076326,69.86180861
mnli-rte,mnli,rte,encoder.layer.0.attention.self.query,768,0.01717396255,76.78195182,0.01717396255,76.78195182
mnli-rte,mnli,rte,encoder.layer.0.attention.self.value,768,0.01265929557,77.26978213,0.01265929557,77.26978213
mnli-rte,mnli,rte,encoder.layer.0.intermediate.dense,3072,0.002590903068,85.08040167,0.002590903068,85.08040167
mnli-rte,mnli,rte,encoder.layer.0.output.dense,768,0.01171020009,78.08388698,0.01171020009,78.08388698
mnli-rte,mnli,rte,encoder.layer.1.attention.output.dense,768,0.01316614217,79.18093253,0.01316614217,79.18093253
mnli-rte,mnli,rte,encoder.layer.1.attention.self.key,768,0.01342018176,78.06559942,0.01342018176,78.06559942
mnli-rte,mnli,rte,encoder.layer.1.attention.self.query,768,0.01835158332,76.53333833,0.01835158332,76.53333833
mnli-rte,mnli,rte,encoder.layer.1.attention.self.value,768,0.01457002741,76.51825016,0.01457002741,76.51825016
mnli-rte,mnli,rte,encoder.layer.1.intermediate.dense,3072,0.003051623923,83.76177111,0.003051623923,83.76177111
mnli-rte,mnli,rte,encoder.layer.1.output.dense,768,0.01234845797,78.02073193,0.01234845797,78.02073193
mnli-rte,mnli,rte,encoder.layer.10.attention.output.dense,768,0.01699816145,76.69101805,0.01699816145,76.69101805
mnli-rte,mnli,rte,encoder.layer.10.attention.self.key,768,0.0203731702,74.22795666,0.0203731702,74.22795666
mnli-rte,mnli,rte,encoder.layer.10.attention.self.query,768,0.01694014935,77.15970115,0.01694014935,77.15970115
mnli-rte,mnli,rte,encoder.layer.10.attention.self.value,768,0.01284641932,78.54626705,0.01284641932,78.54626705
mnli-rte,mnli,rte,encoder.layer.10.intermediate.dense,3072,0.00317827206,84.47484714,0.00317827206,84.47484714
mnli-rte,mnli,rte,encoder.layer.10.output.dense,768,0.02263542613,75.34462617,0.02263542613,75.34462617
mnli-rte,mnli,rte,encoder.layer.11.attention.output.dense,768,0.02128282689,74.56689415,0.02128282689,74.56689415
mnli-rte,mnli,rte,encoder.layer.11.attention.self.key,768,0.01705776421,75.58283092,0.01705776421,75.58283092
mnli-rte,mnli,rte,encoder.layer.11.attention.self.query,768,0.01462360168,78.1662671,0.01462360168,78.1662671
mnli-rte,mnli,rte,encoder.layer.11.attention.self.value,768,0.02506781107,72.8524232,0.02506781107,72.8524232
mnli-rte,mnli,rte,encoder.layer.11.intermediate.dense,3072,0.004774702919,81.33499699,0.004774702919,81.33499699
mnli-rte,mnli,rte,encoder.layer.11.output.dense,768,0.0244200755,71.31339992,0.0244200755,71.31339992
mnli-rte,mnli,rte,encoder.layer.2.attention.output.dense,768,0.01374320049,79.07932497,0.01374320049,79.07932497
mnli-rte,mnli,rte,encoder.layer.2.attention.self.key,768,0.01549754962,76.94013502,0.01549754962,76.94013502
mnli-rte,mnli,rte,encoder.layer.2.attention.self.query,768,0.01362980193,79.16895714,0.01362980193,79.16895714
mnli-rte,mnli,rte,encoder.layer.2.attention.self.value,768,0.009690817198,80.18081844,0.009690817198,80.18081844
mnli-rte,mnli,rte,encoder.layer.2.intermediate.dense,3072,0.003444707303,84.29817051,0.003444707303,84.29817051
mnli-rte,mnli,rte,encoder.layer.2.output.dense,768,0.01186825972,77.82091346,0.01186825972,77.82091346
mnli-rte,mnli,rte,encoder.layer.3.attention.output.dense,768,0.0131975545,77.2799891,0.0131975545,77.2799891
mnli-rte,mnli,rte,encoder.layer.3.attention.self.key,768,0.01384508548,78.82418018,0.01384508548,78.82418018
mnli-rte,mnli,rte,encoder.layer.3.attention.self.query,768,0.01210813734,79.80615486,0.01210813734,79.80615486
mnli-rte,mnli,rte,encoder.layer.3.attention.self.value,768,0.01069035683,78.20154119,0.01069035683,78.20154119
mnli-rte,mnli,rte,encoder.layer.3.intermediate.dense,3072,0.002096311162,85.41936105,0.002096311162,85.41936105
mnli-rte,mnli,rte,encoder.layer.3.output.dense,768,0.01301099886,78.46529983,0.01301099886,78.46529983
mnli-rte,mnli,rte,encoder.layer.4.attention.output.dense,768,0.01448941028,78.39297957,0.01448941028,78.39297957
mnli-rte,mnli,rte,encoder.layer.4.attention.self.key,768,0.01653675891,76.67852963,0.01653675891,76.67852963
mnli-rte,mnli,rte,encoder.layer.4.attention.self.query,768,0.01628201141,77.57620704,0.01628201141,77.57620704
mnli-rte,mnli,rte,encoder.layer.4.attention.self.value,768,0.01219177622,79.20320365,0.01219177622,79.20320365
mnli-rte,mnli,rte,encoder.layer.4.intermediate.dense,3072,0.003602079314,83.75488751,0.003602079314,83.75488751
mnli-rte,mnli,rte,encoder.layer.4.output.dense,768,0.01381053395,77.38082555,0.01381053395,77.38082555
mnli-rte,mnli,rte,encoder.layer.5.attention.output.dense,768,0.01105796964,79.3680533,0.01105796964,79.3680533
mnli-rte,mnli,rte,encoder.layer.5.attention.self.key,768,0.01105049091,78.60563069,0.01105049091,78.60563069
mnli-rte,mnli,rte,encoder.layer.5.attention.self.query,768,0.01391289117,76.25107571,0.01391289117,76.25107571
mnli-rte,mnli,rte,encoder.layer.5.attention.self.value,768,0.009559979655,78.42705776,0.009559979655,78.42705776
mnli-rte,mnli,rte,encoder.layer.5.intermediate.dense,3072,0.002377339645,85.2298438,0.002377339645,85.2298438
mnli-rte,mnli,rte,encoder.layer.5.output.dense,768,0.01231748475,77.7389069,0.01231748475,77.7389069
mnli-rte,mnli,rte,encoder.layer.6.attention.output.dense,768,0.01768758529,78.44825497,0.01768758529,78.44825497
mnli-rte,mnli,rte,encoder.layer.6.attention.self.key,768,0.01405800714,77.76120839,0.01405800714,77.76120839
mnli-rte,mnli,rte,encoder.layer.6.attention.self.query,768,0.01854812856,76.40804911,0.01854812856,76.40804911
mnli-rte,mnli,rte,encoder.layer.6.attention.self.value,768,0.01348015531,77.4271021,0.01348015531,77.4271021
mnli-rte,mnli,rte,encoder.layer.6.intermediate.dense,3072,0.00247847169,85.42332902,0.00247847169,85.42332902
mnli-rte,mnli,rte,encoder.layer.6.output.dense,768,0.01369026078,77.79948816,0.01369026078,77.79948816
mnli-rte,mnli,rte,encoder.layer.7.attention.output.dense,768,0.0167196475,77.11860685,0.0167196475,77.11860685
mnli-rte,mnli,rte,encoder.layer.7.attention.self.key,768,0.01767093163,76.01850458,0.01767093163,76.01850458
mnli-rte,mnli,rte,encoder.layer.7.attention.self.query,768,0.01486400519,78.52595686,0.01486400519,78.52595686
mnli-rte,mnli,rte,encoder.layer.7.attention.self.value,768,0.01216549408,78.88021665,0.01216549408,78.88021665
mnli-rte,mnli,rte,encoder.layer.7.intermediate.dense,3072,0.00331473885,83.65591752,0.00331473885,83.65591752
mnli-rte,mnli,rte,encoder.layer.7.output.dense,768,0.01314494782,79.14666685,0.01314494782,79.14666685
mnli-rte,mnli,rte,encoder.layer.8.attention.output.dense,768,0.01466389526,78.32686785,0.01466389526,78.32686785
mnli-rte,mnli,rte,encoder.layer.8.attention.self.key,768,0.01279300288,79.2454326,0.01279300288,79.2454326
mnli-rte,mnli,rte,encoder.layer.8.attention.self.query,768,0.02312934575,74.88257223,0.02312934575,74.88257223
mnli-rte,mnli,rte,encoder.layer.8.attention.self.value,768,0.01162752062,78.91060222,0.01162752062,78.91060222
mnli-rte,mnli,rte,encoder.layer.8.intermediate.dense,3072,0.002791608214,84.60724022,0.002791608214,84.60724022
mnli-rte,mnli,rte,encoder.layer.8.output.dense,768,0.01451285157,77.41370136,0.01451285157,77.41370136
mnli-rte,mnli,rte,encoder.layer.9.attention.output.dense,768,0.02078131394,75.58382677,0.02078131394,75.58382677
mnli-rte,mnli,rte,encoder.layer.9.attention.self.key,768,0.01339044576,78.42298763,0.01339044576,78.42298763
mnli-rte,mnli,rte,encoder.layer.9.attention.self.query,768,0.02284463957,72.70790216,0.02284463957,72.70790216
mnli-rte,mnli,rte,encoder.layer.9.attention.self.value,768,0.01171925996,80.29979195,0.01171925996,80.29979195
mnli-rte,mnli,rte,encoder.layer.9.intermediate.dense,3072,0.002570232588,84.5747106,0.002570232588,84.5747106
mnli-rte,mnli,rte,encoder.layer.9.output.dense,768,0.01172584767,78.46076931,0.01172584767,78.46076931
mnli-rte,mnli,rte,pooler.dense,768,0.01721676379,76.61779496,0.01721676379,76.61779496
qnli-rte,qnli,rte,encoder.layer.0.attention.output.dense,768,0.02313186874,75.24258467,0.02313186874,75.24258467
qnli-rte,qnli,rte,encoder.layer.0.attention.self.key,768,0.02873936737,74.52061331,0.02873936737,74.52061331
qnli-rte,qnli,rte,encoder.layer.0.attention.self.query,768,0.02221872818,75.62787929,0.02221872818,75.62787929
qnli-rte,qnli,rte,encoder.layer.0.attention.self.value,768,0.02991631976,72.78479637,0.02991631976,72.78479637
qnli-rte,qnli,rte,encoder.layer.0.intermediate.dense,3072,0.003029915636,84.8390807,0.003029915636,84.8390807
qnli-rte,qnli,rte,encoder.layer.0.output.dense,768,0.02761177302,72.26675665,0.02761177302,72.26675665
qnli-rte,qnli,rte,encoder.layer.1.attention.output.dense,768,0.02078918584,75.00951474,0.02078918584,75.00951474
qnli-rte,qnli,rte,encoder.layer.1.attention.self.key,768,0.02562597943,75.06311263,0.02562597943,75.06311263
qnli-rte,qnli,rte,encoder.layer.1.attention.self.query,768,0.02864890956,72.46625324,0.02864890956,72.46625324
qnli-rte,qnli,rte,encoder.layer.1.attention.self.value,768,0.02233482524,74.08966737,0.02233482524,74.08966737
qnli-rte,qnli,rte,encoder.layer.1.intermediate.dense,3072,0.003805789675,84.081716,0.003805789675,84.081716
qnli-rte,qnli,rte,encoder.layer.1.output.dense,768,0.02312559693,75.47552432,0.02312559693,75.47552432
qnli-rte,qnli,rte,encoder.layer.10.attention.output.dense,768,0.0595173753,63.35321418,0.0595173753,63.35321418
qnli-rte,qnli,rte,encoder.layer.10.attention.self.key,768,0.02857629207,72.63413562,0.02857629207,72.63413562
qnli-rte,qnli,rte,encoder.layer.10.attention.self.query,768,0.02689187901,73.50581424,0.02689187901,73.50581424
qnli-rte,qnli,rte,encoder.layer.10.attention.self.value,768,0.01949423076,74.32436855,0.01949423076,74.32436855
qnli-rte,qnli,rte,encoder.layer.10.intermediate.dense,3072,0.003855105389,83.71309611,0.003855105389,83.71309611
qnli-rte,qnli,rte,encoder.layer.10.output.dense,768,0.03812785749,66.20949265,0.03812785749,66.20949265
qnli-rte,qnli,rte,encoder.layer.11.attention.output.dense,768,0.06294678577,62.22558406,0.06294678577,62.22558406
qnli-rte,qnli,rte,encoder.layer.11.attention.self.key,768,0.02832870922,72.86107832,0.02832870922,72.86107832
qnli-rte,qnli,rte,encoder.layer.11.attention.self.query,768,0.02172477891,77.1829772,0.02172477891,77.1829772
qnli-rte,qnli,rte,encoder.layer.11.attention.self.value,768,0.03922380858,65.3334061,0.03922380858,65.3334061
qnli-rte,qnli,rte,encoder.layer.11.intermediate.dense,3072,0.00736906382,79.15947851,0.00736906382,79.15947851
qnli-rte,qnli,rte,encoder.layer.11.output.dense,768,0.06860321733,53.67906689,0.06860321733,53.67906689
qnli-rte,qnli,rte,encoder.layer.2.attention.output.dense,768,0.02060322564,74.71406877,0.02060322564,74.71406877
qnli-rte,qnli,rte,encoder.layer.2.attention.self.key,768,0.02362843599,76.51683729,0.02362843599,76.51683729
qnli-rte,qnli,rte,encoder.layer.2.attention.self.query,768,0.02447181995,73.87066259,0.02447181995,73.87066259
qnli-rte,qnli,rte,encoder.layer.2.attention.self.value,768,0.0191296404,75.86082146,0.0191296404,75.86082146
qnli-rte,qnli,rte,encoder.layer.2.intermediate.dense,3072,0.003336792322,84.42067021,0.003336792322,84.42067021
qnli-rte,qnli,rte,encoder.layer.2.output.dense,768,0.02374959374,74.13831649,0.02374959374,74.13831649
qnli-rte,qnli,rte,encoder.layer.3.attention.output.dense,768,0.02327367835,75.98961771,0.02327367835,75.98961771
qnli-rte,qnli,rte,encoder.layer.3.attention.self.key,768,0.02997287887,72.87969881,0.02997287887,72.87969881
qnli-rte,qnli,rte,encoder.layer.3.attention.self.query,768,0.01845363039,76.16335778,0.01845363039,76.16335778
qnli-rte,qnli,rte,encoder.layer.3.attention.self.value,768,0.02969080913,72.31008969,0.02969080913,72.31008969
qnli-rte,qnli,rte,encoder.layer.3.intermediate.dense,3072,0.003756583416,84.18468487,0.003756583416,84.18468487
qnli-rte,qnli,rte,encoder.layer.3.output.dense,768,0.02924329035,73.59012967,0.02924329035,73.59012967
qnli-rte,qnli,rte,encoder.layer.4.attention.output.dense,768,0.03005745451,66.80176747,0.03005745451,66.80176747
qnli-rte,qnli,rte,encoder.layer.4.attention.self.key,768,0.0245698097,74.36139195,0.0245698097,74.36139195
qnli-rte,qnli,rte,encoder.layer.4.attention.self.query,768,0.01928777102,74.7754901,0.01928777102,74.7754901
qnli-rte,qnli,rte,encoder.layer.4.attention.self.value,768,0.01637336129,77.56557541,0.01637336129,77.56557541
qnli-rte,qnli,rte,encoder.layer.4.intermediate.dense,3072,0.00386830752,83.41314231,0.00386830752,83.41314231
qnli-rte,qnli,rte,encoder.layer.4.output.dense,768,0.03237732799,69.8957697,0.03237732799,69.8957697
qnli-rte,qnli,rte,encoder.layer.5.attention.output.dense,768,0.02851354862,68.5096111,0.02851354862,68.5096111
qnli-rte,qnli,rte,encoder.layer.5.attention.self.key,768,0.02657065546,73.76759371,0.02657065546,73.76759371
qnli-rte,qnli,rte,encoder.layer.5.attention.self.query,768,0.0230048487,75.2657531,0.0230048487,75.2657531
qnli-rte,qnli,rte,encoder.layer.5.attention.self.value,768,0.02006763377,75.0983395,0.02006763377,75.0983395
qnli-rte,qnli,rte,encoder.layer.5.intermediate.dense,3072,0.004322643625,83.52495584,0.004322643625,83.52495584
qnli-rte,qnli,rte,encoder.layer.5.output.dense,768,0.0226550378,73.36503308,0.0226550378,73.36503308
qnli-rte,qnli,rte,encoder.layer.6.attention.output.dense,768,0.02710556418,71.9816729,0.02710556418,71.9816729
qnli-rte,qnli,rte,encoder.layer.6.attention.self.key,768,0.02959193511,73.68981775,0.02959193511,73.68981775
qnli-rte,qnli,rte,encoder.layer.6.attention.self.query,768,0.01949413841,76.1654436,0.01949413841,76.1654436
qnli-rte,qnli,rte,encoder.layer.6.attention.self.value,768,0.01562351016,76.57386188,0.01562351016,76.57386188
qnli-rte,qnli,rte,encoder.layer.6.intermediate.dense,3072,0.00259975876,84.86021062,0.00259975876,84.86021062
qnli-rte,qnli,rte,encoder.layer.6.output.dense,768,0.02449254158,74.28147456,0.02449254158,74.28147456
qnli-rte,qnli,rte,encoder.layer.7.attention.output.dense,768,0.03653594172,70.8645568,0.03653594172,70.8645568
qnli-rte,qnli,rte,encoder.layer.7.attention.self.key,768,0.02630008656,72.94121997,0.02630008656,72.94121997
qnli-rte,qnli,rte,encoder.layer.7.attention.self.query,768,0.02495664738,72.68095377,0.02495664738,72.68095377
qnli-rte,qnli,rte,encoder.layer.7.attention.self.value,768,0.01309284886,78.54185753,0.01309284886,78.54185753
qnli-rte,qnli,rte,encoder.layer.7.intermediate.dense,3072,0.003439845886,84.39487557,0.003439845886,84.39487557
qnli-rte,qnli,rte,encoder.layer.7.output.dense,768,0.02963209083,72.13720869,0.02963209083,72.13720869
qnli-rte,qnli,rte,encoder.layer.8.attention.output.dense,768,0.02127048022,74.94562464,0.02127048022,74.94562464
qnli-rte,qnli,rte,encoder.layer.8.attention.self.key,768,0.03179732946,70.41116201,0.03179732946,70.41116201
qnli-rte,qnli,rte,encoder.layer.8.attention.self.query,768,0.02559392925,71.41937772,0.02559392925,71.41937772
qnli-rte,qnli,rte,encoder.layer.8.attention.self.value,768,0.02336883841,76.03613267,0.02336883841,76.03613267
qnli-rte,qnli,rte,encoder.layer.8.intermediate.dense,3072,0.003533619418,83.69872594,0.003533619418,83.69872594
qnli-rte,qnli,rte,encoder.layer.8.output.dense,768,0.02337621736,75.89251294,0.02337621736,75.89251294
qnli-rte,qnli,rte,encoder.layer.9.attention.output.dense,768,0.03161664893,71.6394552,0.03161664893,71.6394552
qnli-rte,qnli,rte,encoder.layer.9.attention.self.key,768,0.03268976143,71.31460016,0.03268976143,71.31460016
qnli-rte,qnli,rte,encoder.layer.9.attention.self.query,768,0.02736255168,73.10616203,0.02736255168,73.10616203
qnli-rte,qnli,rte,encoder.layer.9.attention.self.value,768,0.0173284281,76.58521362,0.0173284281,76.58521362
qnli-rte,qnli,rte,encoder.layer.9.intermediate.dense,3072,0.00433785578,83.85321844,0.00433785578,83.85321844
qnli-rte,qnli,rte,encoder.layer.9.output.dense,768,0.0300324534,71.06946553,0.0300324534,71.06946553
qnli-rte,qnli,rte,pooler.dense,768,0.0172648918,75.89503701,0.0172648918,75.89503701
