backbone,pop,pair,a1,a2,task1,task2,lam_sel,D,single_eval_t1,single_eval_t2,Deval_0.3,hold_0.3,eval1_0.3,eval2_0.3,Deval_0.5,hold_0.5,eval1_0.5,eval2_0.5,Deval_0.7,hold_0.7,eval1_0.7,eval2_0.7,Deval_1.0,hold_1.0,eval1_1.0,eval2_1.0,O_A,tv_cosine,mean_theta_min_A_deg,min_theta_min_A_deg,n_layers_theta_min_lt30_A,sign_conflict_top20,sign_conflict_all,norm_ratio,tvnorm_t1,tvnorm_t2,n_layers,Deval_1.3,hold_1.3,eval1_1.3,eval2_1.3,Deval_1.5,hold_1.5,eval1_1.5,eval2_1.5,Deval_2.0,hold_2.0,eval1_2.0,eval2_2.0,N1_w,N2_w,cos_w,lam_np,lam_pp,layer_maxcos,layer_wcos,layer_dominance,log_norm_ratio,log_O_A,frac_lt30
bert,R0,cola-sst2,cola@s0,sst2@s0,cola,sst2,0.7,0.06300622475688855,0.8235858101629914,0.9185779816513762,0.13802304744215244,0.8951999815472621,0.725790987535954,0.7740825688073395,0.08626295128760764,0.9330191242125551,0.7411313518696069,0.8520642201834863,0.06300622475688855,0.9557262433813618,0.7516778523489933,0.8830275229357798,0.06100712293567856,0.9542410542664268,0.7488015340364333,0.8899082568807339,0.01711932498,0.001211556383,77.02733397,60.55158562,0,0.4981104298,0.4995736308,1.483668944,72.68933838,107.8469139,73,,,,,,,,,,,,,72.68933837721629,107.8469139470463,0.0012115563932238113,0.6936790763799824,0.9986894199398829,0.010082967796877422,0.0012165598214440075,0.3979439170217406,0.39451803630039894,-4.067547337784192,0.0
bert,R0,cola-mrpc,cola@s0,mrpc@s0,cola,mrpc,0.7,0.03899044864848533,0.8235858101629914,0.8504901960784313,0.13146611736051228,0.8603840506985042,0.7660594439117929,0.6862745098039216,0.08571054741623696,0.9030909291251352,0.8034515819750719,0.7254901960784313,0.03899044864848533,0.9463331139495339,0.8092042186001918,0.7990196078431373,0.08752218416293989,0.9456727290054172,0.7411313518696069,0.7867647058823529,0.01797916719,0.001504954266,76.91556894,56.40309727,0,0.497853169,0.4994013117,1.605236992,72.68933838,45.28262102,73,,,,,,,,,,,,,72.68933837721629,45.28262102476059,0.0015049542590249902,0.6882998007114087,0.9982551926147831,0.02862085454348406,0.0015385180246971814,0.48718330593471026,0.4732714042485042,-4.0185415696988365,0.0
bert,R0,cola-stsb,cola@s0,stsb@s0,cola,stsb,0.7,0.02844338974358651,0.8235858101629914,0.8894423461191261,0.05488533662304573,0.9226789506305413,0.7670182166826462,0.8528985788079353,0.03146168336327437,0.9722592294516446,0.7861936720997124,0.8738577713209582,0.02844338974358651,0.9748385096432526,0.7967401725790988,0.8678371354988069,0.057420603871146225,0.936222251164177,0.7948226270373921,0.818360891434289,0.01750892911,0.0004039541808,76.9141782,60.81437965,0,0.4995569339,0.4996387642,1.299912648,72.68933838,55.91863308,73,,,,,,,,,,,,,72.68933837721629,55.91863308295269,0.00040395419751826736,0.7010335001945875,0.9995750417509182,0.033727682902261615,0.00041306217112590886,0.26816776373166884,0.2622970683637296,-4.0450442933210695,0.0
bert,R0,cola-mnli,cola@s0,mnli@s0,cola,mnli,0.7,0.09678258434287035,0.8235858101629914,0.8237391747325522,0.3038323171368241,0.6712786020907441,0.7468839884947267,0.3998981151299032,0.1762031471494302,0.8102582095392772,0.7440076701821668,0.6130412633723892,0.09678258434287035,0.9016951621018068,0.7305848513902206,0.7573102394294448,0.10458602321233279,0.8912561529250116,0.716203259827421,0.7588385124808966,0.01294775021,0.0005275837244,78.68967753,60.33227289,0,0.4991848589,0.499739975,2.385414771,72.68933838,173.3942214,73,,,,,,,,,,,,,72.68933837721629,173.39422144404278,0.0005275837319375916,0.6543054537966505,0.9986605352232472,0.017642905700810535,0.0006329203302898417,0.9115159294502025,0.8693730173961314,-4.346833234886743,0.0
bert,R0,cola-qnli,cola@s0,qnli@s0,cola,qnli,0.7,0.04760968214871042,0.8235858101629914,0.8976752699981695,0.1807008889656967,0.8103961652877967,0.725790987535954,0.6798462383305875,0.07949807431912759,0.9119735411480956,0.7468839884947267,0.8385502471169687,0.04760968214871042,0.9479474244840966,0.7641418983700863,0.8769906644700713,0.07617454189115525,0.9174264709940559,0.7679769894534996,0.8215266337177375,0.0157221817,0.000714018438,77.50268321,59.23189628,0,0.4987921234,0.499570468,1.472966376,72.68933838,107.0689514,73,,,,,,,,,,,,,72.68933837721629,107.0689513627196,0.0007140184469246283,0.6942883506038566,0.9991431175446142,0.03231119207450857,0.0007576562597817223,0.3956256274696368,0.38727831033604554,-4.152682716623545,0.0
bert,R0,cola-rte,cola@s0,rte@s0,cola,rte,0.7,0.03401198153065366,0.8235858101629914,0.6425992779783394,0.12309191508286355,0.8337253911798792,0.7411313518696069,0.5487364620938628,0.07511020130541135,0.9146761026967525,0.7785234899328859,0.5812274368231047,0.03401198153065366,0.9692859763784392,0.8092042186001918,0.6101083032490975,0.06607500228904795,0.9152673683139756,0.8072866730584851,0.5703971119133574,0.01927391877,0.001419430253,76.66204352,51.91676881,0,0.4978153647,0.4993431646,2.249316791,72.68933838,32.31618538,73,,,,,,,,,,,,,72.68933837721629,32.31618537712247,0.0014194302593800543,0.6596561310449622,0.9980495786189587,0.030729672821981628,0.0014427233226589316,0.8312929657305289,0.810626521661361,-3.9490024560477583,0.0
bert,R0,cola-wic,cola@s0,wic@s0,cola,wic,0.7,0.038238471300170884,0.8235858101629914,0.6959247648902821,0.09600126902222361,0.8709331548399293,0.7526366251198466,0.622257053291536,0.05597856296342907,0.9359182339069294,0.7833173537871524,0.6520376175548589,0.038238471300170884,0.9575365431157635,0.7976989453499521,0.664576802507837,0.05276405625648928,0.9182463023046101,0.8034515819750719,0.6394984326018809,0.01797664822,0.0008813448519,77.0405202,55.46735415,0,0.4984896816,0.4996785482,1.18282322,72.68933838,61.45410164,73,,,,,,,,,,,,,72.68933837721629,61.45410163994193,0.0008813448532652978,0.7043335993767473,0.9990665526645919,0.02942485685943035,0.0009056580075886178,0.18669346403886772,0.1679041401866506,-4.018681684446641,0.0
bert,R0,cola-snli,cola@s0,snli@s0,cola,snli,0.7,0.0541473916846249,0.8235858101629914,0.8702499491973176,0.28681370360327474,0.7063315657447687,0.7286673058485139,0.47134728713676083,0.09609165547035703,0.901743677527185,0.7593480345158198,0.7708799024588499,0.0541473916846249,0.9454229366987759,0.775647171620326,0.8266612477138793,0.09522959060583758,0.9200392294968869,0.7670182166826462,0.764275553749238,0.01504520669,0.0007174628492,77.90899846,63.22119461,0,0.4991888254,0.4997870025,1.438708798,72.68933838,104.5787906,73,,,,,,,,,,,,,72.68933837721629,104.57879063833236,0.000717462853729,0.6957016904014848,0.9990950117913667,0.012409880545989498,0.0007727229346237178,0.3723147615637569,0.3637460432850799,-4.19669583087552,0.0
bert,R0,cola-scitail,cola@s0,scitail@s0,cola,scitail,1.0,0.03417007603766198,0.8235858101629914,0.933282208588957,0.22165423286522035,0.7106331631554278,0.7603068072866731,0.5912576687116564,0.1339717793042492,0.849218364011807,0.7842761265580057,0.727760736196319,0.04892562963756564,0.940904138743555,0.8072866730584851,0.8604294478527608,0.03417007603766198,0.968138515525039,0.7909875359539789,0.906441717791411,0.01661178502,0.0004728627754,77.63331507,62.89461575,0,0.4992489405,0.4997775081,1.09909989,72.68933838,66.13533405,73,,,,,,,,,,,,,72.68933837721629,66.13533405369864,0.00047286277881496337,0.7061538850331798,0.9995142851730486,0.012569714955109694,0.0004771936023167937,0.11727254287728317,0.09449156301082742,-4.09764289454466,0.0
bert,R0,cola-ag_news,cola@s0,ag_news@s0,cola,ag_news,0.7,0.05350437802479269,0.8235858101629914,0.9386842105263158,0.13707040968286122,0.855456115801182,0.7238734419942474,0.795,0.06839364397417413,0.9254201842198337,0.7392138063279002,0.9064473684210527,0.05350437802479269,0.9437614368531932,0.7468839884947267,0.9256578947368421,0.051465901536298486,0.9370390019119087,0.7440076701821668,0.9327631578947368,0.01600335707,0.0005866150932,77.54646943,50.96866004,0,0.4987597387,0.4998430274,1.521177651,72.68933838,110.573397,73,,,,,,,,,,,,,72.68933837721629,110.57339697426056,0.0005866151004034427,0.6922795568951349,0.9993374834798763,0.0107066737613797,0.0005965915989467351,0.4269649822856512,0.4194848052732731,-4.134956761875838,0.0
bert,R0,cola-imdb,cola@s0,imdb@s0,cola,imdb,1.0,0.07994072519206807,0.8235858101629914,0.8898,0.2109265244102676,0.7767924141692994,0.7229146692233941,0.6232,0.1415584750310792,0.8505324701575813,0.7535953978907,0.7135,0.10737962592998751,0.8905224188488344,0.775647171620326,0.7505,0.07994072519206807,0.933009965471124,0.7871524448705657,0.7869,0.0174254519,0.0007598704926,76.79087212,57.24158834,0,0.4990899855,0.4996591034,1.140284539,72.68933838,63.74666662,73,,,,,,,,,,,,,72.68933837721629,63.746666615033746,0.0007598704785467021,0.7053271134241165,0.9992702794280198,0.021287525465465706,0.0007533014994696336,0.14997587928381395,0.13127782687663608,-4.04982338866896,0.0
bert,R0,cola-trec,cola@s0,trec@s0,cola,trec,0.7,0.03615475648172928,0.8235858101629914,0.966,0.16230895860900418,0.8124283046296368,0.7267497603068073,0.766,0.0560777735196929,0.9150500877589656,0.7516778523489933,0.942,0.03615475648172928,0.9447246259066511,0.7708533077660594,0.958,0.047155077043217974,0.9395101848942167,0.7766059443911792,0.93,0.01858611275,0.001195145178,76.67276265,60.32515516,0,0.4984579867,0.4997296447,1.441456286,72.68933838,50.42770916,73,,,,,,,,,,,,,72.68933837721629,50.42770916279499,0.0011951451808874132,0.6954342439104947,0.9986784613180251,0.013464746285805,0.0012225548990860216,0.3801036679024137,0.3656539122809645,-3.9853406034713297,0.0
bert,R0,cola-yelp_polarity,cola@s0,yelp_polarity@s0,cola,yelp_polarity,0.7,0.06463482411544763,0.8235858101629914,0.9407,0.14454410822545272,0.8488156930284532,0.7344199424736337,0.7706,0.0728034494412737,0.9174675667502166,0.7593480345158198,0.8771,0.06463482411544763,0.9388663355425362,0.7459252157238735,0.9078,0.05538379328399956,0.9356383878457968,0.7449664429530202,0.9263,0.01621106457,0.0007833038009,77.27095667,58.48309702,0,0.4986440023,0.4996104741,1.374575354,72.68933838,99.91697303,73,,,,,,,,,,,,,72.68933837721629,99.91697302557456,0.0007833038136730203,0.6982099593590423,0.9992051930347584,0.03151993266435328,0.0007753766241282561,0.32422227999550696,0.318144849965117,-4.122061271732737,0.0
bert,R0,sst2-mrpc,sst2@s0,mrpc@s0,sst2,mrpc,0.7,0.014747415874249326,0.9185779816513762,0.8504901960784313,0.09966288537023238,0.8851773544049417,0.9128440366972477,0.6862745098039216,0.06378554184790619,0.9249623994872542,0.9231651376146789,0.7377450980392157,0.014747415874249326,0.9728344275146381,0.9311926605504587,0.8137254901960784,0.18823013020467938,0.8407634244682942,0.9036697247706422,0.5441176470588235,0.01586210825,0.0009494489809,77.59234549,61.78046872,0,0.498427227,0.4996324152,2.381640274,107.8469139,45.28262102,73,,,,,,,,,,,,,107.8469139470463,45.28262102476059,0.0009494489768341735,0.6543579911861976,0.9987169319594572,0.015785739382664633,0.0009420591149751226,0.8848256521992179,0.8677894410567983,-4.143822142858102,0.0
bert,R0,sst2-stsb,sst2@s0,stsb@s0,sst2,stsb,0.5,0.024102707536125978,0.9185779816513762,0.8894423461191261,0.02509018243556449,0.9366595356429803,0.9094036697247706,0.8536931239710867,0.024102707536125978,0.9556141040804664,0.9151376146788991,0.8498976533836353,0.06838606896855781,0.9130633490637088,0.9243119266055045,0.7622393402985772,0.23429918316334486,0.7557158500081316,0.9139908256880734,0.47709277544195106,0.01593962822,0.001367524979,77.51069499,64.68965964,0,0.498162095,0.499727312,1.928640026,107.8469139,55.91863308,73,,,,,,,,,,,,,107.8469139470463,55.91863308295269,0.0013675249762716778,0.673656390099019,0.998338330226424,0.01351662936283694,0.001371193662538789,0.667694938784228,0.6568151047935443,-4.138946929605997,0.0
bert,R0,sst2-mnli,sst2@s0,mnli@s0,sst2,mnli,0.7,0.062418729834460174,0.9185779816513762,0.8237391747325522,0.2371578662108358,0.7239213193167284,0.908256880733945,0.4422822210901681,0.08208477807193704,0.918732829280476,0.9025229357798165,0.7029037187977585,0.062418729834460174,0.9301061841079552,0.9025229357798165,0.735303107488538,0.14614431404158523,0.8557678480878537,0.8922018348623854,0.6066225165562914,0.01383671936,0.0007998696455,78.20811253,64.58661641,0,0.4988161419,0.4997269612,1.607781021,107.8469139,173.3942214,73,,,,,,,,,,,,,107.8469139470463,173.39422144404278,0.00079986964577241,0.6884037737094287,0.9987345242396356,0.009762112501267671,0.0009343792793576463,0.5032833231248696,0.47485498051315517,-4.280429397353572,0.0
bert,R0,sst2-qnli,sst2@s0,qnli@s0,sst2,qnli,0.5,0.029492854568005322,0.9185779816513762,0.8976752699981695,0.1143942471991577,0.875480926217755,0.9094036697247706,0.7012630422844591,0.029492854568005322,0.9605758810473661,0.9254587155963303,0.8380010982976387,0.03493402924158828,0.9557796328634098,0.9220183486238532,0.8315943620721216,0.16510242600501412,0.8366637326026567,0.8967889908256881,0.6225517115138203,0.01485736511,0.0007113794769,77.908331,60.56692695,0,0.4989871708,0.4998055469,1.007265996,107.8469139,107.0689514,73,,,,,,,,,,,,,107.8469139470463,107.0689513627196,0.0007113794766219699,0.706850780233405,0.9992884739578966,0.01060945369523699,0.0007141552623298055,0.08113824393206871,0.007239725826958021,-4.209259569681044,0.0
bert,R0,sst2-rte,sst2@s0,rte@s0,sst2,rte,0.7,0.07147315855181025,0.9185779816513762,0.6425992779783394,0.0895755305867666,0.8680319979066791,0.893348623853211,0.5451263537906137,0.059300873907615514,0.927502406384629,0.9128440366972477,0.5703971119133574,0.07147315855181025,0.9283722871712441,0.9162844036697247,0.5523465703971119,0.15074906367041208,0.8648709897483342,0.9151376146788991,0.45126353790613716,0.01595033956,0.001415837177,77.78640345,62.75800035,0,0.4981004162,0.4994018613,3.337241468,107.8469139,32.31618538,73,,,,,,,,,,,,,107.8469139470463,32.31618537712247,0.0014158371851411466,0.6222368019855306,0.9977416311123927,0.023394703034187385,0.001317251458975101,1.2335252540081327,1.2051445579544369,-4.138275160949679,0.0
bert,R0,sst2-wic,sst2@s0,wic@s0,sst2,wic,0.5,0.0435393258426966,0.9185779816513762,0.6959247648902821,0.06453082295778922,0.9130437381926011,0.8910550458715596,0.6269592476489029,0.0435393258426966,0.9469494065411994,0.9151376146788991,0.6379310344827587,0.05129989540101898,0.9453053383392719,0.9174311926605505,0.6253918495297806,0.07743276984850023,0.9050286566069621,0.9025229357798165,0.6003134796238244,0.01446644992,0.0006307458872,78.16099389,62.12214253,0,0.499091912,0.4996910241,1.754918078,107.8469139,61.45410164,73,,,,,,,,,,,,,107.8469139470463,61.45410163994193,0.0006307458835508134,0.6817808288770498,0.9993307541264647,0.016284295819799552,0.0006113307921426784,0.5735869430432398,0.5624221766260421,-4.235923109144605,0.0
bert,R0,sst2-snli,sst2@s0,snli@s0,sst2,snli,0.7,0.04449713689761703,0.9185779816513762,0.8702499491973176,0.220679710781838,0.7671774099732933,0.893348623853211,0.5100589311115626,0.04598783044836685,0.9396662038171473,0.9139908256880734,0.7945539524486893,0.04449713689761703,0.9599963120546311,0.908256880733945,0.8025807762649868,0.14729552157876213,0.8745325096096966,0.8818807339449541,0.6486486486486487,0.0149980966,0.001090960525,77.71456902,59.3209421,0,0.4984592051,0.4997167653,1.031250345,107.8469139,104.5787906,73,,,,,,,,,,,,,107.8469139470463,104.57879063833236,0.0010909605328363707,0.7066379432876927,0.9989180893408962,0.017154871960815596,0.0010914076976956978,0.10435402718596867,0.03077199321215218,-4.199831979264901,0.0
bert,R0,sst2-scitail,sst2@s0,scitail@s0,sst2,scitail,0.7,0.03515121299690094,0.9185779816513762,0.933282208588957,0.17432605299251036,0.7671603610649462,0.9002293577981652,0.6265337423312883,0.055906903552153886,0.9190992928601688,0.9139908256880734,0.8335889570552147,0.03515121299690094,0.9440056049793072,0.9151376146788991,0.8711656441717791,0.16193706100734806,0.8331128273644648,0.9094036697247706,0.6403374233128835,0.01545044603,0.001196363991,77.88460349,59.42909796,0,0.4985264976,0.499701448,1.630700374,107.8469139,66.13533405,73,,,,,,,,,,,,,107.8469139470463,66.13533405369864,0.001196363991957915,0.6872549256261253,0.9985741076222037,0.020234554338689287,0.0012368723882476321,0.49937912964695785,0.48900959983442727,-4.170117406799428,0.0
bert,R0,sst2-ag_news,sst2@s0,ag_news@s0,sst2,ag_news,0.7,0.024066321639582222,0.9185779816513762,0.9386842105263158,0.07661417761019917,0.9266247379454927,0.8589449541284404,0.8557894736842105,0.030928276156066525,0.9753668763102725,0.8853211009174312,0.9146052631578947,0.024066321639582222,0.9853249475890985,0.8864678899082569,0.9263157894736842,0.033990312781857046,0.969077568134172,0.8692660550458715,0.9252631578947368,0.01528940775,0.0005347706503,77.909436,57.7768732,0,0.4994881458,0.4998644248,1.025281048,107.8469139,110.573397,73,,,,,,,,,,,,,107.8469139470463,110.57339697426056,0.0005347706568842233,0.7068627767989099,0.9994699520139979,0.009327915945651325,0.0005353666827732419,0.09185547123042105,0.024966768177025894,-4.180594994258337,0.0
bert,R0,sst2-imdb,sst2@s0,imdb@s0,sst2,imdb,0.7,0.014172692091729555,0.9185779816513762,0.8898,0.018821929432444096,0.9726804466382235,0.8979357798165137,0.8763,0.011830921058723853,0.9810661908730244,0.9128440366972477,0.8743,0.014172692091729555,0.9829940573279106,0.9162844036697247,0.8668,0.03467429031310332,0.9718375986191539,0.8967889908256881,0.8492,0.02231601085,0.007074820459,75.01057048,51.06675261,0,0.4909040694,0.4973727989,1.691804759,107.8469139,63.74666662,73,,,,,,,,,,,,,107.8469139470463,63.746666615033746,0.007074820460202376,0.6827382597165932,0.9917550371143169,0.10043454728491358,0.007242646652478642,0.5370077312193611,0.5257958638640784,-3.8024508828007297,0.0
bert,R0,sst2-trec,sst2@s0,trec@s0,sst2,trec,0.7,0.014965764843634988,0.9185779816513762,0.966,0.15752049069098406,0.8493950566169175,0.8555045871559633,0.728,0.028865315870689634,0.964416448150996,0.8864678899082569,0.944,0.014965764843634988,0.972268225521316,0.8967889908256881,0.96,0.021770147563992204,0.9696608242476819,0.9071100917431193,0.936,0.01661306223,0.0007146963782,77.33736459,55.82212816,0,0.498616468,0.4998727382,2.138643927,107.8469139,50.42770916,73,,,,,,,,,,,,,107.8469139470463,50.42770916279499,0.0007146963702060447,0.6645342724571986,0.9991453149407098,0.01082853232237553,0.0006865693833099612,0.7777012785373135,0.7601719492024197,-4.097566011723137,0.0
bert,R0,sst2-yelp_polarity,sst2@s0,yelp_polarity@s0,sst2,yelp_polarity,0.5,0.009406626961328657,0.9185779816513762,0.9407,0.02071185866184333,0.9659329140461217,0.9036697247706422,0.917,0.009406626961328657,0.978511530398323,0.9139908256880734,0.9277,0.012886185772621017,0.9758909853249477,0.9071100917431193,0.9282,0.027710525020082866,0.9648846960167716,0.8887614678899083,0.9191,0.02186218777,0.005815261634,75.14085165,49.98133003,0,0.4925337389,0.4976342796,1.079365304,107.8469139,99.91697303,73,,,,,,,,,,,,,107.8469139470463,99.91697302557456,0.005815261645414228,0.7045526203936774,0.9941211047055902,0.11300360472690887,0.005896288415557326,0.10482721402931283,0.07637318690219938,-3.822996720271703,0.0
bert,R0,mrpc-stsb,mrpc@s0,stsb@s0,mrpc,stsb,0.7,0.04034689822754389,0.8504901960784313,0.8894423461191261,0.10390795111338258,0.8825371900416403,0.696078431372549,0.8660858513736343,0.07183743336523873,0.9380137651637015,0.7647058823529411,0.851365040515987,0.04034689822754389,0.9716119134340628,0.8480392156862745,0.8202331009097098,0.07258269032934739,0.9362295835562131,0.8308823529411765,0.7808319847856308,0.02466934252,0.006357422502,74.43411613,54.35939997,0,0.4904510004,0.4980448171,1.234880663,45.28262102,55.91863308,73,,,,,,,,,,,,,45.28262102476059,55.91863308295269,0.006357422501588428,0.7010572697644938,0.993603540550158,0.05315451184069918,0.006364026142611565,0.22422292883130834,0.21097433626124587,-3.7021939997891247,0.0
bert,R0,mrpc-mnli,mrpc@s0,mnli@s0,mrpc,mnli,0.5,0.06520079344286844,0.8504901960784313,0.8237391747325522,0.27213254701933165,0.7077952249245513,0.7083333333333334,0.5130922058074376,0.06520079344286844,0.9270715616393381,0.8235294117647058,0.7424350483953133,0.12664681277279055,0.8839715881691637,0.6715686274509803,0.7883851248089658,0.25590332543811334,0.7532828826927334,0.48284313725490197,0.7582272032603159,0.01379341245,0.001014671257,78.23450217,65.2383113,0,0.4985933397,0.4996587761,3.829156032,45.28262102,173.3942214,73,,,,,,,,,,,,,45.28262102476059,173.39422144404278,0.0010146712315582938,0.60996354697382,0.9975928115918716,0.01599574830729718,0.0011099444028277012,1.4003183658359415,1.3426444217301874,-4.2835641594865645,0.0
bert,R0,mrpc-qnli,mrpc@s0,qnli@s0,mrpc,qnli,0.7,0.05880131963086066,0.8504901960784313,0.8976752699981695,0.14243004593086384,0.8460515860468569,0.7034313725490197,0.7971810360607725,0.051976331736487524,0.9379019419691341,0.7990196078431373,0.8586857038257367,0.05880131963086066,0.9493721525530447,0.8186274509803921,0.8257367746659344,0.1945844361598601,0.840474233096785,0.6936274509803921,0.7138934651290499,0.01887241013,0.001569825816,76.44756687,63.12701722,0,0.4976264057,0.4995204531,2.364460116,45.28262102,107.0689514,73,,,,,,,,,,,,,45.28262102476059,107.0689513627196,0.001569825814973918,0.6549016720562408,0.997777301130778,0.04180813959111058,0.0015901531126510016,0.8717169510770292,0.8605497151227779,-3.970054204917058,0.0
bert,R0,mrpc-rte,mrpc@s0,rte@s0,mrpc,rte,0.5,0.078085030599359,0.8504901960784313,0.6425992779783394,0.11029530809830645,0.8572637290442381,0.7058823529411765,0.6101083032490975,0.078085030599359,0.9626203321792545,0.7941176470588235,0.5848375451263538,0.09335232976070973,0.9083249326284584,0.8063725490196079,0.555956678700361,0.20162387073794652,0.8236014862460703,0.7034313725490197,0.49458483754512633,0.02549808465,0.005463222375,74.72123063,54.07253438,0,0.4920525603,0.4985142616,1.401236578,45.28262102,32.31618538,73,,,,,,,,,,,,,45.28262102476059,32.31618537712247,0.005463222375186735,0.6956425562640604,0.9941863897376888,0.052662039898828256,0.005522602574686313,0.36242701833426266,0.3373551167678135,-3.6691519414034923,0.0
bert,R0,mrpc-wic,mrpc@s0,wic@s0,mrpc,wic,1.0,0.08620219643274396,0.8504901960784313,0.6959247648902821,0.12388360983461855,0.841137041136578,0.6838235294117647,0.6598746081504702,0.10253589324194512,0.8719420040168641,0.7009803921568627,0.6755485893416928,0.08330737077134764,0.8812663156155975,0.7279411764705882,0.6802507836990596,0.08620219643274396,0.8831257747746497,0.7843137254901961,0.6300940438871473,0.02166112146,0.002073586286,75.48304688,53.37364687,0,0.4970468641,0.4989713296,1.357123335,45.28262102,61.45410164,73,,,,,,,,,,,,,45.28262102476059,61.45410163994193,0.002073586281617569,0.6984368715492322,0.9978046505678675,0.07319778090031269,0.00210244545808502,0.31125519582729955,0.30536726471087844,-3.8322362631263354,0.0
bert,R0,mrpc-snli,mrpc@s0,snli@s0,mrpc,snli,0.5,0.07599287361774931,0.8504901960784313,0.8702499491973176,0.2534751207497843,0.7438555796987865,0.696078431372549,0.5870757976021134,0.07599287361774931,0.928630388546234,0.7867647058823529,0.8031904084535664,0.0977333864952028,0.9182663754139782,0.7745098039215687,0.7778906726275148,0.24126303180795783,0.7569389419129204,0.625,0.6810607600081284,0.01667848777,0.001268987939,77.20626974,61.64526142,0,0.4982546681,0.4995697372,2.309468584,45.28262102,104.5787906,73,,,,,,,,,,,,,45.28262102476059,104.57879063833236,0.0012689879316002144,0.6572045187461732,0.998010995954929,0.010709705943855155,0.001349320632791635,0.8504026754470977,0.837017447851642,-4.093635547432501,0.0
bert,R0,mrpc-scitail,mrpc@s0,scitail@s0,mrpc,scitail,0.7,0.03246278111006662,0.8504901960784313,0.933282208588957,0.20335591606894643,0.7642430247455081,0.6911764705882353,0.7285276073619632,0.07179628651737269,0.9334439865449061,0.7647058823529411,0.8934049079754601,0.03246278111006662,0.9629126617987669,0.8455882352941176,0.8780674846625767,0.1432894702568559,0.8850296302373575,0.7598039215686274,0.7653374233128835,0.02366445755,0.005651665419,74.8962717,45.05978704,0,0.4920526807,0.497866868,1.460501459,45.28262102,66.13533405,73,,,,,,,,,,,,,45.28262102476059,66.13533405369864,0.005651665421888373,0.6932147403877951,0.9937939006153687,0.2066844095721117,0.005898313982742535,0.39271773792751663,0.37877984181811414,-3.743781037923403,0.0
bert,R0,mrpc-ag_news,mrpc@s0,ag_news@s0,mrpc,ag_news,0.7,0.0806110528063444,0.8504901960784313,0.9386842105263158,0.13453717191449965,0.8696238927319295,0.6813725490196079,0.8727631578947368,0.08802592448064994,0.9141406016592744,0.7279411764705882,0.9086842105263158,0.0806110528063444,0.9211793665749954,0.7401960784313726,0.9090789473684211,0.2251132903359243,0.7902382940475006,0.5220588235294118,0.8785526315789474,0.01677815592,6.014883915e-05,77.44147158,59.32753356,0,0.5000274673,0.4999944753,2.441850637,45.28262102,110.573397,73,,,,,,,,,,,,,45.28262102476059,110.57339697426056,6.014884501360411e-05,0.6521778775205065,0.9999128487867672,0.013561652875985744,6.583890360089574e-05,0.9152832505523052,0.8927562096082422,-4.08767748147927,0.0
bert,R0,mrpc-imdb,mrpc@s0,imdb@s0,mrpc,imdb,0.7,0.0480321971132327,0.8504901960784313,0.8898,0.11772632259426885,0.8860938032369442,0.6862745098039216,0.8521,0.08440438967925323,0.9194288378534587,0.7205882352941176,0.8755,0.0480321971132327,0.9700521282362891,0.7941176470588235,0.8633,0.055196809437473515,0.9628515621228151,0.8112745098039216,0.8326,0.01813867036,0.001281416401,76.64642525,53.74705045,0,0.4982133834,0.4995318475,1.407751256,45.28262102,63.74666662,73,,,,,,,,,,,,,45.28262102476059,63.746666615033746,0.0012814164022399643,0.696758757900773,0.9986239815144904,0.018702697074438595,0.0012967099105012003,0.36534309519663455,0.3419935773560643,-4.009709135768844,0.0
bert,R0,mrpc-trec,mrpc@s0,trec@s0,mrpc,trec,1.0,-0.0005877053239538022,0.8504901960784313,0.966,0.25906766666070014,0.7478213611608547,0.6862745098039216,0.652,0.09828998633659691,0.9038465209870981,0.7132352941176471,0.932,0.044080882572299696,0.9575357930601747,0.7843137254901961,0.956,-0.0005877053239538022,0.9964261031924521,0.8602941176470589,0.956,0.01719416381,0.0003099632744,76.96945396,56.69589638,0,0.4991342311,0.4999955393,1.113621695,45.28262102,50.42770916,73,,,,,,,,,,,,,45.28262102476059,50.42770916279499,0.00030996327808498745,0.7059785163555786,0.9997630441148437,0.026910021105892853,0.0002860661660450109,0.17100955965844297,0.10761749226888132,-4.063185266114631,0.0
bert,R0,mrpc-yelp_polarity,mrpc@s0,yelp_polarity@s0,mrpc,yelp_polarity,0.7,0.030613967341139414,0.8504901960784313,0.9407,0.11062704240419396,0.8883220084929919,0.6862745098039216,0.9142,0.08381014322218205,0.9332485566254785,0.7205882352941176,0.9267,0.030613967341139414,0.9811761236105685,0.8063725490196079,0.9319,0.17741693367714095,0.8690180712277558,0.5612745098039216,0.9268,0.01679161838,0.000919193914,77.311671,65.16722663,0,0.498792211,0.4996361217,2.206519207,45.28262102,99.91697303,73,,,,,,,,,,,,,45.28262102476059,99.91697302557456,0.0009191939076166356,0.6615792211655893,0.9987782486087634,0.019107529242373335,0.0009210632017300553,0.8097335350703658,0.791416254425586,-4.086875423020288,0.0
bert,R0,stsb-mnli,stsb@s0,mnli@s0,stsb,mnli,0.7,0.07574435075382113,0.8894423461191261,0.8237391747325522,0.24377764162024185,0.7332181128364552,0.8721832630494128,0.4381049414161997,0.09554959025316045,0.899630322208977,0.838833035437375,0.7131940906775344,0.07574435075382113,0.9446405103658279,0.7727437532323977,0.8070300560366785,0.14465862959955644,0.8883980702464251,0.665004739474543,0.7932755985736119,0.01471934143,0.001612149642,77.89231992,56.50236017,0,0.4979272632,0.4994304905,3.10083083,55.91863308,173.3942214,73,,,,,,,,,,,,,55.91863308295269,173.39422144404278,0.0016121496413281128,0.6290342987782899,0.9956545641826353,0.025879930151296346,0.0019970272045351854,1.1760435833286147,1.131670085260342,-4.218592906492044,0.0
bert,R0,stsb-qnli,stsb@s0,qnli@s0,stsb,qnli,0.7,0.04231012039197013,0.8894423461191261,0.8976752699981695,0.11938982149015609,0.8706057213891538,0.8508148355104391,0.7223137470254439,0.04700722920686651,0.9395558635166761,0.8493508948649788,0.8537433644517665,0.04231012039197013,0.9460766371541918,0.827961700542479,0.8837634999084752,0.0745829070671109,0.9065234970158955,0.7856059097841089,0.8685703825736775,0.02056565222,0.002979121832,75.8531345,56.91628486,0,0.4960185853,0.4987952221,1.914727622,55.91863308,107.0689514,73,,,,,,,,,,,,,55.91863308295269,107.0689513627196,0.002979121836328064,0.6738401615417277,0.9961151817947639,0.054791305856557775,0.00310767859329885,0.6578503773441221,0.6495753785738441,-3.8841329627528194,0.0
bert,R0,stsb-rte,stsb@s0,rte@s0,stsb,rte,1.0,0.022885438997691132,0.8894423461191261,0.6425992779783394,0.09158925170672427,0.8684040825870121,0.8614310403362556,0.5451263537906137,0.035756082522205856,0.9279795161321549,0.8658113351701968,0.6137184115523465,0.02289384430222252,0.9625844516060755,0.8537137040564454,0.6389891696750902,0.022885438997691132,0.9668647222385434,0.8137537192197795,0.6678700361010831,0.0248240182,0.004812389606,74.80706619,49.71237706,0,0.4927034027,0.4986342507,1.730359955,55.91863308,32.31618538,73,,,,,,,,,,,,,55.91863308295269,32.31618537712247,0.004812389604844638,0.6816703620507698,0.9947768355529215,0.04945504570376854,0.004709043348901599,0.5644986472470184,0.5483294533408493,-3.69594361867487,0.0
bert,R0,stsb-wic,stsb@s0,wic@s0,stsb,wic,0.7,0.016085799304609627,0.8894423461191261,0.6959247648902821,0.056839710541726096,0.9073092335592366,0.8584447535805328,0.6410658307210031,0.02746265523777569,0.9570693776413755,0.8766479225997461,0.6677115987460815,0.016085799304609627,0.95786124975707,0.870843806610216,0.6880877742946708,0.04483206645785964,0.9421392846728446,0.8437464943398522,0.6692789968652038,0.02168990764,0.002231553766,75.49417083,53.73445711,0,0.4967487668,0.4992926996,1.098991486,55.91863308,61.45410164,73,,,,,,,,,,,,,55.91863308295269,61.45410163994193,0.002231553766366281,0.7055384216739373,0.9977602443842375,0.03745449492082862,0.0022449819095531802,0.12398923159893648,0.09439292834870973,-3.830908212335915,0.0
bert,R0,stsb-snli,stsb@s0,snli@s0,stsb,snli,0.7,0.0713866910197758,0.8894423461191261,0.8702499491973176,0.16907263661916228,0.8149524619135952,0.8680277868757595,0.5969315179841496,0.06299811485449391,0.9373863888240942,0.827014427647605,0.8216825848404796,0.0713866910197758,0.9379832096003999,0.7831190397427017,0.850030481609429,0.12055314433863817,0.9008239229915613,0.7210998973536297,0.8251371672424304,0.01987302061,0.00346864025,75.80358853,55.04231687,0,0.4948304354,0.4990843089,1.870195763,55.91863308,104.5787906,73,,,,,,,,,,,,,55.91863308295269,104.57879063833236,0.003468640235007842,0.6757157844334235,0.9957134048360206,0.023391269117195506,0.0035240338907948734,0.6343021590725185,0.6260431114835449,-3.9183922153510347,0.0
bert,R0,stsb-scitail,stsb@s0,scitail@s0,stsb,scitail,0.7,0.013547921859645817,0.8894423461191261,0.933282208588957,0.14113613258505087,0.8010719136161162,0.8693254940589157,0.6909509202453987,0.022033907262861474,0.9592685825920206,0.8787496483580269,0.9033742331288344,0.013547921859645817,0.9762726204451938,0.8733814862951833,0.9248466257668712,0.09096742554257009,0.9230409304152487,0.8482117500864429,0.8067484662576687,0.02286487517,0.005127527413,74.87895605,56.19391877,0,0.4923228226,0.4984159623,1.182706558,55.91863308,66.13533405,73,,,,,,,,,,,,,55.91863308295269,66.13533405369864,0.005127527425669352,0.7028677882480531,0.9948532936166018,0.0793007117357827,0.005152083425749142,0.18658505580917323,0.16780550519910614,-3.77815338132284,0.0
bert,R0,stsb-ag_news,stsb@s0,ag_news@s0,stsb,ag_news,0.5,0.030768838874654203,0.8894423461191261,0.9386842105263158,0.07656893851486579,0.8979939841330762,0.8504827248275614,0.8360526315789474,0.030768838874654203,0.9525285420942509,0.8607655238633323,0.9111842105263158,0.041015264822361175,0.936568700523194,0.8278264833674337,0.9267105263157894,0.12356744967127042,0.8376529942992655,0.6814743715382886,0.9261842105263158,0.01615707749,0.0008441820412,77.67756437,66.28972041,0,0.498703427,0.4995306314,1.977398067,55.91863308,110.573397,73,,,,,,,,,,,,,55.91863308295269,110.57339697426056,0.0008441820384826876,0.6716051279626689,0.9990419956283557,0.014790674132043324,0.0008112435306204768,0.6941372764005065,0.6817818729341448,-4.125397090635319,0.0
bert,R0,stsb-imdb,stsb@s0,imdb@s0,stsb,imdb,0.7,0.0031600330390084697,0.8894423461191261,0.8898,0.051575056887020576,0.924964822878515,0.8565725921478498,0.8309,0.008677739685148178,0.9838055275518541,0.8830020302924197,0.8808,0.0031600330390084697,0.9926606617846954,0.8875195245091779,0.8861,0.01575905183971482,0.977194464634072,0.8755031425617454,0.8757,0.01670074871,0.0005610765188,77.36920411,64.73559714,0,0.4992774707,0.4997706095,1.139989715,55.91863308,63.74666662,73,,,,,,,,,,,,,55.91863308295269,63.746666615033746,0.0005610765172933078,0.7054024933719053,0.999393288717269,0.011661795857094,0.0005837241385139604,0.1651032254928321,0.1310192404358817,-4.092301727630262,0.0
bert,R0,stsb-trec,stsb@s0,trec@s0,stsb,trec,0.7,0.06624409581536728,0.8894423461191261,0.966,0.27493193444704644,0.680012945681258,0.8589025261380325,0.468,0.09508641173643573,0.8874991290256391,0.863931236009623,0.81,0.06624409581536728,0.9135431438016528,0.8047486578531527,0.93,0.19641042570620582,0.8037843811990151,0.569514775084267,0.934,0.01791616283,0.0007138976763,76.62940259,62.85830244,0,0.498682088,0.4999218762,1.108887039,55.91863308,50.42770916,73,,,,,,,,,,,,,55.91863308295269,50.42770916279499,0.0007138976806383119,0.7059155281544623,0.999344233910918,0.010722387564128607,0.0006908644562331163,0.16550218382762502,0.10335684474928884,-4.02205202215416,0.0
bert,R0,stsb-yelp_polarity,stsb@s0,yelp_polarity@s0,stsb,yelp_polarity,0.5,0.02045069203433658,0.8894423461191261,0.9407,0.04791504323357443,0.9201248101019438,0.8453367445462074,0.8972,0.02045069203433658,0.9614815047338723,0.8675292438275265,0.9254,0.060887081924358544,0.9226998343464992,0.7868988661912569,0.9346,0.18537400884762112,0.8159117488931835,0.5667746931245684,0.9332,0.01489399676,0.0005090911761,77.97795754,65.69965727,0,0.4991782834,0.4997563563,1.786827888,55.91863308,99.91697303,73,,,,,,,,,,,,,55.91863308295269,99.91697302557456,0.0005090911875971111,0.6803560678532801,0.999375055119083,0.025976089346079007,0.0005240978973966922,0.589825192646466,0.5804419181644896,-4.20679704923097,0.0
bert,R0,mnli-qnli,mnli@s0,qnli@s0,mnli,qnli,0.5,0.1892581977177643,0.8237391747325522,0.8976752699981695,0.2241757135896031,0.7368485031225128,0.5266428935303108,0.8189639392275306,0.1892581977177643,0.8151055460933956,0.748446255731024,0.6399414241259381,0.24034734685806702,0.7628425052902077,0.7689251146204789,0.5259015193117335,0.2772074290193609,0.7250443453860425,0.7234844625573102,0.509244005125389,0.01680430084,0.003647957183,76.42848945,54.09516405,0,0.4949958978,0.4988784497,1.619463152,173.3942214,107.0689514,73,,,,,,,,,,,,,173.39422144404278,107.0689513627196,0.0036479571721575814,0.6870073342230149,0.9939347399991644,0.06111704132511094,0.004506953317994047,0.5071191944142361,0.48209470666894927,-4.0861204229549895,0.0
bert,R0,mnli-rte,mnli@s0,rte@s0,mnli,rte,0.7,-0.042043804242841265,0.8237391747325522,0.6425992779783394,0.24685122261366244,0.7147969738745455,0.5003565970453387,0.5776173285198556,-0.01974456789866097,0.9870713778669427,0.7544574630667346,0.7220216606498195,-0.042043804242841265,1.0370004809901603,0.7958227203260316,0.7184115523465704,-0.012368931229284286,0.9875997518162295,0.7561895058583801,0.7111913357400722,0.01410434054,0.001955011554,78.26112865,63.12238551,0,0.49660953,0.4995384012,5.365553496,173.3942214,32.31618538,73,,,,,,,,,,,,,173.39422144404278,32.31618537712247,0.001955011548091033,0.5829403822881979,0.993402821360146,0.017077094866031158,0.0022067193835936176,1.727398344076061,1.67999953870157,-4.261272689254626,0.0
bert,R0,mnli-wic,mnli@s0,wic@s0,mnli,wic,0.7,0.10325803540089251,0.8237391747325522,0.6959247648902821,0.2939180832037974,0.6683161521461614,0.38960774325012737,0.6536050156739812,0.1920268598840027,0.7687906365961574,0.5611818644931228,0.6504702194357367,0.10325803540089251,0.8335849885382494,0.7482424859908303,0.6159874608150471,0.12490347490347486,0.8323290002882597,0.7923586347427407,0.54858934169279,0.01385878678,0.000517623157,78.42777206,49.69900826,0,0.4990106423,0.4998944922,2.82152398,173.3942214,61.45410164,73,,,,,,,,,,,,,173.39422144404278,61.45410163994193,0.0005176231556193424,0.6382012387180165,0.9985292514294507,0.011516039742328892,0.0007229131968167328,1.084637141891423,1.0372771574162822,-4.27883582296223,0.0
bert,R0,mnli-snli,mnli@s0,snli@s0,mnli,snli,0.5,0.049878967667308816,0.8237391747325522,0.8702499491973176,0.21624822512988628,0.755831085007324,0.5640346408558329,0.7682381629750051,0.049878967667308816,0.9506398316703536,0.7989811512990321,0.8095915464336517,0.0715696945869575,0.9406612422693814,0.7928680590932247,0.7782970940865678,0.14364496315959907,0.8803457236342042,0.726541008660214,0.7229221702905914,0.01742926075,0.004589615125,76.29867537,56.43128597,0,0.4930857793,0.4987125674,1.658024733,173.3942214,104.5787906,73,,,,,,,,,,,,,173.39422144404278,104.57879063833236,0.004589615112153447,0.6849973696405056,0.9943232537305278,0.07281388583576284,0.004868889778400617,0.520850187754016,0.505626973972166,-4.049604832856815,0.0
bert,R0,mnli-scitail,mnli@s0,scitail@s0,mnli,scitail,0.5,0.0961434816699519,0.8237391747325522,0.933282208588957,0.2618743231960745,0.6882743183504487,0.49383596535914415,0.8182515337423313,0.0961434816699519,0.9139410037223397,0.7533367294956699,0.8335889570552147,0.18009984302976445,0.8610233004744892,0.8018339276617422,0.6219325153374233,0.2703207345536256,0.7863626444199199,0.763525216505349,0.49693251533742333,0.01423255533,0.001603765262,78.05446101,66.20512475,0,0.4973331083,0.4995775011,2.621809112,173.3942214,66.13533405,73,,,,,,,,,,,,,173.39422144404278,66.13533405369864,0.0016037652616797005,0.6450142159684017,0.9972582316227361,0.019666771397717046,0.001677384613534789,1.0329260620182028,0.963864580250397,-4.252223309565354,0.0
bert,R0,mnli-ag_news,mnli@s0,ag_news@s0,mnli,ag_news,0.7,0.07249594692223549,0.8237391747325522,0.9386842105263158,0.32547361325446156,0.6573235247371887,0.39052470708099846,0.8213157894736842,0.17545608502595167,0.8125827789508738,0.5694345389709629,0.8990789473684211,0.07249594692223549,0.9229238093075707,0.7339786041772797,0.9048684210526315,0.09690257477713926,0.8997457030629158,0.741110545084055,0.8509210526315789,0.01229066147,0.0005852356357,78.98095702,60.62907484,0,0.4992709008,0.4998141058,1.568136877,173.3942214,110.573397,73,,,,,,,,,,,,,173.39422144404278,110.57339697426056,0.0005852356292102612,0.6902308296926964,0.9991356451700104,0.00887690203892266,0.0006707301764083565,0.47968561265365894,0.4498882121234182,-4.398915535046188,0.0
bert,R0,mnli-imdb,mnli@s0,imdb@s0,mnli,imdb,0.7,0.047731786885047645,0.8237391747325522,0.8898,0.2870133623240261,0.6955495773215967,0.40458481915435557,0.8318,0.1286989092210169,0.8672757106080491,0.6359653591441671,0.8636,0.047731786885047645,0.959121553941069,0.7807437595517066,0.8513,0.06080453759386417,0.9513718820398134,0.791237901171676,0.8167,0.01367291608,0.0004858043529,78.26607353,65.19762708,0,0.4993274046,0.4999240978,2.720051583,173.3942214,63.74666662,73,,,,,,,,,,,,,173.39422144404278,63.746666615033746,0.0004858043420296776,0.6417193188882936,0.9993114621085049,0.006438538087510311,0.0004896012255574239,1.0720871097181264,1.0006508444663205,-4.292338331317559,0.0
bert,R0,mnli-trec,mnli@s0,trec@s0,mnli,trec,0.7,0.13814632572396546,0.8237391747325522,0.966,0.5388884407517948,0.4149380019540607,0.39470198675496687,0.428,0.2919415987738969,0.702292437634153,0.6258787570045848,0.634,0.13814632572396546,0.8590265910694145,0.7803362200713194,0.75,0.15005243204000962,0.8525683826941142,0.7965359144167091,0.708,0.01225268024,0.0007146302042,79.13021772,70.35810188,0,0.4987583366,0.4997577945,3.438471117,173.3942214,50.42770916,73,,,,,,,,,,,,,173.39422144404278,50.42770916279499,0.0007146302031308111,0.619617905103092,0.998472146709847,0.010270896787647551,0.0007717318462843298,1.2821684164939025,1.2350269298588044,-4.402010570821518,0.0
bert,R0,mnli-yelp_polarity,mnli@s0,yelp_polarity@s0,mnli,yelp_polarity,0.7,0.061115247339791345,0.8237391747325522,0.9407,0.2559462324895361,0.7181958540517223,0.4265919510952624,0.9127,0.11115019217192379,0.8805542310923417,0.6572592969943963,0.9217,0.061115247339791345,0.9325129229767879,0.7372389200203769,0.9245,0.08994812939140107,0.8970513664676187,0.698318899643403,0.9147,0.0135899693,0.001292855813,78.19522775,59.38152775,0,0.4980309305,0.4996691532,1.73538305,173.3942214,99.91697303,73,,,,,,,,,,,,,173.39422144404278,99.91697302557456,0.0012928558222165978,0.682478631572599,0.9980893592646796,0.011658596434358515,0.001448487216474911,0.5923540783020558,0.5512281671289075,-4.298423309835617,0.0
bert,R0,qnli-rte,qnli@s0,rte@s0,qnli,rte,0.5,0.054145205931411144,0.8976752699981695,0.6425992779783394,0.08418718038015283,0.9030619945730012,0.8171334431630972,0.592057761732852,0.054145205931411144,0.9388867273318822,0.8559399597290865,0.6028880866425993,0.11207315284931352,0.8903103921325287,0.8174995423759839,0.555956678700361,0.22034294407683708,0.7625545467047249,0.7138934651290499,0.49097472924187724,0.0206043639,0.004158415417,75.95844611,53.2094593,0,0.4939142924,0.4985593247,3.313168003,107.0689514,32.31618538,73,,,,,,,,,,,,,107.0689513627196,32.31618537712247,0.004158415428456825,0.6224319223813195,0.9934524633897641,0.05577132513015366,0.003927869827486239,1.2235443751883417,1.197904832264456,-3.8822523858156597,0.0
bert,R0,qnli-wic,qnli@s0,wic@s0,qnli,wic,0.7,0.07878382052525601,0.8976752699981695,0.6959247648902821,0.16660696177417222,0.8059713555748196,0.6470803587772286,0.658307210031348,0.0953477947768322,0.8936927619325545,0.7790591250228812,0.6551724137931034,0.07878382052525601,0.9064321211236899,0.8330587589236683,0.6363636363636364,0.09522562938142054,0.87194336918178,0.8601501006772836,0.5924764890282131,0.01867682473,0.0008560427876,76.55136854,55.45350537,0,0.4984936882,0.4996749644,1.742258832,107.0689514,61.45410164,73,,,,,,,,,,,,,107.0689513627196,61.45410163994193,0.0008560428044156344,0.6822933857153396,0.998837710710586,0.0403573374130032,0.0009410776576123208,0.5615600989220499,0.555182450630573,-3.980471842964122,0.0
bert,R0,qnli-snli,qnli@s0,snli@s0,qnli,snli,0.5,0.06799846010119337,0.8976752699981695,0.8702499491973176,0.2308651383861442,0.7584030478038276,0.7508694856306058,0.6107498475919528,0.06799846010119337,0.9216841541384944,0.861431447922387,0.7870351554562081,0.13859497566350398,0.8511277353879447,0.785831960461285,0.7374517374517374,0.2832431011676375,0.7176703862523686,0.5784367563609738,0.686750660434871,0.01711287006,0.002103873281,76.60677135,56.46511129,0,0.4970393565,0.4992760201,1.023811336,107.0689514,104.5787906,73,,,,,,,,,,,,,107.0689513627196,104.57879063833236,0.0021038732744200817,0.7063154409347797,0.9978484738356916,0.03340216651871231,0.0021339841624023613,0.06822833012984515,0.023532267455139286,-4.067924463473559,0.0
bert,R0,qnli-scitail,qnli@s0,scitail@s0,qnli,scitail,0.5,0.043087007604343475,0.8976752699981695,0.933282208588957,0.11759261803622145,0.8484344846138552,0.7949844407834523,0.8205521472392638,0.043087007604343475,0.94610755681353,0.8601501006772836,0.8918711656441718,0.1335625103046697,0.8770769248763144,0.8319604612850082,0.7523006134969326,0.2521336530741092,0.779588650159651,0.767343950210507,0.598159509202454,0.01923328213,0.002582538899,76.31124312,60.17432831,0,0.496091171,0.4992595219,1.618937182,107.0689514,66.13533405,73,,,,,,,,,,,,,107.0689513627196,66.13533405369864,0.00258253889877602,0.6873571943500477,0.9968910235772279,0.05103804584890749,0.0026920004686295904,0.4926166555617082,0.4817698734486073,-3.9511130563581074,0.0
bert,R0,qnli-ag_news,qnli@s0,ag_news@s0,qnli,ag_news,0.7,0.06640540142533669,0.8976752699981695,0.9386842105263158,0.19941034386717837,0.7989278835460529,0.6234669595460369,0.8510526315789474,0.10321772080577307,0.8940235009062472,0.7347611202635914,0.9152631578947369,0.06640540142533669,0.9304638660552456,0.7904082006223687,0.9261842105263158,0.07668408091939383,0.9210310868814213,0.7708218927329307,0.9273684210526316,0.01409628724,0.0007951228789,78.27197669,63.67169893,0,0.4989943223,0.4997389812,1.032730736,107.0689514,110.573397,73,,,,,,,,,,,,,107.0689513627196,110.57339697426056,0.0007951228821906333,0.7067343644050967,0.9991837076824354,0.007925911447067896,0.0008072071047207699,0.1008377372222963,0.03220649401013845,-4.2618438325838985,0.0
bert,R0,qnli-imdb,qnli@s0,imdb@s0,qnli,imdb,0.7,0.0186472151118513,0.8976752699981695,0.8898,0.17297557014663556,0.8277247174494912,0.671059857221307,0.8066,0.05623711378952401,0.9356160636451253,0.8165842943437671,0.8701,0.0186472151118513,0.9790870442187392,0.876807614863628,0.8773,0.02621870596504816,0.9638078426460175,0.8775398132894014,0.8631,0.0158187157,0.0009206029506,77.68213155,60.21537143,0,0.4985510154,0.4997201094,1.679600786,107.0689514,63.74666662,73,,,,,,,,,,,,,107.0689513627196,63.746666615033746,0.0009206029608203649,0.6851293430315679,0.9990467256383513,0.01073792650110464,0.0008876791398128786,0.5300604860983351,0.5185561377963556,-4.146561501986111,0.0
bert,R0,qnli-trec,qnli@s0,trec@s0,qnli,trec,0.7,0.06961317756409602,0.8976752699981695,0.966,0.2885528440044718,0.7287622862076042,0.6844224784916713,0.638,0.07050609803464614,0.9247796325518751,0.8138385502471169,0.92,0.06961317756409602,0.9282676535731724,0.7819879187259747,0.956,0.13655160447042847,0.8648328462487411,0.6803953871499177,0.936,0.01545643084,0.001524959205,77.70840739,69.05074269,0,0.4972467354,0.4996332454,2.123216643,107.0689514,50.42770916,73,,,,,,,,,,,,,107.0689513627196,50.42770916279499,0.0015249592004481505,0.6649945366718285,0.9982885195562611,0.011225111753945525,0.0014253066961013347,0.7725014127620731,0.7529322232048731,-4.169730126641683,0.0
bert,R0,qnli-yelp_polarity,qnli@s0,yelp_polarity@s0,qnli,yelp_polarity,0.5,0.04856693828187719,0.8976752699981695,0.9407,0.13764851752998486,0.8585094954829612,0.6866190737689915,0.9029,0.04856693828187719,0.9571496514615898,0.8209774848984075,0.9297,0.05013406333244941,0.9521108697606844,0.8131063518213436,0.935,0.11088810335436228,0.8861642318667746,0.7124290682775032,0.9262,0.0146087174,0.0004784712287,77.98045614,61.02283306,0,0.4992532314,0.4998404141,1.071579213,107.0689514,99.91697303,73,,,,,,,,,,,,,107.0689513627196,99.91697302557456,0.00047847122343537324,0.70651644800396,0.9995084571924011,0.010548697677117535,0.00048661493265576177,0.09085775025994901,0.06913346040386645,-4.226136846258714,0.0
bert,R0,rte-wic,rte@s0,wic@s0,rte,wic,0.7,0.055673651179269146,0.6425992779783394,0.6959247648902821,0.10399584978236653,0.8349114966751224,0.5451263537906137,0.6567398119122257,0.08095455005567365,0.8582703857083938,0.5703971119133574,0.6614420062695925,0.055673651179269146,0.87907182149805,0.6028880866425993,0.6614420062695925,0.08893865775888243,0.8611960142900995,0.628158844765343,0.5877742946708464,0.02338332921,0.002870348002,75.21871765,53.1428722,0,0.4963373558,0.4990563813,1.901650858,32.31618538,61.45410164,73,,,,,,,,,,,,,32.31618537712247,61.45410163994193,0.0028703479938191126,0.6744602542603284,0.9967985455162025,0.046722545019996786,0.002768022222229243,0.6560784571760027,0.6427223815526552,-3.755731937438214,0.0
bert,R0,rte-snli,rte@s0,snli@s0,rte,snli,0.5,0.011561948615019357,0.6425992779783394,0.8702499491973176,0.216606977705189,0.7545852769410786,0.5667870036101083,0.595915464336517,0.011561948615019357,0.9900452782392537,0.6714801444043321,0.8110140215403373,0.008186242678263289,0.9685490789097435,0.6967509025270758,0.782666124771388,0.06645709937884126,0.9084198929531903,0.6606498194945848,0.7301361511887827,0.01811307861,0.002907777617,77.02806506,61.1476432,0,0.4959435888,0.4992029066,3.236111856,32.31618538,104.5787906,73,,,,,,,,,,,,,32.31618537712247,104.57879063833236,0.0029077776180417556,0.6248186455713752,0.9954355452782241,0.018370573355007247,0.0027543265281534395,1.1974082254934315,1.1743725647298762,-4.011121026503963,0.0
bert,R0,rte-scitail,rte@s0,scitail@s0,rte,scitail,0.7,0.005331769962977795,0.6425992779783394,0.933282208588957,0.1462889957807465,0.79775654597387,0.5776173285198556,0.754601226993865,0.00890474827583021,0.9736051551709537,0.6353790613718412,0.9271472392638037,0.005331769962977795,0.9937716049857955,0.6642599277978339,0.8918711656441718,0.11593483700017548,0.905553973007722,0.6245487364620939,0.7430981595092024,0.02324511211,0.004622164918,75.20345457,55.67122345,0,0.4930268098,0.4985341974,2.046508066,32.31618538,66.13533405,73,,,,,,,,,,,,,32.31618537712247,66.13533405369864,0.004622164908229151,0.6675346282215597,0.9953664387067526,0.05967689053295748,0.004378030875227607,0.7446888213014972,0.7161349583058566,-3.761660400878537,0.0
bert,R0,rte-ag_news,rte@s0,ag_news@s0,rte,ag_news,1.0,0.08630218324655159,0.6425992779783394,0.9386842105263158,0.10864888191694777,0.8550157154827878,0.5415162454873647,0.8823684210526316,0.0794116164718408,0.9005376595300618,0.5487364620938628,0.9267105263157894,0.052524231170246516,0.9090152980646127,0.5776173285198556,0.935,0.08630218324655159,0.9110252911803278,0.5342960288808665,0.9348684210526316,0.01851180623,0.000564158758,76.91431896,51.34422373,0,0.4994073603,0.4998679033,3.421610431,32.31618538,110.573397,73,,,,,,,,,,,,,32.31618537712247,110.57339697426056,0.0005641587595417451,0.6200916190816745,0.9991045974092794,0.011813890806214537,0.0005126970511291874,1.2632892171332943,1.2301113264996815,-3.9893465758500755,0.0
bert,R0,rte-imdb,rte@s0,imdb@s0,rte,imdb,0.7,0.020505807390121755,0.6425992779783394,0.8898,0.10118547028621516,0.8694466554145583,0.5451263537906137,0.8447,0.050562429128121256,0.9406008154693493,0.5812274368231047,0.8848,0.020505807390121755,0.9779246086302437,0.6173285198555957,0.8883,0.019664184098939108,0.9529456011604367,0.6245487364620939,0.8798,0.01926607071,0.002359923417,76.65446374,52.33691344,0,0.4971993465,0.4990840926,1.972592553,32.31618538,63.74666662,73,,,,,,,,,,,,,32.31618537712247,63.746666615033746,0.002359923411511724,0.6714106392505196,0.9970187317309678,0.025905130538142376,0.002376973103965489,0.7004502932897133,0.6793486943101088,-3.9494097244572397,0.0
bert,R0,rte-trec,rte@s0,trec@s0,rte,trec,0.7,0.04849140437806776,0.6425992779783394,0.966,0.2016946983971899,0.7806046321699343,0.5523465703971119,0.712,0.052190197036313446,0.9267025949405413,0.5848375451263538,0.952,0.04849140437806776,0.9536356028388615,0.5776173285198556,0.97,0.07377230325447226,0.9344580715180704,0.5451263537906137,0.97,0.01876968494,0.0007065702758,76.63289642,57.08491088,0,0.4987726411,0.4997746318,1.560447453,32.31618538,50.42770916,73,,,,,,,,,,,,,32.31618537712247,50.42770916279499,0.0007065702670793413,0.6905313220666585,0.9990529622491185,0.012790460144428096,0.0007603679458880269,0.45956935129113635,0.4449726089800703,-3.975512213820279,0.0
bert,R0,rte-yelp_polarity,rte@s0,yelp_polarity@s0,rte,yelp_polarity,0.5,0.06398504341137312,0.6425992779783394,0.9407,0.10188713162442986,0.8636662399033086,0.5451263537906137,0.8917,0.06398504341137312,0.9094529641363026,0.5667870036101083,0.9313,0.08533270108441837,0.9046440887044773,0.5342960288808665,0.9387,0.10690909112625901,0.8856328713697859,0.5090252707581228,0.9351,0.01691988552,0.0006901288665,77.28571462,61.91466857,0,0.4983683527,0.5000744874,3.091855423,32.31618538,99.91697303,73,,,,,,,,,,,,,32.31618537712247,99.91697302557456,0.0006901288660416669,0.6294763653284356,0.999122408105742,0.019943519059786505,0.0006073953326997074,1.1582405110067635,1.1287713712231702,-4.079265690784395,0.0
bert,R0,wic-snli,wic@s0,snli@s0,wic,snli,0.7,0.07184566352692445,0.6959247648902821,0.8702499491973176,0.272429434688629,0.7091733591906422,0.6489028213166145,0.4548872180451128,0.13479867783720667,0.8424462390933183,0.6630094043887147,0.6767933346880716,0.07184566352692445,0.918206807594986,0.6489028213166145,0.8040032513716724,0.08547040911314108,0.9064617834061319,0.6144200626959248,0.823409876041455,0.01664272635,0.00137862745,77.37730175,64.84793901,0,0.4977192574,0.4995911404,1.701738173,61.45410164,104.5787906,73,,,,,,,,,,,,,61.45410163994193,104.57879063833236,0.0013786274464725223,0.6839861068022896,0.9984039999259703,0.014157902031884809,0.0014093868081677715,0.541843600037739,0.531650183417263,-4.095782013860859,0.0
bert,R0,wic-scitail,wic@s0,scitail@s0,wic,scitail,1.0,0.1388299762375358,0.6959247648902821,0.933282208588957,0.2150882394308853,0.6914392849872272,0.6567398119122257,0.5843558282208589,0.1353368569884592,0.7783066385599926,0.6802507836990596,0.7016871165644172,0.11187697557870102,0.8299290109471555,0.6191222570532915,0.8274539877300614,0.1388299762375358,0.8403278236371875,0.5501567398119123,0.8696319018404908,0.0204192579,0.001391054248,76.32151106,59.26392384,0,0.4978331015,0.4993536763,1.07617445,61.45410164,66.13533405,73,,,,,,,,,,,,,61.45410163994193,66.13533405369864,0.0013910542510674982,0.7061416775640676,0.9983851315277099,0.035884866055951016,0.0014637477714823314,0.12281725953990609,0.07341257685101588,-3.8912768087277407,0.0
bert,R0,wic-ag_news,wic@s0,ag_news@s0,wic,ag_news,0.7,0.011952659135165411,0.6959247648902821,0.9386842105263158,0.08023340834526704,0.9010749216825693,0.6316614420062696,0.8747368421052631,0.03418062722099724,0.9583562506476633,0.6567398119122257,0.9273684210526316,0.011952659135165411,0.9687766538329706,0.6833855799373041,0.9331578947368421,0.04341883936080737,0.9392113255374608,0.6379310344827587,0.9353947368421053,0.01641771814,7.008750858e-05,77.5659427,52.14880618,0,0.4997837957,0.5000185795,1.799284247,61.45410164,110.573397,73,,,,,,,,,,,,,61.45410163994193,110.57339697426056,7.008751496861613e-05,0.6799126622664433,0.9999927137663459,0.014154049862901847,3.6080041308342814e-05,0.6017560424213835,0.5873889452665934,-4.109394152946152,0.0
bert,R0,wic-imdb,wic@s0,imdb@s0,wic,imdb,0.7,0.04283076063251379,0.6959247648902821,0.8898,0.09523169494511374,0.88089271078691,0.6285266457680251,0.8065,0.04772177774537856,0.9639601427900908,0.6473354231974922,0.867,0.04283076063251379,0.9799644603674247,0.6489028213166145,0.8737,0.04173349006457561,0.9604420636526876,0.6692789968652038,0.8496,0.01645015155,0.0004063732784,77.62308091,57.65515875,0,0.4991696211,0.500002245,1.037305321,61.45410164,63.74666662,73,,,,,,,,,,,,,61.45410163994193,63.746666615033746,0.00040637327710569665,0.7068447551311469,0.9995642017758839,0.014799849647923392,0.00042547749762376766,0.11823494929396207,0.036626313106038276,-4.107420589047236,0.0
bert,R0,wic-trec,wic@s0,trec@s0,wic,trec,0.7,0.033420066028761686,0.6959247648902821,0.966,0.21639807509372722,0.7858683862355031,0.6238244514106583,0.648,0.05061971909798002,0.9629684811932091,0.6442006269592476,0.94,0.033420066028761686,0.9897831070638203,0.6551724137931034,0.958,0.04270186335403725,0.9701717582273501,0.6379310344827587,0.964,0.01819255201,0.001100754429,76.69128778,62.74102952,0,0.4980143714,0.4997592385,1.218657414,61.45410164,50.42770916,73,,,,,,,,,,,,,61.45410163994193,50.42770916279499,0.0011007544413591773,0.7033180346104952,0.9989215645858956,0.009146106311517183,0.001097547714528497,0.24165567348026584,0.19774977244420516,-4.006742998876706,0.0
bert,R0,wic-yelp_polarity,wic@s0,yelp_polarity@s0,wic,yelp_polarity,0.5,0.04684574550100218,0.6959247648902821,0.9407,0.08115159115743786,0.9095084933559716,0.622257053291536,0.8876,0.04684574550100218,0.9659608133853059,0.6426332288401254,0.9246,0.04301880811394998,0.9574794142733019,0.6426332288401254,0.9318,0.07711156729175217,0.9325453762823732,0.5971786833855799,0.9291,0.01504431334,0.000803416051,77.99156307,61.19545819,0,0.4988403894,0.4996263058,1.625879646,61.45410164,99.91697303,73,,,,,,,,,,,,,61.45410163994193,99.91697302557456,0.0008034160342818073,0.6875918236701651,0.9990549070214046,0.011247459755982318,0.0008259958102263394,0.4974361555249795,0.4860489899359337,-4.196755210353781,0.0
bert,R0,snli-scitail,snli@s0,scitail@s0,snli,scitail,0.5,0.05177186779429954,0.8702499491973176,0.933282208588957,0.2838989006202749,0.678234059863829,0.5877870351554562,0.7062883435582822,0.05177186779429954,0.9476139498749014,0.8151798414956309,0.8957055214723927,0.10334893733981665,0.9137443338573814,0.7919122129648446,0.8243865030674846,0.25607004486451657,0.8048222620525964,0.7363340784393416,0.5989263803680982,0.01813277263,0.001999611529,77.02227887,61.15466424,0,0.4971426976,0.4994321275,1.581284681,104.5787906,66.13533405,73,,,,,,,,,,,,,104.57879063833236,66.13533405369864,0.001999611513127299,0.689209616970233,0.9977699133935672,0.020008084413348167,0.0020121146568181938,0.4707840502251866,0.45823760590139767,-4.010034335406124,0.0
bert,R0,snli-ag_news,snli@s0,ag_news@s0,snli,ag_news,0.7,0.04077150587919909,0.8702499491973176,0.9386842105263158,0.27425443977853026,0.7220817585311583,0.47134728713676083,0.854078947368421,0.08779073792308068,0.9138852380704867,0.7289168868116237,0.9263157894736842,0.04077150587919909,0.953828285303414,0.8025807762649868,0.9351315789473684,0.09344074919099332,0.9028733797172905,0.7159114001219264,0.9297368421052632,0.01511416585,0.0009382084005,77.97359702,57.08812308,0,0.4986336394,0.4996250722,1.057321435,104.5787906,110.573397,73,,,,,,,,,,,,,104.57879063833236,110.57339697426056,0.0009382084061498742,0.7065016459832768,0.9990267832220054,0.007470107996202463,0.0009570062280718655,0.1302906978246728,0.05573876188858952,-4.192122839173999,0.0
bert,R0,snli-imdb,snli@s0,imdb@s0,snli,imdb,0.7,0.02145823516884693,0.8702499491973176,0.8898,0.2600934151951344,0.7349214668786377,0.46616541353383456,0.8401,0.06463885900489652,0.9344986836493065,0.7753505385084333,0.8718,0.02145823516884693,0.9837117479452495,0.8549075391180654,0.8673,0.04524159584062071,0.972880768978782,0.8411908148750254,0.839,0.01478967738,0.001025924259,78.07917945,59.45168522,0,0.4986501479,0.4996455225,1.640537399,104.5787906,63.74666662,73,,,,,,,,,,,,,104.57879063833236,63.746666615033746,0.0010259242538603105,0.6868644310311216,0.9990049354096524,0.009934713857406616,0.0009809594359168,0.5131133966546367,0.4950238704770553,-4.213825815884768,0.0
bert,R0,snli-trec,snli@s0,trec@s0,snli,trec,0.7,0.0201089222714137,0.8702499491973176,0.966,0.4009108280485726,0.620811790090787,0.4517374517374517,0.656,0.0779526673991,0.9156929799563027,0.7525909368014632,0.946,0.0201089222714137,0.9746366486178399,0.8388538914854704,0.962,0.05091608561493577,0.9663450447149506,0.8140621824832351,0.93,0.01579039982,0.000414350554,77.66362416,54.16868089,0,0.4992912144,0.4997815538,2.073835841,104.5787906,50.42770916,73,,,,,,,,,,,,,104.57879063833236,50.42770916279499,0.0004143505541497156,0.6674362269154966,0.999609399617478,0.008502022304571515,0.000368007451263065,0.7469987234047598,0.7293999557586325,-4.148353129945863,0.0
bert,R0,snli-yelp_polarity,snli@s0,yelp_polarity@s0,snli,yelp_polarity,0.5,0.09157134230319097,0.8702499491973176,0.9407,0.250837960155741,0.7459977129788451,0.4720585246901036,0.8992,0.09157134230319097,0.8954640747093577,0.721601300548669,0.9291,0.10736704064138247,0.8882478299287906,0.6904084535663483,0.9331,0.1391836425421542,0.865495805890317,0.6422475106685633,0.9253,0.01503433543,0.001380185377,77.65986493,62.88544993,0,0.4975873825,0.4996997292,1.046656914,104.5787906,99.91697303,73,,,,,,,,,,,,,104.57879063833236,99.91697302557456,0.0013801853814816778,0.7064362833086814,0.9985753114789979,0.01863984828301133,0.0014055344012203477,0.10555388147739277,0.045601193374246056,-4.197418665048325,0.0
bert,R0,scitail-ag_news,scitail@s0,ag_news@s0,scitail,ag_news,0.7,0.06460930205879278,0.933282208588957,0.9386842105263158,0.22591308209854832,0.7150959689770913,0.5851226993865031,0.8647368421052631,0.1310021633069871,0.8345835913144546,0.7062883435582822,0.9210526315789473,0.06460930205879278,0.9274073711995308,0.821319018404908,0.93,0.08900144642791741,0.9258230955562072,0.7714723926380368,0.9343421052631579,0.01609752217,0.0004459986573,77.61748228,58.98784134,0,0.4994819963,0.4998291542,1.671926188,66.13533405,110.573397,73,,,,,,,,,,,,,66.13533405369864,110.57339697426056,0.00044599864577562375,0.6856207750126758,0.9995175527519247,0.008385255136521545,0.0004389676434369253,0.5253743758699277,0.5139763677550352,-4.129089921320395,0.0
bert,R0,scitail-imdb,scitail@s0,imdb@s0,scitail,imdb,1.0,0.024912488528346488,0.933282208588957,0.8898,0.18955045708387197,0.7583344580123108,0.6150306748466258,0.8559,0.08789719994688272,0.9014581707438725,0.7776073619631901,0.8818,0.025209980435624613,0.972912644716845,0.897239263803681,0.8793,0.024912488528346488,0.9869985154237497,0.9102760736196319,0.8674,0.01675537131,0.000998930299,77.24358979,54.59834278,0,0.4986577137,0.4997469087,1.037471252,66.13533405,63.74666662,73,,,,,,,,,,,,,66.13533405369864,63.746666615033746,0.0009989302986514958,0.7066346160705925,0.99896271033877,0.016645613083471074,0.0010195109911476559,0.11055511305128772,0.03678626382315458,-4.089036396892491,0.0
bert,R0,scitail-trec,scitail@s0,trec@s0,scitail,trec,1.0,0.02838072101406741,0.933282208588957,0.966,0.39867151176143345,0.5557067909756851,0.6180981595092024,0.522,0.10520558478830777,0.8810829394534951,0.7929447852760736,0.908,0.025553281582005094,0.9647062008326972,0.9049079754601227,0.946,0.02838072101406741,0.96571648231466,0.8880368098159509,0.958,0.01742348504,0.0003002790903,76.97800901,53.72134262,0,0.4992886788,0.499622535,1.311487973,66.13533405,50.42770916,73,,,,,,,,,,,,,66.13533405369864,50.42770916279499,0.00030027909849889695,0.7006711961859791,0.9996656116790142,0.00919571675899092,0.0003151459640655193,0.3039004924318126,0.27116234986718807,-4.0499362678655615,0.0
bert,R0,scitail-yelp_polarity,scitail@s0,yelp_polarity@s0,scitail,yelp_polarity,0.7,0.033099007810666325,0.933282208588957,0.9407,0.18216884068307326,0.758846308425935,0.625,0.9087,0.06847922389304495,0.9113033749361836,0.8151840490797546,0.9309,0.033099007810666325,0.9450418744093589,0.8757668711656442,0.9364,0.13418590100433092,0.8599960895493206,0.6909509202453987,0.9325,0.01525544967,0.0009181216577,77.83088977,61.71034493,0,0.4982352072,0.4996500943,1.51079562,66.13533405,99.91697303,73,,,,,,,,,,,,,66.13533405369864,99.91697302557456,0.0009181216560586903,0.6926204829384865,0.9989696567413682,0.017909216061494957,0.0009356373559640222,0.4223854742023292,0.4126364127256715,-4.182818484355117,0.0
bert,R0,ag_news-imdb,ag_news@s0,imdb@s0,ag_news,imdb,0.7,0.03278550230336863,0.9386842105263158,0.8898,0.10966204972115512,0.8943745236721583,0.8686842105263158,0.761,0.039433550333364153,0.9616029307368865,0.9271052631578948,0.8306,0.03278550230336863,0.974458143692529,0.9363157894736842,0.8337,0.06043216447464306,0.9367300108501844,0.9363157894736842,0.7845,0.0167123451,0.0008339093837,77.45761222,56.95937403,0,0.4983109392,0.4998839981,1.734575357,110.573397,63.74666662,73,,,,,,,,,,,,,110.57339697426056,63.746666615033746,0.0008339093999635839,0.6826509095286682,0.9990193995770462,0.008225773577117112,0.0008452876538375414,0.558959314569266,0.5507626324337609,-4.091607605108622,0.0
bert,R0,ag_news-trec,ag_news@s0,trec@s0,ag_news,trec,0.7,0.03722354850449339,0.9386842105263158,0.966,0.23609710824030494,0.7480136432641312,0.8452631578947368,0.606,0.05848251832272022,0.9357038176166348,0.9182894736842105,0.874,0.03722354850449339,0.959218075353404,0.9271052631578948,0.906,0.06818759609742164,0.9393397212200076,0.9214473684210527,0.852,0.01807104299,0.0007505750452,77.06780456,46.04754607,0,0.4990121326,0.4998268449,2.192711087,110.573397,50.42770916,73,,,,,,,,,,,,,110.57339697426056,50.42770916279499,0.0007505750544460604,0.6622073046321649,0.9990366526183841,0.019244687620787185,0.000745767960209432,0.8006335572202821,0.7851387174827901,-4.013444456619242,0.0
bert,R0,ag_news-yelp_polarity,ag_news@s0,yelp_polarity@s0,ag_news,yelp_polarity,0.7,0.045988693887298204,0.9386842105263158,0.9407,0.12918105620098297,0.8752620545073375,0.8410526315789474,0.7955,0.051281242615617506,0.9418238993710693,0.9011842105263158,0.8818,0.045988693887298204,0.949685534591195,0.8960526315789473,0.8969,0.04290569695175073,0.9449685534591196,0.910921052631579,0.8878,0.01550149697,0.0003997005641,77.80988156,64.60324301,0,0.4992926227,0.4997197878,1.10665279,110.573397,99.91697303,73,,,,,,,,,,,,,110.57339697426056,99.91697302557456,0.00039970056195253747,0.7060619701465989,0.9995898939352275,0.007498294871279783,0.00040540019428596334,0.11249429710858777,0.10133995502504514,-4.166818681010682,0.0
bert,R0,imdb-trec,imdb@s0,trec@s0,imdb,trec,0.7,0.043034655006568556,0.8898,0.966,0.23774482087537296,0.7749887282241716,0.7062,0.706,0.06398325256984261,0.9354940824656137,0.7962,0.944,0.043034655006568556,0.9609286523216307,0.8169,0.962,0.053702486007742745,0.9533952008861213,0.8016,0.958,0.01694492675,0.0005566471474,77.47521752,54.54671254,0,0.4992530112,0.4997981046,1.26411982,63.74666662,50.42770916,73,,,,,,,,,,,,,63.746666615033746,50.42770916279499,0.0005566471419965743,0.7021539298898152,0.9995069344708701,0.02188135009751834,0.0005316902418402324,0.2644275907618315,0.23437608553576697,-4.077786796741554,0.0
bert,R0,imdb-yelp_polarity,imdb@s0,yelp_polarity@s0,imdb,yelp_polarity,0.5,0.005310800317205322,0.8898,0.9407,0.01882996844360818,0.9790118972152777,0.8736,0.9224,0.005310800317205322,0.9953673036698315,0.8847,0.9361,0.008539554732523325,0.9869578172373104,0.8799,0.9351,0.022087777801751307,0.9672891870908923,0.8626,0.9279,0.02766628001,0.0135481349,73.44334962,51.91443379,0,0.4827675112,0.4953229998,1.567407024,63.74666662,99.91697303,73,,,,,,,,,,,,,63.746666615033746,99.91697302557456,0.013548134889403934,0.6862433254570651,0.9855159871292909,0.12395347290631771,0.013632567270191479,0.4537119954651364,0.4494226769332086,-3.587540935493476,0.0
bert,R0,trec-yelp_polarity,trec@s0,yelp_polarity@s0,trec,yelp_polarity,0.7,0.012189504269869977,0.966,0.9407,0.1813644347927328,0.8409830247826344,0.73,0.8293,0.028071800634785538,0.9638857672364505,0.936,0.9171,0.012189504269869977,0.9806358970314728,0.952,0.9314,0.02578120649769411,0.9686175351432347,0.928,0.9292,0.0153117798,0.001038401607,77.74255294,62.76039911,0,0.4982930527,0.4996910358,1.981390285,50.42770916,99.91697303,73,,,,,,,,,,,,,50.42770916279499,99.91697302557456,0.0010384016009872938,0.6713738000809365,0.9989001096062708,0.01067375699499435,0.000963694573835028,0.6996964943441953,0.6837987624459536,-4.179132825252688,0.0
bert,S1,cola@s1__sst2@s1,cola@s1,sst2@s1,cola,sst2,1.0,0.05790137614678903,0.8360498561840843,0.9174311926605505,0.09026949541284401,0.9052482019297872,0.713326941514861,0.8864678899082569,0.06244266055045866,0.9321819160359794,0.7420901246404602,0.9059633027522935,0.04837155963302753,0.9583347281843161,0.7593480345158198,0.9128440366972477,0.05790137614678903,0.9681594147291115,0.7622243528283796,0.8922018348623854,0.0163872085,0.00120013768,77.58248143,62.45574753,0,0.4983876585,0.4997831206,1.533530653,71.62202691,109.8345737,73,,,,,,,,,,,,,71.6220269049578,109.83457369602762,0.0012001376828048667,0.6915509801817574,0.9986108316667287,0.0091898675079347,0.001236289796441339,0.433752188520069,0.4275726932866419,-4.111254217998657,0.0
bert,S1,cola@s1__mrpc@s1,cola@s1,mrpc@s1,cola,mrpc,0.7,0.06808235790361694,0.8360498561840843,0.8529411764705882,0.14930665401244325,0.8524940021407744,0.7497603068072867,0.6862745098039216,0.11028946535906348,0.8877724873583583,0.7957813998082455,0.7058823529411765,0.06808235790361694,0.9435773077916806,0.8207094918504314,0.7524509803921569,0.07920093852156485,0.9392344886132951,0.7564717162032598,0.7990196078431373,0.01907559549,0.0008117933663,76.86239803,57.15589354,0,0.4985482732,0.4999276289,1.637736317,71.62202691,43.73233112,73,,,,,,,,,,,,,71.6220269049578,43.73233111996183,0.0008117933637621365,0.6870559575824533,0.9989071571493289,0.019534298584164122,0.0008999797293752808,0.5059419578787485,0.49331499383994837,-3.959345483950275,0.0
bert,S1,cola@s1__stsb@s1,cola@s1,stsb@s1,cola,stsb,0.7,0.056262325604826025,0.8360498561840843,0.894196098505836,0.09392715703351906,0.8942845325778961,0.7277085330776606,0.8420938330584531,0.061535420570060784,0.9431446473523031,0.7622243528283796,0.8631066091067525,0.056262325604826025,0.958265624449596,0.7813998082454459,0.8520278861685642,0.09678352462587392,0.9201960022568991,0.7929050814956855,0.767254639128896,0.01780740237,0.0003902014691,76.99201143,65.23912242,0,0.4992791398,0.4997910423,1.244902263,71.62202691,57.53224896,73,,,,,,,,,,,,,71.6220269049578,57.53224895376921,0.0003902014756506209,0.702802381663993,0.9996306284615971,0.019197814884732173,0.0003818732869372518,0.22830630195821086,0.21905702322064305,-4.028141044648204,0.0
bert,S1,cola@s1__mnli@s1,cola@s1,mnli@s1,cola,mnli,1.0,0.11457533192774516,0.8360498561840843,0.8201732042791645,0.339544276027124,0.6421616522849389,0.700862895493768,0.3958227203260316,0.191402359108781,0.7905508155196301,0.7094918504314478,0.6303616912888436,0.10723630976123988,0.8864553657092398,0.7056567593480345,0.7721854304635761,0.11457533192774516,0.8876616383268514,0.700862895493768,0.7648497198166072,0.01224638484,0.000596354709,79.08001653,61.21892957,0,0.4991885078,0.4997339358,2.397476584,71.62202691,171.7121324,73,,,,,,,,,,,,,71.6220269049578,171.7121323791323,0.0005963547186606896,0.6538081840492365,0.9988595293266297,0.010867091828571802,0.0006784578942658354,0.906406942506579,0.8744167608873016,-4.4025245006484734,0.0
bert,S1,cola@s1__qnli@s1,cola@s1,qnli@s1,cola,qnli,1.0,0.05676382210973441,0.8360498561840843,0.8930990298370859,0.2211951238315868,0.7825139292652539,0.7209971236816874,0.6209042650558302,0.12434433943637879,0.8885345214436824,0.7468839884947267,0.766245652571847,0.06315660074725793,0.9449128567327337,0.7727708533077661,0.8478857770455793,0.05676382210973441,0.9554319256808548,0.7766059443911792,0.8552077613033132,0.01665874915,0.001114686212,77.49386249,57.91133882,0,0.4987875991,0.4995083162,1.481543135,71.62202691,106.1111223,73,,,,,,,,,,,,,71.6220269049578,106.11112228756532,0.0011146862135545663,0.6937996381312985,0.9987866994257101,0.016357519165889123,0.0011258669245620225,0.39893288377090436,0.3930842033686803,-4.094819726094575,0.0
bert,S1,cola@s1__rte@s1,cola@s1,rte@s1,cola,rte,0.7,0.04044636556104453,0.8360498561840843,0.6570397111913358,0.1503175723359209,0.820107221920926,0.713326941514861,0.555956678700361,0.09818908156064121,0.9139406278616962,0.7545541706615532,0.592057761732852,0.04044636556104453,0.9614081101025098,0.800575263662512,0.631768953068592,0.05485053936888795,0.9582599109151204,0.8178331735378715,0.5992779783393501,0.01831404205,0.002292433361,77.00113861,58.44007946,0,0.4969526436,0.4991423976,1.99840385,71.62202691,35.83961615,73,,,,,,,,,,,,,71.6220269049578,35.83961614749654,0.002292433355968897,0.6702771477665788,0.9971623719998678,0.020701300806825907,0.0022785187119598155,0.7190008577575736,0.6923487869285534,-4.000087188241571,0.0
bert,S1,cola@s1__wic@s1,cola@s1,wic@s1,cola,wic,0.7,0.04189122475007201,0.8360498561840843,0.6990595611285266,0.11177592874480591,0.8750194899725057,0.7353787152444871,0.6269592476489029,0.06477557905130205,0.9361601126327441,0.7708533077660594,0.6630094043887147,0.04189122475007201,0.9574755815730608,0.8053691275167785,0.6661442006269592,0.06986670506438464,0.9092145502486226,0.8092042186001918,0.6238244514106583,0.02017463644,0.0009294044689,76.36522575,52.65632384,0,0.4988178313,0.4994315546,1.138598072,71.62202691,62.90369592,73,,,,,,,,,,,,,71.6220269049578,62.90369591907821,0.0009294044636560965,0.7053015565379082,0.9990641909028978,0.05388326609383694,0.0009348666244828122,0.14381259134250993,0.12979774422584006,-3.9033290853106735,0.0
bert,S1,cola@s1__snli@s1,cola@s1,snli@s1,cola,snli,1.0,0.08263689626036341,0.8360498561840843,0.8693355009144483,0.3113596446080008,0.6869961139145061,0.7085330776605945,0.46057711847185534,0.12790316147046332,0.869468835631457,0.7171620325982742,0.7705750863645601,0.06880841171601237,0.9228519368889531,0.7516778523489933,0.8374314163787848,0.08263689626036341,0.9239419364787002,0.7651006711409396,0.7994310099573257,0.01484683477,0.0008579010546,78.14108977,60.37403651,0,0.4990002419,0.4997213956,1.471990719,71.62202691,105.4269589,73,,,,,,,,,,,,,71.6220269049578,105.42695888767852,0.0008579010596428278,0.6942827518230944,0.9989734468377488,0.023333165597956295,0.0009060230174885053,0.39545735479635996,0.38661571525963373,-4.209968583253783,0.0
bert,S1,cola@s1__scitail@s1,cola@s1,scitail@s1,cola,scitail,1.0,0.0485069238674638,0.8360498561840843,0.9378834355828221,0.2355999684937775,0.7168755109872691,0.7305848513902206,0.6142638036809815,0.14717672365292145,0.8502160746166554,0.7622243528283796,0.7446319018404908,0.07338652508870491,0.9403532662755463,0.7967401725790988,0.8443251533742331,0.0485069238674638,0.9627763823449007,0.8178331735378715,0.8673312883435583,0.01685165868,0.0008614488256,77.35154389,58.04179268,0,0.4990464513,0.4998888856,1.145309661,71.62202691,62.53507617,73,,,,,,,,,,,,,71.6220269049578,62.535076168722924,0.0008614488293335451,0.7051893882974882,0.9990907376836822,0.011066230577827596,0.0008843368040601127,0.1533118695042366,0.1356750467304074,-4.0833061890462705,0.0
bert,S1,cola@s1__ag_news@s1,cola@s1,ag_news@s1,cola,ag_news,1.0,0.04701931123352654,0.8360498561840843,0.9405263157894737,0.10771217200679728,0.8927175830044918,0.7152444870565676,0.8738157894736842,0.06504866954508348,0.9325967537216419,0.7440076701821668,0.9217105263157894,0.046432119332795896,0.9472963263235956,0.7641418983700863,0.934078947368421,0.04701931123352654,0.9494826267881364,0.7622243528283796,0.9351315789473684,0.01548638412,0.0002778013374,77.85367772,66.63067294,0,0.4997574391,0.4999911604,1.563292697,71.62202691,111.9661916,73,,,,,,,,,,,,,71.6220269049578,111.96619159173336,0.0002778013318638408,0.6905405471883699,0.9997134177675788,0.00932026655024836,0.0002707016551457995,0.45333743613764127,0.44679430006205245,-4.167794084985824,0.0
bert,S1,cola@s1__imdb@s1,cola@s1,imdb@s1,cola,imdb,1.0,0.036399015550345304,0.8360498561840843,0.8898,0.21479636182545914,0.78119254023814,0.716203259827421,0.6351,0.10883231155955053,0.8920906530518644,0.74784276126558,0.79,0.05355148873780524,0.9503183760008898,0.7890699904122723,0.8445,0.036399015550345304,0.9788911973876278,0.7996164908916586,0.8638,0.01642729435,0.001668529553,77.64006538,63.35329984,0,0.4975913111,0.499450935,1.080681669,71.62202691,66.27486053,73,,,,,,,,,,,,,71.6220269049578,66.2748605333885,0.0016685295526287758,0.7059888005057753,0.9983081237303812,0.01626698475654216,0.0016851678346833953,0.11162229424580912,0.07759201702896465,-4.108811037913131,0.0
bert,S1,cola@s1__trec@s1,cola@s1,trec@s1,cola,trec,1.0,0.039544286223522906,0.8360498561840843,0.978,0.29437768522166563,0.6995705186764108,0.7114093959731543,0.548,0.08080875593328452,0.91446787454324,0.7488015340364333,0.922,0.04507771899213897,0.9549659967519286,0.7794822627037392,0.956,0.039544286223522906,0.975143371904182,0.7938638542665388,0.95,0.01850688361,0.001356303531,76.87885398,64.583186,0,0.497994121,0.4997721705,1.347342524,71.62202691,53.15799483,73,,,,,,,,,,,,,71.6220269049578,53.15799483498907,0.001356303517586566,0.6990366696175663,0.9986027851000306,0.01989251523427401,0.0013533542381638302,0.31418143888840394,0.2981341516656108,-3.989612529078042,0.0
bert,S1,cola@s1__yelp_polarity@s1,cola@s1,yelp_polarity@s1,cola,yelp_polarity,1.0,0.03617885712836133,0.8360498561840843,0.9403,0.11137707856266832,0.8836706992299593,0.7190795781399808,0.8624,0.06140114125201113,0.9335362517805901,0.75071907957814,0.9208,0.04472214850423506,0.9573413210429613,0.7698945349952061,0.9306,0.03617885712836133,0.9615508681021492,0.7890699904122723,0.9251,0.01542572132,0.0009529606078,77.64298477,62.78537456,0,0.4983697461,0.4997570988,1.413474185,71.62202691,101.2358861,73,,,,,,,,,,,,,71.6220269049578,101.2358861046098,0.0009529605983708597,0.6966399482972591,0.999003853226508,0.012929769649766684,0.0009502179044144611,0.35975367432340366,0.346050634808222,-4.171718947237041,0.0
bert,S1,sst2@s1__mrpc@s1,sst2@s1,mrpc@s1,sst2,mrpc,0.7,0.0426652298850575,0.9174311926605505,0.8529411764705882,0.10145114942528743,0.8857293868921776,0.9105504587155964,0.6862745098039216,0.06459051724137921,0.9269908386187456,0.9254587155963303,0.7352941176470589,0.0426652298850575,0.9602466525722341,0.9208715596330275,0.7769607843137255,0.17491379310344835,0.847970401691332,0.9128440366972477,0.5588235294117647,0.01684336649,0.0008810539303,77.20214438,56.4234721,0,0.4984161384,0.4999171699,2.511518844,109.8345737,43.73233112,73,,,,,,,,,,,,,109.83457369602762,43.73233111996183,0.0008810539369509268,0.6492954931220257,0.9988464586285227,0.011430917689766881,0.0008515174336743386,0.9391455210354337,0.9208876872656195,-4.083798379814823,0.0
bert,S1,sst2@s1__stsb@s1,sst2@s1,stsb@s1,sst2,stsb,0.5,0.030532310134240737,0.9174311926605505,0.894196098505836,0.032657387541908056,0.9347331953637645,0.9094036697247706,0.8436160973130277,0.030532310134240737,0.9474178703172442,0.9151376146788991,0.841827843551284,0.06753723472936501,0.9084559986976238,0.9105504587155964,0.7801195056468877,0.19979944080272993,0.7761692629727984,0.8990825688073395,0.5547602595770552,0.01582358076,0.0004796935892,77.59493155,68.2657537,0,0.4991684375,0.4998322293,1.90909578,109.8345737,57.53224896,73,,,,,,,,,,,,,109.83457369602762,57.53224895376921,0.0004796935871377255,0.6747860099195924,0.9993719503710224,0.00897762293623715,0.0005001577788641002,0.6589139415061158,0.6466297163503689,-4.146253998386017,0.0
bert,S1,sst2@s1__mnli@s1,sst2@s1,mnli@s1,sst2,mnli,0.7,0.05004270186335402,0.9174311926605505,0.8201732042791645,0.22287655279503105,0.7376102030771428,0.911697247706422,0.45970453387671933,0.07413819875776395,0.910797670083164,0.9059633027522935,0.7088130412633724,0.05004270186335402,0.9523394803081735,0.9048165137614679,0.7493632195618951,0.10534549689441008,0.9042313901208059,0.8979357798165137,0.6647987773815588,0.01491693346,0.00111385934,77.46549655,64.41758626,0,0.4983092734,0.4997143683,1.5633705,109.8345737,171.7121324,73,,,,,,,,,,,,,109.83457369602762,171.7121323791323,0.0011138593406611111,0.6902752725136208,0.9985498270778178,0.017899592350894056,0.0012031541763687689,0.46240286493792354,0.44684406749468836,-4.205258237502735,0.0
bert,S1,sst2@s1__qnli@s1,sst2@s1,qnli@s1,sst2,qnli,0.7,0.026336083213773342,0.9174311926605505,0.8930990298370859,0.13410329985652802,0.856961262886972,0.8990825688073395,0.6714259564341937,0.045919886247181796,0.9534315266979841,0.9048165137614679,0.823357129782171,0.026336083213773342,0.9702021277110415,0.9059633027522935,0.85722130697419,0.10692457470793193,0.8953028771026749,0.8899082568807339,0.7289035328574044,0.01447879535,0.0007611936503,78.20302131,66.52342808,0,0.498904285,0.4998564095,1.035090114,109.8345737,106.1111223,73,,,,,,,,,,,,,109.83457369602762,106.11112228756532,0.0007611936509738331,0.7067329221032111,0.9992576616181708,0.007640101350631187,0.0007549033963457334,0.09452186125361403,0.03448848959391678,-4.235070089546158,0.0
bert,S1,sst2@s1__rte@s1,sst2@s1,rte@s1,sst2,rte,0.5,0.05045329670329668,0.9174311926605505,0.6570397111913358,0.0905425824175825,0.8672551349516211,0.9025229357798165,0.5487364620938628,0.05045329670329668,0.9497361151834077,0.9105504587155964,0.5956678700361011,0.04458104395604401,0.9464136355920434,0.9162844036697247,0.5992779783393501,0.08042582417582422,0.9083061989784107,0.9059633027522935,0.5595667870036101,0.01614463852,0.0003072427735,77.47167292,54.60773025,0,0.4999013157,0.4997212786,3.064613562,109.8345737,35.83961615,73,,,,,,,,,,,,,109.83457369602762,35.83961614749654,0.00030724277394213634,0.6303813463873787,0.9995780623305623,0.017002150038146265,0.0002707226853840421,1.1506356789829173,1.1199214805257682,-4.126167264616851,0.0
bert,S1,sst2@s1__wic@s1,sst2@s1,wic@s1,sst2,wic,0.5,0.029276905829596522,0.9174311926605505,0.6990595611285266,0.05531950672645736,0.9216137857485457,0.9105504587155964,0.6269592476489029,0.029276905829596522,0.9653507396897617,0.9151376146788991,0.6598746081504702,0.043116591928251013,0.9611277689799221,0.908256880733945,0.64576802507837,0.09020179372197301,0.9049376066795821,0.908256880733945,0.5799373040752351,0.01625788875,0.0005603398001,77.37992377,55.6314317,0,0.4989557817,0.4998383796,1.746075045,109.8345737,62.90369592,73,,,,,,,,,,,,,109.83457369602762,62.90369591907821,0.0005603397876895497,0.6822059414861574,0.9993622212454127,0.010796891725010492,0.0005576044496820282,0.5669162192700703,0.5573704375934058,-4.119177026466259,0.0
bert,S1,sst2@s1__snli@s1,sst2@s1,snli@s1,sst2,snli,0.7,0.03574655212716227,0.9174311926605505,0.8693355009144483,0.21414153810191683,0.7608274217746709,0.9151376146788991,0.49918715708189393,0.05038686302010298,0.9263983322406465,0.9220183486238532,0.7773826458036984,0.03574655212716227,0.9511605807692025,0.9162844036697247,0.8082706766917294,0.12845196353436195,0.8844821278173519,0.8876146788990825,0.6742532005689901,0.01522137223,0.0004998586235,77.7576686,57.63499057,0,0.4994618287,0.4998252196,1.041807284,109.8345737,105.4269589,73,,,,,,,,,,,,,109.83457369602762,105.42695888767852,0.0004998586155220684,0.7067821245830012,0.9995093917487841,0.01558513059138636,0.0004977126125413466,0.10935683628942897,0.04095697804956851,-4.185054770954391,0.0
bert,S1,sst2@s1__scitail@s1,sst2@s1,scitail@s1,sst2,scitail,0.7,0.05459065821749798,0.9174311926605505,0.9378834355828221,0.1595380212591987,0.7797096977568465,0.908256880733945,0.6480061349693251,0.06351441128372859,0.9225266609783972,0.9231651376146789,0.8128834355828221,0.05459065821749798,0.939401550981672,0.9162844036697247,0.8366564417177914,0.17512060506950122,0.8377122240613799,0.9036697247706422,0.6234662576687117,0.01626872108,0.0009389738679,77.31260901,60.45826364,0,0.4985530745,0.4996541633,1.756367473,109.8345737,62.53507617,73,,,,,,,,,,,,,109.83457369602762,62.535076168722924,0.0009389738750662582,0.6816242516254398,0.9988675843535213,0.021919469713522207,0.0009603894846921223,0.5769189510017824,0.5632477404039055,-4.118510966864162,0.0
bert,S1,sst2@s1__ag_news@s1,sst2@s1,ag_news@s1,sst2,ag_news,0.7,0.014364157806379452,0.9174311926605505,0.9405263157894737,0.06368040011191933,0.9326051580288248,0.8887614678899083,0.8501315789473685,0.023360380526021185,0.9783937237535654,0.8990825688073395,0.9153947368421053,0.014364157806379452,0.9841910040171358,0.9059633027522935,0.9252631578947368,0.03361744543928369,0.9725992223607953,0.875,0.9207894736842105,0.01599812079,0.0007730103094,77.67808218,61.04637202,0,0.4989551358,0.4996554846,1.019407531,109.8345737,111.9661916,73,,,,,,,,,,,,,109.83457369602762,111.96619159173336,0.0007730103141167119,0.7068010495635215,0.9992043576719457,0.008915089741463987,0.0007862683416023343,0.09800508119140348,0.019221606575542324,-4.1352840142652205,0.0
bert,S1,sst2@s1__imdb@s1,sst2@s1,imdb@s1,sst2,imdb,0.7,0.00914559451562158,0.9174311926605505,0.8898,0.016202938862665883,0.9679723084916971,0.9048165137614679,0.8732,0.004980473140031583,0.9722709515648873,0.9208715596330275,0.8776,0.00914559451562158,0.977027822600828,0.9197247706422018,0.8713,0.021717801753203037,0.9679735002419254,0.9128440366972477,0.8556,0.02156887457,0.006997025123,75.30848374,51.19696404,0,0.4907114981,0.4974475261,1.657258466,109.8345737,66.27486053,73,,,,,,,,,,,,,109.83457369602762,66.2748605333885,0.006997025120306258,0.6843063338247167,0.9921959044621994,0.13913108463999097,0.007029666753558492,0.5147854368931323,0.5051647105891307,-3.836503995649272,0.0
bert,S1,sst2@s1__trec@s1,sst2@s1,trec@s1,sst2,trec,0.7,0.01482745398773,0.9174311926605505,0.978,0.1147494887525563,0.8324039816772375,0.8944954128440367,0.778,0.022439928425357913,0.9643983439041579,0.9025229357798165,0.95,0.01482745398773,0.9769908386187457,0.9071100917431193,0.96,0.02329243353783239,0.9734066684284708,0.8990825688073395,0.952,0.01713138713,0.0005772726725,77.17889848,62.41184188,0,0.4991040914,0.4997416237,2.06619106,109.8345737,53.15799483,73,,,,,,,,,,,,,109.83457369602762,53.15799483498907,0.0005772726689185346,0.667729916775051,0.9992689403977949,0.021324145800047857,0.0005772481006065677,0.7400846925715328,0.7257068446403802,-4.066842993275387,0.0
bert,S1,sst2@s1__yelp_polarity@s1,sst2@s1,yelp_polarity@s1,sst2,yelp_polarity,0.5,0.013228956184196505,0.9174311926605505,0.9403,0.016777757098798363,0.9714307790160176,0.9105504587155964,0.9158,0.013228956184196505,0.983599544917046,0.9071100917431193,0.926,0.014519036477719904,0.9809613179489018,0.9036697247706422,0.9271,0.02889244124215684,0.9698462751281041,0.8864678899082569,0.9177,0.02180994103,0.005936193852,75.21249283,51.55395424,0,0.4923044659,0.4975884624,1.08493715,109.8345737,101.2358861,73,,,,,,,,,,,,,109.83457369602762,101.2358861046098,0.0059361938372567095,0.7044399011525315,0.994069400999568,0.19611847275236804,0.005996378593763009,0.10162470657119446,0.08152205904735077,-3.8253894025778483,0.0
bert,S1,mrpc@s1__stsb@s1,mrpc@s1,stsb@s1,mrpc,stsb,0.7,0.055579145587311585,0.8529411764705882,0.894196098505836,0.1084279807030547,0.875561677910333,0.7009803921568627,0.8595951430378467,0.06505320584239493,0.9354454622838455,0.7916666666666666,0.842093678254076,0.055579145587311585,0.959922516142385,0.8382352941176471,0.8102159623330818,0.1055556526819178,0.9118277010980449,0.7916666666666666,0.7696594183663934,0.02504435596,0.006754451497,74.4407061,52.98302245,0,0.4903193318,0.4979871903,1.315554133,43.73233112,57.53224896,73,,,,,,,,,,,,,43.73233111996183,57.53224895376921,0.0067544514901311265,0.698362123928397,0.9931645755950198,0.062311705478597136,0.0067301149527701585,0.2788121309856668,0.27425797078459613,-3.687106787815639,0.0
bert,S1,mrpc@s1__mnli@s1,mrpc@s1,mnli@s1,mrpc,mnli,0.5,0.0598125937031484,0.8529411764705882,0.8201732042791645,0.27918826301135136,0.6973842161055672,0.7058823529411765,0.503616912888436,0.0598125937031484,0.9499192162883356,0.8161764705882353,0.7574121242995415,0.08714785464410646,0.9249479109551486,0.7401960784313726,0.7856342333163525,0.20073427571928315,0.8299572321526484,0.6151960784313726,0.7195109526235354,0.01360208022,0.000444576438,78.34505829,68.20346032,0,0.4996144314,0.4998820279,3.92643447,43.73233112,171.7121324,73,,,,,,,,,,,,,43.73233111996183,171.7121323791323,0.0004445764405282535,0.6078705848971783,1.0000436830167148,0.016344085976455463,0.0002805844947063977,1.4273321822254845,1.3677317545301495,-4.297532540583973,0.0
bert,S1,mrpc@s1__qnli@s1,mrpc@s1,qnli@s1,mrpc,qnli,0.5,0.047493597943803145,0.8529411764705882,0.8930990298370859,0.16645699490898136,0.8270792594133556,0.696078431372549,0.7600219659527732,0.047493597943803145,0.9533444282643367,0.7990196078431373,0.8647263408383672,0.0761983094331089,0.9485694473337494,0.7867647058823529,0.8262859234852645,0.3017497579351337,0.7105394910200402,0.5514705882352942,0.6697785099762036,0.02006622784,0.002727174681,76.00752412,59.48218755,0,0.4959180407,0.4992450407,2.426376998,43.73233112,106.1111223,73,,,,,,,,,,,,,43.73233111996183,106.11112228756532,0.0027271746821587325,0.6521742127050688,0.9958829086215449,0.07919237688925485,0.0028178302666320154,0.9038277332217767,0.8863991974594,-3.9087170840131273,0.0
bert,S1,mrpc@s1__rte@s1,mrpc@s1,rte@s1,mrpc,rte,0.7,0.0956012378426172,0.8529411764705882,0.6570397111913358,0.13603637741568775,0.8469497898694979,0.6911764705882353,0.6028880866425993,0.11816344574965265,0.9055695642556956,0.7450980392156863,0.5848375451263538,0.0956012378426172,0.926414510064145,0.821078431372549,0.555956678700361,0.1384994316028798,0.8684583056845832,0.8088235294117647,0.5090252707581228,0.02563910766,0.00188646165,74.39696273,51.03344364,0,0.4968042312,0.4997632081,1.2202232,43.73233112,35.83961615,73,,,,,,,,,,,,,43.73233111996183,35.83961614749654,0.0018864616610948768,0.7030038992069534,0.9986039137680854,0.13418766247335834,0.001811112390977464,0.2713277651402382,0.19903379283137698,-3.6636364501874,0.0
bert,S1,mrpc@s1__wic@s1,mrpc@s1,wic@s1,mrpc,wic,1.0,0.09800396886758422,0.8529411764705882,0.6990595611285266,0.13021236018761917,0.8455282866689711,0.6862745098039216,0.6536050156739812,0.10828050100510278,0.871372277912202,0.6911764705882353,0.6802507836990596,0.09678624813153958,0.8746491531282405,0.7107843137254902,0.6802507836990596,0.09800396886758422,0.8937089526443138,0.7622549019607843,0.6363636363636364,0.02389257526,0.00205129518,75.20073285,45.36914692,0,0.4973801678,0.498964887,1.438379668,43.73233112,62.90369592,73,,,,,,,,,,,,,43.73233111996183,62.90369591907821,0.0020512951741343565,0.6952808579453128,0.9977087229393939,0.06446719185077726,0.0021098414258291015,0.37233489059870006,0.3635172494851498,-3.73418752688645,0.0
bert,S1,mrpc@s1__snli@s1,mrpc@s1,snli@s1,mrpc,snli,0.7,0.07036401154261585,0.8529411764705882,0.8693355009144483,0.2559566990698199,0.7265167352972232,0.6985294117647058,0.5816907132696606,0.05595790814270285,0.9423545560130927,0.8088235294117647,0.8170087380613696,0.07036401154261585,0.9442487593707107,0.7941176470588235,0.806949806949807,0.22411777981976755,0.807236828212438,0.6225490196078431,0.7144889250152408,0.0172922342,0.001597049045,77.19898295,51.35517744,0,0.4975011055,0.4997339709,2.410732659,43.73233112,105.4269589,73,,,,,,,,,,,,,43.73233111996183,105.42695888767852,0.0015970490494248586,0.6530504973540264,0.9978659081720961,0.017067225162769824,0.0015558113208293321,0.9002298778510078,0.8799307091853479,-4.057497768433169,0.0
bert,S1,mrpc@s1__scitail@s1,mrpc@s1,scitail@s1,mrpc,scitail,0.5,0.054527213090102444,0.8529411764705882,0.9378834355828221,0.1841159857520136,0.7820084937893157,0.7083333333333334,0.7515337423312883,0.054527213090102444,0.9534431778267396,0.7892156862745098,0.9056748466257669,0.06770260617851331,0.9432289172015199,0.8357843137254902,0.8297546012269938,0.19838981776487064,0.8531213079158285,0.7230392156862745,0.7085889570552147,0.02395633621,0.005768323844,75.03443077,53.57911554,0,0.492077296,0.4977085099,1.42995067,43.73233112,62.53507617,73,,,,,,,,,,,,,43.73233111996183,62.535076168722924,0.005768323844779844,0.6944126986767853,0.9938325212793963,0.11122429383732742,0.0058366286216541795,0.36312424543088295,0.35763994717330133,-3.7315224301985235,0.0
bert,S1,mrpc@s1__ag_news@s1,mrpc@s1,ag_news@s1,mrpc,ag_news,0.7,0.08678016196154859,0.8529411764705882,0.9405263157894737,0.16132315767130434,0.8390115667718192,0.6838235294117647,0.8235526315789473,0.10882716168496609,0.8927846286205907,0.7132352941176471,0.8898684210526315,0.08678016196154859,0.9126966829175032,0.7549019607843137,0.8853947368421052,0.3259468125478391,0.6956581588758246,0.4730392156862745,0.7463157894736843,0.01709229133,2.031238577e-05,77.05885117,59.23013377,0,0.4999688597,0.5000381119,2.560261224,43.73233112,111.9661916,73,,,,,,,,,,,,,43.73233111996183,111.96619159173336,2.031238760331063e-05,0.6476396660432537,1.0000158240155514,0.010906386601993298,1.7391228163256382e-05,0.9532784764757134,0.9401092939106807,-4.069127716529332,0.0
bert,S1,mrpc@s1__imdb@s1,mrpc@s1,imdb@s1,mrpc,imdb,0.7,0.11247103184752871,0.8529411764705882,0.8898,0.12343726990179893,0.8825253664036077,0.6862745098039216,0.844,0.12872904410909847,0.8707464726179495,0.7156862745098039,0.8039,0.11247103184752871,0.8918513204195279,0.8161764705882353,0.728,0.1911093930445431,0.8208288066687164,0.8357843137254902,0.5676,0.01876251727,0.001733276722,76.63759467,48.10037201,0,0.4969724571,0.4995082694,1.515465991,43.73233112,66.27486053,73,,,,,,,,,,,,,43.73233111996183,66.2748605333885,0.0017332767367724184,0.6921609813976378,0.9981200786289113,0.014356022625701532,0.0017385723919898812,0.4227843960921065,0.41572297648530177,-3.975894161569949,0.0
bert,S1,mrpc@s1__trec@s1,mrpc@s1,trec@s1,mrpc,trec,1.0,0.03404202806572176,0.8529411764705882,0.978,0.20608560750299687,0.7604166666666667,0.6862745098039216,0.766,0.09151329243353779,0.9003125000000001,0.7107843137254902,0.962,0.03898702489246175,0.9621496212121212,0.7916666666666666,0.972,0.03404202806572176,0.9840435606060607,0.8088235294117647,0.962,0.01828634137,0.0008143472089,76.70163143,54.99525051,0,0.4984409257,0.4996429151,1.215530786,43.73233112,53.15799483,73,,,,,,,,,,,,,43.73233111996183,53.15799483498907,0.0008143472073855897,0.7035033840257693,0.9995836918209254,0.038838526852630256,0.0007365088765638143,0.22179690126305135,0.1951808423019184,-4.001600871033973,0.0
bert,S1,mrpc@s1__yelp_polarity@s1,mrpc@s1,yelp_polarity@s1,mrpc,yelp_polarity,0.7,0.06920251057072757,0.8529411764705882,0.9403,0.11189767633464975,0.8847162300975862,0.6887254901960784,0.9109,0.08917290397659838,0.9163841807909605,0.7328431372549019,0.905,0.06920251057072757,0.938986902927581,0.8014705882352942,0.8669,0.2804972673186963,0.756838726245506,0.6053921568627451,0.6857,0.01702937289,0.0007734643959,77.34296073,63.866547,0,0.4987806498,0.4998965969,2.314898006,43.73233112,101.2358861,73,,,,,,,,,,,,,43.73233111996183,101.2358861046098,0.0007734644043270127,0.6571007316802648,0.9989028916585337,0.013254404969367563,0.0007923388270312485,0.8511479079467025,0.839365628684251,-4.072815608825836,0.0
bert,S1,stsb@s1__mnli@s1,stsb@s1,mnli@s1,stsb,mnli,0.7,0.08701506538265358,0.894196098505836,0.8201732042791645,0.2554244686053614,0.7258745830073157,0.8717207912004181,0.4218033622007132,0.10995864343010364,0.874930329829329,0.8321761945504029,0.6966887417218544,0.08701506538265358,0.9105675921061411,0.7572405183479423,0.8030565461029037,0.2796432896356872,0.7159211810705665,0.43473959678502544,0.7828833418237392,0.01414806543,0.001253028277,77.99503529,65.19246212,0,0.4984720692,0.4994309232,2.984624024,57.53224896,171.7121324,73,,,,,,,,,,,,,57.53224895376921,171.7121323791323,0.001253028269128143,0.6327044886997152,0.9974165092635227,0.0447294523314695,0.001390107062424679,1.1333465608218258,1.093473783802677,-4.258177382967663,0.0
bert,S1,stsb@s1__qnli@s1,stsb@s1,qnli@s1,stsb,qnli,0.7,0.0424518028620382,0.894196098505836,0.8930990298370859,0.1408352282980584,0.8564071104772575,0.8497941657678255,0.685886875343218,0.05275364639172342,0.9364718512785569,0.8509854637419189,0.8420281896393923,0.0424518028620382,0.9445104163072003,0.8259731529085833,0.8854109463664653,0.09795877092309735,0.8848536188229676,0.7547459169844806,0.8574043565806333,0.02058492927,0.003102604578,75.83386384,51.30581237,0,0.4955017583,0.4989703065,1.844376401,57.53224896,106.1111223,73,,,,,,,,,,,,,57.53224895376921,106.11112228756532,0.0031026045796367706,0.676989276014082,0.9961225317091896,0.036084809196819584,0.0031941069705726105,0.6207029763754529,0.6121412263216913,-3.8831960597632573,0.0
bert,S1,stsb@s1__rte@s1,stsb@s1,rte@s1,stsb,rte,0.5,0.039568653859250125,0.894196098505836,0.6570397111913358,0.04921699069907337,0.9135312859457265,0.8651348008960856,0.6137184115523465,0.039568653859250125,0.9652637254354608,0.8676503150853487,0.6245487364620939,0.07428735178499235,0.9215425002322848,0.8546913203886027,0.5884476534296029,0.1524789505821471,0.8564530329442139,0.7934647212503951,0.5306859205776173,0.02312493103,0.001753795901,75.04113653,56.75545462,0,0.4969952106,0.4993864914,1.605269675,57.53224896,35.83961615,73,,,,,,,,,,,,,57.53224895376921,35.83961614749654,0.0017537958912044324,0.6882215929322809,0.9980110091660028,0.02742731920059723,0.0017849544177082665,0.4903026351111733,0.4732917642747499,-3.7668439780745824,0.0
bert,S1,stsb@s1__wic@s1,stsb@s1,wic@s1,stsb,wic,0.7,0.009302690682886583,0.894196098505836,0.6990595611285266,0.05394017877347601,0.9066816705529812,0.8538677753370117,0.6551724137931034,0.020334928600377555,0.9559536393452633,0.8778785107469437,0.6833855799373041,0.009302690682886583,0.9622294433826672,0.8735493911019859,0.7021943573667712,0.035191074411825785,0.92714496798648,0.841285275561676,0.6912225705329154,0.02285125391,0.002221065672,75.07564556,52.04121245,0,0.4963309569,0.4994248781,1.093364106,57.53224896,62.90369592,73,,,,,,,,,,,,,57.53224895376921,62.90369591907821,0.0022210656691004638,0.7056244767286282,0.9977704946128942,0.014906116110083889,0.002228812960394353,0.10556920663268264,0.08925927906356622,-3.7787492874363804,0.0
bert,S1,stsb@s1__snli@s1,stsb@s1,snli@s1,stsb,snli,0.5,0.06843135049825322,0.894196098505836,0.8693355009144483,0.16934436864685765,0.8215341903969555,0.8549186878532796,0.6130867709815079,0.06843135049825322,0.9394264317916869,0.8254281471948753,0.8172119487908962,0.07255295011943463,0.9368342432817462,0.7940195810634215,0.8405811826864459,0.12048185455639837,0.8973602367814048,0.7285790359603723,0.8208697419223735,0.01903066226,0.003759508959,76.25928344,65.79841717,0,0.4948361561,0.4987077209,1.832484577,57.53224896,105.4269589,73,,,,,,,,,,,,,57.53224895376921,105.42695888767852,0.003759508957849184,0.6773427670749809,0.9954625498020874,0.04801524680091621,0.0038063799127987783,0.6154883660132706,0.605672738372174,-3.9617037974388363,0.0
bert,S1,stsb@s1__scitail@s1,stsb@s1,scitail@s1,stsb,scitail,0.7,0.01942614909676299,0.894196098505836,0.9378834355828221,0.13358070962752988,0.8289741455000994,0.8666036666771431,0.7162576687116564,0.02064820539727419,0.974113901804682,0.8777412010437659,0.9164110429447853,0.01942614909676299,0.9885863495932883,0.8704217707321511,0.9263803680981595,0.1012960203915303,0.9292918302916884,0.8351410880529468,0.8098159509202454,0.02383222227,0.005310113135,74.92297868,55.74728246,0,0.4923300625,0.4982634212,1.086956921,57.53224896,62.53507617,73,,,,,,,,,,,,,57.53224895376921,62.535076168722924,0.00531011312160851,0.7046318730890103,0.9947230231058596,0.05254208528658219,0.005332517936839792,0.10829261811434879,0.08338197625898366,-3.7367167370788974,0.0
bert,S1,stsb@s1__ag_news@s1,stsb@s1,ag_news@s1,stsb,ag_news,0.5,0.042305801386148145,0.894196098505836,0.9405263157894737,0.09874198662949851,0.8698732394577364,0.8484585634238118,0.8028947368421052,0.042305801386148145,0.9329184540834026,0.8605694543331792,0.8963157894736842,0.04591098968300966,0.9237054326717394,0.8359828430815013,0.9153947368421053,0.13038653206728557,0.8141884928445846,0.6799035468961506,0.9206578947368421,0.01598146732,0.0009351087817,77.72756531,66.20346596,0,0.4987401568,0.4996871188,1.946146616,57.53224896,111.9661916,73,,,,,,,,,,,,,57.53224895376921,111.96619159173336,0.0009351087792052844,0.6729852523964299,0.9988798688674642,0.010103845137942663,0.0009251272219528183,0.6736512915153338,0.6658513231662226,-4.136325520581568,0.0
bert,S1,stsb@s1__imdb@s1,stsb@s1,imdb@s1,stsb,imdb,0.7,0.03805541654653499,0.894196098505836,0.8898,0.05705815370102374,0.9369177545845431,0.8558669723155302,0.8264,0.03891158480121415,0.9661027365022208,0.8813860647658498,0.8333,0.03805541654653499,0.9708359772207112,0.8863340272508264,0.8299,0.0525649222737008,0.9598939834279692,0.8783737762128464,0.812,0.01695150964,0.0005789587223,77.19099589,66.25540803,0,0.4989317185,0.4998605604,1.151960192,57.53224896,66.27486053,73,,,,,,,,,,,,,57.53224895376921,66.2748605333885,0.0005789587289904587,0.7051483006313445,0.9994184691558529,0.013009375311579849,0.0005807038317343789,0.1559940143901483,0.14146500612108698,-4.077398384814883,0.0
bert,S1,stsb@s1__trec@s1,stsb@s1,trec@s1,stsb,trec,0.7,0.048853961429422776,0.894196098505836,0.978,0.2689205712592253,0.6938438348993126,0.8576157636853317,0.492,0.06714168833271306,0.8875970397194755,0.8783518740625198,0.864,0.048853961429422776,0.9303836964481434,0.8708278208340737,0.908,0.09008519743630394,0.9014188098740654,0.8117191751129011,0.892,0.0170701611,0.0007155968252,77.3271694,66.16703856,0,0.4991306485,0.499814977,1.082287794,57.53224896,53.15799483,73,,,,,,,,,,,,,57.53224895376921,53.15799483498907,0.0007155968161687505,0.7063034119884105,0.9992920964659131,0.008151340954957634,0.0007146566082223001,0.13066552037093945,0.0790771284211265,-4.07042330461048,0.0
bert,S1,stsb@s1__yelp_polarity@s1,stsb@s1,yelp_polarity@s1,stsb,yelp_polarity,0.7,0.022355811720704555,0.894196098505836,0.9403,0.03648089558141998,0.9495602873372072,0.8463566811922306,0.922,0.01978572216950336,0.980393427391411,0.8664192189215915,0.9323,0.022355811720704555,0.9813651585385934,0.8627738597670941,0.9313,0.04915807735557898,0.9418824712308225,0.8270132995329483,0.9185,0.01560684153,0.0007329980783,77.74851885,67.92101504,0,0.4989902661,0.499694111,1.759637211,57.53224896,101.2358861,73,,,,,,,,,,,,,57.53224895376921,101.2358861046098,0.0007329980771329084,0.6815350414779108,0.9992191127568165,0.01600126976437395,0.0007062997188686991,0.5719697288330627,0.5651076576886923,-4.160045901250422,0.0
bert,S1,mnli@s1__qnli@s1,mnli@s1,qnli@s1,mnli,qnli,0.5,0.17051008314248284,0.8201732042791645,0.8930990298370859,0.2448023026814119,0.728168397865698,0.4957717778909832,0.80907926047959,0.17051008314248284,0.827607218865331,0.7458991339786042,0.6694124107633168,0.22777065863460977,0.7710069477990356,0.7802343352012227,0.5297455610470437,0.2701707406186229,0.7390897196313277,0.7310239429444727,0.5075965586673988,0.01491240607,0.001557705199,77.42926701,59.45727161,0,0.4977780717,0.4992847311,1.618229349,171.7121324,106.1111223,73,,,,,,,,,,,,,171.7121323791323,106.11112228756532,0.0015577051874322467,0.6877033077137702,0.9979030612123042,0.027383277639168927,0.0017000841268487098,0.4941118021508867,0.4813325570458195,-4.205561790320605,0.0
bert,S1,mnli@s1__rte@s1,mnli@s1,rte@s1,mnli,rte,0.7,-0.01753463927376986,0.8201732042791645,0.6570397111913358,0.22434304825609175,0.7351993871782906,0.47019867549668876,0.6425992779783394,-0.008924988055422967,0.9815493118963134,0.7627101375445746,0.7148014440433214,-0.01753463927376986,1.0033925316756624,0.803871625063678,0.6931407942238267,0.03454849498327761,0.9432162573851179,0.7680081507896077,0.6534296028880866,0.01352431721,0.00128005651,78.27470278,71.97611885,0,0.4980674186,0.4996102285,4.791126436,171.7121324,35.83961615,73,,,,,,,,,,,,,171.7121323791323,35.83961614749654,0.0012800565136241702,0.5914591823518877,0.9959478390924184,0.012382217213681053,0.0014560249305312408,1.5981536395048206,1.5667655478679412,-4.303265939072912,0.0
bert,S1,mnli@s1__wic@s1,mnli@s1,wic@s1,mnli,wic,0.7,0.12197198005737675,0.8201732042791645,0.6990595611285266,0.2831607386569367,0.6669128135506153,0.38879266428935305,0.670846394984326,0.17467593237333923,0.7559461289962559,0.5814569536423841,0.658307210031348,0.12197198005737675,0.8405740267642693,0.7598573611818645,0.5799373040752351,0.1382689468846614,0.839801186703176,0.7846153846153846,0.5360501567398119,0.01282286536,-6.004469036e-05,78.70787085,64.77148491,0,0.5005446676,0.4999531479,2.729762216,171.7121324,62.90369592,73,,,,,,,,,,,,,171.7121323791323,62.90369591907821,-6.004470129684897e-05,0.6414902498044877,1.000426335849319,0.013324363396520178,-0.0001313699891572076,1.0289288791218714,1.004214505037111,-4.3565253454433055,0.0
bert,S1,mnli@s1__snli@s1,mnli@s1,snli@s1,mnli,snli,0.7,0.05405529953917054,0.8201732042791645,0.8693355009144483,0.2104017231015829,0.7533501735155211,0.5828833418237391,0.7550294655557813,0.04060909637347221,0.9451860475868243,0.7943963321446765,0.8260516155252997,0.05405529953917054,0.9571815251152684,0.7861436576668365,0.8114204429993904,0.10495391705069124,0.8880246970658575,0.7213448802852777,0.7916073968705548,0.01758526106,0.004085992716,76.3018605,51.77353448,0,0.4940298535,0.4987237279,1.628730774,171.7121324,105.4269589,73,,,,,,,,,,,,,171.7121323791323,105.42695888767852,0.004085992712210815,0.6864604271467726,0.9951166482254458,0.07126553134941525,0.004250020629719116,0.49796576248211644,0.487801045242966,-4.040694167559335,0.0
bert,S1,mnli@s1__scitail@s1,mnli@s1,scitail@s1,mnli,scitail,0.5,0.06186284617298865,0.8201732042791645,0.9378834355828221,0.24349938802354454,0.7220730093641837,0.5132959755476312,0.8320552147239264,0.06186284617298865,0.947347280675106,0.7716760061130922,0.8773006134969326,0.12225872637796265,0.9194441231389527,0.7939887926642893,0.7384969325153374,0.21909468113741282,0.8440597111301211,0.7457972491085074,0.6119631901840491,0.01432773693,0.001515460104,78.00127309,62.96636644,0,0.4978336953,0.4995711637,2.745853094,171.7121324,62.53507617,73,,,,,,,,,,,,,171.7121323791323,62.535076168722924,0.001515460108048446,0.6406011058121416,0.9964161937061732,0.017707583556984426,0.0018226066032679506,1.0565076718287836,1.010091807735531,-4.245557974945047,0.0
bert,S1,mnli@s1__ag_news@s1,mnli@s1,ag_news@s1,mnli,ag_news,0.7,0.061293833657158014,0.8201732042791645,0.9405263157894737,0.3211510668840174,0.6593110673927134,0.39296994396332147,0.8263157894736842,0.1493568283010145,0.8180868592390209,0.6012226184411615,0.9106578947368421,0.061293833657158014,0.925119771074572,0.7394803871625064,0.9177631578947368,0.08037161070116472,0.9035318038659071,0.7228731533367295,0.900921052631579,0.01306544997,0.0005023497237,78.70295916,60.71377015,0,0.4992580908,0.4998821273,1.533606975,171.7121324,111.9661916,73,,,,,,,,,,,,,171.7121323791323,111.96619159173336,0.0005023497285280529,0.6917683161052681,0.9991531106008176,0.014540302772212237,0.0006277001375234384,0.4481705039159679,0.4276224608610208,-4.337783939730074,0.0
bert,S1,mnli@s1__imdb@s1,mnli@s1,imdb@s1,mnli,imdb,0.7,0.03723622727697895,0.8201732042791645,0.8898,0.2866287769322159,0.6976247173011044,0.4053998981151299,0.8297,0.1130836575739681,0.868820232741258,0.6630667345899134,0.859,0.03723622727697895,0.9615849089447768,0.7885888945491595,0.8578,0.052830952311148205,0.9461168765290899,0.7919510952623535,0.8264,0.01382661756,0.001238827022,78.11129063,69.32090925,0,0.4984163204,0.4995571736,2.590908996,171.7121324,66.27486053,73,,,,,,,,,,,,,171.7121323791323,66.2748605333885,0.0012388270360764112,0.6462304924712763,0.9963307920725906,0.02413372623320976,0.0017555493396760368,0.9999674071334319,0.9520087778446547,-4.281159735886355,0.0
bert,S1,mnli@s1__trec@s1,mnli@s1,trec@s1,mnli,trec,0.7,0.034166698421166264,0.8201732042791645,0.978,0.3508778213872905,0.6013677372336148,0.39388690779419255,0.8,0.12375592221417775,0.8488622084841175,0.6406520631686194,0.95,0.034166698421166264,0.9624974869320467,0.7825776872134488,0.956,0.06710157629336067,0.9495319410936873,0.7839021905247071,0.89,0.01295897797,0.0005964157464,78.79592656,66.36058521,0,0.4990234167,0.4998383153,3.23022215,171.7121324,53.15799483,73,,,,,,,,,,,,,171.7121323791323,53.15799483498907,0.0005964157515139462,0.6253952225931045,0.998410532415573,0.011714506487225317,0.0007375689397753941,1.2130512287419355,1.1725509119593127,-4.345966451507155,0.0
bert,S1,mnli@s1__yelp_polarity@s1,mnli@s1,yelp_polarity@s1,mnli,yelp_polarity,0.7,0.03894180725987406,0.8201732042791645,0.9403,0.2526287236199891,0.7240849451043734,0.4267957208354559,0.9162,0.10005222992794027,0.8829608881437714,0.6694854814060112,0.9249,0.03894180725987406,0.9610747071210977,0.7714722363728986,0.9229,0.0678612944329251,0.9292982406820551,0.733367294956699,0.9122,0.01455381646,0.001863671005,77.51792248,59.70092987,0,0.4972081201,0.499536846,1.696158734,171.7121324,101.2358861,73,,,,,,,,,,,,,171.7121323791323,101.2358861046098,0.0018636709966298127,0.6840948137287687,0.9969525963987004,0.03464458440364845,0.0022745840927371292,0.5517884706946733,0.528366126150522,-4.229902020102819,0.0
bert,S1,qnli@s1__rte@s1,qnli@s1,rte@s1,qnli,rte,0.5,0.06988742964352723,0.8930990298370859,0.6570397111913358,0.12313368123985069,0.8951894970685997,0.7614863628043199,0.592057761732852,0.06988742964352723,0.910554711119277,0.8713161266703277,0.5812274368231047,0.16281315528087403,0.8332626233944112,0.8132894014277869,0.5018050541516246,0.27692071199962154,0.7160441964956822,0.6487278052352188,0.4729241877256318,0.01904020057,0.002716486571,76.58805828,49.35058144,0,0.4960547421,0.4990704532,2.960721506,106.1111223,35.83961615,73,,,,,,,,,,,,,106.11112228756532,35.83961614749654,0.0027164865677949124,0.6331861813327716,0.9962914477966741,0.02615775629233648,0.0024915080776251007,1.1112156342510044,1.0854329906602973,-3.961202715535746,0.0
bert,S1,qnli@s1__wic@s1,qnli@s1,wic@s1,qnli,wic,0.7,0.07245360136836099,0.8930990298370859,0.6990595611285266,0.1698126040310033,0.8070392960413929,0.6218195130880468,0.6739811912225705,0.09194019946379517,0.8798786518287784,0.7569101226432363,0.677115987460815,0.07245360136836099,0.8973130254964572,0.829763866007688,0.6473354231974922,0.10142465604857276,0.8601878518415397,0.8541094636646531,0.5877742946708464,0.02037242528,0.001729631925,75.99217977,42.87740055,0,0.4968836352,0.4994105664,1.686882158,106.1111223,62.90369592,73,,,,,,,,,,,,,106.11112228756532,62.90369591907821,0.0017296319297663487,0.6845559162566138,0.9979446138655967,0.020966380263010138,0.0017742413622849939,0.5296413424672171,0.5228819481305177,-3.8935729944659125,0.0
bert,S1,qnli@s1__snli@s1,qnli@s1,snli@s1,qnli,snli,0.5,0.06158842971389633,0.8930990298370859,0.8693355009144483,0.24878468474243598,0.7414094621495413,0.7067545304777595,0.6181670392196708,0.06158842971389633,0.9242452632110498,0.8603331502837269,0.7941475309896363,0.13113221206109782,0.8670735693953866,0.8083470620538166,0.7238366185734607,0.2803833964742467,0.7269412927865794,0.6203551162365001,0.6473277789067263,0.01636457468,0.001375444938,77.13291639,59.98872264,0,0.4981651232,0.4994246852,1.006489454,106.1111223,105.4269589,73,,,,,,,,,,,,,106.11112228756532,105.42695888767852,0.0013754449464347025,0.7066173035011512,0.9986088866979038,0.020153839175395972,0.0013897869077960838,0.060110213898839714,0.006468488149124608,-4.112636360978706,0.0
bert,S1,qnli@s1__scitail@s1,qnli@s1,scitail@s1,qnli,scitail,0.5,0.0678603731144054,0.8930990298370859,0.9378834355828221,0.11451391876376427,0.8681865531102232,0.7966318872414424,0.8243865030674846,0.0678603731144054,0.941590328733365,0.828116419549698,0.8788343558282209,0.17585378087577097,0.8463588071750825,0.786381109280615,0.7200920245398773,0.31878524897783933,0.7409202267592288,0.6873512721947648,0.5559815950920245,0.02006935315,0.002725389458,76.13032489,58.53425993,0,0.4963472726,0.4988662895,1.696825666,106.1111223,62.53507617,73,,,,,,,,,,,,,106.11112228756532,62.535076168722924,0.002725389462486292,0.6838072544773449,0.9966246678939517,0.043670873421888017,0.0028512599544987223,0.5381148159447868,0.5287592502736919,-3.908561346389342,0.0
bert,S1,qnli@s1__ag_news@s1,qnli@s1,ag_news@s1,qnli,ag_news,0.7,0.035943403389444795,0.8930990298370859,0.9405263157894737,0.183889565079857,0.8172229882070421,0.6227347611202636,0.8793421052631579,0.09088754518554398,0.9139373945768274,0.7638660076880834,0.9056578947368421,0.035943403389444795,0.9559009304910886,0.853011166025993,0.9151315789473684,0.13256908397546308,0.8672119195258755,0.6820428336079077,0.9134210526315789,0.01507656429,0.0006763006343,78.06051468,57.23643752,0,0.4987693276,0.4996718951,1.055178658,106.1111223,111.9661916,73,,,,,,,,,,,,,106.11112228756532,111.96619159173336,0.0006763006373794605,0.7066135039045142,0.9993243687835816,0.02037456866686963,0.0006806885752891522,0.10472510835227117,0.05371009666676976,-4.194613774588149,0.0
bert,S1,qnli@s1__imdb@s1,qnli@s1,imdb@s1,qnli,imdb,0.7,0.0396065223451354,0.8930990298370859,0.8898,0.1663025159408369,0.8446283592909531,0.6392092257001647,0.8468,0.0739413473397188,0.9276389960244467,0.8077979132344866,0.8432,0.0396065223451354,0.9666328275961704,0.880468606992495,0.8319,0.06550190261786337,0.943479292810724,0.870950027457441,0.7953,0.0150106841,0.0006460449326,77.86446882,62.83994583,0,0.4988526551,0.499820946,1.601076508,106.1111223,66.27486053,73,,,,,,,,,,,,,106.11112228756532,66.2748605333885,0.0006460449328707406,0.6887506380996017,0.9992694365234129,0.008325161173135273,0.0006511642762725018,0.4808888619876411,0.47067622050551466,-4.198993058092856,0.0
bert,S1,qnli@s1__trec@s1,qnli@s1,trec@s1,qnli,trec,0.7,0.05335289884321237,0.8930990298370859,0.978,0.21338393205553952,0.7546743897787949,0.6580633351638294,0.818,0.07363702626045188,0.9342879958047292,0.7980962840929892,0.938,0.05335289884321237,0.9563000572082379,0.8288486179754714,0.944,0.09086980595021199,0.8971026411136538,0.7545304777594728,0.952,0.01645691484,0.001294221679,77.52271285,61.83117689,0,0.497864795,0.4996017047,1.996146066,106.1111223,53.15799483,73,,,,,,,,,,,,,106.11112228756532,53.15799483498907,0.001294221684158295,0.6706453154968265,0.998440573153315,0.014355474982715052,0.001282014098772395,0.7099002740747158,0.6912183545705111,-4.107009535079977,0.0
bert,S1,qnli@s1__yelp_polarity@s1,qnli@s1,yelp_polarity@s1,qnli,yelp_polarity,0.7,0.0356593728606629,0.8930990298370859,0.9403,0.1515371882574359,0.8524669840592639,0.6410397217645982,0.9207,0.06748710695022897,0.9337875247255945,0.7878455061321619,0.9242,0.0356593728606629,0.9632182542760734,0.8493501738971261,0.9193,0.05675983712794208,0.9441710623278905,0.8337909573494418,0.896,0.01512109901,0.0005637569561,77.82400507,60.66589823,0,0.4994325404,0.499690346,1.048157194,106.1111223,101.2358861,73,,,,,,,,,,,,,106.11112228756532,101.2358861046098,0.0005637569637059343,0.7067124465033506,0.9994196716099488,0.014016911698692387,0.0005745084184968213,0.0872165073130674,0.04703356892564316,-4.1916642250256775,0.0
bert,S1,rte@s1__wic@s1,rte@s1,wic@s1,rte,wic,0.7,0.027694278815355022,0.6570397111913358,0.6990595611285266,0.10719213521904103,0.827733525760225,0.555956678700361,0.6567398119122257,0.05668210713053767,0.897454969331964,0.5884476534296029,0.6927899686520376,0.027694278815355022,0.9622029178577706,0.6353790613718412,0.6833855799373041,0.03677376435223967,0.9377202964114235,0.6425992779783394,0.6630094043887147,0.02155418958,0.0008751392697,75.68842482,51.98888183,0,0.4980154588,0.4997637869,1.755144242,35.83961615,62.90369592,73,,,,,,,,,,,,,35.83961614749654,62.90369591907821,0.000875139277140652,0.6816988665552538,0.9990040038916889,0.025086165051150234,0.0008730397031186801,0.5776583916106017,0.5625510427142733,-3.8371850692629916,0.0
bert,S1,rte@s1__snli@s1,rte@s1,snli@s1,rte,snli,0.5,0.01367332994261472,0.6570397111913358,0.8693355009144483,0.18829662623491528,0.7895216053307561,0.6137184115523465,0.5992684413737045,0.01367332994261472,0.9953338928592622,0.6642599277978339,0.8360089412720991,0.03278657994646772,0.9706494739608501,0.6425992779783394,0.8314366998577525,0.07545183895113772,0.9316445823478048,0.6137184115523465,0.7954684007315587,0.01802826925,0.002154342302,76.78680208,51.14091516,0,0.4968111941,0.4995614881,2.941631921,35.83961615,105.4269589,73,,,,,,,,,,,,,35.83961614749654,105.42695888767852,0.002154342301370609,0.6339069745799043,0.9966813745368853,0.019186486075081784,0.002088783185035862,1.0990391111508035,1.07896450252342,-4.015814239164309,0.0
bert,S1,rte@s1__scitail@s1,rte@s1,scitail@s1,rte,scitail,0.7,-0.004676844006361591,0.6570397111913358,0.9378834355828221,0.18336732768458042,0.7477890672471214,0.5992779783393501,0.6763803680981595,0.025985461799034937,0.9741448932029874,0.6642599277978339,0.8788343558282209,-0.004676844006361591,1.007381569535354,0.6642599277978339,0.9363496932515337,0.050710736524309796,0.9579988155030651,0.631768953068592,0.8788343558282209,0.02175231346,0.001342120553,75.60347022,60.36580273,0,0.4980200011,0.4998644599,1.744858983,35.83961615,62.53507617,73,,,,,,,,,,,,,35.83961614749654,62.535076168722924,0.0013421205555199738,0.6820316728281414,0.9984620023080432,0.0656495484222627,0.001363917415613342,0.5798930822821525,0.5566737403545382,-3.828035161126892,0.0
bert,S1,rte@s1__ag_news@s1,rte@s1,ag_news@s1,rte,ag_news,0.7,0.07373690942521383,0.6570397111913358,0.9405263157894737,0.09960597600496879,0.8690721253847276,0.5523465703971119,0.9030263157894737,0.05581596635038166,0.9402887471505216,0.592057761732852,0.9285526315789474,0.07373690942521383,0.9455156692532639,0.5631768953068592,0.9361842105263158,0.12479630050978674,0.8753252435008865,0.4981949458483754,0.9331578947368421,0.01755537247,0.000554417264,77.11867122,55.64676117,0,0.4990183454,0.4997986191,3.124090145,35.83961615,111.9661916,73,,,,,,,,,,,,,35.83961614749654,111.96619159173336,0.0005544172714890329,0.6285261430939516,0.9990912566193595,0.011962956655354707,0.0005409174382521452,1.1666562717058067,1.1391430871949264,-4.042395252269822,0.0
bert,S1,rte@s1__imdb@s1,rte@s1,imdb@s1,rte,imdb,0.7,0.010064615088215989,0.6570397111913358,0.8898,0.1725063540640075,0.7845357516108591,0.555956678700361,0.7197,0.07547998191963123,0.9210526748903463,0.5992779783393501,0.8337,0.010064615088215989,0.9771122211341436,0.6606498194945848,0.867,0.04470507016022862,0.967088274261638,0.6101083032490975,0.8738,0.01880786214,0.0007804147908,76.57132851,47.9280878,0,0.4990588643,0.4997494811,1.849206762,35.83961615,66.27486053,73,,,,,,,,,,,,,35.83961614749654,66.2748605333885,0.000780414780646761,0.6774268553357337,0.9993256552358075,0.02159215056697537,0.0006789837752954732,0.6441211212066977,0.6147567698416654,-3.9734802976308665,0.0
bert,S1,rte@s1__trec@s1,rte@s1,trec@s1,rte,trec,0.7,0.01750601137104202,0.6570397111913358,0.978,0.18633002988831215,0.751345802919708,0.555956678700361,0.764,0.04632126564641903,0.9552805656934307,0.6028880866425993,0.968,0.01750601137104202,1.002505322384428,0.6353790613718412,0.976,0.026770264500325824,0.9563146289537712,0.6245487364620939,0.974,0.01893557708,0.001486584279,76.32381199,49.51967901,0,0.4974859582,0.4994494091,1.483218866,35.83961615,53.15799483,73,,,,,,,,,,,,,35.83961614749654,53.15799483498907,0.0014865842811204388,0.6936097053226467,0.9983656410245321,0.029518105053480247,0.0015132593299053555,0.40929639999336515,0.39421463554359554,-3.96671274119815,0.0
bert,S1,rte@s1__yelp_polarity@s1,rte@s1,yelp_polarity@s1,rte,yelp_polarity,0.7,0.030450300523681362,0.6570397111913358,0.9403,0.10444965541743167,0.8613084560188049,0.5523465703971119,0.8937,0.07580670419657987,0.9412895892614128,0.5667870036101083,0.9269,0.030450300523681362,0.9868613138686131,0.6209386281588448,0.9347,0.04250280188810451,0.9684128726957812,0.6064981949458483,0.9327,0.01613673908,0.0006193001934,77.62130644,57.49017956,0,0.4988803188,0.499790633,2.824692254,35.83961615,101.2358861,73,,,,,,,,,,,,,35.83961614749654,101.2358861046098,0.0006193001924195618,0.6380734407933588,0.9991154902763245,0.012596836012780265,0.0005981456216904369,1.0666619297332556,1.0383994220272097,-4.126656676206131,0.0
bert,S1,wic@s1__snli@s1,wic@s1,snli@s1,wic,snli,0.7,0.05717567406084312,0.6990595611285266,0.8693355009144483,0.2726196391172271,0.7075643760239884,0.6473354231974922,0.459662670188986,0.1321106317230507,0.845835375789934,0.6677115987460815,0.6786222312538102,0.05717567406084312,0.8982547484355887,0.6786833855799373,0.7952651900020321,0.09391725734124112,0.8953445237874431,0.6128526645768025,0.813249339565129,0.01713205105,0.001027017388,77.36030825,57.33820148,0,0.4983018141,0.4997341872,1.676005795,62.90369592,105.4269589,73,,,,,,,,,,,,,62.90369591907821,105.42695888767852,0.0010270173856639893,0.6852604374094601,0.9989417794731077,0.01553890090286968,0.0010008081838440098,0.5242607098895025,0.5164134596911452,-4.066804239429576,0.0
bert,S1,wic@s1__scitail@s1,wic@s1,scitail@s1,wic,scitail,1.0,0.1417001858988226,0.6990595611285266,0.9378834355828221,0.20536686600984855,0.7028050339160292,0.664576802507837,0.5989263803680982,0.14354084090800756,0.7846542488190491,0.6692789968652038,0.7085889570552147,0.11729867377506609,0.8309674248525231,0.6316614420062696,0.808282208588957,0.1417001858988226,0.8352084309946699,0.5689655172413793,0.8466257668711656,0.02271138013,0.001665590486,75.40035096,53.42908291,0,0.4971970908,0.4995738179,1.005894608,62.90369592,62.53507617,73,,,,,,,,,,,,,62.90369591907821,62.535076168722924,0.001665590503489073,0.7065156001668141,0.9982642692441146,0.0417262683522397,0.0017046746934167942,0.09729537817345564,0.0058773027699939966,-3.7848891528045585,0.0
bert,S1,wic@s1__ag_news@s1,wic@s1,ag_news@s1,wic,ag_news,0.7,0.039364393063003655,0.6990595611285266,0.9405263157894737,0.07792734522623523,0.9015105172462047,0.6379310344827587,0.8761842105263158,0.05098732500043912,0.9584467820545114,0.64576802507837,0.9163157894736842,0.039364393063003655,0.9610895875064471,0.6551724137931034,0.9255263157894736,0.06501112920670216,0.9121716983923267,0.6175548589341693,0.9278947368421052,0.01579976986,0.0007094764528,77.66800779,59.69311146,0,0.4989863621,0.4997973212,1.779962051,62.90369592,111.9661916,73,,,,,,,,,,,,,62.90369591907821,111.96619159173336,0.0007094764467022489,0.6806121215508755,0.9991373872279186,0.008696245697245109,0.0007192553979851703,0.5872607480612295,0.5765920444138052,-4.147759904878083,0.0
bert,S1,wic@s1__imdb@s1,wic@s1,imdb@s1,wic,imdb,0.7,0.020808575918203953,0.6990595611285266,0.8898,0.06676085823689903,0.9097847660118055,0.6379310344827587,0.8488,0.02176107494302648,0.9759188846641318,0.6755485893416928,0.881,0.020808575918203953,0.9898605830164766,0.677115987460815,0.8807,0.02655128829272857,0.9675334324984317,0.6833855799373041,0.8625,0.01766935496,0.0001719105718,77.03982532,55.84582486,0,0.4996147909,0.4997938193,1.053592473,62.90369592,66.27486053,73,,,,,,,,,,,,,62.90369591907821,66.2748605333885,0.000171910567024632,0.7068054481710413,0.9998226252796231,0.017650766488494198,0.00017757216968598035,0.11400662253341926,0.05220572734396636,-4.035923498127262,0.0
bert,S1,wic@s1__trec@s1,wic@s1,trec@s1,wic,trec,0.7,0.023246856859886034,0.6990595611285266,0.978,0.1641425256999276,0.779067648922687,0.6253918495297806,0.76,0.03722935981732656,0.955337056400507,0.6598746081504702,0.96,0.023246856859886034,0.9786537547528518,0.670846394984326,0.972,0.03333654295854083,0.9561787072243346,0.6567398119122257,0.972,0.01839098486,0.0004288480981,76.67689999,57.82607429,0,0.499342033,0.4998431911,1.183334626,62.90369592,53.15799483,73,,,,,,,,,,,,,62.90369591907821,53.15799483498907,0.0004288480968430102,0.7044780695467976,0.9995235744449132,0.015124316513502701,0.0004430465440941526,0.19809998839098855,0.16833640721298423,-3.9958946876943853,0.0
bert,S1,wic@s1__yelp_polarity@s1,wic@s1,yelp_polarity@s1,wic,yelp_polarity,0.5,0.028000437795589583,0.6990595611285266,0.9403,0.06516012683672656,0.9157449625142318,0.6347962382445141,0.9042,0.028000437795589583,0.9683049236321454,0.6692789968652038,0.9277,0.021176454036947456,0.961012518528066,0.6755485893416928,0.9321,0.051964023503614176,0.927615008270499,0.6379310344827587,0.9248,0.01576980311,0.0003837997819,77.63995028,62.60606644,0,0.4991462226,0.4999243959,1.609378982,62.90369592,101.2358861,73,,,,,,,,,,,,,62.90369591907821,101.2358861046098,0.0003837997662422997,0.6884606788631135,0.9995625486305494,0.008577326850814061,0.00039124101057651494,0.4835651453611433,0.4758483791193301,-4.149658363183417,0.0
bert,S1,snli@s1__scitail@s1,snli@s1,scitail@s1,snli,scitail,0.5,0.059713419013859736,0.8693355009144483,0.9378834355828221,0.23843027151789542,0.7255097057970429,0.6253810201178622,0.7538343558282209,0.059713419013859736,0.9432203835812256,0.7975005080268238,0.9033742331288344,0.15831559630993464,0.8616472624157221,0.7511684616947775,0.7684049079754601,0.31100843196685624,0.7439893328633724,0.6804511278195489,0.558282208588957,0.01813857001,0.002521340784,76.79081351,60.79745746,0,0.4962212102,0.4993400194,1.685885192,105.4269589,62.53507617,73,,,,,,,,,,,,,105.42695888767852,62.535076168722924,0.002521340785015807,0.6843637981973231,0.9969937614196744,0.018383502069591214,0.002581236201519554,0.5313182945538787,0.5222907623619312,-4.009714668163204,0.0
bert,S1,snli@s1__ag_news@s1,snli@s1,ag_news@s1,snli,ag_news,0.7,0.02891294144793588,0.8693355009144483,0.9405263157894737,0.25008966895868634,0.7491069367656273,0.4934972566551514,0.8767105263157895,0.06852454731891777,0.9162041057093762,0.7666124771387929,0.9227631578947368,0.02891294144793588,0.9657063718000858,0.8287949603739078,0.93,0.07943835837916202,0.9155684278789611,0.7413127413127413,0.9296052631578947,0.01567583155,0.0003440695615,77.64860401,45.29464149,0,0.4994001054,0.499913364,1.062026191,105.4269589,111.9661916,73,,,,,,,,,,,,,105.42695888767852,111.96619159173336,0.0003440695768961028,0.7066657552945195,0.9996690411026831,0.009270329522495882,0.0003402272477050354,0.12561754607940198,0.06017858447421468,-4.155635144428438,0.0
bert,S1,snli@s1__imdb@s1,snli@s1,imdb@s1,snli,imdb,0.7,0.017808263010077985,0.8693355009144483,0.8898,0.25105934106881267,0.7440877195049934,0.47825645194066246,0.8433,0.05744526481674661,0.9339170650524351,0.7821580979475716,0.8768,0.017808263010077985,0.985584131086922,0.8542979069294859,0.8735,0.036697855420494196,0.9686561731135108,0.8513513513513513,0.8429,0.01586339288,0.001034263262,77.48317911,55.70053089,0,0.4984699357,0.4995450425,1.590753387,105.4269589,66.27486053,73,,,,,,,,,,,,,105.42695888767852,66.2748605333885,0.001034263269609629,0.6890899302035413,0.9987467035216929,0.013968355589932476,0.0010862379976742578,0.47771137693835464,0.4642077323128447,-4.143741158794498,0.0
bert,S1,snli@s1__trec@s1,snli@s1,trec@s1,snli,trec,1.0,0.026149267044688562,0.8693355009144483,0.978,0.3742456769833964,0.5835819541231126,0.4550904287746393,0.712,0.07503291200234052,0.8952018002322881,0.7602113391587075,0.954,0.018290182041376002,0.9662946428571428,0.8482015850436903,0.966,0.026149267044688562,0.9690784698025552,0.8434261328998172,0.956,0.01613782505,0.0007924246863,77.78553141,48.39952475,0,0.4989099899,0.4998628521,1.98327569,105.4269589,53.15799483,73,,,,,,,,,,,,,105.42695888767852,53.15799483498907,0.0007924246925309823,0.6713557212252199,0.9990703657317506,0.009482692623533965,0.0007746713641497876,0.7026694903653213,0.6847498666015202,-4.12658938048706,0.0
bert,S1,snli@s1__yelp_polarity@s1,snli@s1,yelp_polarity@s1,snli,yelp_polarity,0.7,0.022938496745664727,0.8693355009144483,0.9403,0.24460489940420183,0.7487142955569992,0.46901036374720584,0.9133,0.06975408637103042,0.9210540561822084,0.757671205039626,0.9299,0.022938496745664727,0.9599112433315617,0.837126600284495,0.932,0.04616918610470022,0.948328830291935,0.8044096728307255,0.9237,0.01475399295,0.001137817359,77.75835416,56.04516456,0,0.4985990719,0.4995844172,1.041399082,105.4269589,101.2358861,73,,,,,,,,,,,,,105.42695888767852,101.2358861046098,0.0011378173469447355,0.7065598971311927,0.9988662424882555,0.021284210053525373,0.0011426691349781222,0.09311491323068752,0.04056508024060776,-4.2162415243566596,0.0
bert,S1,scitail@s1__ag_news@s1,scitail@s1,ag_news@s1,scitail,ag_news,0.7,0.042832169831997335,0.9378834355828221,0.9405263157894737,0.19982191726290677,0.7471919636476052,0.6449386503067485,0.858421052631579,0.07901574970681768,0.9209982504135739,0.8174846625766872,0.9126315789473685,0.042832169831997335,0.9552337454113523,0.870398773006135,0.9276315789473685,0.18104344267058214,0.8540746305536073,0.6081288343558282,0.9306578947368421,0.01597940132,0.0003735569903,77.75390841,65.13699807,0,0.4994796144,0.4997982215,1.790454229,62.53507617,111.9661916,73,,,,,,,,,,,,,62.535076168722924,111.96619159173336,0.00037355699896586336,0.6802293196854137,0.999518193613773,0.007575378316995511,0.0003923946743044713,0.5902219031815189,0.5824693468791162,-4.136454803676227,0.0
bert,S1,scitail@s1__imdb@s1,scitail@s1,imdb@s1,scitail,imdb,0.7,0.01836641563411412,0.9378834355828221,0.8898,0.17440490729218405,0.7694487640820517,0.6464723926380368,0.8559,0.07179937171104434,0.9319232373007604,0.8105828220858896,0.8828,0.01836641563411412,0.9922074265559309,0.9049079754601227,0.8884,0.031313641456999664,0.9818654419355568,0.8926380368098159,0.877,0.01742014444,0.001166468378,77.15186435,56.92524191,0,0.4988033538,0.4993871871,1.059802987,62.53507617,66.27486053,73,,,,,,,,,,,,,62.535076168722924,66.2748605333885,0.0011664683717283277,0.7063977650611974,0.9988482522202062,0.024822428827702064,0.0011647594918273952,0.10412898022379644,0.058083029528865404,-4.050128015973327,0.0
bert,S1,scitail@s1__trec@s1,scitail@s1,trec@s1,scitail,trec,1.0,0.03086881131416086,0.9378834355828221,0.978,0.2772315553794267,0.6286782139093783,0.6211656441717791,0.766,0.1148864554123672,0.8784680145767475,0.745398773006135,0.954,0.04824369990987332,0.9526842948717948,0.8550613496932515,0.97,0.03086881131416086,0.96374253600281,0.8895705521472392,0.968,0.01725976694,0.0007609351447,76.83456108,62.7767336,0,0.4991714067,0.499843577,1.176400208,62.53507617,53.15799483,73,,,,,,,,,,,,,62.535076168722924,53.15799483498907,0.0007609351413324758,0.7045310529469649,0.9992117788575996,0.020313567382276115,0.0007746441648341505,0.1993456301812563,0.16245910450829593,-4.059377096314892,0.0
bert,S1,scitail@s1__yelp_polarity@s1,scitail@s1,yelp_polarity@s1,scitail,yelp_polarity,0.7,0.026231429244976567,0.9378834355828221,0.9403,0.1702715483106807,0.7754834482327517,0.6403374233128835,0.9184,0.07514468208290026,0.9156839938561555,0.8029141104294478,0.9343,0.026231429244976567,0.9715434176921292,0.8918711656441718,0.9371,0.1023070784545459,0.9219924853994392,0.7507668711656442,0.9355,0.01574276909,0.001044887871,77.79269523,62.94212236,0,0.4986917423,0.4995530987,1.61886564,62.53507617,101.2358861,73,,,,,,,,,,,,,62.535076168722924,101.2358861046098,0.0010448878785123692,0.6878323455544764,0.9987800016160269,0.0124280928615701,0.0010711476700787084,0.4886047187026662,0.48172568175198793,-4.151374124528471,0.0
bert,S1,ag_news@s1__imdb@s1,ag_news@s1,imdb@s1,ag_news,imdb,0.7,0.03900642649901642,0.9405263157894737,0.8898,0.13915785983608542,0.8426411645250891,0.8757894736842106,0.7034,0.05844530306352047,0.9401395552299425,0.9238157894736843,0.8016,0.03900642649901642,0.9576521243288676,0.9318421052631579,0.8286,0.048970892901368135,0.9428821735146176,0.9338157894736843,0.809,0.0164439849,0.000871928211,77.47554285,58.77571335,0,0.4992200517,0.4997478441,1.689421761,111.9661916,66.27486053,73,,,,,,,,,,,,,111.96619159173336,66.2748605333885,0.000871928221871609,0.6846977807560578,0.9989172177911746,0.016041698332921343,0.0009126923717538443,0.5305285205383087,0.5243863171327642,-4.107795528214988,0.0
bert,S1,ag_news@s1__trec@s1,ag_news@s1,trec@s1,ag_news,trec,0.7,0.02290843435262402,0.9405263157894737,0.978,0.18867820077519637,0.7835879994742376,0.8856578947368421,0.666,0.03584496871863707,0.9546135646687698,0.9211842105263158,0.928,0.02290843435262402,0.9775745925341746,0.9301315789473684,0.944,0.045936169311878716,0.9525598054679285,0.9310526315789474,0.898,0.01802089823,0.0009315124221,77.36398426,49.32276033,0,0.498490097,0.4997988763,2.106290727,111.9661916,53.15799483,73,,,,,,,,,,,,,111.96619159173336,53.15799483498907,0.0009315124144186388,0.6658820368415357,0.998763938220837,0.01133447865793854,0.000945929765966083,0.7561739894875482,0.7449284511927194,-4.016223181762321,0.0
bert,S1,ag_news@s1__yelp_polarity@s1,ag_news@s1,yelp_polarity@s1,ag_news,yelp_polarity,0.7,0.027365862887345993,0.9405263157894737,0.9403,0.10689554929575462,0.8938617245005258,0.859078947368421,0.8207,0.04218887743800104,0.956143399454633,0.911578947368421,0.8899,0.027365862887345993,0.9735871250601509,0.9231578947368421,0.9062,0.03443237555124301,0.9614244149779894,0.9223684210526316,0.8937,0.01599484084,0.0006403212357,77.49921192,60.75673622,0,0.4990640059,0.4996545317,1.105993101,111.9661916,101.2358861,73,,,,,,,,,,,,,111.96619159173336,101.2358861046098,0.000640321236988308,0.7059880640405234,0.9993450471860332,0.013116475014129245,0.0006486254664307937,0.11202769195483907,0.10074366528683615,-4.135489056239729,0.0
bert,S1,imdb@s1__trec@s1,imdb@s1,trec@s1,imdb,trec,0.7,0.01690184738557088,0.8898,0.978,0.17183671246175125,0.7927300591882751,0.7787,0.764,0.030757239167276795,0.9724087514092447,0.8569,0.954,0.01690184738557088,0.987677917136415,0.867,0.97,0.02956720128739221,0.9824331783164224,0.8481,0.966,0.01655459909,0.001237012632,77.40759484,54.92656184,0,0.4978608958,0.49953974,1.246752454,66.27486053,53.15799483,73,,,,,,,,,,,,,66.2748605333885,53.15799483498907,0.001237012630695851,0.7024564918389363,0.9987167056284639,0.016046061066407206,0.001249400273625883,0.2428095293582843,0.2205421337597835,-4.101091325129075,0.0
bert,S1,imdb@s1__yelp_polarity@s1,imdb@s1,yelp_polarity@s1,imdb,yelp_polarity,0.5,0.00810105845379594,0.8898,0.9403,0.01956044214522723,0.977501050962108,0.8742,0.92,0.00810105845379594,0.9960881518353619,0.8839,0.9313,0.012203103857257425,0.9901257332849254,0.8766,0.9313,0.03038674548208431,0.9727341018095657,0.852,0.9231,0.02676601083,0.01366289054,73.71556613,52.00327984,0,0.4817642511,0.4952048641,1.527515642,66.27486053,101.2358861,73,,,,,,,,,,,,,66.2748605333885,101.2358861046098,0.013662890536081362,0.6878980820100049,0.9856522169661912,0.16299844226217017,0.013709899394182042,0.4276341948828431,0.42364265227304804,-3.6206224489902374,0.0
bert,S1,trec@s1__yelp_polarity@s1,trec@s1,yelp_polarity@s1,trec,yelp_polarity,0.7,0.012025161877806445,0.978,0.9403,0.1448378198925766,0.8206744350282487,0.77,0.8679,0.021367239755314626,0.9737376412429379,0.962,0.9155,0.012025161877806445,0.9853107344632769,0.968,0.9273,0.015133642028269723,0.9768891242937854,0.964,0.9253,0.01591360915,0.0007363603794,77.48822671,64.04401647,0,0.4988659536,0.499698484,1.904433875,53.15799483,101.2358861,73,,,,,,,,,,,,,53.15799483498907,101.2358861046098,0.0007363603875644468,0.6749262742308209,0.9991246261551942,0.01669599827895778,0.000730524253415769,0.6541723616190069,0.6441847859346999,-4.140580614464128,0.0
bert,P,ag_news@s0__cola@s1,ag_news@s0,cola@s1,ag_news,cola,0.7,0.057378511739878624,0.9386842105263158,0.8360498561840843,0.18469909568599008,0.816755912026291,0.7243421052631579,0.7181208053691275,0.08266011321929101,0.9107967733780709,0.8868421052631579,0.7440076701821668,0.057378511739878624,0.9387003117842179,0.9181578947368421,0.7583892617449665,0.058040800868305986,0.9302590285917108,0.9255263157894736,0.75071907957814,0.01430200166,6.447853818e-05,78.25947144,63.85764357,0,0.5002333192,0.4999022151,1.543846241,110.573397,71.62202691,73,,,,,,,,,,,,,110.57339697426056,71.6220269049578,6.447853674504639e-05,0.6914606713788995,0.9999304426897444,0.005473024374073092,6.593033100004188e-05,0.4417244086930331,0.434276861799125,-4.2473557752882565,0.0
bert,P,ag_news@s0__imdb@s1,ag_news@s0,imdb@s1,ag_news,imdb,0.7,0.012610586554164582,0.9386842105263158,0.8898,0.09649152406840189,0.8998425900321202,0.8502631578947368,0.8019,0.02174376604602657,0.975267017884703,0.9243421052631579,0.8647,0.012610586554164582,0.9817938591204423,0.9347368421052632,0.8711,0.0267849665615032,0.9656445654563116,0.9346052631578947,0.846,0.01497647744,0.0004366675716,77.89561673,67.06523931,0,0.4995530396,0.499884191,1.668406332,110.573397,66.27486053,73,,,,,,,,,,,,,110.57339697426056,66.2748605333885,0.00043666757057532056,0.6857833166765074,0.9995059285070429,0.010657471496498278,0.0004386191902520971,0.5186757773016586,0.5118688785863881,-4.201274479413188,0.0
bert,P,ag_news@s0__mnli@s1,ag_news@s0,mnli@s1,ag_news,mnli,1.0,0.07274850379688202,0.9386842105263158,0.8201732042791645,0.308582329044537,0.675595486466734,0.8544736842105263,0.38757004584819155,0.16880140069338156,0.8177902451236999,0.8969736842105264,0.5797249108507386,0.06593074542867938,0.9276109985762444,0.9053947368421053,0.741110545084055,0.07274850379688202,0.9293495990471206,0.8902631578947369,0.7431482424859909,0.01243801826,0.0004524348358,78.66170048,70.77433671,0,0.4999165255,0.4998202854,1.552924456,110.573397,171.7121324,73,,,,,,,,,,,,,110.57339697426056,171.7121323791323,0.0004524348465746353,0.6909412547850438,0.9992266119769316,0.007145513516115352,0.0005643117333936651,0.4657084394899276,0.4401398990683932,-4.3869975082198325,0.0
bert,P,ag_news@s0__mrpc@s1,ag_news@s0,mrpc@s1,ag_news,mrpc,0.7,0.05309083263246428,0.9386842105263158,0.8529411764705882,0.13400616764788342,0.864442538593482,0.8705263157894737,0.6862745098039216,0.09356602186711527,0.9017705355441205,0.9086842105263158,0.7205882352941176,0.05309083263246428,0.9350066704783686,0.9010526315789473,0.7965686274509803,0.2659447715166806,0.765708023632552,0.8089473684210526,0.5171568627450981,0.01610538644,0.000254358366,77.46952452,56.93290155,0,0.4996951563,0.500034534,2.528413056,110.573397,43.73233112,73,,,,,,,,,,,,,110.57339697426056,43.73233111996183,0.000254358364520631,0.6487913293775274,0.9996072600024344,0.0060599129222580666,0.0002655884070596019,0.9453773206254892,0.9275918553425893,-4.128601501454252,0.0
bert,P,ag_news@s0__qnli@s1,ag_news@s0,qnli@s1,ag_news,qnli,0.7,0.05836531416603652,0.9386842105263158,0.8930990298370859,0.1960778424069376,0.8022250046774031,0.8751315789473684,0.6033315028372689,0.10948576234530827,0.8850702090199521,0.9130263157894737,0.7219476478125572,0.05836531416603652,0.9338891047690323,0.9168421052631579,0.80962840929892,0.08495534462733789,0.8945113672888813,0.9132894736842105,0.7655134541460736,0.01555454147,0.0001847203262,77.93246362,52.76701754,0,0.4997641689,0.4999459687,1.042052846,110.573397,106.1111223,73,,,,,,,,,,,,,110.57339697426056,106.11112228756532,0.00018472032588795294,0.7068916605503986,0.9998204253975823,0.004902437781812826,0.0001833463302923982,0.10647127633598667,0.04119265797606798,-4.163402627048377,0.0
bert,P,ag_news@s0__rte@s1,ag_news@s0,rte@s1,ag_news,rte,0.7,0.06534564398315457,0.9386842105263158,0.6570397111913358,0.1246237642368846,0.8485080108341367,0.8646052631578948,0.5451263537906137,0.0726485457351731,0.9337442041959325,0.920921052631579,0.5740072202166066,0.06534564398315457,0.9461720913862491,0.9294736842105263,0.5776173285198556,0.11951974294278755,0.9005983259116437,0.930921052631579,0.5054151624548736,0.01719829156,0.000234965108,77.32221355,52.69177395,0,0.4997680697,0.4998777426,3.085228271,110.573397,35.83961615,73,,,,,,,,,,,,,110.57339697426056,35.83961614749654,0.0002349651143495727,0.6297624226999166,0.9996016849521906,0.009269640711852729,0.0002391567634869392,1.1567583061562787,1.1266256484611088,-4.062945228003049,0.0
bert,P,ag_news@s0__scitail@s1,ag_news@s0,scitail@s1,ag_news,scitail,0.7,0.05664065141511365,0.9386842105263158,0.9378834355828221,0.20543234854064507,0.7435521888869008,0.8792105263157894,0.6119631901840491,0.11516195863737755,0.8656949939581111,0.9243421052631579,0.7361963190184049,0.05664065141511365,0.9552491533623609,0.9328947368421052,0.8374233128834356,0.0792431347495588,0.935255692298856,0.9342105263157895,0.7937116564417178,0.01521363035,0.0002738654473,77.91074556,62.84038928,0,0.4995580705,0.4999355038,1.768182015,110.573397,62.53507617,73,,,,,,,,,,,,,110.57339697426056,62.535076168722924,0.00027386544748286753,0.6812781594881682,0.9996424651186504,0.006467933192658866,0.0002885028216999231,0.5803420600543053,0.5699519085771326,-4.185563519402605,0.0
bert,P,ag_news@s0__snli@s1,ag_news@s0,snli@s1,ag_news,snli,0.7,0.03012960474915971,0.9386842105263158,0.8693355009144483,0.26187673275871903,0.7317182740560559,0.8672368421052632,0.4801869538711644,0.07530022360967425,0.9095062783511931,0.9264473684210527,0.7497459865880919,0.03012960474915971,0.9499868516205379,0.9343421052631579,0.8209713472871367,0.07075563319834965,0.9277350455445255,0.9328947368421052,0.7516764885185938,0.01409997276,0.0005310812558,78.34614554,71.7321706,0,0.4990829838,0.4997757776,1.0488152,110.573397,105.4269589,73,,,,,,,,,,,,,110.57339697426056,105.42695888767852,0.0005310812575320614,0.7067187362176106,0.9994667438409732,0.00842222169809506,0.0005343438878548003,0.13084957559583482,0.04766114611595723,-4.261582413514774,0.0
bert,P,ag_news@s0__sst2@s1,ag_news@s0,sst2@s1,ag_news,sst2,0.7,0.018480515839641165,0.9386842105263158,0.9174311926605505,0.06246548219792536,0.9286103687156781,0.8319736842105263,0.9071100917431193,0.01916333753854782,0.9778943449412955,0.910921052631579,0.9094036697247706,0.018480515839641165,0.9805193222262113,0.9227631578947368,0.8990825688073395,0.029619252873563262,0.9721291457798699,0.9171052631578948,0.8841743119266054,0.01422393613,0.0003673903879,78.26829316,67.56352209,0,0.4994244576,0.4999510257,1.006726691,110.573397,109.8345737,73,,,,,,,,,,,,,110.57339697426056,109.83457369602762,0.00036739038568915004,0.706972955868863,0.9996270134319108,0.006285475508418579,0.0003712781049536606,0.09694802160957536,0.006704167762252288,-4.252829090518757,0.0
bert,P,ag_news@s0__stsb@s1,ag_news@s0,stsb@s1,ag_news,stsb,0.5,0.050726768387774235,0.9386842105263158,0.894196098505836,0.091017364150903,0.886594287191542,0.8215789473684211,0.8429765169408394,0.050726768387774235,0.9247793600546004,0.8956578947368421,0.8444638631616804,0.06118503640259154,0.9068885865323357,0.9130263157894737,0.8092151182269082,0.13193785500030542,0.8404795275101726,0.9097368421052632,0.6858149015041928,0.01614332482,0.0001584650033,77.43204213,62.90688296,0,0.499766072,0.4999985969,1.921937678,110.573397,57.53224896,73,,,,,,,,,,,,,110.57339697426056,57.53224895376921,0.00015846501157040197,0.6742926557908832,0.9998398871101165,0.009601995177580454,0.00014857797002591647,0.6637310663464183,0.6533338844240446,-4.126248638594323,0.0
bert,P,ag_news@s0__trec@s1,ag_news@s0,trec@s1,ag_news,trec,0.7,0.022638931170356758,0.9386842105263158,0.978,0.22013050784199395,0.7501834381551362,0.8344736842105264,0.656,0.04286996857698644,0.9426362683438155,0.9157894736842105,0.918,0.022638931170356758,0.9708038522012579,0.9288157894736843,0.944,0.03153222879806539,0.9483719863731657,0.9313157894736842,0.924,0.01662872737,0.0001492821468,77.20407343,61.62260557,0,0.4997785625,0.4998998298,2.08008969,110.573397,53.15799483,73,,,,,,,,,,,,,110.57339697426056,53.15799483498907,0.000149282158112375,0.6672305952638173,0.999858741731725,0.00587562454777062,0.00013341572355792065,0.7448793866560846,0.7324110129758855,-4.096623514863123,0.0
bert,P,ag_news@s0__wic@s1,ag_news@s0,wic@s1,ag_news,wic,0.7,0.0046254216214651755,0.9386842105263158,0.6990595611285266,0.08332076169068481,0.9035240851009557,0.8664473684210526,0.6363636363636364,0.027398637988235386,0.9592091733027238,0.9230263157894737,0.6724137931034483,0.0046254216214651755,0.9738463623247324,0.9321052631578948,0.6974921630094044,0.01576609704553833,0.9361523622769049,0.9322368421052631,0.6818181818181818,0.01593610811,0.0001258645721,77.5179264,50.65335194,0,0.4998478894,0.4999196253,1.757820353,110.573397,62.90369592,73,,,,,,,,,,,,,110.57339697426056,62.90369591907821,0.00012586457372400168,0.6817959545547999,0.9999014765954376,0.004377486804734776,0.00010850085864936794,0.5763612629888719,0.5640746057592683,-4.139167794151862,0.0
bert,P,ag_news@s0__yelp_polarity@s1,ag_news@s0,yelp_polarity@s1,ag_news,yelp_polarity,0.7,0.014228536717445062,0.9386842105263158,0.9403,0.07109015753819548,0.9252545037842448,0.8576315789473684,0.8878,0.02296791124259001,0.9747039672387451,0.9180263157894737,0.9178,0.014228536717445062,0.9831230234871905,0.9293421052631579,0.9229,0.020524917024942413,0.9614402338059198,0.93,0.9104,0.01440487601,0.0006874577188,77.92768931,62.84965018,0,0.4989955931,0.4998680846,1.092235187,110.573397,101.2358861,73,,,,,,,,,,,,,110.57339697426056,101.2358861046098,0.0006874577187232506,0.7061789184682687,0.9993138550759368,0.0048086526321053725,0.0006870191034438848,0.10789908382203145,0.08822622684396328,-4.240188517910666,0.0
bert,P,cola@s0__imdb@s1,cola@s0,imdb@s1,cola,imdb,1.0,0.04832029852753661,0.8235858101629914,0.8898,0.19233848314790492,0.789726227524443,0.7277085330776606,0.6511,0.1123256694484196,0.8744373358178306,0.7622243528283796,0.7562,0.06782756638357212,0.92528591472037,0.7833173537871524,0.8126,0.04832029852753661,0.9682833815255952,0.7890699904122723,0.8411,0.0162994688,2.471357283e-05,77.38024614,64.94461766,0,0.5001734675,0.499908266,1.096785988,72.68933838,66.27486053,73,,,,,,,,,,,,,72.68933837721629,66.2748605333885,2.4713572618221562e-05,0.7063459852484243,0.9999660073657628,0.00739439079508712,3.0576535303164886e-05,0.11887649262100618,0.09238407383789965,-4.116622760657507,0.0
bert,P,cola@s0__mnli@s1,cola@s0,mnli@s1,cola,mnli,1.0,0.09214679787995572,0.8235858101629914,0.8201732042791645,0.32838104396994916,0.6516283205676855,0.7075743048897412,0.39704533876719306,0.17892587798899484,0.8060717687967651,0.713326941514861,0.636474783494651,0.09653366980238465,0.8928828440900016,0.7094918504314478,0.7754457463066735,0.09214679787995572,0.9019136674521694,0.7085330776605945,0.7835965359144167,0.01209436669,0.0004249502618,79.04696931,67.40619542,0,0.4993819669,0.4998674181,2.362273976,72.68933838,171.7121324,73,,,,,,,,,,,,,72.68933837721629,171.7121323791323,0.00042495026249718236,0.6552586288991827,0.9990929017006486,0.007138745009564582,0.0005212119192332759,0.8887357104385555,0.8596247042745561,-4.4150154975973726,0.0
bert,P,cola@s0__mrpc@s1,cola@s0,mrpc@s1,cola,mrpc,1.0,0.07038724525979145,0.8235858101629914,0.8529411764705882,0.13553584092703352,0.8529339853300735,0.7612655800575263,0.6862745098039216,0.10805300202052637,0.8858687115655332,0.785234899328859,0.7083333333333334,0.06542123292253765,0.9392539082759133,0.7986577181208053,0.7671568627450981,0.07038724525979145,0.9464436541453658,0.788111217641419,0.7696078431372549,0.01734941765,0.0001612354408,77.18464441,58.46076111,0,0.4994550289,0.5000401815,1.662141864,72.68933838,43.73233112,73,,,,,,,,,,,,,72.68933837721629,43.73233111996183,0.00016123543948021125,0.6861507995285526,0.9997761978270212,0.012274500128957297,0.00018097347682535927,0.5186298154021168,0.5081070501912429,-4.054196337994079,0.0
bert,P,cola@s0__qnli@s1,cola@s0,qnli@s1,cola,qnli,0.7,0.03558048904561395,0.8235858101629914,0.8930990298370859,0.18798819678358303,0.8031505094190776,0.7468839884947267,0.6404905729452681,0.07890889681634317,0.914854839341364,0.775647171620326,0.8041369211056196,0.03558048904561395,0.9688809565105493,0.785234899328859,0.8711330770638843,0.045082378901189935,0.9594926510493306,0.7813998082454459,0.8583196046128501,0.01588174478,-4.638448769e-05,77.55181425,54.7524998,0,0.499862037,0.5000714766,1.459789354,72.68933838,106.1111223,73,,,,,,,,,,,,,72.68933837721629,106.11112228756532,-4.638449576764104e-05,0.6950832509687853,1.0000286226468036,0.006664265823469464,-3.571692026988981e-05,0.3857697772858936,0.3782921472289696,-4.142584956402751,0.0
bert,P,cola@s0__rte@s1,cola@s0,rte@s1,cola,rte,0.7,0.025284959510803562,0.8235858101629914,0.6570397111913358,0.13804065550282085,0.8285198008316528,0.7229146692233941,0.555956678700361,0.07455001343243484,0.9202416433173308,0.7641418983700863,0.6064981949458483,0.025284959510803562,0.9782860100298039,0.7909875359539789,0.6498194945848376,0.08407105118397329,0.9170078346688559,0.8072866730584851,0.5595667870036101,0.01746566298,0.0002177168969,77.00703875,53.725305,0,0.4994537055,0.4999067635,2.028184065,72.68933838,35.83961615,73,,,,,,,,,,,,,72.68933837721629,35.83961614749654,0.00021771689532380206,0.6695058019193418,0.9998061886880953,0.008694924519379353,0.00019045812663579152,0.7313442860833321,0.7071408434446502,-4.04751844095141,0.0
bert,P,cola@s0__scitail@s1,cola@s0,scitail@s1,cola,scitail,1.0,0.038090746147043886,0.8235858101629914,0.9378834355828221,0.22129594110552786,0.722479717422277,0.7392138063279002,0.6188650306748467,0.11366922499207566,0.877087192540855,0.7737296260786194,0.781441717791411,0.041867314196183614,0.958690269773098,0.7909875359539789,0.8964723926380368,0.038090746147043886,0.9670789738780495,0.800575263662512,0.8926380368098159,0.01583921607,0.0002674485897,77.62286757,63.0270239,0,0.4992945535,0.4999068805,1.162377066,72.68933838,62.53507617,73,,,,,,,,,,,,,72.68933837721629,62.535076168722924,0.0002674486006091323,0.7050283408759074,0.9997201382591139,0.0064825070529900665,0.00027365149626447377,0.16179847401294517,0.1504671032100635,-4.145266384350857,0.0
bert,P,cola@s0__snli@s1,cola@s0,snli@s1,cola,snli,0.7,0.06601423695752862,0.8235858101629914,0.8693355009144483,0.2999350033008581,0.6927728035575851,0.7142857142857143,0.46321885795570006,0.12156382847293545,0.8588580402045725,0.7315436241610739,0.7551310709205447,0.06601423695752862,0.9260987536525732,0.7420901246404602,0.8405811826864459,0.07121989157511077,0.9204136601268214,0.7440076701821668,0.8295061979272506,0.01445210741,-5.286011028e-05,78.10109785,67.80509288,0,0.5004661075,0.4999268689,1.450377198,72.68933838,105.4269589,73,,,,,,,,,,,,,72.68933837721629,105.42695888767852,-5.2860106034882886e-05,0.6954745183181075,1.000069402638825,0.0054923861502466234,-5.67678664545633e-05,0.38076321699378934,0.37182365915456117,-4.236915033535046,0.0
bert,P,cola@s0__sst2@s1,cola@s0,sst2@s1,cola,sst2,1.0,0.030935681024446993,0.8235858101629914,0.9174311926605505,0.06844586728754365,0.9156841055118192,0.7190795781399808,0.908256880733945,0.05318320721769498,0.9386129734256192,0.7411313518696069,0.911697247706422,0.032553114086146806,0.9624012054358333,0.7689357622243528,0.9185779816513762,0.030935681024446993,0.9737667802147247,0.7746883988494727,0.9151376146788991,0.01581157176,0.0004913656295,77.62949788,69.60035302,0,0.4993190132,0.499939567,1.511013529,72.68933838,109.8345737,73,,,,,,,,,,,,,72.68933837721629,109.83457369602762,0.0004913656271046219,0.6927471032067642,0.9994390012359966,0.008817080829929665,0.0005059044158524943,0.4171019210111596,0.4127806369235828,-4.1470132171423835,0.0
bert,P,cola@s0__stsb@s1,cola@s0,stsb@s1,cola,stsb,0.7,0.04319897019029484,0.8235858101629914,0.894196098505836,0.07036476984300077,0.9164180100566985,0.7488015340364333,0.8495522136437714,0.042424734901416294,0.9610740760569748,0.7766059443911792,0.8693317272762432,0.04319897019029484,0.9730035329694127,0.7842761265580057,0.8596193042121228,0.074671733737939,0.9345071786637964,0.788111217641419,0.7991697661077031,0.01711062103,-2.726021889e-05,76.97635896,63.53855858,0,0.500410213,0.4999384387,1.263453797,72.68933838,57.53224896,73,,,,,,,,,,,,,72.68933837721629,57.53224895376921,-2.7260213095601277e-05,0.7023743879883215,1.0000366586178668,0.0089710725258991,-2.983907839452181e-05,0.24080034236076284,0.23384907970619567,-4.068055895418787,0.0
bert,P,cola@s0__trec@s1,cola@s0,trec@s1,cola,trec,1.0,0.025657598720155383,0.8235858101629914,0.978,0.17944368659996046,0.7829653117359414,0.7267497603068073,0.742,0.04807511468845438,0.9459568561532192,0.7679769894534996,0.95,0.02622419658565267,0.971065097799511,0.7938638542665388,0.962,0.025657598720155383,0.9757958944580278,0.8015340364333653,0.954,0.01675467392,0.0005927858636,77.43887618,64.97347387,0,0.4990793838,0.4999398301,1.367420622,72.68933838,53.15799483,73,,,,,,,,,,,,,72.68933837721629,53.15799483498907,0.0005927858706801025,0.698544407489952,0.9993732589771495,0.005578888324922819,0.0005974201657582187,0.3249669144268968,0.3129262075597911,-4.0890780196354815,0.0
bert,P,cola@s0__wic@s1,cola@s0,wic@s1,cola,wic,0.7,0.0346450403796259,0.8235858101629914,0.6990595611285266,0.08625631013223223,0.8839940068360495,0.7516778523489933,0.6394984326018809,0.041220106808939394,0.9463318985686441,0.785234899328859,0.6739811912225705,0.0346450403796259,0.9684940548681288,0.8034515819750719,0.6677115987460815,0.06646585611593414,0.9313296209184353,0.7842761265580057,0.6394984326018809,0.01834931301,-9.15460581e-05,76.95460351,53.74201482,0,0.5000174312,0.5000445019,1.155565461,72.68933838,62.90369592,73,,,,,,,,,,,,,72.68933837721629,62.90369591907821,-9.154605653647832e-05,0.7053044476556357,1.0000995672927395,0.00548851181210565,-9.379260439194971e-05,0.161000570880544,0.14458980079359873,-3.9981631433295215,0.0
bert,P,cola@s0__yelp_polarity@s1,cola@s0,yelp_polarity@s1,cola,yelp_polarity,1.0,0.038926657172425494,0.8235858101629914,0.9403,0.09243452260610363,0.8999238531349716,0.7219558964525408,0.8825,0.05354872129210486,0.9417696635033774,0.7526366251198466,0.9206,0.03997875742973078,0.9552170962662136,0.7670182166826462,0.9297,0.038926657172425494,0.9627968173718455,0.7708533077660594,0.9273,0.01548105758,0.0005408034897,77.70879386,66.0606219,0,0.4992269332,0.4998327496,1.392719873,72.68933838,101.2358861,73,,,,,,,,,,,,,72.68933837721629,101.2358861046098,0.0005408034924734585,0.6975918958731816,0.9994452210883543,0.010229289487565744,0.0005361872496352159,0.3363350341274959,0.3312585783798557,-4.168138094032754,0.0
bert,P,imdb@s0__mnli@s1,imdb@s0,mnli@s1,imdb,mnli,0.7,0.034926419364251005,0.8898,0.8201732042791645,0.29045869753688813,0.6967679270826646,0.822,0.4062149770759042,0.10713601632860481,0.8941062039024217,0.8666,0.6658176260825267,0.034926419364251005,0.9742864480804145,0.8618,0.7886907794192562,0.06557245748573548,0.9432163900071995,0.8192,0.7776872134488029,0.01355744666,0.0004070964985,78.12062073,64.69390304,0,0.4995704253,0.4996965313,2.693664493,63.74666662,171.7121324,73,,,,,,,,,,,,,63.746666615033746,171.7121323791323,0.00040709648882403173,0.6426720942661787,0.9989728157567989,0.006579622583726927,0.0005156525430981441,1.0459002269647306,0.9909025316282905,-4.300819313610477,0.0
bert,P,imdb@s0__mrpc@s1,imdb@s0,mrpc@s1,imdb,mrpc,0.7,0.05434289766782152,0.8898,0.8529411764705882,0.14214934002991764,0.8620611551528878,0.8107,0.6862745098039216,0.08974798676184492,0.9062109200727546,0.8656,0.7230392156862745,0.05434289766782152,0.9620391914616151,0.8519,0.7965686274509803,0.08220851644305971,0.9242108514362195,0.7614,0.8357843137254902,0.0166271781,0.0002668609861,77.30970165,59.96289349,0,0.4996801833,0.5000077112,1.457655354,63.74666662,43.73233112,73,,,,,,,,,,,,,63.746666615033746,43.73233111996183,0.0002668609766378726,0.6950701761301746,0.9997303210064312,0.006256346090891235,0.00026215495994006847,0.38489437648940295,0.37682922292761917,-4.096716687487908,0.0
bert,P,imdb@s0__qnli@s1,imdb@s0,qnli@s1,imdb,qnli,0.7,0.025641679463423994,0.8898,0.8930990298370859,0.16724464566676311,0.8382931083185832,0.8464,0.6379278784550613,0.06090892518710034,0.9411046696953127,0.8808,0.7933369943254622,0.025641679463423994,0.9857620811100083,0.8666,0.8705839282445543,0.046730207962335735,0.9682432730109285,0.8267,0.8729635731283177,0.01462664482,0.0004597236621,77.99612743,57.98098921,0,0.4992632142,0.4997052774,1.664575231,63.74666662,106.1111223,73,,,,,,,,,,,,,63.746666615033746,106.11112228756532,0.0004597236570077166,0.685950075268266,0.9994427933665992,0.010177124555474338,0.0004759386841566074,0.523933451595007,0.5095699743681363,-4.2249104258632935,0.0
bert,P,imdb@s0__rte@s1,imdb@s0,rte@s1,imdb,rte,0.7,0.016264921861685266,0.8898,0.6570397111913358,0.10934609333125866,0.8651933107934959,0.8321,0.555956678700361,0.051030111717906834,0.9592877631829115,0.8821,0.5956678700361011,0.016264921861685266,0.989944697489481,0.8853,0.6389891696750902,0.03011974539284057,0.9726785758570236,0.8802,0.6245487364620939,0.01680842303,0.0002468379706,77.31599631,61.13438046,0,0.4999294445,0.4998740594,1.778664882,63.74666662,35.83961615,73,,,,,,,,,,,,,63.746666615033746,35.83961614749654,0.0002468379834600261,0.6808059514444542,0.9997609436939848,0.010782858282021787,0.00022554420689012064,0.6123152912831663,0.5758630165713962,-4.085875147383953,0.0
bert,P,imdb@s0__scitail@s1,imdb@s0,scitail@s1,imdb,scitail,1.0,0.01733197920210272,0.8898,0.9378834355828221,0.20504125340209844,0.7407511274310326,0.8072,0.6403374233128835,0.084455894890893,0.9227618748709675,0.8741,0.7960122699386503,0.02410952730932392,0.9895019732280627,0.884,0.8987730061349694,0.01733197920210272,0.9957456558551828,0.8786,0.9171779141104295,0.01572020674,5.402878993e-05,77.66978036,62.9084377,0,0.499981282,0.4999896404,1.019374574,63.74666662,62.53507617,73,,,,,,,,,,,,,63.746666615033746,62.535076168722924,5.40287787762049e-05,0.7070551414486772,0.9999623089420054,0.0051532233009377836,4.893269507894666e-05,0.09770347362135137,0.019189276489927007,-4.152808340668065,0.0
bert,P,imdb@s0__snli@s1,imdb@s0,snli@s1,imdb,snli,0.7,0.02569312895376208,0.8898,0.8693355009144483,0.25306418039321765,0.7478931632869152,0.8467,0.47144889250152405,0.05907255897207486,0.936048446392893,0.8764,0.7797195691932534,0.02569312895376208,0.9873109700195852,0.8629,0.8509449298922983,0.045938077390730525,0.9646319760398704,0.8302,0.847693558219874,0.01410452511,0.0005840703249,78.17977363,67.17208018,0,0.4988489769,0.4998518377,1.653842695,63.74666662,105.4269589,73,,,,,,,,,,,,,63.746666615033746,105.42695888767852,0.0005840703349588744,0.6863983311003855,0.9993183054087901,0.006989087461189712,0.0005941768251937657,0.5222559884707054,0.5031014862745445,-4.261259603297729,0.0
bert,P,imdb@s0__sst2@s1,imdb@s0,sst2@s1,imdb,sst2,0.5,0.004313047875927234,0.8898,0.9174311926605505,0.012347437626432978,0.9755368614108639,0.8745,0.9105504587155964,0.004313047875927234,0.9836535307511631,0.8799,0.9197247706422018,0.012754551584625795,0.9835026899935115,0.876,0.908256880733945,0.02740587772533165,0.9710828690390965,0.8566,0.9013761467889908,0.01944905675,0.0031865486,75.95244025,61.16420173,0,0.4954508577,0.499260393,1.722985366,63.74666662,109.8345737,73,,,,,,,,,,,,,63.746666615033746,109.83457369602762,0.003186548594660638,0.6824838259172359,0.9961150102759386,0.02867399490093644,0.0032924738506895515,0.5593587646572051,0.5440584641841292,-3.939956706237617,0.0
bert,P,imdb@s0__stsb@s1,imdb@s0,stsb@s1,imdb,stsb,0.7,0.010340608882638769,0.8898,0.894196098505836,0.05720736089827905,0.9304363664823314,0.8284,0.8535902502347035,0.01501829782801578,0.9887672373398302,0.876,0.8812056714030846,0.010340608882638769,0.9952057681834423,0.879,0.8865563921727685,0.027439873769690704,0.9822194432320559,0.8598,0.875271058771895,0.01561758475,0.0002344132268,77.74531874,68.36226148,0,0.4995551326,0.4999052903,1.108016248,63.74666662,57.53224896,73,,,,,,,,,,,,,63.746666615033746,57.53224895376921,0.0002344132119003372,0.7060979906763523,0.9997706840164342,0.004952633220832077,0.00023223162352431183,0.12930955375280173,0.10257125247750064,-4.159357772006503,0.0
bert,P,imdb@s0__trec@s1,imdb@s0,trec@s1,imdb,trec,0.7,0.010101532432324367,0.8898,0.978,0.15236897517467907,0.8255149348810873,0.837,0.738,0.016596753664916752,0.9862100084937713,0.8821,0.954,0.010101532432324367,1.0009750141562854,0.8882,0.96,0.013956744949923272,0.993295819177048,0.8777,0.964,0.0155249774,0.0002000963492,77.94125654,63.55344253,0,0.4995483495,0.4999795848,1.19919246,63.74666662,53.15799483,73,,,,,,,,,,,,,63.746666615033746,53.15799483498907,0.00020009634159812446,0.7041546974515358,0.9997872802611673,0.005236325577825514,0.00020511215490285573,0.21788269363872084,0.18164838026146757,-4.165305106880241,0.0
bert,P,imdb@s0__wic@s1,imdb@s0,wic@s1,imdb,wic,0.7,0.017276770010291154,0.8898,0.6990595611285266,0.07792651545618656,0.9077498216559229,0.8409,0.6285266457680251,0.026467377664351366,0.9772537739329139,0.8826,0.6677115987460815,0.017276770010291154,0.9942965779467681,0.881,0.6818181818181818,0.030212109941569976,0.9767018761653368,0.85,0.6880877742946708,0.01625037388,0.0002736468865,77.41996681,59.83304969,0,0.5000744177,0.4998351934,1.013400972,63.74666662,62.90369592,73,,,,,,,,,,,,,63.746666615033746,62.90369591907821,0.00027364687603187015,0.7069944007718477,0.9997367557096297,0.007172710495733557,0.00027067224376036916,0.11226684386452244,0.01331197320663677,-4.11963936247107,0.0
bert,P,imdb@s0__yelp_polarity@s1,imdb@s0,yelp_polarity@s1,imdb,yelp_polarity,0.5,0.0029759025606643785,0.8898,0.9403,0.017922956205877583,0.9819357400618078,0.8756,0.9216,0.0029759025606643785,0.9979911271282416,0.8881,0.9365,0.006557126918958933,0.9934245254045339,0.8822,0.936,0.023699849550414154,0.9747208332533543,0.8639,0.9231,0.02270656211,0.006359383761,74.68170563,55.97623969,0,0.4915318062,0.4983182476,1.588096939,63.74666662,101.2358861,73,,,,,,,,,,,,,63.746666615033746,101.2358861046098,0.006359383755648984,0.6875604812335042,0.9930474811711814,0.045436917476761346,0.006375011774781923,0.46860744820364897,0.4625364056721189,-3.7851013165345933,0.0
bert,P,mnli@s0__mrpc@s1,mnli@s0,mrpc@s1,mnli,mrpc,0.5,0.07544143049069163,0.8237391747325522,0.8529411764705882,0.27585034013605436,0.7003369434416367,0.506571574121243,0.7107843137254902,0.07544143049069163,0.9397483863909857,0.7491594498217015,0.8014705882352942,0.14644509841554165,0.8692746964227109,0.7860417727967397,0.6421568627450981,0.2643342289894014,0.7489093097035335,0.7267447784004075,0.5024509803921569,0.01319910148,0.0007486149991,78.5577417,70.26403538,0,0.4991780616,0.4998270904,3.964897754,173.3942214,43.73233112,73,,,,,,,,,,,,,173.39422144404278,43.73233111996183,0.0007486150005960913,0.6069874560606012,0.9986177001862038,0.01026767375503992,0.0007138054347591539,1.453246393641678,1.3774800676168646,-4.327606521403629,0.0
bert,P,mnli@s0__qnli@s1,mnli@s0,qnli@s1,mnli,qnli,0.5,0.17783246336228498,0.8237391747325522,0.8930990298370859,0.23369259011808718,0.7364435063486687,0.5185939887926643,0.8065165659893831,0.17783246336228498,0.823689167196755,0.732857870606215,0.6739886509244005,0.24386455247287386,0.7464284435779451,0.758125318390219,0.5286472634083836,0.2878098467768482,0.7108009979429817,0.704635761589404,0.5081457074867289,0.01644983606,0.003658719536,76.64108518,51.19394317,0,0.4946135382,0.4990339082,1.634081496,173.3942214,106.1111223,73,,,,,,,,,,,,,173.39422144404278,106.11112228756532,0.003658719543038462,0.6863517200902354,0.9942005574117184,0.06400511794125754,0.004511961869986842,0.5102041838930784,0.49108087034708586,-4.107439767777864,0.0
bert,P,mnli@s0__rte@s1,mnli@s0,rte@s1,mnli,rte,0.5,0.05916464487893047,0.8237391747325522,0.6570397111913358,0.19648684648684644,0.7576097745219461,0.45929699439633215,0.6895306859205776,0.05916464487893047,0.8952269273674318,0.7443708609271523,0.6425992779783394,0.13170163170163174,0.856273770938189,0.8059093224656139,0.4981949458483754,0.16877884020741163,0.8207049812467611,0.7719816607233826,0.47653429602888087,0.0128000085,0.0009107080547,78.74567905,70.78094137,0,0.4987914346,0.4996569578,4.838060227,173.3942214,35.83961615,73,,,,,,,,,,,,,173.39422144404278,35.83961614749654,0.0009107080692479124,0.5907510862335198,0.997149624554051,0.008770701252171638,0.0010166976330544112,1.6094650201417255,1.5765138608494988,-4.358309443994286,0.0
bert,P,mnli@s0__scitail@s1,mnli@s0,scitail@s1,mnli,scitail,0.5,0.08515188428749931,0.8237391747325522,0.9378834355828221,0.23274686221771845,0.7212196257001162,0.5224656138563424,0.8443251533742331,0.08515188428749931,0.935896801877713,0.764951604686704,0.8450920245398773,0.16203876332365996,0.8979462833129814,0.7918492103922568,0.6702453987730062,0.26580061296799995,0.7980158986785761,0.7475292919001528,0.5260736196319018,0.01434096002,0.001501000694,77.89247126,64.56921706,0,0.4974954813,0.4996306964,2.772751423,173.3942214,62.53507617,73,,,,,,,,,,,,,173.39422144404278,62.535076168722924,0.0015010006969164637,0.6396708909716382,0.9966457552207239,0.014401782174529415,0.001749522039370126,1.0783180761351403,1.0198401207114902,-4.244635499050118,0.0
bert,P,mnli@s0__snli@s1,mnli@s0,snli@s1,mnli,snli,0.5,0.07728814463436784,0.8237391747325522,0.8693355009144483,0.22674827676831288,0.742028201612599,0.5489556800815079,0.7650883966673441,0.07728814463436784,0.9213029933290566,0.7860417727967397,0.7747409063198537,0.09498762274258166,0.9018310502857478,0.7950076413652573,0.7345051818736029,0.1495301716249422,0.8608179557814144,0.7384615384615385,0.6993497256655151,0.01628293964,0.003037620994,76.86287905,56.83584446,0,0.4958103645,0.4990946569,1.644685793,173.3942214,105.4269589,73,,,,,,,,,,,,,173.39422144404278,105.42695888767852,0.003037620985498231,0.6860656226327259,0.9962361608187539,0.024789123524525194,0.0031954740236186494,0.5127597632544963,0.49754935867828587,-4.117637367140536,0.0
bert,P,mnli@s0__sst2@s1,mnli@s0,sst2@s1,mnli,sst2,0.7,0.048088667285095865,0.8237391747325522,0.9174311926605505,0.2416794217687075,0.7260941630222127,0.4348446255731024,0.9071100917431193,0.08720238095238098,0.8980627787403037,0.6903718797758532,0.9059633027522935,0.048088667285095865,0.9420589065874936,0.7599592460519613,0.9002293577981652,0.09942215522572662,0.8965337617633815,0.6856851757514009,0.8887614678899083,0.01359738046,0.0007911752951,78.35443379,69.02175059,0,0.4987859853,0.4997490192,1.57868525,173.3942214,109.8345737,73,,,,,,,,,,,,,173.39422144404278,109.83457369602762,0.0007911752895589299,0.6897005699807168,0.9991374440860868,0.008815055553980738,0.0007986052078076194,0.4791519871129794,0.456592380381473,-4.297878118027736,0.0
bert,P,mnli@s0__stsb@s1,mnli@s0,stsb@s1,mnli,stsb,0.7,0.06701955264713377,0.8237391747325522,0.894196098505836,0.24716074326962478,0.735943558241984,0.43545593479368316,0.8736700434335649,0.09890269575932698,0.8968496262581342,0.705145185939888,0.8460569834767756,0.06701955264713377,0.9393238153582579,0.8072338257768721,0.7922559552927321,0.11990078576465624,0.9062051704130432,0.7864493122771269,0.7202458469429355,0.01376916423,0.001055669463,78.33255236,65.93739552,0,0.4981180101,0.4996755958,3.013861349,173.3942214,57.53224896,73,,,,,,,,,,,,,173.39422144404278,57.53224895376921,0.0010556694542903648,0.631819081903382,0.9974347430846126,0.012232984886562907,0.0012552252813683017,1.1519327123868157,1.1032220968236695,-4.285323663072695,0.0
bert,P,mnli@s0__trec@s1,mnli@s0,trec@s1,mnli,trec,0.7,0.04738040224455653,0.8237391747325522,0.978,0.44641975027601677,0.5160499398315282,0.393173713703515,0.616,0.16513804629492612,0.7882915914560771,0.6156902699949057,0.902,0.04738040224455653,0.9340591155234658,0.7776872134488029,0.94,0.05446388259709911,0.9248552196149218,0.7929699439633214,0.908,0.01241852609,0.0005972625558,78.93989714,69.54031309,0,0.4990758891,0.4996966307,3.26186535,173.3942214,53.15799483,73,,,,,,,,,,,,,173.39422144404278,53.15799483498907,0.0005972625700282597,0.6244892040849299,0.9982192123851373,0.012646477318862925,0.0007853362215260988,1.2288224352801416,1.182299224990011,-4.388565881821656,0.0
bert,P,mnli@s0__wic@s1,mnli@s0,wic@s1,mnli,wic,1.0,0.13488162488803102,0.8237391747325522,0.6990595611285266,0.2942304439101364,0.6643216977117679,0.3925624044829343,0.6536050156739812,0.19068307306616084,0.752346112842194,0.5723892002037697,0.64576802507837,0.11966272036739678,0.8330404981857947,0.7558838512480897,0.5893416927899686,0.13488162488803102,0.8392929861406615,0.7899133978604177,0.5391849529780565,0.01375200054,0.0006220636062,78.48404602,61.82994705,0,0.499024159,0.4997313225,2.756502919,173.3942214,62.90369592,73,,,,,,,,,,,,,173.39422144404278,62.90369591907821,0.0006220635987908322,0.6404137315107856,0.9981044023109449,0.019818697651840706,0.0008610920833681274,1.0494535140791714,1.0139628179986095,-4.286570971634574,0.0
bert,P,mnli@s0__yelp_polarity@s1,mnli@s0,yelp_polarity@s1,mnli,yelp_polarity,0.7,0.04654533010984596,0.8237391747325522,0.9403,0.2611553925177237,0.7190087754186298,0.4129393785022924,0.9181,0.12014073193787878,0.8590107385424953,0.6385124808965869,0.9258,0.04654533010984596,0.9492634461237228,0.7585328578706062,0.9272,0.05557050931323593,0.939513476717861,0.7555781966377992,0.9136,0.01341224319,0.001126827887,78.26543316,64.73317741,0,0.4982000438,0.4996573905,1.712774275,173.3942214,101.2358861,73,,,,,,,,,,,,,173.39422144404278,101.2358861046098,0.001126827888848861,0.6835587096538115,0.9983585818359051,0.015108491522624029,0.0012654301684478172,0.5708382616290982,0.5381144389138478,-4.311587318272934,0.0
bert,P,mrpc@s0__qnli@s1,mrpc@s0,qnli@s1,mrpc,qnli,0.5,0.052823575483472385,0.8504901960784313,0.8930990298370859,0.15235618391589445,0.8412530624872833,0.7009803921568627,0.7779608273842211,0.052823575483472385,0.9542138988842652,0.7916666666666666,0.8605161998901703,0.05996616682801603,0.9460389043890773,0.803921568627451,0.8348892549881017,0.28618209074590695,0.7395122875769629,0.5441176470588235,0.7036426871682225,0.01916457835,0.0008996014764,76.29642849,59.57521989,0,0.4986437629,0.4997430151,2.343307872,45.28262102,106.1111223,73,,,,,,,,,,,,,45.28262102476059,106.11112228756532,0.0008996014764443213,0.65591340206658,0.9988254074252105,0.022645465044316807,0.0008742954092845566,0.8666257545331655,0.8515635516615797,-3.954691581435214,0.0
bert,P,mrpc@s0__rte@s1,mrpc@s0,rte@s1,mrpc,rte,0.7,0.052197802197802234,0.8504901960784313,0.6570397111913358,0.12937422807739807,0.8575486543915645,0.6911764705882353,0.6101083032490975,0.09321658168920421,0.9313290717213297,0.7573529411764706,0.6064981949458483,0.052197802197802234,0.9343021239897935,0.8504901960784313,0.5884476534296029,0.14159039807454799,0.8691865892582484,0.7965686274509803,0.5126353790613718,0.02311749309,0.0009441989581,74.98999497,54.3118231,0,0.4983347938,0.4997955731,1.26347952,45.28262102,35.83961615,73,,,,,,,,,,,,,45.28262102476059,35.83961614749654,0.0009441989628670332,0.7020417627365748,0.9990527452334468,0.013687736426279204,0.0009391709535620645,0.27754083643295224,0.23386943877133434,-3.767165671420279,0.0
bert,P,mrpc@s0__scitail@s1,mrpc@s0,scitail@s1,mrpc,scitail,0.7,0.056029841109757506,0.8504901960784313,0.9378834355828221,0.18519797069143062,0.7899378665150444,0.7009803921568627,0.7553680981595092,0.07145701621891642,0.9531342049904445,0.7720588235294118,0.8903374233128835,0.056029841109757506,0.9535872750212095,0.8455882352941176,0.8381901840490797,0.15857802305004232,0.8845248989576823,0.7622549019607843,0.7377300613496932,0.02172384472,0.00133454789,75.77563504,56.1349971,0,0.4981319334,0.4994932387,1.380995065,45.28262102,62.53507617,73,,,,,,,,,,,,,45.28262102476059,62.535076168722924,0.0013345479035111016,0.6977821033165452,0.9986578721707697,0.023547435386508997,0.0013120318451334486,0.3342917853219195,0.32280430092330453,-3.8293447866899912,0.0
bert,P,mrpc@s0__snli@s1,mrpc@s0,snli@s1,mrpc,snli,0.7,0.07149692212553205,0.8504901960784313,0.8693355009144483,0.2574831622953979,0.7320242020934218,0.6936274509803921,0.5819955293639504,0.07167055358627283,0.9321420437103276,0.7892156862745098,0.80735622840886,0.07149692212553205,0.9360224705431326,0.7965686274509803,0.8001422475106685,0.23159304423274096,0.7652978365524041,0.6004901960784313,0.7222109327372486,0.01617632708,0.000585900799,77.44062238,69.36960038,0,0.4990548133,0.4998647756,2.32819913,45.28262102,105.4269589,73,,,,,,,,,,,,,45.28262102476059,105.42695888767852,0.0005859008074286746,0.656602078886258,0.9991765183224642,0.007047763833613982,0.0005924446844257964,0.8575397448152365,0.8450950631526964,-4.124206396829315,0.0
bert,P,mrpc@s0__sst2@s1,mrpc@s0,sst2@s1,mrpc,sst2,0.7,0.04140489913544676,0.8504901960784313,0.9174311926605505,0.09841678674351584,0.886092606088074,0.6862745098039216,0.9139908256880734,0.07862572046109517,0.9244713943960468,0.7156862745098039,0.9185779816513762,0.04140489913544676,0.9649534033934795,0.7843137254901961,0.9128440366972477,0.1448216858789626,0.878473500835623,0.6200980392156863,0.9002293577981652,0.01559282618,0.0002054814891,77.78020217,69.32156429,0,0.4998134499,0.499927588,2.425534813,45.28262102,109.8345737,73,,,,,,,,,,,,,45.28262102476059,109.83457369602762,0.00020548149364455818,0.652786475046339,0.999624843541056,0.0044207477453072925,0.00023380818053694586,0.9059765798878863,0.8860520415170564,-4.160944330751211,0.0
bert,P,mrpc@s0__stsb@s1,mrpc@s0,stsb@s1,mrpc,stsb,0.7,0.05515704074813388,0.8504901960784313,0.894196098505836,0.1067277212184965,0.8821904518688546,0.6985294117647058,0.8630949827642198,0.07556841518151303,0.9386433221897803,0.7647058823529411,0.8492428245057008,0.05515704074813388,0.9640401784352488,0.8382352941176471,0.8084383472289073,0.12313941152509988,0.9033198087147772,0.7941176470588235,0.7332440178232662,0.02351151786,0.002533202379,74.87593822,58.31993239,0,0.4959538131,0.4993913614,1.270514993,45.28262102,57.53224896,73,,,,,,,,,,,,,45.28262102476059,57.53224895376921,0.0025332023742151654,0.7012780685840947,0.9974424194250886,0.038394194532520784,0.002527286453458475,0.24763822048231252,0.23942232457425286,-3.7502648562003063,0.0
bert,P,mrpc@s0__trec@s1,mrpc@s0,trec@s1,mrpc,trec,1.0,0.03699840290423906,0.8504901960784313,0.978,0.21719618347153213,0.7524696762078766,0.6862745098039216,0.742,0.08292227270852115,0.9129358252131548,0.7181372549019608,0.968,0.04071710188999489,0.9659999238733252,0.7916666666666666,0.966,0.03699840290423906,0.9828759388956558,0.8014705882352942,0.962,0.017029529,0.0003709666916,77.29617283,60.94391681,0,0.4993797813,0.4999200287,1.173916033,45.28262102,53.15799483,73,,,,,,,,,,,,,45.28262102476059,53.15799483498907,0.0003709666839239176,0.70472573164996,0.9995706767317345,0.005858594074624621,0.0003968308910325583,0.19561531518471634,0.16034519670156638,-4.072806441765753,0.0
bert,P,mrpc@s0__wic@s1,mrpc@s0,wic@s1,mrpc,wic,0.7,0.10279332135795616,0.8504901960784313,0.6990595611285266,0.1293728434628656,0.8430381818209887,0.6838235294117647,0.6551724137931034,0.10871531771365062,0.8586834195523405,0.696078431372549,0.6739811912225705,0.10279332135795616,0.8787808616960675,0.7156862745098039,0.6661442006269592,0.10552331967795714,0.8770109406285266,0.7549019607843137,0.6300940438871473,0.02095578409,0.0004676273813,75.86146553,56.89397339,0,0.4993172365,0.4997547427,1.389135489,45.28262102,62.90369592,73,,,,,,,,,,,,,45.28262102476059,62.90369591907821,0.0004676273756364481,0.6977552716226056,0.9995029857211828,0.00957589349144823,0.000471024886901049,0.334307890752426,0.32868160329153107,-3.865340580505083,0.0
bert,P,mrpc@s0__yelp_polarity@s1,mrpc@s0,yelp_polarity@s1,mrpc,yelp_polarity,0.7,0.06687990619218032,0.8504901960784313,0.9403,0.11132430296174411,0.8881776564338654,0.6862745098039216,0.9125,0.09471929523994582,0.9111872664588452,0.7181372549019608,0.9085,0.06687990619218032,0.9613366811866472,0.7818627450980392,0.8904,0.15262527349631805,0.8693956574248023,0.6936274509803921,0.8267,0.01606059829,6.295006965e-05,77.52522032,70.62058416,0,0.4997933591,0.5000213448,2.23564546,45.28262102,101.2358861,73,,,,,,,,,,,,,45.28262102476059,101.2358861046098,6.29500663457258e-05,0.660561880021916,0.9999539366708383,0.007999871339202777,5.013224474068204e-05,0.8172766071845514,0.8045299827924548,-4.131386317732756,0.0
bert,P,qnli@s0__rte@s1,qnli@s0,rte@s1,qnli,rte,0.5,0.07766479034831397,0.8976752699981695,0.6570397111913358,0.11909878457594614,0.8980038226425664,0.7627677100494233,0.5992779783393501,0.07766479034831397,0.9080226063172463,0.8716822258832143,0.5740072202166066,0.121733996020293,0.8513453395066813,0.8616144975288303,0.5234657039711191,0.19785149597547635,0.7810128355110313,0.7644151565074135,0.49458483754512633,0.0181136927,0.001257586739,76.70275584,64.11161963,0,0.497969878,0.499651626,2.987446934,107.0689514,35.83961615,73,,,,,,,,,,,,,107.0689513627196,35.83961614749654,0.0012575867349327904,0.6326140670124775,0.9981863754484188,0.019464141966850958,0.0011718453818613638,1.1196674910778508,1.0944191544220465,-4.011087123951908,0.0
bert,P,qnli@s0__scitail@s1,qnli@s0,scitail@s1,qnli,scitail,0.5,0.0826736797034543,0.8976752699981695,0.9378834355828221,0.10004348411829278,0.8713877266553602,0.8098114589053633,0.8420245398773006,0.0826736797034543,0.9137597613740971,0.8138385502471169,0.870398773006135,0.1917404518346696,0.8282664180187295,0.747208493501739,0.7354294478527608,0.33192729682179123,0.7129359168615176,0.6415888705839282,0.5828220858895705,0.01970783461,0.001435323634,76.07494759,59.9282747,0,0.4980217841,0.4993497827,1.712142335,107.0689514,62.53507617,73,,,,,,,,,,,,,107.0689513627196,62.535076168722924,0.001435323636231635,0.6834957699977017,0.9981643179692581,0.05097658774383307,0.0015288393405458193,0.5449764468971869,0.5377454138664489,-3.9267390263591775,0.0
bert,P,qnli@s0__snli@s1,qnli@s0,snli@s1,qnli,snli,0.5,0.05684347513397969,0.8976752699981695,0.8693355009144483,0.2276761030104324,0.7506875568594448,0.7420831045213253,0.6241617557407031,0.05684347513397969,0.9275010945852766,0.8616144975288303,0.8054257264783581,0.10391027122338425,0.8788936430157595,0.8325096101043383,0.751778093883357,0.1899285829773636,0.8031162252931784,0.7356763682958082,0.6959967486283276,0.01614037878,0.001262016467,77.31837815,62.14544649,0,0.4983008833,0.4995758875,1.015574693,107.0689514,105.4269589,73,,,,,,,,,,,,,107.0689513627196,105.42695888767852,0.0012620164777842062,0.706639969907268,0.9987172075165214,0.014414319252589456,0.0012762627315245018,0.06461291040541746,0.015454652263009593,-4.126431148014226,0.0
bert,P,qnli@s0__sst2@s1,qnli@s0,sst2@s1,qnli,sst2,0.7,0.02272328711256122,0.8976752699981695,0.9174311926605505,0.10830954323001629,0.8725129928080214,0.71444261394838,0.9059633027522935,0.03142536704730836,0.9592689189124697,0.8345231557752151,0.9243119266055045,0.02272328711256122,0.9737626408449024,0.8557569101226432,0.9185779816513762,0.1263825448613376,0.8740186791003107,0.6842394288852279,0.9036697247706422,0.01408094083,0.0002254041814,78.27457527,69.41054009,0,0.4998341781,0.4997985255,1.025830293,107.0689514,109.8345737,73,,,,,,,,,,,,,107.0689513627196,109.83457369602762,0.0002254041862845071,0.7069696628434462,0.999772223417226,0.008154618547849978,0.00022745462130757907,0.09044152066316721,0.02550232663467666,-4.262933110172118,0.0
bert,P,qnli@s0__stsb@s1,qnli@s0,stsb@s1,qnli,stsb,0.7,0.0394249926199175,0.8976752699981695,0.894196098505836,0.13579559785579942,0.8627491471699842,0.6979681493684788,0.850273415208455,0.05362108731496362,0.9389979524800325,0.8411129416071755,0.8546436708895696,0.0394249926199175,0.9483503724642905,0.8861431447922387,0.835176178824463,0.0809392605650977,0.9111470567450313,0.8747940691927513,0.7722374753033887,0.01970122759,0.001562250504,76.09667501,59.06062964,0,0.4977096613,0.4994436271,1.861024961,107.0689514,57.53224896,73,,,,,,,,,,,,,107.0689513627196,57.53224895376921,0.0015622505039226454,0.6766675694861397,0.9979811938633504,0.04151811707622276,0.001630796430000385,0.6286051346448029,0.6211273902515186,-3.9270743309664464,0.0
bert,P,qnli@s0__trec@s1,qnli@s0,trec@s1,qnli,trec,0.7,0.043145572914060404,0.8976752699981695,0.978,0.18983960341209705,0.7796663374717834,0.6816767343950211,0.842,0.06365656181507018,0.9360585966892401,0.805418268350723,0.954,0.043145572914060404,0.9469537716328067,0.8312282628592349,0.966,0.08741851733237249,0.9001152182091798,0.7664287021782903,0.95,0.01576838791,0.0009775503078,77.62048877,68.34067106,0,0.4985748754,0.4998402855,2.014164599,107.0689514,53.15799483,73,,,,,,,,,,,,,107.0689513627196,53.15799483498907,0.0009775503099006216,0.6699270497524066,0.9988956856127933,0.018115621640455663,0.0009341484429852681,0.7185639426324925,0.7002045183650109,-4.149748108343503,0.0
bert,P,qnli@s0__wic@s1,qnli@s0,wic@s1,qnli,wic,0.7,0.07798109349739202,0.8976752699981695,0.6990595611285266,0.16628276359007743,0.8020303152546154,0.6434193666483617,0.664576802507837,0.08991836077805981,0.8776324861884776,0.7724693391909208,0.670846394984326,0.07798109349739202,0.8998868470819135,0.8301299652205748,0.6426332288401254,0.10141579309285365,0.8877261270230912,0.8564891085484166,0.5893416927899686,0.01876910674,0.0002423807737,76.47390476,61.3477921,0,0.4996401732,0.4999200171,1.70210907,107.0689514,62.90369592,73,,,,,,,,,,,,,107.0689513627196,62.90369591907821,0.00024238077186321513,0.6843085081729168,0.9997318356626964,0.006025054574353895,0.0002397329969332094,0.5381404874350633,0.5318681115291843,-3.9755430192870596,0.0
bert,P,qnli@s0__yelp_polarity@s1,qnli@s0,yelp_polarity@s1,qnli,yelp_polarity,0.7,0.017637231028450717,0.8976752699981695,0.9403,0.12674750509148192,0.8730846118529288,0.6862529745561047,0.9234,0.045440434650077854,0.9579523281172284,0.8235401793886143,0.9325,0.017637231028450717,0.9809860064276695,0.8725974739154311,0.9334,0.053322960687809395,0.9428791081608449,0.8262859234852645,0.9148,0.01409297022,0.0006463964768,78.08230707,64.84732134,0,0.4988259122,0.4997174552,1.057618553,107.0689514,101.2358861,73,,,,,,,,,,,,,107.0689513627196,101.2358861046098,0.0006463964771342886,0.7066017301219237,0.9993571125983146,0.01312518348926082,0.0006469787291473052,0.09036176061882668,0.05601973251058396,-4.262079171880793,0.0
bert,P,rte@s0__scitail@s1,rte@s0,scitail@s1,rte,scitail,0.5,0.005723630417007408,0.6425992779783394,0.9378834355828221,0.11654202688176984,0.8413118054979277,0.5884476534296029,0.7983128834355828,0.005723630417007408,1.0074294205052006,0.6425992779783394,0.9271472392638037,0.0018075831212619464,0.9890155743826692,0.6823104693140795,0.8765337423312883,0.1401623379606236,0.9012208048825933,0.6101083032490975,0.7223926380368099,0.02367778714,0.001984545086,75.16153669,48.69991659,0,0.4971559132,0.499365439,1.9351008,32.31618538,62.53507617,73,,,,,,,,,,,,,32.31618537712247,62.535076168722924,0.0019845450965929497,0.6731956444784479,0.9976450366848977,0.03365271247941518,0.00195792097850067,0.6781736471442389,0.6601594181482066,-3.743217921812643,0.0
bert,P,rte@s0__snli@s1,rte@s0,snli@s1,rte,snli,0.5,0.018446874786600898,0.6425992779783394,0.8693355009144483,0.2130208907869371,0.7392782503498989,0.5776173285198556,0.5868725868725869,0.018446874786600898,0.9671293443989417,0.6606498194945848,0.812842918106076,-0.006035583150794999,0.9615948144198062,0.7111913357400722,0.7870351554562081,0.06759761203124426,0.8990323632805421,0.6570397111913358,0.7322698638488112,0.01728854446,0.001183628346,76.93311671,65.88266771,0,0.4982843753,0.4996394132,3.262357783,32.31618538,105.4269589,73,,,,,,,,,,,,,32.31618537712247,105.42695888767852,0.0011836283396257595,0.6243726556740791,0.9977154719931806,0.011586771324705281,0.001227080345321972,1.2077292964753055,1.1824501802810539,-4.057711166751945,0.0
bert,P,rte@s0__sst2@s1,rte@s0,sst2@s1,rte,sst2,0.7,0.030898876404494402,0.6425992779783394,0.9174311926605505,0.0780337078651685,0.8747318026318683,0.5487364620938628,0.908256880733945,0.05899578651685389,0.9376227110944966,0.5740072202166066,0.9071100917431193,0.030898876404494402,0.9490660605851178,0.6028880866425993,0.9174311926605505,0.11954353932584283,0.8892018948949043,0.49458483754512633,0.9094036697247706,0.01575633879,0.0001008352922,77.70438852,64.2140305,0,0.5003955546,0.4998736385,3.398748101,32.31618538,109.8345737,73,,,,,,,,,,,,,32.31618537712247,109.83457369602762,0.00010083529067769836,0.6207827205158644,0.9997009077780034,0.00543790816125881,0.00013146831867027448,1.2544496172961357,1.2234071582295583,-4.150512531819804,0.0
bert,P,rte@s0__stsb@s1,rte@s0,stsb@s1,rte,stsb,0.7,0.029825066484231555,0.6425992779783394,0.894196098505836,0.0874443944062322,0.8677807230024568,0.555956678700361,0.8583769919679939,0.04066906880376453,0.9280527180686549,0.6101083032490975,0.8666760154814558,0.029825066484231555,0.9557091689041188,0.631768953068592,0.8559279030914163,0.03510641536485437,0.9509298169384496,0.6534296028880866,0.8163413384409456,0.02315250895,0.001850778274,74.96130643,52.77123525,0,0.4971812386,0.4995434816,1.780292082,32.31618538,57.53224896,73,,,,,,,,,,,,,32.31618537712247,57.53224895376921,0.0018507782797491299,0.6802657964114779,0.9978090486268987,0.018060083365007678,0.0018696942333337053,0.5895213312393008,0.5767774418537724,-3.7656521263525993,0.0
bert,P,rte@s0__trec@s1,rte@s0,trec@s1,rte,trec,0.7,0.02273040601089127,0.6425992779783394,0.978,0.19573309436823605,0.7445099678058444,0.5487364620938628,0.738,0.06231474460605235,0.9123096210995543,0.5703971119133574,0.966,0.02273040601089127,0.969232912332838,0.6173285198555957,0.972,-0.004595482640564308,0.9513256872213967,0.6498194945848376,0.976,0.01794855526,4.285251268e-05,76.94374852,55.3165105,0,0.5000463404,0.4999178773,1.644934085,32.31618538,53.15799483,73,,,,,,,,,,,,,32.31618537712247,53.15799483498907,4.285250505568293e-05,0.6869658231602626,0.9998944171893706,0.008958578839034644,6.771059626238154e-05,0.5139538406582247,0.49770031350570043,-4.020245654195172,0.0
bert,P,rte@s0__wic@s1,rte@s0,wic@s1,rte,wic,0.7,0.05607900438353397,0.6425992779783394,0.6990595611285266,0.09545523252884558,0.831961385845871,0.5487364620938628,0.6677115987460815,0.07018693001461174,0.8606300977218326,0.5740072202166066,0.6755485893416928,0.05607900438353397,0.877104767070247,0.628158844765343,0.6363636363636364,0.08409331385095986,0.8609116435686077,0.6353790613718412,0.5893416927899686,0.02241496347,0.0009837034129,75.45915688,44.87249658,0,0.4988055089,0.4994908183,1.94650746,32.31618538,62.90369592,73,,,,,,,,,,,,,32.31618537712247,62.90369591907821,0.0009837034178300946,0.6729557084871359,0.9989211799444828,0.021069626068451357,0.0009313165826087219,0.6812147787006688,0.6660367205809369,-3.7980265310883086,0.0
bert,P,rte@s0__yelp_polarity@s1,rte@s0,yelp_polarity@s1,rte,yelp_polarity,0.7,0.002392853344677315,0.6425992779783394,0.9403,0.0922828836601276,0.8705573009796761,0.5487364620938628,0.9041,0.05036762113932092,0.9359007857556602,0.5848375451263538,0.9301,0.002392853344677315,0.9623161533230917,0.6425992779783394,0.9358,0.03960097602127943,0.9408880990757297,0.5956678700361011,0.9345,0.01647684239,-0.000183737883,77.3534184,62.39959709,0,0.5002182331,0.4999057638,3.132668195,32.31618538,101.2358861,73,,,,,,,,,,,,,32.31618537712247,101.2358861046098,-0.00018373786976464142,0.6284030852589009,1.0001053835534581,0.009860969210201074,-0.00011143009320873328,1.1689735454455232,1.1418850998821548,-4.105799375407469,0.0
bert,P,scitail@s0__snli@s1,scitail@s0,snli@s1,scitail,snli,0.5,0.040372327818119724,0.933282208588957,0.8693355009144483,0.2663289813200327,0.692320653776486,0.7208588957055214,0.604145498882341,0.040372327818119724,0.9527666949504432,0.9118098159509203,0.8191424507213981,0.11061442368380314,0.9019515805816829,0.8113496932515337,0.7905913432229221,0.23492142059486865,0.8010549246869226,0.656441717791411,0.7187563503352977,0.01692772735,0.001395840497,77.05095644,70.21916521,0,0.4980578582,0.49956347,1.594109418,66.13533405,105.4269589,73,,,,,,,,,,,,,66.13533405369864,105.42695888767852,0.001395840496950738,0.6888287685111061,0.9983848283234298,0.014790927297107202,0.001425109447152743,0.478383670712569,0.4663152216758938,-4.078802329886809,0.0
bert,P,scitail@s0__sst2@s1,scitail@s0,sst2@s1,scitail,sst2,0.7,0.03168755135579304,0.933282208588957,0.9174311926605505,0.17282200082169275,0.761895190000986,0.6188650306748467,0.9094036697247706,0.07084480279375516,0.9056162297757671,0.7975460122699386,0.9208715596330275,0.03168755135579304,0.9615851855097548,0.8811349693251533,0.9105504587155964,0.1317373664749384,0.8869321605012652,0.6955521472392638,0.9094036697247706,0.01510540419,8.046643153e-05,77.80223487,70.21506973,0,0.4999166457,0.5000007951,1.660754803,66.13533405,109.8345737,73,,,,,,,,,,,,,66.13533405369864,109.83457369602762,8.046641617984827e-05,0.6862381750754469,0.9999406078291846,0.0048442831695436565,6.878181051562927e-05,0.5212901216975953,0.5072721996258687,-4.192702705812334,0.0
bert,P,scitail@s0__stsb@s1,scitail@s0,stsb@s1,scitail,stsb,0.7,0.02110316993778616,0.933282208588957,0.894196098505836,0.13849664014420426,0.8145102222098035,0.7032208588957055,0.8669361064080472,0.022878387649691412,0.9631304954582556,0.906441717791411,0.8789969723719042,0.02110316993778616,0.9848604185572345,0.9156441717791411,0.873354705137935,0.09922992288519228,0.9213542811414797,0.8075153374233128,0.8372337994597019,0.02270327414,0.003410635507,75.03962609,57.66327745,0,0.4953551581,0.499047834,1.149535004,66.13533405,57.53224896,73,,,,,,,,,,,,,66.13533405369864,57.53224895376921,0.003410635494214499,0.7042136220110067,0.996587641900719,0.04493438064663713,0.003423634059920276,0.160399475825978,0.13935751625811418,-3.785246129653392,0.0
bert,P,scitail@s0__trec@s1,scitail@s0,trec@s1,scitail,trec,1.0,0.018040271343425562,0.933282208588957,0.978,0.33475827279861137,0.5772803324697755,0.5966257668711656,0.676,0.11394054574509382,0.8615527849740934,0.7492331288343558,0.948,0.03960508340432822,0.9481595423143351,0.8765337423312883,0.96,0.018040271343425562,0.9704231433506045,0.9148773006134969,0.962,0.01597724259,-7.148778447e-05,77.6796781,63.74487813,0,0.5002159266,0.4999439517,1.244127704,66.13533405,53.15799483,73,,,,,,,,,,,,,66.13533405369864,53.15799483498907,-7.148777111328479e-05,0.702984072240938,1.0000769050548926,0.008258486776280168,-7.227592349827287e-05,0.25333081178791106,0.2184346449967795,-4.136589907350403,0.0
bert,P,scitail@s0__wic@s1,scitail@s0,wic@s1,scitail,wic,1.0,0.11851535238825162,0.933282208588957,0.6990595611285266,0.21955775983728265,0.6812440486744551,0.5820552147239264,0.6551724137931034,0.14784112221849655,0.7659272247286195,0.6970858895705522,0.6692789968652038,0.10938093009716598,0.8252697386998693,0.8044478527607362,0.6426332288401254,0.11851535238825162,0.8401603656494414,0.8627300613496932,0.5862068965517241,0.0197234179,0.0001102695056,76.31391574,61.259727,0,0.4998362702,0.5000322188,1.051374376,66.13533405,62.90369592,73,,,,,,,,,,,,,66.13533405369864,62.90369591907821,0.00011026949857867929,0.7068462163122773,0.999864591678525,0.008284527450620718,0.00012402300153842587,0.11181050115591,0.05009823779178747,-3.9259486233250693,0.0
bert,P,scitail@s0__yelp_polarity@s1,scitail@s0,yelp_polarity@s1,scitail,yelp_polarity,0.7,0.023626439262072307,0.933282208588957,0.9403,0.1902189295868877,0.7540583560200229,0.6088957055214724,0.9094,0.08541793904653416,0.8941737288135594,0.7829754601226994,0.9311,0.023626439262072307,0.9569717660490032,0.8949386503067485,0.9345,0.059273771522244445,0.9439146614560464,0.8343558282208589,0.9285,0.01483706059,0.0001998948562,78.001837,64.42570409,0,0.4996299308,0.5000038644,1.530738259,66.13533405,101.2358861,73,,,,,,,,,,,,,66.13533405369864,101.2358861046098,0.0001998948592786394,0.691988589414228,0.9997509357987749,0.00802752694653802,0.00021346784323457763,0.4330995527485834,0.42575014125015354,-4.210627134312174,0.0
bert,P,snli@s0__sst2@s1,snli@s0,sst2@s1,snli,sst2,0.7,0.03634157910099245,0.8702499491973176,0.9174311926605505,0.2188317279626386,0.7645451799785838,0.4871977240398293,0.9197247706422018,0.06376495913601865,0.9247755415831527,0.7581792318634424,0.9185779816513762,0.03634157910099245,0.9624323879080751,0.812436496647023,0.911697247706422,0.1223865294804437,0.9038329535158288,0.6887827677301361,0.8841743119266054,0.01453706024,0.0003663769232,77.7418348,63.93394933,0,0.4992187208,0.4999379125,1.050256682,104.5787906,109.8345737,73,,,,,,,,,,,,,104.57879063833236,109.83457369602762,0.00036637692264778783,0.706765137928993,0.999634876920579,0.010832367989741798,0.00036772319340442955,0.11548519440418238,0.049034593341806924,-4.231054011637888,0.0
bert,P,snli@s0__stsb@s1,snli@s0,stsb@s1,snli,stsb,0.5,0.06835281736813947,0.8702499491973176,0.894196098505836,0.1732799760870043,0.8189865364557449,0.5987604145498883,0.863263491777157,0.06835281736813947,0.9429033164162813,0.8131477342003658,0.8306279159032242,0.0742063191639053,0.9259209600290343,0.8399715504978663,0.7925976476990525,0.12234924889342558,0.898453606134421,0.8149766307661045,0.7321818978741481,0.01880995945,0.002083823819,76.26141693,67.01963006,0,0.4968623684,0.4993752257,1.817742093,104.5787906,57.53224896,73,,,,,,,,,,,,,104.57879063833236,57.53224895376921,0.0020838238255158556,0.6784906269721711,0.9974757814681295,0.01827137880558341,0.002109681397710003,0.6072134104823687,0.5975951226554711,-3.97336879143973,0.0
bert,P,snli@s0__trec@s1,snli@s0,trec@s1,snli,trec,1.0,0.016089162986759442,0.8702499491973176,0.978,0.4185692950694616,0.5558853551751279,0.4424913635439951,0.64,0.09522203001944707,0.8796807359307359,0.7223125381020118,0.958,0.018245534866896618,0.9669427636757182,0.8438325543588702,0.972,0.016089162986759442,0.9732628640299095,0.8547043283885389,0.964,0.01426621069,0.0003028244097,78.39682266,71.32613656,0,0.4997723094,0.4998915223,1.96732008,104.5787906,53.15799483,73,,,,,,,,,,,,,104.57879063833236,53.15799483498907,0.0003028244036504731,0.672204278239347,0.9996027489416219,0.006701255306728562,0.0003144595093326548,0.6946225517516379,0.6766722511305223,-4.249861426554567,0.0
bert,P,snli@s0__wic@s1,snli@s0,wic@s1,snli,wic,0.7,0.08789918298215438,0.8702499491973176,0.6990595611285266,0.27558278948374215,0.7141128833144041,0.45498882340987606,0.6473354231974922,0.14170861703826443,0.828061614615365,0.6567770778297094,0.6724137931034483,0.08789918298215438,0.8876493940441399,0.7718959561064824,0.6551724137931034,0.11513498726436455,0.8768680334528935,0.7966876651087177,0.5971786833855799,0.01640088611,0.0003926209212,77.32355658,67.22770162,0,0.4993527549,0.499915913,1.662522195,104.5787906,62.90369592,73,,,,,,,,,,,,,104.57879063833236,62.90369591907821,0.00039262091548691446,0.6860634507520238,0.999534641348847,0.00880972804316256,0.00040251884502896405,0.5167062768686077,0.5083358438346965,-4.1104199145140505,0.0
bert,P,snli@s0__yelp_polarity@s1,snli@s0,yelp_polarity@s1,snli,yelp_polarity,0.7,0.02567201199403568,0.8702499491973176,0.9403,0.25334722265421994,0.7443800902487344,0.45854501117659013,0.9087,0.08332718396254035,0.9013117083224942,0.7362324730745783,0.9284,0.02567201199403568,0.96801772957397,0.832046332046332,0.9333,0.04105343533155914,0.9462084525643848,0.8161958951432635,0.9215,0.01495899141,0.0009004784189,77.584191,61.85192638,0,0.4987654499,0.4996895099,1.033020944,104.5787906,101.2358861,73,,,,,,,,,,,,,104.57879063833236,101.2358861046098,0.0009004784136317127,0.7066955851536357,0.9990689524257422,0.026709978141623784,0.0009181694139769674,0.08884503183123231,0.032487464859363865,-4.202442727826224,0.0
bert,P,sst2@s0__stsb@s1,sst2@s0,stsb@s1,sst2,stsb,0.5,0.02226408695742843,0.9185779816513762,0.894196098505836,0.03527018598151899,0.9446839444125932,0.8979357798165137,0.8512134674577829,0.02226408695742843,0.9741537108480447,0.9151376146788991,0.857728228175656,0.037860277845947254,0.9592484274020654,0.9174311926605505,0.8276034227154748,0.10078424039852485,0.8974285070541401,0.9036697247706422,0.7284668953136876,0.01457899795,0.0002966403623,78.02650122,63.55152999,0,0.499927533,0.4998537729,1.874547161,107.8469139,57.53224896,73,,,,,,,,,,,,,107.8469139470463,57.53224895376921,0.00029664035815813133,0.676407914236807,0.9996764400844937,0.007092359239421091,0.0002836037476282332,0.6389352668417186,0.6283671161198059,-4.228173282472673,0.0
bert,P,sst2@s0__trec@s1,sst2@s0,trec@s1,sst2,trec,0.7,0.010676838001577815,0.9185779816513762,0.978,0.10609054632629455,0.8586772798742138,0.8795871559633027,0.812,0.011978891416404291,0.9759827044025158,0.9059633027522935,0.968,0.010676838001577815,0.9833038522012579,0.9139908256880734,0.962,0.016015257002366612,0.9744431341719078,0.911697247706422,0.954,0.01589178655,0.0003000151396,77.72181741,63.36100798,0,0.4995669799,0.4997635531,2.028799511,107.8469139,53.15799483,73,,,,,,,,,,,,,107.8469139470463,53.15799483498907,0.00030001514782689823,0.6694566104257375,0.9996667458715733,0.007197460026231426,0.0002839196412196644,0.7218389151979431,0.7074442442315608,-4.141952872406167,0.0
bert,P,sst2@s0__wic@s1,sst2@s0,wic@s1,sst2,wic,0.5,0.021185681575161097,0.9185779816513762,0.6990595611285266,0.05695795054388286,0.9113618066017808,0.8922018348623854,0.6394984326018809,0.021185681575161097,0.9602334776127731,0.9105504587155964,0.6755485893416928,0.032638573979834606,0.945414942886067,0.9162844036697247,0.6551724137931034,0.09842517480951507,0.8939984535794852,0.9025229357798165,0.5736677115987461,0.01490778833,0.0005435269869,77.97652447,59.57929493,0,0.4992083821,0.4998505691,1.714476588,107.8469139,62.90369592,73,,,,,,,,,,,,,107.8469139470463,62.90369591907821,0.000543526988767293,0.6836545445430964,0.9993987331362565,0.006234205430187867,0.0005349443199898031,0.5472510144675928,0.5391078375345152,-4.205871495882881,0.0
bert,P,sst2@s0__yelp_polarity@s1,sst2@s0,yelp_polarity@s1,sst2,yelp_polarity,0.7,0.009476615360226481,0.9185779816513762,0.9403,0.02693398911256706,0.9726352911914153,0.8944954128440367,0.9143,0.008852395634883159,0.9842156575347334,0.9162844036697247,0.926,0.009476615360226481,0.9847397665494084,0.9151376146788991,0.926,0.023586317910864074,0.973137192196994,0.8990825688073395,0.9159,0.01848759033,0.003059677542,76.10476922,56.35215116,0,0.4959760276,0.4990470448,1.065303205,107.8469139,101.2358861,73,,,,,,,,,,,,,107.8469139470463,101.2358861046098,0.003059677539210773,0.7056769786478262,0.9969301118905716,0.018489113798344583,0.0030755191167656857,0.0922816888750165,0.06325945817268386,-3.9906555649530984,0.0
bert,P,stsb@s0__trec@s1,stsb@s0,trec@s1,stsb,trec,0.7,0.022053819760232574,0.8894423461191261,0.978,0.19130615870085665,0.7543139759657793,0.8601627349414679,0.636,0.035214468559994216,0.9228537416211691,0.8795479816484689,0.92,0.022053819760232574,0.9529191505591683,0.872037949782,0.954,0.04562469302361738,0.9223893276528656,0.8264702831444548,0.958,0.01716578991,0.0004803987224,77.13964312,62.38491236,0,0.4992323793,0.4999253956,1.051932701,55.91863308,53.15799483,73,,,,,,,,,,,,,55.91863308295269,53.15799483498907,0.00048039871599945834,0.7067109061240829,0.9995107806691608,0.012328542908848855,0.00048639111132022927,0.13599635720664166,0.05062913983573457,-4.0648368344887205,0.0
bert,P,stsb@s0__wic@s1,stsb@s0,wic@s1,stsb,wic,0.7,0.01895729075770003,0.8894423461191261,0.6990595611285266,0.054566930553710535,0.9017511395147149,0.8561905598560748,0.6489028213166145,0.021808761274552002,0.9490392153263806,0.8765725240817045,0.6786833855799373,0.01895729075770003,0.9501893910702439,0.8716736345842867,0.6865203761755486,0.03732295756730919,0.9166103223285075,0.8449860270840537,0.6818181818181818,0.02142936373,0.0002902145928,75.94354067,58.72575106,0,0.4997052414,0.4997606709,1.124914764,55.91863308,62.90369592,73,,,,,,,,,,,,,55.91863308295269,62.90369591907821,0.0002902145999462928,0.7057864384418876,0.9996966065953531,0.007192721533254694,0.0002976966257877958,0.13552648081173907,0.11770726745271218,-3.8429931605580516,0.0
bert,P,stsb@s0__yelp_polarity@s1,stsb@s0,yelp_polarity@s1,stsb,yelp_polarity,0.5,0.01732463786809668,0.8894423461191261,0.9403,0.036952682970448625,0.9400655601417129,0.8498149931843155,0.9127,0.01732463786809668,0.9724967665980884,0.8668532593758582,0.9316,0.02100426263280719,0.9674002146484534,0.8566185690478655,0.9355,0.05297097033695919,0.9292564239444834,0.8041992749122285,0.9308,0.0149027974,0.0005102538552,77.81518203,63.76150707,0,0.4992367134,0.4998015247,1.810414177,55.91863308,101.2358861,73,,,,,,,,,,,,,55.91863308295269,101.2358861046098,0.0005102538531384737,0.6792763654336972,0.9993867601631469,0.011490091229188435,0.0005175364005495117,0.600528060600471,0.5935556461726365,-4.206206338686161,0.0
bert,P,trec@s0__wic@s1,trec@s0,wic@s1,trec,wic,0.7,0.012160079473395924,0.966,0.6990595611285266,0.19442664958360023,0.8007874735290494,0.69,0.6269592476489029,0.031824174395825855,0.9675594280288131,0.95,0.6661442006269592,0.012160079473395924,0.9855696071770543,0.962,0.6849529780564263,0.037601314653371576,0.9625671954897076,0.954,0.6551724137931034,0.01809735561,1.467312572e-05,77.14481638,63.08259019,0,0.500124932,0.4999315284,1.247403401,50.42770916,62.90369592,73,,,,,,,,,,,,,50.42770916279499,62.90369591907821,1.4673126217347902e-05,0.7028557600179088,0.9999911203547992,0.008299357868044354,1.3171016126364072e-05,0.2441535645586996,0.2210641115772281,-4.011989450278867,0.0
bert,P,trec@s0__yelp_polarity@s1,trec@s0,yelp_polarity@s1,trec,yelp_polarity,0.7,0.010011451787665715,0.966,0.9403,0.1261617751614006,0.8895150363955158,0.754,0.9094,0.016651440919366545,0.9900515603138338,0.944,0.9304,0.010011451787665715,0.9963427377220481,0.952,0.9351,0.015219141769872602,0.9831515771390114,0.948,0.9292,0.01518410705,0.0006503178329,77.66042669,65.91298148,0,0.4993637403,0.4998330069,2.007544816,50.42770916,101.2358861,73,,,,,,,,,,,,,50.42770916279499,101.2358861046098,0.0006503178349672997,0.6703092865124521,0.9993435233467184,0.011360595096653695,0.0005891369542257005,0.7099862345179848,0.6969124908735317,-4.187505986955013,0.0
bert,P,wic@s0__yelp_polarity@s1,wic@s0,yelp_polarity@s1,wic,yelp_polarity,0.7,0.024736929847001043,0.6959247648902821,0.9403,0.06331228867919281,0.9180905082597581,0.6285266457680251,0.9123,0.03400235021791964,0.964398589718803,0.6567398119122257,0.9293,0.024736929847001043,0.9714734914394965,0.6677115987460815,0.9319,0.05239258986733197,0.9462196032308651,0.6316614420062696,0.9286,0.01524581301,0.0002860040326,77.90826224,65.48725461,0,0.4995569049,0.4998492712,1.647341404,61.45410164,101.2358861,73,,,,,,,,,,,,,61.45410163994193,101.2358861046098,0.00028600403143587844,0.6867829213128573,0.9996507014993505,0.004100107570289022,0.00029827900934506263,0.5077541856707752,0.499162718117388,-4.183450370347625,0.0
roberta,R0,cola@s0__sst2@s0,cola@s0,sst2@s0,cola,sst2,1.0,0.03749751836410553,0.8398849472674976,0.9495412844036697,0.0994970551254053,0.8889328257398993,0.713326941514861,0.9036697247706422,0.06170174045397392,0.9321797863195382,0.7555129434324065,0.9277522935779816,0.04545529746542254,0.9570011052437677,0.7746883988494727,0.9369266055045872,0.03749751836410553,0.9610524376765319,0.7890699904122723,0.9357798165137615,0.0186188307,0.005466997826,76.47538157,55.79872564,0,0.4934236471,0.4987852132,1.543970244,28.16669947,43.48854586,72,,,,,,,,,,,,,28.16669946437883,43.488545856708484,0.0054669978247593835,0.6897571616712901,0.9942211645991533,0.06077982015228863,0.005463866447917409,0.45109339146279787,0.4343571793961513,-3.983581807171692,0.0
roberta,R0,cola@s0__mrpc@s0,cola@s0,mrpc@s0,cola,mrpc,1.0,0.032323203253904254,0.8398849472674976,0.875,0.11901884041287747,0.8624213406292749,0.7152444870565676,0.7965686274509803,0.05364817159740609,0.9367920656634747,0.775647171620326,0.8480392156862745,0.03414105368174669,0.9619562243502051,0.7919463087248322,0.8651960784313726,0.032323203253904254,0.9625102599179207,0.8044103547459253,0.8553921568627451,0.02071243814,0.009220879138,75.42289374,45.14366938,0,0.4902988852,0.498508471,1.849081571,28.16669947,15.23280525,72,,,,,,,,,,,,,28.16669946437883,15.232805249510067,0.009220879132905839,0.6750541986099643,0.9903128620616641,0.13931557160401217,0.00897453221639569,0.6469406914157543,0.6146890677109631,-3.877020882836209,0.0
roberta,R0,cola@s0__stsb@s0,cola@s0,stsb@s0,cola,stsb,0.7,0.02728429947557609,0.8398849472674976,0.9081560138212641,0.10935216125692371,0.8816696763974382,0.7181208053691275,0.8412002559301249,0.044436634089624505,0.9570824851152196,0.7948226270373921,0.8761704864380636,0.02728429947557609,0.9851256170104341,0.8187919463087249,0.8814067836413396,0.05944383985651758,0.9553365061060963,0.7708533077660594,0.8748304125607188,0.02240208829,0.008278273044,75.03827297,35.94836001,0,0.4899426525,0.4975265868,1.492383219,28.16669947,18.87363721,72,,,,,,,,,,,,,28.16669946437883,18.873637213911685,0.00827827305310064,0.6910590165865174,0.9893707074368733,0.10709971660729209,0.009213368510539728,0.4529288007830106,0.400374317997172,-3.798601097234388,0.0
roberta,R0,cola@s0__mnli@s0,cola@s0,mnli@s0,cola,mnli,0.7,0.06461678434588713,0.8398849472674976,0.8713194090677534,0.20811255131113016,0.7902016806722689,0.7209971236816874,0.6319918492103923,0.0760117529718809,0.9155966386554621,0.7555129434324065,0.8263881813550688,0.06461678434588713,0.9274621848739495,0.74784276126558,0.8542027508914927,0.08104942740836607,0.9178319327731093,0.7238734419942474,0.8504330106979113,0.01407758734,0.002339069758,78.21475643,59.84820431,0,0.496857804,0.4995410118,3.430695788,28.16669947,96.63137722,72,,,,,,,,,,,,,28.16669946437883,96.63137721464157,0.002339069785337159,0.619554182769329,0.9956981168003931,0.015279530867222342,0.0023322402437543125,1.2628000405277162,1.2327630942501449,-4.263171296628144,0.0
roberta,R0,cola@s0__qnli@s0,cola@s0,qnli@s0,cola,qnli,0.7,0.033274654763818745,0.8398849472674976,0.920190371590701,0.14518483749397093,0.8600221975582686,0.75071907957814,0.7506864360241625,0.04079545795171824,0.9589789123196448,0.8111217641418984,0.8766245652571847,0.033274654763818745,0.9650166481687015,0.8015340364333653,0.9009701629141498,0.04324569698059699,0.9460377358490566,0.7804410354745925,0.9057294526816767,0.01774927804,0.006493422074,76.85228213,60.24202133,0,0.4923303767,0.498996611,1.488240428,28.16669947,41.91882088,72,,,,,,,,,,,,,28.16669946437883,41.91882088090976,0.006493422069747955,0.6917987530959219,0.9935508787203782,0.0684237033571405,0.00634733440038632,0.4177735782602695,0.39759450131557716,-4.031410437690731,0.0
roberta,R0,cola@s0__wic@s0,cola@s0,wic@s0,cola,wic,1.0,0.009463709806175613,0.8398849472674976,0.6724137931034483,0.16889389149663125,0.7937254901960784,0.738255033557047,0.5266457680250783,0.08695756298496027,0.8994117647058824,0.8034515819750719,0.5846394984326019,0.04459638534981003,0.9427058823529412,0.8178331735378715,0.6300940438871473,0.009463709806175613,0.9569411764705882,0.8044103547459253,0.6880877742946708,0.0226844745,0.01241743806,74.96386412,54.09307634,0,0.4866553733,0.4978566405,1.105511135,28.16669947,25.47844032,72,,,,,,,,,,,,,28.16669946437883,25.478440321304518,0.012417438043999116,0.7018978629342764,0.9874647728795183,0.0840948626575283,0.012734432011878046,0.17963566909882056,0.10030779363008348,-3.7860745312215864,0.0
roberta,R0,cola@s0__snli@s0,cola@s0,snli@s0,cola,snli,1.0,0.030210663727353815,0.8398849472674976,0.8940256045519204,0.14934449275836137,0.8458153387937453,0.7286673058485139,0.7453769559032717,0.052652698703308465,0.9450402761795167,0.7842761265580057,0.859073359073359,0.02638570385489014,0.9742591213700671,0.8111217641418984,0.877463930095509,0.030210663727353815,0.9813179448994788,0.8044103547459253,0.8777687461897988,0.01833247936,0.0062176673,76.41826617,47.10061764,0,0.4917732068,0.4988660871,1.465721782,28.16669947,41.28454494,72,,,,,,,,,,,,,28.16669946437883,41.28454494063515,0.0062176673142610986,0.6928189046672691,0.9931670254958331,0.0786576157860511,0.00644439171145111,0.4114555094714942,0.38234780509918276,-3.999080963866311,0.0
roberta,R0,cola@s0__scitail@s0,cola@s0,scitail@s0,cola,scitail,1.0,0.02930811991264637,0.8398849472674976,0.9524539877300614,0.2611287582996934,0.7677102576567818,0.7190795781399808,0.5920245398773006,0.07232314208192714,0.9238575595527467,0.7833173537871524,0.8788343558282209,0.03434308340502512,0.9626105979581916,0.7909875359539789,0.9424846625766872,0.02930811991264637,0.9750644141954303,0.7967401725790988,0.9455521472392638,0.01800180009,0.00481728149,76.72203383,64.89716517,0,0.4933790535,0.4985937777,1.251003104,28.16669947,22.51529143,72,,,,,,,,,,,,,28.16669946437883,22.515291426184806,0.004817281500662077,0.7011060188392079,0.9948208256638986,0.0606992286665362,0.004978167402609171,0.28581072578003713,0.2239457126967239,-4.0172835210861395,0.0
roberta,R0,cola@s0__ag_news@s0,cola@s0,ag_news@s0,cola,ag_news,1.0,0.03722499395172418,0.8398849472674976,0.9461842105263157,0.09317987857729326,0.8902576258499159,0.7200383509108341,0.9048684210526315,0.057934861499248536,0.9284012226311522,0.7516778523489933,0.935921052631579,0.04361354470866363,0.939991890711746,0.7698945349952061,0.9425,0.03722499395172418,0.9527010167799889,0.7785234899328859,0.9448684210526316,0.01544176726,0.001965930904,77.84760826,67.40313053,0,0.4974697154,0.4995508724,1.628628673,28.16669947,45.87309437,72,,,,,,,,,,,,,28.16669946437883,45.873094367452225,0.0019659308920382,0.6871124834487279,0.9978719628018305,0.014063379065219381,0.001943164568621015,0.5086268690111909,0.4877383558151059,-4.170679281090975,0.0
roberta,R0,cola@s0__imdb@s0,cola@s0,imdb@s0,cola,imdb,1.0,0.030470517297490396,0.8398849472674976,0.9148,0.09705841833831486,0.8928014299642508,0.7018216682646213,0.8876,0.058978882027261426,0.9317484562885928,0.7488015340364333,0.9061,0.03829117525501491,0.9524601884952877,0.7823585810162992,0.9074,0.030470517297490396,0.9691095222619435,0.7976989453499521,0.905,0.01691622364,0.005139789076,76.9218865,60.87512625,0,0.4944885975,0.4992637929,1.097306083,28.16669947,25.66895408,72,,,,,,,,,,,,,28.16669946437883,25.668954081511547,0.005139789063200204,0.7045464297133031,0.9949269018444185,0.06303849361098532,0.005199649137592717,0.19059507805593806,0.0928581606062862,-4.079482138839754,0.0
roberta,R0,cola@s0__trec@s0,cola@s0,trec@s0,cola,trec,1.0,0.005136986301369939,0.8398849472674976,0.97,0.1053499976462835,0.8738634409922633,0.7114093959731543,0.914,0.031171444711199037,0.9524941667690041,0.7909875359539789,0.966,0.015521583580473619,0.9740513324327644,0.8120805369127517,0.972,0.005136986301369939,0.9811101559621761,0.8312559923298178,0.97,0.01998068404,0.006514975402,75.78886183,59.21011851,0,0.4927609255,0.4984187785,1.268241145,28.16669947,22.20926167,72,,,,,,,,,,,,,28.16669946437883,22.209261674452108,0.00651497540614414,0.6999996515142008,0.9933994030195363,0.052631352311403444,0.006546972598689315,0.27166295414368485,0.23763101537839126,-3.91298927011154,0.0
roberta,R0,cola@s0__yelp_polarity@s0,cola@s0,yelp_polarity@s0,cola,yelp_polarity,1.0,0.03588606446189413,0.8398849472674976,0.956,0.08680551575246942,0.9019471139132031,0.7152444870565676,0.9319,0.05687056991650907,0.9336885597110853,0.7555129434324065,0.9433,0.04496618329798818,0.9475344310460917,0.7708533077660594,0.9486,0.03588606446189413,0.9592991369284447,0.7861936720997124,0.9485,0.01683262674,0.00430194172,77.20018034,61.27859172,0,0.494550383,0.4990263691,1.413314918,28.16669947,39.80841655,72,,,,,,,,,,,,,28.16669946437883,39.80841655181561,0.004301941716418107,0.6955498126099785,0.9954759931765973,0.03746314690984277,0.004328482974220417,0.36050770240028746,0.34593795077388806,-4.084436208091527,0.0
roberta,R0,sst2@s0__mrpc@s0,sst2@s0,mrpc@s0,sst2,mrpc,0.7,0.026879592416676812,0.9495412844036697,0.875,0.06771404213859444,0.9223115016750012,0.9220183486238532,0.7818627450980392,0.03885539723135634,0.9441666262077002,0.9369266055045872,0.8186274509803921,0.026879592416676812,0.9632203718988203,0.9277522935779816,0.8480392156862745,0.027945236065440637,0.9617869107151527,0.9071100917431193,0.8651960784313726,0.01817225634,0.007219092013,76.4569775,58.51189491,0,0.4917107126,0.4988041395,2.854926925,43.48854586,15.23280525,72,,,,,,,,,,,,,43.488545856708484,15.232805249510067,0.007219092013921551,0.6357483131813384,0.9899256071041883,0.10434964631214756,0.006938208647519141,1.0897760479505554,1.0490462473338196,-4.007859224867062,0.0
roberta,R0,sst2@s0__stsb@s0,sst2@s0,stsb@s0,sst2,stsb,1.0,0.030892405732786954,0.9495412844036697,0.9081560138212641,0.05632751538637559,0.9343107627390277,0.911697247706422,0.8420422938770238,0.022959105033271476,0.9723025091282463,0.9392201834862385,0.8763263762252214,0.02207728249509655,0.9830459677459062,0.9357798165137615,0.881218461447487,0.030892405732786954,0.9836101621272496,0.9254587155963303,0.8750787081055149,0.01850016628,0.005597199221,76.6260367,57.34222358,0,0.4924014374,0.4988553553,2.304195284,43.48854586,18.87363721,72,,,,,,,,,,,,,43.488545856708484,18.873637213911685,0.005597199215254906,0.6563849756717725,0.9908170682283312,0.09725033289889219,0.006318590508019933,0.8839394275174661,0.8347314979223863,-3.9899755588301424,0.0
roberta,R0,sst2@s0__mnli@s0,sst2@s0,mnli@s0,sst2,mnli,0.7,0.02003204041883011,0.9495412844036697,0.8713194090677534,0.13276663819633683,0.8776337608112139,0.911697247706422,0.6746816097809475,0.03414067054405445,0.9572645392186101,0.9357798165137615,0.8244523688232297,0.02003204041883011,0.9720226662690128,0.9403669724770642,0.8448293428425879,0.02954192143092782,0.9615615866388308,0.9380733944954128,0.8303616912888436,0.01496677741,0.003735226226,77.65777615,65.75586908,0,0.495526185,0.4991874165,2.221996052,43.48854586,96.63137722,72,,,,,,,,,,,,,43.488545856708484,96.63137721464157,0.0037352262272718362,0.660230356307219,0.9948223324525431,0.019945705319361056,0.0038261814567578387,0.8147116252151327,0.7984059144381821,-4.201922373597564,0.0
roberta,R0,sst2@s0__qnli@s0,sst2@s0,qnli@s0,sst2,qnli,0.7,0.022996951726378057,0.9495412844036697,0.920190371590701,0.07392171645097145,0.9241181799855879,0.9139908256880734,0.818597840014644,0.03206225032169274,0.9729794545147007,0.9277522935779816,0.8822991030569284,0.022996951726378057,0.9794406122633399,0.930045871559633,0.8967600219659527,0.02752239356748909,0.9750341188982782,0.9220183486238532,0.8962108731466227,0.0168059864,0.003523326325,77.28607022,63.36752438,0,0.4951180767,0.4991236204,1.037446783,43.48854586,41.91882088,72,,,,,,,,,,,,,43.488545856708484,41.91882088090976,0.003523326322838705,0.7057460265971709,0.9964582632263886,0.0368385985479639,0.003553340183811345,0.11947106021333724,0.036762678313184194,-4.086020122711235,0.0
roberta,R0,sst2@s0__wic@s0,sst2@s0,wic@s0,sst2,wic,0.7,0.032887402452619785,0.9495412844036697,0.6724137931034483,0.12482264112698882,0.847035490605428,0.911697247706422,0.5313479623824452,0.06729080098645324,0.9430396659707725,0.9346330275229358,0.5924764890282131,0.032887402452619785,0.9785483646485734,0.9357798165137615,0.6379310344827587,0.025332759028411145,0.9753027139874739,0.9346330275229358,0.6489028213166145,0.01891247983,0.007198519501,76.55621022,65.66873101,0,0.4920528957,0.499071863,1.706876297,43.48854586,25.47844032,72,,,,,,,,,,,,,43.488545856708484,25.478440321304518,0.007198519512810415,0.6820253566203391,0.9922331560157406,0.04826795487202968,0.007053373216993211,0.5525006053604152,0.5346649731137239,-3.967933266358648,0.0
roberta,R0,sst2@s0__snli@s0,sst2@s0,snli@s0,sst2,snli,0.7,0.017155070322549815,0.9495412844036697,0.8940256045519204,0.10423327090858481,0.9007654035665981,0.9197247706422018,0.735724446250762,0.026431898552371713,0.9746018628183475,0.9346330275229358,0.8608006502743345,0.017155070322549815,0.9842228607258601,0.9369266055045872,0.8752286120707173,0.024869632748121928,0.9829117527645579,0.930045871559633,0.8679130258077626,0.01673046244,0.005942987125,76.99145271,60.84076777,0,0.4931029544,0.4989783911,1.053385617,43.48854586,41.28454494,72,,,,,,,,,,,,,43.488545856708484,41.28454494063515,0.005942987117396914,0.7047795969139331,0.9940131827577069,0.044535598032497264,0.006019022777040291,0.12907266742746693,0.05200937409127115,-4.090524123002599,0.0
roberta,R0,sst2@s0__scitail@s0,sst2@s0,scitail@s0,sst2,scitail,0.7,0.01449275362318847,0.9495412844036697,0.9524539877300614,0.19847020933977455,0.8381485187805173,0.9151376146788991,0.6088957055214724,0.034420289855072506,0.9606629255163133,0.9277522935779816,0.9087423312883436,0.01449275362318847,0.9787576131403233,0.9311926605504587,0.9432515337423313,0.02033011272141705,0.9750987767214755,0.9185779816513762,0.9447852760736196,0.01772931132,0.005528648407,76.82380762,61.88682496,0,0.4935016735,0.4988145416,1.931511568,43.48854586,22.51529143,72,,,,,,,,,,,,,43.488545856708484,22.515291426184806,0.005528648412517555,0.6723866692941345,0.9922762267402494,0.026651333013893712,0.0058800458391847525,0.6992949209619295,0.6583028922338852,-4.032536002290009,0.0
roberta,R0,sst2@s0__ag_news@s0,sst2@s0,ag_news@s0,sst2,ag_news,0.7,0.016432073908811073,0.9495412844036697,0.9461842105263157,0.04627992115748547,0.9594717255151131,0.911697247706422,0.8963157894736842,0.02473578083715755,0.9821467709548659,0.9231651376146789,0.9256578947368421,0.016432073908811073,0.9895283785369395,0.9288990825688074,0.9356578947368421,0.01141825833015897,0.9884679331498771,0.9357798165137615,0.9382894736842106,0.01577927707,0.003370705039,77.35681246,69.65926237,0,0.4959319781,0.4992979191,1.054831645,43.48854586,45.87309437,72,,,,,,,,,,,,,43.488545856708484,45.873094367452225,0.00337070503372831,0.7056685579685712,0.9965886217865321,0.01686573496936763,0.003404079086313049,0.11709799493385784,0.05338117599502209,-4.149057777668358,0.0
roberta,R0,sst2@s0__imdb@s0,sst2@s0,imdb@s0,sst2,imdb,0.7,0.010293953008920331,0.9495412844036697,0.9148,0.02395101276063616,0.9734454838002745,0.9208715596330275,0.8986,0.009684807428671616,0.9834231075329588,0.944954128440367,0.9015,0.010293953008920331,0.9838838971614436,0.9415137614678899,0.9037,0.019669302864964378,0.9806912421135192,0.9288990825688074,0.8987,0.02452457653,0.02033783856,74.19049782,60.37847698,0,0.4755847461,0.4952712118,1.694207942,43.48854586,25.66895408,72,,,,,,,,,,,,,43.488545856708484,25.668954081511547,0.020337838552262708,0.6787254681586303,0.9777847535265303,0.11028770228814798,0.02041848986676823,0.534698173302761,0.5272153407625599,-3.7080795405503246,0.0
roberta,R0,sst2@s0__trec@s0,sst2@s0,trec@s0,sst2,trec,0.7,0.01119328651825291,0.9495412844036697,0.97,0.030383734249713634,0.9525052192066806,0.9231651376146789,0.938,0.012754619253946942,0.9832985386221295,0.9311926605504587,0.964,0.01119328651825291,0.9853862212943633,0.9380733944954128,0.96,0.01929378953135119,0.981732776617954,0.926605504587156,0.956,0.01902636027,0.003620971497,76.478355,62.59994574,0,0.496143019,0.4993093279,1.958126591,43.48854586,22.20926167,72,,,,,,,,,,,,,43.488545856708484,22.209261674452108,0.0036209715006558507,0.6717160563903946,0.9955641087281205,0.04127557300914324,0.0036348263831532676,0.6926860197722212,0.6719881952359584,-3.9619298787101673,0.0
roberta,R0,sst2@s0__yelp_polarity@s0,sst2@s0,yelp_polarity@s0,sst2,yelp_polarity,0.7,0.013080367068906251,0.9495412844036697,0.956,0.020445495522810386,0.9744486975336669,0.926605504587156,0.94,0.014230994683968934,0.9869666470425944,0.9346330275229358,0.9438,0.013080367068906251,0.9906200917190036,0.9346330275229358,0.946,0.014364148121197351,0.99009654174605,0.9334862385321101,0.9447,0.02390444127,0.01745635032,74.54746436,62.26852888,0,0.478629109,0.4957946435,1.092446011,43.48854586,39.80841655,72,,,,,,,,,,,,,43.488545856708484,39.80841655181561,0.01745635031533745,0.7003549113876962,0.9828581804213625,0.11598342250845448,0.017590894647417973,0.11570607848809251,0.08841922891753583,-3.733691010111754,0.0
roberta,R0,mrpc@s0__stsb@s0,mrpc@s0,stsb@s0,mrpc,stsb,0.5,0.02833355412240035,0.875,0.9081560138212641,0.05201785106345902,0.9324311738770501,0.821078431372549,0.8696401616525238,0.02833355412240035,0.9692469578558405,0.8431372549019608,0.88976354562876,0.028123281143542345,0.9575988018837263,0.8529411764705882,0.8799700494475414,0.06784420871484997,0.9146033186682898,0.8186274509803921,0.8434384122769816,0.03224599932,0.01972788521,71.38299523,44.02294444,0,0.4763982463,0.4956462176,1.239012572,15.23280525,18.87363721,72,,,,,,,,,,,,,15.232805249510067,18.873637213911685,0.019727885225779604,0.6964293397492297,0.9801716024909192,0.10353052514159132,0.02005253492784615,0.28870203795867805,0.2143147494881814,-3.434361295528476,0.0
roberta,R0,mrpc@s0__mnli@s0,mrpc@s0,mnli@s0,mrpc,mnli,0.5,0.043207086389279725,0.875,0.8713194090677534,0.10882755815141776,0.8870730897009967,0.7867647058823529,0.7695364238410596,0.043207086389279725,0.9387607973421928,0.821078431372549,0.8497198166072338,0.045418307641110656,0.9347308970099668,0.8112745098039216,0.8556291390728477,0.0577519829260047,0.9342093023255814,0.8088235294117647,0.8365766683647479,0.01548808114,0.002537818203,77.75480742,59.454825,0,0.4969113121,0.4997853114,6.343636358,15.23280525,96.63137722,72,,,,,,,,,,,,,15.232805249510067,96.63137721464157,0.00253781821361605,0.5715356268012289,0.9908649018091241,0.014428707783595078,0.0026491205151663103,1.930159341255778,1.8474521620717508,-4.16768450956701,0.0
roberta,R0,mrpc@s0__qnli@s0,mrpc@s0,qnli@s0,mrpc,qnli,0.5,0.0487100748395638,0.875,0.920190371590701,0.121447265996114,0.8831434065508608,0.8137254901960784,0.7611202635914333,0.0487100748395638,0.943394935859381,0.8529411764705882,0.8537433644517665,0.04600841729172278,0.9427870841184214,0.8578431372549019,0.8535603148453231,0.07740386785308906,0.9202197816379734,0.8382352941176471,0.8164012447373238,0.02250529257,0.009270419762,75.06462561,59.77550857,0,0.489587429,0.4984471238,2.75187795,15.23280525,41.91882088,72,,,,,,,,,,,,,15.232805249510067,41.91882088090976,0.009270419761521008,0.6388045477228692,0.9860851287796788,0.055371751093456184,0.009162165207966007,1.0598448470862305,1.0122835695236727,-3.79400477209957,0.0
roberta,R0,mrpc@s0__wic@s0,mrpc@s0,wic@s0,mrpc,wic,0.5,0.10732404850051913,0.875,0.6724137931034483,0.1494975612622671,0.8366976744186045,0.7745098039215687,0.54858934169279,0.10732404850051913,0.9050697674418604,0.7524509803921569,0.622257053291536,0.10616834146245913,0.8925891472868217,0.7401960784313726,0.6332288401253918,0.15280797633738818,0.8672325581395348,0.7156862745098039,0.5893416927899686,0.02633369839,0.01633833661,73.21045135,53.39754042,0,0.4821083837,0.4968936119,1.672603299,15.23280525,25.47844032,72,,,,,,,,,,,,,15.232805249510067,25.478440321304518,0.01633833661074521,0.6808428534608959,0.9812063703866062,0.08804662203253552,0.016995589631267457,0.5469097454843528,0.5143812743416762,-3.636905852367922,0.0
roberta,R0,mrpc@s0__snli@s0,mrpc@s0,snli@s0,mrpc,snli,0.7,0.03876777441286783,0.875,0.8940256045519204,0.08744309179519061,0.9063077046591913,0.8112745098039216,0.8027839869945134,0.04066304326026349,0.9623176867289319,0.8235294117647058,0.873907742328795,0.03876777441286783,0.9657458452645382,0.821078431372549,0.879800853485064,0.055049704846138914,0.937923167500736,0.803921568627451,0.8682178419020524,0.02032046848,0.01041859079,75.7475185,48.7136763,0,0.4877044794,0.498180354,2.710239136,15.23280525,41.28454494,72,,,,,,,,,,,,,15.232805249510067,41.28454494063515,0.010418590793949517,0.6400058294571498,0.9845637014041894,0.06764992834537233,0.010453930613271522,1.0346994560293752,0.9970368730649282,-3.896126601419511,0.0
roberta,R0,mrpc@s0__scitail@s0,mrpc@s0,scitail@s0,mrpc,scitail,0.7,0.06702729400939123,0.875,0.9524539877300614,0.12330342765125368,0.8839491639438786,0.7916666666666666,0.808282208588957,0.05813678128256128,0.9308908322121854,0.8063725490196079,0.9164110429447853,0.06702729400939123,0.9314145685181626,0.8161764705882353,0.8888036809815951,0.08815410222059838,0.9143691139727081,0.8137254901960784,0.8512269938650306,0.02965767558,0.01764628835,72.42765045,58.86507312,0,0.4785411059,0.4956446221,1.478079123,15.23280525,22.51529143,72,,,,,,,,,,,,,15.232805249510067,22.515291426184806,0.01764628834159187,0.6886866504934283,0.9807638194491519,0.08670353914291713,0.018081095017894646,0.42869411737798374,0.39074335492262513,-3.5180343141902815,0.0
roberta,R0,mrpc@s0__ag_news@s0,mrpc@s0,ag_news@s0,mrpc,ag_news,1.0,0.03946401255537668,0.875,0.9461842105263157,0.10231042771718624,0.906595723692323,0.7303921568627451,0.9089473684210526,0.0573037725728589,0.95008384917014,0.7867647058823529,0.9331578947368421,0.041500288058485824,0.9667907963205011,0.8088235294117647,0.9392105263157895,0.03946401255537668,0.9670978322523367,0.8137254901960784,0.9377631578947369,0.01847237453,0.003203841627,76.5095436,66.26402966,0,0.4956710973,0.4995664314,3.011467265,15.23280525,45.87309437,72,,,,,,,,,,,,,15.232805249510067,45.873094367452225,0.0032038416156071384,0.6314889194862305,0.9936742343239154,0.025194260264549805,0.0034715497667962484,1.1678067514187065,1.1024274234442202,-3.991478931583302,0.0
roberta,R0,mrpc@s0__imdb@s0,mrpc@s0,imdb@s0,mrpc,imdb,0.7,0.03177578420961735,0.875,0.9148,0.06473334852086876,0.9321791083129898,0.7794117647058824,0.8963,0.031768894702612016,0.9699698059874085,0.8308823529411765,0.9028,0.03177578420961735,0.9760728510856995,0.8382352941176471,0.8951,0.055059715184718416,0.9462096877810613,0.8578431372549019,0.832,0.02042710742,0.008593410603,75.38467429,58.2140113,0,0.4905498363,0.4989694548,1.685110107,15.23280525,25.66895408,72,,,,,,,,,,,,,15.232805249510067,25.668954081511547,0.008593410606309191,0.6825862898087516,0.9895741961607535,0.06825054042921722,0.0090946751580333,0.5596885187422235,0.5218309070700009,-3.890892465100829,0.0
roberta,R0,mrpc@s0__trec@s0,mrpc@s0,trec@s0,mrpc,trec,1.0,0.011204481792717047,0.875,0.97,0.060943140142654895,0.906937903578191,0.7990196078431373,0.936,0.031103987986947357,0.9584502597465651,0.8259803921568627,0.964,0.010173553957665504,0.9747293295140069,0.8553921568627451,0.972,0.011204481792717047,0.9821090450065544,0.8553921568627451,0.97,0.0176878681,0.00422939758,76.73781102,62.30503148,0,0.4958764488,0.4995658545,1.457988946,15.23280525,22.20926167,72,,,,,,,,,,,,,15.232805249510067,22.209261674452108,0.0042293975815750956,0.6937755496558751,0.9955692532652829,0.05115141701812508,0.004283082366905281,0.4422350669881198,0.37705805193907005,-4.034876292487812,0.0
roberta,R0,mrpc@s0__yelp_polarity@s0,mrpc@s0,yelp_polarity@s0,mrpc,yelp_polarity,0.7,0.019770313983333843,0.875,0.956,0.06022965671624292,0.9367186554703192,0.7818627450980392,0.9426,0.027772845539889568,0.9655754664472571,0.8308823529411765,0.9511,0.019770313983333843,0.9780588292234349,0.8529411764705882,0.9423,0.06303502572577147,0.9424327856157588,0.8553921568627451,0.8569,0.0186647447,0.004971710841,76.31763096,59.85703548,0,0.4940878014,0.4988532772,2.61333457,15.23280525,39.80841655,72,,,,,,,,,,,,,15.232805249510067,39.80841655181561,0.004971710841192149,0.6446013034021865,0.993255357451495,0.05650747591453344,0.004819820714172195,0.9992299124897674,0.9606270189083805,-3.9811188447160997,0.0
roberta,R0,stsb@s0__mnli@s0,stsb@s0,mnli@s0,stsb,mnli,0.5,0.019703157754038303,0.9081560138212641,0.8713194090677534,0.07276652601621492,0.9283465961322521,0.8772966918406033,0.7741212429954152,0.019703157754038303,0.9717497360849114,0.8894658816234925,0.8549159449821702,0.022271196150845607,0.965511306538411,0.884164369171821,0.8555272542027509,0.05578329278577576,0.940385697144086,0.8568526919850288,0.823331635252165,0.01691895236,0.00510225919,76.92568388,64.15987523,0,0.4933757592,0.4989770077,5.119912825,18.87363721,96.63137722,72,,,,,,,,,,,,,18.873637213911685,96.63137721464157,0.005102259188360855,0.5860119706095234,0.9848680298105283,0.03484939686025374,0.005271664999961752,1.7513474421990805,1.6331374125392788,-4.079320843978696,0.0
roberta,R0,stsb@s0__qnli@s0,stsb@s0,qnli@s0,stsb,qnli,0.7,0.03319300341396891,0.9081560138212641,0.920190371590701,0.1118935197377352,0.8915215114274622,0.8736548565903575,0.7492220391726158,0.035519476768226976,0.963885198008563,0.892960556729007,0.8702178290316676,0.03319300341396891,0.967538941881593,0.8908632100877404,0.8766245652571847,0.04619718824538688,0.9513475390457735,0.8800701047841283,0.8636280431997071,0.02201505621,0.008254840375,75.11932197,61.38027684,0,0.4879719418,0.4979739366,2.221025042,18.87363721,41.91882088,72,,,,,,,,,,,,,18.873637213911685,41.91882088090976,0.00825484037004952,0.6591598383429141,0.9896104968514462,0.052962525046281295,0.008069325976235758,0.8381950793307578,0.7979688199500327,-3.8160286865185378,0.0
roberta,R0,stsb@s0__wic@s0,stsb@s0,wic@s0,stsb,wic,0.5,0.029488362768920195,0.9081560138212641,0.6724137931034483,0.10862047923677132,0.8576125399146977,0.8632851234646639,0.5595611285266457,0.029488362768920195,0.9577767017986829,0.8821158250552933,0.6520376175548589,0.031157162381434178,0.9543863445043412,0.879084764247359,0.6520376175548589,0.09410855447663469,0.909779861386637,0.8197851520414153,0.6112852664576802,0.02684634603,0.009034279588,73.1441506,57.41076699,0,0.4886587255,0.4979933162,1.34994861,18.87363721,25.47844032,72,,,,,,,,,,,,,18.873637213911685,25.478440321304518,0.009034279588244676,0.6963915380075912,0.9891078224280344,0.05778562807303669,0.009854832126085752,0.3288421329144808,0.30006652505911746,-3.6176255555562684,0.0
roberta,R0,stsb@s0__snli@s0,stsb@s0,snli@s0,stsb,snli,0.7,0.02872841033596163,0.9081560138212641,0.8940256045519204,0.05379451792670176,0.9492811376779257,0.8700012898989549,0.8353993090835196,0.02642624438096719,0.9690422697591324,0.8798710619423172,0.8746189798821378,0.02872841033596163,0.9693562592750116,0.8742446523705231,0.8760414549888235,0.04894165794799732,0.9397419883695219,0.8517742436449939,0.8620199146514936,0.02475944365,0.01482162026,74.13022801,47.26627113,0,0.4811918724,0.4967160165,2.187418592,18.87363721,41.28454494,72,,,,,,,,,,,,,18.873637213911685,41.28454494063515,0.014821620252544448,0.6589378458306279,0.9784908402221041,0.07955261696773085,0.01577612307235363,0.8192662230176307,0.7827221234714198,-3.698548301127398,0.0
roberta,R0,stsb@s0__scitail@s0,stsb@s0,scitail@s0,stsb,scitail,0.5,0.00956156744509995,0.9081560138212641,0.9524539877300614,0.12231840520589587,0.8993336467067887,0.8790256165197604,0.75,0.00956156744509995,0.9853490343474894,0.8988324735874479,0.9440184049079755,0.019805864729557587,0.9762371779847391,0.8992369507345497,0.924079754601227,0.03459858197136889,0.9543975385938892,0.8840680328064914,0.9118098159509203,0.02997914644,0.02001094547,72.49372979,57.34849327,0,0.4762726063,0.496326311,1.192949254,18.87363721,22.51529143,72,,,,,,,,,,,,,18.873637213911685,22.515291426184806,0.020010945480488842,0.6975469782051101,0.9797379689958267,0.0630327252322843,0.02032754739684447,0.21847856177326153,0.17642860574837896,-3.507253257693645,0.0
roberta,R0,stsb@s0__ag_news@s0,stsb@s0,ag_news@s0,stsb,ag_news,0.7,0.02291467446057005,0.9081560138212641,0.9461842105263157,0.06978956535748204,0.9213857646769561,0.8156211511118364,0.9105263157894737,0.036027401376981905,0.9647944831357347,0.8539588786026491,0.9344736842105263,0.02291467446057005,0.9787763073884701,0.8728503471390751,0.9396052631578947,0.023860136736559734,0.975513081353762,0.8727748709945277,0.9378947368421052,0.01761122136,0.002269120048,76.93365149,69.34447723,0,0.4968384422,0.499569469,2.430538102,18.87363721,45.87309437,72,,,,,,,,,,,,,18.873637213911685,45.873094367452225,0.002269120044535385,0.6521159767893443,0.9973005438522867,0.01796166394075954,0.0021740173055058327,0.9713867860945186,0.8881126739902474,-4.0392190028313415,0.0
roberta,R0,stsb@s0__imdb@s0,stsb@s0,imdb@s0,stsb,imdb,0.7,0.01423900217194407,0.9081560138212641,0.9148,0.04864330298345698,0.9530486671471067,0.8396593420567056,0.8948,0.018739940014317114,0.9928521089587643,0.8818617857342964,0.907,0.01423900217194407,0.9959975127688587,0.8911289042210405,0.9059,0.017947158138486685,0.9938139065687193,0.8911443490715432,0.8991,0.01799877431,0.00526164585,76.66840337,60.58818641,0,0.494240644,0.4990420636,1.360042783,18.87363721,25.66895408,72,,,,,,,,,,,,,18.873637213911685,25.668954081511547,0.0052616458421622676,0.6972703734944566,0.9927821813575199,0.07968985159629081,0.0062037177437413715,0.34242374407309506,0.3075161573414006,-4.017451617293355,0.0
roberta,R0,stsb@s0__trec@s0,stsb@s0,trec@s0,stsb,trec,1.0,0.016664899286762846,0.9081560138212641,0.97,0.09931249804242559,0.8966107451674818,0.8401227267177174,0.85,0.02024012923385654,0.9755767806321676,0.8788835701585137,0.962,0.01233396699160716,0.9816426567723221,0.8838811945994266,0.972,0.016664899286762846,0.9842333303470122,0.8816323300601364,0.966,0.01820596564,0.004323356538,76.40688249,62.21189535,0,0.4943469131,0.4991279649,1.176734586,18.87363721,22.20926167,72,,,,,,,,,,,,,18.873637213911685,22.209261674452108,0.004323356535744955,0.7032887633395576,0.9951154023050942,0.055633914402335255,0.004650101367801666,0.3016741691253505,0.16274330242428714,-4.006005956190726,0.0
roberta,R0,stsb@s0__yelp_polarity@s0,stsb@s0,yelp_polarity@s0,stsb,yelp_polarity,0.7,0.013159102281451451,0.9081560138212641,0.956,0.04135530432589141,0.9553461818657871,0.8460562468214635,0.9423,0.017776341087398118,0.9843658352648859,0.880713397042446,0.9509,0.013159102281451451,0.992690801424921,0.887484821638285,0.9526,0.016613493248040068,0.989863378120706,0.8857703489263838,0.9478,0.01825131545,0.004343513784,76.58057909,61.05397558,0,0.4943486386,0.4989284527,2.109207468,18.87363721,39.80841655,72,,,,,,,,,,,,,18.873637213911685,39.80841655181561,0.004343513786108431,0.6648781122670733,0.992787987798251,0.07102936903811927,0.005004912027969021,0.7890217354583507,0.7463122693468399,-4.00351812209918,0.0
roberta,R0,mnli@s0__qnli@s0,mnli@s0,qnli@s0,mnli,qnli,0.7,0.022086497646106706,0.8713194090677534,0.920190371590701,0.11609445337553259,0.8866599016965278,0.7660723382577688,0.8176825919824272,0.02871666760019742,0.9609177104804185,0.8455425369332654,0.8945634266886326,0.022086497646106706,0.9710879974631361,0.8567498726439123,0.8949295259015193,0.042036508467000244,0.9606266053591248,0.8398369842078451,0.8760754164378547,0.01582420201,0.003547527865,77.25925747,64.37309115,0,0.4953828589,0.499130408,2.305202656,96.63137722,41.91882088,72,,,,,,,,,,,,,96.63137721464157,41.91882088090976,0.0035475278807726744,0.6568337239033748,0.9953961808821261,0.016901417326456683,0.0034677694646582835,0.8541630788606109,0.8351685927573957,-4.1462147381316985,0.0
roberta,R0,mnli@s0__wic@s0,mnli@s0,wic@s0,mnli,wic,0.7,0.07809116748546119,0.8713194090677534,0.6724137931034483,0.1952909500851503,0.7762857142857142,0.7097300050942436,0.5344827586206896,0.09600202572606686,0.8950476190476191,0.8279164544065206,0.5768025078369906,0.07809116748546119,0.9037142857142857,0.8388181355068772,0.5924764890282131,0.09334693993253396,0.8957142857142857,0.8142638818135507,0.5909090909090909,0.01444993709,0.001162692941,78.12675121,65.43320957,0,0.4982547794,0.4997760808,3.792672393,96.63137722,25.47844032,72,,,,,,,,,,,,,96.63137721464157,25.478440321304518,0.0011626929326412746,0.6107781992702189,0.9974903884215293,0.01614423908962501,0.001201019932151404,1.3862372142283055,1.333070887502764,-4.237065218066391,0.0
roberta,R0,mnli@s0__snli@s0,mnli@s0,snli@s0,mnli,snli,0.7,0.016949749317758833,0.8713194090677534,0.8940256045519204,0.03357805270838776,0.9581949695873746,0.8363728986245542,0.8698435277382646,0.011103376351020433,0.9770994575045209,0.8628629648497198,0.8828490144279618,0.016949749317758833,0.977627486437613,0.863270504330107,0.871977240398293,0.04204532926449778,0.9524017754397501,0.8434029546612328,0.8474903474903475,0.0214523762,0.01432623705,74.91164052,59.61523334,0,0.481338233,0.4963369074,2.340618683,96.63137722,41.28454494,72,,,,,,,,,,,,,96.63137721464157,41.28454494063515,0.014326237043514576,0.6528651623597821,0.9803664301826263,0.06480509505511385,0.014442778424675177,0.8768713060758062,0.850415288868003,-3.8419198611888232,0.0
roberta,R0,mnli@s0__scitail@s0,mnli@s0,scitail@s0,mnli,scitail,0.5,0.03074955675161073,0.8713194090677534,0.9524539877300614,0.09981750367930053,0.9233589138134592,0.8061130922058074,0.8335889570552147,0.03074955675161073,0.9631192443919717,0.8549159449821702,0.9118098159509203,0.03644239879852207,0.9597556080283354,0.8611309220580744,0.8941717791411042,0.05108720130632116,0.9476558441558443,0.851044319918492,0.8773006134969326,0.01645106953,0.00528644638,77.27140637,69.27005384,0,0.4933828515,0.4987262796,4.29181108,96.63137722,22.51529143,72,,,,,,,,,,,,,96.63137721464157,22.515291426184806,0.00528644638854588,0.5997177698808612,0.9871342774204755,0.02318682051317328,0.00524914757378292,1.5697253722046765,1.456708807024289,-4.107364786862995,0.0
roberta,R0,mnli@s0__ag_news@s0,mnli@s0,ag_news@s0,mnli,ag_news,0.7,0.020809543722085766,0.8713194090677534,0.9461842105263157,0.12002212547671909,0.878543856991365,0.695364238410596,0.9101315789473684,0.034681805900448115,0.9668983487350402,0.8244523688232297,0.9314473684210526,0.020809543722085766,0.979510983184366,0.8471726948548141,0.9330263157894737,0.0262440551989227,0.979434025147705,0.8472745797249108,0.9226315789473685,0.01276888978,0.001378208221,78.84115302,71.06306336,0,0.4981515914,0.4996687041,2.106493546,96.63137722,45.87309437,72,,,,,,,,,,,,,96.63137721464157,45.873094367452225,0.0013782082216994807,0.6657580836683301,0.9982152888145158,0.0070308581111511,0.0013800454963437717,0.7619680550621903,0.7450247385822524,-4.360743552419591,0.0
roberta,R0,mnli@s0__imdb@s0,mnli@s0,imdb@s0,mnli,imdb,0.7,0.018009528784118767,0.8713194090677534,0.9148,0.11073504695470349,0.894093133385951,0.69587366276108,0.8964,0.022847929874104334,0.9687797947908445,0.8435048395313296,0.9022,0.018009528784118767,0.9779605367008681,0.8588894549159449,0.8949,0.03265089252590081,0.9720157853196527,0.8517575140091697,0.8756,0.01502037733,0.002418512993,77.78300648,66.01337671,0,0.4965253573,0.499559114,3.764523358,96.63137722,25.66895408,72,,,,,,,,,,,,,96.63137721464157,25.668954081511547,0.002418512984676321,0.6112414405923742,0.995270929995146,0.013429653729060343,0.0023777747715868673,1.3631183274411782,1.3256212550968656,-4.198347511124147,0.0
roberta,R0,mnli@s0__trec@s0,mnli@s0,trec@s0,mnli,trec,1.0,0.0162787025160811,0.8713194090677534,0.97,0.1967476107355366,0.8132889949299136,0.6793683138053999,0.802,0.02512850433491165,0.9676492693110648,0.8383087111563933,0.958,0.012250465315884362,0.9830056665672532,0.8571574121242995,0.962,0.0162787025160811,0.9838246346555324,0.8555272542027509,0.956,0.01294570851,0.001245386442,78.87365363,71.1890823,0,0.4983444462,0.4998052562,4.350949556,96.63137722,22.20926167,72,,,,,,,,,,,,,96.63137721464157,22.209261674452108,0.0012453864525627978,0.5991297274720961,0.997222451759989,0.011528097133445755,0.0012398109033354514,1.518030843248989,1.4703941100147053,-4.346990934947311,0.0
roberta,R0,mnli@s0__yelp_polarity@s0,mnli@s0,yelp_polarity@s0,mnli,yelp_polarity,0.7,0.014710156130744334,0.8713194090677534,0.956,0.09259562959164902,0.911257321242753,0.7274579724910851,0.9368,0.023769575053524283,0.9693896239036717,0.8423841059602649,0.9423,0.014710156130744334,0.973022744165304,0.8607233825776872,0.9395,0.02454357492044723,0.9643312026163223,0.8537952114111055,0.9283,0.0149631564,0.002281466004,77.91958044,67.2242459,0,0.4973209051,0.4994521788,2.427410723,96.63137722,39.80841655,72,,,,,,,,,,,,,96.63137721464157,39.80841655181561,0.0022814659914857016,0.6522358560720933,0.9967533322802785,0.013772790601901817,0.0022900194917898947,0.9065118286007967,0.8868251431640944,-4.202164339386106,0.0
roberta,R0,qnli@s0__wic@s0,qnli@s0,wic@s0,qnli,wic,0.5,0.09785874227887348,0.920190371590701,0.6724137931034483,0.16155325345697347,0.859969663337033,0.7730184880102507,0.5626959247648903,0.09785874227887348,0.9180517943026266,0.8323265604978949,0.6050156739811913,0.08772117743671348,0.9103980762116166,0.8123741533955702,0.6332288401253918,0.11979158696882986,0.8874295227524972,0.7576423210690097,0.6300940438871473,0.02097569794,0.009686359475,75.62800885,61.54491837,0,0.4894694515,0.4979647413,1.645266365,41.91882088,25.47844032,72,,,,,,,,,,,,,41.91882088090976,25.478440321304518,0.00968635947933024,0.6840293977002069,0.9897101778586493,0.06062023206222406,0.009510531294057274,0.5165207499904738,0.49790229512121537,-3.86439075233145,0.0
roberta,R0,qnli@s0__snli@s0,qnli@s0,snli@s0,qnli,snli,0.7,0.022448976685123023,0.920190371590701,0.8940256045519204,0.1189196025291136,0.8929676653864969,0.7902251510159253,0.8076610445031498,0.03368693926080224,0.9724401604661231,0.8819330038440417,0.8709611867506605,0.022448976685123023,0.9779078098877478,0.8901702361339923,0.8830522251574883,0.027705532752978268,0.9739823671179829,0.8876075416437854,0.8761430603535867,0.01820485311,0.006640928258,76.33456408,61.29661503,0,0.4906059935,0.4984731321,1.01536352,41.91882088,41.28454494,72,,,,,,,,,,,,,41.91882088090976,41.28454494063515,0.006640928253939957,0.7047502812661571,0.9932144232301118,0.044487489831206636,0.006777116706833334,0.10288191065198656,0.0152466961573936,-4.006067066049748,0.0
roberta,R0,qnli@s0__scitail@s0,qnli@s0,scitail@s0,qnli,scitail,0.7,0.01947062352827733,0.920190371590701,0.9524539877300614,0.12103425720113004,0.8967245989304813,0.8671059857221307,0.776840490797546,0.01993486381270615,0.9740755221471094,0.9057294526816767,0.9294478527607362,0.01947062352827733,0.974668871134919,0.9117700896943072,0.924079754601227,0.025878773143543365,0.9640694224048578,0.9066447007138935,0.9171779141104295,0.02227612313,0.01059111936,74.83450259,60.33057204,0,0.4872090281,0.4972997299,1.861793396,41.91882088,22.51529143,72,,,,,,,,,,,,,41.91882088090976,22.515291426184806,0.010591119360973492,0.6741035067109878,0.9872393820868136,0.0463432294922821,0.010668351782088697,0.6629627738176135,0.6215402145890092,-3.8042398857964774,0.0
roberta,R0,qnli@s0__ag_news@s0,qnli@s0,ag_news@s0,qnli,ag_news,1.0,0.02068272297470175,0.920190371590701,0.9461842105263157,0.07297889408596725,0.9309427606653619,0.8229910305692842,0.9080263157894737,0.03016481131219728,0.97875284089906,0.8815669046311551,0.9288157894736843,0.01837481300048016,0.9890248021816221,0.8945634266886326,0.9377631578947369,0.02068272297470175,0.9911951254821143,0.8898041369211056,0.9382894736842106,0.01610450322,0.001862595225,77.37246351,66.16817928,0,0.4977989182,0.4995971962,1.094331696,41.91882088,45.87309437,72,,,,,,,,,,,,,41.91882088090976,45.873094367452225,0.0018625952267987244,0.7057363202619849,0.9980700083276391,0.017313941283094738,0.0018986496754184311,0.1764661041064247,0.09014385365771979,-4.12865634299575,0.0
roberta,R0,qnli@s0__imdb@s0,qnli@s0,imdb@s0,qnli,imdb,0.5,0.01845940317562822,0.920190371590701,0.9148,0.047041787639270805,0.952871885750026,0.8528281164195497,0.8957,0.01845940317562822,0.9850509869328739,0.8985905180303863,0.9025,0.015159002775480213,0.9839533728637916,0.9114039904814205,0.8958,0.0239291885906181,0.9745733715147687,0.9108548416620904,0.8803,0.0177845191,0.006432947719,76.81157821,63.85458222,0,0.4938139947,0.498652835,1.633055276,41.91882088,25.66895408,72,,,,,,,,,,,,,41.91882088090976,25.668954081511547,0.006432947721398035,0.6855538518384204,0.9931265446403512,0.05073737199560027,0.006350693540739019,0.5075880009259934,0.4904526627724631,-4.029426913587442,0.0
roberta,R0,qnli@s0__trec@s0,qnli@s0,trec@s0,qnli,trec,0.7,0.032596966073922484,0.920190371590701,0.97,0.07053806352910774,0.9200748877957454,0.8017572762218561,0.958,0.037497513427491524,0.9663798516609936,0.8511806699615596,0.97,0.032596966073922484,0.9696764671126259,0.8639941424125938,0.966,0.04566434039690814,0.9553864993431098,0.8627127951674904,0.942,0.01820920752,0.006235537605,76.548753,66.3518272,0,0.4922013793,0.498683741,1.887447746,41.91882088,22.20926167,72,,,,,,,,,,,,,41.91882088090976,22.209261674452108,0.006235537597928218,0.6741665978715073,0.9923448908136832,0.031772102415319026,0.00631015584252598,0.6685034720666317,0.6352255175194166,-4.005827905135232,0.0
roberta,R0,qnli@s0__yelp_polarity@s0,qnli@s0,yelp_polarity@s0,qnli,yelp_polarity,0.7,0.014949981397524459,0.920190371590701,0.956,0.04583730075167325,0.9501935068099845,0.8557569101226432,0.9353,0.02208380186324388,0.9789810373720493,0.8945634266886326,0.9404,0.014949981397524459,0.9828309624755013,0.9049972542559034,0.9432,0.016409276933845973,0.9818250273427258,0.90481420464946,0.9406,0.01674069739,0.003766656442,77.19401274,69.97065265,0,0.4956150687,0.4990020622,1.053014023,41.91882088,39.80841655,72,,,,,,,,,,,,,41.91882088090976,39.80841655181561,0.003766656451900463,0.7055453913885484,0.9962107780198288,0.022228868499409384,0.003801577103108963,0.11832005041671233,0.05165655025214935,-4.089912554692986,0.0
roberta,R0,wic@s0__snli@s0,wic@s0,snli@s0,wic,snli,0.7,0.06610851360254699,0.6724137931034483,0.8940256045519204,0.18721095928733167,0.8104986574606827,0.5172413793103449,0.7655964234911603,0.07975357975357977,0.8960805523590334,0.5971786833855799,0.8514529567161147,0.06610851360254699,0.9163820483314153,0.6159874608150471,0.8508433245275351,0.06951203132587369,0.9091208285385501,0.6316614420062696,0.8239179028652713,0.02054434981,0.008835318864,75.7577889,55.65431694,0,0.4913058395,0.4987090664,1.62037175,25.47844032,41.28454494,72,,,,,,,,,,,,,25.478440321304518,41.28454494063515,0.008835318868461343,0.6853848832031448,0.9904365751099078,0.07129445343843384,0.008861354056109695,0.5099404092284225,0.48265559822750337,-3.885169324263631,0.0
roberta,R0,wic@s0__scitail@s0,wic@s0,scitail@s0,wic,scitail,0.5,0.04451426190556629,0.6724137931034483,0.9524539877300614,0.14360156751461095,0.8711157024793388,0.5783699059561128,0.8121165644171779,0.04451426190556629,0.9216501377410469,0.6959247648902821,0.8343558282208589,0.10973165320991407,0.8382727272727273,0.6959247648902821,0.7101226993865031,0.1815619967793881,0.7440606060606061,0.6724137931034483,0.6065950920245399,0.02261071636,0.00923705305,74.64436226,64.69169635,0,0.4890902236,0.4980009278,1.131606064,25.47844032,22.51529143,72,,,,,,,,,,,,,25.478440321304518,22.515291426184806,0.009237053056543676,0.7025501654352122,0.9900213642908637,0.0628481299014223,0.00970802456585318,0.22719451825675951,0.12363791921493952,-3.7893313098682024,0.0
roberta,R0,wic@s0__ag_news@s0,wic@s0,ag_news@s0,wic,ag_news,1.0,0.03160419055287633,0.6724137931034483,0.9461842105263157,0.08478984511525178,0.9121088723930718,0.5830721003134797,0.9114473684210527,0.03367359938073333,0.9411071049840933,0.6347962382445141,0.9353947368421053,0.022263649297441512,0.9684093319194061,0.6473354231974922,0.9393421052631579,0.03160419055287633,0.98,0.6363636363636364,0.9371052631578948,0.01790377346,0.001888326903,76.84420553,68.60370344,0,0.497721634,0.4996017644,1.800467132,25.47844032,45.87309437,72,,,,,,,,,,,,,25.478440321304518,45.873094367452225,0.0018883269146348582,0.679334407448225,0.9975752902974196,0.01594172683719347,0.0019759436724810136,0.6139142452337703,0.5880461490109833,-4.022743780531045,0.0
roberta,R0,wic@s0__imdb@s0,wic@s0,imdb@s0,wic,imdb,1.0,0.017485575203109116,0.6724137931034483,0.9148,0.11138307837039796,0.8701510128913443,0.5376175548589341,0.8944,0.06636272923986086,0.9472375690607735,0.5893416927899686,0.9064,0.036186721746406914,0.9632375690607735,0.6285266457680251,0.9083,0.017485575203109116,0.9750460405156538,0.658307210031348,0.902,0.01826359276,0.00616644356,76.33276888,59.46599038,0,0.493841415,0.4990025862,1.00747745,25.47844032,25.66895408,72,,,,,,,,,,,,,25.478440321304518,25.668954081511547,0.006166443540173689,0.704931815337485,0.9934716487104334,0.03459085383741717,0.0064018919030103165,0.16509767112663115,0.007449632454222366,-4.002845667418915,0.0
roberta,R0,wic@s0__trec@s0,wic@s0,trec@s0,wic,trec,1.0,0.0499819767861005,0.6724137931034483,0.97,0.13111767957128784,0.8225400139178844,0.5141065830721003,0.944,0.08171965491553124,0.8946624913013222,0.5611285266457681,0.972,0.0656717852594142,0.928258872651357,0.5799373040752351,0.976,0.0499819767861005,0.9486931106471816,0.6065830721003135,0.968,0.02033628494,0.006297396656,75.92438197,65.26386691,0,0.4930316155,0.4991726581,1.147198889,25.47844032,22.20926167,72,,,,,,,,,,,,,25.478440321304518,22.209261674452108,0.006297396657352706,0.7032608120323891,0.993232055330463,0.041949637729115974,0.006590965199317096,0.2128250575114609,0.13732322241784056,-3.895348553028165,0.0
roberta,R0,wic@s0__yelp_polarity@s0,wic@s0,yelp_polarity@s0,wic,yelp_polarity,1.0,0.025342579317474634,0.6724137931034483,0.956,0.1032296329890472,0.8886347554630593,0.5470219435736677,0.9369,0.05614606801845301,0.9502115851543531,0.603448275862069,0.9467,0.04229440364377601,0.9782927506070066,0.6191222570532915,0.9509,0.025342579317474634,0.9797565036420395,0.6473354231974922,0.9432,0.01758167068,0.004513110878,76.79517339,65.09232269,0,0.4942539288,0.4989569216,1.562435379,25.47844032,39.80841655,72,,,,,,,,,,,,,25.478440321304518,39.80841655181561,0.004513110898031292,0.6892544736107101,0.9951580228608861,0.024451821312401124,0.004486734598118849,0.46251380852343305,0.44624574433317704,-4.040898358248418,0.0
roberta,R0,snli@s0__scitail@s0,snli@s0,scitail@s0,snli,scitail,0.5,0.03419813845776276,0.8940256045519204,0.9524539877300614,0.07546572870325075,0.9434564284967046,0.8361105466368625,0.870398773006135,0.03419813845776276,0.9645098859713359,0.873907742328795,0.9087423312883436,0.04111797948054052,0.9480855738047913,0.8766510871774029,0.8926380368098159,0.04912627313270668,0.9397622659273983,0.8702499491973176,0.88420245398773,0.02108842977,0.01338214939,75.46069398,57.16857672,0,0.4831701343,0.4974880394,1.833622499,41.28454494,22.51529143,72,,,,,,,,,,,,,41.28454494063515,22.515291426184806,0.013382149397302345,0.674576649646667,0.9822662882988666,0.07698250479447913,0.014287263417411631,0.6436258060067733,0.6062935178600358,-3.859030741032832,0.0
roberta,R0,snli@s0__ag_news@s0,snli@s0,ag_news@s0,snli,ag_news,0.7,0.014980558482131201,0.8940256045519204,0.9461842105263157,0.10284038800442064,0.9011156031908546,0.7406015037593985,0.9139473684210526,0.024907588248996415,0.9790723726519799,0.8585653322495428,0.9365789473684211,0.014980558482131201,0.9904895499147617,0.8737045315992684,0.9393421052631579,0.016982838769320052,0.989869024622102,0.8713676082097135,0.9380263157894737,0.01541210932,0.00260707146,77.52113772,70.74048968,0,0.4971299981,0.4994403815,1.111144484,41.28454494,45.87309437,72,,,,,,,,,,,,,41.28454494063515,45.873094367452225,0.0026070714632784914,0.7052152840234934,0.997281002291399,0.01695251661504365,0.0026716009130820346,0.18697337318553375,0.1053905508067667,-4.172601759069233,0.0
roberta,R0,snli@s0__imdb@s0,snli@s0,imdb@s0,snli,imdb,0.7,0.012594770056004179,0.8940256045519204,0.9148,0.09435116995894255,0.9127949189072344,0.7396870554765291,0.9001,0.020364570436289475,0.990816903915722,0.8668969721601301,0.9053,0.012594770056004179,0.9982509902154633,0.8801056695793538,0.906,0.017684351975243873,0.9897119315400313,0.879800853485064,0.897,0.01678588136,0.003933549201,77.16830629,58.57552945,0,0.4951697237,0.4990443948,1.608345428,41.28454494,25.66895408,72,,,,,,,,,,,,,41.28454494063515,25.668954081511547,0.003933549181374882,0.6874139838472917,0.9957376347247784,0.023992187064273873,0.0039010094140168737,0.48835240328941276,0.4752059660945645,-4.0872171411410685,0.0
roberta,R0,snli@s0__trec@s0,snli@s0,trec@s0,snli,trec,0.7,0.012395855667759914,0.8940256045519204,0.97,0.12052435668064443,0.8800110990724347,0.7172322698638488,0.928,0.020911467212183288,0.9780414941946085,0.8566348303190409,0.97,0.012395855667759914,0.9892282541062964,0.8737045315992684,0.968,0.012395855667759914,0.9876624921021211,0.8737045315992684,0.968,0.01597432853,0.005312031069,77.58317289,61.07926585,0,0.4936921409,0.4992918203,1.858888672,41.28454494,22.20926167,72,,,,,,,,,,,,,41.28454494063515,22.209261674452108,0.005312031073787293,0.6757098428025644,0.9941807840379769,0.05864515830690022,0.005175172389499159,0.6488652647380904,0.6199788209858775,-4.136772312152791,0.0
roberta,R0,snli@s0__yelp_polarity@s0,snli@s0,yelp_polarity@s0,snli,yelp_polarity,1.0,0.016184275409767412,0.8940256045519204,0.956,0.08920619545488473,0.9114534749356071,0.7558423084738874,0.9332,0.02651589829768597,0.9794272364445838,0.8623247307457834,0.9392,0.014152158551680172,0.98857813770418,0.8804104856736436,0.9435,0.016184275409767412,0.9900593814699639,0.877057508636456,0.9432,0.01688257935,0.00478161162,77.14082859,64.30607922,0,0.4945610031,0.4987720619,1.037080811,41.28454494,39.80841655,72,,,,,,,,,,,,,41.28454494063515,39.80841655181561,0.004781611630101527,0.7053065361438366,0.9951779081098345,0.02285618059085131,0.004824281519618164,0.11498067378699064,0.036409853887175145,-4.081472996393049,0.0
roberta,R0,scitail@s0__ag_news@s0,scitail@s0,ag_news@s0,scitail,ag_news,1.0,0.0194405647961724,0.9524539877300614,0.9461842105263157,0.13602953772731208,0.8901398298028975,0.7239263803680982,0.9157894736842105,0.022331658534520793,0.9725418043346801,0.9202453987730062,0.935921052631579,0.015857684424370966,0.984476744695582,0.9271472392638037,0.9413157894736842,0.0194405647961724,0.9886500574042751,0.9217791411042945,0.9398684210526316,0.01842561579,0.003771000588,76.35435824,69.30654344,0,0.4962598732,0.4990080668,2.037419525,22.51529143,45.87309437,72,,,,,,,,,,,,,22.515291426184806,45.873094367452225,0.00377100059202023,0.6681575785374948,0.9948472034767581,0.02940386537146326,0.003909442019289152,0.7822642116130055,0.7116840684203409,-3.9940134200269575,0.0
roberta,R0,scitail@s0__imdb@s0,scitail@s0,imdb@s0,scitail,imdb,1.0,0.0081397199180131,0.9524539877300614,0.9148,0.1722710524444332,0.8658234783799826,0.6380368098159509,0.9016,0.021619255231734025,0.9741016391945574,0.9156441717791411,0.9106,0.009820525169567995,0.9874954339984475,0.9363496932515337,0.9123,0.0081397199180131,0.9914838363545043,0.946319018404908,0.9058,0.0203504963,0.007082451766,75.45739,60.74325911,0,0.4915236792,0.4976109339,1.140067592,22.51529143,25.66895408,72,,,,,,,,,,,,,22.515291426184806,25.668954081511547,0.007082451759754024,0.7031327169324543,0.9920800707935028,0.06352470790569574,0.007565017111863918,0.22102787123570256,0.13108755187681895,-3.8946499791845324,0.0
roberta,R0,scitail@s0__trec@s0,scitail@s0,trec@s0,scitail,trec,0.7,0.012352042764413929,0.9524539877300614,0.97,0.1524677523781065,0.8737189219965839,0.6855828220858896,0.946,0.011546889785347902,0.9777083800617679,0.9363496932515337,0.964,0.012352042764413929,0.9777299470315224,0.9348159509202454,0.964,0.01700615900526259,0.9725592660328853,0.9279141104294478,0.962,0.01742741088,0.002513445915,76.67095231,66.64317771,0,0.4964345048,0.4993952233,1.013779375,22.51529143,22.20926167,72,,,,,,,,,,,,,22.515291426184806,22.209261674452108,0.0025134459098771315,0.7062033662399125,0.997096241937068,0.025225796525524716,0.0027145946983482337,0.26570301806364616,0.013685302599805965,-4.049710974373789,0.0
roberta,R0,scitail@s0__yelp_polarity@s0,scitail@s0,yelp_polarity@s0,scitail,yelp_polarity,0.7,0.010034176891098867,0.9524539877300614,0.956,0.1563863117255877,0.8811306232316544,0.674079754601227,0.9364,0.021474255317715407,0.9720622887660065,0.9210122699386503,0.9465,0.010034176891098867,0.9886288387612765,0.9394171779141104,0.9499,0.012983681334600039,0.979271119099423,0.9378834355828221,0.9458,0.01888930414,0.00523425209,76.22988109,65.72383657,0,0.4938161229,0.4980264945,1.76806135,22.51529143,39.80841655,72,,,,,,,,,,,,,22.515291426184806,39.80841655181561,0.005234252088151125,0.6798404943665688,0.9928926717495224,0.030321216857965128,0.005652003970865283,0.6031912686393419,0.569883663839657,-3.969159435627384,0.0
roberta,R0,ag_news@s0__imdb@s0,ag_news@s0,imdb@s0,ag_news,imdb,0.7,0.009250817396301958,0.9461842105263157,0.9148,0.031568338927765005,0.9801368619018884,0.911578947368421,0.8905,0.01289584761888074,0.9940117059109577,0.9331578947368421,0.9038,0.009250817396301958,0.9977900552486187,0.9417105263157894,0.9022,0.016843264764529353,0.9918240246538905,0.9422368421052632,0.8878,0.01696899589,0.004793850195,77.03766753,68.79982972,0,0.4942216807,0.4989544551,1.78710415,45.87309437,25.66895408,72,,,,,,,,,,,,,45.873094367452225,25.668954081511547,0.004793850197024838,0.6791051183074771,0.9945004101767859,0.02493183880845435,0.004765015234268394,0.5969039081266222,0.5805965165158925,-4.076367371197853,0.0
roberta,R0,ag_news@s0__trec@s0,ag_news@s0,trec@s0,ag_news,trec,1.0,0.009154054251663268,0.9461842105263157,0.97,0.03670438563668488,0.9429030965448078,0.9118421052631579,0.934,0.012676068453264078,0.9764139456316956,0.93,0.962,0.008794354913859936,0.9816580583886987,0.9353947368421053,0.964,0.009154054251663268,0.9837208349845139,0.9327631578947368,0.966,0.01737026765,0.004710458412,76.98212736,67.20219876,0,0.4945562964,0.4991356178,2.065493893,45.87309437,22.20926167,72,,,,,,,,,,,,,45.873094367452225,22.209261674452108,0.004710458414996471,0.6666812237049835,0.9941898899932088,0.025436373523978217,0.004665084659013225,0.7443991899248714,0.7253693711812239,-4.052995290097117,0.0
roberta,R0,ag_news@s0__yelp_polarity@s0,ag_news@s0,yelp_polarity@s0,ag_news,yelp_polarity,1.0,0.007647103917088338,0.9461842105263157,0.956,0.03311818614504758,0.9742475086154292,0.9085526315789474,0.9307,0.014320281511815303,0.9905553048201161,0.9282894736842106,0.9467,0.007168450335117815,0.9984391259105099,0.9369736842105263,0.9516,0.007647103917088338,1.0000099313303679,0.9421052631578948,0.9455,0.01514321894,0.002999501074,77.9484476,70.53554624,0,0.4965410977,0.4994752966,1.152346623,45.87309437,39.80841655,72,,,,,,,,,,,,,45.873094367452225,39.80841655181561,0.00299950108282698,0.7042971288491762,0.9969360759465086,0.028302101665478804,0.0030356265279185943,0.1698858088382726,0.14180040503681032,-4.1902024419466475,0.0
roberta,R0,imdb@s0__trec@s0,imdb@s0,trec@s0,imdb,trec,1.0,0.01140061035255302,0.9148,0.97,0.028027420787147372,0.9609193877668716,0.8937,0.938,0.010690072530078032,0.9851722626558553,0.9009,0.964,0.008464246593250069,0.9877207349565739,0.9012,0.968,0.01140061035255302,0.9898084176288077,0.8996,0.964,0.01687449404,0.003973808995,77.15686269,65.6781228,0,0.4965091236,0.4996759391,1.155777011,25.66895408,22.20926167,72,,,,,,,,,,,,,25.668954081511547,22.209261674452108,0.003973809004446818,0.7038852190232837,0.9958482796090189,0.05230695601702562,0.004074970976333329,0.19768902250969084,0.14477285458433176,-4.081952025487852,0.0
roberta,R0,imdb@s0__yelp_polarity@s0,imdb@s0,yelp_polarity@s0,imdb,yelp_polarity,0.5,0.0016566714173067432,0.9148,0.956,0.008967984405215512,0.9925549467923032,0.9071,0.9469,0.0016566714173067432,0.9941158208817933,0.9133,0.9544,0.0035107703538098667,0.9925227519676212,0.9123,0.9519,0.01592025510754802,0.9801375178939985,0.9006,0.9404,0.03097813994,0.03144277438,72.24924265,58.2056965,0,0.4630669283,0.4924366738,1.550839057,25.66895408,39.80841655,72,,,,,,,,,,,,,25.668954081511547,39.80841655181561,0.031442774371946904,0.6814846965857848,0.9676789053310785,0.10753049614558541,0.031355438214863994,0.4454070941781523,0.43879611156327103,-3.474473486467329,0.0
roberta,R0,trec@s0__yelp_polarity@s0,trec@s0,yelp_polarity@s0,trec,yelp_polarity,0.7,0.005581137040072459,0.97,0.956,0.027814023206659932,0.9619274894149492,0.934,0.9383,0.008427511538627419,0.9843603023120922,0.964,0.9458,0.005581137040072459,0.9885291504369795,0.968,0.9473,0.007777789759737752,0.9843668195316726,0.968,0.9431,0.01578238411,0.003128535123,77.62893097,67.22994845,0,0.4961633025,0.4994160628,1.792424131,22.20926167,39.80841655,72,,,,,,,,,,,,,22.209261674452108,39.80841655181561,0.0031285351049527618,0.679343544819877,0.9963422675403795,0.04384033526805665,0.00312855646434332,0.6055094271852199,0.5835689667939238,-4.148860890692586,0.0
roberta,S1,cola@s1__sst2@s1,cola@s1,sst2@s1,cola,sst2,1.0,0.0318649355029087,0.8341323106423778,0.9380733944954128,0.08474833487901523,0.8987752399867593,0.716203259827421,0.911697247706422,0.045694573251271686,0.931540328809445,0.7660594439117929,0.9288990825688074,0.03527667706489046,0.9431755489352311,0.7813998082454459,0.9311926605504587,0.0318649355029087,0.9584188458567804,0.788111217641419,0.930045871559633,0.01821880387,0.004167989911,76.41617656,63.54864024,0,0.494607892,0.4990533075,1.454494975,29.18146223,42.44429019,72,,,,,,,,,,,,,29.181462234600083,42.44429019389358,0.0041679899146455585,0.6939384891087246,0.9954391785382617,0.029919066845403772,0.004251250865814306,0.3880059207580766,0.3746587441516891,-4.005301038591832,0.0
roberta,S1,cola@s1__mrpc@s1,cola@s1,mrpc@s1,cola,mrpc,0.7,0.03271699804693751,0.8341323106423778,0.8799019607843137,0.12982742611980924,0.8471158493828673,0.7267497603068073,0.7647058823529411,0.0665161848045337,0.9119055885736849,0.7766059443911792,0.8235294117647058,0.03271699804693751,0.9731348160856157,0.8120805369127517,0.8455882352941176,0.030682291166394426,0.964390117707929,0.8015340364333653,0.8602941176470589,0.02182593287,0.008242834243,75.47500612,38.41331182,0,0.4906272001,0.4977490519,1.929876408,29.18146223,15.12089692,72,,,,,,,,,,,,,29.181462234600083,15.120896924223086,0.008242834257942365,0.6717188013816761,0.9894310987117279,0.1633308923031114,0.009136140210209271,0.6842253145476195,0.6574559635606189,-3.8246564349855134,0.0
roberta,S1,cola@s1__stsb@s1,cola@s1,stsb@s1,cola,stsb,1.0,0.029624326394564804,0.8341323106423778,0.9036460053747896,0.10262940720328018,0.8828266116306372,0.7334611697027804,0.8272254224549487,0.039384367046331414,0.9551204931272586,0.7967401725790988,0.8729752226699817,0.03083477013756153,0.9788977971647596,0.8063279002876318,0.8780401051643679,0.029624326394564804,0.9833245540809583,0.8101629913710451,0.8760730361929626,0.02257043223,0.006794832467,75.15491819,39.14676789,0,0.4911886478,0.4984499731,1.59521914,29.18146223,18.29307429,72,,,,,,,,,,,,,29.181462234600083,18.293074292113648,0.006794832451025455,0.6871140928320953,0.9909559105022645,0.1238460502204548,0.007641898163175686,0.5092067567695507,0.4670111186489419,-3.7911145376936184,0.0
roberta,S1,cola@s1__mnli@s1,cola@s1,mnli@s1,cola,mnli,0.7,0.037920162991834316,0.8341323106423778,0.872542027508915,0.18330689279367796,0.8062890559732665,0.7401725790987536,0.6509424350483953,0.05873584692940792,0.9194619883040935,0.785234899328859,0.8211920529801324,0.037920162991834316,0.9471445279866333,0.788111217641419,0.854508405501783,0.042683889255745844,0.9296006683375104,0.7794822627037392,0.8552215995924605,0.01324323442,0.00195292331,78.74191011,66.56777628,0,0.4977091497,0.4995568181,3.330458026,29.18146223,97.18763511,72,,,,,,,,,,,,,29.181462234600083,97.18763510264598,0.0019529233057594473,0.6223320645439196,0.9971460140330013,0.016658757773691323,0.0017949684049876548,1.2404156503865535,1.2031098398792042,-4.324268466766809,0.0
roberta,S1,cola@s1__qnli@s1,cola@s1,qnli@s1,cola,qnli,0.7,0.028831074307529736,0.8341323106423778,0.9192751235584844,0.08266592510196524,0.893716713659148,0.7679769894534996,0.8401976935749588,0.03218940111784008,0.9525591322055138,0.8101629913710451,0.8865092440051254,0.028831074307529736,0.9729427736006683,0.7986577181208053,0.90536335346879,0.032089152556338374,0.9671750992063491,0.7890699904122723,0.9099395936298736,0.01999955829,0.008062322188,75.8295336,45.80006687,0,0.4920254178,0.4988360228,1.438608144,29.18146223,41.98068923,72,,,,,,,,,,,,,29.181462234600083,41.98068922963679,0.00806232218659299,0.693324867417411,0.9923665396144793,0.11457282632752579,0.007889831113392544,0.391201429944096,0.36367607949445835,-3.9120450911720344,0.0
roberta,S1,cola@s1__wic@s1,cola@s1,wic@s1,cola,wic,1.0,0.04263691683569992,0.8341323106423778,0.6661442006269592,0.15588235294117647,0.7956624452964642,0.75071907957814,0.5250783699059561,0.10632860040567949,0.8740211455791798,0.7823585810162992,0.5658307210031348,0.07992562542258286,0.92841098330816,0.7871524448705657,0.5971786833855799,0.04263691683569992,0.9291003446806863,0.7708533077660594,0.6598746081504702,0.02665105636,0.01512069545,73.96997948,37.22145315,0,0.4847895338,0.4972137227,1.125430226,29.18146223,25.92916164,72,,,,,,,,,,,,,29.181462234600083,25.929161637812566,0.015120695449673602,0.7006379836933703,0.9853023412841904,0.1487533153592833,0.015422132493054973,0.15940015771694802,0.11816538566241404,-3.624926490881938,0.0
roberta,S1,cola@s1__snli@s1,cola@s1,snli@s1,cola,snli,1.0,0.03880195171133893,0.8341323106423778,0.8942288152814468,0.20169899710978512,0.7989240574554666,0.7325023969319271,0.6424507213980898,0.06478979008393759,0.9284117551944377,0.7727708533077661,0.84413737045316,0.040438847727596317,0.9562279354299728,0.7861936720997124,0.8732981101402154,0.03880195171133893,0.9603215026814348,0.7929050814956855,0.8690306848201585,0.01818411357,0.006155334808,76.6930052,48.0870758,0,0.4934871498,0.4991172214,1.408720043,29.18146223,41.10851073,72,,,,,,,,,,,,,29.181462234600083,41.10851072861576,0.006155334812435071,0.6951250867928611,0.9937699444627544,0.08539656764870392,0.00616619969156694,0.36058843143582997,0.3426815211945488,-4.007206946850871,0.0
roberta,S1,cola@s1__scitail@s1,cola@s1,scitail@s1,cola,scitail,0.7,0.016306605733278023,0.8341323106423778,0.9547546012269938,0.22241379310344833,0.8034566013928319,0.7411313518696069,0.6365030674846626,0.0516687439412824,0.9417042779840334,0.8015340364333653,0.8934049079754601,0.016306605733278023,0.9816274781005071,0.8216682646212847,0.9378834355828221,0.021195125328901776,0.9772032952367087,0.8101629913710451,0.941717791411043,0.01912706984,0.006575618233,76.30468855,54.23451642,0,0.4925441874,0.4982369505,1.237985488,29.18146223,23.57173208,72,,,,,,,,,,,,,29.181462234600083,23.5717320815822,0.006575618213531244,0.7008931243507721,0.9930166530417406,0.06296556984642586,0.006822573105930521,0.2542759225541046,0.21348545206122796,-3.9566506781975446,0.0
roberta,S1,cola@s1__ag_news@s1,cola@s1,ag_news@s1,cola,ag_news,1.0,0.03142934791296992,0.8341323106423778,0.9460526315789474,0.08757373747062491,0.8936876686612696,0.713326941514861,0.9173684210526316,0.04877304046168851,0.9282807511563139,0.7603068072866731,0.9375,0.04133854491391298,0.9430877439992096,0.7708533077660594,0.9396052631578947,0.03142934791296992,0.9592347641366704,0.7871524448705657,0.9398684210526316,0.01553875341,0.001684278662,77.78070718,69.77221155,0,0.4982917911,0.4996845045,1.538831793,29.18146223,44.90536186,72,,,,,,,,,,,,,29.181462234600083,44.905361857393764,0.0016842786508055375,0.6911681675731929,0.998195306675561,0.017777386543164984,0.0016906280880300067,0.450557361966825,0.4310235525871704,-4.164418155407001,0.0
roberta,S1,cola@s1__imdb@s1,cola@s1,imdb@s1,cola,imdb,1.0,0.03459635362553193,0.8341323106423778,0.9127,0.09161254532151042,0.8934315531000614,0.7085330776605945,0.8829,0.057556964368697616,0.9337210429388388,0.7449664429530202,0.9052,0.05013947501980354,0.9448644631837421,0.7555129434324065,0.9072,0.03459635362553193,0.9573067106070887,0.7842761265580057,0.9041,0.0181885988,0.00547769136,76.46034997,48.12313939,0,0.4931901824,0.4986640494,1.173541503,29.18146223,24.86615271,72,,,,,,,,,,,,,29.181462234600083,24.86615271250674,0.005477691350050895,0.7029652874902877,0.9944569069075306,0.07585318720351147,0.00557814146639156,0.2168298525499344,0.1600261025348484,-4.006960320755071,0.0
roberta,S1,cola@s1__trec@s1,cola@s1,trec@s1,cola,trec,1.0,0.022530160539564914,0.8341323106423778,0.968,0.10053196542224763,0.8453930581498981,0.7181208053691275,0.908,0.03459912605680637,0.9317925991038836,0.7746883988494727,0.97,0.02482901111427771,0.9537822461512167,0.7909875359539789,0.97,0.022530160539564914,0.9579386880562576,0.7948226270373921,0.97,0.02060509475,0.004076385356,75.85692816,62.18384199,0,0.4949523245,0.4992912905,1.322748666,29.18146223,22.06122977,72,,,,,,,,,,,,,29.181462234600083,22.0612297663874,0.004076385361424866,0.6990084576834737,0.9957691584865934,0.029367279303877933,0.004109176821860039,0.32132687302309076,0.27971189429658705,-3.882216915803482,0.0
roberta,S1,cola@s1__yelp_polarity@s1,cola@s1,yelp_polarity@s1,cola,yelp_polarity,1.0,0.02654520888478573,0.8341323106423778,0.9562,0.0902520032600308,0.8941096263976003,0.7277085330776606,0.9056,0.0516790600725574,0.9358361361088385,0.7622243528283796,0.9398,0.0401291510697277,0.9508923431203224,0.7746883988494727,0.9476,0.02654520888478573,0.9623882677332365,0.7976989453499521,0.9472,0.0179145358,0.004600764483,76.54068047,50.86737497,0,0.4938556071,0.4991876755,1.380535478,29.18146223,40.28604393,72,,,,,,,,,,,,,29.181462234600083,40.28604392732095,0.004600764481986258,0.6967207885849331,0.9952766258267358,0.04462398415444697,0.004594654483726793,0.33563177729744686,0.3224714514421297,-4.02214283980848,0.0
roberta,S1,sst2@s1__mrpc@s1,sst2@s1,mrpc@s1,sst2,mrpc,1.0,0.040420619623921406,0.9380733944954128,0.8799019607843137,0.06331598913036074,0.9180364277120049,0.9185779816513762,0.7867647058823529,0.0400494445995736,0.9522096777736289,0.9334862385321101,0.8137254901960784,0.03074112414953245,0.9741545310109019,0.930045871559633,0.8333333333333334,0.040420619623921406,0.9766591497597275,0.9197247706422018,0.8259803921568627,0.01752133354,0.003709393791,76.787965,61.90876259,0,0.4948664832,0.4991726875,2.806995538,42.44429019,15.12089692,72,,,,,,,,,,,,,42.44429019389358,15.120896924223086,0.0037093937909833986,0.6380521649741783,0.9944246054054074,0.04835931148055361,0.0037784516912846796,1.0694741049439238,1.0321147077810469,-4.04433608107371,0.0
roberta,S1,sst2@s1__stsb@s1,sst2@s1,stsb@s1,sst2,stsb,1.0,0.02268710262491269,0.9380733944954128,0.9036460053747896,0.06101811242489652,0.9279204733749162,0.9151376146788991,0.8154624926394963,0.02133312968039336,0.9734851874096611,0.930045871559633,0.8728237225655646,0.014931730320114078,0.9813670354277247,0.9346330275229358,0.8799741136147664,0.02268710262491269,0.981535721305371,0.926605504587156,0.8736908032343499,0.01860662304,0.00619296852,76.56557075,63.49792203,0,0.4919982331,0.4987688182,2.320238223,42.44429019,18.29307429,72,,,,,,,,,,,,,42.44429019389358,18.293074292113648,0.006192968537160177,0.6555928950041042,0.9902810846512866,0.07770933874231,0.006714098323331321,0.8901465678854595,0.8416698627343354,-3.984237684224146,0.0
roberta,S1,sst2@s1__mnli@s1,sst2@s1,mnli@s1,sst2,mnli,0.7,0.017624810287905635,0.9380733944954128,0.872542027508915,0.10221599143055193,0.8940892482779275,0.9288990825688074,0.7026999490575649,0.02642051391564626,0.9610919436957173,0.9392201834862385,0.8253693326541008,0.017624810287905635,0.9762839173405211,0.9334862385321101,0.8460519612837494,0.02415667335488636,0.9713303384246781,0.9288990825688074,0.838920020376974,0.01450190041,0.003157245904,77.99219652,67.93246204,0,0.495482834,0.4992557749,2.289769358,42.44429019,97.18763511,72,,,,,,,,,,,,,42.44429019389358,97.18763510264598,0.0031572459006592828,0.6575593258802166,0.9957950279755371,0.02533079392607903,0.0031296369276896984,0.8437450570730075,0.8284510954632799,-4.23347557538496,0.0
roberta,S1,sst2@s1__qnli@s1,sst2@s1,qnli@s1,sst2,qnli,1.0,0.011776058204535755,0.9380733944954128,0.9192751235584844,0.045751991968833394,0.939041910002995,0.9254587155963303,0.8475196778326927,0.021317693590743536,0.9736214061096136,0.9288990825688074,0.8890719384953323,0.006855897620153595,0.9830401598532494,0.9392201834862385,0.9055464030752334,0.011776058204535755,0.9830740865528601,0.9357798165137615,0.8998718652754897,0.01691941234,0.003408086421,77.12965283,64.5204254,0,0.4956582481,0.499017374,1.011043196,42.44429019,41.98068923,72,,,,,,,,,,,,,42.44429019389358,41.98068922963679,0.003408086409735709,0.7058943414286367,0.996520070689294,0.02833906618849789,0.0034614554060302784,0.12640716998365814,0.010982665139451831,-4.079293657085706,0.0
roberta,S1,sst2@s1__wic@s1,sst2@s1,wic@s1,sst2,wic,0.7,0.020703293542355783,0.9380733944954128,0.6661442006269592,0.10469293830001436,0.8914518166798562,0.9094036697247706,0.5470219435736677,0.039526822954120466,0.9562386327349466,0.9323394495412844,0.6175548589341693,0.020703293542355783,0.9808516250850375,0.9323394495412844,0.6426332288401254,0.030726305192003478,0.9761874019464922,0.9311926605504587,0.6300940438871473,0.01922963998,0.004470334024,76.43281868,64.18663825,0,0.4940548575,0.4993588542,1.636932608,42.44429019,25.92916164,72,,,,,,,,,,,,,42.44429019389358,25.929161637812566,0.0044703340300641815,0.6859773797886713,0.9952016718666946,0.03896105476327405,0.004415788674512179,0.5041029315504185,0.49282412955134686,-3.951302441345575,0.0
roberta,S1,sst2@s1__snli@s1,sst2@s1,snli@s1,sst2,snli,0.7,0.01602299027477705,0.9380733944954128,0.8942288152814468,0.15487501559197114,0.8492763914249003,0.9243119266055045,0.630359682991262,0.03252783844023055,0.9707211450212059,0.9311926605504587,0.842613289981711,0.01602299027477705,0.9907266517887334,0.9334862385321101,0.8699451331030278,0.028227996429612157,0.9800935184380102,0.9231651376146789,0.8579557000609632,0.01778604584,0.006278300867,76.86195559,61.33952884,0,0.492077556,0.4987134639,1.032493988,42.44429019,41.10851073,72,,,,,,,,,,,,,42.44429019389358,41.10851072861576,0.0062783008829399925,0.7048085220542316,0.9937514604462943,0.04986359773812107,0.00631324248525703,0.09991419600752649,0.0319772230758078,-4.029341070700015,0.0
roberta,S1,sst2@s1__scitail@s1,sst2@s1,scitail@s1,sst2,scitail,0.7,0.009446588309227177,0.9380733944954128,0.9547546012269938,0.16363056136526544,0.8634043598910898,0.9151376146788991,0.6656441717791411,0.023136556003966913,0.9667343006515481,0.9323394495412844,0.9164110429447853,0.009446588309227177,0.9833481214715067,0.9369266055045872,0.9378834355828221,0.019102817136516737,0.9822999034421567,0.9346330275229358,0.9217791411042945,0.01731344597,0.004996152314,77.02594393,65.64791934,0,0.4941957721,0.4986707546,1.800643671,42.44429019,23.57173208,72,,,,,,,,,,,,,42.44429019389358,23.5717320815822,0.0049961523041141594,0.6784334450981393,0.9934349914785411,0.04403984217519376,0.005327814717876666,0.6109622547620412,0.5881441959802653,-4.056271855660912,0.0
roberta,S1,sst2@s1__ag_news@s1,sst2@s1,ag_news@s1,sst2,ag_news,0.7,0.011009586120358628,0.9380733944954128,0.9460526315789474,0.029386950770392106,0.9673812702144475,0.9139908256880734,0.9147368421052632,0.0153614263222146,0.9831549038229519,0.926605504587156,0.9285526315789474,0.011009586120358628,0.9884308607784928,0.9288990825688074,0.9344736842105263,0.014871068551472355,0.9873865168390084,0.9208715596330275,0.9352631578947368,0.01588061293,0.002043748985,77.68773034,68.26988678,0,0.4974397949,0.499624058,1.057983575,42.44429019,44.90536186,72,,,,,,,,,,,,,42.44429019389358,44.905361857393764,0.0020437489902970017,0.7061062475811924,0.9979527172541601,0.02149102040946278,0.002055321591041011,0.10247931681524204,0.05636480874093095,-4.142656226300963,0.0
roberta,S1,sst2@s1__imdb@s1,sst2@s1,imdb@s1,sst2,imdb,1.0,0.013352400505445727,0.9380733944954128,0.9127,0.014110716397223277,0.9817546359034945,0.926605504587156,0.8981,0.00880839862810645,0.9860326395404055,0.9323394495412844,0.9022,0.00852584676487167,0.9849844215110555,0.9334862385321101,0.9016,0.013352400505445727,0.990225511657806,0.9254587155963303,0.9006,0.02479223756,0.02249594648,74.44410831,61.6690704,0,0.4738477979,0.4947382432,1.70691022,42.44429019,24.86615271,72,,,,,,,,,,,,,42.44429019389358,24.86615271250674,0.02249594648065827,0.677546218745307,0.9753776783620355,0.10328555249858738,0.022623700003091395,0.5448585304905108,0.5346848472328769,-3.697224676419333,0.0
roberta,S1,sst2@s1__trec@s1,sst2@s1,trec@s1,sst2,trec,1.0,0.014187496211279238,0.9380733944954128,0.968,0.03006223605245606,0.9461808974847145,0.9243119266055045,0.924,0.009254581826264374,0.9785574856772714,0.9323394495412844,0.956,0.006387783143728898,0.9858840701496392,0.9357798165137615,0.958,0.014187496211279238,0.9895397031726649,0.9288990825688074,0.95,0.01943057763,0.00484939665,75.91663442,65.03423637,0,0.4948151593,0.4986157241,1.923931288,42.44429019,22.06122977,72,,,,,,,,,,,,,42.44429019389358,22.0612297663874,0.004849396660101075,0.6729120133422629,0.9940986509920872,0.035515904263558,0.004872031683366779,0.6720204262997708,0.6543706385080738,-3.940907287264736,0.0
roberta,S1,sst2@s1__yelp_polarity@s1,sst2@s1,yelp_polarity@s1,sst2,yelp_polarity,0.7,0.007811073682552516,0.9380733944954128,0.9562,0.014772845242655208,0.9786310163913058,0.9288990825688074,0.9373,0.008719825675082005,0.9843842669534331,0.9334862385321101,0.9442,0.007811073682552516,0.9911379411477172,0.9357798165137615,0.9436,0.011857244625092522,0.9843902412530822,0.9334862385321101,0.9382,0.02388308757,0.01735539106,74.51848492,63.25443975,0,0.478026602,0.4957000767,1.053573051,42.44429019,40.28604393,72,,,,,,,,,,,,,42.44429019389358,40.28604392732095,0.017355391060904033,0.7008191525516946,0.9828950676247428,0.07110240606103566,0.01750118299170729,0.09336837677005581,0.052187293101588005,-3.7345847035895123,0.0
roberta,S1,mrpc@s1__stsb@s1,mrpc@s1,stsb@s1,mrpc,stsb,0.5,0.022322699267376844,0.8799019607843137,0.9036460053747896,0.05148831379198682,0.9419332329502001,0.8308823529411765,0.860933983054171,0.022322699267376844,0.9758411801788094,0.8529411764705882,0.8909906870439277,0.036352078483480876,0.9604588589131194,0.8308823529411765,0.8882895802000595,0.051193166922543165,0.9388356645678468,0.8161764705882353,0.8765701183860963,0.03395587166,0.02072262543,70.66523605,39.43872924,0,0.475330718,0.4957039738,1.209787646,15.12089692,18.29307429,72,,,,,,,,,,,,,15.120896924223086,18.293074292113648,0.020722625424296846,0.6968857246832237,0.9797585385604927,0.24448927927842598,0.020958206690393853,0.24508601773612698,0.1904448450333141,-3.382693489710684,0.0
roberta,S1,mrpc@s1__mnli@s1,mrpc@s1,mnli@s1,mrpc,mnli,0.7,0.060064544332107395,0.8799019607843137,0.872542027508915,0.1022262004972555,0.8847563612173623,0.7941176470588235,0.7792154865002547,0.059731154186924984,0.9294235822384833,0.7965686274509803,0.8509424350483953,0.060064544332107395,0.9333277897887909,0.7916666666666666,0.8552215995924605,0.07039004370175594,0.9229356394478629,0.7892156862745098,0.8396332144676516,0.01522019813,0.002676963636,77.83522825,70.94709361,0,0.4969463406,0.4995824555,6.42737237,15.12089692,97.18763511,72,,,,,,,,,,,,,15.120896924223086,97.18763510264598,0.002676963628895024,0.5706915335294296,0.9916452175484524,0.026207780669653496,0.002753545594090591,1.9321240730470683,1.8605658030957242,-4.185131908893512,0.0
roberta,S1,mrpc@s1__qnli@s1,mrpc@s1,qnli@s1,mrpc,qnli,0.7,0.05254540190293622,0.8799019607843137,0.9192751235584844,0.07582292509060418,0.9227955315566273,0.7843137254901961,0.8797364085667215,0.06129464894852621,0.9315025777482122,0.8014705882352942,0.8885227896760022,0.05254540190293622,0.9367652638034258,0.8284313725490197,0.8764415156507414,0.06846865435537675,0.9335131953683685,0.8137254901960784,0.862529745561047,0.02376046609,0.006595746683,74.38608254,48.31438554,0,0.4911877962,0.498982247,2.776335917,15.12089692,41.98068923,72,,,,,,,,,,,,,15.120896924223086,41.98068922963679,0.006595746697970835,0.6385119529693717,0.9889081683322931,0.08213806260949436,0.007096138190103268,1.055415083163701,1.0211320428885748,-3.739732168097604,0.0
roberta,S1,mrpc@s1__wic@s1,mrpc@s1,wic@s1,mrpc,wic,0.7,0.05914468294281494,0.8799019607843137,0.6661442006269592,0.15926593478617068,0.8397227640333362,0.7549019607843137,0.54858934169279,0.09273472062919874,0.9215628830690237,0.7622549019607843,0.6316614420062696,0.05914468294281494,0.9271430664024856,0.7696078431372549,0.670846394984326,0.10966409962313617,0.8960349705880085,0.7303921568627451,0.6332288401253918,0.02884815691,0.0177448093,72.54747623,38.68358508,0,0.4801153484,0.4964724881,1.714789921,15.12089692,25.92916164,72,,,,,,,,,,,,,15.120896924223086,25.929161637812566,0.017744809304479886,0.678581985813645,0.9780823155252536,0.1506238643796076,0.01947868838123132,0.5636940938164526,0.5392905780710409,-3.54570917333741,0.0
roberta,S1,mrpc@s1__snli@s1,mrpc@s1,snli@s1,mrpc,snli,0.7,0.04797172643397385,0.8799019607843137,0.8942288152814468,0.14953051992382482,0.8559572539068577,0.7941176470588235,0.7139808981914245,0.03839285799062453,0.9546707939249905,0.8333333333333334,0.8728916886811624,0.04797172643397385,0.9674341346437557,0.8161764705882353,0.8731965047754522,0.08258399352567869,0.923923568826682,0.7769607843137255,0.8511481406218249,0.02152280772,0.008204506583,75.08830169,48.33785463,0,0.4896404596,0.4985713605,2.718655575,15.12089692,41.10851073,72,,,,,,,,,,,,,15.120896924223086,41.10851072861576,0.00820450659047833,0.640170169127631,0.9872431489276469,0.09541180307466246,0.008738381153918322,1.0332202450287529,1.0001374842172381,-3.8386420819388345,0.0
roberta,S1,mrpc@s1__scitail@s1,mrpc@s1,scitail@s1,mrpc,scitail,0.7,0.031145193587721387,0.8799019607843137,0.9547546012269938,0.13359622333344523,0.8857532400407693,0.7769607843137255,0.8113496932515337,0.042851070018234516,0.9664704688941594,0.8186274509803921,0.9394171779141104,0.031145193587721387,0.9711155739328274,0.8455882352941176,0.9325153374233128,0.04038214137888607,0.9495330138779532,0.8455882352941176,0.9148773006134969,0.02798896114,0.01586213406,73.16859184,49.47577783,0,0.4800760605,0.4964289547,1.558884516,15.12089692,23.57173208,72,,,,,,,,,,,,,15.120896924223086,23.5717320815822,0.015862134053005558,0.6858948855633414,0.9822531554617898,0.09631086951927365,0.01641695793834387,0.46885250149451946,0.4439705116423555,-3.575945091541925,0.0
roberta,S1,mrpc@s1__ag_news@s1,mrpc@s1,ag_news@s1,mrpc,ag_news,1.0,0.027294950817639663,0.8799019607843137,0.9460526315789474,0.08702895153823209,0.912457450954119,0.75,0.9210526315789473,0.07833632288732806,0.9451899448414391,0.75,0.9375,0.050135401613971675,0.9617995926109411,0.7965686274509803,0.9407894736842105,0.027294950817639663,0.9656036524875442,0.8357843137254902,0.9418421052631579,0.01792857456,0.0006795208421,76.84780894,68.85739074,0,0.4994534594,0.4999146403,2.969755173,15.12089692,44.90536186,72,,,,,,,,,,,,,15.120896924223086,44.905361857393764,0.0006795208493701457,0.6332876299843206,0.9983547353342742,0.021296261597099277,0.0008568016336211161,1.1339312609924483,1.0884795160834608,-4.021359494804273,0.0
roberta,S1,mrpc@s1__imdb@s1,mrpc@s1,imdb@s1,mrpc,imdb,1.0,0.02588496648805627,0.8799019607843137,0.9127,0.07160364439526057,0.9244290225689643,0.7696078431372549,0.8964,0.03376327178871463,0.955476302265901,0.8259803921568627,0.907,0.022292515426847292,0.9711034930762353,0.8455882352941176,0.9076,0.02588496648805627,0.9788479473112124,0.8480392156862745,0.8985,0.02073325683,0.00933496515,75.44421637,52.88156858,0,0.4889604281,0.4979730299,1.644489268,15.12089692,24.86615271,72,,,,,,,,,,,,,15.120896924223086,24.86615271250674,0.009334965148042473,0.6841695657483162,0.9887612326873714,0.10696825887228109,0.010028261115009365,0.5266124516679762,0.4974298606299369,-3.876016257783303,0.0
roberta,S1,mrpc@s1__trec@s1,mrpc@s1,trec@s1,mrpc,trec,1.0,0.013881535026128544,0.8799019607843137,0.968,0.11500034531181647,0.853588189403127,0.7720588235294118,0.864,0.026462395543175532,0.9583508522071351,0.8333333333333334,0.968,0.02192442275374662,0.9735855889136515,0.8431372549019608,0.966,0.013881535026128544,0.979646916718717,0.8627450980392157,0.96,0.01823968711,0.004340748019,76.41768088,56.00236897,0,0.4949155784,0.4995807306,1.458989495,15.12089692,22.06122977,72,,,,,,,,,,,,,15.120896924223086,22.0612297663874,0.004340748010073074,0.6936986127262205,0.9945041623941647,0.05282566341811552,0.004795220390442135,0.4351698149217208,0.37774406937764726,-4.004155448540102,0.0
roberta,S1,mrpc@s1__yelp_polarity@s1,mrpc@s1,yelp_polarity@s1,mrpc,yelp_polarity,1.0,0.031839121779047685,0.8799019607843137,0.9562,0.07503369011156624,0.9226923703306049,0.7720588235294118,0.9299,0.038460182745186255,0.9549819949694488,0.8161764705882353,0.9519,0.014626431574844556,0.9752266462388486,0.8578431372549019,0.9522,0.031839121779047685,0.9783155494701032,0.8455882352941176,0.9326,0.02054039159,0.005445034642,75.76964777,55.38421808,0,0.49348728,0.4991988547,2.66426285,15.12089692,40.28604393,72,,,,,,,,,,,,,15.120896924223086,40.28604392732095,0.0054450346482707995,0.6426628516093496,0.9918185867895595,0.0685118972712297,0.005508842673303027,1.0154870327185497,0.9799274152282507,-3.885362009911751,0.0
roberta,S1,stsb@s1__mnli@s1,stsb@s1,mnli@s1,stsb,mnli,0.7,0.03276457438672453,0.9036460053747896,0.872542027508915,0.0815869299573887,0.936174745494676,0.831850155179782,0.7994905756495161,0.03660655958703285,0.9688629572510892,0.8575354575801607,0.8531839021905248,0.03276457438672453,0.9706897771533439,0.8597307900540858,0.8577687213448802,0.07321728732763866,0.9331339616350746,0.8066691200308697,0.83841059602649,0.01625309463,0.003757579961,77.28008488,67.40181428,0,0.4949715939,0.4992488991,5.312810387,18.29307429,97.18763511,72,,,,,,,,,,,,,18.293074292113648,97.18763510264598,0.0037575799627635816,0.5834611576974639,0.9938862316206267,0.02399404852366629,0.003063352254904662,1.7898528372597284,1.6701209583320507,-4.119471949568321,0.0
roberta,S1,stsb@s1__qnli@s1,stsb@s1,qnli@s1,stsb,qnli,0.5,0.026891275833273998,0.9036460053747896,0.9192751235584844,0.04662396967158444,0.9464970022045531,0.8719246205223964,0.8658246384770273,0.026891275833273998,0.9733588856522695,0.8903133627336847,0.8833974006955885,0.031869115032175155,0.9693213932664912,0.8861752655755681,0.8784550613216182,0.042897523911670676,0.9564421173191798,0.8676832101258143,0.8769906644700713,0.02663075444,0.01108447718,73.81490361,44.8032249,0,0.4853289295,0.4973542602,2.294895246,18.29307429,41.98068923,72,,,,,,,,,,,,,18.293074292113648,41.98068922963679,0.011084477177142348,0.6554532989943485,0.984447463788586,0.09176324373260217,0.011517756575911793,0.8794942301665297,0.8306871980263246,-3.625688549103221,0.0
roberta,S1,stsb@s1__wic@s1,stsb@s1,wic@s1,stsb,wic,0.5,0.001978806092977403,0.9036460053747896,0.6661442006269592,0.0762954723829784,0.9220823378038445,0.8593117470606458,0.5971786833855799,0.001978806092977403,0.9694317143868659,0.8873123695621319,0.6755485893416928,0.007581149679329879,0.9433018401577903,0.8750610728620436,0.677115987460815,0.06937165596705963,0.8787529869814596,0.8144170059880459,0.6394984326018809,0.02919770145,0.01077115991,72.43667061,43.5692395,0,0.4865255269,0.4978612087,1.417430511,18.29307429,25.92916164,72,,,,,,,,,,,,,18.293074292113648,25.929161637812566,0.01077115990356392,0.6932863389720754,0.9875016527092645,0.12033578208649179,0.011732613645010135,0.3743995966099353,0.3488457331959195,-3.5336652902720367,0.0
roberta,S1,stsb@s1__snli@s1,stsb@s1,snli@s1,stsb,snli,0.5,0.03132255726149902,0.9036460053747896,0.8942288152814468,0.06303544026615526,0.939530142083141,0.8498903295351712,0.8346880715301768,0.03132255726149902,0.9684858312707649,0.8684961519672503,0.8729932940459256,0.03312903337605633,0.9632040002196309,0.8634858406848532,0.874720585246901,0.05634856017578049,0.9392108858373933,0.8382574620869406,0.8581589107904898,0.02445043343,0.0145711457,74.16966532,44.31521268,0,0.481597052,0.4972657274,2.247217175,18.29307429,41.10851073,72,,,,,,,,,,,,,18.293074292113648,41.10851072861576,0.014571145716737406,0.6565476852038736,0.9804786521167945,0.12778426774068802,0.015041652417834712,0.8581714366781577,0.809692639623119,-3.711107336020017,0.0
roberta,S1,stsb@s1__scitail@s1,stsb@s1,scitail@s1,stsb,scitail,0.5,0.019202562420300495,0.9036460053747896,0.9547546012269938,0.1267734733735797,0.9005900651579744,0.828403177715082,0.7921779141104295,0.019202562420300495,0.9851943135768242,0.8820061292501512,0.9409509202453987,0.01804123862181095,0.978726769475391,0.8870082608116083,0.9378834355828221,0.05350130113255658,0.9363692126582635,0.8512285564361541,0.9079754601226994,0.03233966189,0.01920036109,71.8617117,54.62369841,0,0.4775251313,0.4953402649,1.288560452,18.29307429,23.57173208,72,,,,,,,,,,,,,18.293074292113648,23.5717320815822,0.019200361076562467,0.6951174473185108,0.9801908837969672,0.10341088699283914,0.019565129173052753,0.2663693313650833,0.2535256665793895,-3.4314608797424975,0.0
roberta,S1,stsb@s1__ag_news@s1,stsb@s1,ag_news@s1,stsb,ag_news,0.7,0.01985044144509851,0.9036460053747896,0.9460526315789474,0.057512553595545635,0.9452535745370285,0.8213211495427047,0.9234210526315789,0.02851606981025201,0.9726923082928127,0.8632947444677362,0.9343421052631579,0.01985044144509851,0.9845163208933427,0.8787047034871922,0.9346052631578947,0.022282581443994087,0.9804632728034086,0.8780795446933297,0.9306578947368421,0.01720547242,0.002013828522,76.85385564,67.23378818,0,0.4977330158,0.4995489297,2.454773929,18.29307429,44.90536186,72,,,,,,,,,,,,,18.293074292113648,44.905361857393764,0.0020138285273956177,0.6512276511415211,0.9969168471868668,0.02555426341591555,0.00208935700382419,0.9607262366121904,0.8980346710592659,-4.062527781812658,0.0
roberta,S1,stsb@s1__imdb@s1,stsb@s1,imdb@s1,stsb,imdb,0.7,0.009055496158890897,0.9036460053747896,0.9127,0.04772423886301391,0.9555519941505946,0.8316515215909221,0.8983,0.013833908123105587,0.9894635242720048,0.8829014376963986,0.9084,0.009055496158890897,0.9923143615662668,0.8907453594727073,0.9092,0.01545839406298577,0.9892398798574946,0.886500045158844,0.9018,0.02009495383,0.007216225141,75.55931658,45.34167408,0,0.4911552349,0.4983492192,1.3593206,18.29307429,24.86615271,72,,,,,,,,,,,,,18.293074292113648,24.86615271250674,0.007216225137382727,0.6966506286401489,0.9912296372219163,0.13474894537639978,0.008157092164346421,0.3311853757782839,0.3069850161033501,-3.907286548670076,0.0
roberta,S1,stsb@s1__trec@s1,stsb@s1,trec@s1,stsb,trec,0.7,0.014721956776249545,0.9036460053747896,0.968,0.12528489749188987,0.8412149195392358,0.8284496243663112,0.806,0.017836394978977377,0.9640827584510597,0.8732774684298975,0.966,0.014721956776249545,0.9775121363307708,0.8807732049128484,0.964,0.017023525657529737,0.9753307183660593,0.8822147094650836,0.958,0.01910873489,0.00369653163,76.38055129,67.10021998,0,0.4951817432,0.4991953932,1.205988092,18.29307429,22.06122977,72,,,,,,,,,,,,,18.293074292113648,22.0612297663874,0.0036965316202092597,0.7027687919286292,0.9954825730314647,0.0435073549331992,0.004069585506571097,0.28934804039744033,0.18729922429272997,-3.9576097243865704,0.0
roberta,S1,stsb@s1__yelp_polarity@s1,stsb@s1,yelp_polarity@s1,stsb,yelp_polarity,0.7,0.010555652357738143,0.9036460053747896,0.9562,0.053146852312813686,0.9425802634931799,0.8384968892982225,0.9235,0.016587901239701663,0.9832483782513723,0.8848182806545394,0.9444,0.010555652357738143,0.9886807188043147,0.8926016881542647,0.9477,0.011719938285490672,0.9861066525522504,0.8892689331882182,0.949,0.01860181849,0.005736406516,76.34842738,53.87995403,0,0.4923167637,0.4984978511,2.202256618,18.29307429,40.28604393,72,,,,,,,,,,,,,18.293074292113648,40.28604392732095,0.005736406512087908,0.6605638425030539,0.991782001470022,0.06738473397137443,0.006036781447837313,0.8336312272967061,0.7894825701116645,-3.9844959347624185,0.0
roberta,S1,mnli@s1__qnli@s1,mnli@s1,qnli@s1,mnli,qnli,0.7,0.017794334540353174,0.872542027508915,0.9192751235584844,0.09202542442398709,0.8970446428571428,0.7713703515028019,0.85667215815486,0.0305135219141337,0.9608125,0.8401426388181356,0.8973091707852828,0.017794334540353174,0.9733571428571428,0.853998981151299,0.9060955518945635,0.029221727993279822,0.9632321428571429,0.8448293428425879,0.894746476295076,0.01574122234,0.004137153588,77.47051691,61.79007468,0,0.4943889477,0.4990286709,2.315055729,97.18763511,41.98068923,72,,,,,,,,,,,,,97.18763510264598,41.98068922963679,0.00413715359809276,0.6562915955476226,0.9944053449610234,0.016674176981242753,0.004104310506227681,0.8679454631215097,0.8394337602506071,-4.151472380812442,0.0
roberta,S1,mnli@s1__wic@s1,mnli@s1,wic@s1,mnli,wic,0.5,0.03246778580652254,0.872542027508915,0.6661442006269592,0.10153103277742681,0.884968779564806,0.7774834437086092,0.603448275862069,0.03246778580652254,0.9342781456953642,0.8446255731023943,0.6442006269592476,0.024451603154106105,0.929123935666982,0.854508405501783,0.6473354231974922,0.052225458142154624,0.9168249763481552,0.8429954151808456,0.6191222570532915,0.01516232947,0.002808656385,77.65342698,69.01912744,0,0.4965956005,0.4993711283,3.748198128,97.18763511,25.92916164,72,,,,,,,,,,,,,97.18763510264598,25.929161637812566,0.002808656383102428,0.611563526823513,0.9951717683075889,0.016394541488218187,0.0025823255968233975,1.3663726782867878,1.3212752253055864,-4.188941251601266,0.0
roberta,S1,mnli@s1__snli@s1,mnli@s1,snli@s1,mnli,snli,0.5,0.013613526412888488,0.872542027508915,0.8942288152814468,0.037879868381480386,0.9627834101382489,0.829240957717779,0.8708595813858971,0.013613526412888488,0.9810967741935483,0.8591951095262353,0.8835602519813046,0.016990573552186028,0.9793410138248848,0.8575649516046867,0.8791912212964844,0.039999621078259384,0.9609769585253456,0.8354559347936832,0.8606990449095713,0.02354461354,0.01622627136,74.13930161,57.97334983,0,0.4783445115,0.4961174034,2.364173097,97.18763511,41.10851073,72,,,,,,,,,,,,,97.18763510264598,41.10851072861576,0.016226271350248317,0.6515000446861386,0.9780336511029964,0.06908260642114002,0.016296131288967855,0.8760490741451723,0.8604283189444644,-3.7488582090972646,0.0
roberta,S1,mnli@s1__scitail@s1,mnli@s1,scitail@s1,mnli,scitail,0.5,0.026909506311092124,0.872542027508915,0.9547546012269938,0.09116508068706397,0.9205281564908121,0.8031584309730005,0.8565950920245399,0.026909506311092124,0.9626816834617664,0.8550178298522669,0.9225460122699386,0.03487790489374598,0.9598950800237107,0.8614365766683647,0.9003067484662577,0.05891243629351606,0.94371072910492,0.8503311258278146,0.8665644171779141,0.01665238022,0.005642019172,76.94352195,69.41028675,0,0.4929399495,0.4987296175,4.123058703,97.18763511,23.57173208,72,,,,,,,,,,,,,97.18763510264598,23.5717320815822,0.005642019161460127,0.6029859622843272,0.9884304408018488,0.025122320406008272,0.005443163974044061,1.4934447817722496,1.416595291556948,-4.095202116616786,0.0
roberta,S1,mnli@s1__ag_news@s1,mnli@s1,ag_news@s1,mnli,ag_news,0.7,0.02048358461431532,0.872542027508915,0.9460526315789474,0.10676953173974701,0.8991980690903605,0.711462047885889,0.9186842105263158,0.03204880019800194,0.9668070598883693,0.8311767702496179,0.9302631578947368,0.02048358461431532,0.9787201689545935,0.8525725929699439,0.9289473684210526,0.02590442314725616,0.9755088248604616,0.850636780438105,0.9207894736842105,0.01239086261,0.0006717676449,78.98715888,71.03720509,0,0.4988921071,0.499724082,2.16427685,97.18763511,44.90536186,72,,,,,,,,,,,,,97.18763510264598,44.905361857393764,0.000671767637326256,0.6634417306412574,0.9989031297387059,0.007913474356921604,0.0007543132007601868,0.7906220988820603,0.7720862871821064,-4.390795964295622,0.0
roberta,S1,trec@s1__yelp_polarity@s1,trec@s1,yelp_polarity@s1,trec,yelp_polarity,1.0,0.009740043664574483,0.968,0.9562,0.04136941854897391,0.9395972827674235,0.92,0.9245,0.011465624087080295,0.97763691628717,0.962,0.9402,0.007360186067094099,0.9854392246368189,0.966,0.9441,0.009740043664574483,0.9880450420240787,0.962,0.9435,0.0174058934,0.00303542837,77.16949146,63.1367894,0,0.4966366225,0.498867653,1.826101462,22.06122977,40.28604393,72,,,,,,,,,,,,,22.0612297663874,40.28604392732095,0.003035428369561603,0.6778385378444501,0.996590016663675,0.029004658629676463,0.0029650062118038063,0.6238428809828942,0.6021833457988599,-4.050946428958515,0.0
roberta,S1,mnli@s1__imdb@s1,mnli@s1,imdb@s1,mnli,imdb,0.7,0.02390713619383178,0.872542027508915,0.9127,0.0964753196972894,0.9005682715074981,0.7252165053489557,0.8907,0.02451521953407787,0.9672738752959747,0.8469689251146205,0.8947,0.02390713619383178,0.9692344119968429,0.8579724910850739,0.8843,0.04011819282492879,0.9553843725335438,0.8488028527763627,0.8643,0.01504113927,0.002878300461,77.94495252,67.65435735,0,0.4963624824,0.4994579127,3.908430718,97.18763511,24.86615271,72,,,,,,,,,,,,,97.18763510264598,24.86615271250674,0.002878300468648964,0.6079125606561345,0.9931368343666,0.018459259871789344,0.00307859118366416,1.4078467086549369,1.3631359425393066,-4.196966213994173,0.0
roberta,S1,mnli@s1__trec@s1,mnli@s1,trec@s1,mnli,trec,0.7,0.012359540803131397,0.872542027508915,0.968,0.13318291830881535,0.8532209961228749,0.7158430973000509,0.884,0.033387406826963506,0.9556719355800776,0.8268976057055527,0.954,0.012359540803131397,0.9755502535043244,0.8527763627101376,0.966,0.013801286183563022,0.9754512376975842,0.85206316861946,0.964,0.01261568773,0.001661751163,79.03255859,70.65578221,0,0.4979065331,0.4996418953,4.405358909,97.18763511,22.06122977,72,,,,,,,,,,,,,97.18763510264598,22.0612297663874,0.00166175116475472,0.5980634056056929,0.9963603699781265,0.016181349625676453,0.0016292645487788575,1.5213599850004176,1.482821733708067,-4.37281418153008,0.0
roberta,S1,imdb@s1__yelp_polarity@s1,imdb@s1,yelp_polarity@s1,imdb,yelp_polarity,0.5,0.0029058737419014324,0.9127,0.9562,0.010311298510110367,0.9857355509117454,0.906,0.9435,0.0029058737419014324,0.995786219334154,0.9115,0.9519,0.0032918435334416962,0.9941974637162567,0.9107,0.952,0.01413605982575894,0.9845962270632354,0.9015,0.9409,0.03314884607,0.0386560427,71.66557705,53.50775367,0,0.4557806145,0.4908030708,1.620115681,24.86615271,40.28604393,72,,,,,,,,,,,,,24.86615271250674,40.28604392732095,0.038656042703439794,0.6765083132065699,0.9602208485282578,0.15032030592613577,0.038550488279752736,0.49324365338702947,0.4824975547195524,-3.406747372307558,0.0
roberta,S1,mnli@s1__yelp_polarity@s1,mnli@s1,yelp_polarity@s1,mnli,yelp_polarity,0.5,0.03993100755647572,0.872542027508915,0.9562,0.09836196738979541,0.9029844559585493,0.7500764136525726,0.9023,0.03993100755647572,0.9621317542561065,0.8396332144676516,0.9159,0.02930002732480408,0.9593960029607698,0.8600101884870097,0.9139,0.04405256395464652,0.9465877128053294,0.8555272542027509,0.8906,0.01557068464,0.002875196784,77.68435034,68.13276328,0,0.4962886753,0.499411477,2.412439287,97.18763511,40.28604393,72,,,,,,,,,,,,,97.18763510264598,40.28604392732095,0.0028751967722753717,0.6526883271701822,0.9958557222862795,0.01268463039787,0.0029076025895111743,0.9009925746801556,0.880638387903972,-4.162365322362432,0.0
roberta,S1,qnli@s1__wic@s1,qnli@s1,wic@s1,qnli,wic,0.5,0.08739967671656479,0.9192751235584844,0.6661442006269592,0.1255180734181367,0.8949880262535478,0.833424858136555,0.5611285266457681,0.08739967671656479,0.9361215409176915,0.842943437671609,0.6050156739811913,0.09614472790310868,0.9112922776726584,0.8052352187442797,0.6206896551724138,0.1360608616206339,0.8642827578051087,0.7210323997803405,0.6285266457680251,0.02198303015,0.007636240985,75.24811782,48.49844118,0,0.4898666004,0.4984563486,1.619053088,41.98068923,25.92916164,72,,,,,,,,,,,,,41.98068922963679,25.929161637812566,0.007636240994765827,0.6858077817072086,0.9917410649933815,0.054629669208771436,0.007580558251374458,0.5034797853086721,0.48184146476938633,-3.8174844800907457,0.0
roberta,S1,qnli@s1__snli@s1,qnli@s1,snli@s1,qnli,snli,0.7,0.014181030349769697,0.9192751235584844,0.8942288152814468,0.08898259316772372,0.9117583525345623,0.862529745561047,0.7902865271286323,0.026973284370720885,0.9744023617511521,0.8984074684239429,0.8662873399715505,0.014181030349769697,0.984573012672811,0.9108548416620904,0.877057508636456,0.024224906830805804,0.9783446140552995,0.9077429983525536,0.8621215200162569,0.0199658984,0.008040269591,75.7644449,49.79286936,0,0.4900974731,0.4986596461,1.021216495,41.98068923,41.10851073,72,,,,,,,,,,,,,41.98068922963679,41.10851072861576,0.008040269587856228,0.7042429659335065,0.992050581974648,0.07302265084079103,0.008110915443292234,0.10279066544791825,0.020994558820349514,-3.913729540731557,0.0
roberta,S1,imdb@s1__trec@s1,imdb@s1,trec@s1,imdb,trec,0.7,0.011676598449609554,0.9127,0.968,0.038614314806581396,0.9448315436164201,0.8969,0.91,0.009555700233708553,0.9862466695117591,0.9028,0.96,0.011676598449609554,0.9884566142631402,0.9027,0.956,0.011582653230312046,0.9838838971614436,0.8991,0.96,0.01749499069,0.003416850885,76.56102283,66.6860038,0,0.4956681413,0.4994348538,1.127142638,24.86615271,22.06122977,72,,,,,,,,,,,,,24.86615271250674,22.0612297663874,0.0034168508875022604,0.7046527733016182,0.996443634184854,0.02854356216740618,0.003499624312069379,0.2148985787449429,0.11968579137913003,-4.045840685314671,0.0
roberta,S1,qnli@s1__scitail@s1,qnli@s1,scitail@s1,qnli,scitail,0.7,0.02205476625738323,0.9192751235584844,0.9547546012269938,0.10519497344215578,0.905550718731476,0.8698517298187809,0.8052147239263804,0.025731840144328832,0.9778221324836989,0.9037159070108,0.9217791411042945,0.02205476625738323,0.9784982587433314,0.9119531393007505,0.9202453987730062,0.03167316818048782,0.9614677497036159,0.9075599487461102,0.906441717791411,0.02359340819,0.01286624782,74.96082098,49.69748399,0,0.4848492573,0.4973649154,1.780976005,41.98068923,23.57173208,72,,,,,,,,,,,,,41.98068922963679,23.5717320815822,0.012866247808732568,0.6770631417644991,0.9851197612101611,0.11259680335170763,0.013094892098020382,0.6014420031366338,0.5771615314486583,-3.746787919949039,0.0
roberta,S1,qnli@s1__ag_news@s1,qnli@s1,ag_news@s1,qnli,ag_news,0.7,0.016692173352409356,0.9192751235584844,0.9460526315789474,0.07119126469403891,0.9245408432644442,0.818048691195314,0.9155263157894736,0.03027059242531749,0.9625043605747473,0.8771737140765148,0.9321052631578948,0.016692173352409356,0.9896377423065319,0.900604063701263,0.9336842105263158,0.015568494451949633,0.9886118287071957,0.9015193117334798,0.9348684210526316,0.01587783168,0.001357331523,77.55018098,69.12823326,0,0.4984618821,0.4997003755,1.069667094,41.98068923,44.90536186,72,,,,,,,,,,,,,41.98068922963679,44.905361857393764,0.0013573315273753273,0.7062284763268502,0.9986474254193877,0.012762615275001579,0.001364351749124029,0.16014375037936335,0.06734747296093256,-4.142831376566743,0.0
roberta,S1,ag_news@s1__yelp_polarity@s1,ag_news@s1,yelp_polarity@s1,ag_news,yelp_polarity,0.7,0.007710952515738723,0.9460526315789474,0.9562,0.032992018417827396,0.9629563771057772,0.9181578947368421,0.9213,0.012689325124747741,0.9827439801719091,0.9334210526315789,0.9447,0.007710952515738723,0.9900766532983898,0.9382894736842106,0.9493,0.009889895067372367,0.986430013514179,0.9384210526315789,0.945,0.01617325064,0.002505314412,77.54921433,71.56971482,0,0.4968068177,0.4995105296,1.114662982,44.90536186,40.28604393,72,,,,,,,,,,,,,44.905361857393764,40.28604392732095,0.0025053144056814167,0.7051919420593092,0.9974313597946847,0.01987048271684367,0.0025446892404490185,0.149312894056606,0.10855210092687237,-4.124396596530585,0.0
roberta,S1,ag_news@s1__trec@s1,ag_news@s1,trec@s1,ag_news,trec,1.0,0.018457683421648552,0.9460526315789474,0.968,0.052439683214749566,0.9215300266967659,0.9132894736842105,0.9,0.021457143185553917,0.9669795618732269,0.925,0.948,0.015665984666490385,0.9800700156300636,0.9261842105263158,0.958,0.018457683421648552,0.9821273861198864,0.9189473684210526,0.96,0.01704726644,0.00403216668,77.14284977,69.47003336,0,0.4947868067,0.4991300783,2.035487701,44.90536186,22.06122977,72,,,,,,,,,,,,,44.905361857393764,22.0612297663874,0.004032166681631394,0.6681737522927498,0.9950294062378927,0.04043035643090858,0.004015440914987207,0.7278469372743323,0.7107354466925806,-4.071765414205921,0.0
roberta,S1,qnli@s1__imdb@s1,qnli@s1,imdb@s1,qnli,imdb,0.7,0.012467123401418534,0.9192751235584844,0.9127,0.053190297085286664,0.9337269386345699,0.8400146439685154,0.8943,0.022602902875425324,0.9766124457379637,0.8877905912502289,0.9027,0.012467123401418534,0.9888670333464877,0.90481420464946,0.9043,0.02042535796369105,0.9872373224151538,0.9040820062236866,0.8905,0.01748478622,0.004465477584,76.98255414,55.30337608,0,0.4949179966,0.4986031673,1.688266364,41.98068923,24.86615271,72,,,,,,,,,,,,,41.98068922963679,24.86615271250674,0.00446547759947941,0.6836747036743618,0.9945599404407992,0.04951665422730416,0.004687599142353105,0.5420711937599159,0.5237021823030783,-4.046424135021382,0.0
roberta,S1,qnli@s1__trec@s1,qnli@s1,trec@s1,qnli,trec,0.7,0.01568141499715303,0.9192751235584844,0.968,0.07873209119543434,0.8864274996271995,0.8390993959362988,0.9,0.018007955080291405,0.9508602371011035,0.880468606992495,0.974,0.01568141499715303,0.9694361858783178,0.8980413692110562,0.96,0.03747519180070502,0.9578292760214733,0.8978583196046128,0.918,0.01950220539,0.005117800721,76.19230358,65.31754609,0,0.4936663274,0.498964192,1.902917003,41.98068923,22.06122977,72,,,,,,,,,,,,,41.98068922963679,22.0612297663874,0.005117800715753054,0.6737812641790766,0.993690636994963,0.03532944202534717,0.005183500715969771,0.6787862532642934,0.6433879735951693,-3.9372277228843338,0.0
roberta,S1,ag_news@s1__imdb@s1,ag_news@s1,imdb@s1,ag_news,imdb,1.0,0.011188631203662425,0.9460526315789474,0.9127,0.02273019436896717,0.9729882676903511,0.9211842105263158,0.8952,0.009515882585911406,0.9833139836762793,0.9378947368421052,0.9032,0.007065184181248352,0.9945486473714609,0.9411842105263157,0.9045,0.011188631203662425,0.9961080936017781,0.9410526315789474,0.8971,0.01680489107,0.004350483174,77.15331692,66.39852621,0,0.494788908,0.4991416342,1.805882976,44.90536186,24.86615271,72,,,,,,,,,,,,,44.905361857393764,24.86615271250674,0.0043504831770576225,0.6783810030286387,0.9952707698109459,0.01768409106899103,0.004198157633628958,0.6092769572806029,0.5910496555531625,-4.0860852998254815,0.0
roberta,S1,qnli@s1__yelp_polarity@s1,qnli@s1,yelp_polarity@s1,qnli,yelp_polarity,0.7,0.010363186751354059,0.9192751235584844,0.9562,0.05007448506637724,0.9376208595484826,0.8498993227164562,0.9326,0.020065862058021855,0.9808278589933382,0.8901702361339923,0.9481,0.010363186751354059,0.9891185927091044,0.9062786015010068,0.9499,0.012694072872917017,0.9844952812731309,0.9073768991396669,0.9443,0.01803147031,0.0035319171,76.81702115,55.46790012,0,0.4962277619,0.4991000434,1.042065319,41.98068923,40.28604393,72,,,,,,,,,,,,,41.98068922963679,40.28604392732095,0.0035319171109199957,0.7057126982042761,0.9963875077859419,0.031697234399788235,0.0035986715987483195,0.1418704416171419,0.04120462754690093,-4.015636697116171,0.0
roberta,S1,scitail@s1__yelp_polarity@s1,scitail@s1,yelp_polarity@s1,scitail,yelp_polarity,0.7,0.011696734648277252,0.9547546012269938,0.9562,0.15326879574352636,0.877611635456754,0.6863496932515337,0.9319,0.0191326695613242,0.9740712273987917,0.9233128834355828,0.9511,0.011696734648277252,0.9911825726141079,0.9348159509202454,0.9538,0.01401636665885464,0.9865172102422979,0.933282208588957,0.9509,0.01985151961,0.006390146677,76.01112318,62.35568,0,0.4925157665,0.4983081876,1.709082887,23.57173208,40.28604393,72,,,,,,,,,,,,,23.5717320815822,40.28604392732095,0.006390146684445473,0.6821651732971414,0.9920677163645042,0.03834744758784228,0.006673301615384145,0.557701919276526,0.5359569032499215,-3.9194747201191467,0.0
roberta,S1,scitail@s1__trec@s1,scitail@s1,trec@s1,scitail,trec,0.7,0.004187825682896884,0.9547546012269938,0.968,0.16702263599853961,0.8289215516419928,0.700920245398773,0.902,0.01623601845398126,0.9651677509333935,0.9217791411042945,0.97,0.004187825682896884,0.979194639593205,0.9447852760736196,0.97,0.008951508513392437,0.9791913911243166,0.9455521472392638,0.96,0.0182980005,0.003867947226,76.2989688,68.87649702,0,0.4956377498,0.4995924867,1.068468636,23.57173208,22.06122977,72,,,,,,,,,,,,,23.5717320815822,22.0612297663874,0.003867947231555405,0.7053598658254667,0.9961615144649739,0.05080380000798371,0.0039168858842767666,0.23202286289022847,0.06622644204723141,-4.000963487399403,0.0
roberta,S1,wic@s1__snli@s1,wic@s1,snli@s1,wic,snli,0.5,0.06254476429817468,0.6661442006269592,0.8942288152814468,0.16336405622355754,0.8511780144657735,0.5454545454545454,0.7640723430197114,0.06254476429817468,0.9360164189580982,0.6065830721003135,0.8623247307457834,0.03733466116818274,0.9311494796594135,0.6347962382445141,0.8695387116439748,0.03748384207676936,0.9268272957548753,0.6489028213166145,0.8503352977037187,0.02182435699,0.01093302428,75.12863937,51.14444734,0,0.4871317672,0.4982638418,1.585416116,25.92916164,41.10851073,72,,,,,,,,,,,,,25.929161637812566,41.10851072861576,0.010933024276340674,0.6862711374795103,0.9890642095544737,0.10205553224664082,0.010633021601096705,0.4731207806464283,0.4608469066272316,-3.824728639775252,0.0
roberta,S1,wic@s1__scitail@s1,wic@s1,scitail@s1,wic,scitail,0.5,0.013106543822348216,0.6661442006269592,0.9547546012269938,0.12425702811244976,0.8971394025995438,0.5862068965517241,0.8320552147239264,0.013106543822348216,0.9484934461817482,0.6802507836990596,0.9095092024539877,0.05619182612804152,0.8996826138330906,0.6865203761755486,0.8182515337423313,0.13582801795416954,0.8031305817372427,0.670846394984326,0.6886503067484663,0.02409703255,0.008617058524,74.40130742,54.37361173,0,0.4889291868,0.4977092802,1.100010875,25.92916164,23.57173208,72,,,,,,,,,,,,,25.929161637812566,23.5717320815822,0.008617058528950294,0.703296250965439,0.9906887507628012,0.05895077624679279,0.009035248539722098,0.1475976912195828,0.0953200661190914,-3.7256665767721295,0.0
roberta,S1,wic@s1__ag_news@s1,wic@s1,ag_news@s1,wic,ag_news,0.7,0.02617769778286838,0.6661442006269592,0.9460526315789474,0.09964574981592078,0.8975307174276383,0.5501567398119123,0.9222368421052631,0.04002290763315064,0.9441295971244152,0.6191222570532915,0.9371052631578948,0.02617769778286838,0.9758994943949872,0.6363636363636364,0.9388157894736842,0.02181952057596337,0.9728567732190185,0.6426332288401254,0.9381578947368421,0.01747900842,0.002265939704,76.89060108,66.97990309,0,0.4975983185,0.4995485941,1.731847812,25.92916164,44.90536186,72,,,,,,,,,,,,,25.929161637812566,44.905361857393764,0.0022659397089171193,0.682352767096956,0.9976202379329926,0.01745355368948967,0.002172101908251742,0.5720271098547473,0.5491889379193158,-4.046754636908381,0.0
roberta,S1,scitail@s1__imdb@s1,scitail@s1,imdb@s1,scitail,imdb,0.7,0.00932996805893449,0.9547546012269938,0.9127,0.16102921602043097,0.8818894569129547,0.6664110429447853,0.8944,0.022509672743785458,0.9738635061094427,0.9202453987730062,0.9046,0.00932996805893449,0.9884539556635565,0.9470858895705522,0.903,0.01924441493375717,0.9824442355746086,0.9401840490797546,0.8915,0.01964460436,0.007212311164,76.07211002,59.7004645,0,0.4923507307,0.4980613861,1.054914108,23.57173208,24.86615271,72,,,,,,,,,,,,,23.5717320815822,24.86615271250674,0.007212311171384426,0.704322709371878,0.9921436705729958,0.05519135145496341,0.0076238468664716645,0.18360373858297377,0.05345934939570297,-3.9299525656502095,0.0
roberta,S1,scitail@s1__ag_news@s1,scitail@s1,ag_news@s1,scitail,ag_news,0.7,0.025057671576430907,0.9547546012269938,0.9460526315789474,0.1906150331506833,0.8524177682745688,0.6173312883435583,0.9197368421052632,0.043778451776507965,0.9583851822965732,0.8849693251533742,0.9323684210526316,0.025057671576430907,0.9807718850092233,0.9217791411042945,0.9313157894736842,0.034320592523082505,0.9791506920741193,0.9156441717791411,0.9198684210526316,0.01686439714,0.001504817144,77.20665164,69.34384885,0,0.4980355067,0.4996295211,1.905051428,23.57173208,44.90536186,72,,,,,,,,,,,,,23.5717320815822,44.905361857393764,0.0015048171324862265,0.6746850611517494,0.9978328433554171,0.02253254110020975,0.0016521362267851755,0.6767648081166886,0.6445090045397294,-4.082550557327417,0.0
roberta,S1,wic@s1__imdb@s1,wic@s1,imdb@s1,wic,imdb,0.7,0.019812321554018797,0.6661442006269592,0.9127,0.09552678220406152,0.8940287585525594,0.554858934169279,0.8908,0.040334108881856734,0.955954776627273,0.6191222570532915,0.9035,0.019812321554018797,0.979020160257583,0.6442006269592476,0.9066,0.013713545459818621,0.9663239544839193,0.6551724137931034,0.9027,0.01949774008,0.008575175293,76.01369949,50.35472537,0,0.490903534,0.498689675,1.042749232,25.92916164,24.86615271,72,,,,,,,,,,,,,25.929161637812566,24.86615271250674,0.00857517528343576,0.7039428500446394,0.9914926052825153,0.08043115496565936,0.00871296009357297,0.12806681908506795,0.04186071758062096,-3.9374567134619207,0.0
roberta,S1,wic@s1__trec@s1,wic@s1,trec@s1,wic,trec,1.0,0.018565872630043723,0.6661442006269592,0.968,0.13248420029168684,0.8338958094263711,0.5391849529780565,0.896,0.045882352941176485,0.9521948319484577,0.6050156739811913,0.968,0.03354399611084102,0.9709397337167665,0.6269592476489029,0.96,0.018565872630043723,0.9842241701115735,0.6551724137931034,0.948,0.0209243074,0.004966604004,75.66091662,60.94389609,0,0.4939550248,0.4990109514,1.17532712,25.92916164,22.06122977,72,,,,,,,,,,,,,25.929161637812566,22.0612297663874,0.004966604006409231,0.7030998475012757,0.9948736667459447,0.03407098090198702,0.005053886003829316,0.23014662451371704,0.16154650885003335,-3.866843762318067,0.0
roberta,S1,snli@s1__yelp_polarity@s1,snli@s1,yelp_polarity@s1,snli,yelp_polarity,0.7,0.016121940327320616,0.8942288152814468,0.9562,0.12355309826389493,0.8884315083211958,0.7052428368217842,0.922,0.026187246838167866,0.9765042620758817,0.8627311522048364,0.9398,0.016121940327320616,0.992401685728612,0.8785815891079048,0.9421,0.02092891818091913,0.9841085456412215,0.8727900833163991,0.9391,0.01897427858,0.006623088959,76.17730131,57.36852194,0,0.4916191415,0.4987603882,1.020415676,41.10851073,40.28604393,72,,,,,,,,,,,,,41.10851072861576,40.28604392732095,0.006623088962661838,0.7047412289633128,0.9933795015252854,0.046249624811830876,0.006688181197259794,0.11359992853568597,0.020210069770416575,-3.964670975922544,0.0
roberta,S1,wic@s1__yelp_polarity@s1,wic@s1,yelp_polarity@s1,wic,yelp_polarity,0.7,0.006300798503881766,0.6661442006269592,0.9562,0.10188331262226702,0.8940740486566243,0.554858934169279,0.9211,0.036261673044034604,0.95707030847888,0.6238244514106583,0.9476,0.006300798503881766,0.9914490615242082,0.6614420062695925,0.9509,0.0004447752746778999,0.9689908382802045,0.6739811912225705,0.9441,0.0198687529,0.004658715981,75.89003295,52.09939664,0,0.4937878228,0.4992065076,1.553696355,25.92916164,40.28604393,72,,,,,,,,,,,,,25.929161637812566,40.28604392732095,0.004658715973445318,0.6895891590205294,0.9950761378560778,0.031884063276153514,0.004598532706581345,0.45722419909017303,0.44063683710032275,-3.9186069873473235,0.0
roberta,S1,snli@s1__trec@s1,snli@s1,trec@s1,snli,trec,0.7,0.015324141415184789,0.8942288152814468,0.968,0.16705581916405055,0.8200359812589593,0.6508839666734404,0.908,0.025735711850926046,0.9682482225835314,0.8482015850436903,0.968,0.015324141415184789,0.9903348469834428,0.8742125584230848,0.96,0.010711944829710385,0.9897588101170833,0.8806136964031701,0.962,0.01672575048,0.003848115743,77.08355974,67.11747177,0,0.4956828071,0.4993580536,1.863382557,41.10851073,22.06122977,72,,,,,,,,,,,,,41.10851072861576,22.0612297663874,0.0038481157481262147,0.6759177032417276,0.9955883611492957,0.045099978236433164,0.00380975692355567,0.6504526594923542,0.6223934151446087,-4.090805802225673,0.0
roberta,S1,snli@s1__scitail@s1,snli@s1,scitail@s1,snli,scitail,0.5,0.0378820132250397,0.8942288152814468,0.9547546012269938,0.08505180818718572,0.9236595789433428,0.826153220890063,0.8650306748466258,0.0378820132250397,0.9585133946497888,0.8659825238772607,0.9125766871165644,0.039580569750881756,0.9565510449930206,0.8722820564925828,0.9026073619631901,0.048741084095500264,0.9491749048702602,0.868827474090632,0.8888036809815951,0.02410612657,0.01362587396,74.63208697,50.75454093,0,0.4836326944,0.4970752398,1.743974969,41.10851073,23.57173208,72,,,,,,,,,,,,,41.10851072861576,23.5717320815822,0.013625873955742092,0.6784891685113975,0.9836995027944199,0.08969105057976888,0.014068448822786418,0.5802369120865218,0.5561669727461731,-3.725289256269743,0.0
roberta,S1,snli@s1__ag_news@s1,snli@s1,ag_news@s1,snli,ag_news,1.0,0.025189726670015844,0.8942288152814468,0.9460526315789474,0.15497454218361517,0.8633849799755717,0.6452956716114611,0.9161842105263158,0.03410515368480538,0.9715831950520442,0.847287136760821,0.9311842105263158,0.01667881652720271,0.9819031966092292,0.8736029262345052,0.9363157894736842,0.025189726670015844,0.9827669477710353,0.8604958341800447,0.934078947368421,0.01633922856,0.002625742738,77.286963,68.35891746,0,0.4970022344,0.4994208724,1.09236168,41.10851073,44.90536186,72,,,,,,,,,,,,,41.10851072861576,44.905361857393764,0.002625742741807568,0.705496850578837,0.9973618064988452,0.0290107397527868,0.0026418602612274565,0.15460432089305448,0.08834203127639852,-4.114186402415096,0.0
roberta,S1,snli@s1__imdb@s1,snli@s1,imdb@s1,snli,imdb,0.7,0.015115952626826079,0.8942288152814468,0.9127,0.12325909282971281,0.8841115665656746,0.6885795570006096,0.8976,0.024763799974073297,0.9852585482597958,0.8612070717333875,0.9012,0.015115952626826079,0.9859758891972401,0.8779719569193254,0.9017,0.024011024375485857,0.9798278890953993,0.8714692135744767,0.8921,0.01912127225,0.008055538163,76.16403543,50.14333235,0,0.4911566064,0.4987390541,1.653191437,41.10851073,24.86615271,72,,,,,,,,,,,,,41.10851072861576,24.86615271250674,0.008055538166896546,0.6841689262833536,0.9911729561280794,0.08879113810173019,0.00817385563428802,0.5171439685583923,0.502707623990441,-3.956953833300621,0.0
roberta,P,ag_news@s0__cola@s1,ag_news@s0,cola@s1,ag_news,cola,1.0,0.027530821572943176,0.9461842105263157,0.8341323106423778,0.08346184646516952,0.8937384110683213,0.9002631578947369,0.7353787152444871,0.05239235826392186,0.929840064991039,0.9351315789473684,0.7564717162032598,0.03884908818014865,0.9441325122633377,0.9411842105263157,0.7737296260786194,0.027530821572943176,0.9593371906259109,0.9430263157894737,0.7909875359539789,0.01563883133,0.0004832491752,77.73819808,67.93895279,0,0.4993386965,0.4998886556,1.571994371,45.87309437,29.18146223,72,,,,,,,,,,,,,45.873094367452225,29.181462234600083,0.00048324917371085944,0.690092461090089,0.9994547610958145,0.01172407470338186,0.0004888262694748476,0.47681528237854676,0.45234511321179965,-4.157998269802666,0.0
roberta,P,ag_news@s0__imdb@s1,ag_news@s0,imdb@s1,ag_news,imdb,0.5,0.012597844989545193,0.9461842105263157,0.9127,0.027861048569455704,0.9735292911420588,0.9131578947368421,0.8937,0.012597844989545193,0.9950721512980203,0.9344736842105263,0.901,0.010425521401770443,0.9923319838531078,0.9406578947368421,0.899,0.011807730457905619,0.9939449154280158,0.9425,0.8947,0.01654336013,0.001216369777,77.14392902,68.15529172,0,0.4991389479,0.4997701115,1.844800637,45.87309437,24.86615271,72,,,,,,,,,,,,,45.873094367452225,24.86615271250674,0.0012163697836436117,0.6775042414383099,0.9985261114238211,0.025475224205681934,0.0012235922307595247,0.6344034308604739,0.6123712158274809,-4.10177045826579,0.0
roberta,P,ag_news@s0__mnli@s1,ag_news@s0,mnli@s1,ag_news,mnli,0.7,0.021899982859107325,0.9461842105263157,0.872542027508915,0.12164274930824259,0.8885823360096956,0.9127631578947368,0.6910850738665308,0.034377143220504114,0.9615137100439328,0.9318421052631579,0.825776872134488,0.021899982859107325,0.9795521890622634,0.9302631578947368,0.8490066225165563,0.02488133065808107,0.9708213906983791,0.9253947368421053,0.8482934284258787,0.0124173092,0.0003001427281,78.98523828,68.28453243,0,0.4996840793,0.4999675339,2.118619562,45.87309437,97.18763511,72,,,,,,,,,,,,,45.873094367452225,97.18763510264598,0.0003001427380560139,0.6655080695271385,0.9996551201116552,0.006139546212320506,0.00028540750868070357,0.7675041695492856,0.7507647265936865,-4.388663876512535,0.0
roberta,P,ag_news@s0__mrpc@s1,ag_news@s0,mrpc@s1,ag_news,mrpc,1.0,0.041150556115292614,0.9461842105263157,0.8799019607843137,0.10157195101118732,0.9145039053771618,0.9094736842105263,0.7352941176470589,0.06642452709960489,0.9422594276557739,0.9338157894736843,0.7745098039215687,0.04637392996274736,0.9546502196813232,0.9401315789473684,0.803921568627451,0.041150556115292614,0.964015223995941,0.9394736842105263,0.8137254901960784,0.0183325499,0.0002174351396,76.67117903,65.05478456,0,0.4998956299,0.4999932831,3.033754849,45.87309437,15.12089692,72,,,,,,,,,,,,,45.873094367452225,15.120896924223086,0.0002174351395956563,0.6313544711904767,0.9990967507375473,0.007961778700174347,0.0003521660861382978,1.1691436781657156,1.1098010764092716,-3.9990771160581176,0.0
roberta,P,ag_news@s0__qnli@s1,ag_news@s0,qnli@s1,ag_news,qnli,0.7,0.016953689124547866,0.9461842105263157,0.9192751235584844,0.10183951564306049,0.895755022913195,0.9038157894736842,0.7732015376166941,0.03378588528372528,0.9669072394334192,0.9336842105263158,0.8693025809994509,0.016953689124547866,0.9873876827374641,0.9367105263157894,0.8973091707852828,0.017729624196713423,0.9846531302075443,0.9361842105263158,0.8963939227530661,0.01620813816,0.0007740890644,77.41003286,69.56284739,0,0.4992514783,0.4999209157,1.092718943,45.87309437,41.98068923,72,,,,,,,,,,,,,45.873094367452225,41.98068922963679,0.0007740890726557008,0.7061415993238269,0.999209253614109,0.01581693858892623,0.0007851795003114754,0.1751915587297721,0.08866903340110087,-4.122241807326553,0.0
roberta,P,ag_news@s0__scitail@s1,ag_news@s0,scitail@s1,ag_news,scitail,0.7,0.019672683223507237,0.9461842105263157,0.9547546012269938,0.15538801011304282,0.8813846732640158,0.9173684210526316,0.6871165644171779,0.0285775559476118,0.9692828353053511,0.9361842105263158,0.9102760736196319,0.019672683223507237,0.9807629266532608,0.9363157894736842,0.9271472392638037,0.022206975586953503,0.9781118131856045,0.93,0.928680981595092,0.01669808141,0.001055680163,77.14854558,68.00492433,0,0.4989344461,0.4998042613,1.946106218,45.87309437,23.57173208,72,,,,,,,,,,,,,45.873094367452225,23.5717320815822,0.0010556801530970088,0.6729541149404701,0.998629767427757,0.012594922110932173,0.0010924588104291087,0.7041586185932601,0.665830565008043,-4.092461451788029,0.0
roberta,P,ag_news@s0__snli@s1,ag_news@s0,snli@s1,ag_news,snli,1.0,0.01499662866530227,0.9461842105263157,0.8942288152814468,0.16208827832755812,0.8498962767127171,0.905,0.6432635643161959,0.036930221090443416,0.9693979651176997,0.9338157894736843,0.839869945133103,0.016441507836771008,0.9880864824977642,0.9406578947368421,0.8700467384677911,0.01499662866530227,0.9937094086428743,0.9397368421052632,0.873501320869742,0.01583046895,0.0008054787454,77.39532414,69.62149404,0,0.4989735498,0.4997769167,1.115902609,45.87309437,41.10851073,72,,,,,,,,,,,,,45.873094367452225,41.10851072861576,0.000805478742022927,0.7057658395210079,0.9991914679601154,0.0101231581530753,0.0008070447255370467,0.17534469872437541,0.1096635922299056,-4.145818781396606,0.0
roberta,P,ag_news@s0__sst2@s1,ag_news@s0,sst2@s1,ag_news,sst2,0.7,0.019024476738275453,0.9461842105263157,0.9380733944954128,0.037864329869005564,0.963092276533922,0.9046052631578947,0.908256880733945,0.021626207576096013,0.987372474216949,0.9272368421052631,0.9162844036697247,0.019024476738275453,0.990535469341568,0.9344736842105263,0.9139908256880734,0.016689481112460935,0.9847519291435738,0.9365789473684211,0.9162844036697247,0.01574302039,0.001351760745,77.60446692,70.63852271,0,0.4987003881,0.4999200562,1.080783638,45.87309437,42.44429019,72,,,,,,,,,,,,,45.873094367452225,42.44429019389358,0.0013517607543288936,0.7060988384378112,0.998616904840019,0.009743361891491796,0.0013693936210202352,0.12507931235090883,0.07768636876317508,-4.151358161771674,0.0
roberta,P,ag_news@s0__stsb@s1,ag_news@s0,stsb@s1,ag_news,stsb,0.7,0.020997526250660647,0.9461842105263157,0.9036460053747896,0.06563063129868285,0.939772913131701,0.9176315789473685,0.8123012625350663,0.03454506430464499,0.969294153464231,0.9339473684210526,0.8528996892605331,0.020997526250660647,0.9779912387155723,0.935921052631579,0.8754990945162509,0.025876576293591302,0.9718062356828889,0.9252631578947368,0.8768599673403149,0.01735923449,0.0008367455194,77.15715681,67.97140351,0,0.4993822558,0.4999014066,2.507675508,45.87309437,18.29307429,72,,,,,,,,,,,,,45.873094367452225,18.293074292113648,0.000836745517995507,0.6494522634686424,0.998712473873589,0.010452646238124667,0.0008847400337971224,1.0051776327292856,0.9193562316248814,-4.0536306669203555,0.0
roberta,P,ag_news@s0__trec@s1,ag_news@s0,trec@s1,ag_news,trec,1.0,0.014343428597040964,0.9461842105263157,0.968,0.052178974866424976,0.9203857895890387,0.91,0.904,0.015247336259396782,0.9717166596191695,0.9271052631578948,0.958,0.010886685721706812,0.9780461238396536,0.9314473684210526,0.962,0.014343428597040964,0.9827351078267069,0.9288157894736843,0.958,0.01768230739,0.002093228632,76.96043185,67.92650772,0,0.4976159704,0.4996170586,2.079353456,45.87309437,22.06122977,72,,,,,,,,,,,,,45.873094367452225,22.0612297663874,0.0020932286450621074,0.6667569286132988,0.9973927555056311,0.013333100720037384,0.002070474018154506,0.7475618974536447,0.7320570069314002,-4.035190721803968,0.0
roberta,P,ag_news@s0__wic@s1,ag_news@s0,wic@s1,ag_news,wic,0.7,0.03178139340842712,0.9461842105263157,0.6661442006269592,0.08451675705743289,0.9103151138047517,0.910921052631579,0.5783699059561128,0.0371937143651786,0.9519154733729889,0.9336842105263158,0.6253918495297806,0.03178139340842712,0.9749643592030508,0.9394736842105263,0.6285266457680251,0.033166458072590665,0.9613211323590345,0.939078947368421,0.6269592476489029,0.01768934554,0.0004842590383,76.84990822,67.2519476,0,0.499493292,0.4997668855,1.76916998,45.87309437,25.92916164,72,,,,,,,,,,,,,45.873094367452225,25.929161637812566,0.00048425904198338645,0.6811715427883523,0.9995043463964802,0.014484125998129904,0.0004490161749865425,0.5973624449578602,0.5705104987468897,-4.034792767537776,0.0
roberta,P,ag_news@s0__yelp_polarity@s1,ag_news@s0,yelp_polarity@s1,ag_news,yelp_polarity,1.0,0.00825619802763633,0.9461842105263157,0.9562,0.0412043107638993,0.9524387496634598,0.9094736842105263,0.9145,0.014204815909728885,0.9796356023934198,0.9335526315789474,0.9418,0.00797466946863068,0.9869741042533201,0.9403947368421053,0.9468,0.00825619802763633,0.9922521552316221,0.9422368421052632,0.9444,0.01624538005,0.0008361705355,77.48010431,68.74238954,0,0.4993181831,0.4999249129,1.138684514,45.87309437,40.28604393,72,,,,,,,,,,,,,45.873094367452225,40.28604392732095,0.0008361705371191876,0.7053324145139003,0.9991223246230461,0.011162937681647837,0.0008570256602030774,0.16197145682132172,0.1298736610229674,-4.119946715243994,0.0
roberta,P,cola@s0__imdb@s1,cola@s0,imdb@s1,cola,imdb,1.0,0.040186037913501615,0.8398849472674976,0.9127,0.09140412334720649,0.8978095547611309,0.7037392138063279,0.8938,0.05815920498816052,0.9314982125446863,0.7468839884947267,0.9076,0.04603150719952287,0.9449561260968475,0.7660594439117929,0.9089,0.040186037913501615,0.9557588560285992,0.7813998082454459,0.9029,0.0179810309,0.00146127685,76.49800822,47.71712937,0,0.4984836722,0.4998800725,1.132732506,28.16669947,24.86615271,72,,,,,,,,,,,,,28.16669946437883,24.86615271250674,0.0014612768436150184,0.7052302191568992,0.9983601300464443,0.048894641952397705,0.0015861803052437857,0.19224658498764033,0.12463286061446952,-4.018437915653495,0.0
roberta,P,cola@s0__mnli@s1,cola@s0,mnli@s1,cola,mnli,0.7,0.043574941509429976,0.8398849472674976,0.872542027508915,0.1513468826712222,0.8285210084033613,0.7296260786193672,0.7229750382068263,0.06313889084390645,0.928890756302521,0.7689357622243528,0.8360672440142639,0.043574941509429976,0.9514789915966386,0.7813998082454459,0.8572592969943963,0.04854983908428401,0.9361176470588235,0.7737296260786194,0.8565461029037188,0.0139018551,0.0006808542825,78.24962618,65.2397265,0,0.5000347378,0.4999495024,3.450444566,28.16669947,97.18763511,72,,,,,,,,,,,,,28.16669946437883,97.18763510264598,0.0006808542933463444,0.6193067329858165,0.9988817289077542,0.008059040971950756,0.0006544889209742955,1.2712000841095301,1.238503082451714,-4.275732987318888,0.0
roberta,P,cola@s0__mrpc@s1,cola@s0,mrpc@s1,cola,mrpc,0.7,0.021164828735325214,0.8398849472674976,0.8799019607843137,0.12230828913394642,0.8652852153667054,0.7209971236816874,0.7892156862745098,0.047466643772020145,0.9403019927412176,0.7929050814956855,0.8455882352941176,0.021164828735325214,0.9795411901664042,0.8207094918504314,0.8627450980392157,0.0360733773419315,0.9671697596384305,0.7909875359539789,0.8676470588235294,0.02051479184,0.00219884236,75.90606823,39.39618126,0,0.4977329174,0.499804226,1.862766449,28.16669947,15.12089692,72,,,,,,,,,,,,,28.16669946437883,15.120896924223086,0.002198842352021391,0.676409159853041,0.9966335802232849,0.08115241462992269,0.0026812469063834995,0.6496477321846313,0.6220627209052626,-3.886609099861377,0.0
roberta,P,cola@s0__qnli@s1,cola@s0,qnli@s1,cola,qnli,0.7,0.030318652722541417,0.8398849472674976,0.9192751235584844,0.1057374947491313,0.88921875,0.7574304889741131,0.8151198974922204,0.045465022394614474,0.9592620798319327,0.8063279002876318,0.8724144243089877,0.030318652722541417,0.9734243697478991,0.8130393096836049,0.8929159802306426,0.04196603438023394,0.9659283088235295,0.7842761265580057,0.9029837085850265,0.0195440662,0.004102672159,76.02253212,47.05676137,0,0.4959573866,0.4994931927,1.490436935,28.16669947,41.98068923,72,,,,,,,,,,,,,28.16669946437883,41.98068922963679,0.004102672157382956,0.692468893288471,0.9960370468087557,0.09383901991873142,0.004051827394873646,0.42965090442182885,0.3990693219359093,-3.935083557803617,0.0
roberta,P,cola@s0__scitail@s1,cola@s0,scitail@s1,cola,scitail,0.7,0.023168014523848757,0.8398849472674976,0.9547546012269938,0.24560158441987134,0.78483524530144,0.7248322147651006,0.6165644171779141,0.0684243824613523,0.9394679033439103,0.7957813998082455,0.8742331288343558,0.023168014523848757,0.9863375640712717,0.8178331735378715,0.9355828220858896,0.019553556692523455,0.9762997315108616,0.8178331735378715,0.9424846625766872,0.01795688414,0.002075154878,76.86766274,52.76867292,0,0.4981965014,0.4997394526,1.1949355,28.16669947,23.57173208,72,,,,,,,,,,,,,28.16669946437883,23.5717320815822,0.0020751548828965597,0.7036162609853542,0.9979853666105368,0.04945829710271035,0.0020789899579503036,0.22211714362087753,0.17809220903137934,-4.01978172002316,0.0
roberta,P,cola@s0__snli@s1,cola@s0,snli@s1,cola,snli,0.7,0.040366287766178566,0.8398849472674976,0.8942288152814468,0.1991654383400807,0.8151734887503389,0.7229146692233941,0.6625685836212152,0.06820837866597762,0.9315058281377067,0.7660594439117929,0.8508433245275351,0.040366287766178566,0.956580374085118,0.788111217641419,0.8771591140012193,0.038716088717606345,0.9560409325020331,0.7890699904122723,0.8790896159317212,0.01811101854,0.00419167941,76.73513204,49.75040132,0,0.4953427172,0.4995933815,1.459472054,28.16669947,41.10851073,72,,,,,,,,,,,,,28.16669946437883,41.10851072861576,0.004191679409211069,0.6937268306056431,0.9957476637308139,0.07484408995387845,0.004170472885594378,0.3990069456896986,0.37807476347540775,-4.011234766813001,0.0
roberta,P,cola@s0__sst2@s1,cola@s0,sst2@s1,cola,sst2,1.0,0.030251141552511407,0.8398849472674976,0.9380733944954128,0.09237643880273749,0.8939449993834012,0.7114093959731543,0.908256880733945,0.05010271181520798,0.93357134048588,0.7670182166826462,0.9254587155963303,0.03245330519922751,0.9543741521765939,0.7833173537871524,0.9403669724770642,0.030251141552511407,0.9562029843383895,0.7890699904122723,0.9380733944954128,0.01819789214,0.0005388564415,76.55762145,65.19778941,0,0.4992189252,0.4999302228,1.506896122,28.16669947,42.44429019,72,,,,,,,,,,,,,28.16669946437883,42.44429019389358,0.0005388564278619694,0.6929083744347574,0.9993432470455786,0.012492202658633217,0.0005741874276674134,0.42558092410542725,0.410051986943405,-4.00644950809015,0.0
roberta,P,cola@s0__stsb@s1,cola@s0,stsb@s1,cola,stsb,0.7,0.03679983269959852,0.8398849472674976,0.9036460053747896,0.12028054849178371,0.8756955702223457,0.7200383509108341,0.8152088518952865,0.05330854493196435,0.9504457615141135,0.7861936720997124,0.8650692225590726,0.03679983269959852,0.9797714828320863,0.8063279002876318,0.873242539580201,0.04526469085510576,0.975134865596996,0.7929050814956855,0.872385900199751,0.02200486544,0.002540917223,75.17565093,37.1960749,0,0.4968023864,0.4994375029,1.539746629,28.16669947,18.29307429,72,,,,,,,,,,,,,28.16669946437883,18.293074292113648,0.002540917227731881,0.6908585761688005,0.9963227604801657,0.049230876737715035,0.0029825332961684204,0.47513189488603136,0.4316178762661715,-3.816491693711648,0.0
roberta,P,cola@s0__trec@s1,cola@s0,trec@s1,cola,trec,1.0,0.017802558587116546,0.8398849472674976,0.968,0.11220706441752526,0.8498636866019894,0.7190795781399808,0.89,0.02408109739990194,0.9460984895001843,0.7976989453499521,0.97,0.014241103437865665,0.9707294608866511,0.8072866730584851,0.978,0.017802558587116546,0.9739936141471203,0.8082454458293384,0.97,0.0203028172,0.002327433918,75.9063025,58.82645123,0,0.4970125955,0.4997189781,1.276751104,28.16669947,22.06122977,72,,,,,,,,,,,,,28.16669946437883,22.0612297663874,0.0023274339181241794,0.7011482450324139,0.9976633906236536,0.025424509676982218,0.0023157965166927122,0.2767775353378807,0.24431865124075827,-3.896995624238093,0.0
roberta,P,cola@s0__wic@s1,cola@s0,wic@s1,cola,wic,0.7,0.08030351866774121,0.8398849472674976,0.6661442006269592,0.1529076013967231,0.8150603817686014,0.7411313518696069,0.5407523510971787,0.10073462261616983,0.8959797428905337,0.7833173537871524,0.5768025078369906,0.08030351866774121,0.9515270744059213,0.7919463087248322,0.5971786833855799,0.04644238517324739,0.94498636540709,0.7737296260786194,0.6567398119122257,0.02565679465,0.007495633291,74.22877842,40.08666446,0,0.4930326749,0.4991726228,1.08629426,28.16669947,25.92916164,72,,,,,,,,,,,,,28.16669946437883,25.929161637812566,0.007495633299305604,0.7038785729995473,0.9928244414655623,0.12120847180492682,0.00758438626907716,0.13393591116915693,0.082772142452077,-3.6629468438093298,0.0
roberta,P,cola@s0__yelp_polarity@s1,cola@s0,yelp_polarity@s1,cola,yelp_polarity,1.0,0.027998957058906093,0.8398849472674976,0.9562,0.09397548706399672,0.895227064919232,0.7171620325982742,0.9162,0.0489350205675243,0.9366961292288936,0.7698945349952061,0.9423,0.03635585684964937,0.9610088387686682,0.7861936720997124,0.9478,0.027998957058906093,0.9674794270039623,0.7996164908916586,0.9485,0.01766772295,0.001122191577,76.68072973,53.29377829,0,0.4986398804,0.499868028,1.430272083,28.16669947,40.28604393,72,,,,,,,,,,,,,28.16669946437883,40.28604392732095,0.0011221915807316893,0.6959117107851934,0.9990475828155033,0.03188928229741228,0.0010288245524691004,0.37439098492543627,0.3578646940053554,-4.036015866262812,0.0
roberta,P,imdb@s0__mnli@s1,imdb@s0,mnli@s1,imdb,mnli,0.7,0.025367040153645437,0.9148,0.872542027508915,0.09541167641893633,0.9022067876874507,0.8979,0.7221599592460519,0.02681303172266858,0.9689502762430939,0.8964,0.8433010697911361,0.025367040153645437,0.9707971586424624,0.8858,0.8559347936831381,0.04336902505418705,0.9592138910812944,0.8597,0.8494141619969434,0.01420459845,0.0007767321534,78.05868601,67.67405177,0,0.4988630402,0.4998390351,3.786193812,25.66895408,97.18763511,72,,,,,,,,,,,,,25.668954081511547,97.18763510264598,0.0007767321429589344,0.6109861894068805,0.9980367086659943,0.006874935299262783,0.000869591850110651,1.3665067338045573,1.3313612432359903,-4.254189532290956,0.0
roberta,P,imdb@s0__mrpc@s1,imdb@s0,mrpc@s1,imdb,mrpc,1.0,0.024148389894194322,0.9148,0.8799019607843137,0.06893526204184242,0.9267277252876595,0.8957,0.7769607843137255,0.033756103591451314,0.9647006991297861,0.9091,0.8259803921568627,0.0243347405037313,0.9746255121270396,0.9085,0.8431372549019608,0.024148389894194322,0.9800712636433215,0.8961,0.8553921568627451,0.0195851915,0.0009274123742,75.87621024,59.41532669,0,0.4992119843,0.4999550184,1.697581447,25.66895408,15.12089692,72,,,,,,,,,,,,,25.668954081511547,15.120896924223086,0.000927412390217766,0.6843100029520649,0.9984389275541103,0.02497175960771197,0.0011576589575754393,0.5635577663870072,0.5292045598593303,-3.9329815340209024,0.0
roberta,P,imdb@s0__qnli@s1,imdb@s0,qnli@s1,imdb,qnli,0.7,0.009424796744782027,0.9148,0.9192751235584844,0.049049965024900555,0.9409536552880822,0.8961,0.8478857770455793,0.01712031991463192,0.9827230909629046,0.9057,0.8969430715723962,0.009424796744782027,0.9938616071428572,0.9063,0.9104887424492037,0.012872025092217743,0.9911269238358327,0.8989,0.9115870400878638,0.01700955029,0.001335812937,76.94096122,61.48273392,0,0.4986058517,0.499811408,1.635465516,25.66895408,41.98068923,72,,,,,,,,,,,,,25.668954081511547,41.98068922963679,0.001335812944507692,0.6869981289585326,0.9985158006973008,0.017978613438604123,0.0013378356294472082,0.5068658350493148,0.4919274830904335,-4.073980310901517,0.0
roberta,P,imdb@s0__scitail@s1,imdb@s0,scitail@s1,imdb,scitail,0.7,0.012951236515805098,0.9148,0.9547546012269938,0.1736698872446497,0.8686859540129754,0.8917,0.647239263803681,0.030329626332176174,0.9728599756997777,0.9056,0.906441717791411,0.012951236515805098,0.9916336168359277,0.9058,0.9394171779141104,0.019783330962678924,0.9806853350450471,0.8933,0.9394171779141104,0.01842241539,0.002172911301,76.57644754,60.8959454,0,0.4977010194,0.4996955071,1.088971909,25.66895408,23.57173208,72,,,,,,,,,,,,,25.668954081511547,23.5717320815822,0.0021729113028362995,0.7057027765574884,0.9975512278951738,0.026994453294237684,0.0023158215897737555,0.18333685507707356,0.0852340483931439,-3.994187128087093,0.0
roberta,P,imdb@s0__snli@s1,imdb@s0,snli@s1,imdb,snli,0.7,0.010821062588437624,0.9148,0.8942288152814468,0.1306544248782795,0.8839231611375615,0.8984,0.676590123958545,0.021840382450477813,0.987468493011177,0.9054,0.8643568380410486,0.010821062588437624,0.9932288616747715,0.9055,0.8839666734403576,0.017740138346364898,0.981943631132724,0.8944,0.8824425929689088,0.01870677743,0.002719219216,76.32034639,59.71903002,0,0.4971925643,0.4997748446,1.601487564,25.66895408,41.10851073,72,,,,,,,,,,,,,25.668954081511547,41.10851072861576,0.0027192192071176435,0.6880920912251324,0.997220405677822,0.036314770129764966,0.0026349294736894746,0.4849868395036344,0.4709329248168201,-3.978869391371506,0.0
roberta,P,imdb@s0__sst2@s1,imdb@s0,sst2@s1,imdb,sst2,1.0,0.011046143665215169,0.9148,0.9380733944954128,0.015468797273416213,0.9795730683252835,0.8988,0.9254587155963303,0.008621201155034841,0.9849276671647149,0.9035,0.9334862385321101,0.006076922501264015,0.9838226947890244,0.9048,0.9369266055045872,0.011046143665215169,0.9874914578917497,0.9013,0.9311926605504587,0.02388145106,0.008767307573,74.49269791,62.11008241,0,0.4910203271,0.4987059817,1.653526282,25.66895408,42.44429019,72,,,,,,,,,,,,,25.668954081511547,42.44429019389358,0.008767307569548091,0.6839400415219284,0.9905657077266077,0.0620654401067505,0.008701143480088406,0.5119810975632697,0.5029101480820625,-3.7346532276472164,0.0
roberta,P,imdb@s0__stsb@s1,imdb@s0,stsb@s1,imdb,stsb,0.7,0.010345700279872139,0.9148,0.9036460053747896,0.053309381349264884,0.953726613404265,0.895,0.826858968465726,0.015811100158690805,0.9912874384046799,0.9077,0.8820841613324023,0.010345700279872139,0.9961015448400906,0.9097,0.8899861205152595,0.014301691812350192,0.9937474444051693,0.9051,0.8873804016374909,0.01909635066,0.001984690145,76.19120965,61.24457039,0,0.4979346695,0.4996209203,1.403206135,25.66895408,18.29307429,72,,,,,,,,,,,,,25.668954081511547,18.293074292113648,0.00198469015080717,0.6967064922219839,0.99702448425771,0.05509521687433441,0.0024339137205623817,0.3714906725804733,0.3387597147755966,-3.9582580271062464,0.0
roberta,P,imdb@s0__trec@s1,imdb@s0,trec@s1,imdb,trec,1.0,0.01101898260740719,0.9148,0.968,0.03447847517589531,0.9517082088605404,0.8933,0.924,0.009608747971827758,0.9775902836249554,0.901,0.964,0.007203850726528294,0.9856024867645532,0.9054,0.964,0.01101898260740719,0.9894698900794703,0.9022,0.96,0.01678302747,0.001700296655,76.89791726,65.58161001,0,0.4988870831,0.499654346,1.16353233,25.66895408,22.06122977,72,,,,,,,,,,,,,25.668954081511547,22.0612297663874,0.0017002966777873558,0.70450359014963,0.9982453019144688,0.01989643146158421,0.0017262929491998098,0.20850348492450205,0.1514604902241835,-4.087387172882126,0.0
roberta,P,imdb@s0__wic@s1,imdb@s0,wic@s1,imdb,wic,0.7,0.021470331027032552,0.9148,0.6661442006269592,0.10296393940173343,0.8948007756759724,0.8857,0.5501567398119123,0.042865428637567815,0.9471259741685266,0.9031,0.6175548589341693,0.021470331027032552,0.9696425304599172,0.9035,0.64576802507837,0.03218845649322244,0.9599246277121217,0.8925,0.6394984326018809,0.01840334495,0.00110512372,76.62116977,58.66608055,0,0.4988806984,0.4997649664,1.010137053,25.66895408,25.92916164,72,,,,,,,,,,,,,25.668954081511547,25.929161637812566,0.0011051237164278341,0.706707418076317,0.9988676477234207,0.010779120597749355,0.0011222366588980767,0.13752864710738685,0.010086017686897259,-3.9952228401282657,0.0
roberta,P,imdb@s0__yelp_polarity@s1,imdb@s0,yelp_polarity@s1,imdb,yelp_polarity,0.5,0.00354818487441233,0.9148,0.9562,0.01042165200449574,0.9884979818509718,0.9075,0.9439,0.00354818487441233,0.995786219334154,0.9107,0.9537,0.0038429952514813515,0.9937480319468697,0.9115,0.9523,0.015543050591875218,0.9864254429908682,0.901,0.9409,0.02935621136,0.01272457264,72.73628713,60.06968778,0,0.4853810737,0.4974713678,1.569446258,25.66895408,40.28604393,72,,,,,,,,,,,,,25.668954081511547,40.28604392732095,0.012724572647783908,0.6864092269414404,0.9867832588298093,0.07195921660380106,0.012552859277103978,0.4613080470947833,0.4507228552354406,-3.5282511244342465,0.0
roberta,P,mnli@s0__mrpc@s1,mnli@s0,mrpc@s1,mnli,mrpc,0.5,0.08185724689984397,0.8713194090677534,0.8799019607843137,0.13207941715241645,0.8667440545484784,0.7625063678043811,0.7573529411764706,0.08185724689984397,0.9037804756361216,0.8500254712175241,0.7573529411764706,0.08553652438563619,0.8939171794445369,0.8581762608252674,0.7426470588235294,0.10532110946371664,0.9014202561117579,0.8455425369332654,0.7205882352941176,0.01550922323,0.0009639912743,77.47768267,65.40256731,0,0.4988584354,0.4998420433,6.39058501,96.63137722,15.12089692,72,,,,,,,,,,,,,96.63137721464157,15.120896924223086,0.0009639912565363517,0.5712040046661054,0.9955988836109176,0.00986093628026684,0.0011389348613162014,1.930370834208151,1.854825815059639,-4.1663203849304855,0.0
roberta,P,mnli@s0__qnli@s1,mnli@s0,qnli@s1,mnli,qnli,0.7,0.01766097273027678,0.8713194090677534,0.9192751235584844,0.09113103932966227,0.9210669642857143,0.760570555272542,0.8685703825736775,0.030097272655134955,0.9686785714285715,0.8417727967396842,0.8951125755079626,0.01766097273027678,0.9795357142857143,0.8568517575140092,0.9020684605528098,0.03136489437122125,0.96775,0.8444218033622007,0.8899871865275489,0.01590083829,0.002661164564,77.27237944,64.14359516,0,0.4967657948,0.4994131783,2.301805401,96.63137722,41.98068923,72,,,,,,,,,,,,,96.63137721464157,41.98068922963679,0.002661164567043952,0.6571848751754419,0.9964830677378957,0.014175951184111704,0.002626357689921524,0.8658327124533504,0.8336937719740382,-4.141383448504231,0.0
roberta,P,mnli@s0__scitail@s1,mnli@s0,scitail@s1,mnli,scitail,0.5,0.03486175760103083,0.8713194090677534,0.9547546012269938,0.0966150382634372,0.9226994665085952,0.7911360163015793,0.8581288343558282,0.03486175760103083,0.9641849436870185,0.8518593988792664,0.9095092024539877,0.03986897073795648,0.9599917012448134,0.8557310239429444,0.8957055214723927,0.053653716831779885,0.9419786603438056,0.8436067244014264,0.8826687116564417,0.01721188238,0.003759993042,76.8793442,63.52347176,0,0.4957812227,0.4993424886,4.099460187,96.63137722,23.57173208,72,,,,,,,,,,,,,96.63137721464157,23.5717320815822,0.003759993036610657,0.603726983958036,0.9911658827289287,0.025014919065915745,0.003914148105064776,1.486389261807961,1.4108553033347817,-4.062155297633595,0.0
roberta,P,mnli@s0__snli@s1,mnli@s0,snli@s1,mnli,snli,0.7,0.017559725917700608,0.8713194090677534,0.8942288152814468,0.03554074346726255,0.9558940092165898,0.8307692307692308,0.8722820564925828,0.011392631046157398,0.9782534562211982,0.8624554253693326,0.882950619792725,0.017559725917700608,0.9822165898617511,0.8605196128374937,0.873907742328795,0.042276015386039534,0.959258064516129,0.8393275598573612,0.8514529567161147,0.0213099529,0.009821636676,74.63652264,59.82076441,0,0.4875155187,0.4980289317,2.350641643,96.63137722,41.10851073,72,,,,,,,,,,,,,96.63137721464157,41.10851072861576,0.00982163666697504,0.6535208343742615,0.9865813311896695,0.0384394207745294,0.009857321514764993,0.8729054851704393,0.8546883304620148,-3.8485810431039926,0.0
roberta,P,mnli@s0__sst2@s1,mnli@s0,sst2@s1,mnli,sst2,0.7,0.011182845746201542,0.8713194090677534,0.9380733944954128,0.1081938539091214,0.8907553159628632,0.693428425878757,0.926605504587156,0.02590037418147806,0.9584713986223419,0.8261844116148752,0.9380733944954128,0.011182845746201542,0.9729026654687032,0.8454406520631687,0.944954128440367,0.02288144896974298,0.9598981731057203,0.8346408558329088,0.9346330275229358,0.01549001377,0.002208312339,77.56133381,65.7794659,0,0.4973272043,0.4994694804,2.276663758,96.63137722,42.44429019,72,,,,,,,,,,,,,96.63137721464157,42.44429019389358,0.0022083123303948157,0.6583282166432984,0.9969412526691329,0.01612117411367553,0.0022346570873070424,0.8375971494121307,0.8227111073149442,-4.1675597355931355,0.0
roberta,P,mnli@s0__stsb@s1,mnli@s0,stsb@s1,mnli,stsb,0.5,0.025559998748333035,0.8713194090677534,0.9036460053747896,0.07862503721131708,0.9286004474817777,0.7881813550687723,0.847770141241151,0.025559998748333035,0.9745613588746574,0.8532857870606215,0.8761543066007335,0.028763791320834065,0.9656709670043535,0.8572592969943963,0.8662431877810064,0.06756193881957429,0.9347453439095506,0.8366785532348446,0.8174679103917807,0.01662374341,0.002430960089,77.2922997,63.92415464,0,0.4964112168,0.4993990498,5.282402273,96.63137722,18.29307429,72,,,,,,,,,,,,,96.63137721464157,18.293074292113648,0.002430960102464134,0.5840171618551645,0.9927030268702777,0.023619713486567946,0.002532283827120662,1.7925256277137995,1.6643809701949668,-4.096923279657763,0.0
roberta,P,mnli@s0__trec@s1,mnli@s0,trec@s1,mnli,trec,0.7,0.010835510904606882,0.8713194090677534,0.968,0.1732266001283349,0.8061759618252311,0.7008660213958228,0.822,0.026193186650070754,0.9595234118699671,0.8310748853795211,0.962,0.010835510904606882,0.980445571130331,0.850636780438105,0.97,0.01734599803632031,0.978258872651357,0.8536933265410087,0.954,0.01324277869,0.0009860097788,78.4640296,72.20698257,0,0.4992443341,0.4998303225,4.380144636,96.63137722,22.06122977,72,,,,,,,,,,,,,96.63137721464157,22.0612297663874,0.000986009782529592,0.5986176288656107,0.9982667093926597,0.017648096125358156,0.0008892420662459383,1.5133758968007598,1.4770817457609513,-4.324302879647159,0.0
roberta,P,mnli@s0__wic@s1,mnli@s0,wic@s1,mnli,wic,0.5,0.04472981896219663,0.8713194090677534,0.6661442006269592,0.1133507125956088,0.8754247871333964,0.7701477330616403,0.5924764890282131,0.04472981896219663,0.9349403973509933,0.8446255731023943,0.6269592476489029,0.017699609310515507,0.934096499526963,0.8527763627101376,0.6567398119122257,0.07035684807131459,0.8818807947019868,0.838920020376974,0.5971786833855799,0.01521973,0.0008510922846,77.70015213,62.51849424,0,0.49905945,0.4997887199,3.726745144,96.63137722,25.92916164,72,,,,,,,,,,,,,96.63137721464157,25.929161637812566,0.0008510922892705458,0.6123677788727848,0.9985963435067952,0.007628674284352632,0.000780079085510563,1.3602036539290174,1.315535237155546,-4.185162666521981,0.0
roberta,P,mnli@s0__yelp_polarity@s1,mnli@s0,yelp_polarity@s1,mnli,yelp_polarity,0.7,0.02063071855013865,0.8713194090677534,0.9562,0.09964573922462416,0.8985433012583273,0.7310239429444727,0.9196,0.029886446858853777,0.9670466321243523,0.8406520631686195,0.9327,0.02063071855013865,0.9783686158401184,0.8553234844625573,0.9343,0.029189014376950873,0.9632894152479645,0.8504330106979113,0.9233,0.0155797235,0.001359268714,77.57846933,66.9424875,0,0.4985094484,0.4997070571,2.398631581,96.63137722,40.28604393,72,,,,,,,,,,,,,96.63137721464157,40.28604392732095,0.0013592687151202686,0.6535852089371307,0.997756479494755,0.009704883044806135,0.0014773273600963868,0.8982290028851887,0.8748984001592247,-4.161784985808699,0.0
roberta,P,mrpc@s0__qnli@s1,mrpc@s0,qnli@s1,mrpc,qnli,0.7,0.0648298746021706,0.875,0.9192751235584844,0.07862296651037948,0.9298873546511628,0.7769607843137255,0.8777228628958448,0.0676510747668243,0.9407002699335548,0.7843137254901961,0.8901702361339923,0.0648298746021706,0.9443988787375415,0.7965686274509803,0.8824821526633718,0.06998701511667993,0.9360517026578072,0.803921568627451,0.8652754896576972,0.02484694467,0.00390721913,74.18368626,52.32743628,0,0.4962780838,0.49960824,2.75593947,15.23280525,41.98068923,72,,,,,,,,,,,,,15.232805249510067,41.98068922963679,0.003907219121386262,0.6397600734098808,0.994559248798067,0.042974396269097645,0.0037396848066513877,1.0618415879351533,1.0137583899203817,-3.6950204849040142,0.0
roberta,P,mrpc@s0__scitail@s1,mrpc@s0,scitail@s1,mrpc,scitail,0.5,0.054270864972495,0.875,0.9547546012269938,0.1192804832776484,0.8959157579851394,0.7794117647058824,0.8312883435582822,0.054270864972495,0.9491628871948279,0.803921568627451,0.928680981595092,0.061921636124329216,0.944193283798128,0.8137254901960784,0.9033742331288344,0.06979852181836588,0.929653575219531,0.8357843137254902,0.8642638036809815,0.02726238973,0.0066768849,73.22578559,56.98578776,0,0.4928340294,0.4988993656,1.547432117,15.23280525,23.57173208,72,,,,,,,,,,,,,15.232805249510067,23.5717320815822,0.0066768848960467786,0.689229574017099,0.9930143615782526,0.061349377906419006,0.006616466408095436,0.4546815743981937,0.4365968583785984,-3.602247192212684,0.0
roberta,P,mrpc@s0__snli@s1,mrpc@s0,snli@s1,mrpc,snli,0.5,0.040546862990168187,0.875,0.8942288152814468,0.11727738476369987,0.8872387739792091,0.8137254901960784,0.747104247104247,0.040546862990168187,0.9640177901618262,0.8235294117647058,0.874314163787848,0.048058582596770094,0.9628549994641518,0.803921568627451,0.8809185124974599,0.06879008847033874,0.9257475083056479,0.7892156862745098,0.8588701483438326,0.02185020201,0.00484628297,74.98797174,47.68005961,0,0.495335841,0.4994645707,2.698682879,15.23280525,41.10851073,72,,,,,,,,,,,,,15.232805249510067,41.10851072861576,0.00484628297131275,0.6415662478529318,0.9944667261674972,0.08525294620651025,0.00437205476556395,1.0325696342081319,0.99276383139354,-3.823545112174351,0.0
roberta,P,mrpc@s0__sst2@s1,mrpc@s0,sst2@s1,mrpc,sst2,1.0,0.02072931862231442,0.875,0.9380733944954128,0.06430078143726936,0.9270623080298377,0.7892156862745098,0.9094036697247706,0.04051522809612851,0.9544049534396177,0.8137254901960784,0.9277522935779816,0.019429776800695797,0.968939837160548,0.8431372549019608,0.9357798165137615,0.02072931862231442,0.9749256496514066,0.8504901960784313,0.9254587155963303,0.01798664645,0.0006760652131,76.6404316,64.03694789,0,0.498976636,0.4997489482,2.786373849,15.23280525,42.44429019,72,,,,,,,,,,,,,15.232805249510067,42.44429019389358,0.0006760652127584355,0.6393695866501597,0.9995316325946283,0.007746957174889913,0.0005067604045906051,1.0689162772000051,1.0247410547973612,-4.01812566029205,0.0
roberta,P,mrpc@s0__stsb@s1,mrpc@s0,stsb@s1,mrpc,stsb,0.5,0.0274851533765742,0.875,0.9036460053747896,0.06287072953830086,0.9281306081273102,0.7990196078431373,0.8684880985809168,0.0274851533765742,0.9597401343570543,0.8431372549019608,0.886878184209501,0.03892516440173521,0.9525327805299955,0.8333333333333334,0.876327628895124,0.05710305084182221,0.917655453638297,0.8259803921568627,0.8510685438703539,0.0343383663,0.007107700915,70.73202955,42.43503988,0,0.4908006359,0.4985048035,1.200899899,15.23280525,18.29307429,72,,,,,,,,,,,,,15.232805249510067,18.293074292113648,0.007107700926055529,0.7017308312330741,0.9926770631553875,0.07061977778634371,0.007268203077082799,0.27011479985245634,0.183071191580908,-3.371491998901924,0.0
roberta,P,mrpc@s0__trec@s1,mrpc@s0,trec@s1,mrpc,trec,1.0,0.013270597495196435,0.875,0.968,0.08354746857420647,0.8822425595960577,0.7794117647058824,0.912,0.02454452855522371,0.9613705879497014,0.8284313725490197,0.972,0.011939486538417032,0.9736260134971112,0.8504901960784313,0.972,0.013270597495196435,0.9742668835267272,0.8553921568627451,0.964,0.01907812126,0.002141441855,76.09501922,59.91675734,0,0.4977102002,0.4997898031,1.448270979,15.23280525,22.06122977,72,,,,,,,,,,,,,15.232805249510067,22.0612297663874,0.002141441860106083,0.6948486342299877,0.9976577164514671,0.034243366310452314,0.002186818870053925,0.42562917074917916,0.3703704166483531,-3.9592130842671596,0.0
roberta,P,mrpc@s0__wic@s1,mrpc@s0,wic@s1,mrpc,wic,0.7,0.05798319327731094,0.875,0.6661442006269592,0.13170868347338938,0.8557330971815802,0.8112745098039216,0.5391849529780565,0.06420168067226895,0.9303403665485908,0.8161764705882353,0.6253918495297806,0.05798319327731094,0.9324734329277684,0.7941176470588235,0.6504702194357367,0.10061624649859946,0.883955798552287,0.7524509803921569,0.6253918495297806,0.02660802772,0.005901604315,73.29953506,45.87445886,0,0.4940988597,0.4993813303,1.702192158,15.23280525,25.92916164,72,,,,,,,,,,,,,15.232805249510067,25.929161637812566,0.005901604330107203,0.682619969145357,0.9936305204364402,0.08934625080556968,0.005912570214403418,0.5584043021520492,0.531916925070908,-3.6265423147401656,0.0
roberta,P,mrpc@s0__yelp_polarity@s1,mrpc@s0,yelp_polarity@s1,mrpc,yelp_polarity,0.7,0.012220554400383943,0.875,0.9562,0.06757856876279056,0.9288438366068201,0.7769607843137255,0.9341,0.027406277298620774,0.964143270273527,0.8308823529411765,0.952,0.012220554400383943,0.9810669960236174,0.8602941176470589,0.9489,0.03823857507864059,0.9725509097481625,0.8553921568627451,0.9045,0.01997091834,0.0008483700003,75.86762336,51.70355155,0,0.4989495445,0.4998147929,2.644689751,15.23280525,40.28604393,72,,,,,,,,,,,,,15.232805249510067,40.28604392732095,0.0008483699978761837,0.6443416682547637,0.998749983593963,0.018029024626974262,0.0008170524024931694,1.0184621613370444,0.9725537620221835,-3.9134781466327673,0.0
roberta,P,qnli@s0__scitail@s1,qnli@s0,scitail@s1,qnli,scitail,0.5,0.024816992257871706,0.920190371590701,0.9547546012269938,0.10391460410969522,0.9079486370607117,0.8612483983159436,0.8174846625766872,0.024816992257871706,0.9771893608300597,0.9040820062236866,0.924079754601227,0.02604809530543095,0.9769608226912467,0.9092073952041003,0.9164110429447853,0.03334268044926869,0.9645961610197982,0.9024345597656965,0.9095092024539877,0.02214630202,0.004888395654,75.04842454,58.77252214,0,0.4947197777,0.4993011687,1.778351321,41.91882088,23.57173208,72,,,,,,,,,,,,,41.91882088090976,23.5717320815822,0.004888395647518849,0.679474528704085,0.9948698808393321,0.08049893959958314,0.004773207266429686,0.6018738210073975,0.575686710936045,-3.8100847481219797,0.0
roberta,P,qnli@s0__snli@s1,qnli@s0,snli@s1,qnli,snli,0.7,0.024266065846406337,0.920190371590701,0.8942288152814468,0.1668643342539311,0.8524393019532828,0.7616694124107634,0.7498475919528551,0.04129949155143975,0.9678621296357861,0.8702178290316676,0.8689290794553952,0.024266065846406337,0.9792351815954623,0.8879736408566722,0.882137776874619,0.03710551590889932,0.9704047474132684,0.8879736408566722,0.8591749644381224,0.0187576089,0.001873492016,76.50604453,61.49986154,0,0.4976497934,0.499685623,1.019711494,41.91882088,41.10851073,72,,,,,,,,,,,,,41.91882088090976,41.10851072861576,0.0018734919971384082,0.7064118151197266,0.9981245011153382,0.020678065059818534,0.0018856511699852487,0.0970588760093397,0.019519738267243396,-3.976155800883514,0.0
roberta,P,qnli@s0__sst2@s1,qnli@s0,sst2@s1,qnli,sst2,1.0,0.016839993132439446,0.920190371590701,0.9380733944954128,0.06130173347541856,0.9375385374275496,0.8253706754530478,0.9197247706422018,0.016112989854784154,0.9762609446294241,0.890536335346879,0.9380733944954128,0.012049480482655195,0.9821802935010482,0.8991396668497162,0.9369266055045872,0.016839993132439446,0.9843075595017882,0.8993227164561596,0.9277522935779816,0.01714069554,0.000930599755,77.28985986,68.44063551,0,0.4986928256,0.4997899797,1.012535403,41.91882088,42.44429019,72,,,,,,,,,,,,,41.91882088090976,42.44429019389358,0.0009305997654781928,0.7067643096730654,0.9990471753316531,0.009439912242096279,0.000944140011625526,0.10932265273961335,0.012457485313189342,-4.066299786705858,0.0
roberta,P,qnli@s0__stsb@s1,qnli@s0,stsb@s1,qnli,stsb,0.7,0.0283351278769316,0.920190371590701,0.9036460053747896,0.08873605333839829,0.9142443790626498,0.7891268533772653,0.8719811347962226,0.03180004433484618,0.9687306007705436,0.8725974739154311,0.892911250645202,0.0283351278769316,0.9717460662219795,0.881017755811825,0.8909044752407363,0.03413502390030154,0.961534190283764,0.8815669046311551,0.8798830939790799,0.02297496797,0.003164479654,74.81020783,62.13273539,0,0.4953737229,0.4993641936,2.291513182,41.91882088,18.29307429,72,,,,,,,,,,,,,41.91882088090976,18.293074292113648,0.003164479645202093,0.6574859906814212,0.9953515806404154,0.02778641252930038,0.003255035100233372,0.8816012930545732,0.8292123775143186,-3.773350004865406,0.0
roberta,P,qnli@s0__trec@s1,qnli@s0,trec@s1,qnli,trec,0.7,0.027368121236233445,0.920190371590701,0.968,0.06658136969455852,0.9158068395357513,0.8242723778143877,0.94,0.02820903484818349,0.9578704014792194,0.8663737872963573,0.97,0.027368121236233445,0.9659303395206904,0.8755262676185246,0.962,0.03857126064705141,0.9606781145514495,0.8777228628958448,0.938,0.01954519721,0.002413664283,75.81514424,63.76836473,0,0.4971573181,0.4996401351,1.90011261,41.91882088,22.06122977,72,,,,,,,,,,,,,41.91882088090976,22.0612297663874,0.002413664295728867,0.6746564254081233,0.9971547125051207,0.025228223930701565,0.0023847117518731214,0.6764808719216265,0.641913152837144,-3.9350256897395175,0.0
roberta,P,qnli@s0__wic@s1,qnli@s0,wic@s1,qnli,wic,0.7,0.10823459202658592,0.920190371590701,0.6661442006269592,0.21405890544003547,0.8158396483671564,0.6756360973823906,0.5579937304075235,0.11588715056342802,0.896624795113597,0.7935200439319056,0.603448275862069,0.10823459202658592,0.897142983146026,0.7816218195130881,0.622257053291536,0.16133865362337496,0.8475417306745264,0.7228628958447739,0.5940438871473355,0.02013427504,0.002776365522,75.79065567,59.77505139,0,0.4968048852,0.4996227983,1.616667036,41.91882088,25.92916164,72,,,,,,,,,,,,,41.91882088090976,25.929161637812566,0.0027763655162756874,0.6873990416299982,0.9970014802273782,0.025382764543821545,0.002742052834039284,0.49551772606291844,0.48036664473486423,-3.9053316902933903,0.0
roberta,P,qnli@s0__yelp_polarity@s1,qnli@s0,yelp_polarity@s1,qnli,yelp_polarity,0.7,0.01406365051437164,0.920190371590701,0.9562,0.05890628381265328,0.9414651538589822,0.8407468423942889,0.9261,0.022626582403567075,0.981904964547164,0.8934651290499726,0.9407,0.01406365051437164,0.989342871765971,0.9070107999267801,0.943,0.013890313370339413,0.9849401643539418,0.9082921471718836,0.942,0.01724211368,0.001124566084,77.03686207,63.12029445,0,0.4987838393,0.4997522507,1.040529593,41.91882088,40.28604393,72,,,,,,,,,,,,,41.91882088090976,40.28604392732095,0.001124566078465344,0.7065704740918675,0.998836147827863,0.01286730171408294,0.0011474847969403005,0.12003668449602539,0.039729807581180866,-4.0604004180134945,0.0
roberta,P,scitail@s0__snli@s1,scitail@s0,snli@s1,scitail,snli,0.5,0.03517116979643464,0.9524539877300614,0.8942288152814468,0.07876813149435336,0.9303733290170241,0.8680981595092024,0.8325543588701484,0.03517116979643464,0.9615007426591005,0.9072085889570553,0.8738061369640318,0.03544736077970945,0.9596917012606162,0.8995398773006135,0.8805120910384068,0.048228947047263104,0.9468189435198233,0.8819018404907976,0.8742125584230848,0.02208140024,0.005510487229,75.19294354,58.86796323,0,0.493392612,0.4990153842,1.82580407,22.51529143,41.10851073,72,,,,,,,,,,,,,22.515291426184806,41.10851072861576,0.005510487236154605,0.6771481034989091,0.9934028702994661,0.062165263372267104,0.005603028087697769,0.6400091824650085,0.6020204763061792,-3.8130196429173275,0.0
roberta,P,scitail@s0__sst2@s1,scitail@s0,sst2@s1,scitail,sst2,1.0,0.0244961395965968,0.9524539877300614,0.9380733944954128,0.17543279433361292,0.8598766394649757,0.6357361963190185,0.9208715596330275,0.028627224013638486,0.9632354852123292,0.9049079754601227,0.9311926605504587,0.017801952053041692,0.9808353691286795,0.9325153374233128,0.9243119266055045,0.0244961395965968,0.9823849559055391,0.9279141104294478,0.9162844036697247,0.01831254977,0.0007520590938,76.46672947,66.74362936,0,0.4990142199,0.4997715126,1.885131726,22.51529143,42.44429019,72,,,,,,,,,,,,,22.515291426184806,42.44429019389358,0.0007520590871597029,0.6757985303878795,0.9988200176185675,0.01620422774810988,0.0008523882055070376,0.6749351165227317,0.6339976996255078,-4.000168674392845,0.0
roberta,P,scitail@s0__stsb@s1,scitail@s0,stsb@s1,scitail,stsb,0.5,0.013494216098655643,0.9524539877300614,0.9036460053747896,0.10230163777474832,0.9128169283749591,0.7914110429447853,0.8715474601201005,0.013494216098655643,0.9818539774534205,0.9325153374233128,0.8981749215328252,0.023075544401328862,0.9702839486620107,0.9125766871165644,0.8997755685434992,0.04006999579180226,0.947690636786485,0.8995398773006135,0.8814303779636511,0.02942812017,0.005710801133,72.40152387,56.97387169,0,0.4933163796,0.4991268052,1.230809599,22.51529143,18.29307429,72,,,,,,,,,,,,,22.515291426184806,18.293074292113648,0.005710801132012892,0.7013945386696835,0.9939920182292222,0.03281705811314794,0.005843925205785586,0.22268874079960696,0.207672163427863,-3.5258045933945628,0.0
roberta,P,scitail@s0__trec@s1,scitail@s0,trec@s1,scitail,trec,1.0,0.008735244407181209,0.9524539877300614,0.968,0.16381868753410256,0.8483227367621939,0.6679447852760736,0.94,0.02128332069043526,0.9627074742490381,0.9079754601226994,0.972,0.009942973875780248,0.9833955899860246,0.9394171779141104,0.962,0.008735244407181209,0.9854509222036267,0.941717791411043,0.962,0.01847474874,0.001391031026,76.13126402,66.81529381,0,0.4984049276,0.499774303,1.020581883,22.51529143,22.06122977,72,,,,,,,,,,,,,22.515291426184806,22.0612297663874,0.0013910310232600842,0.7065789364792648,0.9985407814783361,0.02264357616680498,0.0014305261368853753,0.2685064430961141,0.020372938167426077,-3.9913504122403523,0.0
roberta,P,scitail@s0__wic@s1,scitail@s0,wic@s1,scitail,wic,0.5,0.027250165766789847,0.9524539877300614,0.6661442006269592,0.16949701619778346,0.855421159214055,0.7730061349693251,0.5658307210031348,0.027250165766789847,0.9496572437195556,0.9095092024539877,0.6598746081504702,0.07364023870417735,0.902719473482568,0.8144171779141104,0.664576802507837,0.12894951217201855,0.8105782387389853,0.6978527607361963,0.6724137931034483,0.02262315481,0.001731624406,74.45050532,57.15215342,0,0.49771308,0.4996700993,1.151624518,22.51529143,25.92916164,72,,,,,,,,,,,,,22.515291426184806,25.929161637812566,0.0017316243959923884,0.7047536554762319,0.9980390239805179,0.01791938389975617,0.001834097930998245,0.20052669899740735,0.14117356990785054,-3.7887813480810824,0.0
roberta,P,scitail@s0__yelp_polarity@s1,scitail@s0,yelp_polarity@s1,scitail,yelp_polarity,0.7,0.010854408604106247,0.9524539877300614,0.9562,0.1742392474775185,0.8635881899541815,0.647239263803681,0.9294,0.029608528255800515,0.96536847514238,0.9072085889570553,0.945,0.010854408604106247,0.9824299875818953,0.9386503067484663,0.9493,0.016407286491314732,0.9746611784353189,0.9340490797546013,0.9433,0.019669229,0.001409501512,75.84361488,63.96431184,0,0.4984307134,0.4996624935,1.789274816,22.51529143,40.28604393,72,,,,,,,,,,,,,22.515291426184806,40.28604392732095,0.0014095015137272982,0.6799834898481468,0.9983646953626556,0.02202747720541731,0.0013909104438242822,0.6187478006093577,0.5818104070387824,-3.928699844095696,0.0
roberta,P,snli@s0__sst2@s1,snli@s0,sst2@s1,snli,sst2,0.7,0.015741953339329817,0.8940256045519204,0.9380733944954128,0.12442442475820348,0.8783566498517539,0.6912212964844544,0.9174311926605505,0.027520006024245314,0.9777027499740659,0.8524690103637472,0.930045871559633,0.015741953339329817,0.9861282999568168,0.8702499491973176,0.9334862385321101,0.025079603122270866,0.9816278379688936,0.8655761024182077,0.9208715596330275,0.01782185113,0.002220802414,76.79375226,63.6011986,0,0.4979653162,0.4997689636,1.028091511,41.28454494,42.44429019,72,,,,,,,,,,,,,41.28454494063515,42.44429019389358,0.002220802440187483,0.7062554681621128,0.9977253475946714,0.02074162831892838,0.0022604217664645623,0.11775857452964024,0.027704181553553604,-4.027329982985513,0.0
roberta,P,snli@s0__stsb@s1,snli@s0,stsb@s1,snli,stsb,0.5,0.03155933305536762,0.8940256045519204,0.9036460053747896,0.06218866971776482,0.952493726128725,0.8393619183092867,0.8465048288439387,0.03155933305536762,0.971756329063449,0.8703515545620809,0.8705378757943797,0.030400201340002098,0.9634147771277393,0.8737045315992684,0.8692437076426244,0.05087631230606182,0.9416726690519013,0.8525706157285105,0.853598728888234,0.02461674289,0.006470406368,74.17888682,45.9749411,0,0.4920831705,0.4988195042,2.256840173,41.28454494,18.29307429,72,,,,,,,,,,,,,41.28454494063515,18.293074292113648,0.006470406375795862,0.658113631686423,0.9897269060234327,0.07619471080963153,0.007185107079318147,0.8577411711077956,0.8139656814157022,-3.7043284622660066,0.0
roberta,P,snli@s0__trec@s1,snli@s0,trec@s1,snli,trec,1.0,0.014236802829773243,0.8940256045519204,0.968,0.10716868652429512,0.8834885681956319,0.7430400325137168,0.924,0.022673031026253065,0.9800348827990804,0.8534850640113798,0.968,0.012160472780997855,0.989963988074503,0.8722820564925828,0.968,0.014236802829773243,0.9906462687176727,0.8741109530583214,0.962,0.0171893655,0.001900294709,77.10412651,65.39349513,0,0.4981977355,0.4997554355,1.871361904,41.28454494,22.06122977,72,,,,,,,,,,,,,41.28454494063515,22.0612297663874,0.001900294701143914,0.676102647138824,0.9978906873223797,0.025194646505852528,0.0018406079833772025,0.6589017572747239,0.6266664567004554,-4.063464371263371,0.0
roberta,P,snli@s0__wic@s1,snli@s0,wic@s1,snli,wic,0.7,0.036188738025042966,0.8940256045519204,0.6661442006269592,0.12543230179900122,0.8889170013488901,0.8233082706766918,0.5517241379310345,0.06525955489594404,0.9464345864547055,0.8593781751676488,0.6050156739811913,0.036188738025042966,0.9470640684656948,0.8587685429790693,0.6442006269592476,0.05473670136312281,0.9202165844885268,0.8298110140215403,0.6410658307210031,0.02179631261,0.005969696456,75.28477155,47.75792486,0,0.4940301853,0.4992711985,1.592205159,41.28454494,25.92916164,72,,,,,,,,,,,,,41.28454494063515,25.929161637812566,0.005969696455585019,0.6875002961572645,0.9941920458763248,0.09860833790923106,0.005794880171370286,0.47796440128183104,0.4651199478379242,-3.826014469824223,0.0
roberta,P,snli@s0__yelp_polarity@s1,snli@s0,yelp_polarity@s1,snli,yelp_polarity,0.7,0.013764208863745186,0.8940256045519204,0.9562,0.08787764049455249,0.9184596671774478,0.7691526112578744,0.9217,0.023109116452571854,0.9849198351985786,0.8683194472668156,0.9395,0.013764208863745186,0.9945867145250631,0.8796992481203008,0.9452,0.017940195852816476,0.9868176750120738,0.8763462710831131,0.9408,0.01755520229,0.001370195362,76.71828425,56.9777117,0,0.4983126396,0.4997327298,1.024785283,41.28454494,40.28604393,72,,,,,,,,,,,,,41.28454494063515,40.28604392732095,0.0013701953642840112,0.7065700515929456,0.9985232383369085,0.02012641594030845,0.0014291676340731094,0.119166149785613,0.024483110646371632,-4.042404946215373,0.0
roberta,P,sst2@s0__stsb@s1,sst2@s0,stsb@s1,sst2,stsb,0.7,0.019990872090575262,0.9495412844036697,0.9036460053747896,0.06290365925519503,0.9271108084179185,0.9105504587155964,0.8270669614916416,0.023858826760121188,0.9732492128139676,0.9311926605504587,0.8779878969433313,0.019990872090575262,0.980718759850957,0.9346330275229358,0.8817043407859242,0.02317272849283114,0.9789008036701827,0.9369266055045872,0.873771077311029,0.01803422596,0.00195872923,76.77101909,56.74104053,0,0.4973843567,0.4995714235,2.377322978,43.48854586,18.29307429,72,,,,,,,,,,,,,43.488545856708484,18.293074292113648,0.0019587292264684466,0.6542950163207406,0.9969074275446191,0.05942716369603732,0.002142537779693613,0.9152588643522216,0.865975055462389,-4.0154838843167315,0.0
roberta,P,sst2@s0__trec@s1,sst2@s0,trec@s1,sst2,trec,0.7,0.0165438974727512,0.9495412844036697,0.968,0.047994769832714446,0.9410229645093946,0.9094036697247706,0.916,0.018275641793428332,0.9770354906054279,0.926605504587156,0.956,0.0165438974727512,0.9832985386221295,0.9357798165137615,0.95,0.015161496386792761,0.9832985386221295,0.9403669724770642,0.948,0.01921359816,0.002357278757,76.21582389,63.2420371,0,0.4974054673,0.4997274846,1.971265714,43.48854586,22.06122977,72,,,,,,,,,,,,,43.488545856708484,22.0612297663874,0.0023572787528610547,0.6714707006280396,0.9973340500951061,0.0277516331000988,0.0022766208457387083,0.695677623148687,0.6786758308549679,-3.952137013130225,0.0
roberta,P,sst2@s0__wic@s1,sst2@s0,wic@s1,sst2,wic,1.0,0.01789712986643932,0.9495412844036697,0.6661442006269592,0.11636686558681442,0.8742067497131165,0.9139908256880734,0.5360501567398119,0.060250071042909914,0.9458529773673077,0.9311926605504587,0.5987460815047022,0.021364023870417692,0.97083880601142,0.9357798165137615,0.6473354231974922,0.01789712986643932,0.9712597989741321,0.9311926605504587,0.6551724137931034,0.01918021473,0.001778213095,76.35661018,60.13035244,0,0.4983122932,0.499769358,1.677206015,43.48854586,25.92916164,72,,,,,,,,,,,,,43.488545856708484,25.929161637812566,0.001778213087332466,0.6849798990612068,0.9981702070917225,0.025773325417158356,0.001706645282296922,0.5304116332655588,0.5171293226424065,-3.9538760140733515,0.0
roberta,P,sst2@s0__yelp_polarity@s1,sst2@s0,yelp_polarity@s1,sst2,yelp_polarity,0.7,0.008277026514979302,0.9495412844036697,0.9562,0.022801861636287835,0.9750083831817149,0.9243119266055045,0.938,0.012104323979682086,0.9895767304509611,0.9380733944954128,0.9446,0.008277026514979302,0.9947807933194155,0.9426605504587156,0.9473,0.01186649145621721,0.9864527783486754,0.9392201834862385,0.9439,0.02307981166,0.007530433856,74.71180812,59.58914623,0,0.4909776096,0.4985580856,1.079494078,43.48854586,40.28604393,72,,,,,,,,,,,,,43.488545856708484,40.28604392732095,0.007530433860885017,0.7039528242188405,0.9924373967951088,0.05169923953600652,0.007622037378474059,0.10870915778075751,0.07649248508458811,-3.768796997687492,0.0
roberta,P,stsb@s0__trec@s1,stsb@s0,trec@s1,stsb,trec,1.0,0.017857724821280563,0.9081560138212641,0.968,0.12850749286262986,0.8344139554514947,0.8473710057347416,0.784,0.017569196607450932,0.9692774969964302,0.8781212261075918,0.966,0.014396506713997725,0.9814808134843187,0.8857601763215079,0.964,0.017857724821280563,0.9816904782384719,0.8869789458447846,0.956,0.01883303099,0.003032166279,76.43843976,63.92545177,0,0.4963698237,0.4995993626,1.16889127,18.87363721,22.06122977,72,,,,,,,,,,,,,18.873637213911685,22.0612297663874,0.0030321662655615612,0.7039190875981731,0.9966638919163027,0.04255601347397941,0.003213464154920609,0.2877876691839009,0.15605566704351298,-3.972142983255031,0.0
roberta,P,stsb@s0__wic@s1,stsb@s0,wic@s1,stsb,wic,0.5,0.017386094642781624,0.9081560138212641,0.6661442006269592,0.10383985684210595,0.8864741392042679,0.8669922327812503,0.5579937304075235,0.017386094642781624,0.9662723264296036,0.8893984670853251,0.6567398119122257,0.011047661226758154,0.9625971015863317,0.8795426631394654,0.6724137931034483,0.07868062032963019,0.9054559998335798,0.8186683987636675,0.6269592476489029,0.02820745207,0.002573331839,72.94195933,42.55872579,0,0.4967743468,0.4994328169,1.373829609,18.87363721,25.92916164,72,,,,,,,,,,,,,18.873637213911685,25.929161637812566,0.002573331846719718,0.6976448423289486,0.9965556755533209,0.02633169440196133,0.002890403223966925,0.3474208671170872,0.31760217519313744,-3.5681690781465933,0.0
roberta,P,stsb@s0__yelp_polarity@s1,stsb@s0,yelp_polarity@s1,stsb,yelp_polarity,0.7,0.011624419539138842,0.9081560138212641,0.9562,0.0450565196805659,0.9457832268046784,0.851962708187699,0.9292,0.01665850082973752,0.9850135449668467,0.8865417515932829,0.9471,0.011624419539138842,0.9933596929214099,0.8928359481021988,0.9501,0.014455878301574021,0.9863937056906888,0.8902574747948097,0.9474,0.01998681882,0.001554918879,76.10386768,54.31238235,0,0.4979901852,0.4996953128,2.134514056,18.87363721,40.28604393,72,,,,,,,,,,,,,18.873637213911685,40.28604392732095,0.0015549188873633974,0.6644984339585487,0.9979257170232052,0.04080773275036942,0.0015872520954235436,0.8023376242718948,0.7582390123429444,-3.912682281702999,0.0
roberta,P,trec@s0__wic@s1,trec@s0,wic@s1,trec,wic,0.7,0.048380836870830835,0.97,0.6661442006269592,0.1300424499696785,0.8468083341398333,0.914,0.5313479623824452,0.06367495451788963,0.9269898657523261,0.972,0.5799373040752351,0.048380836870830835,0.9688126477623082,0.972,0.6003134796238244,0.035742874469375296,0.9676063542977229,0.96,0.6253918495297806,0.01982380078,0.002329577421,75.88733289,61.55860007,0,0.4975515031,0.4997500372,1.167493185,22.20926167,25.92916164,72,,,,,,,,,,,,,22.209261674452108,25.929161637812566,0.0023295774067068056,0.704194933563723,0.997706406381434,0.034240256670788664,0.00232790568725401,0.21013749215879354,0.1548588732847779,-3.9208720035808744,0.0
roberta,P,trec@s0__yelp_polarity@s1,trec@s0,yelp_polarity@s1,trec,yelp_polarity,0.7,0.0030477167999620747,0.97,0.9562,0.034341152802006225,0.9541732019427347,0.926,0.9339,0.0073431775692873735,0.9843878113946369,0.966,0.9461,0.0030477167999620747,0.9906357155992082,0.972,0.9484,0.00512445095168379,0.989085097407163,0.97,0.9464,0.01637884078,0.0002132967651,77.14882066,64.0950876,0,0.4999585014,0.499914446,1.813929905,22.20926167,40.28604393,72,,,,,,,,,,,,,22.209261674452108,40.28604392732095,0.00021329675166911202,0.6792007810113182,0.9998764206292625,0.011378165439702994,0.00016405721276860458,0.6170821591359175,0.5954957098217708,-4.11176497351333,0.0
roberta,P,wic@s0__yelp_polarity@s1,wic@s0,yelp_polarity@s1,wic,yelp_polarity,1.0,0.011512036036194218,0.6724137931034483,0.9562,0.10828458998297952,0.8723108808290155,0.54858934169279,0.9252,0.05214770588123452,0.9377858376511227,0.6112852664576802,0.9434,0.02166574274919808,0.9776338514680484,0.6489028213166145,0.9482,0.011512036036194218,0.9872642487046632,0.6661442006269592,0.9431,0.0188655862,0.003339721822,76.33153583,55.25284116,0,0.4969235036,0.4996981974,1.581181714,25.47844032,40.28604393,72,,,,,,,,,,,,,25.478440321304518,40.28604392732095,0.003339721827293183,0.6887980490664379,0.9960869645985128,0.07405737697424095,0.0035529777031009513,0.4857972993774673,0.4581724877390676,-3.9704158526322524,0.0
qwen,R0,cola@s0__sst2@s0,cola@s0,sst2@s0,cola,sst2,0.7,0.006215720520194479,0.8082454458293384,0.9323394495412844,0.1241918469006753,0.8612056237579251,0.7526366251198466,0.7649082568807339,0.024952616074203404,0.974195493023945,0.7967401725790988,0.8990825688073395,0.006215720520194479,0.9850076120996624,0.8111217641418984,0.9174311926605505,0.024184405545123022,0.9808215958843575,0.7900287631831256,0.908256880733945,0.06006719549,0.01102063492,67.47537182,14.57496959,2,0.4921356634,0.4942618038,1.452326618,19.61616016,13.50671393,168,0.053619344022621696,0.9516982900874116,0.7593480345158198,0.8887614678899083,0.07396050828835699,0.9264947047373826,0.7344199424736337,0.8795871559633027,0.17808039290357314,0.8546421035960785,0.6347075743048898,0.8004587155963303,19.61616015749152,13.506713928514078,0.011020634919453681,0.6918247847162318,0.98993988721674,0.43711692986659345,0.010849711198962952,0.41171430787895114,0.3731668346327736,-2.812291418574697,0.011904761904761904
qwen,R0,cola@s0__mrpc@s0,cola@s0,mrpc@s0,cola,mrpc,0.5,0.011077783426537757,0.8082454458293384,0.8578431372549019,0.05930520250804938,0.9322044076142437,0.763183125599233,0.803921568627451,0.011077783426537757,0.9722822714625994,0.8111217641418984,0.8357843137254902,0.012021691238773058,0.9710612702415982,0.8072866730584851,0.8382352941176471,0.03032536858159629,0.9657168878480356,0.7938638542665388,0.821078431372549,0.0557520991,0.01022886554,68.29282403,18.44942898,2,0.4905633428,0.4948522239,1.873445741,19.61616016,10.47063159,168,0.09763429927130995,0.8956294161212195,0.7612655800575263,0.7401960784313726,0.1780172852058972,0.8454382593726857,0.7190795781399808,0.6470588235294118,0.38692763938315533,0.6416161252226826,0.6030680728667306,0.4117647058823529,19.61616015749152,10.47063159233876,0.010228865536062809,0.6736848644171268,0.9891528915741948,0.39683494504357986,0.010145886599737277,0.6523864561809057,0.6277793775298431,-2.886840217332791,0.011904761904761904
qwen,R0,cola@s0__stsb@s0,cola@s0,stsb@s0,cola,stsb,0.7,0.03296471726217198,0.8082454458293384,0.9081516081242773,0.13545349906038573,0.8708733937054697,0.7689357622243528,0.7062956843032686,0.03909662249633139,0.9727793565183095,0.8082454458293384,0.837140286939735,0.03296471726217198,0.9834115900806139,0.8053691275167785,0.8515095423949403,0.06033538430197383,0.9723943710901619,0.7833173537871524,0.8265736764541498,0.05090677685,0.005991306386,69.49992223,27.07282516,1,0.4942930888,0.4964785537,1.656634883,19.61616016,11.84096771,168,0.10503238108182034,0.930831474688804,0.75071907957814,0.7820180816885237,0.14843240721785733,0.8939715152039478,0.7209971236816874,0.7365863226179588,0.3177076725213328,0.736143224702237,0.5800575263662512,0.58749207039276,19.61616015749152,11.840967708428602,0.005991306384875358,0.6846369605415938,0.9924870977430718,0.23206379746478778,0.0066278306785146025,0.5337243116191067,0.5047883659445159,-2.977759223816553,0.005952380952380952
qwen,R0,cola@s0__mnli@s0,cola@s0,mnli@s0,cola,mnli,1.0,0.05945065055863408,0.8082454458293384,0.8486,0.2936158333773665,0.7130834976988824,0.7325023969319271,0.4298,0.14334530196829665,0.8600826523903448,0.7670182166826462,0.6486,0.08198179459071375,0.9232365924673618,0.788111217641419,0.7306,0.05945065055863408,0.941025641025641,0.7938638542665388,0.7628,0.06064641206,0.01427940776,66.61156922,15.25407525,2,0.4901412748,0.4937347105,1.257293447,19.61616016,15.60189485,168,0.059792431830362425,0.9290973983281676,0.7967401725790988,0.7592,0.07169830205300809,0.9146520146520147,0.7957813998082455,0.74,0.16438323228070295,0.826007326007326,0.7229146692233941,0.6592,19.61616015749152,15.601894852087403,0.014279407761595577,0.697720666693999,0.9876694746517801,0.657065539439284,0.014510178682539563,0.2864133511622635,0.22896135264127496,-2.802694803462351,0.011904761904761904
qwen,R0,cola@s0__qnli@s0,cola@s0,qnli@s0,cola,qnli,0.7,-0.00034502921712054047,0.8082454458293384,0.919,0.15798594841729297,0.8381747451514894,0.7574304889741131,0.6864,0.025673891240285185,0.9640940454893944,0.8168744007670182,0.862,-0.00034502921712054047,0.9839282164863561,0.8341323106423778,0.8902,0.02014129030342693,0.9657409773688843,0.8101629913710451,0.8798,0.05529059392,0.008986620342,68.20198001,21.86027889,2,0.4922613683,0.494761177,1.319148138,19.61616016,14.87032396,168,0.06803516638979135,0.9167731493312888,0.7545541706615532,0.855,0.12400270034089866,0.8709714058551268,0.7027804410354745,0.811,0.2884413276073715,0.7174092057812989,0.5896452540747843,0.6374,19.61616015749152,14.870323958966841,0.00898662033255544,0.6974938491108019,0.9906555570997105,0.3902908252013159,0.009804034173206319,0.36284967442220245,0.27698617827033384,-2.8951524767836774,0.011904761904761904
qwen,R0,cola@s0__rte@s0,cola@s0,rte@s0,cola,rte,0.7,0.09446477202479397,0.8082454458293384,0.7689530685920578,0.19943862463034434,0.780858349823867,0.7325023969319271,0.5342960288808665,0.1192755584515397,0.8667705219429358,0.7861936720997124,0.6064981949458483,0.09446477202479397,0.8794226208019311,0.8111217641418984,0.6209386281588448,0.12797186440111608,0.851690455138731,0.8024928092042186,0.5776173285198556,0.05112734478,0.006123261023,69.21258115,29.48002635,1,0.4936881683,0.4958056411,2.479598332,19.61616016,7.91102329,168,0.17860424707199307,0.8107167417512245,0.7775647171620326,0.5234657039711191,0.19521160175763952,0.7828231793749035,0.75071907957814,0.5234657039711191,0.31405276260170756,0.6835501663087871,0.6155321188878236,0.4693140794223827,19.61616015749152,7.911023290407686,0.006123261023352934,0.6493427071920872,0.9926729213731308,0.28110815670332395,0.0056717686738688294,0.9422329975884988,0.9080965841562577,-2.9734358020033955,0.005952380952380952
qwen,R0,cola@s0__wic@s0,cola@s0,wic@s0,cola,wic,0.7,0.027048167858347738,0.8082454458293384,0.6833855799373041,0.13852204337936813,0.837956487956488,0.7641418983700863,0.5313479623824452,0.05631101243919168,0.9355699855699857,0.8024928092042186,0.6112852664576802,0.027048167858347738,0.9574647574647575,0.8034515819750719,0.6504702194357367,0.04567158575206509,0.9465922965922966,0.7622243528283796,0.6598746081504702,0.0685412398,0.01706416664,64.80385574,13.93573047,4,0.486246419,0.4848443699,1.351331003,19.61616016,14.5161771,168,0.09798584130508137,0.8749084249084249,0.6999041227229147,0.6410658307210031,0.15164413899681128,0.8147463647463649,0.6279961649089166,0.6285266457680251,0.2372139149172352,0.725879675879676,0.5378715244487057,0.5877742946708464,19.61616015749152,14.51617710242619,0.017064166646299474,0.6937058637014056,0.9841729558971282,0.7038201434425755,0.017647454017225353,0.31543755699710685,0.3010900348905522,-2.680319673991949,0.023809523809523808
qwen,R0,cola@s0__snli@s0,cola@s0,snli@s0,cola,snli,0.5,0.046306319016564346,0.8082454458293384,0.8778,0.10227809900033158,0.8973766118274789,0.7488015340364333,0.7628,0.046306319016564346,0.952789599610409,0.7967401725790988,0.809,0.042830709903195485,0.9526011560693641,0.8130393096836049,0.7974,0.05880318719801769,0.9334286137754346,0.8120805369127517,0.7704,0.05354564984,0.00448459599,69.09655109,30.86899687,0,0.4958371607,0.4973859095,1.597824005,19.61616016,12.2767965,168,0.09792720234750574,0.9115543416121451,0.7775647171620326,0.7392,0.12311472631757336,0.8878161016889341,0.763183125599233,0.7106,0.21561019987691643,0.7870764431458073,0.6845637583892618,0.6336,19.61616015749152,12.276796501283137,0.00448459598162488,0.6877102306638117,0.9956581291510858,0.26315778778638865,0.004340725247405872,0.5011939814807468,0.4686427067356499,-2.927220720869019,0.0
qwen,R0,cola@s0__scitail@s0,cola@s0,scitail@s0,cola,scitail,0.5,0.019520326799058907,0.8082454458293384,0.9593558282208589,0.063473776139231,0.9246097627392592,0.7670182166826462,0.8865030674846626,0.019520326799058907,0.9850624994509887,0.7986577181208053,0.933282208588957,0.06036736447141222,0.9491747261531434,0.75071907957814,0.9118098159509203,0.11921423715120427,0.8851072987763636,0.6749760306807286,0.8888036809815951,0.05385045908,0.006891188795,68.57965794,20.94056042,2,0.4949139975,0.4935013125,1.407547774,19.61616016,13.93640807,168,0.18806591737286338,0.8255769011164695,0.6011505273250239,0.8443251533742331,0.24095456730700837,0.7844888924025615,0.5608820709491851,0.7906441717791411,0.37686292247340913,0.6657267592519391,0.473633748801534,0.6334355828220859,19.61616015749152,13.936408074645941,0.006891188784435725,0.6949308356782095,0.9938519935895307,0.45730566657738775,0.0069402756947436195,0.38667742716771225,0.34184902290683095,-2.92154435025359,0.011904761904761904
qwen,R0,cola@s0__ag_news@s0,cola@s0,ag_news@s0,cola,ag_news,0.7,0.00012104228872455991,0.8082454458293384,0.9418,0.042518591516157334,0.9507368510533069,0.7698945349952061,0.9064,0.006758971173294048,0.9835126195885691,0.8120805369127517,0.9246,0.00012104228872455991,0.9887868811919447,0.8178331735378715,0.9304,0.012620516428625272,0.9838198018577766,0.7986577181208053,0.9292,0.04787596012,0.002909158251,70.42183906,26.57956533,2,0.4976861427,0.4985639384,1.317751047,19.61616016,14.8860896,168,0.05157635853909892,0.9414131929954715,0.7497603068072867,0.9128,0.08600703279628852,0.9064987403594998,0.713326941514861,0.8904,0.2254697914470335,0.7686106088004823,0.6078619367209971,0.7506,19.61616015749152,14.886089597168459,0.002909158259540106,0.699574644586264,0.9968379534443779,0.27293845583923776,0.0032613291490283746,0.3858744217494724,0.27592653128900474,-3.039141776956572,0.011904761904761904
qwen,R0,cola@s0__imdb@s0,cola@s0,imdb@s0,cola,imdb,0.7,0.01029022761160725,0.8082454458293384,0.9464,0.08048016633425892,0.9182703055942493,0.7603068072866731,0.8502,0.009526642260011986,0.9922096682660063,0.8111217641418984,0.925,0.01029022761160725,0.9955889181241295,0.8092042186001918,0.9258,0.05186226083433865,0.9722695145230358,0.763183125599233,0.901,0.05131001241,0.00346269059,69.5302909,34.55988945,0,0.4971480224,0.4953949086,1.45647748,19.61616016,13.46822071,168,0.13148019741915173,0.8855354348312094,0.7123681687440077,0.8098,0.20799591183522204,0.7938571600543431,0.673058485139022,0.711,0.37317702144556786,0.6313608144594061,0.5522531160115053,0.5398,19.61616015749152,13.468220711754055,0.0034626906015447507,0.6940848974062318,0.9960442840050043,0.30272771918252706,0.0036558448864854043,0.4112084852476295,0.37602083557450927,-2.969869372165108,0.0
qwen,R0,cola@s0__trec@s0,cola@s0,trec@s0,cola,trec,0.7,0.0029655990510082386,0.8082454458293384,0.976,0.08055976897497219,0.9059803569198142,0.7277085330776606,0.916,0.023078194582190847,0.9661854035549233,0.7775647171620326,0.968,0.0029655990510082386,0.9858890239892328,0.8034515819750719,0.976,0.003828539758473859,0.971423728208697,0.8053691275167785,0.972,0.0498747782,0.002684842996,70.15408269,22.60958011,2,0.4970933667,0.4989885379,1.416354615,19.61616016,13.849752,168,0.028309316842657917,0.9493953622346107,0.7823585810162992,0.952,0.05074091359897315,0.9301537594857011,0.7593480345158198,0.936,0.13949861929486806,0.8495243448270589,0.6970278044103547,0.838,19.61616015749152,13.849751997886662,0.002684843000268311,0.6959581601901835,0.9967730536682016,0.144081009575881,0.0029518861923537344,0.43168763823803086,0.3480863982401216,-2.9982398508997927,0.011904761904761904
qwen,R0,cola@s0__yelp_polarity@s0,cola@s0,yelp_polarity@s0,cola,yelp_polarity,0.5,0.008245782204842289,0.8082454458293384,0.9712,0.050249071234959475,0.943078472761175,0.7603068072866731,0.9312,0.008245782204842289,0.9907256396509212,0.800575263662512,0.9644,0.012167017457460516,0.980445859156197,0.7929050814956855,0.966,0.04591695150097408,0.9538619006377451,0.7440076701821668,0.9592,0.05146281584,0.003166640664,69.58870407,25.98795308,1,0.4981231326,0.496611649,1.434206134,19.61616016,13.67736457,168,0.10830506975753418,0.9086486128451328,0.6596356663470757,0.9394,0.14580682859716898,0.8684180598203117,0.6164908916586769,0.9184,0.25618207703326745,0.7377771779000029,0.5043144774688398,0.8388,19.61616015749152,13.67736457006224,0.0031666406633664994,0.6950869323827237,0.9963056178437928,0.24106352082419077,0.00345149185695638,0.4102509212993491,0.360611479406013,-2.9668957546205164,0.005952380952380952
qwen,R0,sst2@s0__mrpc@s0,sst2@s0,mrpc@s0,sst2,mrpc,0.5,0.03940432261465476,0.9323394495412844,0.8578431372549019,0.05009664382358103,0.9159738077273574,0.8922018348623854,0.8088235294117647,0.03940432261465476,0.9715772686741204,0.9254587155963303,0.7965686274509803,0.05430504305043049,0.964762182395422,0.9243119266055045,0.7720588235294118,0.0728958003865754,0.9460892869391395,0.9162844036697247,0.7475490196078431,0.05486424922,0.008794473953,68.43243319,24.25312424,3,0.4937645727,0.4947651902,1.289961719,13.50671393,10.47063159,168,0.10741873133017044,0.9142002194937925,0.9025229357798165,0.7009803921568627,0.13378668072395006,0.8826859572966989,0.8853211009174312,0.6715686274509803,0.22900193287647164,0.7977839945910459,0.838302752293578,0.5514705882352942,13.506713928514078,10.47063159233876,0.008794473947590111,0.6985370125950103,0.9904660347237046,0.3650507191205628,0.010005538462284792,0.2867561363556388,0.25461254273946493,-2.902893340766786,0.017857142857142856
qwen,R0,sst2@s0__stsb@s0,sst2@s0,stsb@s0,sst2,stsb,0.7,0.022196882428658693,0.9323394495412844,0.9081516081242773,0.16413391911439668,0.8176473087906612,0.8360091743119266,0.7038658054043436,0.04030598977649158,0.9621647096772197,0.9231651376146789,0.8438800104461092,0.022196882428658693,0.9794305792393699,0.9220183486238532,0.8778886780137376,0.025634420094803545,0.9780902802211171,0.9128440366972477,0.8805813684816981,0.05367067269,0.0104047651,68.47961857,23.77123221,1,0.4893748033,0.4953786885,1.140676528,13.50671393,11.84096771,168,0.042432887621386306,0.9696531172237578,0.893348623853211,0.8690598979073977,0.05998874891142614,0.9567873336911283,0.8761467889908257,0.8539286953078249,0.12729224395453853,0.8937570952762561,0.8188073394495413,0.7875370232147186,13.506713928514078,11.840967708428602,0.010404765104499197,0.7019736197322567,0.9880247300716647,0.3341985321314091,0.011630042680454807,0.1686665342458105,0.13162153200122587,-2.924888559054172,0.005952380952380952
qwen,R0,sst2@s0__mnli@s0,sst2@s0,mnli@s0,sst2,mnli,0.7,0.03571702933621368,0.9323394495412844,0.8486,0.30341950956629526,0.7089493946671288,0.713302752293578,0.533,0.07784212416717617,0.9148838850238915,0.8979357798165137,0.7478,0.03571702933621368,0.9625690128989131,0.926605504587156,0.7932,0.04365282634678813,0.9577665816642321,0.930045871559633,0.7766,0.06272081201,0.01885518674,66.2788981,19.44974967,2,0.4856569581,0.4931932275,1.155121441,13.50671393,15.60189485,168,0.06298993581498391,0.9424772845435865,0.9243119266055045,0.749,0.07774587998060056,0.9204730014112055,0.9231651376146789,0.725,0.13448327742763644,0.8695012502785275,0.8944954128440367,0.6548,13.506713928514078,15.601894852087403,0.018855186738468813,0.6987922818316115,0.9828481664858716,0.4790328315120201,0.01930629499450675,0.21002626577410818,0.1442054821694867,-2.7690619564357806,0.011904761904761904
qwen,R0,sst2@s0__qnli@s0,sst2@s0,qnli@s0,sst2,qnli,0.7,0.015583814162407172,0.9323394495412844,0.919,0.19992986654567313,0.7710890476653831,0.7786697247706422,0.703,0.0216773941406444,0.9702508375151171,0.9231651376146789,0.8882,0.015583814162407172,0.9801266814013725,0.9231651376146789,0.8994,0.043983580205769535,0.9593301269130792,0.8967889908256881,0.8732,0.05571881034,0.0118800466,68.02679753,24.20278658,2,0.4884112771,0.495213343,1.100957941,13.50671393,14.87032396,168,0.07751620497706613,0.9412100297937604,0.8577981651376146,0.85,0.09802006833996524,0.9249364044537733,0.8394495412844036,0.8304,0.1534573517661184,0.8729160585125361,0.7981651376146789,0.7692,13.506713928514078,14.870323958966841,0.01188004660117132,0.702152412690446,0.9872246814288367,0.39687280404891584,0.012818493332889137,0.18658679701324032,0.0961806562842645,-2.8874374809804424,0.011904761904761904
qwen,R0,sst2@s0__rte@s0,sst2@s0,rte@s0,sst2,rte,0.7,0.02459158394400851,0.9323394495412844,0.7689530685920578,0.21213381147895993,0.7462033162869983,0.7775229357798165,0.5703971119133574,0.0413613291062489,0.9388556244890107,0.9208715596330275,0.7148014440433214,0.02459158394400851,0.9818281526368382,0.9346330275229358,0.7292418772563177,0.05633802816901401,0.9544244323677306,0.9323394495412844,0.6823104693140795,0.05361821417,0.006255034939,68.76515291,26.86685992,2,0.4931759486,0.4961438245,1.707328298,13.50671393,7.91102329,168,0.10820643417701792,0.9120417127558954,0.9231651376146789,0.6101083032490975,0.1319058261005145,0.8852765620908747,0.9139908256880734,0.5812274368231047,0.17562323510559064,0.8064773401304927,0.8543577981651376,0.5631768953068592,13.506713928514078,7.911023290407686,0.006255034923821724,0.6822840958916411,0.9940507219398957,0.21278640780905125,0.0059488075201429335,0.5668609369556764,0.534929749866296,-2.9258664520254887,0.011904761904761904
qwen,R0,sst2@s0__wic@s0,sst2@s0,wic@s0,sst2,wic,0.7,-0.0030242504259905267,0.9323394495412844,0.6833855799373041,0.16393017141180588,0.7826957561267185,0.823394495412844,0.5391849529780565,0.010288657932450818,0.9586059338151389,0.9174311926605505,0.6802507836990596,-0.0030242504259905267,0.9686518502418083,0.9208715596330275,0.6959247648902821,0.005336165746978594,0.9531231320980276,0.911697247706422,0.6912225705329154,0.06102932494,0.01198767085,67.12804026,19.20791632,5,0.4903500991,0.4925834237,1.074737881,13.50671393,14.5161771,168,0.042948869855671035,0.9211989892952236,0.8864678899082569,0.658307210031348,0.07446229278806549,0.9045155681138944,0.8555045871559633,0.6379310344827587,0.12957728201135232,0.8419483236428844,0.8061926605504587,0.5987460815047022,13.506713928514078,14.51617710242619,0.0119876708470437,0.7024613949323605,0.9882657963152527,0.39928652965022843,0.012565745687966036,0.20778336823494983,0.07207680021995454,-2.7964007936043913,0.02976190476190476
qwen,R0,sst2@s0__snli@s0,sst2@s0,snli@s0,sst2,snli,0.5,0.06595867394080646,0.9323394495412844,0.8778,0.1377130346833202,0.8351724429825622,0.8119266055045872,0.7494,0.06595867394080646,0.9146153288025733,0.9208715596330275,0.7728,0.07302262701369333,0.9085876847171499,0.926605504587156,0.755,0.0886050248062289,0.8864288823856628,0.9128440366972477,0.7406,0.05405289224,0.009743099996,68.67293879,33.07789476,0,0.4900642159,0.4958210257,1.100182277,13.50671393,12.2767965,168,0.1081053018322391,0.8666922630420587,0.8922018348623854,0.7258,0.1294043562445193,0.8486075168694223,0.8635321100917431,0.7154,0.18965688289828897,0.8020878177376836,0.783256880733945,0.6852,13.506713928514078,12.276796501283137,0.009743099998169734,0.7029032026043066,0.9893149080544444,0.2805554298079701,0.010313257538594044,0.207822449903863,0.09547587244017829,-2.917792225875269,0.0
qwen,R0,sst2@s0__scitail@s0,sst2@s0,scitail@s0,sst2,scitail,0.5,0.004796163069544335,0.9323394495412844,0.9593558282208589,0.0736694777019713,0.888557474403024,0.8784403669724771,0.8734662576687117,0.004796163069544335,0.9777114948806048,0.9323394495412844,0.9501533742331288,0.015465118679963696,0.9751238459322202,0.926605504587156,0.9355828220858896,0.021983888903637228,0.963718087096372,0.9174311926605505,0.9325153374233128,0.05452133219,0.01028512568,68.46044085,21.49206628,2,0.491507745,0.4949477199,1.031813374,13.50671393,13.93640807,168,0.059003719533598176,0.9378141837994041,0.8841743119266054,0.8957055214723927,0.08904463145350872,0.9144887915131135,0.8497706422018348,0.8734662576687117,0.16043843891676335,0.8684067091813698,0.801605504587156,0.786042944785276,13.506713928514078,13.936408074645941,0.010285125677568238,0.703413787804422,0.9901368795845523,0.39112566585101,0.010607145842956101,0.1360878307104723,0.031317811558713944,-2.9091632375660517,0.011904761904761904
qwen,R0,sst2@s0__ag_news@s0,sst2@s0,ag_news@s0,sst2,ag_news,0.7,0.01651152421483859,0.9323394495412844,0.9418,0.08252000761672518,0.8994094592447435,0.8119266055045872,0.908,0.01698038641036237,0.9763629221616088,0.9208715596330275,0.9214,0.01651152421483859,0.9805779178362729,0.9185779816513762,0.9246,0.024152280172196505,0.9674717087724874,0.9128440366972477,0.916,0.0514352854,0.008488673313,69.3591735,25.95797175,2,0.4916489071,0.4970293876,1.102125186,13.50671393,14.8860896,168,0.04546813996489929,0.9427003336687676,0.9059633027522935,0.8828,0.07311063554466513,0.9147688152110588,0.8967889908256881,0.84,0.18654746857513171,0.7925824903341985,0.8600917431192661,0.6634,13.506713928514078,14.886089597168459,0.008488673310748103,0.7033090254028515,0.9905133040643604,0.3305234855453515,0.009494170916907078,0.17692379849125583,0.09724030318992592,-2.9674308556636873,0.011904761904761904
qwen,R0,sst2@s0__imdb@s0,sst2@s0,imdb@s0,sst2,imdb,0.7,0.0012382002518249724,0.9323394495412844,0.9464,0.05795458208174642,0.9103585950851553,0.8715596330275229,0.8984,0.005600169061707572,0.9879707112970713,0.9323394495412844,0.9358,0.0012382002518249724,0.9947511752199713,0.9369266055045872,0.9394,0.0052913663118034915,0.9825535932038968,0.9392201834862385,0.9294,0.06115134445,0.02828984572,66.41863518,28.02852386,1,0.4729235632,0.4879199716,1.002858077,13.50671393,13.46822071,168,0.022825929865384897,0.9687308757598698,0.9197247706422018,0.916,0.04399100521013666,0.9522369977832881,0.9025229357798165,0.8934,0.11476882942962985,0.8939570801053505,0.8440366972477065,0.8188,13.506713928514078,13.468220711754055,0.028289845725641048,0.6973114728698312,0.9711554220344828,0.33237760139305056,0.02967535978149996,0.12993999057391808,0.0028540004634540583,-2.794403430990892,0.005952380952380952
qwen,R0,sst2@s0__trec@s0,sst2@s0,trec@s0,sst2,trec,1.0,0.0034833545056762727,0.9323394495412844,0.976,0.12606239791906115,0.8520638795957408,0.7603211009174312,0.91,0.014554725465287355,0.9581862929219697,0.9071100917431193,0.974,0.0053296332143649705,0.983278884705759,0.9243119266055045,0.974,0.0034833545056762727,0.986938880687625,0.9334862385321101,0.968,0.05028537661,0.00252173508,69.69155474,25.42821085,2,0.4973317565,0.4989362975,1.025397596,13.50671393,13.849752,168,0.009630895489282754,0.9780629536779029,0.9334862385321101,0.956,0.02254098360655732,0.9623955066779641,0.9323394495412844,0.932,0.06783341398987752,0.9007772032040251,0.9071100917431193,0.87,13.506713928514078,13.849751997886662,0.0025217350758187534,0.7061616587142351,0.9968872946316177,0.20427288158252208,0.0030184747386106554,0.1950576120273296,0.025080435913768868,-2.9900409676039454,0.011904761904761904
qwen,R0,sst2@s0__yelp_polarity@s0,sst2@s0,yelp_polarity@s0,sst2,yelp_polarity,0.5,0.0007319029121098941,0.9323394495412844,0.9712,0.02588319746459411,0.9511178657233526,0.9059633027522935,0.9484,0.0007319029121098941,0.9895734744307354,0.9369266055045872,0.965,0.005955275780105351,0.9864466409425148,0.9254587155963303,0.9668,0.010880897523966926,0.9796924450649457,0.9185779816513762,0.9644,0.06306934415,0.03140254273,66.05140637,31.21354203,0,0.469647979,0.4874069018,1.012634505,13.50671393,13.67736457,168,0.020837892686999315,0.9687991160713139,0.9059633027522935,0.9582,0.025362797903102585,0.9589068448799374,0.9036697247706422,0.9518,0.06314818811285317,0.9262830670269762,0.8600917431192661,0.9238,13.506713928514078,13.67736457006224,0.03140254272291952,0.6962462469231935,0.9691956400435109,0.32683049879229764,0.032434491283398384,0.1116420700583687,0.012555355619959846,-2.763520457123924,0.0
qwen,R0,mrpc@s0__stsb@s0,mrpc@s0,stsb@s0,mrpc,stsb,0.5,0.12274334339643289,0.8578431372549019,0.9081516081242773,0.13145825273689082,0.8751005003556337,0.8284313725490197,0.7005201874401079,0.12274334339643289,0.9059696649367857,0.7034313725490197,0.8486797682026054,0.2946171833600506,0.7147084758658736,0.3799019607843137,0.8790076520945674,0.3265332750599126,0.6850555804497993,0.3161764705882353,0.8885010429792564,0.05333457684,0.01456476417,68.691569,25.33070942,1,0.4854489246,0.4948526795,1.130874256,10.47063159,11.84096771,168,0.33035891035235887,0.6760144598700931,0.3161764705882353,0.8815525292933922,0.33696609004334,0.6653140198909198,0.3161764705882353,0.8695518875703311,0.36381417211049394,0.6288518474896342,0.3161764705882353,0.8207876297616541,10.47063159233876,11.840967708428602,0.014564764181145863,0.7007304133486764,0.9852210590108367,0.22262224387245247,0.014970891378886676,0.19987988370288545,0.12299101146590662,-2.9311704369382277,0.005952380952380952
qwen,R0,mrpc@s0__mnli@s0,mrpc@s0,mnli@s0,mrpc,mnli,0.3,0.17086158715194777,0.8578431372549019,0.8486,0.17086158715194777,0.853591175533168,0.7794117647058824,0.6362,0.20271438672098574,0.8158911076313347,0.553921568627451,0.8052,0.2901239015521363,0.7414104180812882,0.41911764705882354,0.7902,0.2770620517827682,0.7325471502016269,0.45588235294117646,0.776,0.06032284118,0.01237350231,67.19278842,20.87461902,3,0.4892514706,0.4960706774,1.490062439,10.47063159,15.60189485,168,0.2833530857546884,0.7394980807338941,0.4681372549019608,0.7532,0.29239789906063773,0.7417464628687832,0.4730392156862745,0.733,0.325304535200835,0.71039798788853,0.4681372549019608,0.682,10.47063159233876,15.601894852087403,0.012373502309824959,0.6898595036917383,0.9864222521871798,0.39648403843209323,0.013792133368204644,0.42708917531725316,0.3988180244484898,-2.80804445460124,0.017857142857142856
qwen,R0,mrpc@s0__qnli@s0,mrpc@s0,qnli@s0,mrpc,qnli,0.5,0.03776465101818749,0.8578431372549019,0.919,0.0631431680397947,0.9287711272080315,0.8333333333333334,0.8292,0.03776465101818749,0.960459669952617,0.8186274509803921,0.8916,0.09226799316026746,0.9134624112702648,0.7254901960784313,0.8912,0.20004974351002647,0.8190730352377322,0.5441176470588235,0.8874,0.06109897784,0.01555963368,66.96318515,22.39956146,2,0.4842685944,0.4946674864,1.420193598,10.47063159,14.87032396,168,0.28878283848904085,0.7357623949312855,0.4019607843137255,0.8766,0.3268070884501788,0.7050814225804695,0.3553921568627451,0.8566,0.4024110057515934,0.6275257338924894,0.32107843137254904,0.7544,10.47063159233876,14.870323958966841,0.015559633671116922,0.6916368819577758,0.9822974490119113,0.2904359602121402,0.01672600170205948,0.385352531664238,0.35079319893989536,-2.7952601422407595,0.011904761904761904
qwen,R0,mrpc@s0__rte@s0,mrpc@s0,rte@s0,mrpc,rte,0.5,0.09776659959758549,0.8578431372549019,0.7689530685920578,0.09633802816901404,0.8940445533153278,0.7892156862745098,0.6823104693140795,0.09776659959758549,0.9179385716977577,0.7867647058823529,0.6823104693140795,0.19533199195171025,0.8318348632085206,0.7401960784313726,0.5740072202166066,0.2619718309859156,0.7622247944463885,0.6862745098039216,0.51985559566787,0.06166332018,0.01432819743,66.65430258,16.81920403,2,0.485762993,0.4931932442,1.323549585,10.47063159,7.91102329,168,0.28533869885982566,0.7303980068253668,0.6421568627450981,0.5234657039711191,0.3000335345405768,0.7133659945983293,0.625,0.516245487364621,0.3438095238095238,0.6507727140853201,0.553921568627451,0.5126353790613718,10.47063159233876,7.911023290407686,0.014328197431859438,0.6955723183665938,0.9860033467945655,0.28148038738858844,0.014332498816723396,0.2856217094352594,0.28031720703800034,-2.7860660113957993,0.011904761904761904
qwen,R0,mrpc@s0__wic@s0,mrpc@s0,wic@s0,mrpc,wic,0.5,0.06601572739187422,0.8578431372549019,0.6833855799373041,0.09840760157273909,0.8605173515009581,0.75,0.6347962382445141,0.06601572739187422,0.9315094741324249,0.7524509803921569,0.677115987460815,0.07058322411533413,0.9231850117096019,0.7426470588235294,0.6786833855799373,0.08631716906946263,0.9066638279753033,0.7254901960784313,0.670846394984326,0.06509066069,0.01381870593,66.14473295,21.11756842,3,0.4876469209,0.4888601226,1.386370724,10.47063159,14.5161771,168,0.11180865006553076,0.8619012135405577,0.7132352941176471,0.64576802507837,0.12697903014416778,0.8497445177773046,0.7009803921568627,0.6347962382445141,0.19029488859764088,0.8167553757717693,0.678921568627451,0.5658307210031348,10.47063159233876,14.51617710242619,0.013818705929915047,0.6934851377356717,0.9866685664334419,0.39380762616784454,0.013841170611585059,0.375102478925849,0.3266893426354245,-2.7319742010422274,0.017857142857142856
qwen,R0,mrpc@s0__snli@s0,mrpc@s0,snli@s0,mrpc,snli,0.7,0.05555935292777403,0.8578431372549019,0.8778,0.09957849168375477,0.893299129563699,0.821078431372549,0.7406,0.059063568010936374,0.927063394295461,0.8602941176470589,0.7716,0.05555935292777403,0.935088871140231,0.8455882352941176,0.7928,0.0925541125541125,0.9128182913457243,0.7696078431372549,0.8056,0.05320687988,0.008634243052,68.85246202,30.05423147,0,0.4914119404,0.4967529017,1.172498182,10.47063159,12.2767965,168,0.16144907723855084,0.8403602225501212,0.6617647058823529,0.795,0.20371838687628152,0.7965385604635107,0.5980392156862745,0.786,0.2988949646844383,0.6966969446738233,0.47794117647058826,0.7418,10.47063159233876,12.276796501283137,0.008634243059278469,0.7019024117732963,0.9912857706220665,0.24361373652017246,0.008810810071484161,0.22830828650643456,0.15913667080404625,-2.933567569943153,0.0
qwen,R0,mrpc@s0__scitail@s0,mrpc@s0,scitail@s0,mrpc,scitail,0.7,0.027815461916181228,0.8578431372549019,0.9593558282208589,0.02667580221537047,0.9603516250231665,0.8333333333333334,0.9355828220858896,0.021590727418065447,0.9742009670951763,0.8406862745098039,0.9371165644171779,0.027815461916181228,0.9803548262092902,0.8382352941176471,0.9279141104294478,0.025587529976019097,0.9800557680319444,0.8406862745098039,0.9294478527607362,0.06029757473,0.01127922421,67.5537117,23.9722332,2,0.4910703861,0.4949955643,1.330999754,10.47063159,13.93640807,168,0.044839556925887813,0.9709745084494465,0.8186274509803921,0.9171779141104295,0.05900650907845151,0.9651786767307466,0.803921568627451,0.906441717791411,0.1290259221194473,0.9060999444004516,0.7647058823529411,0.8159509202453987,10.47063159233876,13.936408074645941,0.011279224205233217,0.6963222635283095,0.987746480406572,0.23609344214024733,0.012368447673481643,0.3131905807814412,0.2859303545895165,-2.8084633961241807,0.011904761904761904
qwen,R0,mrpc@s0__ag_news@s0,mrpc@s0,ag_news@s0,mrpc,ag_news,0.7,0.06236507599429664,0.8578431372549019,0.9418,0.06615872341716467,0.9536692556250557,0.7818627450980392,0.9006,0.05967205654825092,0.957835551734701,0.7769607843137255,0.9182,0.06236507599429664,0.9581888160950207,0.7696078431372549,0.9212,0.07073385310803015,0.9394485123370785,0.7598039215686274,0.9162,0.05069386119,0.005739604066,69.73729283,28.44162496,2,0.494557017,0.4976065835,1.421699299,10.47063159,14.8860896,168,0.09246185116645922,0.9252129467682487,0.7401960784313726,0.8968,0.10847556351060283,0.9070531823436991,0.7303921568627451,0.8774,0.18017504474714074,0.8170288243954981,0.6642156862745098,0.815,10.47063159233876,14.886089597168459,0.005739604076559132,0.6947500437812945,0.9928237628051996,0.3361588310125033,0.006472879903228503,0.3796979977141751,0.3518528455877189,-2.981950456780992,0.011904761904761904
qwen,R0,mrpc@s0__imdb@s0,mrpc@s0,imdb@s0,mrpc,imdb,0.7,0.01639475908706678,0.8578431372549019,0.9464,0.07327134404057478,0.937271167991556,0.803921568627451,0.8672,0.02569737954353335,0.9877759622045006,0.8333333333333334,0.9248,0.01639475908706678,0.995491232388023,0.8382352941176471,0.937,0.028981403212172463,0.9934721824008363,0.8235294117647058,0.9294,0.05342525708,0.005437186068,68.77818685,29.06287302,1,0.4957680301,0.4948111035,1.286285416,10.47063159,13.46822071,168,0.0698689771766694,0.9699927179723994,0.7671568627450981,0.9142,0.09990701606086216,0.9270446132025444,0.7328431372549019,0.8952,0.2713609467455622,0.7368942532876959,0.5318627450980392,0.7924,10.47063159233876,13.468220711754055,0.005437186066659118,0.6997862503233025,0.9943683648742642,0.33358652971173425,0.0057583652379410285,0.2992215542710046,0.2517585420922108,-2.9294716658090927,0.005952380952380952
qwen,R0,mrpc@s0__trec@s0,mrpc@s0,trec@s0,mrpc,trec,0.7,0.01878805620608892,0.8578431372549019,0.976,0.04313231850117094,0.9537568509727037,0.8137254901960784,0.942,0.01878805620608892,0.9842421516332327,0.8308823529411765,0.97,0.01878805620608892,0.990096952570001,0.8308823529411765,0.97,0.009192037470725944,0.9836566715395559,0.8455882352941176,0.972,0.0474228812,0.0025718526,70.39418671,26.33624201,2,0.497284752,0.4987926805,1.322723646,10.47063159,13.849752,168,0.02207845433255262,0.9733087081302283,0.8357843137254902,0.958,0.046176814988290404,0.9636733436658143,0.8014705882352942,0.95,0.10558548009367674,0.888473987082769,0.7083333333333334,0.94,10.47063159233876,13.849751997886662,0.0025718525981755992,0.6995138267258982,0.9972653235410125,0.36221166269254,0.0027290495182528494,0.3097829580734131,0.279692978959702,-3.0486504410172968,0.011904761904761904
qwen,R0,mrpc@s0__yelp_polarity@s0,mrpc@s0,yelp_polarity@s0,mrpc,yelp_polarity,0.5,0.0461520357731231,0.8578431372549019,0.9712,0.04664156272064002,0.9633484667253145,0.7990196078431373,0.9472,0.0461520357731231,0.9748980653388594,0.7843137254901961,0.9648,0.0719692868910331,0.961505732551255,0.7401960784313726,0.9646,0.12607495881383857,0.9024501472988813,0.6519607843137255,0.9594,0.05286722146,0.007926205141,68.54896686,23.78940117,2,0.493397223,0.4954168047,1.306259747,10.47063159,13.67736457,168,0.19325664862320546,0.8481521121628846,0.5441176470588235,0.951,0.22257472346434448,0.8153694217590051,0.5,0.944,0.28865027065191806,0.7357609083870473,0.4166666666666667,0.91,10.47063159233876,13.67736457006224,0.007926205144865835,0.6982869264553273,0.9912005126823016,0.24804397036105613,0.00883840724167049,0.30078491308796174,0.2671678985213266,-2.9399717643053194,0.011904761904761904
qwen,R0,stsb@s0__mnli@s0,stsb@s0,mnli@s0,stsb,mnli,0.5,0.041525458498065104,0.9081516081242773,0.8486,0.1516583302581267,0.850545719571568,0.8255398643537236,0.6684,0.041525458498065104,0.9626109103396987,0.8738235542155244,0.8102,0.05701178189194689,0.9364174831203735,0.8634606218062617,0.7936,0.09928990988091291,0.9062769413560905,0.8412497132595856,0.7426,0.06389073157,0.02623752925,65.42729784,24.50626371,1,0.4737960991,0.4901128301,1.317619914,11.84096771,15.60189485,168,0.1410129676755918,0.8627165490367859,0.8155522400323131,0.6958,0.16660495865302583,0.8298978719609407,0.7936834794082854,0.6728,0.2363736122787523,0.7543573432672064,0.7337414505504494,0.6104,11.840967708428602,15.601894852087403,0.026237529249441425,0.6918713012355617,0.9697469859236026,0.3233348178470428,0.0291830152647527,0.32306405607319966,0.2758270136104321,-2.75058097397171,0.005952380952380952
qwen,R0,stsb@s0__qnli@s0,stsb@s0,qnli@s0,stsb,qnli,0.5,0.043917079661384584,0.9081516081242773,0.919,0.15042027763313193,0.8784974781178148,0.743644272322309,0.809,0.043917079661384584,0.9812577945915086,0.8546708737552933,0.8924,0.039981412435475816,0.9734689192961408,0.8871170420253726,0.8668,0.06534218196818509,0.9473776821977475,0.8918474403034599,0.8154,0.06099140401,0.02399946402,66.17589863,26.18087598,1,0.4772447571,0.4903115437,1.255836881,11.84096771,14.87032396,168,0.10736310539740535,0.8986902147093474,0.8795597663541003,0.7506,0.14799548420111175,0.8578055197603989,0.8650507723684204,0.6906,0.26481622195128174,0.7318486626156984,0.8103872435899225,0.5312,11.840967708428602,14.870323958966841,0.023999464026280875,0.6945272283775162,0.9750936668289019,0.4831589215054766,0.02570474547865326,0.2524101020986724,0.22780218779664588,-2.797022342607534,0.005952380952380952
qwen,R0,stsb@s0__rte@s0,stsb@s0,rte@s0,stsb,rte,0.5,0.0573727810578879,0.9081516081242773,0.7689530685920578,0.09392527753707536,0.8911730172752823,0.7801910501801835,0.7328519855595668,0.0573727810578879,0.9561889405232562,0.8721632025373661,0.7111913357400722,0.06422012372985497,0.9410510356536501,0.8810444648862835,0.6931407942238267,0.08872589578729917,0.9160882558045709,0.8663799102951674,0.6678700361010831,0.06809634356,0.03357713891,64.68403789,28.42355283,1,0.4656351005,0.4867652139,1.496768152,11.84096771,7.91102329,168,0.11655893977505705,0.8836811993373765,0.8414083984223357,0.6462093862815884,0.14599268471812987,0.8621978138316033,0.8177931508294667,0.6209386281588448,0.21733190182584927,0.7622337244589299,0.7393829722323032,0.5776173285198556,11.840967708428602,7.911023290407686,0.03357713890747894,0.683000589201741,0.9672379028897878,0.4276779921846706,0.03340774456464089,0.4344286312020146,0.4033082183596068,-2.6868317594854765,0.005952380952380952
qwen,R0,stsb@s0__wic@s0,stsb@s0,wic@s0,stsb,wic,0.7,0.052721318175531495,0.9081516081242773,0.6833855799373041,0.2134902031997712,0.7852889412680162,0.6932707376037716,0.5532915360501567,0.06238462250226351,0.9602769853459953,0.7990080506937542,0.6802507836990596,0.052721318175531495,0.9649478963953699,0.8019791256952207,0.6912225705329154,0.1019808569193772,0.9100640338496989,0.7250063662382239,0.6818181818181818,0.05785255948,0.009556821285,67.61649164,27.16472171,1,0.4908855914,0.4957571959,1.225928274,11.84096771,14.5161771,168,0.1903832239675125,0.8082194763285828,0.6144308594221937,0.6442006269592476,0.25003484214072336,0.7364580524696663,0.5310804318685017,0.6253918495297806,0.39605189177182454,0.5714833326734172,0.3200250248386812,0.5846394984326019,11.840967708428602,14.51617710242619,0.009556821287331343,0.7002223218518269,0.9900732188346629,0.313239956535376,0.010091052382524295,0.25700322104411116,0.20369833172428584,-2.8498575829330886,0.005952380952380952
qwen,R0,stsb@s0__snli@s0,stsb@s0,snli@s0,stsb,snli,0.5,0.06757808732370485,0.9081516081242773,0.8778,0.09791847327356895,0.9165377552110132,0.8107920534774674,0.8,0.06757808732370485,0.9239466044461617,0.878935063076566,0.7874,0.09018558245139752,0.902329908416175,0.8687033887648866,0.7576,0.12579390589580675,0.8609480232596296,0.8483077679462148,0.7148,0.08445787234,0.04810853283,60.72472841,29.0343472,1,0.4524686273,0.4810524462,1.036806856,11.84096771,12.2767965,168,0.16264910605494043,0.8281776668568598,0.8256474409403234,0.672,0.1909097354816447,0.798013094783425,0.8051479606194641,0.6422,0.26385350709353905,0.7212668430004582,0.7417696909591324,0.5754,11.840967708428602,12.276796501283137,0.04810853283388714,0.690585542808965,0.9539330317483155,0.4889186386460818,0.05047098981521405,0.14286166278345933,0.03614565924833079,-2.471502421126822,0.005952380952380952
qwen,R0,stsb@s0__scitail@s0,stsb@s0,scitail@s0,stsb,scitail,0.7,0.18432871049734267,0.9081516081242773,0.9593558282208589,0.23401011840450792,0.7675765287454774,0.5419194606913097,0.897239263803681,0.1794864503530338,0.9095264523362178,0.5770682073365204,0.9647239263803681,0.18432871049734267,0.938549619702792,0.5682731946624999,0.9647239263803681,0.21556214068802237,0.9197576804879894,0.565989355008106,0.9072085889570553,0.05695206992,0.01825826214,67.80264644,30.47559398,0,0.483194133,0.4937712673,1.176965297,11.84096771,13.93640807,168,0.30011984451807416,0.8265680714828313,0.5764694862832994,0.7338957055214724,0.3390415081077197,0.7719530944819095,0.6117632614982178,0.6219325153374233,0.3760895059034053,0.7061403658788907,0.6424748360460869,0.5184049079754601,11.840967708428602,13.936408074645941,0.018258262146270365,0.6985169653181003,0.9825435140333392,0.41450626554175857,0.018694565928268528,0.1863034845197973,0.16293934356139658,-2.8655452434807986,0.0
qwen,R0,stsb@s0__ag_news@s0,stsb@s0,ag_news@s0,stsb,ag_news,0.5,0.1275006686090152,0.9081516081242773,0.9418,0.16326662657209234,0.8494792464691426,0.6511450715591688,0.9008,0.1275006686090152,0.8897644156176647,0.7843773715708257,0.83,0.16927098119897055,0.8363038736529222,0.8570077454726779,0.676,0.25039446068065985,0.7566987999883241,0.8820747876604613,0.4972,0.05523292305,0.01524002384,67.64206494,25.41820528,1,0.4858314569,0.4944870666,1.25716833,11.84096771,14.8860896,168,0.28138928336773417,0.7223616133746028,0.874570967542046,0.4466,0.3100371377312028,0.6864545941874551,0.8614943765549338,0.4062,0.3837494724480588,0.5854982987822805,0.8151663465279128,0.3154,11.840967708428602,14.886089597168459,0.015240023835000073,0.6974025844385213,0.9809603268770648,0.2895819107255805,0.017714005123595847,0.2747739067217921,0.22886183472356586,-2.8961960714287827,0.005952380952380952
qwen,R0,stsb@s0__imdb@s0,stsb@s0,imdb@s0,stsb,imdb,1.0,0.016950783700014016,0.9081516081242773,0.9464,0.17310864751648336,0.8510199786837842,0.6977528705861936,0.838,0.05767060083615738,0.9609363726745553,0.825858608345651,0.923,0.01996812993001118,0.9858142203206472,0.8780247759723079,0.94,0.016950783700014016,0.986032117252258,0.8861920307116781,0.9372,0.05463416851,0.01270814378,67.7056764,29.89494482,1,0.4898226014,0.4932334453,1.137425677,11.84096771,13.46822071,168,0.036432478966779036,0.9593993655731838,0.8730697458668019,0.914,0.062731124010589,0.9304540797534178,0.8548586621409491,0.8832,0.17026725166012213,0.8058370670169115,0.7718119376435508,0.7662,11.840967708428602,13.468220711754055,0.012708143772948592,0.7012445294545823,0.988200348122698,0.37946828179716785,0.013003467204375454,0.15811751341906766,0.12876753080719053,-2.907095795074049,0.005952380952380952
qwen,R0,stsb@s0__trec@s0,stsb@s0,trec@s0,stsb,trec,0.7,0.03663732885252147,0.9081516081242773,0.976,0.1867072322182226,0.8445290369625547,0.691858444815442,0.844,0.06764039065696514,0.9528764294633589,0.8150716115871744,0.944,0.03663732885252147,0.969344850694919,0.8751045052763198,0.94,0.058751057219020186,0.938505313499693,0.8907682616237232,0.88,0.04758302712,0.002664244187,70.46509728,26.43478035,1,0.4970748737,0.4987245469,1.16964697,11.84096771,13.849752,168,0.15063066807415493,0.8241124308474841,0.8820691737775886,0.71,0.26809003190727254,0.7389306883376288,0.8697117257587869,0.494,0.41672105538763815,0.6000681434173962,0.8212077225778817,0.256,11.840967708428602,13.849751997886662,0.00266424418176623,0.7040292276990369,0.9966070410920116,0.10151371973711826,0.003006408982512342,0.24790902898614525,0.15670196823575264,-3.045279154441314,0.005952380952380952
qwen,R0,stsb@s0__yelp_polarity@s0,stsb@s0,yelp_polarity@s0,stsb,yelp_polarity,0.7,0.03528995128047052,0.9081516081242773,0.9712,0.13752906880400662,0.8763357647907297,0.6937032165495323,0.9334,0.0575239868022388,0.9645591592700502,0.8100291632719516,0.9644,0.03528995128047052,0.9772390718511152,0.8491037987439668,0.9658,0.041732142153565466,0.9680157576064201,0.8489978431549258,0.9534,0.05571930784,0.0172437237,67.83672412,31.64754,0,0.4848539319,0.4927935394,1.155088411,11.84096771,13.67736457,168,0.07487941823561817,0.9396555461486947,0.8273177161128656,0.9122,0.11366573344353981,0.8961313245587865,0.8017539415579585,0.8642,0.2821179743669361,0.7205713503047528,0.6934699227944352,0.6528,11.840967708428602,13.67736457006224,0.01724372368894618,0.6993406402205714,0.9831350004093055,0.3555868570649673,0.0179469831237145,0.17045277486838958,0.14417688736458303,-2.88742855225824,0.0
qwen,R0,mnli@s0__qnli@s0,mnli@s0,qnli@s0,mnli,qnli,0.7,0.0509432292886165,0.8486,0.919,0.2696839215688287,0.7492441369006665,0.6138,0.6776,0.0751692155318483,0.9331419921759814,0.7888,0.8456,0.0509432292886165,0.9649478726401803,0.8048,0.8728,0.0775792273364797,0.9285059007778149,0.7788,0.852,0.06349675945,0.02207147475,65.53915771,25.41929844,1,0.4784777177,0.4906318217,1.049196702,15.60189485,14.87032396,168,0.12013914231646217,0.8906092118972262,0.7568,0.7976,0.15261644539287267,0.8627716946142707,0.7388,0.7574,0.22950155116908943,0.776957151375756,0.6892,0.6698,15.601894852087403,14.870323958966841,0.022071474742924445,0.6992373992096974,0.9755468370739853,0.4554852007373334,0.024909395413179006,0.1635814962907558,0.04802482565832892,-2.756766406669147,0.005952380952380952
qwen,R0,mnli@s0__rte@s0,mnli@s0,rte@s0,mnli,rte,0.7,0.04298878351418911,0.8486,0.7689530685920578,0.1460571900252169,0.8576722815449606,0.6286,0.7436823104693141,0.03246772646247509,0.9848496527541619,0.8174,0.7472924187725631,0.04298878351418911,0.9855645484292699,0.8354,0.7148014440433214,0.06512410941412483,0.9610993977041722,0.8058,0.7075812274368231,0.06326042788,0.02879761521,65.81613546,24.51229953,3,0.4705540143,0.4900407616,1.972171523,15.60189485,7.91102329,168,0.08728765080071132,0.934999659933347,0.7642,0.7111913357400722,0.10907885841247511,0.9118585020441784,0.7312,0.7075812274368231,0.19625807322527355,0.8222524503691613,0.643,0.6534296028880866,15.601894852087403,7.911023290407686,0.02879761520391228,0.6643952672119144,0.9645933229196236,0.31241547555710336,0.02947335522392465,0.7163103538611866,0.6791352316068966,-2.7604952972957038,0.017857142857142856
qwen,R0,mnli@s0__wic@s0,mnli@s0,wic@s0,mnli,wic,0.7,0.09935414400837228,0.8486,0.6833855799373041,0.36071392276972114,0.6269960808422347,0.4466,0.5141065830721003,0.14608816031585747,0.8588065780373473,0.7116,0.5940438871473355,0.09935414400837228,0.9362714208868055,0.7734,0.6081504702194357,0.09479293472032735,0.9291554599246907,0.75,0.6332288401253918,0.06531479004,0.0163028538,65.38886833,17.64862509,2,0.4875311193,0.4925251161,1.074793642,15.60189485,14.5161771,168,0.14140343404247036,0.8626834703757781,0.667,0.6363636363636364,0.19123294276379665,0.8121148082686545,0.598,0.6238244514106583,0.2963040042206593,0.6961576884653808,0.4586,0.5924764890282131,15.601894852087403,14.51617710242619,0.016302853806893565,0.7009716754479959,0.9848089703714351,0.6646182694499603,0.017672162327260203,0.18221091809354914,0.07212868222253595,-2.728536774624296,0.011904761904761904
qwen,R0,mnli@s0__snli@s0,mnli@s0,snli@s0,mnli,snli,0.5,0.0398834433157218,0.8486,0.8778,0.1041615082636207,0.8925778978691385,0.713,0.8352,0.0398834433157218,0.9617813045114068,0.8306,0.8264,0.05811770336002198,0.9370797277422445,0.807,0.8188,0.0863726227917403,0.898837089988713,0.772,0.8054,0.07295466871,0.05172803435,64.10161009,24.24476606,1,0.4488495538,0.4776352544,1.270844137,15.60189485,12.2767965,168,0.11136326987202116,0.8806170263706947,0.7408,0.7938,0.12746854924683415,0.8624516879296782,0.7212,0.7858,0.1772068044256293,0.8195026849539966,0.6712,0.7502,15.601894852087403,12.276796501283137,0.05172803435532423,0.6851187302316649,0.9512368461284716,0.41000407913616516,0.05205161309030611,0.26420644823233386,0.23968135447518665,-2.617917007294898,0.005952380952380952
qwen,R0,mnli@s0__scitail@s0,mnli@s0,scitail@s0,mnli,scitail,0.5,0.09535515589413923,0.8486,0.9593558282208589,0.24729290336290943,0.739175489701223,0.5164,0.8604294478527608,0.09535515589413923,0.919495004165729,0.7044,0.9394171779141104,0.11859567260167825,0.8810322494329135,0.745,0.8489263803680982,0.20141972681576625,0.8220771480871094,0.715,0.7239263803680982,0.06578225405,0.01998923408,65.51941589,22.29309764,1,0.4826140288,0.4936024369,1.119506172,15.60189485,13.93640807,168,0.24376906676402932,0.7901238772295773,0.694,0.6664110429447853,0.2525305704058012,0.7689929881960873,0.6832,0.6618098159509203,0.2934235218471464,0.7326641814190238,0.645,0.6265337423312883,15.601894852087403,13.936408074645941,0.019989234077524107,0.6990768700971944,0.9804533902324691,0.527396309320713,0.021627332193894382,0.1659203372984821,0.11288767021699968,-2.7214051723139336,0.005952380952380952
qwen,R0,mnli@s0__ag_news@s0,mnli@s0,ag_news@s0,mnli,ag_news,0.7,0.051332671047217726,0.8486,0.9418,0.20869787806351336,0.8027644620877339,0.5308,0.9014,0.055816790819871565,0.9382674206676155,0.7818,0.9108,0.051332671047217726,0.9400032456994483,0.815,0.8824,0.13103678140359043,0.8605809802012334,0.7956,0.7538,0.05482409302,0.01062037981,68.65346861,22.45642479,3,0.4900318406,0.4956452534,1.048085513,15.60189485,14.8860896,168,0.2161443927206852,0.7685135944873043,0.7764,0.6148,0.2657929037756064,0.7145363643172796,0.7644,0.5346,0.3488113058636245,0.6303160811924201,0.7264,0.4204,15.601894852087403,14.886089597168459,0.010620379805244228,0.7031918452600115,0.9865371935779286,0.34894886074387255,0.013096221700841064,0.2542374371606979,0.04696517894409314,-2.9036255279978795,0.017857142857142856
qwen,R0,mnli@s0__imdb@s0,mnli@s0,imdb@s0,mnli,imdb,0.7,0.04038372883665575,0.8486,0.9464,0.2492128400434389,0.7757563130260855,0.5266,0.8338,0.07142971696806977,0.9449287440620052,0.7514,0.9196,0.04038372883665575,0.979489957496458,0.791,0.9342,0.06416834131259708,0.9584382031835987,0.7648,0.9184,0.05585007725,0.008157937769,67.80929956,28.47765284,1,0.493311497,0.4948892475,1.158422867,15.60189485,13.46822071,168,0.10331857313990778,0.9133427785648804,0.7344,0.8782,0.1366211495678129,0.8703725310442536,0.7098,0.8426,0.2518418531920409,0.763063588632386,0.6344,0.7086,15.601894852087403,13.468220711754055,0.008157937756610693,0.7023811891294055,0.9905110837525993,0.3084067001583948,0.00875402496853877,0.18817023015007067,0.14705948261332033,-2.8850843702986806,0.005952380952380952
qwen,R0,mnli@s0__trec@s0,mnli@s0,trec@s0,mnli,trec,1.0,0.040924203026778905,0.8486,0.976,0.2825031488700772,0.7111005423033687,0.4926,0.834,0.10178601785776387,0.8921835431310299,0.7228,0.922,0.047277724545345734,0.94529530209633,0.8014,0.938,0.040924203026778905,0.9532667910217292,0.8174,0.932,0.05028748734,0.003174209551,69.61674072,21.78539318,2,0.4972516442,0.4983509357,1.126510775,15.60189485,13.849752,168,0.06654523554707259,0.9299168632876679,0.8,0.902,0.07869277459885715,0.9103235290484367,0.7846,0.896,0.14422959899236165,0.8420791589974181,0.7238,0.838,15.601894852087403,13.849751997886662,0.0031742095530210767,0.7047490072649983,0.9953668312482792,0.1719389867757694,0.0040765937700401565,0.2866796965332459,0.11912504586882948,-2.989998993458686,0.011904761904761904
qwen,R0,mnli@s0__yelp_polarity@s0,mnli@s0,yelp_polarity@s0,mnli,yelp_polarity,0.5,0.06617627502377199,0.8486,0.9712,0.19753770722667163,0.8014063096182614,0.5586,0.9194,0.06617627502377199,0.939101100458474,0.7438,0.9626,0.0641146373074597,0.9357906403493366,0.7466,0.9634,0.08901559347094024,0.9047973206228461,0.7136,0.9528,0.05642593406,0.0141604519,67.65033617,27.43920943,1,0.4861333484,0.4943559053,1.140709146,15.60189485,13.67736457,168,0.1136875893272804,0.8734678674604666,0.6906,0.9312,0.13124681858015197,0.8543567132812074,0.6774,0.9122,0.19482396337644592,0.7956478290625209,0.638,0.8338,15.601894852087403,13.67736457006224,0.014160451902763249,0.7006830324984383,0.9840067566374541,0.32561230655000356,0.015293977321867717,0.19306548979284915,0.13165012690332772,-2.874826402405806,0.005952380952380952
qwen,R0,qnli@s0__rte@s0,qnli@s0,rte@s0,qnli,rte,0.7,0.03465033946880425,0.919,0.7689530685920578,0.2872611074499226,0.7205653356415185,0.624,0.5740072202166066,0.07991795531987722,0.911726768583224,0.8282,0.7220216606498195,0.03465033946880425,0.9589936482478583,0.8812,0.7472924187725631,0.05479777467853908,0.9577568174200091,0.883,0.7148014440433214,0.06634611599,0.02329246397,65.45422205,24.06839288,2,0.4771569431,0.4868229597,1.879696648,14.87032396,7.91102329,168,0.09028797376205,0.928842979765193,0.8566,0.6823104693140795,0.11823833826316632,0.910744516999529,0.8268,0.6642599277978339,0.24087674396031622,0.8146875251927377,0.7524,0.5379061371841155,14.870323958966841,7.911023290407686,0.023292463964803625,0.6698182613557978,0.969594804448018,0.4171812121899587,0.025791390334387806,0.6665675224492661,0.631110406375536,-2.712870058123829,0.011904761904761904
qwen,R0,qnli@s0__wic@s0,qnli@s0,wic@s0,qnli,wic,0.5,0.015083457288037394,0.919,0.6833855799373041,0.15558919248085779,0.806428068055975,0.7068,0.6285266457680251,0.015083457288037394,0.9670391623879996,0.8976,0.6786833855799373,0.03005036387776905,0.9574499144266586,0.8996,0.6567398119122257,0.07511704984476553,0.9108376120004027,0.8526,0.6300940438871473,0.0600635679,0.01106700491,66.83627398,24.74709171,1,0.4912568008,0.4925160307,1.024396703,14.87032396,14.5161771,168,0.1296081201146041,0.8580791301721535,0.7672,0.6191222570532915,0.17561170398618375,0.8072888351958118,0.6974,0.6081504702194357,0.2819159237703528,0.695983086680761,0.5526,0.5705329153605015,14.870323958966841,14.51617710242619,0.011067004906318224,0.7031762412318276,0.9867219648805396,0.3968865874108725,0.013640275043382444,0.2436294803719435,0.024103856868706003,-2.8123518125969897,0.005952380952380952
qwen,R0,qnli@s0__snli@s0,qnli@s0,snli@s0,qnli,snli,0.7,0.04693197530377535,0.919,0.8778,0.2447590685091401,0.7612377495695146,0.658,0.6974,0.06865077918854912,0.9258041595452537,0.8816,0.793,0.04693197530377535,0.941356685166337,0.9144,0.7998,0.057798467878073856,0.9361057233755177,0.9072,0.7876,0.06312369681,0.01551624127,66.21142722,26.18441823,1,0.4854247524,0.4934460678,1.211254415,14.87032396,12.2767965,168,0.07825278400274105,0.9139515679910895,0.8918,0.7664,0.09584885648684971,0.8963730404112176,0.876,0.7506,0.16921907102309142,0.8327034483641553,0.8182,0.677,14.870323958966841,12.276796501283137,0.015516241273079262,0.6986001099895102,0.9826612949874317,0.42254881867984373,0.01730629692634805,0.2154733869679037,0.191656529211036,-2.762659036193775,0.005952380952380952
qwen,R0,qnli@s0__scitail@s0,qnli@s0,scitail@s0,qnli,scitail,0.3,0.07514641170632586,0.919,0.9593558282208589,0.07514641170632586,0.9222177075615257,0.811,0.9279141104294478,0.09979489748788561,0.9085223515539728,0.7488,0.9455521472392638,0.14176358586688864,0.8652931475417672,0.6746,0.9424846625766872,0.17034398596465583,0.8362253718619789,0.6206,0.9440184049079755,0.07045422605,0.03802378916,63.67002395,17.3715926,6,0.4671940769,0.4804636386,1.067012668,14.87032396,13.93640807,168,0.19317186077036086,0.8206856441756893,0.5926,0.9294478527607362,0.20675055168052725,0.8089422149987651,0.5816,0.9148773006134969,0.24873585353697458,0.7681429607144848,0.5632,0.8535276073619632,14.870323958966841,13.936408074645941,0.03802378915488861,0.693697194174376,0.9666432977043903,0.6607202371779036,0.03967666706504569,0.11878666641828284,0.06486284478896963,-2.652792055921308,0.03571428571428571
qwen,R0,qnli@s0__ag_news@s0,qnli@s0,ag_news@s0,qnli,ag_news,0.5,0.07295029937117148,0.919,0.9418,0.09945895746135647,0.9181262879010892,0.7924,0.8842,0.07295029937117148,0.9261130269004865,0.8622,0.8626,0.13648201265790894,0.8672287873053255,0.8272,0.7788,0.19930815693145187,0.8043354079930471,0.7974,0.691,0.05566784732,0.01581371466,67.91360241,28.24139891,1,0.4848746243,0.4947597043,1.001060208,14.87032396,14.8860896,168,0.24379419771506927,0.7599019442925832,0.7654,0.64,0.2710694059092271,0.7388855012125545,0.7422,0.6124,0.3396549935287023,0.671881351893127,0.6782,0.5488,14.870323958966841,14.886089597168459,0.01581371466092789,0.7015811421863459,0.9843322709366003,0.2919298129311314,0.01664526689670014,0.19545972833064892,0.001059646376421808,-2.888352546117089,0.005952380952380952
qwen,R0,qnli@s0__imdb@s0,qnli@s0,imdb@s0,qnli,imdb,1.0,0.011654243053339064,0.919,0.9464,0.22439260120477167,0.7848912197094313,0.6396,0.8094,0.047967097353972754,0.9527048996423382,0.8656,0.9106,0.011808863690089044,0.9911526403501509,0.9072,0.9362,0.011654243053339064,1.0004457274355736,0.9036,0.9402,0.06153127814,0.01711548444,66.5359378,27.96314368,1,0.4861793394,0.4912111778,1.104104564,14.87032396,13.46822071,168,0.027899274911077132,0.9834246984590909,0.8852,0.9284,0.048388049967944546,0.9630934083931135,0.859,0.9166,0.11903280238636404,0.895081280767491,0.7746,0.8698,14.870323958966841,13.468220711754055,0.017115484437716582,0.7003043067835866,0.9827622211755936,0.525842495237797,0.018403198501992298,0.14239490170418154,0.09903465713795379,-2.7882096458142493,0.005952380952380952
qwen,R0,qnli@s0__trec@s0,qnli@s0,trec@s0,qnli,trec,1.0,0.029841996824773953,0.919,0.976,0.1989910183913377,0.8027943274217003,0.6154,0.91,0.0624139299666423,0.9300603185392232,0.8024,0.978,0.03725962824880935,0.9651798574457213,0.8524,0.974,0.029841996824773953,0.978405315614618,0.8698,0.97,0.04985591382,0.005617287063,69.46991498,21.27685527,2,0.4930297504,0.4984947121,1.073688826,14.87032396,13.849752,168,0.03961696605362208,0.9669363545777587,0.8556,0.966,0.05203045006154228,0.9561800493368198,0.8422,0.956,0.0878293405162418,0.8970203705116557,0.799,0.932,14.870323958966841,13.849751997886662,0.005617287058083955,0.704689284272345,0.9938535075571205,0.1657592261667756,0.005965720385123318,0.24279742651367564,0.07110022039998089,-2.9986181573136537,0.011904761904761904
qwen,R0,qnli@s0__yelp_polarity@s0,qnli@s0,yelp_polarity@s0,qnli,yelp_polarity,0.5,0.02517588149141403,0.919,0.9712,0.14990158344881,0.8487947034280137,0.6942,0.9176,0.02517588149141403,0.9809556680733278,0.882,0.9614,0.02549524230370015,0.9746551640103329,0.8746,0.9686,0.05876660219097829,0.9443269393163469,0.8178,0.964,0.06047533247,0.02276363925,66.73539039,31.95053206,0,0.480176777,0.4920792967,1.087221437,14.87032396,13.67736457,168,0.09720608587157797,0.8950382609543306,0.7568,0.9538,0.12994861365319021,0.8661529690069834,0.704,0.946,0.21885575521706313,0.7832387435943647,0.5756,0.909,14.870323958966841,13.67736457006224,0.022763639256323465,0.6986108844509701,0.9782114829628432,0.4656647689583933,0.02375739348077328,0.13276172025256575,0.08362530128365948,-2.8055197248575037,0.0
qwen,R0,rte@s0__wic@s0,rte@s0,wic@s0,rte,wic,0.7,0.05022720420381632,0.7689530685920578,0.6833855799373041,0.244718309859155,0.6888540578195751,0.5848375451263538,0.512539184952978,0.10194038850842058,0.8821391252425734,0.7003610108303249,0.6050156739811913,0.05022720420381632,0.9326483223034947,0.7075812274368231,0.6692789968652038,0.09111857690485414,0.8835754921961818,0.6570397111913358,0.658307210031348,0.0596390868,0.006923656358,66.72644869,27.15218108,2,0.4935896384,0.4938024723,1.834930396,7.91102329,14.5161771,168,0.17885062669595564,0.8175225157983779,0.5415162454873647,0.6410658307210031,0.2160862729896198,0.7718606425502976,0.5054151624548736,0.622257053291536,0.27975190593099886,0.6896195120333051,0.4657039711191336,0.5705329153605015,7.911023290407686,14.51617710242619,0.0069236563595713105,0.6763360402727513,0.9929597429124672,0.24350318765797582,0.006504611027887793,0.6376987516022377,0.6070065494519725,-2.8194441010740547,0.011904761904761904
qwen,R0,rte@s0__snli@s0,rte@s0,snli@s0,rte,snli,0.7,0.02485888216058718,0.7689530685920578,0.8778,0.07586026525982059,0.9159332344104121,0.703971119133574,0.8188,0.006445370789329274,0.9807978798012682,0.7833935018050542,0.85,0.02485888216058718,0.9869414361541131,0.7617328519855595,0.8424,0.04627927051944847,0.9741036033043209,0.7436823104693141,0.8254,0.06949204443,0.03434896837,63.9507302,29.83533618,1,0.4643750515,0.4887578887,1.551859481,7.91102329,12.2767965,168,0.07332672269662632,0.9379081493293173,0.7292418772563177,0.7944,0.09581732821169442,0.9081648321632376,0.7148014440433214,0.7714,0.16568148925450632,0.83799821348157,0.6714801444043321,0.6982,7.911023290407686,12.276796501283137,0.0343489683652605,0.68056822772964,0.9645789781636083,0.3093844696665099,0.035155980448694606,0.46747244800171506,0.4394538770691966,-2.6665430015965184,0.005952380952380952
qwen,R0,rte@s0__scitail@s0,rte@s0,scitail@s0,rte,scitail,0.5,0.11742155571317592,0.7689530685920578,0.9593558282208589,0.21387960054491617,0.7666845177388466,0.516245487364621,0.8642638036809815,0.11742155571317592,0.8761024021505291,0.592057761732852,0.9547546012269938,0.1002915977077492,0.8723805848588781,0.6245487364620939,0.9470858895705522,0.16877765393319155,0.8177661483292841,0.5776173285198556,0.8742331288343558,0.06612588106,0.01828971348,65.75088273,27.02509363,2,0.4822700533,0.4898736304,1.761644172,7.91102329,13.93640807,168,0.22697898019612484,0.7576237860286483,0.5667870036101083,0.7760736196319018,0.2693901217054526,0.7197027271450491,0.5415162454873647,0.7262269938650306,0.3531090620461377,0.684770410272767,0.4693140794223827,0.6556748466257669,7.911023290407686,13.936408074645941,0.018289713467102106,0.6763674829560836,0.9814814254649473,0.3639288639130487,0.018456100875195648,0.5915318787604015,0.5662475616037878,-2.716195064733649,0.011904761904761904
qwen,R0,rte@s0__ag_news@s0,rte@s0,ag_news@s0,rte,ag_news,0.5,0.07347881441690418,0.7689530685920578,0.9418,0.10128342789803169,0.9082157233619478,0.6389891696750902,0.9102,0.07347881441690418,0.9088522721761483,0.6678700361010831,0.9272,0.09803772019816215,0.8781726401215707,0.6245487364620939,0.934,0.11596762567334351,0.86412410883166,0.5956678700361011,0.9356,0.05614258743,0.009406832033,68.44736823,24.29926833,1,0.490261487,0.4964015304,1.881689517,7.91102329,14.8860896,168,0.13729528013981818,0.8542404254975184,0.5667870036101083,0.9308,0.144856966531973,0.8502150120439078,0.5595667870036101,0.9254,0.17604786359553226,0.833642514185945,0.5342960288808665,0.8976,7.911023290407686,14.886089597168459,0.00940683203381293,0.6735451870326444,0.9856928334202131,0.20543170289260143,0.010875394869434639,0.670217709172845,0.6321700525267439,-2.87986062022553,0.005952380952380952
qwen,R0,rte@s0__imdb@s0,rte@s0,imdb@s0,rte,imdb,0.7,0.03025946606661667,0.7689530685920578,0.9464,0.21301328682152088,0.7804607386928902,0.5523465703971119,0.8098,0.06952315470733672,0.9084548552736993,0.6859205776173285,0.917,0.03025946606661667,0.9455673030223782,0.7292418772563177,0.938,0.058722651490798805,0.937613894389028,0.6895306859205776,0.933,0.05725378357,0.007949656739,67.7018122,30.65107289,0,0.4934343404,0.4946113531,1.702462528,7.91102329,13.46822071,168,0.11329317125633487,0.8750555202716446,0.631768953068592,0.9008,0.1577115553280234,0.833203958993177,0.592057761732852,0.8656,0.25869120045718097,0.7428100383418499,0.5306859205776173,0.75,7.911023290407686,13.468220711754055,0.007949656742486958,0.6820012109118981,0.9914241037045216,0.3451221388198334,0.008356602700527268,0.5542917571097027,0.5320757488139914,-2.8602615501725888,0.0
qwen,R0,rte@s0__trec@s0,rte@s0,trec@s0,rte,trec,0.7,0.02317594089124908,0.7689530685920578,0.976,0.16236146386515815,0.8193087983959771,0.5523465703971119,0.934,0.05369237281613182,0.926509170606068,0.6895306859205776,0.972,0.02317594089124908,0.9643014261832201,0.7364620938628159,0.972,0.024498768567690288,0.9634295587070765,0.7328519855595668,0.974,0.04827129514,0.001779593683,70.17636582,23.28036148,1,0.4983378007,0.4992254376,1.750690333,7.91102329,13.849752,168,0.07511737089201875,0.9381200724156594,0.6534296028880866,0.976,0.0821596244131455,0.9097957110519201,0.6425992779783394,0.976,0.14857519433541144,0.8380052898626076,0.5703971119133574,0.938,7.911023290407686,13.849751997886662,0.0017795936879347097,0.6816371899008372,0.99778945913564,0.09445146189642481,0.0018785755825588375,0.5876233042512102,0.560010186150221,-3.0309181985116154,0.005952380952380952
qwen,R0,rte@s0__yelp_polarity@s0,rte@s0,yelp_polarity@s0,rte,yelp_polarity,0.5,0.05119072479909659,0.7689530685920578,0.9712,0.13213748443433815,0.8291796896956958,0.6137184115523465,0.9106,0.05119072479909659,0.9572066860917318,0.7003610108303249,0.9584,0.06461586653363338,0.9486608339183075,0.6714801444043321,0.9688,0.1169798168472671,0.9077832288222998,0.592057761732852,0.9674,0.05684344386,0.01108313596,67.61433501,29.25243993,1,0.4894985558,0.4932825529,1.728899545,7.91102329,13.67736457,168,0.1389718735256128,0.8780194799677381,0.5667870036101083,0.9566,0.14941198536634415,0.8517021768883555,0.555956678700361,0.95,0.19644445475709826,0.8031388604571819,0.516245487364621,0.9088,7.911023290407686,13.67736457006224,0.011083135966739047,0.6798987762482731,0.9866456113325276,0.3039101344074211,0.012009113501379426,0.5711497064237555,0.5474851049554428,-2.8674543889187056,0.005952380952380952
qwen,R0,wic@s0__snli@s0,wic@s0,snli@s0,wic,snli,0.7,0.041239462292093854,0.6833855799373041,0.8778,0.1625108956712047,0.8037347046017567,0.5532915360501567,0.7596,0.05048197014638345,0.947500187673598,0.6567398119122257,0.8234,0.041239462292093854,0.9505892950979656,0.6833855799373041,0.8054,0.07405633558458291,0.9068801141055476,0.6818181818181818,0.7498,0.0579068619,0.006506654367,67.59929785,31.86133184,0,0.4939901129,0.497105581,1.182407569,14.5161771,12.2767965,168,0.12435618863672948,0.859496284062758,0.6692789968652038,0.6776,0.1697117062882394,0.8307521957810975,0.6426332288401254,0.6322,0.22997574210756255,0.7342166504016215,0.6191222570532915,0.5566,14.51617710242619,12.276796501283137,0.006506654365616901,0.7023999772009409,0.9932872642912612,0.24199870504448906,0.006744835296483083,0.278482845268715,0.16755267257832096,-2.848919388471925,0.0
qwen,R0,wic@s0__scitail@s0,wic@s0,scitail@s0,wic,scitail,0.5,0.06434302099604716,0.6833855799373041,0.9593558282208589,0.0805080706077339,0.8807390451275343,0.664576802507837,0.8312883435582822,0.06434302099604716,0.9062552555358311,0.6112852664576802,0.9371165644171779,0.07661027141589472,0.8967859478650846,0.5956112852664577,0.9355828220858896,0.07195527981284688,0.8922731944314679,0.6238244514106583,0.9049079754601227,0.06301579933,0.01369679332,66.44605173,24.04774999,2,0.4889815395,0.4921411423,1.041601037,14.5161771,13.93640807,168,0.0973624769908843,0.8545454545454545,0.6426332288401254,0.8297546012269938,0.1263301285577043,0.8145987106418762,0.6363636363636364,0.7829754601226994,0.21481347032465758,0.7147902457254975,0.6050156739811913,0.6572085889570553,14.51617710242619,13.936408074645941,0.01369679330188517,0.7021715976529659,0.9862738665730197,0.45126737792548666,0.014535856552445608,0.18660046606234665,0.04075898805538946,-2.7643698010155355,0.011904761904761904
qwen,R0,wic@s0__ag_news@s0,wic@s0,ag_news@s0,wic,ag_news,1.0,-0.0021452674071318345,0.6833855799373041,0.9418,0.09280418523187106,0.8730587977423421,0.5815047021943573,0.9074,0.004204568257932806,0.9778028933092224,0.6880877742946708,0.9274,0.003227764129200117,0.9839306263356897,0.6865203761755486,0.9314,-0.0021452674071318345,0.9919666831059236,0.6974921630094044,0.9264,0.05073066968,0.004933634425,69.08423558,26.3137367,2,0.4955908615,0.4980072245,1.025482776,14.5161771,14.8860896,168,0.02042886839762237,0.9595443585949914,0.6865203761755486,0.899,0.04587009844510126,0.9311797906734616,0.6677115987460815,0.877,0.10756193975619599,0.8555427694668202,0.6206896551724138,0.8256,14.51617710242619,14.886089597168459,0.0049336344393006385,0.7053136362976923,0.9942002507212696,0.2506240664174296,0.005702349954310938,0.2818786676663899,0.025163502679838738,-2.9812246266233324,0.011904761904761904
qwen,R0,wic@s0__imdb@s0,wic@s0,imdb@s0,wic,imdb,0.7,-0.010998704894258804,0.6833855799373041,0.9464,0.14999185711959173,0.8288486161725598,0.5501567398119123,0.847,0.0008637269575872963,0.9704457514316669,0.6959247648902821,0.9274,-0.010998704894258804,0.9942634829958774,0.7037617554858934,0.939,-0.00287812046809921,0.9839779938371487,0.7021943573667712,0.9258,0.05535708436,0.004142037612,68.14997027,23.46109923,1,0.4974941499,0.4946134658,1.077809565,14.5161771,13.46822071,168,0.03857980410556272,0.9406656723558131,0.6739811912225705,0.8864,0.07585771673633346,0.9008153818012972,0.6504702194357367,0.8484,0.1830519515770046,0.8290252001519607,0.5595611285266457,0.7714,14.51617710242619,13.468220711754055,0.004142037618250513,0.7051566967697719,0.9952313408972265,0.26236179679709676,0.004607363756784746,0.20021635525383807,0.07493080103716795,-2.8939506359671876,0.005952380952380952
qwen,R0,wic@s0__trec@s0,wic@s0,trec@s0,wic,trec,1.0,0.005733944954128489,0.6833855799373041,0.976,0.15061475409836067,0.8161239595477592,0.512539184952978,0.926,0.03289028425327123,0.9507523791448634,0.6426332288401254,0.97,0.020764400661753668,0.9859569449339805,0.6536050156739812,0.978,0.005733944954128489,0.9872556462326817,0.6755485893416928,0.976,0.04894237386,0.001665101615,69.93226833,25.82220215,2,0.4988381305,0.4989370688,1.048118198,14.5161771,13.849752,168,0.04157580087231172,0.9513407260797657,0.6363636363636364,0.962,0.06624116408482483,0.9143697638478432,0.622257053291536,0.934,0.14626259587907953,0.7980614375186401,0.5815047021943573,0.836,14.51617710242619,13.849751997886662,0.0016651016238072396,0.706324555897478,0.9978410315748187,0.13922293885264148,0.0019645151767000092,0.2825341695247991,0.046996363890318756,-3.0171117166270065,0.011904761904761904
qwen,R0,wic@s0__yelp_polarity@s0,wic@s0,yelp_polarity@s0,wic,yelp_polarity,0.7,0.011027689191844381,0.6833855799373041,0.9712,0.10355958012786592,0.8542815935344084,0.5721003134796239,0.9282,0.005485505494007281,0.9618258916109479,0.6802507836990596,0.965,0.011027689191844381,0.964148134363078,0.670846394984326,0.9676,0.03487598809002013,0.9449427747278311,0.6410658307210031,0.9636,0.05364423092,0.005600587422,68.60389969,25.45572735,1,0.4954780848,0.4967010526,1.06132852,14.5161771,13.67736457,168,0.05188984024303611,0.9178847253054008,0.6269592476489029,0.9506,0.07210978945936553,0.89934533225219,0.6112852664576802,0.9336,0.140243602920061,0.8246979223437769,0.5689655172413793,0.8614,14.51617710242619,13.67736457006224,0.005600587424313972,0.7048265469743173,0.9930514675336584,0.2667295142153775,0.006496245449686253,0.22902012760652682,0.059521444127863546,-2.9253813474674417,0.005952380952380952
qwen,R0,snli@s0__scitail@s0,snli@s0,scitail@s0,snli,scitail,0.5,0.10071587296123452,0.8778,0.9593558282208589,0.15340236355003478,0.8254240208163774,0.6976,0.8619631901840491,0.10071587296123452,0.8910074912819538,0.708,0.9516871165644172,0.11313710480692685,0.878483802553333,0.689,0.9486196319018405,0.1516304386429339,0.8439282595393545,0.6544,0.9125766871165644,0.05932694169,0.01514828152,67.22085297,34.81081858,0,0.4856629443,0.4941915715,1.135182788,12.2767965,13.93640807,168,0.23123674676116934,0.7736587278484397,0.622,0.7952453987730062,0.3053691018477085,0.7194470352702149,0.595,0.6825153374233128,0.4289872271697339,0.6062728347462409,0.5134,0.5345092024539877,12.276796501283137,13.936408074645941,0.015148281516857922,0.7004505148184006,0.9841851813480191,0.34012921643161187,0.01621368699666912,0.170562895601762,0.12679368466277427,-2.8246917474866864,0.0
qwen,R0,snli@s0__ag_news@s0,snli@s0,ag_news@s0,snli,ag_news,0.3,0.13765448486754828,0.8778,0.9418,0.13765448486754828,0.8541700202434088,0.6654,0.9104,0.16113325263776246,0.8267200799980489,0.6102,0.9254,0.15959254688004787,0.8302388966122778,0.6116,0.9268,0.15499592820735986,0.8323059193678204,0.6316,0.914,0.05605210432,0.01073950277,68.05199244,20.54171525,2,0.4891321991,0.4953299833,1.212538596,12.2767965,14.8860896,168,0.17145711341037195,0.822841516060584,0.637,0.8772,0.19432664849056747,0.7973518938562474,0.6332,0.8382,0.2891428072101139,0.7055212067998342,0.6168,0.6772,12.276796501283137,14.886089597168459,0.010739502771963765,0.7001853114607897,0.9857589066409819,0.27528287760263775,0.012843237288206896,0.2805348576724351,0.19271617507545896,-2.881473586546946,0.011904761904761904
qwen,R0,snli@s0__imdb@s0,snli@s0,imdb@s0,snli,imdb,0.7,0.048541876477099066,0.8778,0.9464,0.16132551658867444,0.8593810081475961,0.7248,0.806,0.06261990371302106,0.9369278364719218,0.7994,0.9124,0.048541876477099066,0.9550222634159784,0.8,0.9384,0.056207625033535935,0.9433526011560693,0.7858,0.9392,0.05653806989,0.01077025789,67.29710631,33.39559936,0,0.4912150197,0.4943714827,1.097046832,12.2767965,13.46822071,168,0.08535964710053778,0.9052780891663901,0.7528,0.9196,0.11363164500816325,0.8785494648638832,0.7232,0.898,0.2150944534547774,0.7843485993775011,0.6458,0.7894,12.276796501283137,13.468220711754055,0.010770257883919561,0.7025934728734906,0.989303436056188,0.37711829676994224,0.01139855798272491,0.14623639490210952,0.09262187135724684,-2.872841064370476,0.0
qwen,R0,snli@s0__trec@s0,snli@s0,trec@s0,snli,trec,0.7,0.00934013498724462,0.8778,0.976,0.13360851831516185,0.8736626159991312,0.6972,0.916,0.022896053471981093,0.975481192754655,0.843,0.97,0.00934013498724462,0.9864077377001701,0.865,0.972,0.018791389800880798,0.9741229922647134,0.8592,0.96,0.05079211139,0.002636588896,69.91597222,28.66066684,1,0.4968941913,0.499092837,1.128124262,12.2767965,13.849752,168,0.037010372428836646,0.946534205413494,0.8488,0.936,0.07105529285210044,0.9162235871939373,0.834,0.886,0.21849636199291078,0.7775163816718357,0.7982,0.638,12.276796501283137,13.849751997886662,0.0026365888942729327,0.7049067797308738,0.9966659360919177,0.15998608868394118,0.0029646906887012656,0.244006918811821,0.12055630835606927,-2.9800142240544933,0.005952380952380952
qwen,R0,snli@s0__yelp_polarity@s0,snli@s0,yelp_polarity@s0,snli,yelp_polarity,0.5,0.07178556038891593,0.8778,0.9712,0.1215950098775469,0.8740026387253654,0.7144,0.9158,0.07178556038891593,0.9207613255157643,0.7628,0.959,0.07577725859504236,0.9140053602806752,0.7482,0.9674,0.0987717862501094,0.8857662657302938,0.71,0.965,0.05846157154,0.01435867108,67.38153264,26.96781568,1,0.4876542281,0.4934307587,1.114082535,12.2767965,13.67736457,168,0.130706849871421,0.8582856568118754,0.6646,0.9532,0.1564485761355613,0.8348033676288744,0.627,0.9448,0.23435263687149588,0.7584140432253981,0.5394,0.8904,12.276796501283137,13.67736457006224,0.01435867107784333,0.7010930493828592,0.984548842353265,0.3792085358129106,0.0157738979108037,0.1582092315245313,0.10803122762958842,-2.8393856373476676,0.005952380952380952
qwen,R0,scitail@s0__ag_news@s0,scitail@s0,ag_news@s0,scitail,ag_news,0.5,0.04559045479691837,0.9593558282208589,0.9418,0.034674829683927544,0.9610122028959112,0.928680981595092,0.9066,0.04559045479691837,0.963135459083005,0.8987730061349694,0.9154,0.06433324353471148,0.9432152289018695,0.88420245398773,0.8944,0.10149009694346867,0.9009804814376348,0.8872699386503068,0.8214,0.05281933477,0.009477791037,68.85741794,26.88808009,1,0.4915489855,0.4963347103,1.068143923,13.93640807,14.8860896,168,0.1687880530147976,0.8498743500678662,0.870398773006135,0.7112,0.22815359943941216,0.786745829376282,0.8512269938650306,0.6182,0.40290579173951135,0.6127515708951825,0.7530674846625767,0.3854,13.936408074645941,14.886089597168459,0.009477791038364778,0.7034049500270213,0.9897956637755762,0.2983836526453528,0.010358589621148263,0.20640777807882968,0.06592249082207169,-2.9408779664749285,0.005952380952380952
qwen,R0,scitail@s0__imdb@s0,scitail@s0,imdb@s0,scitail,imdb,0.7,0.02161955980439645,0.9593558282208589,0.9464,0.07131800899094753,0.9157479464501452,0.8957055214723927,0.8742,0.017383895081736767,0.986221702099704,0.9470858895705522,0.9256,0.02161955980439645,0.9969167523124358,0.933282208588957,0.9312,0.029787750526544032,0.9939448534037651,0.9202453987730062,0.9286,0.05589381784,0.01179942931,67.89581583,28.97604459,1,0.4912506069,0.4923143408,1.034762377,13.93640807,13.46822071,168,0.05284985874360526,0.9680412302258488,0.8964723926380368,0.9084,0.08005582009455825,0.9401099457842796,0.8734662576687117,0.8796,0.24658075737212437,0.7992030767894585,0.6970858895705522,0.7384,13.936408074645941,13.468220711754055,0.011799429323484403,0.7028714371583495,0.9890410051283992,0.38274205100417974,0.012200122001749119,0.1126333240911219,0.03417181291848814,-2.8843014981391093,0.005952380952380952
qwen,R0,scitail@s0__trec@s0,scitail@s0,trec@s0,scitail,trec,0.7,0.01284054723434358,0.9593558282208589,0.976,0.11881969833968886,0.8611884128247655,0.8021472392638037,0.904,0.008044384164799245,0.9838928737713677,0.9478527607361963,0.972,0.01284054723434358,0.9880843312227641,0.9386503067484663,0.972,0.018937309169058114,0.9844469786532838,0.9348159509202454,0.964,0.04746962138,0.002248219938,70.26305006,27.34133306,2,0.4980698146,0.4990127983,1.006256868,13.93640807,13.849752,168,0.04212531614053017,0.9620446201940922,0.9217791411042945,0.932,0.07475986423975578,0.9303281502444928,0.9102760736196319,0.88,0.22141549055837295,0.8069387019462868,0.8588957055214724,0.646,13.936408074645941,13.849751997886662,0.002248219937264517,0.7063098337540041,0.9973822126379015,0.14369300351615502,0.002478134198997827,0.22587817637403737,0.006237375068958359,-3.0476653224355514,0.011904761904761904
qwen,R0,scitail@s0__yelp_polarity@s0,scitail@s0,yelp_polarity@s0,scitail,yelp_polarity,0.5,0.01096742046231225,0.9593558282208589,0.9712,0.044233970319625726,0.9430335538558479,0.9049079754601227,0.9404,0.01096742046231225,0.9840719908354644,0.9432515337423313,0.9662,0.018948844219517258,0.9830463454941559,0.9271472392638037,0.967,0.020184429063009768,0.9712398526857706,0.9271472392638037,0.9646,0.05617686215,0.01650194274,67.88046728,33.21264667,0,0.4865071252,0.4912848867,1.018939577,13.93640807,13.67736457,168,0.03674737310645715,0.9558362375752272,0.9003067484662577,0.9596,0.06154639714916699,0.9373493747771193,0.8604294478527608,0.9518,0.16734997504467586,0.8829480939301784,0.6955521472392638,0.9132,13.936408074645941,13.67736457006224,0.016501942749362817,0.7013138366561594,0.9846596108647342,0.4147954062204537,0.017030245284387527,0.1078585783093819,0.018762456113499408,-2.8792503123724904,0.0
qwen,R0,ag_news@s0__imdb@s0,ag_news@s0,imdb@s0,ag_news,imdb,0.7,0.01408989674095773,0.9418,0.9464,0.06358637809256096,0.9457442480262948,0.9098,0.8582,0.01970193584451052,0.985645208479047,0.923,0.928,0.01408989674095773,0.9894800480912087,0.9276,0.934,0.027533942036857884,0.9798149494173742,0.918,0.9182,0.05248576818,0.009638520792,68.82886187,19.48808834,1,0.4904843382,0.4966500223,1.105275145,14.8860896,13.46822071,168,0.05939647770756784,0.9411974116689752,0.8956,0.8804,0.09622726539187654,0.9074267089064736,0.8724,0.834,0.24015847874620766,0.7683530589574448,0.7428,0.6918,14.886089597168459,13.468220711754055,0.009638520795412019,0.702862026001886,0.9889314889247133,0.2625285709997331,0.010667861889547155,0.2152286750811053,0.10009430397436127,-2.9472132284197174,0.005952380952380952
qwen,R0,ag_news@s0__trec@s0,ag_news@s0,trec@s0,ag_news,trec,1.0,0.009194984142677498,0.9418,0.976,0.061407306900981395,0.9407697118645562,0.9014,0.898,0.016022248989552512,0.981117262581151,0.9232,0.964,0.008701292258632698,0.9868969283757476,0.9312,0.97,0.009194984142677498,0.9910943156893317,0.9322,0.968,0.05267980685,0.003772598255,69.95964678,23.91398542,3,0.4959969193,0.4986625112,1.074827159,14.8860896,13.849752,168,0.01679727344568649,0.9847817182421184,0.9256,0.96,0.02433058948856215,0.9758485064700546,0.9172,0.954,0.06464622157083222,0.9264961725817676,0.876,0.918,14.886089597168459,13.849751997886662,0.003772598258367299,0.70532164087735,0.9957976684459015,0.20029133253063947,0.0041120932158501735,0.16038548320150142,0.07215986632718102,-2.9435230685906197,0.017857142857142856
qwen,R0,ag_news@s0__yelp_polarity@s0,ag_news@s0,yelp_polarity@s0,ag_news,yelp_polarity,0.5,0.019357058568138408,0.9418,0.9712,0.04443539886291559,0.9503533809258515,0.9062,0.9216,0.019357058568138408,0.982161443150262,0.9162,0.96,0.017403820823317373,0.9794616906140817,0.9096,0.9706,0.04153564032979706,0.9615292011626049,0.8688,0.9658,0.05095898552,0.0106096068,68.93729265,19.48940863,1,0.4901324919,0.4966656556,1.088374118,14.8860896,13.67736457,168,0.08611191965471154,0.9074547935858068,0.7924,0.958,0.12431099111624377,0.8695896980768649,0.7284,0.9498,0.24697508241605415,0.7621092079862146,0.547,0.8986,14.886089597168459,13.67736457006224,0.010609606797700328,0.7027695465256132,0.9894558975595533,0.2448368090826276,0.0110443420740341,0.1681320382992721,0.0846849477838633,-2.9767341752947196,0.005952380952380952
qwen,R0,imdb@s0__trec@s0,imdb@s0,trec@s0,imdb,trec,1.0,0.0033812341504649845,0.9464,0.976,0.10166047697573544,0.9045450638631856,0.8044,0.924,0.02308575724401707,0.9807160774184209,0.9124,0.966,0.008177667225586549,0.9915503136047698,0.9348,0.972,0.0033812341504649845,0.9926931106471817,0.94,0.976,0.04457070718,0.001207044519,71.07244749,24.84686881,1,0.4988109117,0.4994055444,1.028328262,13.46822071,13.849752,168,0.016576188628521615,0.9872957836952663,0.9286,0.962,0.02620110028685052,0.9776835091163651,0.9162,0.956,0.10149332067680117,0.8942972109192815,0.8532,0.874,13.468220711754055,13.849751997886662,0.0012070445175373994,0.7066116668933713,0.9984146907089332,0.13734819803836593,0.001402618684045797,0.2279856492746868,0.027934437072543002,-3.11067842542305,0.005952380952380952
qwen,R0,imdb@s0__yelp_polarity@s0,imdb@s0,yelp_polarity@s0,imdb,yelp_polarity,0.5,0.003982837590745358,0.9464,0.9712,0.01641379941817145,0.9868763799235061,0.928,0.9582,0.003982837590745358,1.0011133647012378,0.9412,0.9688,0.00922824166075964,0.9964176049129989,0.934,0.966,0.022008572152723782,0.9789602903619654,0.9178,0.9578,0.09433037669,0.09393106763,58.91511189,23.97414776,7,0.4161283866,0.4610615266,1.015528693,13.46822071,13.67736457,168,0.048997257969504826,0.956717392774884,0.8864,0.9376,0.06740517434662663,0.9419386961878349,0.8652,0.9236,0.11920721687386238,0.8670216717991597,0.811,0.8786,13.468220711754055,13.67736457006224,0.09393106763271299,0.6760508263590831,0.9226911183998376,0.6193889418297845,0.09534844063574682,0.08149319066457911,0.015409356685911034,-2.36095201300703,0.041666666666666664
qwen,R0,trec@s0__yelp_polarity@s0,trec@s0,yelp_polarity@s0,trec,yelp_polarity,1.0,0.00358859750992524,0.976,0.9712,0.06562272125746071,0.932338888378424,0.908,0.9114,0.011408904313068846,0.9854674208251154,0.968,0.957,0.0020593080724876645,0.9932353311979281,0.976,0.9672,0.00358859750992524,0.9932657810219602,0.97,0.9702,0.04611906606,0.001963692048,70.64371889,21.4591212,1,0.4979787323,0.4991796528,1.012603848,13.849752,13.67736457,168,0.011898411969643696,0.9864909622785443,0.958,0.966,0.023796823939287504,0.9776792105696147,0.94,0.9608,0.07537573932535713,0.9157432000735068,0.856,0.9442,13.849751997886662,13.67736457006224,0.001963692043292592,0.7063997345361775,0.9976639037363906,0.10785211758414365,0.0021932215753801437,0.20909726395610445,0.012525080664958046,-3.0765288340031427,0.005952380952380952
qwen,S1,cola@s1__sst2@s1,cola@s1,sst2@s1,cola,sst2,0.7,0.022754440132566667,0.8245445829338447,0.9415137614678899,0.15090289777072774,0.8809761449387579,0.7353787152444871,0.7591743119266054,0.06267456023567397,0.9531741366736679,0.8015340364333653,0.8497706422018348,0.022754440132566667,0.9688882257838395,0.8322147651006712,0.8899082568807339,0.04354658244341847,0.9341693173004824,0.7929050814956855,0.8956422018348624,0.06544151053,0.01615518223,65.68292387,23.57594831,2,0.4852120118,0.4916893564,1.589482293,20.01776804,12.59389182,168,0.12017604736141407,0.8352531939440788,0.725790987535954,0.8279816513761468,0.21640582953290088,0.7553811189125992,0.6414189837008629,0.7431192660550459,0.4251996997422316,0.5717156685578023,0.4477468839884947,0.5711009174311926,20.017768035725855,12.593891816110357,0.016155182227437136,0.6845012885009709,0.9849267546064361,0.5664079631401354,0.015824310586265336,0.48124017198128477,0.4634083613255442,-2.7265985042828973,0.011904761904761904
qwen,S1,cola@s1__mrpc@s1,cola@s1,mrpc@s1,cola,mrpc,0.7,0.0393258426966292,0.8245445829338447,0.8725490196078431,0.11712829892866472,0.887135466569948,0.7286673058485139,0.7696078431372549,0.06417559446041277,0.9333062502052654,0.8044103547459253,0.7818627450980392,0.0393258426966292,0.9494069080539702,0.8245445829338447,0.803921568627451,0.06369218709171687,0.9457299807371847,0.800575263662512,0.7867647058823529,0.05405381474,0.005679189984,68.98572195,26.16144303,2,0.4941954306,0.4962061285,2.000049212,20.01776804,10.00863775,168,0.13092500653253203,0.8879351090155403,0.7545541706615532,0.7181372549019608,0.2120067938332898,0.7978553875195805,0.7181208053691275,0.6151960784313726,0.43894042330807415,0.5697209676244764,0.5685522531160115,0.37745098039215685,20.017768035725855,10.008637745160486,0.0056791899838220085,0.6692995062590258,0.9936543882565813,0.3827419154809737,0.005817468531665016,0.7224343325420496,0.6931717862572226,-2.91777515940408,0.011904761904761904
qwen,S1,cola@s1__stsb@s1,cola@s1,stsb@s1,cola,stsb,0.7,0.026864517466713256,0.8245445829338447,0.9082318305994971,0.14917819615602124,0.8778559059203934,0.7449664429530202,0.72490999072696,0.04233441018391093,0.9702593245366293,0.8101629913710451,0.8471741657414238,0.026864517466713256,0.9868009264074793,0.8245445829338447,0.8594334108455669,0.05092380902958471,0.9733867776418528,0.7976989453499521,0.8453009206781005,0.06076034264,0.0120138039,66.29349544,25.63612066,1,0.4896418746,0.4934606811,1.777058248,20.01776804,11.26455368,168,0.1301427518799716,0.8772202877446802,0.697986577181208,0.8112352762028749,0.22650576091885977,0.7734347228477486,0.5800575263662512,0.7660936454461515,0.48606658213647036,0.5450640711940968,0.32790028763183127,0.5723608126330066,20.017768035725855,11.264553683531751,0.012013803897995097,0.677481666547035,0.9873721260076396,0.470600270532886,0.01213502514731724,0.5869646757964301,0.5749593274760426,-2.8008179620341256,0.005952380952380952
qwen,S1,cola@s1__mnli@s1,cola@s1,mnli@s1,cola,mnli,1.0,0.03139590044569962,0.8245445829338447,0.8432,0.3620107232690526,0.6471405199316752,0.7114093959731543,0.3484,0.19408565376638276,0.8031387613604422,0.7708533077660594,0.5708,0.08015588455937517,0.9255684725655681,0.7938638542665388,0.7394,0.03139590044569962,0.9753936965311463,0.8120805369127517,0.803,0.064333264,0.01291780711,65.36455866,23.3573445,2,0.4890030512,0.4918419667,1.354441549,20.01776804,14.77935172,168,0.05824434049688887,0.9489776502893715,0.7766059443911792,0.794,0.10891288998720272,0.9086234855746709,0.7200383509108341,0.7664,0.2895663254048806,0.7344348427736418,0.5263662511984659,0.6598,20.017768035725855,14.779351721082973,0.012917807111163122,0.6949514163295203,0.9869663864190843,0.4485141854495667,0.01367284569920094,0.33320366805172563,0.3033892284188267,-2.7436784564661494,0.011904761904761904
qwen,S1,cola@s1__qnli@s1,cola@s1,qnli@s1,cola,qnli,1.0,0.019076522870149604,0.8245445829338447,0.9226,0.197085083106892,0.8121798624075834,0.7209971236816874,0.6748,0.07788366043385975,0.9299979316526097,0.7967401725790988,0.81,0.026782122313583012,0.9763539226275852,0.8216682646212847,0.8764,0.019076522870149604,0.9868977628051656,0.8245445829338447,0.8874,0.06168422909,0.01315318232,66.56201408,28.33714031,2,0.4890443681,0.4913558373,1.438528978,20.01776804,13.91544302,168,0.08189520011695972,0.9124872756079657,0.7651006711409396,0.838,0.17741872060254393,0.8238646733025019,0.6826462128475551,0.754,0.4651826990456698,0.5450994361387604,0.40364333652924256,0.5352,20.017768035725855,13.915443022879295,0.013153182323622026,0.6916920049017832,0.9884707400300727,0.40347489174275963,0.012981117204243676,0.39594904561843997,0.3636210484016302,-2.785726987064566,0.011904761904761904
qwen,S1,cola@s1__rte@s1,cola@s1,rte@s1,cola,rte,1.0,0.13139534883720927,0.8245445829338447,0.776173285198556,0.2563953488372094,0.7738913428786196,0.7123681687440077,0.48375451263537905,0.18837209302325575,0.8257667291170366,0.7823585810162992,0.5234657039711191,0.1523255813953488,0.8776910320942723,0.8111217641418984,0.5523465703971119,0.13139534883720927,0.8871221793385478,0.8187919463087249,0.5776173285198556,0.05408509101,0.005071039574,68.83656577,29.9982438,1,0.4953425727,0.4961042355,2.485272565,20.01776804,8.054556397,168,0.16686046511627906,0.8613740385822626,0.775647171620326,0.5631768953068592,0.21802325581395343,0.8127361251746735,0.7603068072866731,0.4981949458483754,0.27848837209302335,0.7243745587302519,0.62607861936721,0.5306859205776173,20.017768035725855,8.05455639682788,0.005071039570888756,0.64936168420189,0.9939060749590822,0.18856782115546558,0.004773240335670224,0.9466101463637202,0.9103823376383582,-2.917196713179658,0.005952380952380952
qwen,S1,cola@s1__wic@s1,cola@s1,wic@s1,cola,wic,0.7,0.04397821740503005,0.8245445829338447,0.6927899686520376,0.1566636851520573,0.8162477823539356,0.7564717162032598,0.5329153605015674,0.06415079448595173,0.9337336549808766,0.8101629913710451,0.6159874608150471,0.04397821740503005,0.9489092261975289,0.7986577181208053,0.6536050156739812,0.1080579816899927,0.8939005451894261,0.6855225311601151,0.6598746081504702,0.07215132373,0.01722015428,64.12735557,23.34984138,3,0.4858283376,0.4823820317,1.263169898,20.01776804,15.8472491,168,0.1917604966852573,0.8063147817267544,0.5829338446788112,0.6300940438871473,0.2610228348942438,0.7526197054934431,0.49856184084372,0.6050156739811913,0.38040618751973065,0.6040014786940099,0.3930968360498562,0.5282131661442007,20.017768035725855,15.84724910360078,0.017220154275749425,0.6965608508082322,0.9816248396630738,0.5421536778293987,0.019366918353122754,0.25281740243499834,0.23362435371968915,-2.628989647014413,0.017857142857142856
qwen,S1,cola@s1__snli@s1,cola@s1,snli@s1,cola,snli,1.0,0.030993085403621334,0.8245445829338447,0.8906,0.30489192026279643,0.7339764401646105,0.7363374880153404,0.4428,0.10963930770476138,0.9128785467426626,0.800575263662512,0.7212,0.046143833005185986,0.9668989547038328,0.8139980824544583,0.8198,0.030993085403621334,0.9732585824205205,0.8082454458293384,0.853,0.06483225253,0.01203462197,65.63843593,26.15610326,1,0.4899059454,0.4927386972,1.548855153,20.01776804,12.92423504,168,0.045877224134239336,0.9449893263505456,0.7890699904122723,0.8472,0.07339982452383809,0.9172576430827819,0.75071907957814,0.8396,0.17162743695131055,0.8283402722664777,0.638542665388303,0.7858,20.017768035725855,12.924235037695999,0.01203462197273848,0.6875019237401436,0.9879731369881767,0.4779574992344655,0.012376764348263077,0.4613303987321333,0.43751604705594266,-2.735952075219132,0.005952380952380952
qwen,S1,cola@s1__scitail@s1,cola@s1,scitail@s1,cola,scitail,0.7,0.006321520856404583,0.8245445829338447,0.9662576687116564,0.10220561092654112,0.8845810300134296,0.7574304889741131,0.8473926380368099,0.01756183093392394,0.9842949498735126,0.8178331735378715,0.9401840490797546,0.006321520856404583,0.9886536119179237,0.822627037392138,0.9562883435582822,0.048929494278331376,0.953267122645929,0.7641418983700863,0.9424846625766872,0.06345507103,0.01237590098,66.15683098,21.38779697,2,0.4895360492,0.4916555831,1.609099209,20.01776804,12.44035664,168,0.12183462532299738,0.8900584028233238,0.6740172579098753,0.9072085889570553,0.1916205241786637,0.8181317342827696,0.5877277085330777,0.8734662576687117,0.38258582502768546,0.6497273493863019,0.40172579098753597,0.7223926380368099,20.017768035725855,12.44035664481361,0.012375900983562877,0.6848026240959856,0.9874301505119891,0.6159725729486911,0.012855460311095817,0.4982145409770275,0.47567452490370304,-2.7574231663447,0.011904761904761904
qwen,S1,cola@s1__ag_news@s1,cola@s1,ag_news@s1,cola,ag_news,0.7,0.01019765464325273,0.8245445829338447,0.9408,0.08165588909982602,0.9234448316090803,0.7363374880153404,0.8878,0.028040460370194586,0.9701320042964997,0.8024928092042186,0.9132,0.01019765464325273,0.9879507855501936,0.822627037392138,0.9238,0.013573307229868714,0.9840519434465533,0.8149568552253116,0.9262,0.04964023244,0.004324767686,69.84527453,23.81671373,1,0.496398488,0.498026312,1.48929059,20.01776804,13.44114316,168,0.055816919791172315,0.9339233311234114,0.7651006711409396,0.9036,0.10534478326214203,0.8888300004625418,0.716203259827421,0.8662,0.33857281284606877,0.6371609953899999,0.548418024928092,0.6188,20.017768035725855,13.441143163209938,0.004324767686508745,0.6924461187561138,0.9956397182645536,0.20182669274214618,0.004337224894862987,0.4495016513860528,0.398299892485104,-3.002953636142592,0.005952380952380952
qwen,S1,cola@s1__imdb@s1,cola@s1,imdb@s1,cola,imdb,0.7,0.004343350767806342,0.8245445829338447,0.9444,0.13533731272716532,0.8794521773215511,0.7344199424736337,0.792,0.036615348246210155,0.9745404776874854,0.8034515819750719,0.8994,0.004343350767806342,0.9971621027930433,0.8264621284755513,0.934,0.036335854929424816,0.9686325215785417,0.7890699904122723,0.9164,0.05497958603,0.007998685195,67.95529776,29.67059875,1,0.4931613249,0.4936305203,1.485778942,20.01776804,13.47291139,168,0.15775784797533565,0.8486937122983875,0.7075743048897412,0.7804,0.2781748963289107,0.7216789039337268,0.6270373921380633,0.6452,0.4598482609851955,0.5402297414258017,0.4439117929050815,0.5118,20.017768035725855,13.47291139386206,0.007998685188103462,0.6914222587514502,0.991894235634805,0.4150087565219346,0.008293271520960033,0.41791646412446104,0.39593917479895074,-2.9007933257386442,0.005952380952380952
qwen,S1,cola@s1__trec@s1,cola@s1,trec@s1,cola,trec,0.7,0.009603129309934788,0.8245445829338447,0.978,0.08759095448708809,0.9076963273567802,0.710450623202301,0.942,0.026183002805916233,0.9643313948313962,0.788111217641419,0.97,0.009603129309934788,0.9846023867222365,0.8120805369127517,0.974,0.00467137489893954,0.9805141141080052,0.8235858101629914,0.97,0.04808600981,0.001813221079,70.50749619,24.55346367,1,0.4982604247,0.4992003277,1.426012165,20.01776804,14.03758574,168,0.03672896751795307,0.9486750462163613,0.7976989453499521,0.938,0.08394326342321778,0.887257507139061,0.7603068072866731,0.89,0.28452941456222947,0.6698645167688471,0.6251198465963567,0.658,20.017768035725855,14.037585742704536,0.0018132210836789753,0.6958575581141402,0.9981094509469408,0.10784412289574735,0.0018392665402345823,0.44888087890000167,0.35488185281125656,-3.034764000518287,0.005952380952380952
qwen,S1,cola@s1__yelp_polarity@s1,cola@s1,yelp_polarity@s1,cola,yelp_polarity,0.5,0.012888454414488493,0.8245445829338447,0.9718,0.07659497839061535,0.9145163808988414,0.7488015340364333,0.9122,0.012888454414488493,0.9825959586495518,0.8197507190795782,0.9524,0.001996295534060555,0.9825953340204254,0.8283796740172579,0.9634,0.05264457707347192,0.9411824229363815,0.7440076701821668,0.9644,0.05793483388,0.008698701081,67.30060152,25.28858543,2,0.4926103277,0.4949186136,1.604680043,20.01776804,12.47461643,168,0.12801502366742135,0.8704413004778413,0.6356663470757431,0.9456,0.19324449475200656,0.8104063212467598,0.5532118887823586,0.916,0.38638094258077793,0.614021674630688,0.37488015340364333,0.7508,20.017768035725855,12.474616433799076,0.008698701076462515,0.6861157049637491,0.9919683014637204,0.4721170074592407,0.008554778679586863,0.49364958140726983,0.4729243865533324,-2.8484364538885645,0.011904761904761904
qwen,S1,sst2@s1__mrpc@s1,sst2@s1,mrpc@s1,sst2,mrpc,0.5,0.06306539024757418,0.9415137614678899,0.8725490196078431,0.0647555734990215,0.9488698190497296,0.9174311926605505,0.7818627450980392,0.06306539024757418,0.9685172278473022,0.9311926605504587,0.7720588235294118,0.08436888420534006,0.9495853506661996,0.9254587155963303,0.7401960784313726,0.12037594602362156,0.9180443951467645,0.9105504587155964,0.6911764705882353,0.05662251512,0.00897045734,68.36363242,25.90535311,2,0.4912404749,0.4953689044,1.258302292,12.59389182,10.00863775,168,0.1539093185892786,0.8727263611503471,0.8738532110091743,0.6666666666666666,0.2024695835443211,0.8339100089008171,0.8405963302752294,0.6127450980392157,0.3526991610669368,0.711250187239026,0.7190366972477065,0.4632352941176471,12.593891816110357,10.008637745160486,0.008970457351309467,0.6994766595709774,0.9911056097684466,0.45358941716055223,0.00917078996823671,0.26083620134227536,0.22976342511933165,-2.8713485792323374,0.011904761904761904
qwen,S1,sst2@s1__stsb@s1,sst2@s1,stsb@s1,sst2,stsb,1.0,0.02368223217487464,0.9415137614678899,0.9082318305994971,0.16029547273728872,0.8817403820252434,0.8887614678899083,0.6679484618480422,0.04574433705594527,0.9599326295678776,0.9277522935779816,0.8384139131179629,0.02274064677454002,0.9820294417380047,0.9369266055045872,0.871349274930126,0.02368223217487464,0.9839314444398126,0.926605504587156,0.8795951756311742,0.06176774257,0.01900889883,65.46683551,27.93607285,1,0.4828214095,0.4921363383,1.118010724,12.59389182,11.26455368,168,0.032537654709371866,0.9688968767218622,0.9151376146788991,0.8745721294645549,0.050913968967621015,0.9547836125953896,0.8910550458715596,0.864423487238573,0.11552117482217361,0.884490140199811,0.805045871559633,0.8300356485911061,12.593891816110357,11.264553683531751,0.019008898836453878,0.6994360400606375,0.9818425654957054,0.43291964827668045,0.01961086458534602,0.15540479402080187,0.11155096681570459,-2.784374015676316,0.005952380952380952
qwen,S1,sst2@s1__mnli@s1,sst2@s1,mnli@s1,sst2,mnli,1.0,0.034739187412028194,0.9415137614678899,0.8432,0.2901310361086008,0.7279299938141625,0.8279816513761468,0.4556,0.11438776819124175,0.8963684759720825,0.8692660550458715,0.715,0.049243269072982154,0.9558493654830265,0.8887614678899083,0.8074,0.034739187412028194,0.9614659810176016,0.908256880733945,0.8144,0.06922433582,0.02065979377,64.48866827,27.73675972,1,0.4807849464,0.4910418332,1.173533324,12.59389182,14.77935172,168,0.054932546276928895,0.9444336834475735,0.9059633027522935,0.7824,0.07516765202800291,0.9204738726467263,0.8922018348623854,0.7606,0.15601215831112603,0.8311166374036978,0.801605504587156,0.7054,12.593891816110357,14.779351721082973,0.020659793759309535,0.6977830493401963,0.9803988800572364,0.39855349365026993,0.021031827239961932,0.19401908072807797,0.16001913300843543,-2.670402804481793,0.005952380952380952
qwen,S1,sst2@s1__qnli@s1,sst2@s1,qnli@s1,sst2,qnli,0.7,0.017945894050943823,0.9415137614678899,0.9226,0.10292656483966178,0.895769923597739,0.8681192660550459,0.8046,0.03345032164303974,0.9600666629944201,0.9162844036697247,0.8856,0.017945894050943823,0.97964012765354,0.9311926605504587,0.8996,0.026193649097912886,0.9772855925658104,0.9254587155963303,0.89,0.06308191836,0.01875412522,66.16296064,26.85028079,2,0.4836648634,0.4917008396,1.104935887,12.59389182,13.91544302,168,0.043195196121325274,0.9688267289542185,0.9220183486238532,0.862,0.06099137822913736,0.951311285008913,0.9105504587155964,0.8404,0.1317527149481963,0.8729635146680856,0.8589449541284404,0.7604,12.593891816110357,13.915443022879295,0.01875412522087415,0.6997310357011476,0.9820438967394929,0.4591168267240967,0.019570565318180858,0.14885649816681537,0.09978731247196383,-2.7633211058088203,0.011904761904761904
qwen,S1,sst2@s1__rte@s1,sst2@s1,rte@s1,sst2,rte,1.0,0.03438517972976807,0.9415137614678899,0.776173285198556,0.1592980766507095,0.8664393582778845,0.8692660550458715,0.5884476534296029,0.05110613828853072,0.9541813858743668,0.9197247706422018,0.7148014440433214,0.025802339744497527,0.9797493387842111,0.9323394495412844,0.7436823104693141,0.03438517972976807,0.9885172509821052,0.9380733944954128,0.7256317689530686,0.05673780857,0.008479340886,67.64583551,27.61376309,1,0.4910279894,0.4969358759,1.563573609,12.59389182,8.054556397,168,0.04551454550604772,0.9760824360447775,0.9346330275229358,0.7111913357400722,0.06948984505566103,0.9544556260946637,0.9288990825688074,0.6787003610108303,0.13720646970512418,0.8656576322891001,0.893348623853211,0.6028880866425993,12.593891816110357,8.05455639682788,0.008479340885995154,0.6879724739261592,0.9909401111336503,0.19515153761434056,0.008616484267967406,0.468439743576028,0.44697397643658543,-2.8693144726595943,0.005952380952380952
qwen,S1,sst2@s1__wic@s1,sst2@s1,wic@s1,sst2,wic,0.5,0.029844412233177797,0.9415137614678899,0.6927899686520376,0.10937301932859711,0.8716473757664658,0.8612385321100917,0.6003134796238244,0.029844412233177797,0.971327983652383,0.9151376146788991,0.670846394984326,0.011658059644732988,0.9710869330002452,0.9174311926605505,0.6943573667711599,0.04445935593388484,0.9289859300377874,0.8727064220183486,0.6818181818181818,0.06874519037,0.0127263511,65.15827779,26.55981715,1,0.4889814911,0.49152955,1.258328191,12.59389182,15.8472491,168,0.10466763300466808,0.8589477043349398,0.7912844036697247,0.658307210031348,0.13938001884910256,0.8077045814689572,0.7110091743119266,0.6692789968652038,0.2599715610033013,0.6767010848648952,0.5584862385321101,0.6144200626959248,12.593891816110357,15.84724910360078,0.012726351100111891,0.698210751230243,0.9878784998167273,0.5345266075926896,0.013061076481873908,0.3069905245603219,0.22978400740201146,-2.677348503137195,0.005952380952380952
qwen,S1,sst2@s1__snli@s1,sst2@s1,snli@s1,sst2,snli,0.7,0.035851372830808526,0.9415137614678899,0.8906,0.2269155474979847,0.806615303292873,0.8497706422018348,0.5732,0.07430606253485783,0.9411332565580899,0.8853211009174312,0.8114,0.035851372830808526,0.9760304255629675,0.908256880733945,0.8582,0.021309451291647186,0.9723878940403524,0.9231651376146789,0.87,0.06641575615,0.02134490352,64.87523038,30.87090944,0,0.4801920324,0.4907607976,1.026230432,12.59389182,12.92423504,168,0.024820749290259347,0.9777204620741335,0.9197247706422018,0.867,0.0338815502447678,0.9768754438185505,0.9151376146788991,0.8552,0.07069588362742762,0.937965971151641,0.8830275229357798,0.82,12.593891816110357,12.924235037695999,0.021344903515259427,0.6996227488168106,0.9799776882298168,0.3940999504323118,0.02193520550019071,0.12357570973067754,0.025892314124029682,-2.711820959233241,0.0
qwen,S1,sst2@s1__scitail@s1,sst2@s1,scitail@s1,sst2,scitail,0.7,0.031365640044080934,0.9415137614678899,0.9662576687116564,0.029982309610811386,0.9553819077789512,0.9231651376146789,0.9271472392638037,0.02363310326160506,0.9735125768283107,0.9231651376146789,0.9394171779141104,0.031365640044080934,0.9739192591990903,0.9071100917431193,0.9409509202453987,0.054904974576107324,0.9551089811279885,0.8635321100917431,0.9401840490797546,0.06548057619,0.01772991346,65.64491922,26.04184522,2,0.4844975618,0.4904305678,1.012341702,12.59389182,12.44035664,168,0.1010715735746186,0.9174429372106246,0.8027522935779816,0.9133435582822086,0.13386742841675847,0.8781171310210382,0.7649082568807339,0.8888036809815951,0.2560094155404753,0.77481980884304,0.6559633027522935,0.7645705521472392,12.593891816110357,12.44035664481361,0.017729913468455035,0.7009077295149346,0.9836649950607907,0.6245305340549949,0.018249039211495035,0.10562732235798424,0.012266164071902666,-2.726001727037161,0.011904761904761904
qwen,S1,sst2@s1__ag_news@s1,sst2@s1,ag_news@s1,sst2,ag_news,0.7,0.01659302576085242,0.9415137614678899,0.9408,0.05815560085179017,0.9482821612999524,0.8784403669724771,0.8944,0.02252805811727865,0.9788918147024359,0.9243119266055045,0.9156,0.01659302576085242,0.9868121182147489,0.9334862385321101,0.9176,0.02797771818837158,0.9804835612349012,0.9254587155963303,0.9042,0.05538973003,0.01075530972,68.14206877,29.5434691,1,0.489565282,0.4962775346,1.067274784,12.59389182,13.44114316,168,0.0495377505447977,0.9599083715397058,0.9162844036697247,0.8728,0.07383264663965461,0.9345869033456753,0.9059633027522935,0.8374,0.15306018875272398,0.8601969800257532,0.856651376146789,0.7376,12.593891816110357,13.441143163209938,0.010755309718963749,0.7029703888311648,0.9886286986231505,0.27104416339684173,0.011479637302694693,0.13922241752023856,0.06510846868660555,-2.893361080933476,0.005952380952380952
qwen,S1,sst2@s1__imdb@s1,sst2@s1,imdb@s1,sst2,imdb,0.7,0.0071753179586468985,0.9415137614678899,0.9444,0.03875863413848979,0.9578343341825157,0.9139908256880734,0.8988,0.010087542129230576,0.98827660840987,0.9288990825688074,0.938,0.0071753179586468985,0.9989440337909187,0.9311926605504587,0.9412,0.014376946534246926,0.9903526197312874,0.9220183486238532,0.9368,0.07146820043,0.03921820921,63.49233368,28.05116751,1,0.4629382059,0.4838819287,1.069797295,12.59389182,13.47291139,168,0.03534457364161114,0.9722455360910093,0.908256880733945,0.911,0.06740535013498383,0.9487867792118341,0.8841743119266054,0.8746,0.17851779397342415,0.8383219944305195,0.8119266055045872,0.7372,12.593891816110357,13.47291139386206,0.0392182092181914,0.6932716716395524,0.9637674875368352,0.4445807051582422,0.040247021682124906,0.12357361539322538,0.06746918660181421,-2.6385026774432174,0.005952380952380952
qwen,S1,sst2@s1__trec@s1,sst2@s1,trec@s1,sst2,trec,0.7,0.010789126931344706,0.9415137614678899,0.978,0.060599946695759854,0.939591127238417,0.8543577981651376,0.95,0.02399188978476552,0.9663970168403464,0.9059633027522935,0.968,0.010789126931344706,0.9753848544905019,0.9288990825688074,0.97,0.010006999295088859,0.9707481928427978,0.9380733944954128,0.962,0.05222667203,0.002332250026,69.62012014,27.03445327,1,0.4974064303,0.4991344941,1.114634455,12.59389182,14.03758574,168,0.041072909738983476,0.9451801425444155,0.9334862385321101,0.906,0.08212340180686428,0.9101750831656059,0.9197247706422018,0.84,0.193876737680867,0.7851935460403472,0.8922018348623854,0.65,12.593891816110357,14.037585742704536,0.002332250024411163,0.7052529473265204,0.9973368635933519,0.11014889628687445,0.0025107343995820703,0.19213289404581668,0.10852650811047372,-2.952161956159234,0.005952380952380952
qwen,S1,sst2@s1__yelp_polarity@s1,sst2@s1,yelp_polarity@s1,sst2,yelp_polarity,0.7,0.007650456640978298,0.9415137614678899,0.9718,0.02379977735101857,0.9712641810846668,0.9174311926605505,0.9504,0.007144345074336256,0.9895161508677877,0.9334862385321101,0.9662,0.007650456640978298,0.9926840494950315,0.9323394495412844,0.9664,0.008370769462546557,0.989546476051228,0.9323394495412844,0.965,0.07410750954,0.04253515319,62.56731425,30.43495522,0,0.4598727786,0.4841317593,1.009561447,12.59389182,12.47461643,168,0.023740994209672683,0.9801185931280969,0.9094036697247706,0.9588,0.03607454955694556,0.9665881461024017,0.893348623853211,0.9514,0.08515884859242573,0.9180012454986056,0.8371559633027523,0.914,12.593891816110357,12.474616433799076,0.042535153194780205,0.692524485923037,0.9612556398659939,0.4931007269867564,0.043509536798897554,0.09901139922746685,0.009516025665232594,-2.602238408495145,0.0
qwen,S1,mrpc@s1__stsb@s1,mrpc@s1,stsb@s1,mrpc,stsb,0.3,0.2788624075472168,0.8725490196078431,0.9082318305994971,0.2788624075472168,0.810482832977045,0.6666666666666666,0.615990293428878,0.3532657273842891,0.6975182808902596,0.3333333333333333,0.8278043356653364,0.33171488124405923,0.6916947521835135,0.31862745098039214,0.8822579425909663,0.32780402367522654,0.6872930710260958,0.3161764705882353,0.8919130862561777,0.05841805446,0.01835550018,67.25182132,24.98669983,1,0.4807168386,0.4945414672,1.125483205,10.00863775,11.26455368,168,0.33419232364909723,0.6762327098399026,0.3161764705882353,0.8803089714968032,0.3421574939221744,0.6646499730713209,0.3161764705882353,0.865840529140496,0.37084914130607294,0.6252621534725752,0.3161764705882353,0.8137231942877091,10.008637745160486,11.264553683531751,0.01835550018522567,0.6995309782009776,0.9820009220615509,0.3363855089870614,0.018627984382747605,0.1860849682895072,0.11821245899653722,-2.8401302852131707,0.005952380952380952
qwen,S1,mrpc@s1__mnli@s1,mrpc@s1,mnli@s1,mrpc,mnli,0.5,0.14147815704752364,0.8725490196078431,0.8432,0.23423608297976672,0.7855900164404088,0.7647058823529411,0.5524,0.14147815704752364,0.8831086939933546,0.6691176470588235,0.8012,0.18985592606016666,0.8299562282788904,0.5588235294117647,0.8262,0.2879693196597233,0.7376450675305397,0.4387254901960784,0.7768,0.0600221848,0.01030763933,67.00761266,28.39390399,1,0.4890439664,0.4964694264,1.476659671,10.00863775,14.77935172,168,0.3318631004413364,0.6863378122463704,0.40931372549019607,0.7312,0.355607583736648,0.6674250990239807,0.39705882352941174,0.703,0.4152746093000448,0.6201544149781142,0.36764705882352944,0.6308,10.008637745160486,14.779351721082973,0.010307639329093113,0.6910643899150677,0.9895070459118102,0.3086098373450954,0.010314554101925074,0.42847616098208263,0.3897825579059294,-2.8130410384328233,0.005952380952380952
qwen,S1,mrpc@s1__qnli@s1,mrpc@s1,qnli@s1,mrpc,qnli,0.3,0.09441837552398336,0.8725490196078431,0.9226,0.09441837552398336,0.9063525872646389,0.7622549019607843,0.865,0.1351931644083526,0.8772173161772838,0.6568627450980392,0.9012,0.16834538200542193,0.8412737963419569,0.5906862745098039,0.91,0.22518006025959858,0.7935516483573677,0.4950980392156863,0.9062,0.06319345588,0.0131447795,66.68711756,23.34223447,1,0.4869066904,0.4945524865,1.390343359,10.00863775,13.91544302,168,0.2684079189978492,0.7344112897874318,0.4264705882352941,0.899,0.3043018387215417,0.7052591037963549,0.37745098039215685,0.8846,0.35806629773697685,0.651134664753114,0.32107843137254904,0.845,10.008637745160486,13.915443022879295,0.013144779501605024,0.693554933289163,0.9864054342269601,0.33512103530401066,0.013790818280692015,0.3548799218268936,0.3295507375012797,-2.761554529393135,0.005952380952380952
qwen,S1,mrpc@s1__rte@s1,mrpc@s1,rte@s1,mrpc,rte,0.5,0.07179252678338122,0.8725490196078431,0.776173285198556,0.0983864645936765,0.9141301430811171,0.8063725490196079,0.6823104693140795,0.07179252678338122,0.9579859100332553,0.8284313725490197,0.703971119133574,0.08618369480010446,0.9531341465902687,0.8357843137254902,0.6750902527075813,0.11128168278024564,0.9117933241367189,0.8406862745098039,0.631768953068592,0.06302292951,0.01068626756,66.53160273,25.7586724,1,0.4886103116,0.495634153,1.242605707,10.00863775,8.054556397,168,0.1481447609093285,0.8594856173423668,0.8088235294117647,0.6028880866425993,0.18737914815782597,0.8244145005186827,0.7647058823529411,0.5812274368231047,0.2603671282989286,0.7266274947386262,0.6495098039215687,0.5703971119133574,10.008637745160486,8.05455639682788,0.010686267552724556,0.6993642537997943,0.9898187794585634,0.3324818376563785,0.010772379104664333,0.22495252612001793,0.2172105514262224,-2.7642566583319614,0.005952380952380952
qwen,S1,mrpc@s1__wic@s1,mrpc@s1,wic@s1,mrpc,wic,0.7,0.0856741573033708,0.8725490196078431,0.6927899686520376,0.1363439930855661,0.836910393316942,0.7352941176470589,0.6128526645768025,0.09901367634348457,0.8929938281460261,0.7352941176470589,0.664576802507837,0.0856741573033708,0.8951514681531423,0.7230392156862745,0.6927899686520376,0.08684351009202307,0.8878931914977731,0.7328431372549019,0.6833855799373041,0.06346076961,0.01223670521,66.5508705,23.17672618,1,0.4880966028,0.4921922258,1.583357247,10.00863775,15.8472491,168,0.08801286288067511,0.8797993805337991,0.7426470588235294,0.6739811912225705,0.11426610402155679,0.8695479295627091,0.7303921568627451,0.6473354231974922,0.14114215262595975,0.8300512572548555,0.7328431372549019,0.6081504702194357,10.008637745160486,15.84724910360078,0.01223670520959993,0.6859606005879633,0.9878492148741874,0.3622757103993176,0.011937494375335625,0.5154965883915682,0.45954743263280645,-2.7573333654187464,0.005952380952380952
qwen,S1,mrpc@s1__snli@s1,mrpc@s1,snli@s1,mrpc,snli,0.5,0.03881204944526728,0.8725490196078431,0.8906,0.0880989838942059,0.9214611816190177,0.8406862745098039,0.7662,0.03881204944526728,0.9772702207008672,0.8259803921568627,0.869,0.0693150937254774,0.9632131181469242,0.7794117647058824,0.8622,0.12149649144497965,0.8883254156607887,0.7132352941176471,0.8368,0.05769065687,0.008395513538,67.80138169,29.15913353,1,0.4911932065,0.497122933,1.291308105,10.00863775,12.92423504,168,0.20249856806546274,0.8016980446140084,0.5955882352941176,0.8126,0.2714235069401514,0.7385282251750671,0.4950980392156863,0.7924,0.3720238470719146,0.6379472327632336,0.36519607843137253,0.7458,10.008637745160486,12.924235037695999,0.008395513530282948,0.6986268202256918,0.991613386923747,0.3556446013629,0.008553898235351924,0.2942500184252926,0.25565573947123094,-2.8526600445760466,0.005952380952380952
qwen,S1,mrpc@s1__scitail@s1,mrpc@s1,scitail@s1,mrpc,scitail,0.7,0.03239254503299449,0.8725490196078431,0.9662576687116564,0.05229623684679874,0.9627077884991132,0.8235294117647058,0.9194785276073619,0.04356607811663993,0.9770673640544684,0.8235294117647058,0.9363496932515337,0.03239254503299449,0.9810232362401179,0.8333333333333334,0.9470858895705522,0.036209202782236494,0.9799975952144768,0.8259803921568627,0.9478527607361963,0.06395247533,0.01962220713,66.46832629,25.61770303,2,0.4807849771,0.4908266955,1.242962026,10.00863775,12.44035664,168,0.05516764758337789,0.9697405837616857,0.8088235294117647,0.9302147239263804,0.06734884965222043,0.9627071873027324,0.7965686274509803,0.9202453987730062,0.10941680042803648,0.9192611296479996,0.7647058823529411,0.8742331288343558,10.008637745160486,12.44035664481361,0.019622207126167277,0.696352621496866,0.9806786697345111,0.452923637293149,0.02005063754859023,0.2556370857406672,0.2174972617803279,-2.7496150444350866,0.011904761904761904
qwen,S1,mrpc@s1__ag_news@s1,mrpc@s1,ag_news@s1,mrpc,ag_news,0.5,0.08460406634563933,0.8725490196078431,0.9408,0.09712389169150804,0.9166518270091659,0.7377450980392157,0.9034,0.08460406634563933,0.9382775362211306,0.7352941176470589,0.9296,0.08300967859053732,0.9324158715083523,0.7352941176470589,0.9326,0.08754203928762516,0.9236233744391846,0.7279411764705882,0.932,0.04822227374,0.003186811478,70.06235474,26.19319089,1,0.4971362672,0.4987221519,1.342954307,10.00863775,13.44114316,168,0.08657824084690047,0.9165318731110352,0.7401960784313726,0.9206,0.10612770389054504,0.9146571297134463,0.7181372549019608,0.9076,0.1538817071772529,0.8626694812550393,0.6691176470588235,0.8706,10.008637745160486,13.441143163209938,0.003186811481723993,0.6985854613636749,0.9956124655752109,0.17274998992190865,0.0037847502471693717,0.3181063606844673,0.29487189387965157,-3.0319342538775085,0.005952380952380952
qwen,S1,mrpc@s1__imdb@s1,mrpc@s1,imdb@s1,mrpc,imdb,0.7,0.006515045519656981,0.8725490196078431,0.9444,0.06404161253325347,0.9461771311518994,0.8186274509803921,0.8818,0.014356657101114112,0.9909448041343094,0.8578431372549019,0.9332,0.006515045519656981,0.9988738767252665,0.8676470588235294,0.9374,0.027147014453026475,0.9832467798824629,0.8504901960784313,0.917,0.05431155588,0.005453992958,68.81327171,29.04156545,1,0.494791073,0.4973607186,1.346128388,10.00863775,13.47291139,168,0.10439242084624212,0.9209086719721273,0.7622549019607843,0.8666,0.18181569416882004,0.8391346511739788,0.6862745098039216,0.8026,0.38057336207758086,0.6296928133205382,0.5,0.6288,10.008637745160486,13.47291139386206,0.005453992954630725,0.6977156238152642,0.9945697011473288,0.25137881947735546,0.005531804208830864,0.3342684957516468,0.29723261151767316,-2.913018259214634,0.005952380952380952
qwen,S1,mrpc@s1__trec@s1,mrpc@s1,trec@s1,mrpc,trec,1.0,0.005876473426621676,0.8725490196078431,0.978,0.03562935134762535,0.9597876339677964,0.821078431372549,0.966,0.013662944325727788,0.9850729465205696,0.8504901960784313,0.976,0.002808988764045006,0.9874255666479844,0.8676470588235294,0.978,0.005876473426621676,0.9879474873160429,0.8676470588235294,0.972,0.04620721766,0.001317097381,70.87753083,24.03090322,1,0.4989116853,0.4996635968,1.40254709,10.00863775,14.03758574,168,0.007662967303140977,0.9833866471522588,0.8627450980392157,0.974,0.016988924886836232,0.9773242907875189,0.8553921568627451,0.964,0.07127019140185187,0.9319086265593375,0.7892156862745098,0.932,10.008637745160486,14.037585742704536,0.0013170973785208233,0.6969518880806975,0.9984467919642944,0.08020874911991811,0.0014260714494341183,0.3597221118644953,0.338289933608637,-3.0746192666895915,0.005952380952380952
qwen,S1,mrpc@s1__yelp_polarity@s1,mrpc@s1,yelp_polarity@s1,mrpc,yelp_polarity,0.5,0.04234612707566865,0.8725490196078431,0.9718,0.04968828838411743,0.9640262121622027,0.8088235294117647,0.9462,0.04234612707566865,0.97120569934169,0.8063725490196079,0.9632,0.057625892875724616,0.9583833829320347,0.7818627450980392,0.9608,0.11853915241264334,0.8922205188324766,0.6838235294117647,0.9516,0.05377245901,0.006010024717,69.21190769,26.25314878,1,0.494464784,0.4985633682,1.246385048,10.00863775,12.47461643,168,0.20374591572224365,0.8284762677728681,0.5514705882352942,0.9334,0.259216362084953,0.7863462289957015,0.4681372549019608,0.9184,0.32190641251841245,0.6880217633089849,0.4068627450980392,0.8648,10.008637745160486,12.474616433799076,0.006010024717544364,0.7008386256147224,0.9938802675352681,0.2736032321626641,0.006227516516284677,0.26064069360086484,0.22024739991348358,-2.9229938571995313,0.005952380952380952
qwen,S1,stsb@s1__mnli@s1,stsb@s1,mnli@s1,stsb,mnli,0.7,0.034857730553397914,0.9082318305994971,0.8432,0.18224629929614444,0.8279753320809844,0.8503469597431292,0.5896,0.05180538481573893,0.9546057699173411,0.8759562087103074,0.7858,0.034857730553397914,0.9571799745290503,0.8716267306373688,0.8184,0.06028973586648623,0.9306242648857078,0.8570978932216424,0.789,0.07328348919,0.03410217158,62.32615938,24.40048082,1,0.4674777781,0.4860258584,1.312022841,11.26455368,14.77935172,168,0.08665667593700777,0.8937373387128076,0.8372085556700612,0.763,0.1079388449758727,0.876280058294475,0.8209544697342951,0.7422,0.1584573488906008,0.8199230673782641,0.7776600697880899,0.6972,11.264553683531751,14.779351721082973,0.03410217158387285,0.6895094630325878,0.9660869202722817,0.4315753404239265,0.03523233405553778,0.29233236540796537,0.2715700996691378,-2.613419945257438,0.005952380952380952
qwen,S1,stsb@s1__qnli@s1,stsb@s1,qnli@s1,stsb,qnli,0.7,0.025339108097031104,0.9082318305994971,0.9226,0.06435330247326454,0.9475825830485738,0.8356355848350459,0.8776,0.025879770174804806,0.9882482750989579,0.8793356149540585,0.9042,0.025339108097031104,0.9904728261486982,0.8842554137185565,0.9002,0.03737390295272325,0.9739343477073026,0.8805080926304831,0.8818,0.06783804597,0.02857276809,64.1103009,28.00639949,2,0.4731589874,0.4885041038,1.235330171,11.26455368,13.91544302,168,0.05998917533821646,0.9482082523020428,0.8693548358330953,0.8514,0.0803507124030014,0.927274796266689,0.8575701604510538,0.8258,0.1573793884084459,0.8493443604701125,0.8155023574356552,0.7264,11.264553683531751,13.915443022879295,0.028572768088632607,0.6935955448000987,0.9713863236544932,0.45635884894451095,0.03017985919689648,0.2295022403024758,0.21133827928892154,-2.6906320914215733,0.011904761904761904
qwen,S1,stsb@s1__rte@s1,stsb@s1,rte@s1,stsb,rte,0.5,0.05994086661127318,0.9082318305994971,0.776173285198556,0.10407510919239782,0.9262607286533489,0.7614265176743052,0.740072202166065,0.05994086661127318,0.9780385962325924,0.8669407701123291,0.7184115523465704,0.06544289782865409,0.9759009187367195,0.8865168690138556,0.6931407942238267,0.061890196190001356,0.9562722931341888,0.8887458883437386,0.6967509025270758,0.0612877473,0.01847647077,66.60443006,30.78861138,0,0.4806384275,0.493870645,1.398531853,11.26455368,8.054556397,168,0.08537887913740727,0.9333730874706542,0.8798742220868442,0.6678700361010831,0.09309792371799386,0.9142786369428342,0.8700771922028453,0.6642599277978339,0.14059664279405393,0.8437256199128483,0.8302651701016105,0.6245487364620939,11.264553683531751,8.05455639682788,0.018476470766442377,0.6915244426029364,0.9815788096210839,0.25191965549810996,0.01862739192458468,0.3708807419115324,0.33542300994679536,-2.792175336932363,0.0
qwen,S1,stsb@s1__wic@s1,stsb@s1,wic@s1,stsb,wic,0.7,0.10594213960480148,0.9082318305994971,0.6927899686520376,0.25201805659117693,0.7738655050593781,0.6107263942355436,0.5705329153605015,0.10987040497142408,0.9320270162025258,0.7107110556738406,0.6912225705329154,0.10594213960480148,0.9430492805045572,0.7075724912330937,0.6990595611285266,0.14787011407404815,0.9133891115753574,0.6499052575374021,0.6849529780564263,0.06564816821,0.01429220222,65.04600574,26.58812978,1,0.4872498074,0.4916903793,1.406824411,11.26455368,15.8472491,168,0.18792952932149176,0.853989845431532,0.5648098465746237,0.6943573667711599,0.22252317228606233,0.7996096857409015,0.5101910438056,0.6880877742946708,0.32818746304860136,0.665976716664231,0.3922293326105805,0.6316614420062696,11.264553683531751,15.84724910360078,0.014292202223622156,0.6925583604555209,0.9868443648524718,0.457288043723455,0.013943272459258606,0.3697281584366595,0.3413349736138596,-2.7234455809836153,0.005952380952380952
qwen,S1,stsb@s1__snli@s1,stsb@s1,snli@s1,stsb,snli,0.5,0.057140943670590305,0.9082318305994971,0.8906,0.16302636046332852,0.873737509093801,0.8040262979246815,0.7024,0.057140943670590305,0.9592562270470418,0.8641975280081038,0.832,0.051108281240553666,0.9510362167877136,0.867609137121025,0.8394,0.062152756273796905,0.9319265708789484,0.8610085791909936,0.8262,0.07657462393,0.03817393469,61.53681575,30.59751259,0,0.4642848339,0.4861804753,1.147336628,11.26455368,12.92423504,168,0.08595384460186795,0.912231356162605,0.847552859952606,0.797,0.10419870939725429,0.8949777259973555,0.8350116395651516,0.7768,0.1541374976638512,0.8469429399953707,0.7952895303372747,0.7268,11.264553683531751,12.924235037695999,0.03817393469696864,0.6924762580080207,0.9628934706999577,0.48540972166996094,0.03963307270468802,0.16903833198108245,0.13744328070340195,-2.569489537408234,0.0
qwen,S1,stsb@s1__scitail@s1,stsb@s1,scitail@s1,stsb,scitail,1.0,0.17554710758164305,0.9082318305994971,0.9662576687116564,0.36858477173153525,0.7867494021559129,0.2682645621179794,0.9348159509202454,0.30697253684034476,0.887799617757959,0.3722519398381675,0.9432515337423313,0.2605694931603759,0.9271781469675867,0.4435666420147248,0.9570552147239264,0.17554710758164305,0.9512120189834681,0.592960983414723,0.9624233128834356,0.06845829324,0.02380962201,64.08475801,26.56242898,1,0.4775802496,0.4909012791,1.104380785,11.26455368,12.44035664,168,0.09954753670756344,0.9582990199409525,0.7360571745664255,0.9570552147239264,0.07321521339539605,0.9503951168828484,0.7925387099360113,0.9478527607361963,0.06908090551244839,0.920186854712115,0.8281604675833881,0.9179447852760736,11.264553683531751,12.44035664481361,0.02380962200347765,0.6980179510884648,0.9776254179989916,0.488813552279616,0.024182080269571693,0.13001588000395906,0.09928480233503685,-2.6815305769533637,0.005952380952380952
qwen,S1,stsb@s1__ag_news@s1,stsb@s1,ag_news@s1,stsb,ag_news,0.5,0.13003579306326885,0.9082318305994971,0.9408,0.1681012174122377,0.8403959726377603,0.6806919050907497,0.8602,0.13003579306326885,0.8822911772827773,0.8403892411362804,0.7664,0.19513624623251236,0.815881407483956,0.8800732062097535,0.6028,0.24318359529857425,0.7558430023262488,0.8899144193982259,0.5022,0.05526583973,0.0110255667,67.79674682,27.19403205,1,0.4894949386,0.4952339144,1.193224653,11.26455368,13.44114316,168,0.27942897647628173,0.7157333920919902,0.8825781794664848,0.4416,0.30650080179734407,0.6835723405546926,0.8729838739214961,0.4006,0.3763694361585215,0.5985466670170136,0.8341129200845244,0.3094,11.264553683531751,13.441143163209938,0.01102556669563616,0.7005860436004192,0.9861597030979635,0.2715052513595992,0.012645810536268365,0.21593254010587498,0.17665943469208242,-2.8956002877268565,0.005952380952380952
qwen,S1,stsb@s1__imdb@s1,stsb@s1,imdb@s1,stsb,imdb,1.0,0.012352644341777186,0.9082318305994971,0.9444,0.1666658232994671,0.876799633498275,0.7066605208536542,0.8392,0.041197256634022295,0.9653245815542514,0.8655193741148783,0.911,0.014047280294845033,0.9857307354232195,0.8890626928325498,0.9378,0.012352644341777186,0.986545880313514,0.8932949804470435,0.9366,0.0557908379,0.01363849992,67.43133837,31.62193154,0,0.4878596792,0.4936756427,1.196044848,11.26455368,13.47291139,168,0.04687025085602148,0.9457673969907652,0.8867584278992046,0.8782,0.10088088877716839,0.8851002245989474,0.8755879718017063,0.7878,0.26382994138362137,0.7238671400457573,0.819445539868685,0.5384,11.264553683531751,13.47291139386206,0.01363849992578388,0.6996260535144109,0.9867670764127008,0.39501155508507135,0.013946752504190646,0.19303963253504058,0.17902015315315456,-2.8861456184169043,0.0
qwen,S1,stsb@s1__trec@s1,stsb@s1,trec@s1,stsb,trec,0.7,0.052626850886001386,0.9082318305994971,0.978,0.145291005565366,0.8881689502121923,0.7037503925134108,0.914,0.0531897624381269,0.9480229031461525,0.8673343041913905,0.918,0.052626850886001386,0.9493743367628141,0.8925020350606707,0.892,0.10472602682642596,0.9166066192649489,0.8981613147618811,0.784,0.04823533335,0.002349745134,70.16813081,21.62904437,1,0.4974617208,0.499050635,1.246173274,11.26455368,14.03758574,168,0.14275131018208564,0.852897644600985,0.8940961375828483,0.714,0.18015089978095256,0.8107870006898767,0.8874528607621645,0.648,0.24670419957530731,0.7190783718996401,0.8519981512726256,0.556,11.264553683531751,14.037585742704536,0.0023497451325037986,0.702093143328816,0.9966813911504175,0.09771720835225148,0.0027998703086143904,0.27579043343974696,0.2200774749021886,-3.0316634694267264,0.005952380952380952
qwen,S1,stsb@s1__yelp_polarity@s1,stsb@s1,yelp_polarity@s1,stsb,yelp_polarity,0.7,0.027417568996170982,0.9082318305994971,0.9718,0.142691758310161,0.8914196376170811,0.6752058781779879,0.9438,0.04480228193108127,0.9667959852056138,0.8333922238582676,0.9648,0.027417568996170982,0.9826722120922352,0.8664662626678504,0.9632,0.02745973328645457,0.9768157930423451,0.8764832144116096,0.9524,0.05877877729,0.01576344353,66.08677704,32.99271269,0,0.4861687197,0.493253835,1.107422166,11.26455368,12.47461643,168,0.04041371030863483,0.9615560804886634,0.8742613737997385,0.9296,0.06138260707474974,0.9405624161335698,0.8673873469325751,0.8962,0.1725918837167255,0.825170299615165,0.837343779962549,0.7122,11.264553683531751,12.474616433799076,0.015763443532373744,0.7007170802174785,0.9848848038143154,0.45090886985514456,0.016208719054193053,0.1377188548737088,0.10203494146069662,-2.8339744196708017,0.0
qwen,S1,mnli@s1__qnli@s1,mnli@s1,qnli@s1,mnli,qnli,0.7,0.04875910665798455,0.8432,0.9226,0.3212114842510503,0.6955276517216242,0.4832,0.7238,0.11269058629374706,0.899020811852708,0.7398,0.8278,0.04875910665798455,0.9596030708811379,0.8244,0.8532,0.06559683445555031,0.9494670615818058,0.8088,0.8392,0.07090082464,0.0271829497,63.73477765,26.21355857,3,0.4749937372,0.4884472634,1.06208273,14.77935172,13.91544302,168,0.10470584533191607,0.9017889393113503,0.7752,0.8038,0.13243886080547052,0.8718655799933014,0.75,0.7802,0.21015331949021232,0.7926393422167348,0.6778,0.7158,14.779351721082973,13.915443022879295,0.027182949697309423,0.6973884847980871,0.9745710334080151,0.552310488622069,0.028048721231573932,0.13467006671444337,0.06023181997400888,-2.646473214482076,0.017857142857142856
qwen,S1,mnli@s1__rte@s1,mnli@s1,rte@s1,mnli,rte,0.7,0.04479943515290585,0.8432,0.776173285198556,0.18518545077445825,0.8425552307850732,0.5662,0.7436823104693141,0.08614304311371956,0.9732571310884564,0.7646,0.7148014440433214,0.04479943515290585,1.003841797168952,0.8304,0.7184115523465704,0.03960162834826353,0.9873703888532434,0.8274,0.7292418772563177,0.06611248274,0.02252352243,65.04772918,26.41421628,1,0.4769987696,0.4926436344,1.834905734,14.77935172,8.054556397,168,0.056942544459644306,0.9645936804416879,0.806,0.7220216606498195,0.07869743171086885,0.9455518325768557,0.785,0.7075812274368231,0.12628579939102424,0.901521668528156,0.7322,0.6823104693140795,14.779351721082973,8.05455639682788,0.022523522429054806,0.6719721247769397,0.9750165076741514,0.24675620245003269,0.022741251810991254,0.6375690386904582,0.6069931090698263,-2.7163977036602183,0.005952380952380952
qwen,S1,mnli@s1__wic@s1,mnli@s1,wic@s1,mnli,wic,1.0,0.06361297620785278,0.8432,0.6927899686520376,0.41473872427382863,0.5754203792814987,0.346,0.5266457680250783,0.2322836082323747,0.7772507847335743,0.5564,0.6065830721003135,0.09451175010947299,0.9126915785999892,0.7296,0.6551724137931034,0.06361297620785278,0.9251651969700458,0.7798,0.6567398119122257,0.07237819063,0.01536167562,63.70843443,25.47603248,1,0.4861848609,0.4893106873,1.072256037,14.77935172,15.8472491,168,0.10390818858560791,0.8820980974527817,0.7252,0.64576802507837,0.1553240402860896,0.8234522137545185,0.6652,0.6238244514106583,0.2886987301123922,0.7050245972724272,0.5204,0.5579937304075235,14.779351721082973,15.84724910360078,0.0153616756198385,0.7013240800113019,0.9845935434940102,0.4795251509030154,0.01622778221632227,0.2093363777574259,0.06976487461583698,-2.6258502593629247,0.005952380952380952
qwen,S1,mnli@s1__snli@s1,mnli@s1,snli@s1,mnli,snli,0.5,0.012167191297170366,0.8432,0.8906,0.11857851411175813,0.8933612353875018,0.69,0.8412,0.012167191297170366,0.9848353022837075,0.8348,0.8778,0.024010154977285314,0.9842655780742084,0.826,0.866,0.05146225217121181,0.9566748448549574,0.7958,0.849,0.1040331898,0.08024565368,56.74817758,16.48363877,14,0.4279769578,0.4596990508,1.143537832,14.77935172,12.92423504,168,0.08829969221014244,0.91730477152616,0.7564,0.825,0.11605076913374379,0.8938010707241477,0.7274,0.8062,0.1954773736316604,0.819827639527452,0.6478,0.7488,14.779351721082973,12.924235037695999,0.08024565367595647,0.6790414410871218,0.9320161534972659,0.6652276586506194,0.08064843674588845,0.1457487840371358,0.13412681832345305,-2.263045298060463,0.08333333333333333
qwen,S1,mnli@s1__scitail@s1,mnli@s1,scitail@s1,mnli,scitail,0.7,0.11832136080238542,0.8432,0.9662576687116564,0.26157156410951476,0.7545956607495069,0.4322,0.9317484662576687,0.1528146742567994,0.8579881656804733,0.6136,0.9340490797546013,0.11832136080238542,0.8929388560157792,0.6798,0.9248466257668712,0.13819952712267702,0.8818540433925051,0.661,0.9079754601226994,0.07444083921,0.02635884812,63.31973959,28.1294528,1,0.4745457155,0.4901430542,1.188016722,14.77935172,12.44035664,168,0.16762898707870233,0.8553057199211046,0.6368,0.8788343558282209,0.18158188006385356,0.8349506903353057,0.63,0.8596625766871165,0.22202192705039003,0.7946745562130177,0.614,0.7998466257668712,14.779351721082973,12.44035664481361,0.026358848113703693,0.6955360292970333,0.9748274415803413,0.5000828729302738,0.026766443865352783,0.18663871922451872,0.17228529659896638,-2.5977505736284314,0.005952380952380952
qwen,S1,mnli@s1__ag_news@s1,mnli@s1,ag_news@s1,mnli,ag_news,0.5,0.09632300500845492,0.8432,0.9408,0.24462547115620437,0.7609192819514143,0.4986,0.865,0.09632300500845492,0.9139284198437071,0.772,0.839,0.13062765428752132,0.8680410955483984,0.8312,0.7084,0.2574554015154449,0.7449841460065414,0.8084,0.4952,0.0596567554,0.01082865826,67.57623575,26.81348887,2,0.4904431126,0.4946824154,1.099560621,14.77935172,13.44114316,168,0.3161954297848171,0.6863636931066337,0.7814,0.4148,0.33670847371206547,0.6563266172321673,0.7676,0.3916,0.38110990363887487,0.605694954185704,0.7266,0.3538,14.779351721082973,13.441143163209938,0.010828658266038967,0.7025365625799938,0.9876546623569817,0.3046480305547618,0.012209925731429577,0.22289003566646626,0.0949106645541887,-2.8191478862219133,0.011904761904761904
qwen,S1,mnli@s1__imdb@s1,mnli@s1,imdb@s1,mnli,imdb,1.0,0.043575049809241984,0.8432,0.9444,0.3690640302930206,0.653798867688218,0.4142,0.7278,0.1760034382240825,0.8333041522358685,0.6696,0.8064,0.07603187912046405,0.9314855521617442,0.7898,0.8606,0.043575049809241984,0.9743338402750265,0.814,0.8948,0.06094693074,0.01498952122,66.13939541,29.80517538,2,0.4862766113,0.492504581,1.09696793,14.77935172,13.47291139,168,0.051529509414127594,0.9638382302196888,0.7938,0.9024,0.07950521480059813,0.9387049982746942,0.7668,0.8798,0.22073028908247316,0.7928073919766891,0.6656,0.7264,14.779351721082973,13.47291139386206,0.014989521221333917,0.7011389180324503,0.9858913497254128,0.3758955622152721,0.015153014012443813,0.1268061157049051,0.09254994659046711,-2.797751781336759,0.011904761904761904
qwen,S1,mnli@s1__trec@s1,mnli@s1,trec@s1,mnli,trec,0.7,0.09636432249527549,0.8432,0.978,0.27349506990605454,0.7217057232152784,0.4544,0.894,0.14818099711683597,0.8584254672579709,0.6778,0.88,0.09636432249527549,0.9025676026238096,0.7876,0.854,0.09167190525527447,0.8825678496868476,0.83,0.814,0.05131347858,0.002473940375,69.2625099,29.45700142,1,0.4979331657,0.4986461737,1.052841421,14.77935172,14.03758574,168,0.13046898949565966,0.8291923509283394,0.8232,0.746,0.16983019212038653,0.7835029832861855,0.812,0.682,0.23997828896054751,0.6844652938197181,0.7644,0.6,14.779351721082973,14.037585742704536,0.002473940372969926,0.7060010325084299,0.9964962016061252,0.18898931418362513,0.003001581854873381,0.26019308345762415,0.05149262446998971,-2.9698018209647374,0.005952380952380952
qwen,S1,mnli@s1__yelp_polarity@s1,mnli@s1,yelp_polarity@s1,mnli,yelp_polarity,0.7,0.03572890229324632,0.8432,0.9718,0.25359529139182235,0.7387376725838264,0.4702,0.9088,0.06915562017781907,0.9242998027613413,0.7474,0.9478,0.03572890229324632,0.9631952662721894,0.7944,0.9586,0.04670945033239038,0.9598422090729783,0.7738,0.961,0.06267947446,0.01596355513,65.80837877,30.70949716,0,0.4856026194,0.493056217,1.184754,14.77935172,12.47461643,168,0.06581389783937386,0.9313214990138068,0.7454,0.9566,0.08122974425282536,0.9198816568047337,0.7286,0.946,0.14286013102703055,0.8657593688362919,0.671,0.8926,14.779351721082973,12.474616433799076,0.01596355513716468,0.6991124656946179,0.9850371976542054,0.4304985428703597,0.01611056941772375,0.20502804544265515,0.16953515809957423,-2.769721246022128,0.0
qwen,S1,qnli@s1__rte@s1,qnli@s1,rte@s1,qnli,rte,0.7,0.024959795118950967,0.9226,0.776173285198556,0.1498081760847756,0.8655918531692437,0.7792,0.6642599277978339,0.039158797937073664,0.9620813999616669,0.8718,0.7581227436823105,0.024959795118950967,0.9775223721374584,0.898,0.7581227436823105,0.047181121098614165,0.9746332722677614,0.9042,0.7184115523465704,0.06378262877,0.0156358686,66.07552773,26.29751528,1,0.4848183332,0.492350688,1.727648593,13.91544302,8.054556397,168,0.08710973537878286,0.9562519408005681,0.8906,0.6678700361010831,0.0928543701067257,0.9380021008933996,0.88,0.6678700361010831,0.14320751768258566,0.8741737204088273,0.83,0.631768953068592,13.915443022879295,8.05455639682788,0.015635868598582084,0.6786290583389774,0.9826049494642076,0.25449420106186293,0.016414640909014958,0.56680653395377,0.5467612891688997,-2.7522744020376115,0.005952380952380952
qwen,S1,qnli@s1__wic@s1,qnli@s1,wic@s1,qnli,wic,0.7,0.02055277579690684,0.9226,0.6927899686520376,0.22157869801358154,0.7601073025936018,0.735,0.5266457680250783,0.08170128095594487,0.905643822759263,0.8616,0.6253918495297806,0.02055277579690684,0.9697201984824471,0.8972,0.6833855799373041,0.02392657775144591,0.9696331068952064,0.8868,0.6865203761755486,0.07043538536,0.01541178644,64.36897027,30.0017448,0,0.4873477793,0.4848504706,1.138824619,13.91544302,15.8472491,168,0.042522214909075595,0.9433638369818229,0.8504,0.6880877742946708,0.06644879266052173,0.9130969912375786,0.8146,0.6818181818181818,0.16486336568011117,0.8271167214407971,0.6998,0.6316614420062696,13.915443022879295,15.84724910360078,0.015411786440821147,0.7002911796868879,0.9842983560086843,0.458815995707533,0.016932741352145585,0.29248195773410524,0.12999669455828608,-2.653059509141226,0.0
qwen,S1,qnli@s1__snli@s1,qnli@s1,snli@s1,qnli,snli,0.7,0.020267539830828962,0.9226,0.8906,0.18279989050559575,0.8452029684400222,0.8016,0.6818,0.04293522309679587,0.9611039998143758,0.8902,0.8454,0.020267539830828962,0.982152363936831,0.9082,0.8684,0.029342402175400406,0.9758933485957659,0.9014,0.8588,0.06844653883,0.02175469832,64.39057817,26.81931022,2,0.4800325425,0.4910416432,1.076693745,13.91544302,12.92423504,168,0.04803407353699096,0.9548707656095112,0.8868,0.8396,0.06869622551485421,0.9332674625303412,0.8696,0.8194,0.14986501353418402,0.8595527488491945,0.794,0.7478,13.915443022879295,12.924235037695999,0.021754698312583858,0.6990823137297795,0.9791114980565918,0.5717310241712725,0.022721358867179513,0.11950817162338821,0.07389499840499443,-2.6817022934640398,0.011904761904761904
qwen,S1,qnli@s1__scitail@s1,qnli@s1,scitail@s1,qnli,scitail,1.0,0.03303887564130359,0.9226,0.9662576687116564,0.07721415323843239,0.941885084948348,0.8182,0.9263803680981595,0.05255256882722725,0.9606340533310567,0.8454,0.9455521472392638,0.0369866560685983,0.9744654088050315,0.8668,0.9532208588957055,0.03303887564130359,0.9767272830757847,0.8858,0.9409509202453987,0.07470907954,0.03013726084,63.39298376,24.1495516,5,0.4726301004,0.4850196615,1.118572676,13.91544302,12.44035664,168,0.04577402028084876,0.9581046700247589,0.885,0.9171779141104295,0.058266493243731565,0.9494783573806882,0.8722,0.906441717791411,0.10177336994484187,0.9071470445943254,0.8278,0.8688650306748467,13.915443022879295,12.44035664481361,0.030137260839201218,0.6956615427161454,0.9720086042017259,0.6542391092459672,0.03139650997047115,0.14183401234221438,0.11205347614473327,-2.5941536475093554,0.02976190476190476
qwen,S1,qnli@s1__ag_news@s1,qnli@s1,ag_news@s1,qnli,ag_news,0.3,0.08859924850061418,0.9226,0.9408,0.08859924850061418,0.9307011197122748,0.836,0.8624,0.08665969232913195,0.9153413694113901,0.8892,0.8118,0.1635203113870738,0.8449735877154778,0.878,0.6786,0.22220410356858977,0.7828842308358739,0.8466,0.6002,0.05401099999,0.0106218041,68.40171091,28.26212301,1,0.4905026846,0.4960627266,1.035287167,13.91544302,13.44114316,168,0.27128237486193263,0.7392547895680843,0.8088,0.5464,0.31381180127589725,0.6988174180586971,0.7772,0.4986,0.4050019097168458,0.6166952331446072,0.6868,0.4192,13.915443022879295,13.441143163209938,0.010621804102154507,0.7032775891160913,0.9883711351738576,0.2689520175891346,0.011632655370442722,0.17047967795351013,0.03467884427217116,-2.918567549644089,0.005952380952380952
qwen,S1,qnli@s1__imdb@s1,qnli@s1,imdb@s1,qnli,imdb,1.0,0.01503939890332573,0.9226,0.9444,0.1476066937139603,0.8653733672449377,0.7618,0.8302,0.05414283685141874,0.945645347262341,0.8606,0.9056,0.0233228276936448,0.9813118613108065,0.895,0.9286,0.01503939890332573,0.9923357296788067,0.9054,0.9336,0.06142141748,0.01630590397,66.79688359,29.04689234,1,0.4860170429,0.4892915495,1.032846028,13.91544302,13.47291139,168,0.028597178498457443,0.9835465992909247,0.8966,0.917,0.044448648108172284,0.9572691010468329,0.8822,0.9018,0.1357987752234744,0.8717018287815554,0.8254,0.7874,13.915443022879295,13.47291139386206,0.01630590398925426,0.7013227278485527,0.9842936791737598,0.46496830023414637,0.01711459871639744,0.09743640351303909,0.03231812578498134,-2.7899966857596983,0.005952380952380952
qwen,S1,qnli@s1__trec@s1,qnli@s1,trec@s1,qnli,trec,1.0,0.023694041512450137,0.9226,0.978,0.09443282232971018,0.9034927556716152,0.7842,0.94,0.0352447094257049,0.9515349449347629,0.867,0.968,0.024344377519387006,0.975133173764247,0.889,0.966,0.023694041512450137,0.975820185875587,0.8902,0.966,0.05012291032,0.00446460453,69.69055425,28.49183707,1,0.4949809235,0.498576369,1.008777494,13.91544302,14.03758574,168,0.03472093846987956,0.9581345477884697,0.8774,0.958,0.047792825202359945,0.9404489097013524,0.8646,0.946,0.12285343678419258,0.8712124547301885,0.811,0.856,13.915443022879295,14.037585742704536,0.004464604530207661,0.7055268955254576,0.9948139956298044,0.09603510571254997,0.004855660801752616,0.20400009571586936,0.008739195744847083,-2.9932770836009888,0.005952380952380952
qwen,S1,qnli@s1__yelp_polarity@s1,qnli@s1,yelp_polarity@s1,qnli,yelp_polarity,0.7,0.014408933262016532,0.9226,0.9718,0.0825666853167406,0.9244218674407354,0.7974,0.9432,0.02336134800194889,0.97779504254532,0.885,0.966,0.014408933262016532,0.9930806226699679,0.9,0.9676,0.01991347858738468,0.9900036995930448,0.8944,0.9628,0.06384773212,0.0180238911,66.07549755,25.01574568,3,0.484355027,0.491327575,1.115500673,13.91544302,12.47461643,168,0.029579357923800176,0.9758701158257207,0.8834,0.9556,0.04012745372239401,0.9598116053387973,0.874,0.945,0.08833753067815231,0.9118887845413928,0.8346,0.8928,13.915443022879295,12.474616433799076,0.018023891108296868,0.6998138703196989,0.9832018075312661,0.5329006899216484,0.01852088948895688,0.13535130240856008,0.1093033382071665,-2.751254216006756,0.017857142857142856
qwen,S1,rte@s1__wic@s1,rte@s1,wic@s1,rte,wic,1.0,0.16938861412185624,0.776173285198556,0.6927899686520376,0.30922340313585184,0.6824183895113528,0.49458483754512633,0.5156739811912225,0.21350626118067972,0.7978502857083327,0.5342960288808665,0.6128526645768025,0.16907292433968224,0.8585366107751369,0.5523465703971119,0.658307210031348,0.16938861412185624,0.8650216950812328,0.5342960288808665,0.6739811912225705,0.06501046356,0.008087624636,65.85787121,28.88787843,1,0.4920168826,0.4933783535,1.967488751,8.054556397,15.8472491,168,0.18774071345890775,0.8154251246230056,0.51985559566787,0.6614420062695925,0.20735031042828578,0.7982513712437298,0.4981949458483754,0.6536050156739812,0.24725876039145533,0.7432766083790414,0.48014440433212996,0.6144200626959248,8.05455639682788,15.84724910360078,0.008087624633119518,0.6700934543516536,0.9927851928773667,0.2525305720775976,0.007228781405786651,0.7247252184956111,0.6767579838851988,-2.7332070441958893,0.005952380952380952
qwen,S1,rte@s1__snli@s1,rte@s1,snli@s1,rte,snli,1.0,0.009431843700875797,0.776173285198556,0.8906,0.1586032933115381,0.8715115980763939,0.7075812274368231,0.6868,0.03580131502671313,1.005867838368573,0.7617328519855595,0.8434,0.01963244011092602,1.018111936713171,0.7617328519855595,0.8722,0.009431843700875797,1.019893744548461,0.776173285198556,0.8738,0.06159644277,0.01867306276,66.37876013,24.96573719,1,0.4800852784,0.4944089086,1.60458682,8.054556397,12.92423504,168,0.03079606640937127,1.005877167205407,0.7545126353790613,0.8606,0.04871186918669923,0.9953845579763887,0.7364620938628159,0.8494,0.08576345186678436,0.9294063594680697,0.7111913357400722,0.8124,8.05455639682788,12.924235037695999,0.018673062755251595,0.6830918441752466,0.980013200343427,0.23337776011356504,0.018854183815379913,0.5002811011860115,0.472866290418604,-2.7871511573503587,0.005952380952380952
qwen,S1,rte@s1__scitail@s1,rte@s1,scitail@s1,rte,scitail,0.5,0.1285806570690291,0.776173285198556,0.9662576687116564,0.1606773717238834,0.8623952219132942,0.5667870036101083,0.9164110429447853,0.1285806570690291,0.894200391308825,0.5956678700361011,0.9424846625766872,0.13811369509043925,0.8797878694264236,0.5703971119133574,0.9555214723926381,0.1582502768549281,0.8422181031819587,0.5379061371841155,0.9570552147239264,0.06786883327,0.01188604407,65.53825962,26.75230305,1,0.4878271365,0.4952343057,1.544511706,8.054556397,12.44035664,168,0.2033960871170174,0.801458140253321,0.48014440433212996,0.941717791411043,0.2248892580287929,0.7764926372155287,0.4584837545126354,0.9271472392638037,0.2889165743816906,0.7492163525898465,0.3898916967509025,0.8888036809815951,8.05455639682788,12.44035664481361,0.011886044071824703,0.6877327254046218,0.9897354470188349,0.2900800391915015,0.01147909345445695,0.4560892101666186,0.43470781249960677,-2.6901783590728434,0.005952380952380952
qwen,S1,rte@s1__ag_news@s1,rte@s1,ag_news@s1,rte,ag_news,0.7,0.05898987501977537,0.776173285198556,0.9408,0.08679995253915518,0.9256392659244574,0.6750902527075813,0.9,0.07392570400253118,0.9543617508006711,0.6714801444043321,0.9286,0.05898987501977537,0.955478030264518,0.6859205776173285,0.9392,0.06722927543110258,0.9393735278667412,0.6714801444043321,0.9412,0.05367527332,0.004431810775,68.66670358,25.8789502,1,0.4954628868,0.4982559819,1.668762686,8.054556397,13.44114316,168,0.0787637438696408,0.9338768576415366,0.6570397111913358,0.937,0.08912899462110424,0.9215448291054513,0.6425992779783394,0.935,0.11061639772187948,0.8841822988155152,0.6173285198555957,0.9252,8.05455639682788,13.441143163209938,0.004431810770347433,0.6845628029343436,0.9939958507664205,0.15459422671259435,0.0049652531912613915,0.5332812718128773,0.5120824452349051,-2.9248028431017055,0.005952380952380952
qwen,S1,rte@s1__imdb@s1,rte@s1,imdb@s1,rte,imdb,1.0,0.04418998650552097,0.776173285198556,0.9444,0.20663987470819412,0.834875860533567,0.5342960288808665,0.8484,0.08987027570107275,0.9147518800905565,0.6534296028880866,0.924,0.04038592240182026,0.9584782614981162,0.7184115523465704,0.9384,0.04418998650552097,0.9588888310621897,0.7111913357400722,0.94,0.0559468959,0.005689278451,67.90062745,30.43437129,0,0.4943907558,0.4958619925,1.672706817,8.054556397,13.47291139,168,0.08458772888902022,0.923498168339304,0.6642599277978339,0.9208,0.12552672793357167,0.8864204116682713,0.628158844765343,0.8874,0.2519911744136797,0.7764933022225691,0.5631768953068592,0.7276,8.05455639682788,13.47291139386206,0.005689278443866578,0.6840082214696179,0.9940489488339062,0.23694836854213758,0.005699853438680161,0.5403167237438734,0.5144431627744036,-2.8833523256560305,0.0
qwen,S1,rte@s1__trec@s1,rte@s1,trec@s1,rte,trec,1.0,0.058139534883721034,0.776173285198556,0.978,0.15162410234460455,0.8650517169582994,0.5487364620938628,0.968,0.08009226232938604,0.941902613935212,0.6534296028880866,0.976,0.04651162790697683,0.9774574987493467,0.703971119133574,0.978,0.058139534883721034,0.9778319960426256,0.6859205776173285,0.978,0.04705010135,0.001319143084,70.73155273,27.72247227,1,0.498633625,0.4996085701,1.742813018,8.054556397,14.03758574,168,0.06585818233699525,0.9628793531816898,0.6787003610108303,0.972,0.08027298235601843,0.9552098442482526,0.6642599277978339,0.962,0.12566224378180446,0.8903393672113646,0.6064981949458483,0.946,8.05455639682788,14.037585742704536,0.0013191430808522928,0.6821318165269228,0.998365049325795,0.07288356781981523,0.0013994898402196383,0.5780355252621956,0.5555004848224196,-3.0565422588616764,0.005952380952380952
qwen,S1,rte@s1__yelp_polarity@s1,rte@s1,yelp_polarity@s1,rte,yelp_polarity,0.7,0.05373533648898954,0.776173285198556,0.9718,0.13634492693969946,0.8684460920605499,0.5956678700361011,0.9328,0.06989092405844821,0.9446277417361755,0.6787003610108303,0.958,0.05373533648898954,0.9560930903099578,0.6967509025270758,0.9668,0.09637785552582834,0.9360560189475853,0.628158844765343,0.9698,0.05522328329,0.006667793754,68.4216666,26.4432344,1,0.4928855343,0.4972072084,1.548765173,8.054556397,12.47461643,168,0.11823420456884137,0.9045535990114304,0.5956678700361011,0.968,0.12210331343897929,0.8946699618988776,0.592057761732852,0.965,0.15888042807161962,0.8607599629286377,0.5415162454873647,0.9568,8.05455639682788,12.474616433799076,0.006667793742280045,0.6891749676681674,0.993007832617423,0.27579059969141967,0.006819570385404214,0.4636879717612985,0.43745795084623607,-2.896370615899282,0.005952380952380952
qwen,S1,wic@s1__snli@s1,wic@s1,snli@s1,wic,snli,0.7,0.08786465578647984,0.6927899686520376,0.8906,0.3191025827318611,0.686250717426574,0.5893416927899686,0.4552,0.16094645635206517,0.8760445053033077,0.6426332288401254,0.6684,0.08786465578647984,0.9157074616882912,0.6818181818181818,0.7482,0.07537599848797849,0.9146906366228754,0.6865203761755486,0.7644,0.07104147006,0.01394607521,64.09457573,31.66794109,0,0.4878898072,0.4915971134,1.226165344,15.8472491,12.92423504,168,0.10655407458289845,0.8862737654613899,0.6724137931034483,0.727,0.1339932507750633,0.8546143521468567,0.664576802507837,0.6882,0.2142477540688924,0.7621239441966405,0.6489028213166145,0.5654,15.84724910360078,12.924235037695999,0.013946075211380754,0.6987291086042504,0.9862894795032875,0.4726295239055979,0.014385835537025717,0.3118510699764018,0.20389169302093327,-2.644491487100166,0.0
qwen,S1,wic@s1__scitail@s1,wic@s1,scitail@s1,wic,scitail,0.5,0.08609854198089484,0.6927899686520376,0.9662576687116564,0.1228255404725993,0.8667145565200041,0.64576802507837,0.7944785276073619,0.08609854198089484,0.8715893445076324,0.6504702194357367,0.8588957055214724,0.09747001364648411,0.8631288037513718,0.6363636363636364,0.8565950920245399,0.1215578539107951,0.8357238351790881,0.6332288401253918,0.8144171779141104,0.07570636497,0.01707121167,63.29731669,21.41847482,3,0.4854823201,0.4864577548,1.273858102,15.8472491,12.44035664,168,0.15782877253465477,0.8104599421330939,0.6269592476489029,0.7530674846625767,0.17080550168785447,0.7912142073231567,0.6238244514106583,0.7323619631901841,0.21785534726711187,0.7416681632245834,0.5877742946708464,0.691717791411043,15.84724910360078,12.44035664481361,0.017071211670845576,0.6962840170405356,0.9844357743188902,0.6011619884990745,0.017150951728096567,0.3009042318491465,0.24205017104096074,-2.580893040567441,0.017857142857142856
qwen,S1,wic@s1__ag_news@s1,wic@s1,ag_news@s1,wic,ag_news,0.7,0.012914300335518769,0.6927899686520376,0.9408,0.10490830947763707,0.8693830140044985,0.5830721003134797,0.8924,0.027840463108320224,0.9724691753271274,0.6661442006269592,0.9246,0.012914300335518769,0.9784699305521352,0.6818181818181818,0.9314,0.02317128774586752,0.9654135677814444,0.670846394984326,0.927,0.05462565783,0.005154908373,68.37872439,30.60751343,0,0.4953396566,0.4975757389,1.179010514,15.8472491,13.44114316,168,0.04792926786099061,0.9444540215731665,0.6442006269592476,0.9166,0.061511623880321276,0.9387385279679522,0.6300940438871473,0.9102,0.09554013913257609,0.8833916170024134,0.6175548589341693,0.8632,15.84724910360078,13.441143163209938,0.005154908370837645,0.7029474093924142,0.9933759567482912,0.2456314421599066,0.005978066175548138,0.3433526242737119,0.1646755392423584,-2.9072515829844328,0.0
qwen,S1,wic@s1__imdb@s1,wic@s1,imdb@s1,wic,imdb,0.7,0.012822908461595839,0.6927899686520376,0.9444,0.16950550135018339,0.8129571424169334,0.5532915360501567,0.8144,0.0536652350315554,0.955912632047802,0.6473354231974922,0.905,0.012822908461595839,0.9857356158589025,0.6833855799373041,0.933,0.019610238778338007,0.9731968524230123,0.6739811912225705,0.933,0.05886004063,0.006019696807,67.17784648,27.48930087,2,0.4952835397,0.4923715445,1.176230485,15.8472491,13.47291139,168,0.062141492311908575,0.9426224112187755,0.6426332288401254,0.8954,0.07265260712827792,0.9147505553641311,0.6489028213166145,0.867,0.13700192226240504,0.8412884167710163,0.6128526645768025,0.7946,15.84724910360078,13.47291139386206,0.006019696811728115,0.7027152056545318,0.9941367904618218,0.4376016090340547,0.006246487212246296,0.2776458225872776,0.16231482091903612,-2.8325928458950234,0.011904761904761904
qwen,S1,wic@s1__trec@s1,wic@s1,trec@s1,wic,trec,1.0,0.02649696027537951,0.6927899686520376,0.978,0.13331066263220714,0.8293332954246986,0.5250783699059561,0.954,0.06743839583969491,0.9217369465677794,0.6050156739811913,0.97,0.029194311042019416,0.9561234630079418,0.6551724137931034,0.974,0.02649696027537951,0.9633680738893446,0.664576802507837,0.966,0.04890654823,0.00162974037,70.05959977,32.03574554,0,0.4986023456,0.4988114493,1.12891557,15.8472491,14.03758574,168,0.03974544041306938,0.9528030727656245,0.6504702194357367,0.96,0.05632281227734126,0.9228938368683135,0.6473354231974922,0.932,0.14351710481266589,0.7965538343230195,0.6285266457680251,0.788,15.84724910360078,14.037585742704536,0.0016297403782183442,0.705243653960286,0.9978551306812544,0.09169952950061365,0.0019048232479556256,0.35698943912136494,0.12125749937733762,-3.0178439808325925,0.0
qwen,S1,wic@s1__yelp_polarity@s1,wic@s1,yelp_polarity@s1,wic,yelp_polarity,0.7,0.012239730536886761,0.6927899686520376,0.9718,0.07930378762551926,0.8804150453955901,0.6175548589341693,0.9232,0.01902985456851536,0.9657787089693703,0.677115987460815,0.9568,0.012239730536886761,0.9704699191858726,0.6802507836990596,0.9656,0.030545780140225798,0.9642861418736905,0.6567398119122257,0.963,0.06072991862,0.009740202774,66.68218911,28.1915359,1,0.4917633488,0.4927716992,1.270359629,15.8472491,12.47461643,168,0.043610820616498236,0.9360371146363364,0.6489028213166145,0.9486,0.057910683072602165,0.9176214706175796,0.6410658307210031,0.9318,0.11665435880052777,0.8507313179686721,0.6112852664576802,0.8594,15.84724910360078,12.474616433799076,0.00974020277500831,0.6988454059813313,0.9909231871014881,0.5082001639668184,0.009896835010983714,0.33852248429976045,0.23930003282569648,-2.8013188091031904,0.005952380952380952
qwen,S1,snli@s1__scitail@s1,snli@s1,scitail@s1,snli,scitail,0.5,0.06649137909524172,0.8906,0.9662576687116564,0.12521583451855167,0.8989100330563745,0.7022,0.928680981595092,0.06649137909524172,0.9460537836147592,0.8068,0.928680981595092,0.06507499848505904,0.9435951040829089,0.7966,0.9424846625766872,0.09160597991723074,0.930887161618869,0.7656,0.9248466257668712,0.07215683083,0.02343909924,63.70012042,29.006839,3,0.4784049975,0.4913301992,1.038895862,12.92423504,12.44035664,168,0.12019638980676484,0.9108335566872152,0.738,0.8995398773006135,0.13543134822609337,0.8949432681139998,0.725,0.88420245398773,0.17576326286184807,0.847536853390512,0.709,0.8236196319018405,12.924235037695999,12.44035664481361,0.023439099234456917,0.6988413701335097,0.9777488532978557,0.5336886051274239,0.023901340407644914,0.11203427131027931,0.03815847802741175,-2.6289133228452144,0.017857142857142856
qwen,S1,snli@s1__ag_news@s1,snli@s1,ag_news@s1,snli,ag_news,0.7,0.019170367450820347,0.8906,0.9408,0.13476084207543337,0.8818749173025184,0.6996,0.889,0.0291964753563676,0.9678637586556698,0.8598,0.9184,0.019170367450820347,0.9774695305723401,0.8716,0.9248,0.03457390282634498,0.9582102059718609,0.8648,0.903,0.05915463201,0.01077245704,67.64704322,29.26099372,1,0.4902259186,0.4955780448,1.039995259,12.92423504,13.44114316,168,0.06556360192853239,0.9238154045193254,0.8522,0.858,0.099497983282691,0.8905820432526207,0.8442,0.8026,0.22520207274466042,0.7814470956644467,0.8136,0.5984,12.924235037695999,13.441143163209938,0.01077245704888466,0.7031963865732473,0.9876561383319722,0.29508849948804017,0.01200950742934589,0.16733692813509718,0.03921615448904435,-2.827600382071788,0.005952380952380952
qwen,S1,snli@s1__imdb@s1,snli@s1,imdb@s1,snli,imdb,1.0,0.021111433235621146,0.8906,0.9444,0.2385060759308979,0.8054499890879809,0.611,0.7904,0.07382639594130724,0.9370690066049071,0.8336,0.8654,0.030035098572477992,0.9735113873816924,0.8752,0.904,0.021111433235621146,0.9895777675765033,0.8728,0.9234,0.05907531878,0.01393355424,66.70964728,25.54270852,1,0.4879508798,0.4925847036,1.042453294,12.92423504,13.47291139,168,0.027938015698433682,0.9837705666473511,0.858,0.9262,0.03733148029306599,0.9763434953078318,0.8424,0.925,0.10128191446205581,0.9088075044588768,0.7896,0.8602,12.924235037695999,13.47291139386206,0.013933554244486116,0.7020839369939058,0.9870148111050507,0.37055192496023237,0.014200747728938083,0.10532399865136814,0.041576871768718285,-2.8289420597324426,0.005952380952380952
qwen,S1,snli@s1__trec@s1,snli@s1,trec@s1,snli,trec,0.7,0.013184971690232583,0.8906,0.978,0.1499418833469497,0.8672205936195956,0.6472,0.952,0.03350834918854828,0.9677294208074798,0.8382,0.97,0.013184971690232583,0.9856656701073423,0.8744,0.97,0.012198297418573478,0.9852025488641406,0.8798,0.966,0.05146194162,0.00265588768,69.27006077,26.1871908,1,0.4975610021,0.4985920302,1.086144418,12.92423504,14.03758574,168,0.021677901940604816,0.9793438226657841,0.8702,0.958,0.02786545409289576,0.9724412551313106,0.861,0.956,0.07252802159523897,0.9180220843365606,0.8288,0.904,12.924235037695999,14.037585742704536,0.0026558876834065826,0.705571533010122,0.9965411045668717,0.12249087290119189,0.003121119922604174,0.21486250840438822,0.08263419425427038,-2.9669127421757286,0.005952380952380952
qwen,S1,snli@s1__yelp_polarity@s1,snli@s1,yelp_polarity@s1,snli,yelp_polarity,1.0,0.015522717040945322,0.8906,0.9718,0.16846638188147622,0.8532225498079157,0.6358,0.9224,0.031100224165620416,0.9704065040650406,0.8528,0.9526,0.014155945934966274,0.9835968909139641,0.874,0.9624,0.015522717040945322,0.9911837755740195,0.8668,0.9676,0.06302672175,0.01727565955,65.65264365,26.03937222,2,0.4853840594,0.4924029507,1.03604268,12.92423504,12.47461643,168,0.02223160219006881,0.987971053336907,0.8554,0.967,0.028388149683643338,0.9766282497989814,0.847,0.9642,0.04946786604339848,0.9564692218350754,0.821,0.9516,12.924235037695999,12.474616433799076,0.01727565955528271,0.7009708349884718,0.9838239465353847,0.46449786663340975,0.01774128463306334,0.10334937310120806,0.03540833989991878,-2.7641964877569025,0.011904761904761904
qwen,S1,scitail@s1__ag_news@s1,scitail@s1,ag_news@s1,scitail,ag_news,0.7,0.04666950113378676,0.9662576687116564,0.9408,0.07988945578231288,0.9435329438493996,0.8558282208588958,0.898,0.060126133786847946,0.9566747809152873,0.870398773006135,0.921,0.04666950113378676,0.9689094449853944,0.9003067484662577,0.9172,0.05276360544217673,0.9566033755274261,0.9271472392638037,0.8796,0.05507401278,0.009253527635,68.38761057,24.13169986,1,0.4915380005,0.4966322343,1.080446771,12.44035664,13.44114316,168,0.08188775510204072,0.9101898734177215,0.9386503067484663,0.8136,0.11520691609977318,0.87910094125284,0.9371165644171779,0.7524,0.1868339002267574,0.8076046738072056,0.9194785276073619,0.6348,12.44035664481361,13.441143163209938,0.009253527639659736,0.7033417044481873,0.9885499396053127,0.31945038747426907,0.010625249979936503,0.18311774176146053,0.07737463244730136,-2.8990773114657333,0.005952380952380952
qwen,S1,scitail@s1__imdb@s1,scitail@s1,imdb@s1,scitail,imdb,0.7,0.01788487525463378,0.9662576687116564,0.9444,0.05010034085637649,0.9524079304424876,0.933282208588957,0.882,0.020558782598172787,0.9863410311790441,0.9363496932515337,0.9348,0.01788487525463378,0.992847649111148,0.9355828220858896,0.9406,0.024264839353784762,0.9836412471617655,0.9363496932515337,0.9278,0.0596429319,0.01451514077,67.23637568,28.66897567,1,0.4872857786,0.4929328807,1.083000414,12.44035664,13.47291139,168,0.050413969060729036,0.9616658359638921,0.9210122699386503,0.8934,0.07418214638672072,0.9414188403389268,0.9102760736196319,0.859,0.20211925939371933,0.8176712632220191,0.825920245398773,0.6998,12.44035664481361,13.47291139386206,0.014515140763075902,0.7014893535642804,0.9861592876950888,0.43169441718060514,0.014831602400604174,0.12325292401751552,0.07973535029024865,-2.819379630334152,0.005952380952380952
qwen,S1,scitail@s1__trec@s1,scitail@s1,trec@s1,scitail,trec,0.7,0.01657415522446204,0.9662576687116564,0.978,0.03824617781673001,0.937311707082062,0.9279141104294478,0.942,0.017138961924238028,0.97556983030887,0.950920245398773,0.96,0.01657415522446204,0.9791504737433756,0.9539877300613497,0.958,0.03349888012464697,0.9551785236336385,0.950920245398773,0.928,0.04682637644,0.001707308898,70.46768476,25.61986565,1,0.4986930963,0.499260558,1.128390941,12.44035664,14.03758574,168,0.07371214334404519,0.8968326106739468,0.946319018404908,0.854,0.12306699776024921,0.8425892618168193,0.9378834355828221,0.766,0.2280041873600156,0.7284615384615385,0.9010736196319018,0.598,12.44035664481361,14.037585742704536,0.0017073089025313056,0.7052263474746734,0.9978752731622461,0.10145996253503287,0.0019893855429931988,0.21960833547174133,0.12079267193198216,-3.061308635675586,0.005952380952380952
qwen,S1,scitail@s1__yelp_polarity@s1,scitail@s1,yelp_polarity@s1,scitail,yelp_polarity,0.5,0.03155615336619655,0.9662576687116564,0.9718,0.03946481247366207,0.9635897435897436,0.9156441717791411,0.946,0.03155615336619655,0.9738461538461538,0.9164110429447853,0.9606,0.03933120342875429,0.9697435897435898,0.9033742331288344,0.9586,0.05139913823799391,0.958974358974359,0.8941717791411042,0.9444,0.06227482984,0.01669161447,66.34990418,28.23171542,1,0.4854314007,0.4928379129,1.002753923,12.44035664,12.47461643,168,0.06828753385143593,0.9405128205128206,0.8734662576687117,0.9324,0.08610204594975124,0.9256410256410257,0.852760736196319,0.9186,0.16356033804068382,0.8564102564102565,0.7392638036809815,0.8822,12.44035664481361,12.474616433799076,0.016691614468651347,0.7012776278772931,0.9847549246503223,0.5064039582303212,0.01695026162290234,0.09966026548687688,0.0027501379017087187,-2.7761979502342538,0.005952380952380952
qwen,S1,ag_news@s1__imdb@s1,ag_news@s1,imdb@s1,ag_news,imdb,1.0,0.007430346662171905,0.9408,0.9444,0.07547160382577434,0.9324541378461875,0.9014,0.8414,0.025867708900586872,0.9737801988499148,0.9254,0.911,0.010607371919542974,0.9904060839689787,0.9316,0.9336,0.007430346662171905,0.992590972469038,0.9318,0.9394,0.05189405207,0.009615000683,69.1112892,26.96041204,1,0.4899874436,0.4965157449,1.002363507,13.44114316,13.47291139,168,0.016969120875796273,0.984554273632793,0.9274,0.9258,0.029794454312855878,0.9775974884034594,0.921,0.908,0.08047140393641561,0.929842068330736,0.89,0.8434,13.441143163209938,13.47291139386206,0.009615000682846679,0.7037312034574347,0.9892973602414872,0.21144080348987904,0.010373577809902041,0.16456240885470952,0.002360718310524278,-2.9585510990386816,0.005952380952380952
qwen,S1,ag_news@s1__trec@s1,ag_news@s1,trec@s1,ag_news,trec,0.7,0.009060295897500126,0.9408,0.978,0.04367709507115736,0.9522629775464004,0.8894,0.946,0.014440783982304528,0.9748321925953332,0.9194,0.972,0.009060295897500126,0.9858640980241888,0.9276,0.974,0.008275817995909929,0.9853641993252469,0.931,0.972,0.05090973617,0.002402643284,70.23971594,28.9280899,1,0.4976851602,0.4990832374,1.044374394,13.44114316,14.03758574,168,0.01592431451108045,0.9754587176166944,0.932,0.956,0.022590746421267904,0.9650203042555254,0.931,0.944,0.06115667125746005,0.9001810205861368,0.92,0.88,13.441143163209938,14.037585742704536,0.0024026432809079426,0.7060933308068875,0.9976138538540438,0.10453344793912626,0.0024578736796804423,0.13020375381558735,0.043418040116006355,-2.97770109336378,0.005952380952380952
qwen,S1,ag_news@s1__yelp_polarity@s1,ag_news@s1,yelp_polarity@s1,ag_news,yelp_polarity,0.7,0.018064127791474704,0.9408,0.9718,0.04252866638526165,0.9491593638429082,0.9026,0.9286,0.01983159362736653,0.9765579357351509,0.9182,0.9566,0.018064127791474704,0.9821989613761766,0.9132,0.9652,0.02972121653765436,0.97317429406037,0.8872,0.9694,0.05357961466,0.01067114496,68.75759314,27.55081943,1,0.4893267787,0.4966288053,1.077479475,13.44114316,12.47461643,168,0.04994171083745291,0.9533073677377475,0.8538,0.9646,0.06381856097038519,0.9385394352482961,0.8304,0.9618,0.10558031995469519,0.8927702044790653,0.7646,0.9486,13.441143163209938,12.474616433799076,0.010671144955314524,0.7028855499877654,0.9882456320305644,0.19139923611773157,0.011494152199335899,0.15872692776901268,0.07462449409043871,-2.9265866067541713,0.005952380952380952
qwen,S1,imdb@s1__trec@s1,imdb@s1,trec@s1,imdb,trec,1.0,0.0016941973739941218,0.9444,0.978,0.06469066606382345,0.9341444333722613,0.8338,0.966,0.018106734434561567,0.9812818732330224,0.9102,0.978,0.0038847010339282395,0.9952125333104875,0.9332,0.982,0.0016941973739941218,0.9963465553235908,0.9412,0.978,0.0424515084,-0.0001008466763,71.28206973,28.23516215,1,0.5006535983,0.4996914623,1.041911828,13.47291139,14.03758574,168,0.014394181523374572,0.9794647325917476,0.9288,0.966,0.03263668560945632,0.955149767559305,0.904,0.956,0.15057633892262556,0.8052807549926277,0.7778,0.856,13.47291139386206,14.037585742704536,-0.00010084668066752126,0.7069934933689983,0.9998218181238719,0.11278360471065961,5.697907736310496e-05,0.217408845326793,0.04105732170864011,-3.1593928332871783,0.005952380952380952
qwen,S1,imdb@s1__yelp_polarity@s1,imdb@s1,yelp_polarity@s1,imdb,yelp_polarity,0.5,0.0027172446820760143,0.9444,0.9718,0.012590045640296532,0.9841269313839508,0.9282,0.964,0.0027172446820760143,0.9963559838289859,0.9416,0.9694,0.005637307523235324,0.9917677355042366,0.939,0.9664,0.01889392690910352,0.9796743645123775,0.9264,0.9536,0.08805079478,0.08018856789,59.7731505,22.36156179,6,0.4279422429,0.4682855907,1.080026105,13.47291139,12.47461643,168,0.04366977655963389,0.9589145483745916,0.9004,0.9322,0.0735893231046908,0.9318652046297835,0.8676,0.9078,0.17167126521484866,0.8281259345406213,0.7562,0.8318,13.47291139386206,12.474616433799076,0.08018856789849549,0.6799260542712756,0.9321989992457592,0.608187183543964,0.08106600322019684,0.11093078422246094,0.0769852121403035,-2.4298414176184226,0.03571428571428571
qwen,S1,trec@s1__yelp_polarity@s1,trec@s1,yelp_polarity@s1,trec,yelp_polarity,1.0,0.0049197176323235725,0.978,0.9718,0.030509656568819432,0.9530057277447674,0.962,0.9284,0.008122721271555111,0.9782431347358278,0.976,0.958,0.0032928586128833093,0.9870520850061559,0.978,0.9654,0.0049197176323235725,0.9880231251003693,0.972,0.9682,0.04541543894,0.001067605618,70.90977387,33.99821628,0,0.4991555426,0.4992849804,1.125291973,14.03758574,12.47461643,168,0.014019269788400957,0.9603795300037472,0.954,0.9684,0.030077005922852562,0.934356297842728,0.924,0.967,0.14033326725731055,0.8164932284138965,0.718,0.9574,14.037585742704536,12.474616433799076,0.001067605625753325,0.7055073285206517,0.9984419492296998,0.07872197404740086,0.0013177368264820663,0.22202120240244866,0.11804253353945073,-3.09190316698604,0.0
qwen,P,ag_news@s0__cola@s1,ag_news@s0,cola@s1,ag_news,cola,0.7,0.0050564974541575936,0.9418,0.8245445829338447,0.08308138300236556,0.9185290399173592,0.8992,0.7248322147651006,0.028904077792648364,0.9771896215893966,0.9224,0.7938638542665388,0.0050564974541575936,0.9933066343915263,0.9268,0.8293384467881112,0.01638142201721593,0.9893698895552918,0.9208,0.8159156279961649,0.04765506791,0.00101939157,69.97917081,24.63707261,1,0.4991542524,0.4996438386,1.344729783,14.8860896,20.01776804,168,0.054163106767348035,0.9390344182508725,0.9022,0.7698945349952061,0.10068646382236879,0.8969424700761138,0.8748,0.7171620325982742,0.24467212709951758,0.750091223525905,0.758,0.5819750719079578,14.886089597168459,20.017768035725855,0.0010193915653357235,0.6992448989330816,0.9989278911622892,0.05662692408425492,0.0010340239276257657,0.3938734853751773,0.29619308803700933,-3.043766297559464,0.005952380952380952
qwen,P,ag_news@s0__imdb@s1,ag_news@s0,imdb@s1,ag_news,imdb,0.7,0.010501847058301816,0.9418,0.9444,0.07470465101072143,0.939410923075521,0.9048,0.8404,0.02226294166307119,0.9770700622431219,0.9236,0.9206,0.010501847058301816,0.9936834167190676,0.9288,0.9376,0.011138340353962661,0.988886458703557,0.928,0.9372,0.04469561665,0.0002868552025,70.13422727,22.6381562,1,0.4996940401,0.4998863667,1.104890336,14.8860896,13.47291139,168,0.03942282879693004,0.9560869307670576,0.9194,0.8924,0.07618590443255324,0.9189802790460306,0.9056,0.8368,0.21931920626727108,0.7899921170863293,0.8512,0.621,14.886089597168459,13.47291139386206,0.00028685520157483726,0.7061296989437222,0.9994422544853079,0.024983226545827276,0.00039221089239549993,0.21326671076258144,0.09974608660584615,-3.107879843692212,0.005952380952380952
qwen,P,ag_news@s0__mnli@s1,ag_news@s0,mnli@s1,ag_news,mnli,0.7,0.17889645085937023,0.9418,0.8432,0.30563471458223435,0.7024548722942101,0.8656,0.396,0.18397766117044223,0.8373267920005992,0.8182,0.6436,0.17889645085937023,0.8423270416697876,0.6714,0.7836,0.2728654463998246,0.748958255311712,0.439,0.8332,0.04879130554,0.000960242303,69.17914905,27.42273209,1,0.4990759551,0.4997019701,1.007222095,14.8860896,14.77935172,168,0.3224487768788661,0.697296706863406,0.3532,0.8264,0.33371666472574824,0.6799821486530347,0.3494,0.8108,0.3359892518786949,0.6707731006416497,0.4032,0.7588,14.886089597168459,14.779351721082973,0.0009602423033983931,0.7067629624852513,0.9985615129190516,0.032989033027133095,0.001181743521274497,0.2436231828338487,0.0071961405606034935,-3.020203147160268,0.005952380952380952
qwen,P,ag_news@s0__mrpc@s1,ag_news@s0,mrpc@s1,ag_news,mrpc,0.7,0.013016850353494869,0.9418,0.8725490196078431,0.05446121579285179,0.9515281137311351,0.908,0.8088235294117647,0.03130898041283603,0.9779618719733283,0.9278,0.8308823529411765,0.013016850353494869,0.9871055742700126,0.9358,0.8553921568627451,0.015825839117539653,0.9838223000479815,0.9358,0.8504901960784313,0.0459189201,0.0002435624283,70.77558135,22.97732477,1,0.4998238855,0.4999626579,1.487324247,14.8860896,10.00863775,168,0.026458419330901095,0.9728613580265234,0.929,0.8382352941176471,0.049707290128155224,0.9566261544016899,0.9196,0.8063725490196079,0.1342033304621082,0.8652491083839119,0.8742,0.7009803921568627,14.886089597168459,10.008637745160486,0.00024356243066670047,0.6938357082207458,0.9997738596910939,0.04531759932996374,0.0002346764037264237,0.43434642959166697,0.39697869817968856,-3.080878044233417,0.005952380952380952
qwen,P,ag_news@s0__qnli@s1,ag_news@s0,qnli@s1,ag_news,qnli,0.5,0.10564829734833514,0.9418,0.9226,0.1192558198673761,0.8944603277183814,0.856,0.7866,0.10564829734833514,0.901518238057105,0.782,0.8842,0.184754580905238,0.8420244500952997,0.6136,0.9032,0.33792065661333526,0.6853285379114626,0.3498,0.879,0.04829242185,0.001624220517,69.24835751,24.81504144,1,0.4984713723,0.499581571,1.069753192,14.8860896,13.91544302,168,0.41283198060344206,0.611947812322923,0.2628,0.826,0.44400624013211665,0.5802565831682566,0.2492,0.7818,0.509106246268578,0.5160487409676076,0.2454,0.6654,14.886089597168459,13.915443022879295,0.001624220522559371,0.7061336413679137,0.9978973323795953,0.05106252936490527,0.0018792361690916691,0.2032468295142684,0.06742796018507458,-3.030480628148841,0.005952380952380952
qwen,P,ag_news@s0__rte@s1,ag_news@s0,rte@s1,ag_news,rte,1.0,0.061633092494826736,0.9418,0.776173285198556,0.18126595781457566,0.8427422771253792,0.907,0.5234657039711191,0.12433835258559811,0.885317641875519,0.931,0.592057761732852,0.088488643715399,0.9184205175130904,0.9372,0.6425992779783394,0.061633092494826736,0.939271855353905,0.9396,0.6823104693140795,0.04720284271,9.835603969e-06,70.68783559,26.50166398,1,0.4998964139,0.4999856131,1.848157597,14.8860896,8.054556397,168,0.07717927570658856,0.9293736125938352,0.9366,0.6606498194945848,0.09114313511484684,0.9091916187958586,0.9322,0.6425992779783394,0.14531006928839874,0.8713016623455849,0.9134,0.5740072202166066,14.886089597168459,8.05455639682788,9.83560751180181e-06,0.6776931823799517,1.000146108068589,0.022833744989384838,-3.084274269304631e-05,0.6518812134171565,0.614189249345285,-3.0533011612974152,0.005952380952380952
qwen,P,ag_news@s0__scitail@s1,ag_news@s0,scitail@s1,ag_news,scitail,0.7,0.022181688559900437,0.9418,0.9662576687116564,0.0509582292604166,0.9522362869198313,0.8944,0.9164110429447853,0.0244114613354367,0.9821551444336255,0.916,0.9455521472392638,0.022181688559900437,0.9853197013956507,0.9202,0.9455521472392638,0.025260898583259972,0.9810564751703992,0.9144,0.9455521472392638,0.05119024031,0.0004238410152,68.9831516,24.34222063,1,0.499642829,0.4999051831,1.196596691,14.8860896,12.44035664,168,0.042435036589846487,0.965379746835443,0.897,0.9302147239263804,0.06030203898647302,0.9476663420967218,0.8768,0.9164110429447853,0.13275541263436785,0.88595423563778,0.8218,0.8328220858895705,14.886089597168459,12.44035664481361,0.00042384102493477484,0.7041447590372999,0.9992874131379519,0.05851638628670604,0.0005306648619041509,0.2588571804653667,0.17948143663485475,-2.972206384052088,0.005952380952380952
qwen,P,ag_news@s0__snli@s1,ag_news@s0,snli@s1,ag_news,snli,1.0,0.0427247097012915,0.9418,0.8906,0.23335345969944354,0.8076438201090872,0.8912,0.5228,0.08501444763425847,0.9320189946926595,0.9092,0.77,0.043063015777872415,0.9579437363089724,0.9106,0.8434,0.0427247097012915,0.9585887766653436,0.8848,0.8684,0.04872112493,0.0006083152601,69.28686416,34.49457893,0,0.4992763981,0.4998488011,1.151796571,14.8860896,12.92423504,168,0.06325031258975966,0.9385465825725166,0.8436,0.8708,0.08609853882200524,0.9198734912303914,0.8086,0.8632,0.1516117203836851,0.8686488334141931,0.722,0.8284,14.886089597168459,12.924235037695999,0.0006083152626964246,0.7051415545291804,0.9990322929692025,0.04472924478000767,0.0007806141286180145,0.23822123347893784,0.14132295900664937,-3.021642566150835,0.0
qwen,P,ag_news@s0__sst2@s1,ag_news@s0,sst2@s1,ag_news,sst2,1.0,0.021804723067679,0.9418,0.9415137614678899,0.06967260712311585,0.9408853853385553,0.8966,0.8555045871559633,0.026883111071679844,0.9741421945383825,0.9164,0.9162844036697247,0.018569282807509024,0.9852281689011269,0.916,0.9323394495412844,0.021804723067679,0.9852309536221424,0.9122,0.930045871559633,0.04859973751,0.001447374632,69.24273332,26.67442833,1,0.4986750479,0.499651482,1.182008692,14.8860896,12.59389182,168,0.0344218666461118,0.9725677132762132,0.9022,0.9162844036697247,0.056002073413209064,0.9519891819157991,0.8822,0.8956422018348624,0.15642888717771375,0.8749571152963612,0.7676,0.8211009174311926,14.886089597168459,12.593891816110357,0.001447374628190267,0.7041572256711085,0.9980499385586914,0.041971542920160726,0.0016804375500357842,0.21281158430387662,0.16721527259477037,-3.024137149119081,0.005952380952380952
qwen,P,ag_news@s0__stsb@s1,ag_news@s0,stsb@s1,ag_news,stsb,0.3,0.1889093295202624,0.9418,0.9082318305994971,0.1889093295202624,0.865141320806765,0.8144,0.6879440352557418,0.16703373797291676,0.8541997785888055,0.6794,0.8578685058524095,0.2435828669253084,0.7775400756774118,0.5044,0.8875823456261351,0.3496027113392164,0.6665065722459296,0.2988,0.8932730391507823,0.04947453685,0.001520253248,68.86025482,23.03636292,1,0.498591553,0.4994706039,1.321498394,14.8860896,11.26455368,168,0.3719971087295303,0.6410918636747278,0.2624,0.887697040645761,0.37818438885572225,0.632821406863456,0.2594,0.8793511434345122,0.4073021603053659,0.5946934407091684,0.2464,0.8389964163328988,14.886089597168459,11.264553683531751,0.0015202532520669485,0.6999102516575471,0.9973027120655279,0.043792175470559545,0.001966154628077892,0.3288471904976049,0.27876623977580817,-3.0062971488309076,0.005952380952380952
qwen,P,ag_news@s0__trec@s1,ag_news@s0,trec@s1,ag_news,trec,1.0,0.005124199798410611,0.9418,0.978,0.028739510687666336,0.9585645640090555,0.905,0.96,0.008069653854321457,0.9837378769060015,0.9266,0.978,0.0032639930238447246,0.9931599763924491,0.9318,0.982,0.005124199798410611,0.997351858213754,0.936,0.974,0.04502189962,0.0002643411919,71.18243638,25.35010205,1,0.4997825517,0.4998848269,1.060445141,14.8860896,14.03758574,168,0.007566331885902722,0.989451476793249,0.9314,0.974,0.013713026571838816,0.9841992371589898,0.9256,0.968,0.032790188565514966,0.957487689719264,0.907,0.95,14.886089597168459,14.037585742704536,0.0002643411907614943,0.7067094704202384,0.9997009968087833,0.04028283024578234,0.0002846410340769955,0.15421558167168917,0.05868876431165262,-3.100606249369302,0.005952380952380952
qwen,P,ag_news@s0__wic@s1,ag_news@s0,wic@s1,ag_news,wic,1.0,0.01694382279432194,0.9418,0.6927899686520376,0.14669536239933345,0.8352193436109607,0.902,0.5188087774294671,0.046674126468137844,0.9422314436290203,0.9242,0.6410658307210031,0.01998219448845906,0.9725122724063767,0.9276,0.6755485893416928,0.01694382279432194,0.9811850465448456,0.9248,0.6818181818181818,0.0482417569,4.874473845e-05,69.7905595,27.41717055,1,0.499926975,0.4998690343,1.064567629,14.8860896,15.8472491,168,0.043080353496577795,0.965932784974306,0.9054,0.6598746081504702,0.064161099041116,0.9464693230885419,0.887,0.6442006269592476,0.11704673538396193,0.8783861990838793,0.83,0.6128526645768025,14.886089597168459,15.84724910360078,4.8744734116479845e-05,0.7067440423235718,0.9998631495170934,0.043270845150801325,9.015672415597634e-05,0.3310246196827508,0.06256873456869531,-3.0315303072429822,0.005952380952380952
qwen,P,ag_news@s0__yelp_polarity@s1,ag_news@s0,yelp_polarity@s1,ag_news,yelp_polarity,0.7,0.015954460268857606,0.9418,0.9718,0.04272145778745717,0.9558552418046089,0.8968,0.9352,0.020408739448847357,0.9744336254462838,0.9146,0.9602,0.015954460268857606,0.9821551444336255,0.9164,0.967,0.021283110013705198,0.9804998377150276,0.9052,0.9682,0.04727041326,0.0005308836385,69.79238021,26.90361253,1,0.4995993785,0.4998723711,1.193310406,14.8860896,12.47461643,168,0.0338824330074986,0.9575121713729309,0.8836,0.966,0.04723613634368129,0.9480185004868549,0.8662,0.958,0.10269001864470173,0.9003878610840637,0.7852,0.9338,14.886089597168459,12.474616433799076,0.0005308836353433519,0.704192253168327,0.9992348687247758,0.018437061834614927,0.000629818650009456,0.23604705627284334,0.17673129871076804,-3.051870691672369,0.005952380952380952
qwen,P,cola@s0__imdb@s1,cola@s0,imdb@s1,cola,imdb,0.7,0.010716853495638556,0.8082454458293384,0.9444,0.08300625074422596,0.9176120855386514,0.7334611697027804,0.875,0.01776985444071144,0.9769908517208734,0.7957813998082455,0.9254,0.010716853495638556,0.9962203023758099,0.8015340364333653,0.932,0.03744718822020343,0.9683976930197233,0.7737296260786194,0.914,0.04085286827,-1.551247892e-05,71.71929958,31.81916286,0,0.4998610571,0.4999790513,1.455970397,19.61616016,13.47291139,168,0.09933588668773863,0.9183880674161452,0.7219558964525408,0.8576,0.1595303877812797,0.8532570141641417,0.6701821668264621,0.8044,0.2868902434428984,0.7140246362708565,0.5445829338446788,0.7106,19.61616015749152,13.47291139386206,-1.5512478083055254e-05,0.6952314872924554,1.0001396227316706,0.01812567024315537,-3.5704034431313224e-05,0.4140483818828248,0.37567261783703254,-3.1977782454531782,0.0
qwen,P,cola@s0__mnli@s1,cola@s0,mnli@s1,cola,mnli,1.0,0.041034718329990616,0.8082454458293384,0.8432,0.21775853608576945,0.7674556213017751,0.6951102588686481,0.594,0.11706449024334786,0.8796374565605335,0.7372962607861937,0.7198,0.06748637062447527,0.9223443223443224,0.7718120805369127,0.7674,0.041034718329990616,0.9446135061519678,0.8044103547459253,0.778,0.05097981742,0.0002900638567,69.59304667,28.04736521,1,0.4997077149,0.4997606662,1.32726797,19.61616016,14.77935172,168,0.06190927180193628,0.9404339250493097,0.7929050814956855,0.7548,0.08468318736058311,0.9206255283178361,0.7689357622243528,0.7414,0.17079290101989586,0.8226166995397765,0.7066155321188878,0.6612,19.61616015749152,14.779351721082973,0.0002900638532768026,0.70011971672321,1.0004016699438227,0.06546911484987149,0.000261190137480824,0.32867791003232005,0.2831226716629215,-2.9763254614450534,0.005952380952380952
qwen,P,cola@s0__mrpc@s1,cola@s0,mrpc@s1,cola,mrpc,0.7,0.04035547203006917,0.8082454458293384,0.8725490196078431,0.08743019179761946,0.9209977855933307,0.7372962607861937,0.7965686274509803,0.04460227651378834,0.9778008236390417,0.7929050814956855,0.8112745098039216,0.04035547203006917,0.97943550522683,0.8111217641418984,0.7990196078431373,0.06685593186452876,0.9515450031276527,0.7909875359539789,0.7745098039215687,0.04511573236,0.000201334136,70.80256298,27.40942744,1,0.4996184661,0.4999598716,1.959923084,19.61616016,10.00863775,168,0.13309042078185185,0.8873386610784032,0.7497603068072867,0.7034313725490197,0.18971170378663682,0.8277486483817083,0.710450623202301,0.6470588235294118,0.31912511495861495,0.6945514430860269,0.6011505273250239,0.5392156862745098,19.61616015749152,10.008637745160486,0.00020133413490489705,0.6725647548238967,0.9993530626871665,0.05059660323276154,0.00029653096791511355,0.7022552350692904,0.6729052296152619,-3.098524260485561,0.005952380952380952
qwen,P,cola@s0__qnli@s1,cola@s0,qnli@s1,cola,qnli,0.7,0.017245990301790304,0.8082454458293384,0.9226,0.09166639022886214,0.9096492975516283,0.7296260786193672,0.8432,0.03603926085416964,0.9670905614301841,0.7909875359539789,0.8758,0.017245990301790304,0.9948951036631392,0.8120805369127517,0.8864,0.01450321297874202,0.9808542672027689,0.8187919463087249,0.8838,0.04683984898,0.0002130375441,70.30443318,30.23403112,0,0.4996875114,0.4998961173,1.40966839,19.61616016,13.91544302,168,0.04589060417475088,0.9537713488878861,0.7871524448705657,0.862,0.07562515445158724,0.9145895416705627,0.7641418983700863,0.8334,0.22175339227758772,0.8042610367804597,0.6155321188878236,0.7334,19.61616015749152,13.915443022879295,0.00021303754206568242,0.6970340985038057,1.0015500625828335,0.04886377837660232,0.00011818401705667067,0.3949065493978051,0.3433544923327265,-3.0610209644251962,0.0
qwen,P,cola@s0__rte@s1,cola@s0,rte@s1,cola,rte,0.7,0.044779166321829544,0.8082454458293384,0.776173285198556,0.08634445088140363,0.9115509657678333,0.7363374880153404,0.7111913357400722,0.05600154487020337,0.9675919796401724,0.7929050814956855,0.703971119133574,0.044779166321829544,0.9802948055960103,0.8072866730584851,0.7075812274368231,0.06461695495048136,0.9662165144092855,0.8015340364333653,0.6823104693140795,0.04503195727,7.462312628e-05,71.36496025,27.7719026,1,0.5000451203,0.4999435341,2.435411609,19.61616016,8.054556397,168,0.1151562801732462,0.9227017961957722,0.7574304889741131,0.6462093862815884,0.14858892659107847,0.874935639995881,0.7334611697027804,0.6173285198555957,0.23927280752572488,0.773901466672551,0.6395014381591563,0.5667870036101083,19.61616015749152,8.05455639682788,7.462311614198095e-05,0.652427487861892,1.0001694640013212,0.01888863372653015,5.204139232876578e-05,0.9310285915755907,0.8901157808528343,-3.1003828797016575,0.005952380952380952
qwen,P,cola@s0__scitail@s1,cola@s0,scitail@s1,cola,scitail,1.0,0.03790318025193473,0.8082454458293384,0.9662576687116564,0.10872733435011017,0.9038095238095238,0.7171620325982742,0.8650306748466258,0.06638564085183307,0.9470818070818072,0.7708533077660594,0.8826687116564417,0.04284019657685145,0.9756288156288158,0.800575263662512,0.8926380368098159,0.03790318025193473,0.9818315018315018,0.8111217641418984,0.8895705521472392,0.04882234349,0.0002359474387,69.65318056,23.76456308,1,0.4998768932,0.4999294323,1.576816543,19.61616016,12.44035664,168,0.05373806699429473,0.9602686202686204,0.7938638542665388,0.879601226993865,0.07354544427498166,0.9381196581196581,0.7785234899328859,0.8596625766871165,0.18170507823532733,0.8466666666666667,0.6999041227229147,0.7446319018404908,19.61616015749152,12.44035664481361,0.0002359474413786975,0.6899563972122966,0.9992288689802135,0.0845163136512027,0.0004201253378715275,0.48317198661232985,0.45540796830311375,-3.019567212506571,0.005952380952380952
qwen,P,cola@s0__snli@s1,cola@s0,snli@s1,cola,snli,1.0,0.05184343981252448,0.8082454458293384,0.8906,0.15855372535982104,0.8287471336251825,0.7094918504314478,0.717,0.09059708637385488,0.9033026594002205,0.7679769894534996,0.7736,0.0597957472790146,0.9364037046963878,0.7996164908916586,0.7936,0.05184343981252448,0.9410494654397095,0.8092042186001918,0.7972,0.04974974706,0.0002905110927,69.57277461,28.49587818,1,0.4997446488,0.4997864887,1.517781138,19.61616016,12.92423504,168,0.06196084103936228,0.9362250215908753,0.7986577181208053,0.7908,0.07735291947342993,0.9156169034217816,0.7813998082454459,0.7824,0.15322217365024282,0.864736889127133,0.6941514860977949,0.7434,19.61616015749152,12.924235037695999,0.00029051109490434954,0.6925200924652579,1.0087503907384636,0.07020213141144921,0.00016950528846662697,0.4503209221829449,0.4172494907131979,-3.0007498996115656,0.005952380952380952
qwen,P,cola@s0__sst2@s1,cola@s0,sst2@s1,cola,sst2,0.7,0.00318810928431168,0.8082454458293384,0.9415137614678899,0.07383294105068172,0.9107192818914045,0.7066155321188878,0.9208715596330275,0.022136156034578747,0.9684028865655054,0.7842761265580057,0.9277522935779816,0.00318810928431168,0.994076790275312,0.8168744007670182,0.9254587155963303,0.010432695711476536,0.9874438010657652,0.8130393096836049,0.9162844036697247,0.05030129849,2.816082545e-05,69.7267874,28.94201266,1,0.5001710782,0.4999608134,1.557593192,19.61616016,12.59389182,168,0.047958179635112064,0.9615719842752579,0.7622243528283796,0.9048165137614679,0.07357358659043522,0.9263943846837195,0.7277085330776606,0.8967889908256881,0.16939458433210086,0.841585083929329,0.6299137104506232,0.8302752293577982,19.61616015749152,12.593891816110357,2.8160826055159742e-05,0.6908696470293891,0.9994623449741743,0.0888751947898162,0.00021078958689447236,0.4611473036728766,0.44314180423938754,-2.989724387299106,0.005952380952380952
qwen,P,cola@s0__stsb@s1,cola@s0,stsb@s1,cola,stsb,1.0,0.020607076251742962,0.8082454458293384,0.9082318305994971,0.17098370507309357,0.8693295908086036,0.7209971236816874,0.6956877766361955,0.052382482055893353,0.9579926358780704,0.775647171620326,0.8497118952484894,0.01677120938531873,0.9830858503885576,0.8092042186001918,0.8766901576147376,0.020607076251742962,0.9918453314460862,0.8053691275167785,0.8740319671705551,0.05048693867,0.0005777443956,69.32590342,21.94849878,2,0.4994802523,0.4997069502,1.741405892,19.61616016,11.26455368,168,0.04410898089243298,0.9559495210749225,0.7861936720997124,0.8528892230611487,0.07294913150988724,0.9251667949208803,0.7641418983700863,0.8252818908663142,0.18892654119809493,0.8168084680764189,0.6653883029721956,0.7255833405904586,19.61616015749152,11.264553683531751,0.0005777444019828869,0.6824143143839833,1.0000032511812977,0.04103016206290148,0.0005290419153852668,0.574940066980725,0.5546927708912068,-2.9860406163519873,0.011904761904761904
qwen,P,cola@s0__trec@s1,cola@s0,trec@s1,cola,trec,0.7,-0.0021068488963604803,0.8082454458293384,0.978,0.05018958001295404,0.9234885967662586,0.7353787152444871,0.968,0.011105531660953849,0.9765639139334338,0.7919463087248322,0.976,-0.0021068488963604803,0.9942684316379514,0.8149568552253116,0.974,-0.0018412185519143254,0.9815460577464754,0.8178331735378715,0.97,0.04794186731,8.328487656e-05,70.9583219,25.50446444,1,0.5000615179,0.4999556182,1.397402696,19.61616016,14.03758574,168,0.04151474794227439,0.9514040239509969,0.7890699904122723,0.92,0.07781513583535282,0.9155113038202809,0.7651006711409396,0.878,0.23995153155906812,0.7674680921027477,0.638542665388303,0.714,19.61616015749152,14.037585742704536,8.328488125047084e-05,0.6975601983446643,0.9999518295221809,0.019712938655257337,7.570411574701272e-05,0.43028452132674333,0.3346152964316186,-3.0377660997540765,0.005952380952380952
qwen,P,cola@s0__wic@s1,cola@s0,wic@s1,cola,wic,0.7,0.025369961836363197,0.8082454458293384,0.6927899686520376,0.14845842525348485,0.8287415135664162,0.7200383509108341,0.5626959247648903,0.050268916764625304,0.9564335362000732,0.7909875359539789,0.6379310344827587,0.025369961836363197,0.9665816241691729,0.8111217641418984,0.6551724137931034,0.05070905997219577,0.9413254277067507,0.775647171620326,0.6504702194357367,0.05023426507,0.0005446477553,69.62495869,28.49249281,1,0.4995085842,0.499697943,1.237827463,19.61616016,15.8472491,168,0.09949786101136315,0.8864967717107795,0.7114093959731543,0.6379310344827587,0.1490327584633634,0.8181658376210905,0.660594439117929,0.6128526645768025,0.2869183534349957,0.6966857180864963,0.5071907957813998,0.5532915360501567,19.61616015749152,15.84724910360078,0.0005446477504907596,0.7029599169416799,0.9989606617755663,0.0708389738012995,0.000706190011592206,0.2316968269275217,0.21335779702157648,-2.99105791401463,0.005952380952380952
qwen,P,cola@s0__yelp_polarity@s1,cola@s0,yelp_polarity@s1,cola,yelp_polarity,0.7,-0.0006045940357952695,0.8082454458293384,0.9718,0.06905188962185593,0.9186568986568986,0.7190795781399808,0.9448,0.020899203322545135,0.9733821733821735,0.7842761265580057,0.96,-0.0006045940357952695,0.992014652014652,0.8168744007670182,0.9626,0.01240827638333386,0.9866178266178267,0.8024928092042186,0.9546,0.04446303256,0.0001958050464,71.20716044,33.57827476,0,0.4997450963,0.4999722044,1.572486037,19.61616016,12.47461643,168,0.03460235827073155,0.9561416361416362,0.7727708533077661,0.9472,0.06700666994292426,0.9157264957264957,0.7277085330776606,0.9384,0.16537581628739473,0.832967032967033,0.5934803451581975,0.9086,19.61616015749152,12.474616433799076,0.0001958050429477071,0.6901605373912078,1.000078315625312,0.02030081920040175,0.00015568998763417215,0.48651206841094136,0.4526578300617797,-3.1130971640452505,0.0
qwen,P,imdb@s0__mnli@s1,imdb@s0,mnli@s1,imdb,mnli,1.0,0.057113263324035435,0.9464,0.8432,0.4567422979881015,0.5522710225852154,0.5672,0.4108,0.23617220795552418,0.774522876906409,0.6922,0.6714,0.10573745149901914,0.9014251187598967,0.8044,0.7914,0.057113263324035435,0.9632969414117842,0.8796,0.8064,0.05017744455,0.0009095399958,67.77730598,28.07901665,1,0.4991557698,0.4995715131,1.097349979,13.46822071,14.77935172,168,0.06710278117736879,0.9481456788065672,0.9002,0.7712,0.08636703392943357,0.9247270605883824,0.901,0.738,0.17624432384139,0.8262438536544712,0.8622,0.621,13.468220711754055,14.779351721082973,0.0009095399971750488,0.7060266811553109,0.9989711982383928,0.07208327420155258,0.0009790234018374705,0.1383647226032126,0.09289816322971854,-2.992189665008213,0.005952380952380952
qwen,P,imdb@s0__mrpc@s1,imdb@s0,mrpc@s1,imdb,mrpc,0.7,0.005494505494505475,0.9464,0.8725490196078431,0.10949476193642127,0.8945770392941108,0.787,0.8284313725490197,0.027098549678497896,0.9756312244465077,0.9084,0.8602941176470589,0.005494505494505475,0.9972914409534128,0.936,0.8725490196078431,0.015039843475452841,0.9970691676436108,0.9392,0.8529411764705882,0.04276737817,-8.132903622e-05,71.21014114,24.88826711,1,0.5000372157,0.5000455724,1.345659725,13.46822071,10.00863775,168,0.04371503604433591,0.9648662105194972,0.9248,0.8161764705882353,0.09276192692355179,0.9317214496284225,0.9064,0.7475490196078431,0.23638483383513642,0.7732456602723927,0.8552,0.5441176470588235,13.468220711754055,10.008637745160486,-8.13290329084173e-05,0.6995792925500414,1.000059183052749,0.01607812850836527,-7.431398825131188e-05,0.33946112063075323,0.2968843946558242,-3.1519796593003284,0.005952380952380952
qwen,P,imdb@s0__qnli@s1,imdb@s0,qnli@s1,imdb,qnli,1.0,0.02415735309397038,0.9464,0.9226,0.2503687802800678,0.7632304541841676,0.6116,0.787,0.11075289540621625,0.8987786533080494,0.7858,0.8748,0.0464905265156228,0.9624763865357259,0.8742,0.9072,0.02415735309397038,0.9863910690300773,0.9136,0.91,0.05238577421,0.001423869532,67.9973795,29.41342415,1,0.4989285658,0.4994929163,1.033205746,13.46822071,13.91544302,168,0.03018418490579111,0.9813701641248498,0.9184,0.8942,0.041038831601455605,0.9649071754869694,0.9116,0.8808,0.10692351304584291,0.9035608683261525,0.8468,0.8224,13.468220711754055,13.915443022879295,0.001423869530479013,0.7065099564760507,0.9985596867218238,0.11086667773472494,0.0014692949895587148,0.10465501954376122,0.032666343586840466,-2.949120209055725,0.005952380952380952
qwen,P,imdb@s0__rte@s1,imdb@s0,rte@s1,imdb,rte,0.7,0.06321138610941834,0.9464,0.776173285198556,0.2314671017712162,0.8017015697314358,0.7944,0.5415162454873647,0.09629292889579122,0.9099619858995389,0.9138,0.6534296028880866,0.06321138610941834,0.9478876140169199,0.9368,0.6859205776173285,0.09513554424108994,0.9271379486889414,0.938,0.6353790613718412,0.04479193312,5.867907449e-05,70.64138353,28.12179521,1,0.4999723924,0.5000105722,1.672124453,13.46822071,8.054556397,168,0.133609860622383,0.8830265083446824,0.9224,0.5884476534296029,0.15939668560419906,0.8424235040559493,0.8956,0.5703971119133574,0.285902514301441,0.7540845940642309,0.775,0.4729241877256318,13.468220711754055,8.05455639682788,5.86790737533057e-05,0.6857287336628933,0.9999071641643804,0.029058256758049714,7.165567692818014e-05,0.5423599442749033,0.5140949455049061,-3.1057272200604316,0.005952380952380952
qwen,P,imdb@s0__scitail@s1,imdb@s0,scitail@s1,imdb,scitail,1.0,0.020916690147459338,0.9464,0.9662576687116564,0.14412275758429605,0.8623329721921271,0.7044,0.9348159509202454,0.06431389123696829,0.9487396171903214,0.8472,0.9432515337423313,0.03102986756832915,0.9770819790538101,0.9102,0.9432515337423313,0.020916690147459338,0.9901408450704225,0.9346,0.9378834355828221,0.05038514307,-8.136185521e-05,68.45363434,21.47939497,1,0.5002100805,0.5000194256,1.08262336,13.46822071,12.44035664,168,0.03062364985441901,0.9839581076200794,0.932,0.9217791411042945,0.04395134779750165,0.9713037197544241,0.9248,0.9033742331288344,0.12546961585423122,0.9112603828096786,0.8704,0.8013803680981595,13.468220711754055,12.44035664481361,-8.136185886957309e-05,0.7065796249825677,1.0001036847158733,0.058815829283365054,-8.544201601829747e-05,0.12563052139226855,0.07938713283130042,-2.988058927718227,0.005952380952380952
qwen,P,imdb@s0__snli@s1,imdb@s0,snli@s1,imdb,snli,1.0,0.03040593128304092,0.9464,0.8906,0.3395567663692869,0.7021308589498214,0.6516,0.5632,0.1306066944335873,0.8856421833062162,0.7842,0.8106,0.05893613848708945,0.9595232432745315,0.8646,0.8626,0.03040593128304092,0.9791809015443504,0.905,0.8754,0.0501103064,0.0007636981576,67.99672256,27.71914058,1,0.4994443764,0.4995839493,1.042090358,13.46822071,12.92423504,168,0.033616604076881496,0.9790638766935572,0.9138,0.8614,0.04386701415497907,0.9625350602677981,0.908,0.8486,0.09415380780838811,0.9124503116258527,0.8668,0.7978,13.468220711754055,12.924235037695999,0.0007636981560260538,0.7066870616822983,0.9991315892167125,0.07326293341707309,0.0008328347676826651,0.1308279715668167,0.04122865550246834,-2.993528575481203,0.005952380952380952
qwen,P,imdb@s0__sst2@s1,imdb@s0,sst2@s1,imdb,sst2,0.7,0.004382142265118016,0.9464,0.9415137614678899,0.12258930051490724,0.8854253781972152,0.772,0.8841743119266054,0.024550498690852907,0.9747317468289552,0.908,0.9334862385321101,0.004382142265118016,0.9973326270677432,0.9358,0.9438073394495413,0.003461929712749612,0.9962903895634386,0.941,0.9403669724770642,0.05467985799,0.001802221156,66.78675576,32.3110579,0,0.4982360864,0.4996184408,1.069424838,13.46822071,12.59389182,168,0.018489322445567113,0.9840232198160126,0.931,0.9220183486238532,0.039439666489230696,0.9701309146406341,0.9144,0.8990825688073395,0.10968135677683133,0.9096451015409327,0.846,0.8348623853211009,13.468220711754055,12.593891816110357,0.0018022211598760645,0.7060746705193478,0.9981239745021151,0.06862628662688439,0.0018556180979078685,0.1324086480745905,0.06712096937087025,-2.9062598642402215,0.0
qwen,P,imdb@s0__stsb@s1,imdb@s0,stsb@s1,imdb,stsb,1.0,0.022119808124996476,0.9464,0.9082318305994971,0.26570776153737574,0.7896372206257984,0.6416,0.7180907991942844,0.10428351043921524,0.9088046691836922,0.7912,0.8677454308092676,0.04823778739641371,0.9632288489134206,0.875,0.8891300914555148,0.022119808124996476,0.9781099331096612,0.9204,0.8930034268653154,0.0515955484,0.001028267809,67.4749052,31.08277685,0,0.4993124198,0.4995820461,1.195628437,13.46822071,11.26455368,168,0.023352124062365975,0.9747257184711142,0.9258,0.8855827509323186,0.034428099787560784,0.9617562662306101,0.9172,0.8737168068109908,0.09770306907112025,0.8883161652646723,0.8596,0.8140571251228438,13.468220711754055,11.264553683531751,0.001028267810965733,0.7039605097970804,0.9989989996432922,0.09296245164332231,0.0010328072544812572,0.19579181432911955,0.17867193585539964,-2.9643198815340335,0.0
qwen,P,imdb@s0__trec@s1,imdb@s0,trec@s1,imdb,trec,1.0,0.0036640840675762343,0.9464,0.978,0.09267667207733277,0.9058931233135121,0.7884,0.96,0.021838217626325207,0.9753385416077645,0.907,0.976,0.0038721699882624527,0.9941005435212851,0.9352,0.982,0.0036640840675762343,0.9985331937021196,0.9414,0.976,0.04179732823,0.0001133550635,71.90330212,24.02190973,1,0.4997926082,0.4999326461,1.042274703,13.46822071,14.03758574,168,0.008950503641395602,0.9906054279749478,0.9372,0.97,0.01987447427513489,0.9777626736814011,0.9262,0.96,0.08770875577152126,0.8960213020535288,0.8578,0.898,13.468220711754055,14.037585742704536,0.00011335507055878584,0.706915307744366,0.9998365837353858,0.019863119240339223,0.00013173931971739483,0.22277647367005482,0.04140553910499051,-3.174922859436849,0.005952380952380952
qwen,P,imdb@s0__wic@s1,imdb@s0,wic@s1,imdb,wic,0.7,0.009478643528417319,0.9464,0.6927899686520376,0.20521729401819888,0.782861390632531,0.7678,0.5391849529780565,0.05165083784993296,0.9424422419983334,0.8936,0.6598746081504702,0.009478643528417319,0.9770731542803665,0.9306,0.6912225705329154,0.020262542886977264,0.9742655273153437,0.9316,0.6755485893416928,0.04716053738,0.0002436776363,69.41415126,31.44386064,0,0.4997686919,0.4999207829,1.17664014,13.46822071,15.8472491,168,0.04922057580428629,0.9481797499553842,0.8982,0.6598746081504702,0.08631470339615133,0.8989226188217803,0.8494,0.6442006269592476,0.2086420366963353,0.7790075783444556,0.6928,0.5893416927899686,13.468220711754055,15.84724910360078,0.0002436776405078557,0.7047050715744474,0.9997493076556832,0.024605981944302493,0.0002488368913686712,0.2621915602198241,0.16266303811362948,-3.0541978085517636,0.0
qwen,P,imdb@s0__yelp_polarity@s1,imdb@s0,yelp_polarity@s1,imdb,yelp_polarity,0.7,0.01218516867115027,0.9464,0.9718,0.1266892905723307,0.8754423979776091,0.7216,0.9564,0.03448018135077835,0.9692957746478873,0.8862,0.9666,0.01218516867115027,0.9905381003972553,0.9284,0.9666,0.013420708267305459,0.9866088840736729,0.9358,0.9566,0.06446504803,0.007190514781,63.53470431,23.79254951,1,0.4934452757,0.4986243615,1.079650087,13.46822071,12.47461643,168,0.03011494299864803,0.9714770675334057,0.9266,0.9336,0.046959029065983704,0.9551173708920189,0.914,0.9138,0.11608879271187122,0.8782592993860598,0.8484,0.8468,13.468220711754055,12.474616433799076,0.007190514784109355,0.7040693461859004,0.9928786944403543,0.24807503712277862,0.007307770142228362,0.11663519081311016,0.0766369951203704,-2.7416320930641573,0.005952380952380952
qwen,P,mnli@s0__mrpc@s1,mnli@s0,mrpc@s1,mnli,mrpc,0.7,0.0961524202453744,0.8486,0.8725490196078431,0.2539844211351414,0.771344436968028,0.4962,0.7916666666666666,0.11320794063983763,0.9099780100862256,0.7828,0.7426470588235294,0.0961524202453744,0.9220010127846723,0.8332,0.7205882352941176,0.11811191996335013,0.8955402790013665,0.815,0.7009803921568627,0.05119650599,0.001202111762,69.35549385,30.38479396,0,0.4987437572,0.4996991168,1.558842996,15.60189485,10.00863775,168,0.1390588464278243,0.8672156052082105,0.7866,0.6936274509803921,0.1489767018777789,0.8571342355903633,0.765,0.6985294117647058,0.17107059346921694,0.8193032596405309,0.7132,0.7132352941176471,15.601894852087403,10.008637745160486,0.0012021117696674314,0.6904464241354257,0.9968000854468262,0.06021974367408949,0.0016923908624420039,0.47653136775984434,0.4439438768579861,-2.9720839916481046,0.0
qwen,P,mnli@s0__qnli@s1,mnli@s0,qnli@s1,mnli,qnli,1.0,0.0644857530228311,0.8486,0.9226,0.31026164720418614,0.711256394932652,0.4278,0.8076,0.1882335726550084,0.8215060189532997,0.6086,0.8362,0.10206640191705296,0.9179990674398597,0.7324,0.8606,0.0644857530228311,0.9477720350169765,0.7868,0.8708,0.0535933777,0.002096857171,67.620643,33.14973863,0,0.4976226976,0.4993196397,1.121192823,15.60189485,13.91544302,168,0.0716249648303049,0.9471034813389463,0.7894,0.8548,0.08317155827077549,0.9272392936185303,0.7836,0.8398,0.13877319213717243,0.8818209878570162,0.7286,0.797,15.601894852087403,13.915443022879295,0.0020968571652297536,0.7052213049921975,1.0043280519542803,0.08018821398999988,0.001973047746908507,0.1824281982146444,0.11439313911069841,-2.9263297689114913,0.0
qwen,P,mnli@s0__rte@s1,mnli@s0,rte@s1,mnli,rte,1.0,0.043548608104182596,0.8486,0.776173285198556,0.3006906039495969,0.7529130328018188,0.4922,0.6353790613718412,0.12811580222418328,0.8969709211599852,0.7772,0.6425992779783394,0.0709217370333628,0.9422328366721324,0.8348,0.6787003610108303,0.043548608104182596,0.9702193388940377,0.826,0.7292418772563177,0.05307772684,0.001400377121,69.15647612,26.71371135,1,0.4985576345,0.4998918862,1.937027203,15.60189485,8.054556397,168,0.05748510542672203,0.9568427556379364,0.7984,0.7328519855595668,0.07789574072754579,0.9487916161688172,0.7756,0.7220216606498195,0.12372169757027995,0.8858352542319179,0.7294,0.6931407942238267,15.601894852087403,8.05455639682788,0.0014003771204832152,0.6732689664991741,0.998528756598822,0.05900794017759723,0.0014827555242152468,0.6972630943037368,0.6611544282085366,-2.9359978956047095,0.005952380952380952
qwen,P,mnli@s0__scitail@s1,mnli@s0,scitail@s1,mnli,scitail,0.7,0.027000493810533932,0.8486,0.9662576687116564,0.2515219278063964,0.7703353057199211,0.4628,0.9194785276073619,0.07274203262890522,0.9323076923076923,0.744,0.9447852760736196,0.027000493810533932,0.9831558185404339,0.825,0.9409509202453987,0.03464380174255255,0.9749506903353058,0.8356,0.9141104294478528,0.05861837556,0.003027679234,66.31367419,28.75818977,2,0.4968811166,0.4993341355,1.254135657,15.60189485,12.44035664,168,0.06324366182956798,0.9529388560157791,0.814,0.8834355828220859,0.08441457264813379,0.935621301775148,0.7976,0.8611963190184049,0.1274776569438365,0.8915581854043393,0.7528,0.8289877300613497,15.601894852087403,12.44035664481361,0.0030276792315385476,0.7016205295585833,0.9951000311732986,0.11467368944980194,0.0037476063269191186,0.24602707029019852,0.2264466157855941,-2.8367070554446676,0.011904761904761904
qwen,P,mnli@s0__snli@s1,mnli@s0,snli@s1,mnli,snli,1.0,0.08733079818285927,0.8486,0.8906,0.29499066876983004,0.7209560920630339,0.4882,0.7434,0.17400088673282244,0.8237387378100324,0.652,0.787,0.10777630388864157,0.9063480609446839,0.7522,0.7998,0.08733079818285927,0.9315279467249449,0.7768,0.8104,0.05901656726,0.006097140652,65.67140741,28.27030826,2,0.4942491436,0.4990464179,1.2071813,15.60189485,12.92423504,168,0.10321712426416751,0.9143571875279193,0.7506,0.8096,0.12054646855239681,0.8996522551869643,0.725,0.8056,0.18636536874859044,0.8306853871581827,0.6394,0.7782,15.601894852087403,12.924235037695999,0.006097140643567844,0.7019127465254114,1.014651243642445,0.09668506174237167,0.005802910004666313,0.2130084656082543,0.18828813796053734,-2.829937073476695,0.011904761904761904
qwen,P,mnli@s0__sst2@s1,mnli@s0,sst2@s1,mnli,sst2,1.0,0.03378380899915978,0.8486,0.9415137614678899,0.2470960983814281,0.7599638847059853,0.4468,0.9220183486238532,0.130099643950357,0.8797816836725132,0.6464,0.9208715596330275,0.05593794522352935,0.9525808688914854,0.7702,0.9231651376146789,0.03378380899915978,0.9748111445049144,0.8078,0.9231651376146789,0.05363951497,0.001421857469,67.9722415,30.79462059,0,0.4986369661,0.4996337919,1.238846187,15.60189485,12.59389182,168,0.04938046558306386,0.9664271477040547,0.7958,0.9071100917431193,0.07059388207789685,0.9493129971320209,0.7722,0.893348623853211,0.12472660422568893,0.8777522290884325,0.7072,0.8635321100917431,15.601894852087403,12.593891816110357,0.0014218574692241128,0.702628836398142,0.9966693784867372,0.12200230141822006,0.0021762013121048958,0.24898905525515774,0.21418045208350028,-2.925469262928706,0.0
qwen,P,mnli@s0__stsb@s1,mnli@s0,stsb@s1,mnli,stsb,1.0,0.1012713136642136,0.8486,0.9082318305994971,0.3058474203318797,0.7583562910309264,0.5008,0.7249113021157642,0.19307641922178798,0.8274753274128293,0.5676,0.8582616358898212,0.15209937438505028,0.8663968403774347,0.6166,0.8802516778630091,0.1012713136642136,0.9129717990215667,0.7002,0.8831043613238027,0.05740755336,0.003173341084,66.55967689,31.81053198,0,0.4967054282,0.4989643362,1.385043322,15.60189485,11.26455368,168,0.10404172310311743,0.90834084717781,0.7054,0.8725066049092778,0.11696597959502075,0.8951365435607654,0.694,0.8612312501629688,0.16944593838075805,0.8398517448650642,0.6398,0.8239119913456372,15.601894852087403,11.264553683531751,0.0031733410839515637,0.697019403127392,0.9991586851459112,0.06952196526360571,0.0032327964925590027,0.3585549377574462,0.3257314185724936,-2.8575793926764055,0.0
qwen,P,mnli@s0__trec@s1,mnli@s0,trec@s1,mnli,trec,0.7,0.06411450207655855,0.8486,0.978,0.27724022291979045,0.7228860668799645,0.4336,0.914,0.119131860150268,0.8776698249558375,0.695,0.922,0.06411450207655855,0.9267519857691691,0.8092,0.898,0.07640251452289759,0.9207045002532397,0.8352,0.844,0.04380053113,0.0001930757626,71.45119766,27.47016764,1,0.4997581294,0.4999263218,1.11143719,15.60189485,14.03758574,168,0.11603690331772243,0.8790206421168362,0.8252,0.778,0.13985888943993885,0.8331916838581364,0.8108,0.748,0.2247351224945502,0.7380563550789985,0.7674,0.632,15.601894852087403,14.037585742704536,0.00019307576558166438,0.7060562297973312,0.9999420486294355,0.019989907498011494,0.00019363163549326228,0.2840073696771906,0.10565394360363559,-3.1281093354175513,0.005952380952380952
qwen,P,mnli@s0__wic@s1,mnli@s0,wic@s1,mnli,wic,0.7,0.032759306518161946,0.8486,0.6927899686520376,0.25356856062100686,0.7534447693382145,0.4912,0.6332288401253918,0.06721584552891491,0.9395789683727427,0.7614,0.670846394984326,0.032759306518161946,0.9806107491231706,0.8122,0.677115987460815,0.05583271035711734,0.9505138182180983,0.7692,0.6802507836990596,0.05483933097,0.001282993213,67.52422849,31.81970217,0,0.4988453319,0.499526114,1.015725927,15.60189485,15.8472491,168,0.09896203808668624,0.9143861426411561,0.7152,0.664576802507837,0.12875185426515645,0.8889093546381783,0.68,0.6520376175548589,0.19943174971179567,0.8123654057206886,0.6042,0.6159874608150471,15.601894852087403,15.84724910360078,0.0012829932158863614,0.7066321613580459,0.9971817332961972,0.08584430550501175,0.0017868144394203639,0.20316644845806603,0.015603555875592047,-2.9033476240342124,0.0
qwen,P,mnli@s0__yelp_polarity@s1,mnli@s0,yelp_polarity@s1,mnli,yelp_polarity,1.0,0.05564563878367368,0.8486,0.9718,0.2630061439887408,0.7556607495069034,0.4396,0.929,0.15326125564874793,0.8629191321499015,0.618,0.938,0.08072094531738938,0.9234319526627219,0.7364,0.9434,0.05564563878367368,0.9429980276134122,0.7828,0.939,0.04940836655,0.0008026062072,69.07229145,22.53831435,1,0.4991264906,0.4998059088,1.250691349,15.60189485,12.47461643,168,0.06618154463531256,0.9358974358974359,0.774,0.9286,0.08311075123090528,0.9193293885601579,0.754,0.9186,0.12970090756844788,0.8682051282051282,0.7006,0.8892,15.601894852087403,12.474616433799076,0.0008026062016782371,0.7024858959272994,1.000162742804442,0.0276703596833084,0.0007376269991524586,0.25799632519179044,0.22369647762228065,-3.0076355057682913,0.005952380952380952
qwen,P,mrpc@s0__qnli@s1,mrpc@s0,qnli@s1,mrpc,qnli,0.7,0.1060698027314112,0.8578431372549019,0.9226,0.13058530240624322,0.8664696005219286,0.6838235294117647,0.8688,0.11073054411445904,0.884258188273763,0.6862745098039216,0.9028,0.1060698027314112,0.8870939653312608,0.6862745098039216,0.9114,0.10704530674181667,0.8850574563261742,0.6862745098039216,0.9096,0.04920824754,0.0004539986677,69.40047976,33.14526348,0,0.499643948,0.4999218141,1.328997482,10.47063159,13.91544302,168,0.11300672013873836,0.878428729982559,0.6862745098039216,0.8986,0.12113592022544983,0.8693970009903127,0.6862745098039216,0.8836,0.160392369390852,0.8376127747727611,0.6838235294117647,0.8138,10.47063159233876,13.915443022879295,0.00045399866738477554,0.7000028937024294,0.9995883136815324,0.02701734107237077,0.00045872511469975674,0.31640704464214864,0.284424885071676,-3.0116940366058746,0.0
qwen,P,mrpc@s0__rte@s1,mrpc@s0,rte@s1,mrpc,rte,0.7,0.009468438538206003,0.8578431372549019,0.776173285198556,0.09601328903654482,0.9084801344331268,0.8088235294117647,0.6714801444043321,0.028770764119601333,0.9796727895187307,0.8284313725490197,0.7581227436823105,0.009468438538206003,0.9835211258774363,0.8455882352941176,0.7725631768953068,0.04863787375415285,0.9779147816872487,0.8382352941176471,0.7184115523465704,0.04846819887,0.0004765548939,70.35042638,30.01875412,0,0.499496877,0.4999074635,1.299963782,10.47063159,8.054556397,168,0.055614617940199285,0.9582537801479141,0.8382352941176471,0.7075812274368231,0.08813953488372095,0.925541353548464,0.8063725490196079,0.6859205776173285,0.16106312292358793,0.8577824177271145,0.7450980392156863,0.628158844765343,10.47063159233876,8.05455639682788,0.0004765549013624098,0.7010071780516399,0.9994786693617574,0.01997687857812714,0.0004911772935183471,0.2694037467908162,0.26233640407939407,-3.0268473895016945,0.0
qwen,P,mrpc@s0__scitail@s1,mrpc@s0,scitail@s1,mrpc,scitail,1.0,0.04222222222222216,0.8578431372549019,0.9662576687116564,0.09690476190476183,0.8985498108448928,0.7181372549019608,0.9363496932515337,0.05380952380952375,0.9482555695670449,0.7818627450980392,0.9478527607361963,0.04047619047619044,0.9622344322344323,0.7965686274509803,0.9570552147239264,0.04222222222222216,0.9645763526091395,0.7990196078431373,0.950920245398773,0.04884648638,0.0005730662881,70.02125847,27.0366641,1,0.4993350791,0.4998960558,1.188119029,10.47063159,12.44035664,168,0.05420634920634915,0.9505164234672432,0.7941176470588235,0.933282208588957,0.06920634920634916,0.9444394403410796,0.7745098039215687,0.9263803680981595,0.0842857142857143,0.9083366360415541,0.7745098039215687,0.897239263803681,10.47063159233876,12.44035664481361,0.0005730662946675055,0.7043091248776812,0.999259241880818,0.07114448641273073,0.0006513477748352673,0.2265556751675181,0.1723714086824366,-3.0190728297946277,0.005952380952380952
qwen,P,mrpc@s0__snli@s1,mrpc@s0,snli@s1,mrpc,snli,1.0,0.05753520900837317,0.8578431372549019,0.8906,0.18967694331269447,0.8145075303212048,0.7009803921568627,0.7156,0.08603766321260142,0.9064659850345576,0.7450980392156863,0.8544,0.06968753007603223,0.9362207497953199,0.7573529411764706,0.8708,0.05753520900837317,0.9397621903619504,0.7818627450980392,0.867,0.04736627316,0.0002800899428,69.81672709,28.93637548,1,0.4997086938,0.4998974894,1.234331943,10.47063159,12.92423504,168,0.05412883770170995,0.938672150187544,0.7965686274509803,0.8578,0.061957588784447015,0.931684469069515,0.7941176470588235,0.8464,0.1043521221648327,0.9124683459949354,0.7549019607843137,0.8116,10.47063159233876,12.924235037695999,0.00028008993980933595,0.7031533847581507,0.9999298185615195,0.04361167387209004,0.0002586085389069174,0.26646210059949443,0.21052988687871854,-3.049844840252355,0.005952380952380952
qwen,P,mrpc@s0__sst2@s1,mrpc@s0,sst2@s1,mrpc,sst2,1.0,0.02690969201322435,0.8578431372549019,0.9415137614678899,0.0843831564294415,0.9002328318936417,0.7475490196078431,0.9036697247706422,0.034661562554376135,0.9577669158615028,0.8088235294117647,0.930045871559633,0.029578910736036246,0.9748713427587179,0.8112745098039216,0.9369266055045872,0.02690969201322435,0.9807261436954862,0.821078431372549,0.9311926605504587,0.04470012798,0.000107261354,70.94595507,30.84687921,0,0.4998963944,0.5000274239,1.20278244,10.47063159,12.59389182,168,0.04035322777101091,0.9763977950832037,0.8063725490196079,0.9220183486238532,0.052390812597877146,0.9612222994344275,0.7867647058823529,0.9208715596330275,0.09206716547764049,0.9111269657169565,0.7573529411764706,0.8784403669724771,10.47063159233876,12.593891816110357,0.0001072613550968114,0.7040923544258372,0.9998323464103438,0.06510488560037464,0.000139655265015861,0.2278106263693429,0.1846375727572928,-3.1077789142794643,0.0
qwen,P,mrpc@s0__stsb@s1,mrpc@s0,stsb@s1,mrpc,stsb,0.7,0.10943974935584044,0.8578431372549019,0.9082318305994971,0.2031438424141052,0.8267371030742227,0.6838235294117647,0.7234697370652666,0.12144812619504475,0.8763102430747514,0.6838235294117647,0.8718670368528152,0.10943974935584044,0.8801114551631161,0.6838235294117647,0.8936798170112135,0.10997841423764287,0.8736697613068367,0.6838235294117647,0.8927013518278553,0.04937892108,0.001410771198,69.23664731,28.22693673,1,0.4983702093,0.4996253436,1.075823706,10.47063159,11.26455368,168,0.1153165284976494,0.8632511555403453,0.6838235294117647,0.8830048612552251,0.12069309794889982,0.853895751214288,0.6838235294117647,0.8732385182251163,0.13996572554658404,0.82563970566136,0.6838235294117647,0.8382304905381021,10.47063159233876,11.264553683531751,0.0014107712010918622,0.7061389346850864,0.9986325431556708,0.019316717185291033,0.0014134075223772202,0.16525188446866826,0.07308660630858978,-3.008231644635517,0.005952380952380952
qwen,P,mrpc@s0__trec@s1,mrpc@s0,trec@s1,mrpc,trec,1.0,0.005714285714285672,0.8578431372549019,0.978,0.05551855097867364,0.9332149335315084,0.7696078431372549,0.97,0.010000000000000009,0.9718835102404013,0.8406862745098039,0.978,0.00754893368390297,0.9838607950795226,0.8431372549019608,0.98,0.005714285714285672,0.9884040717145888,0.8480392156862745,0.978,0.04189963821,0.0002160848097,72.04339691,24.30355939,1,0.4997285456,0.4999656593,1.34066275,10.47063159,14.03758574,168,0.01123283669295938,0.9869018691360318,0.8455882352941176,0.97,0.016134969325153348,0.9788322666757932,0.8406862745098039,0.966,0.07473561203622547,0.9372729583979114,0.7647058823529411,0.938,10.47063159233876,14.037585742704536,0.00021608481349028117,0.6996621938624875,0.9997754573055374,0.019961597443457227,0.00022089996839995545,0.31431818369877706,0.29316408124595983,-3.1724780866975286,0.005952380952380952
qwen,P,mrpc@s0__wic@s1,mrpc@s0,wic@s1,mrpc,wic,0.7,0.06262443438914023,0.8578431372549019,0.6927899686520376,0.18288299935358754,0.7975362754657263,0.7303921568627451,0.542319749216301,0.083639301874596,0.9017038913543347,0.7745098039215687,0.6442006269592476,0.06262443438914023,0.9342918196812436,0.7892156862745098,0.6614420062695925,0.058752424046541574,0.9307789391191827,0.7745098039215687,0.6786833855799373,0.04741612991,0.0003980519726,69.94385457,30.16869338,0,0.4996377782,0.4999981304,1.513495052,10.47063159,15.8472491,168,0.0741111829347123,0.9099902192171121,0.7598039215686274,0.6692789968652038,0.08917259211376849,0.8963085138373778,0.7475490196078431,0.658307210031348,0.11697478991596633,0.8416978770841117,0.7328431372549019,0.6316614420062696,10.47063159233876,15.84724910360078,0.00039805196405818887,0.692670285841204,0.9995384673087663,0.028054009283046806,0.00041243060633240256,0.4709977441768762,0.4144215802308168,-3.048792814707878,0.0
qwen,P,mrpc@s0__yelp_polarity@s1,mrpc@s0,yelp_polarity@s1,mrpc,yelp_polarity,0.7,0.03940669743921443,0.8578431372549019,0.9718,0.08430335459971183,0.9082807902480033,0.7377450980392157,0.944,0.04492723370475993,0.958866870834084,0.7867647058823529,0.965,0.03940669743921443,0.9656746532156368,0.7941176470588235,0.9674,0.035635492311763106,0.9602600132108329,0.8014705882352942,0.9664,0.04334098182,-0.0002340259137,71.19212722,21.11631799,1,0.5003781862,0.5000414475,1.191391018,10.47063159,12.47461643,168,0.03973951136330223,0.9448880081666967,0.7990196078431373,0.9612,0.048129244700555684,0.9400546448087432,0.7892156862745098,0.956,0.07697880222267961,0.9175031525851198,0.7549019607843137,0.9388,10.47063159233876,12.474616433799076,-0.00023402591081488324,0.7045064454653123,1.0002631171451417,0.014589605328227062,-0.00024133446943537442,0.23020276662549952,0.17512154715431846,-3.1386566292311198,0.005952380952380952
qwen,P,qnli@s0__rte@s1,qnli@s0,rte@s1,qnli,rte,1.0,0.028628185337955747,0.919,0.776173285198556,0.29084191613735855,0.7372213104911339,0.6238,0.5740072202166066,0.05007971252878518,0.9408797982628188,0.8526,0.7545126353790613,0.017136928410557584,0.9915787179726658,0.9046,0.7617328519855595,0.028628185337955747,1.0018012248328865,0.9134,0.7364620938628159,0.05116736108,6.982204868e-05,69.1578124,25.65072181,1,0.4998526892,0.5001681345,1.846200241,14.87032396,8.054556397,168,0.0363944631424451,0.9841247603926225,0.9034,0.7328519855595668,0.04401143811524166,0.965572144613893,0.8894,0.7328519855595668,0.12299010552420486,0.9259051710718844,0.834,0.6570397111913358,14.870323958966841,8.05455639682788,6.982204061409776e-05,0.6777656189065381,1.000105386430293,0.02154722177851731,2.924924973893701e-05,0.6446020131415929,0.6131296031123088,-2.972653429118997,0.005952380952380952
qwen,P,qnli@s0__scitail@s1,qnli@s0,scitail@s1,qnli,scitail,1.0,0.04499110489317237,0.919,0.9662576687116564,0.22350294488488176,0.7692818809097879,0.533,0.9401840490797546,0.13113978271758464,0.8611602351137235,0.6838,0.9601226993865031,0.07213715736566662,0.9262117727234007,0.7886,0.963957055214724,0.04499110489317237,0.9542243802708918,0.8436,0.9585889570552147,0.05803069447,0.001718220513,65.94773116,30.05759721,0,0.4984086885,0.4995971093,1.195329393,14.87032396,12.44035664,168,0.04493972053819717,0.9478251980577561,0.8488,0.9532208588957055,0.05405418242741411,0.9453019848368684,0.8408,0.9440184049079755,0.09152374043560108,0.9076871965244059,0.796,0.9187116564417178,14.870323958966841,12.44035664481361,0.0017182205142925787,0.7037295358151403,0.9977826779012172,0.06338161909011271,0.0019400410167450112,0.2021680908846965,0.17842179007883488,-2.84678319342059,0.0
qwen,P,qnli@s0__snli@s1,qnli@s0,snli@s1,qnli,snli,1.0,0.020969590013652395,0.919,0.8906,0.34982509865462197,0.6761337546930286,0.5342,0.6404,0.12502292716553276,0.8837479404694379,0.7472,0.8344,0.042102535318098044,0.9545822866866542,0.867,0.866,0.020969590013652395,0.9801879912486833,0.898,0.8736,0.05487243672,0.00158480155,66.72198509,28.57443648,1,0.4985492703,0.499509198,1.15057672,14.87032396,12.92423504,168,0.027899959607135982,0.9653593712016855,0.8962,0.863,0.04146797881977082,0.9547038327526132,0.8822,0.8524,0.09353254777806264,0.9032358263781974,0.8284,0.8118,14.870323958966841,12.924235037695999,0.0015848015561489804,0.7048270402927806,0.9975824701141195,0.08136196181624072,0.0019474918588354884,0.18593537898895937,0.14026331232041403,-2.9027441199306536,0.005952380952380952
qwen,P,qnli@s0__sst2@s1,qnli@s0,sst2@s1,qnli,sst2,1.0,0.010356673766300561,0.919,0.9415137614678899,0.23974027798578923,0.757112569739961,0.5444,0.8738532110091743,0.09374856692984357,0.8994686256418533,0.7646,0.9231651376146789,0.02176278563656142,0.9715415352555894,0.879,0.9415137614678899,0.010356673766300561,0.9919258929229214,0.9078,0.9334862385321101,0.05022014884,0.001363020678,68.3054753,29.72741892,1,0.4988645205,0.4996032715,1.180756844,14.87032396,12.59389182,168,0.021278490760093804,0.9817141266761855,0.8978,0.9231651376146789,0.03929256367470335,0.9661968026325483,0.8826,0.9048165137614679,0.10784745904235793,0.9125372307023052,0.8204,0.8394495412844036,14.870323958966841,12.593891816110357,0.0013630206628293556,0.70421698934805,0.9982517678757993,0.05445441046546883,0.001569258948341531,0.2061138881908026,0.1661556260931918,-2.9913389614976316,0.005952380952380952
qwen,P,qnli@s0__stsb@s1,qnli@s0,stsb@s1,qnli,stsb,1.0,0.046728380834041294,0.919,0.9082318305994971,0.30710920084283133,0.719047981959746,0.5112,0.753400825310083,0.16918009830786485,0.8483067026930375,0.6552,0.8616313144956412,0.08674209356872842,0.9231966570868901,0.7852,0.8829001992613816,0.046728380834041294,0.9581364025527659,0.8516,0.8899616809966359,0.05793628101,0.003341030347,65.97714977,24.70842144,1,0.4972368859,0.4985497024,1.320098814,14.87032396,11.26455368,168,0.045798173208634,0.9576258679725365,0.8594,0.8839427640368793,0.05348590849860646,0.9481607567675541,0.8532,0.8761056251833953,0.09456793075000203,0.9065275636409642,0.813,0.8412105904568206,14.870323958966841,11.264553683531751,0.0033410303465481813,0.6993477138287784,0.9949188059071489,0.07901641734814112,0.0041780576553219475,0.30356140302557905,0.2777065928873867,-2.848411475618502,0.005952380952380952
qwen,P,qnli@s0__trec@s1,qnli@s0,trec@s1,qnli,trec,1.0,0.011142190208526692,0.919,0.978,0.181150935376988,0.8109676166432005,0.5992,0.964,0.05421003090849619,0.9389832546117443,0.825,0.972,0.02076098542249394,0.9773932634664779,0.8846,0.974,0.011142190208526692,0.9884992497751637,0.9004,0.976,0.04593315215,0.0002501586621,70.83827664,24.58475967,1,0.4996220447,0.4998829908,1.05932204,14.87032396,14.03758574,168,0.023502028300522282,0.9831846755306481,0.8852,0.968,0.031597428519930304,0.9734722116258262,0.8722,0.966,0.06956992908180182,0.9403634833551813,0.8212,0.946,14.870323958966841,14.037585742704536,0.0002501586571733494,0.7067253335351344,0.9997311429044237,0.02597329051714285,0.0002671691105674084,0.22505050544515476,0.05762911859663642,-3.0805681535632283,0.005952380952380952
qwen,P,qnli@s0__wic@s1,qnli@s0,wic@s1,qnli,wic,0.7,0.014948374930452646,0.919,0.6927899686520376,0.27720914430893306,0.7019101912776693,0.6382,0.5203761755485894,0.07101290503646007,0.9392901310374842,0.8862,0.6191222570532915,0.014948374930452646,0.992043383274946,0.904,0.6833855799373041,0.020153225766744276,0.9735662792852187,0.8778,0.6959247648902821,0.052999333,0.0007361275805,67.71802503,31.75687106,0,0.499368466,0.4994973487,1.065696292,14.87032396,15.8472491,168,0.043459839782569065,0.9514825204355564,0.8412,0.6912225705329154,0.0690493306220119,0.9250789629035941,0.8108,0.6786833855799373,0.15384960044116414,0.8456032852015115,0.6986,0.64576802507837,14.870323958966841,15.84724910360078,0.0007361275895112585,0.7064899868245056,0.9987226264745986,0.03943460290426455,0.000950652378983725,0.29123569807587535,0.06362838083551108,-2.937475950414866,0.0
qwen,P,qnli@s0__yelp_polarity@s1,qnli@s0,yelp_polarity@s1,qnli,yelp_polarity,1.0,0.016259452356228055,0.919,0.9718,0.22661003296217763,0.7724814720163558,0.5354,0.937,0.1110387799940924,0.8854008007496379,0.7238,0.9624,0.0427958304491336,0.9568515205724508,0.8428,0.9692,0.016259452356228055,0.9835113723485817,0.8946,0.966,0.04962746881,0.001105181449,68.64833238,27.21862791,1,0.4991650361,0.4997972258,1.192046588,14.87032396,12.47461643,168,0.016899392017012405,0.982771956725445,0.9008,0.9582,0.025065229012001367,0.9720248743504557,0.8926,0.951,0.057762929855885936,0.9425709174546384,0.8656,0.916,14.870323958966841,12.474616433799076,0.0011051814512264358,0.7040255545783852,0.9984264697398517,0.04617914251729614,0.001324376761263057,0.2061693776003455,0.17567165177202002,-3.00321079189234,0.005952380952380952
qwen,P,rte@s0__scitail@s1,rte@s0,scitail@s1,rte,scitail,1.0,0.0323384752962218,0.7689530685920578,0.9662576687116564,0.16379387435725468,0.8213734158561745,0.5451263537906137,0.9309815950920245,0.04076682316118929,0.9576991845957363,0.7148014440433214,0.9555214723926381,0.01028392577688364,0.9933136850378229,0.7653429602888087,0.950920245398773,0.0323384752962218,0.9975125257883879,0.7472924187725631,0.9309815950920245,0.05547207793,0.001977365595,67.59676336,27.3142022,2,0.4980384104,0.4994908315,1.572534448,7.91102329,12.44035664,168,0.06616364855801482,0.9794871794871796,0.7148014440433214,0.906441717791411,0.0808126536999777,0.9576107672659397,0.7111913357400722,0.8826687116564417,0.12221104404202987,0.8964613419785834,0.6823104693140795,0.838957055214724,7.911023290407686,12.44035664481361,0.001977365595667582,0.6896024164498864,0.997207667584824,0.04044544031721958,0.0022619398861140074,0.4701870008952862,0.45268861587079734,-2.8918754851875574,0.011904761904761904
qwen,P,rte@s0__snli@s1,rte@s0,snli@s1,rte,snli,1.0,0.1527192197273769,0.7689530685920578,0.8906,0.34496973607495707,0.6821213860742876,0.4729241877256318,0.619,0.21440470052894667,0.7913546130535196,0.48014440433212996,0.8432,0.19333750839493136,0.8175404167834781,0.49458483754512633,0.864,0.1527192197273769,0.8375630225924591,0.5812274368231047,0.836,0.05280403824,0.0009932209877,68.02532028,23.1786202,1,0.4990274733,0.4998953599,1.633699531,7.91102329,12.92423504,168,0.1601826694879962,0.8345392731431419,0.5992779783393501,0.8018,0.18505696955895112,0.8179320134744861,0.5812274368231047,0.7784,0.241879452476518,0.7499388130170299,0.5451263537906137,0.719,7.911023290407686,12.924235037695999,0.0009932209866647633,0.6871822293419971,0.9986729610539743,0.028734593768401703,0.0010948107091301167,0.5146712534681492,0.49084709397187365,-2.9411676093763246,0.005952380952380952
qwen,P,rte@s0__sst2@s1,rte@s0,sst2@s1,rte,sst2,1.0,0.020695018670692455,0.7689530685920578,0.9415137614678899,0.21172222126914964,0.7864143136691657,0.48736462093862815,0.8876146788990825,0.1133737054891264,0.8648943157190617,0.5992779783393501,0.9357798165137615,0.04399192556884146,0.9306170861536263,0.7003610108303249,0.9426605504587156,0.020695018670692455,0.9615752372552431,0.7436823104693141,0.9334862385321101,0.04794285312,0.0002558470161,70.23579842,34.93201092,0,0.499776106,0.4999193492,1.591942199,7.91102329,12.59389182,168,0.047823277464216885,0.9392751998985841,0.7075812274368231,0.926605504587156,0.07443115861225003,0.9198612004569111,0.6750902527075813,0.9162844036697247,0.17652239053484542,0.8138013300049494,0.5667870036101083,0.856651376146789,7.911023290407686,12.593891816110357,0.0002558470194146297,0.6892786070463311,0.9996748411901117,0.023840522773977562,0.00027486284873371727,0.48087171464163925,0.46495477960226633,-3.037745537353819,0.0
qwen,P,rte@s0__stsb@s1,rte@s0,stsb@s1,rte,stsb,0.7,0.20280854959325156,0.7689530685920578,0.9082318305994971,0.307385663784845,0.736246170180808,0.4729241877256318,0.6995248771455774,0.2162236163123239,0.7945684234765502,0.4729241877256318,0.8651174236599095,0.20280854959325156,0.8002840573244827,0.4729241877256318,0.8894854048676645,0.2041493405883612,0.7967380421308539,0.4729241877256318,0.8870499067477848,0.05426845669,0.0007112598268,67.59551189,27.07333673,2,0.499188795,0.4997761038,1.423906019,7.91102329,11.26455368,168,0.2147710509241828,0.7874682941372085,0.4693140794223827,0.8720199551076758,0.22330142765552652,0.783546394677807,0.4693140794223827,0.8565248357588524,0.2505908216763413,0.7523586912795865,0.4729241877256318,0.8026906439792088,7.911023290407686,11.264553683531751,0.0007112598281861186,0.6963023713537029,0.9992539931140832,0.04808733417972897,0.0007093117345628407,0.37625753938556294,0.35340381291856876,-2.913812128937862,0.011904761904761904
qwen,P,rte@s0__trec@s1,rte@s0,trec@s1,rte,trec,1.0,0.014084507042253502,0.7689530685920578,0.978,0.17015179008612002,0.8143662163351171,0.51985559566787,0.962,0.07613986577954435,0.902538147534908,0.6534296028880866,0.976,0.02245168351623028,0.9482205371450205,0.7328519855595668,0.98,0.014084507042253502,0.9651119696472803,0.7472924187725631,0.978,0.04470866429,-3.959293514e-05,71.40618892,27.72504332,1,0.4999801099,0.4999929128,1.774433626,7.91102329,14.03758574,168,0.017454419770154717,0.9512967362294265,0.7436823104693141,0.976,0.058080589878740874,0.9317957003868745,0.6859205776173285,0.97,0.13149860307036487,0.8587834649133332,0.6028880866425993,0.932,7.911023290407686,14.037585742704536,-3.959294375351303e-05,0.6810831687696021,1.0000410686151102,0.014583886035477089,-3.754621435544297e-05,0.6000429403867804,0.5734812880656038,-3.107587964154556,0.005952380952380952
qwen,P,rte@s0__wic@s1,rte@s0,wic@s1,rte,wic,0.7,0.05783570199477406,0.7689530685920578,0.6927899686520376,0.3017918976908207,0.67523641983591,0.49097472924187724,0.5250783699059561,0.12941601342595543,0.8465072478892417,0.6534296028880866,0.6175548589341693,0.05783570199477406,0.9306667461772788,0.7148014440433214,0.6614420062695925,0.06852654387865664,0.9243108666159785,0.6931407942238267,0.6661442006269592,0.0510602506,0.0006199389405,69.31644612,30.35280095,0,0.4993483406,0.4998265892,2.003185748,7.91102329,15.8472491,168,0.1147951054744758,0.9097032763341633,0.6498194945848376,0.6410658307210031,0.1641174346228198,0.875001863529973,0.6209386281588448,0.5987460815047022,0.21759819854268891,0.7984356287053187,0.5595667870036101,0.5799373040752351,7.911023290407686,15.84724910360078,0.0006199389339325811,0.6705118766667227,0.9991687169310548,0.02479593345818452,0.0006320531719982828,0.7344848261513,0.6947387872817199,-2.9747489592294136,0.0
qwen,P,rte@s0__yelp_polarity@s1,rte@s0,yelp_polarity@s1,rte,yelp_polarity,1.0,0.09515085988248906,0.7689530685920578,0.9718,0.20559544410594732,0.7963532763532764,0.48014440433212996,0.9372,0.15517402970336258,0.833690932311622,0.5379061371841155,0.9622,0.11442538747612241,0.8743177129384025,0.5956678700361011,0.9684,0.09515085988248906,0.8956518322035563,0.628158844765343,0.9648,0.04666317703,0.0001559180174,70.31395297,21.55493997,1,0.4999357382,0.5000096835,1.576865088,7.91102329,12.47461643,168,0.1299891687367809,0.878003733176147,0.5812274368231047,0.9564,0.14736653439191794,0.8534669417428038,0.5595667870036101,0.95,0.19072637098574163,0.8093663424697908,0.5090252707581228,0.9296,7.911023290407686,12.474616433799076,0.00015591802023919214,0.6899792168630722,0.9997671038351029,0.01823190053336195,0.00018066487582586314,0.47599607427696433,0.45543875454325067,-3.0647999257655223,0.005952380952380952
qwen,P,scitail@s0__snli@s1,scitail@s0,snli@s1,scitail,snli,1.0,0.05702960649670241,0.9593558282208589,0.8906,0.30341906578038713,0.676004144419656,0.63420245398773,0.652,0.10666993016859805,0.8929093658870813,0.8949386503067485,0.7604,0.06757091519687908,0.9220623501199041,0.9363496932515337,0.7916,0.05702960649670241,0.9311992914379299,0.9348159509202454,0.8118,0.0560668884,0.001173902482,66.72750825,30.14356218,0,0.4986708321,0.4995789888,1.078315895,13.93640807,12.92423504,168,0.06164536145617516,0.9373407197586878,0.9141104294478528,0.8228,0.07503666951908938,0.9357990959149057,0.8849693251533742,0.826,0.11748956998784532,0.9113127616373801,0.825920245398773,0.8052,13.936408074645941,12.924235037695999,0.001173902488586447,0.7061920788805345,1.001790631383418,0.06760505872049342,0.0011869566414518709,0.15018220875544458,0.07540046759294211,-2.8812098653035236,0.0
qwen,P,scitail@s0__sst2@s1,scitail@s0,sst2@s1,scitail,sst2,1.0,0.019393498599415304,0.9593558282208589,0.9415137614678899,0.17601022714106418,0.7930897701509934,0.6894171779141104,0.875,0.034105237125768406,0.9641193968946129,0.9348159509202454,0.9013761467889908,0.01840379097452849,0.9801200523967613,0.950920245398773,0.9151376146788991,0.019393498599415304,0.9848719003376271,0.9478527607361963,0.9162844036697247,0.04838244838,0.0005438538522,68.93991007,31.95021522,0,0.4996380131,0.4998762892,1.106600587,13.93640807,12.59389182,168,0.03305857141327129,0.9770932386689835,0.9309815950920245,0.9071100917431193,0.04206087018326876,0.9677729531565576,0.9148773006134969,0.9059633027522935,0.08593028135347991,0.9414383714027421,0.843558282208589,0.893348623853211,13.936408074645941,12.593891816110357,0.0005438538499695552,0.7060122029847619,0.999234067346266,0.07179572393218732,0.0006456158792797837,0.14142459601364274,0.10129278193537339,-3.028618167805027,0.0
qwen,P,scitail@s0__stsb@s1,scitail@s0,stsb@s1,scitail,stsb,0.7,0.04818015073308035,0.9593558282208589,0.9082318305994971,0.22896912901082533,0.7339921987818119,0.6226993865030674,0.811033774284636,0.07569967403588196,0.9116209211435748,0.8366564417177914,0.8868868692688678,0.04818015073308035,0.9485587541443602,0.879601226993865,0.8962188223198703,0.04517017171684501,0.9459275843594153,0.8880368098159509,0.8937002885555723,0.05626056532,0.002188488834,66.23961034,26.7228539,1,0.4980722364,0.4993967133,1.237191323,13.93640807,11.26455368,168,0.056157858588459675,0.9299309938470447,0.8773006134969326,0.883905619883165,0.07173311770116164,0.9167198831898756,0.8581288343558282,0.8737638442099582,0.11805327754289918,0.8762400703776798,0.808282208588957,0.8368152600253278,13.936408074645941,11.264553683531751,0.002188488831137361,0.7024146810323628,0.99768233422438,0.06163632258649913,0.002372953386189825,0.23100676458992103,0.21284374838678927,-2.87776142762395,0.005952380952380952
qwen,P,scitail@s0__trec@s1,scitail@s0,trec@s1,scitail,trec,1.0,0.004219936933888446,0.9593558282208589,0.978,0.11022838171180849,0.8558817723632011,0.7576687116564417,0.968,0.006218338212865326,0.9844630707602127,0.9493865030674846,0.976,0.0023980815347721673,0.9927333409145037,0.9547546012269938,0.978,0.004219936933888446,0.9932633076360265,0.9532208588957055,0.976,0.04357365744,-1.381505283e-05,71.57393373,30.77579678,0,0.4999744354,0.5000108824,1.007259953,13.93640807,14.03758574,168,0.015104480832511813,0.9797657847476866,0.9401840490797546,0.968,0.029549366641655972,0.9678340238635218,0.9340490797546013,0.946,0.1131879772255815,0.873174350468924,0.8834355828220859,0.834,13.936408074645941,14.037585742704536,-1.381504727861349e-05,0.7071070404407153,1.000161456954154,0.01853407697941359,-4.891548488311654e-05,0.21877173322698487,0.007233726400638201,-3.1333024983777227,0.0
qwen,P,scitail@s0__wic@s1,scitail@s0,wic@s1,scitail,wic,0.7,0.012646896057814327,0.9593558282208589,0.6927899686520376,0.21630026295705518,0.7413764374825876,0.772239263803681,0.5282131661442007,0.04852136390435158,0.9438130429508533,0.9378834355828221,0.6410658307210031,0.012646896057814327,0.981242576811258,0.9524539877300614,0.6802507836990596,-0.00025680812815820353,0.9714296378350349,0.9424846625766872,0.7053291536050157,0.05317705153,3.420796966e-05,68.1077971,23.80018224,1,0.4999389169,0.4998968802,1.137111444,13.93640807,15.8472491,168,0.02291017864441469,0.9519383936986042,0.924079754601227,0.6865203761755486,0.048339608855901606,0.9274183765827805,0.9056748466257669,0.664576802507837,0.14940807534967493,0.8161368626055243,0.8029141104294478,0.5987460815047022,13.936408074645941,15.84724910360078,3.4207967273970304e-05,0.705644003140889,0.999907296831021,0.028765439510756864,5.406581214423657e-05,0.2497878255533884,0.1284912257962959,-2.934128337916029,0.005952380952380952
qwen,P,scitail@s0__yelp_polarity@s1,scitail@s0,yelp_polarity@s1,scitail,yelp_polarity,0.7,0.007459683621696911,0.9593558282208589,0.9718,0.13625354090055797,0.8340543389464252,0.7285276073619632,0.9408,0.010329007837154847,0.989218120009487,0.9486196319018405,0.9626,0.007459683621696911,0.9969199146177563,0.9493865030674846,0.9674,0.013612982838672405,0.9948633620576066,0.9348159509202454,0.9702,0.04840398166,2.64993344e-05,68.88158882,22.0876559,1,0.5001213227,0.4999809489,1.11718129,13.93640807,12.47461643,168,0.019746869719700633,0.9861306559148286,0.9256134969325154,0.9676,0.030301093556107994,0.9732932774659393,0.9095092024539877,0.9634,0.08504231806980833,0.9239792341950614,0.816717791411043,0.951,13.936408074645941,12.474616433799076,2.649933213711931e-05,0.7060168986086237,1.000102690819762,0.021179814306103457,2.2540088181295088e-05,0.16896975683674487,0.11080880772344243,-3.028173202940709,0.005952380952380952
qwen,P,snli@s0__sst2@s1,snli@s0,sst2@s1,snli,sst2,1.0,0.018240291238560413,0.8778,0.9415137614678899,0.1903293834186841,0.8181772680384054,0.6324,0.8463302752293578,0.06552978615290306,0.9432927834170579,0.8098,0.8910550458715596,0.027791769313661785,0.9773516611630277,0.8536,0.9151376146788991,0.018240291238560413,0.9865275802503799,0.8554,0.9311926605504587,0.0512400942,0.000942041598,68.35398237,26.26921619,1,0.4989965298,0.499737479,1.025828832,12.2767965,12.59389182,168,0.030591787851868668,0.9756950760234633,0.8412,0.9231651376146789,0.04602775902218181,0.9622226562738432,0.828,0.908256880733945,0.1058743914375686,0.9065939901483846,0.7796,0.8474770642201835,12.276796501283137,12.593891816110357,0.000942041597936238,0.7067166241152317,0.9990044965008246,0.03423666775351556,0.0009732398455657162,0.13608050662363322,0.025500902421480336,-2.9712329635477994,0.005952380952380952
qwen,P,snli@s0__stsb@s1,snli@s0,stsb@s1,snli,stsb,0.7,0.17594732473579033,0.8778,0.9082318305994971,0.28813340802610365,0.7760827025810706,0.5624,0.7111823460342515,0.18479576677368348,0.8279506052899053,0.5862,0.87426631074844,0.17594732473579033,0.8389808242643803,0.5886,0.8878559802570849,0.17745559724563909,0.8365815215868868,0.5896,0.8840815897553369,0.0625958255,0.003862907027,65.22015076,30.08085042,0,0.4963028573,0.4987717066,1.08986089,12.2767965,11.26455368,168,0.16872897842001877,0.8452253591537968,0.617,0.8715832644152401,0.15696987243244742,0.8597297784504454,0.6492,0.859626933985053,0.14273833147885084,0.8624411821052089,0.7074,0.8252603161183483,12.276796501283137,11.264553683531751,0.0038629070304317947,0.705098476103002,0.9958208557498719,0.09235325672167922,0.004062222601510349,0.13442576985492583,0.08605006424322437,-2.771056688403162,0.0
qwen,P,snli@s0__trec@s1,snli@s0,trec@s1,snli,trec,0.7,0.004551255439211532,0.8778,0.978,0.12274830970342765,0.8830795129544933,0.7,0.936,0.01958884942417405,0.9712328188543087,0.847,0.974,0.004551255439211532,0.9819349077437338,0.8734,0.974,0.007507614546684582,0.9791400678195181,0.8718,0.97,0.04472367607,7.554112031e-05,71.36367319,27.92186357,1,0.4999067069,0.4999792581,1.143424161,12.2767965,14.03758574,168,0.03309235162641677,0.9421736034851027,0.8574,0.936,0.06912428869161191,0.9080411985470693,0.8462,0.878,0.20551098884970376,0.7989881376181109,0.8114,0.65,12.276796501283137,14.037585742704536,7.554111034683803e-05,0.7055026590490283,0.9998941467876461,0.0388486442118908,9.044533891615628e-05,0.24249900582634182,0.13402741046233285,-3.107252251590609,0.005952380952380952
qwen,P,snli@s0__wic@s1,snli@s0,wic@s1,snli,wic,0.7,0.044025633808915554,0.8778,0.6927899686520376,0.24175721079745838,0.7397194545031976,0.6758,0.5172413793103449,0.0877355358779508,0.9095746834304221,0.833,0.6065830721003135,0.044025633808915554,0.9484147155184693,0.8442,0.658307210031348,0.04915801432829303,0.9295509922553848,0.8054,0.6818181818181818,0.05148244683,0.000457949088,68.72445521,27.08904011,1,0.4995481626,0.4998782511,1.290829338,12.2767965,15.8472491,168,0.09336947881839519,0.890851157943666,0.7536,0.6614420062695925,0.12290908266140455,0.8646424206982899,0.7216,0.64576802507837,0.17901628814941506,0.8008194447568281,0.637,0.6347962382445141,12.276796501283137,15.84724910360078,0.00045794908771899686,0.701320967970614,0.9994653878394443,0.022683996139762377,0.000486608123870212,0.34667344124591,0.2552849094778204,-2.9665143676634327,0.005952380952380952
qwen,P,snli@s0__yelp_polarity@s1,snli@s0,yelp_polarity@s1,snli,yelp_polarity,1.0,0.017768138282430845,0.8778,0.9718,0.17424900067527427,0.8232399585000741,0.6082,0.9316,0.07557057529978106,0.9329746554024011,0.7594,0.956,0.03389357507597124,0.9759270787016452,0.8248,0.9646,0.017768138282430845,0.9894086260560249,0.8504,0.9676,0.04880479598,0.0009410669428,68.92635215,29.23365009,1,0.4992366796,0.4998375554,1.016113319,12.2767965,12.47461643,168,0.020744835765253766,0.9803557136505113,0.8468,0.9658,0.0281461478913847,0.9696339113680155,0.8376,0.9616,0.06391772242445426,0.9259167037201719,0.786,0.9492,12.276796501283137,12.474616433799076,0.0009410669405469115,0.7067517688678263,0.999028729674518,0.035342779047363666,0.0009629095209580534,0.10878272986956079,0.01598487738560488,-3.019926692673341,0.005952380952380952
qwen,P,sst2@s0__stsb@s1,sst2@s0,stsb@s1,sst2,stsb,1.0,0.017318516642838233,0.9323394495412844,0.9082318305994971,0.32060748924121785,0.7448777356320898,0.5504587155963303,0.697866372443781,0.0942682883230499,0.9189898885956131,0.8004587155963303,0.8654675876023177,0.03324198580961313,0.9696335159054572,0.8910550458715596,0.8880658789782642,0.017318516642838233,0.9852133325386286,0.9185779816513762,0.8901790103279187,0.05099674218,0.0007073155031,68.16338284,25.39085931,1,0.4993276066,0.4996806553,1.199045635,13.50671393,11.26455368,168,0.024689178435892023,0.982257359746179,0.9128440366972477,0.882376152636852,0.033682927811189645,0.971414386291118,0.9071100917431193,0.8716250153336954,0.07525365726133781,0.9328480419073939,0.875,0.8273931129619838,13.506713928514078,11.264553683531751,0.0007073155048512951,0.7039829571556272,1.0006775371213001,0.06518657964903748,0.0006321406426547392,0.22991507676367212,0.18152593620515023,-2.9759935271216795,0.005952380952380952
qwen,P,sst2@s0__trec@s1,sst2@s0,trec@s1,sst2,trec,0.7,0.0006074600623307003,0.9323394495412844,0.978,0.08567828009568434,0.8677269590587084,0.7821100917431193,0.968,0.008402568688263612,0.9675983350949067,0.9185779816513762,0.976,0.0006074600623307003,0.9858928555830224,0.9369266055045872,0.972,0.0016299549498562937,0.9848555655523624,0.9369266055045872,0.97,0.04645561239,0.0001467873004,70.87042061,23.44987805,1,0.4998118062,0.4999409882,1.039304291,13.50671393,14.03758574,168,0.008179959100204526,0.9676212646640054,0.9323394495412844,0.962,0.02516242953840586,0.9566532874450783,0.9254587155963303,0.936,0.10332480625419749,0.8924373913575179,0.8922018348623854,0.818,13.506713928514078,14.037585742704536,0.00014678730048222192,0.7069236423947632,1.0000285141721876,0.030814816113244804,0.00013121215303291936,0.20099625561034484,0.038551538344214216,-3.0692579945411347,0.005952380952380952
qwen,P,sst2@s0__wic@s1,sst2@s0,wic@s1,sst2,wic,0.7,0.014068613536814212,0.9323394495412844,0.6927899686520376,0.20984093325096143,0.755673092055636,0.6697247706422018,0.5971786833855799,0.051924885764694784,0.9283689877298948,0.8692660550458715,0.6677115987460815,0.014068613536814212,0.9650633041911554,0.9208715596330275,0.6818181818181818,0.005436264769887567,0.9640383081256207,0.9243119266055045,0.6912225705329154,0.0515821166,0.0002364258257,68.66499616,30.12053813,0,0.4998170053,0.4998396961,1.173286796,13.50671393,15.8472491,168,0.03377107300484772,0.944352414133685,0.8967889908256881,0.6724137931034483,0.05809720993137524,0.9122193640818586,0.8704128440366973,0.658307210031348,0.12925286492683918,0.8419905138683121,0.8073394495412844,0.6065830721003135,13.506713928514078,15.84724910360078,0.0002364258221121236,0.7047874151619479,0.9994865923579999,0.035503684330205974,0.0003120787981442743,0.28820198873321917,0.15980903765531826,-2.9645802440858686,0.0
qwen,P,sst2@s0__yelp_polarity@s1,sst2@s0,yelp_polarity@s1,sst2,yelp_polarity,1.0,9.61935941656833e-06,0.9323394495412844,0.9718,0.1886467763628037,0.8119702821585667,0.6020642201834863,0.9494,0.03875741165314517,0.9441191932196116,0.8658256880733946,0.9658,0.008823104283728567,0.9770485999356293,0.9197247706422018,0.9678,9.61935941656833e-06,0.9870062225083145,0.9369266055045872,0.967,0.05192356199,0.00144537772,67.98164392,27.67041713,1,0.49841757,0.4995711582,1.08273581,13.50671393,12.47461643,168,0.008634134499402313,0.979273146658084,0.9277522935779816,0.9598,0.020230778558042894,0.9694174444802061,0.9128440366972477,0.9528,0.06325045242631888,0.9346711726209634,0.8669724770642202,0.917,13.506713928514078,12.474616433799076,0.0014453777154523394,0.7060410613089374,0.9991211886383053,0.04019657224050736,0.0014225063268794784,0.16100085118208346,0.07949099550836487,-2.9579826035851506,0.005952380952380952
qwen,P,stsb@s0__trec@s1,stsb@s0,trec@s1,stsb,trec,0.7,0.03797453528448913,0.9081516081242773,0.978,0.16172614068687197,0.845952873870161,0.6886943287556607,0.898,0.0649670422315396,0.9421547738365583,0.8161520109083216,0.95,0.03797453528448913,0.9492037625543108,0.8818930348661542,0.932,0.07886560787771635,0.8765841944616877,0.8967661643341209,0.836,0.04501590017,0.0001794583706,71.18868885,23.5312532,1,0.4997347386,0.4999893077,1.18551001,11.84096771,14.03758574,168,0.19739394327205328,0.7666104686140648,0.8857704503499415,0.616,0.2813165291639914,0.7029612195058479,0.8726286441392973,0.466,0.4340717226515226,0.5552137772798467,0.8143238637408495,0.23,11.840967708428602,14.037585742704536,0.00017945836359378967,0.7045108324773482,0.9998296467048589,0.019883072966912496,0.0001780432017805363,0.25216910472672455,0.17017307018231895,-3.100739514509563,0.005952380952380952
qwen,P,stsb@s0__wic@s1,stsb@s0,wic@s1,stsb,wic,1.0,0.054173184301349875,0.9081516081242773,0.6927899686520376,0.2277518140653909,0.7629610156626623,0.7451515367063442,0.5015673981191222,0.11362127116645404,0.8893402309509053,0.859988334715577,0.5721003134796239,0.05761460600229373,0.9551554807096772,0.8856916798330176,0.6300940438871473,0.054173184301349875,0.9563189690278293,0.8755052119581895,0.6426332288401254,0.0541016039,0.0006305768066,68.09945385,27.77948667,1,0.4994026726,0.4997218569,1.338340708,11.84096771,15.8472491,168,0.09054013874690992,0.9249758606926843,0.848489986933014,0.6128526645768025,0.09775725035229543,0.9042817770019118,0.8230536740280876,0.622257053291536,0.16966382957812276,0.8138097385976031,0.7212145059735459,0.6003134796238244,11.840967708428602,15.84724910360078,0.0006305768168644283,0.699607535604776,0.99929479317779,0.02780747901474482,0.0006459392186927474,0.3430169011283148,0.2914305690516726,-2.9168914466190707,0.005952380952380952
qwen,P,stsb@s0__yelp_polarity@s1,stsb@s0,yelp_polarity@s1,stsb,yelp_polarity,1.0,0.03314116901389541,0.9081516081242773,0.9718,0.13885235998895407,0.8777459351967747,0.6871660750333158,0.9384,0.07294467348287115,0.9601648522281145,0.7848201085307739,0.962,0.039246634474449094,0.9811521634153735,0.8402320364015968,0.9682,0.03314116901389541,0.9825104863005893,0.8660865862495856,0.9524,0.04864184457,0.0008147505464,69.09309912,27.59572315,1,0.4991591254,0.4996010721,1.053513255,11.84096771,12.47461643,168,0.05512101624212962,0.9541704324774632,0.8624232990272593,0.9136,0.09299233752553127,0.9128987679202323,0.8517636849188552,0.8514,0.2705923869438298,0.7201687110765743,0.801689696670117,0.5598,11.840967708428602,12.474616433799076,0.0008147505468032226,0.7065794147616749,0.9990889344566397,0.03234752572692723,0.0008690255667909224,0.14155992867132086,0.052130536052912825,-3.02327111914032,0.005952380952380952
qwen,P,trec@s0__wic@s1,trec@s0,wic@s1,trec,wic,0.7,0.022304539722572514,0.976,0.6927899686520376,0.13993305392775013,0.8453260007202641,0.906,0.54858934169279,0.03771511757288026,0.9460005036432906,0.962,0.6504702194357367,0.022304539722572514,0.9829810538058915,0.97,0.6661442006269592,0.010180995475113086,0.9757208733066347,0.976,0.6786833855799373,0.04809433848,9.08389495e-05,70.2677019,27.4259759,2,0.499755833,0.5000195234,1.1442262,13.849752,15.8472491,168,0.035452674133966244,0.9568829895832487,0.962,0.6536050156739812,0.04601847043987828,0.9500980208984888,0.948,0.6489028213166145,0.1177166011423485,0.8544558892418002,0.85,0.6191222570532915,13.849751997886662,15.84724910360078,9.083895034579637e-05,0.7054808693254422,0.9999393144568388,0.02216602804397042,8.090812668568103e-05,0.3532953572381006,0.13472860068487272,-3.0345908119164804,0.011904761904761904
qwen,P,trec@s0__yelp_polarity@s1,trec@s0,yelp_polarity@s1,trec,yelp_polarity,1.0,0.0019551348013995273,0.976,0.9718,0.03511271967854146,0.9564953696268936,0.94,0.9394,0.006169681746564626,0.9922530913762646,0.974,0.9618,0.0023667421280099132,0.9974358974358974,0.976,0.9672,0.0019551348013995273,0.9995053797976554,0.976,0.968,0.04242419904,0.0001099309008,71.6320983,28.98324798,1,0.4999013304,0.5000101893,1.110234697,13.849752,12.47461643,168,0.010053382433813929,0.9943316738932606,0.962,0.9662,0.01271997375159839,0.9891033670574381,0.958,0.965,0.046768249892880864,0.9417905893688775,0.906,0.9506,13.849751997886662,12.474616433799076,0.0001099308950318627,0.7061053681024405,0.9998863642664261,0.012834745125541733,0.00011267812685366777,0.22491923467632433,0.10457143171296186,-3.1600363474743616,0.005952380952380952
qwen,P,wic@s0__yelp_polarity@s1,wic@s0,yelp_polarity@s1,wic,yelp_polarity,1.0,0.03321227420600381,0.6833855799373041,0.9718,0.14611092439830742,0.8066233766233766,0.5,0.9486,0.08231839714820322,0.8967166167166167,0.5752351097178683,0.9656,0.045636018284428204,0.9666766566766567,0.6238244514106583,0.9678,0.03321227420600381,0.9871828171828172,0.6426332288401254,0.9652,0.04502276814,0.000118715893,70.54145236,21.44610533,1,0.4998208468,0.49992832,1.16365719,14.5161771,12.47461643,168,0.03796062730467065,0.9724508824508824,0.6410658307210031,0.9582,0.05604397212398826,0.9582317682317683,0.622257053291536,0.9498,0.0997076266306165,0.89988677988678,0.5862068965517241,0.9162,14.51617710242619,12.474616433799076,0.00011871589247457504,0.7050512683663424,1.0001251531459543,0.023029667220239598,9.245715470261663e-05,0.2665296630912345,0.1515677956232897,-3.100586958499079,0.005952380952380952
