backbone,pop,pair,ncal1,ntest1,single_test1,single_cal1,agree1_0.3,calacc1_0.3,test1_0.3,agree1_0.5,calacc1_0.5,test1_0.5,agree1_0.7,calacc1_0.7,test1_0.7,agree1_1.0,calacc1_1.0,test1_1.0,ncal2,ntest2,single_test2,single_cal2,agree2_0.3,calacc2_0.3,test2_0.3,agree2_0.5,calacc2_0.5,test2_0.5,agree2_0.7,calacc2_0.7,test2_0.7,agree2_1.0,calacc2_1.0,test2_1.0,agree_0.3,calnorm_0.3,Dtest_0.3,agree_0.5,calnorm_0.5,Dtest_0.5,agree_0.7,calnorm_0.7,Dtest_0.7,agree_1.0,calnorm_1.0,Dtest_1.0,agree1_1.3,calacc1_1.3,test1_1.3,agree1_1.5,calacc1_1.5,test1_1.5,agree1_2.0,calacc1_2.0,test1_2.0,agree2_1.3,calacc2_1.3,test2_1.3,agree2_1.5,calacc2_1.5,test2_1.5,agree2_2.0,calacc2_2.0,test2_2.0,agree_1.3,calnorm_1.3,Dtest_1.3,agree_1.5,calnorm_1.5,Dtest_1.5,agree_2.0,calnorm_2.0,Dtest_2.0
bert,R0,cola-sst2,200,843,0.830367734282325,0.795,0.795,0.7,0.7319098457888493,0.835,0.73,0.7437722419928826,0.845,0.74,0.7544483985765125,0.84,0.765,0.7449584816132859,200,672,0.9122023809523809,0.94,0.77,0.77,0.7752976190476191,0.865,0.855,0.8511904761904762,0.925,0.885,0.8824404761904762,0.93,0.89,0.8898809523809523,0.7825,0.8498260404121504,0.13432649731997204,0.85,0.9139067308978991,0.08558494523421112,0.885,0.9361534858825104,0.06202749941738528,0.885,0.9545363307908471,0.06366348170589609,,,,,,,,,,,,,,,,,,,,,,,,,,,
bert,R0,cola-mrpc,200,843,0.830367734282325,0.795,0.87,0.765,0.7663107947805456,0.885,0.8,0.8042704626334519,0.91,0.805,0.8102016607354685,0.785,0.72,0.7461447212336892,200,208,0.8317307692307693,0.87,0.755,0.685,0.6875,0.8,0.73,0.7211538461538461,0.895,0.815,0.7836538461538461,0.815,0.785,0.7884615384615384,0.8125,0.8748102363912384,0.12527663088356733,0.8425,0.9226848839731078,0.0821882741535922,0.9025000000000001,0.9746801127738017,0.04104459124690352,0.8,0.9039796139666016,0.07672584640792735,,,,,,,,,,,,,,,,,,,,,,,,,,,
bert,R0,cola-stsb,200,843,0.830367734282325,0.795,0.86,0.785,0.7627520759193357,0.895,0.79,0.7852906287069988,0.915,0.8,0.7959667852906287,0.9,0.795,0.7947805456702254,200,1300,0.8885232145619162,0.8907624221261651,0.9032865821645543,0.8220092016416465,0.8562850594315086,0.9462386559663993,0.845780880765905,0.8764711447417087,0.954022350558764,0.8486977340995604,0.8692879080011289,0.8973059326483163,0.7967182967975426,0.8200258236311964,0.8816432910822771,0.955118347346451,0.05885571106033172,0.9206193279831997,0.9716064466303133,0.03392493645304695,0.934511175279382,0.9795330338727519,0.03153859859972408,0.8986529663241581,0.947211443257705,0.05997421087170762,,,,,,,,,,,,,,,,,,,,,,,,,,,
bert,R0,cola-mnli,200,843,0.830367734282325,0.795,0.815,0.73,0.7508896797153025,0.82,0.735,0.7461447212336892,0.805,0.72,0.7330960854092526,0.79,0.705,0.7188612099644128,200,9615,0.8246489859594384,0.78,0.36,0.375,0.4004160166406656,0.56,0.565,0.6140405616224649,0.785,0.73,0.7578783151326053,0.82,0.77,0.7586063442537702,0.5874999999999999,0.6995041122399612,0.3050774732897321,0.69,0.8244436381228832,0.17841008594130048,0.795,0.9207789066279631,0.09905572671747476,0.8049999999999999,0.9369859700048379,0.10718573770787154,,,,,,,,,,,,,,,,,,,,,,,,,,,
bert,R0,cola-qnli,200,843,0.830367734282325,0.795,0.79,0.695,0.7330960854092526,0.805,0.71,0.7556346381969158,0.82,0.735,0.7710557532621589,0.825,0.73,0.7769869513641756,200,5263,0.8981569447083413,0.885,0.675,0.65,0.6809804294128824,0.905,0.84,0.8384951548546457,0.965,0.87,0.8772563176895307,0.845,0.82,0.8215846475394262,0.7325,0.8043385566570728,0.1794726344102271,0.855,0.9211171516895853,0.07821345462238205,0.8925,0.9537895746722097,0.047349572365438686,0.835,0.9223963330135379,0.07477031641935383,,,,,,,,,,,,,,,,,,,,,,,,,,,
bert,R0,cola-rte,200,843,0.830367734282325,0.795,0.81,0.715,0.7473309608540926,0.885,0.79,0.7758007117437722,0.935,0.81,0.8090154211150652,0.905,0.81,0.8066429418742586,138,139,0.5899280575539568,0.6956521739130435,0.6521739130434783,0.5797101449275363,0.5179856115107914,0.7318840579710145,0.6304347826086957,0.5323741007194245,0.8405797101449275,0.6666666666666666,0.5539568345323741,0.6884057971014492,0.6304347826086957,0.5107913669064749,0.7310869565217392,0.8663522012578616,0.11097560975609755,0.8084420289855072,0.9499803459119498,0.0816376306620209,0.8877898550724638,0.9886006289308176,0.04334494773519171,0.7967028985507246,0.962558962264151,0.08135888501742161,,,,,,,,,,,,,,,,,,,,,,,,,,,
bert,R0,cola-wic,200,843,0.830367734282325,0.795,0.83,0.735,0.7568208778173191,0.865,0.77,0.7864768683274022,0.895,0.78,0.8018979833926453,0.925,0.78,0.8090154211150652,200,438,0.7146118721461188,0.655,0.75,0.535,0.6621004566210046,0.79,0.565,0.6917808219178082,0.805,0.61,0.6894977168949772,0.75,0.575,0.6689497716894978,0.79,0.8706610975082817,0.08102692834322234,0.8275,0.9155744394834124,0.04240301232314014,0.8500000000000001,0.9562148926976811,0.03471474212688275,0.8375,0.9294973354457727,0.04480602464628025,,,,,,,,,,,,,,,,,,,,,,,,,,,
bert,R0,cola-snli,200,843,0.830367734282325,0.795,0.8,0.705,0.734282325029656,0.835,0.74,0.763938315539739,0.865,0.75,0.7817319098457889,0.83,0.765,0.767497034400949,200,9642,0.8703588467123003,0.865,0.53,0.505,0.4706492428956648,0.815,0.795,0.7703795892968264,0.84,0.79,0.8274216967434143,0.8,0.775,0.7640531010163867,0.665,0.7353037408659613,0.28748059376276736,0.825,0.9249463772857818,0.09743565300285983,0.8525,0.9283455120514779,0.05395206318943213,0.815,0.9291089540844149,0.09892720958736212,,,,,,,,,,,,,,,,,,,,,,,,,,,
bert,R0,cola-scitail,200,843,0.830367734282325,0.795,0.845,0.74,0.7651245551601423,0.89,0.775,0.7864768683274022,0.92,0.795,0.8102016607354685,0.915,0.78,0.7935943060498221,200,1104,0.9384057971014492,0.905,0.5,0.515,0.605072463768116,0.68,0.695,0.7336956521739131,0.82,0.835,0.865036231884058,0.905,0.87,0.9130434782608695,0.6725,0.7499391917717779,0.21689189189189184,0.785,0.8713992842002849,0.1355019305019305,0.87,0.9613259668508287,0.05123552123552122,0.91,0.9712290211612634,0.03565637065637062,,,,,,,,,,,,,,,,,,,,,,,,,,,
bert,R0,cola-ag_news,200,843,0.830367734282325,0.795,0.795,0.7,0.7295373665480427,0.815,0.72,0.7437722419928826,0.845,0.73,0.7508896797153025,0.8,0.755,0.741399762752076,200,7400,0.9385135135135135,0.945,0.865,0.84,0.7937837837837838,0.94,0.905,0.9064864864864864,0.96,0.925,0.9256756756756757,0.975,0.94,0.9325675675675675,0.8300000000000001,0.8846960167714885,0.1378201172477631,0.8775,0.9316661675152241,0.06920549213205796,0.9025,0.9485374862733353,0.05469659570091534,0.8875,0.9721972646500948,0.056739175151702126,,,,,,,,,,,,,,,,,,,,,,,,,,,
bert,R0,cola-imdb,200,843,0.830367734282325,0.795,0.8,0.705,0.727164887307236,0.845,0.75,0.7544483985765125,0.865,0.77,0.7769869513641756,0.905,0.79,0.7864768683274022,200,9800,0.8893877551020408,0.91,0.625,0.635,0.6229591836734694,0.72,0.73,0.7131632653061224,0.77,0.78,0.7498979591836735,0.805,0.815,0.7863265306122449,0.7125,0.7922973253161931,0.21192486723923165,0.7825,0.8727970143064482,0.14478496033567168,0.8175,0.9128481581311769,0.11056185668393093,0.855,0.9446575437141475,0.08436799318166921,,,,,,,,,,,,,,,,,,,,,,,,,,,
bert,R0,cola-trec,200,843,0.830367734282325,0.795,0.815,0.72,0.7283511269276394,0.835,0.74,0.7544483985765125,0.87,0.765,0.7722419928825622,0.9,0.775,0.7769869513641756,200,300,0.9633333333333334,0.97,0.7,0.71,0.8033333333333333,0.92,0.915,0.96,0.965,0.95,0.9633333333333334,0.935,0.925,0.9333333333333333,0.7575,0.8188095701225442,0.14447355412753338,0.8775,0.937058289567529,0.04744438952051411,0.9175,0.9708227971211827,0.03500000000000003,0.9175,0.964225507359139,0.04771379139891252,,,,,,,,,,,,,,,,,,,,,,,,,,,
bert,R0,cola-yelp_polarity,200,843,0.830367734282325,0.795,0.81,0.715,0.7390272835112692,0.845,0.75,0.7615658362989324,0.83,0.745,0.7461447212336892,0.81,0.755,0.7425860023724793,200,9800,0.9405102040816327,0.95,0.725,0.725,0.7715306122448979,0.875,0.865,0.8773469387755102,0.94,0.92,0.9075510204081633,0.955,0.935,0.9261224489795918,0.7675000000000001,0.831264481959616,0.14483400238689392,0.86,0.926961271102284,0.07500782715169174,0.885,0.9527639854352863,0.06823625598660854,0.8825000000000001,0.9669480304534923,0.06050605248066465,,,,,,,,,,,,,,,,,,,,,,,,,,,
bert,R0,sst2-mrpc,200,672,0.9122023809523809,0.94,0.94,0.94,0.9047619047619048,0.97,0.95,0.9151785714285714,0.97,0.95,0.9255952380952381,0.96,0.92,0.8988095238095238,200,208,0.8317307692307693,0.87,0.755,0.685,0.6875,0.81,0.74,0.7355769230769231,0.86,0.82,0.8076923076923077,0.525,0.555,0.5336538461538461,0.8474999999999999,0.8936781609195403,0.0907835057379136,0.89,0.9306065052580093,0.05617214683778249,0.915,0.9765835167522622,0.00710992088562834,0.7424999999999999,0.808327219369039,0.18653169761148147,,,,,,,,,,,,,,,,,,,,,,,,,,,
bert,R0,sst2-stsb,200,672,0.9122023809523809,0.94,0.935,0.935,0.9017857142857143,0.96,0.94,0.9077380952380952,0.965,0.955,0.9151785714285714,0.98,0.95,0.9032738095238095,200,1300,0.8885232145619162,0.8907624221261651,0.9151143778594465,0.8411346321464177,0.8542735404707076,0.9148443711092779,0.8442053596265989,0.8494100105590866,0.7838535963399086,0.7295826313655273,0.7658356665146929,0.4607485187129679,0.46148207633163024,0.4800383696035283,0.9250571889297232,0.9694835083859881,0.024982995221243254,0.937422185554639,0.9738667340790832,0.024457213955885404,0.8744267981699543,0.9175057831695758,0.06740882639201606,0.7203742593564839,0.7643568366902834,0.2347612530369655,,,,,,,,,,,,,,,,,,,,,,,,,,,
bert,R0,sst2-mnli,200,672,0.9122023809523809,0.94,0.95,0.94,0.8988095238095238,0.955,0.935,0.8928571428571429,0.95,0.92,0.8973214285714286,0.925,0.895,0.8913690476190477,200,9615,0.8246489859594384,0.78,0.42,0.435,0.4424336973478939,0.69,0.68,0.7033801352054082,0.795,0.71,0.7358294331773271,0.71,0.64,0.6059282371294852,0.6849999999999999,0.7788461538461539,0.23908517620801417,0.8225,0.9332378614293508,0.08413114597600191,0.8725,0.9444899072558647,0.06200955173741174,0.8175,0.8863202400436443,0.14403370286496564,,,,,,,,,,,,,,,,,,,,,,,,,,,
bert,R0,sst2-qnli,200,672,0.9122023809523809,0.94,0.945,0.935,0.9017857142857143,0.97,0.95,0.9181547619047619,0.97,0.94,0.9166666666666666,0.95,0.91,0.8928571428571429,200,5263,0.8981569447083413,0.885,0.715,0.7,0.7013110393311799,0.885,0.83,0.8383051491544746,0.86,0.835,0.8314649439483185,0.64,0.665,0.6209386281588448,0.83,0.8928206515206154,0.11529286998330723,0.9275,0.9742457026084865,0.030056587214954522,0.915,0.9717514124293785,0.03468015989503226,0.7949999999999999,0.8597487678807549,0.1649298000345797,,,,,,,,,,,,,,,,,,,,,,,,,,,
bert,R0,sst2-rte,200,672,0.9122023809523809,0.94,0.925,0.915,0.8869047619047619,0.97,0.93,0.9077380952380952,0.975,0.935,0.9107142857142857,0.98,0.94,0.9077380952380952,138,139,0.5899280575539568,0.6956521739130435,0.644927536231884,0.572463768115942,0.5179856115107914,0.7246376811594203,0.6086956521739131,0.5323741007194245,0.572463768115942,0.5144927536231884,0.5899280575539568,0.42028985507246375,0.4492753623188406,0.45323741007194246,0.784963768115942,0.8981604609929078,0.07484184140373218,0.8473188405797101,0.9321808510638299,0.05122746986034299,0.773731884057971,0.8671320921985816,0.0008156606851550396,0.7001449275362319,0.8229166666666667,0.11830064059205025,,,,,,,,,,,,,,,,,,,,,,,,,,,
bert,R0,sst2-wic,200,672,0.9122023809523809,0.94,0.935,0.915,0.8839285714285714,0.96,0.93,0.9107142857142857,0.975,0.945,0.9092261904761905,0.975,0.935,0.8928571428571429,200,438,0.7146118721461188,0.655,0.755,0.57,0.6529680365296804,0.785,0.59,0.6598173515981736,0.8,0.595,0.639269406392694,0.725,0.58,0.6095890410958904,0.845,0.9218166314763683,0.058628543433280056,0.8725,0.9450625304531428,0.03915431883211984,0.8875,0.9568580477505277,0.05434697632238672,0.85,0.9400885171349683,0.08408601702203056,,,,,,,,,,,,,,,,,,,,,,,,,,,
bert,R0,sst2-snli,200,672,0.9122023809523809,0.94,0.93,0.93,0.8824404761904762,0.945,0.935,0.9077380952380952,0.965,0.925,0.9032738095238095,0.945,0.895,0.8779761904761905,200,9642,0.8703588467123003,0.865,0.58,0.565,0.5089193113461937,0.83,0.82,0.7940261356565028,0.845,0.815,0.8023231694669156,0.68,0.66,0.6484131922837586,0.755,0.8212704464395524,0.22395144058584493,0.8875,0.9713288648382733,0.046298268995407676,0.905,0.9631195424916985,0.043978806818270155,0.8125,0.8575667199606445,0.14626257898068062,,,,,,,,,,,,,,,,,,,,,,,,,,,
bert,R0,sst2-scitail,200,672,0.9122023809523809,0.94,0.94,0.92,0.8943452380952381,0.95,0.94,0.90625,0.945,0.925,0.9122023809523809,0.945,0.915,0.9077380952380952,200,1104,0.9384057971014492,0.905,0.555,0.57,0.6367753623188406,0.795,0.81,0.8378623188405797,0.8,0.815,0.8813405797101449,0.62,0.605,0.6467391304347826,0.7475,0.8042788291994828,0.1705022139361454,0.8725,0.9475138121546962,0.05683407131204843,0.8725,0.9422975196896674,0.030405405405405372,0.7825,0.8209562713059833,0.15785238746087027,,,,,,,,,,,,,,,,,,,,,,,,,,,
bert,R0,sst2-ag_news,200,672,0.9122023809523809,0.94,0.885,0.895,0.8482142857142857,0.925,0.905,0.8794642857142857,0.945,0.915,0.8779761904761905,0.94,0.89,0.8630952380952381,200,7400,0.9385135135135135,0.945,0.88,0.855,0.8558108108108108,0.96,0.915,0.9145945945945946,0.965,0.93,0.9262162162162162,0.96,0.925,0.9252702702702703,0.8825000000000001,0.9284447821681865,0.07913388462365101,0.9425,0.9655099628503885,0.030687515634964635,0.955,0.9787656197230665,0.02531167164049386,0.95,0.9628222447371384,0.033972238175268954,,,,,,,,,,,,,,,,,,,,,,,,,,,
bert,R0,sst2-imdb,200,672,0.9122023809523809,0.94,0.955,0.925,0.8898809523809523,0.965,0.935,0.90625,0.96,0.93,0.9122023809523809,0.945,0.905,0.8943452380952381,200,9800,0.8893877551020408,0.91,0.93,0.9,0.8758163265306123,0.9,0.88,0.8741836734693877,0.89,0.87,0.866734693877551,0.86,0.85,0.8491836734693877,0.9425,0.9865267711012393,0.019864556904217734,0.9325,0.9808569090483985,0.011810141593304624,0.925,0.9727028290858079,0.012735199632859073,0.9025,0.9484159457563712,0.03239003928197903,,,,,,,,,,,,,,,,,,,,,,,,,,,
bert,R0,sst2-trec,200,672,0.9122023809523809,0.94,0.865,0.875,0.8497023809523809,0.915,0.905,0.8809523809523809,0.925,0.905,0.8943452380952381,0.95,0.93,0.9002976190476191,200,300,0.9633333333333334,0.97,0.705,0.705,0.7433333333333333,0.95,0.945,0.9433333333333334,0.965,0.965,0.9566666666666667,0.95,0.95,0.9266666666666666,0.7849999999999999,0.8288275937705638,0.14844459998758164,0.9325,0.96849638078526,0.02750949722562468,0.9450000000000001,0.9788056591357754,0.013248135834316388,0.95,0.9843715727133144,0.025556427349751942,,,,,,,,,,,,,,,,,,,,,,,,,,,
bert,R0,sst2-yelp_polarity,200,672,0.9122023809523809,0.94,0.96,0.95,0.8898809523809523,0.965,0.955,0.9017857142857143,0.955,0.945,0.8958333333333334,0.925,0.905,0.8839285714285714,200,9800,0.9405102040816327,0.95,0.94,0.89,0.9175510204081633,0.975,0.925,0.9277551020408163,0.965,0.925,0.928265306122449,0.925,0.885,0.919795918367347,0.95,0.9737402015677492,0.02444061712336998,0.97,0.9948208286674133,0.012490573043887787,0.96,0.989501679731243,0.015481977854595597,0.925,0.9471724524076148,0.026509812972376534,,,,,,,,,,,,,,,,,,,,,,,,,,,
bert,R0,mrpc-stsb,200,208,0.8317307692307693,0.87,0.765,0.695,0.6971153846153846,0.84,0.75,0.7788461538461539,0.92,0.85,0.8461538461538461,0.815,0.805,0.8557692307692307,200,1300,0.8885232145619162,0.8907624221261651,0.9326393159828997,0.8525363311011852,0.8674166468997341,0.9311302782569566,0.8403532517243036,0.8526169073260315,0.8990129753243833,0.8123819343082792,0.8222943029506485,0.8421180529513239,0.7643514330300293,0.7843255171364484,0.8488196579914499,0.8779683365041867,0.09280218594047751,0.8855651391284782,0.9027389635776816,0.05199751759161031,0.9095064876621917,0.9445094548093456,0.028598574445125924,0.8285590264756619,0.891687053837677,0.04418445936251647,,,,,,,,,,,,,,,,,,,,,,,,,,,
bert,R0,mrpc-mnli,200,208,0.8317307692307693,0.87,0.77,0.7,0.7163461538461539,0.855,0.825,0.8221153846153846,0.645,0.675,0.6682692307692307,0.425,0.485,0.4807692307692308,200,9615,0.8246489859594384,0.78,0.49,0.505,0.5132605304212169,0.75,0.705,0.7432137285491419,0.865,0.76,0.7889755590223609,0.87,0.73,0.758814352574103,0.63,0.7260167992926614,0.25816476722239345,0.8025,0.9260610079575596,0.05515605624192177,0.755,0.8751105216622459,0.11989535742430846,0.6475,0.7466843501326259,0.2508994202156859,,,,,,,,,,,,,,,,,,,,,,,,,,,
bert,R0,mrpc-qnli,200,208,0.8317307692307693,0.87,0.76,0.69,0.7163461538461539,0.86,0.8,0.7980769230769231,0.865,0.835,0.8028846153846154,0.695,0.695,0.6923076923076923,200,5263,0.8981569447083413,0.885,0.815,0.8,0.7970739122173666,0.905,0.85,0.8590157704731142,0.865,0.81,0.8263347900437014,0.715,0.71,0.7140414212426373,0.7875,0.8485291252678745,0.12563663910801437,0.8825000000000001,0.9399961036430937,0.04202093251044614,0.865,0.9375121761153322,0.05732411640911694,0.705,0.8005552308591466,0.18631132676507245,,,,,,,,,,,,,,,,,,,,,,,,,,,
bert,R0,mrpc-rte,200,208,0.8317307692307693,0.87,0.775,0.705,0.7067307692307693,0.88,0.81,0.7788461538461539,0.85,0.82,0.7932692307692307,0.66,0.7,0.7067307692307693,138,139,0.5899280575539568,0.6956521739130435,0.7391304347826086,0.6376811594202898,0.5827338129496403,0.7318840579710145,0.6159420289855072,0.5539568345323741,0.5579710144927537,0.5434782608695652,0.5683453237410072,0.427536231884058,0.47101449275362317,0.5179856115107914,0.7570652173913044,0.8635057471264367,0.08124206964613001,0.8059420289855073,0.9082255747126438,0.06227971239249963,0.7039855072463768,0.8618893678160919,0.04141407021006627,0.543768115942029,0.7408405172413792,0.13612011842661786,,,,,,,,,,,,,,,,,,,,,,,,,,,
bert,R0,mrpc-wic,200,208,0.8317307692307693,0.87,0.75,0.68,0.6875,0.77,0.7,0.7019230769230769,0.8,0.73,0.7259615384615384,0.85,0.78,0.7884615384615384,200,438,0.7146118721461188,0.655,0.82,0.605,0.684931506849315,0.87,0.635,0.6940639269406392,0.84,0.655,0.6917808219178082,0.705,0.61,0.639269406392694,0.7849999999999999,0.8526366587698517,0.10747197547507814,0.8200000000000001,0.8870316750021935,0.09241167888603674,0.8200000000000001,0.9195402298850575,0.07955825592347043,0.7775,0.9139247170307976,0.07872721564571838,,,,,,,,,,,,,,,,,,,,,,,,,,,
bert,R0,mrpc-snli,200,208,0.8317307692307693,0.87,0.765,0.695,0.6971153846153846,0.885,0.815,0.7596153846153846,0.825,0.805,0.7451923076923077,0.595,0.635,0.6153846153846154,200,9642,0.8703588467123003,0.865,0.675,0.65,0.5857705870151421,0.845,0.78,0.8036714374611077,0.825,0.8,0.7774320680356772,0.7,0.65,0.6817050404480398,0.72,0.775147830708923,0.24441389266959446,0.865,0.9192578566208225,0.08166289667561188,0.825,0.9250714238256594,0.1054072967924311,0.6475,0.7406650720882334,0.23843482920700698,,,,,,,,,,,,,,,,,,,,,,,,,,,
bert,R0,mrpc-scitail,200,208,0.8317307692307693,0.87,0.765,0.695,0.6875,0.815,0.775,0.7548076923076923,0.895,0.845,0.8461538461538461,0.775,0.755,0.7644230769230769,200,1104,0.9384057971014492,0.905,0.675,0.69,0.7355072463768116,0.885,0.86,0.8994565217391305,0.875,0.86,0.8813405797101449,0.775,0.76,0.7663043478260869,0.72,0.7806407569695815,0.19481331042024674,0.85,0.920540420397536,0.0669956703193697,0.885,0.9607703054550072,0.02173488517419153,0.775,0.8537975487394425,0.13216126944450646,,,,,,,,,,,,,,,,,,,,,,,,,,,
bert,R0,mrpc-ag_news,200,208,0.8317307692307693,0.87,0.75,0.68,0.6826923076923077,0.785,0.735,0.7211538461538461,0.755,0.705,0.7740384615384616,0.46,0.5,0.5432692307692307,200,7400,0.9385135135135135,0.945,0.89,0.875,0.8727027027027027,0.925,0.91,0.9086486486486487,0.93,0.915,0.908918918918919,0.9,0.88,0.8785135135135135,0.8200000000000001,0.8537675606641124,0.12465657082693504,0.855,0.9038952745849298,0.08238471558113503,0.8425,0.8892993979200876,0.05044881958576264,0.68,0.752964787447546,0.20537584738885628,,,,,,,,,,,,,,,,,,,,,,,,,,,
bert,R0,mrpc-imdb,200,208,0.8317307692307693,0.87,0.755,0.685,0.6875,0.8,0.73,0.7115384615384616,0.88,0.81,0.7788461538461539,0.85,0.82,0.8028846153846154,200,9800,0.8893877551020408,0.91,0.885,0.885,0.8514285714285714,0.91,0.9,0.875,0.895,0.885,0.8628571428571429,0.88,0.86,0.8320408163265306,0.8200000000000001,0.8799418971832765,0.10804526656179458,0.855,0.914045724390552,0.08034290799990451,0.8875,0.9517809776430466,0.04670700618356516,0.865,0.9437918403435644,0.04958059989335939,,,,,,,,,,,,,,,,,,,,,,,,,,,
bert,R0,mrpc-trec,200,208,0.8317307692307693,0.87,0.755,0.685,0.6875,0.785,0.715,0.7115384615384616,0.865,0.795,0.7740384615384616,0.925,0.865,0.8557692307692307,200,300,0.9633333333333334,0.97,0.615,0.615,0.6766666666666666,0.93,0.92,0.94,0.965,0.945,0.9633333333333334,0.985,0.965,0.95,0.685,0.7106884701978908,0.23549412964777883,0.8575,0.8851463443535964,0.08436506190371429,0.915,0.9440099537859936,0.034682080924855474,0.9550000000000001,0.9945491171939803,-0.007530451827109541,,,,,,,,,,,,,,,,,,,,,,,,,,,
bert,R0,mrpc-yelp_polarity,200,208,0.8317307692307693,0.87,0.755,0.685,0.6875,0.8,0.73,0.7115384615384616,0.85,0.84,0.7740384615384616,0.535,0.565,0.5576923076923077,200,9800,0.9405102040816327,0.95,0.94,0.91,0.9142857142857143,0.955,0.925,0.926734693877551,0.97,0.94,0.931734693877551,0.955,0.945,0.9264285714285714,0.8474999999999999,0.8726255293405929,0.10064683190962165,0.8775,0.9063823351482154,0.0795777593677428,0.9099999999999999,0.9774954627949183,0.039347373319343903,0.745,0.8220810647307925,0.1722260512586381,,,,,,,,,,,,,,,,,,,,,,,,,,,
bert,R0,stsb-mnli,200,1300,0.8885232145619162,0.8907624221261651,0.9391074776869424,0.8584465995389625,0.8736793110798043,0.9222035550888773,0.8342613367330663,0.8386736348525696,0.8420745518637968,0.7569309461395203,0.7752081986223301,0.7373704342608566,0.6507615380646626,0.6669578612101352,200,9615,0.8246489859594384,0.78,0.39,0.41,0.43868954758190326,0.69,0.72,0.713052522100884,0.865,0.76,0.8080083203328133,0.915,0.775,0.7936557462298492,0.6645537388434712,0.744681095516588,0.24236750965158183,0.8061017775444386,0.9298234475293186,0.09571493789712915,0.8535372759318984,0.912057618170239,0.07385547343376597,0.8261852171304283,0.862078319939977,0.14347358033276447,,,,,,,,,,,,,,,,,,,,,,,,,,,
bert,R0,stsb-qnli,200,1300,0.8885232145619162,0.8907624221261651,0.9107012675316885,0.8371504176597878,0.8518887358876727,0.9136023400585016,0.8363817975327517,0.850231632359409,0.8957758943973602,0.8160156159830672,0.8290273253297983,0.853830345758644,0.7680278992236074,0.7868958779278774,200,5263,0.8981569447083413,0.885,0.735,0.71,0.7227816834505035,0.925,0.86,0.853505605168155,0.945,0.87,0.8842865285958579,0.91,0.845,0.8694660839825195,0.8228506337658442,0.8710366194386987,0.11824600761833892,0.9193011700292508,0.9553509426848066,0.04640508273369892,0.92038794719868,0.9495687783391908,0.0412018102263918,0.881915172879322,0.9085081682211156,0.0731609787466796,,,,,,,,,,,,,,,,,,,,,,,,,,,
bert,R0,stsb-rte,200,1300,0.8885232145619162,0.8907624221261651,0.934097352433811,0.8423438577564328,0.8635629577210052,0.9541738543463588,0.8480709784295649,0.8677498936035188,0.9499782494562365,0.840041750403288,0.8552272961015429,0.9241941048526215,0.8133757361131583,0.8128025971768187,138,139,0.5899280575539568,0.6956521739130435,0.644927536231884,0.572463768115942,0.5179856115107914,0.7391304347826086,0.6376811594202898,0.5899280575539568,0.7753623188405797,0.644927536231884,0.6330935251798561,0.8115942028985508,0.6811594202898551,0.6546762589928058,0.7895124443328475,0.8842801749562872,0.0750215324916208,0.8466521445644837,0.9343699045692978,0.01168980203215031,0.8626702841484082,0.9350712965303672,-0.017848703763861717,0.8678941538755862,0.9461448787629823,-0.012267672290532383,,,,,,,,,,,,,,,,,,,,,,,,,,,
bert,R0,stsb-wic,200,1300,0.8885232145619162,0.8907624221261651,0.9083267081677043,0.8382868345273007,0.8603710355696995,0.9486852171304284,0.8657109604661674,0.8771521478852732,0.9517632940823523,0.868351590941669,0.8703052961808593,0.926151653791345,0.8500811002071071,0.8421721839911404,200,438,0.7146118721461188,0.655,0.77,0.565,0.6757990867579908,0.82,0.605,0.6963470319634704,0.855,0.65,0.7054794520547946,0.835,0.68,0.6643835616438356,0.8391633540838521,0.9018422758509008,0.0429986673916527,0.8843426085652142,0.9477702523093015,0.019178410106370114,0.9033816470411762,0.983603627855801,0.016641572868309806,0.8805758268956725,0.9962488560231916,0.06122695485907792,,,,,,,,,,,,,,,,,,,,,,,,,,,
bert,R0,stsb-snli,200,1300,0.8885232145619162,0.8907624221261651,0.9236510912772821,0.8376638318852693,0.8711597677591183,0.8930488262206556,0.802263770917215,0.8301014355384645,0.8507477686942173,0.7578121571054779,0.7862018709192845,0.802668566714168,0.7106020677401682,0.7218459015683415,200,9642,0.8703588467123003,0.865,0.625,0.61,0.5966604438913089,0.865,0.865,0.820784069695084,0.905,0.865,0.8497199751088985,0.845,0.81,0.8254511512134411,0.7743255456386411,0.8227960200858802,0.1670040375617804,0.8790244131103278,0.9503242115907223,0.06135527954585562,0.8778738843471087,0.9253727695970001,0.06943597306716964,0.823834283357084,0.8670810411467806,0.11959295351907828,,,,,,,,,,,,,,,,,,,,,,,,,,,
bert,R0,stsb-scitail,200,1300,0.8885232145619162,0.8907624221261651,0.9301312532813322,0.8457013165730671,0.8714802538797958,0.9539098477461938,0.8595972779127387,0.8800963329855578,0.9557653941348535,0.8616411769419574,0.8739593648216099,0.9331733293332334,0.8398841232287981,0.8482960336482515,200,1104,0.9384057971014492,0.905,0.63,0.645,0.6992753623188406,0.87,0.875,0.9085144927536232,0.92,0.905,0.9284420289855072,0.83,0.805,0.8070652173913043,0.780065626640666,0.831060031152637,0.13700373821698997,0.9119549238730968,0.9659318922765412,0.020668712623953422,0.9378826970674268,0.9836537529756262,0.013504417297459215,0.8815866646666166,0.9161925322824818,0.09261779677746607,,,,,,,,,,,,,,,,,,,,,,,,,,,
bert,R0,stsb-ag_news,200,1300,0.8885232145619162,0.8907624221261651,0.9175804395109879,0.8407202978591871,0.8507428331536125,0.9479996999924999,0.8593105465762857,0.8599936249575058,0.9102362559063978,0.8295828120730884,0.8268515147708728,0.6861936548413711,0.6579260684480238,0.6842707748357325,200,7400,0.9385135135135135,0.945,0.84,0.835,0.836081081081081,0.915,0.89,0.9117567567567567,0.95,0.925,0.9267567567567567,0.94,0.925,0.9262162162162162,0.878790219755494,0.9137094518160055,0.07583184491380035,0.9314998499962499,0.9532450016669192,0.030309358321474078,0.9301181279531989,0.9550768404576153,0.04096810695975961,0.8130968274206856,0.8587230095363825,0.12149075736535686,,,,,,,,,,,,,,,,,,,,,,,,,,,
bert,R0,stsb-imdb,200,1300,0.8885232145619162,0.8907624221261651,0.9109847746193657,0.8410753343045858,0.8575714603759421,0.9572069301732544,0.8739060723284551,0.8832816699143233,0.9741003525088129,0.8814871888158252,0.8874854255869111,0.9659116477911948,0.8673082491676647,0.8755338562676114,200,9800,0.8893877551020408,0.91,0.855,0.855,0.8304081632653061,0.93,0.91,0.8802040816326531,0.945,0.895,0.8859183673469387,0.92,0.88,0.8756122448979592,0.8829923873096828,0.941890017753634,0.050574938671611,0.9436034650866272,0.9905382460131875,0.008112501044176046,0.9595501762544064,0.9865518965645363,0.002534432524859076,0.9429558238955974,0.970351259896858,0.015053899212880917,,,,,,,,,,,,,,,,,,,,,,,,,,,
bert,R0,stsb-trec,200,1300,0.8885232145619162,0.8907624221261651,0.9155733893347335,0.8326595443980122,0.8614396895292209,0.9326213155328884,0.8353174388021486,0.8665447295388886,0.8639270981774545,0.7737204920394704,0.8075207566531513,0.6286807170179255,0.5615167848964606,0.5702198896634031,200,300,0.9633333333333334,0.97,0.455,0.455,0.4766666666666667,0.775,0.775,0.8333333333333334,0.925,0.915,0.94,0.955,0.94,0.93,0.6852866946673668,0.7019219553596889,0.267835908336188,0.8538106577664442,0.8683623300111435,0.0798420342551085,0.8944635490887273,0.9059518713569552,0.0576933611663798,0.7918403585089627,0.7997249425723961,0.1964203450662384,,,,,,,,,,,,,,,,,,,,,,,,,,,
bert,R0,stsb-yelp_polarity,200,1300,0.8885232145619162,0.8907624221261651,0.8984234605865148,0.8265421088166196,0.8466607771911068,0.9339698492462314,0.8516693816414909,0.8680777988690123,0.8253521338033452,0.7563612364945783,0.7887167179293336,0.5910237755943899,0.5793977113283546,0.5638921277292567,200,9800,0.9405102040816327,0.95,0.905,0.875,0.8976530612244898,0.935,0.905,0.9258163265306123,0.95,0.92,0.9348979591836735,0.95,0.92,0.933469387755102,0.9017117302932574,0.9244783687082208,0.0463412982259821,0.9344849246231157,0.9543722052397632,0.019316931792195735,0.8876760669016726,0.9087688696556534,0.05914787664109156,0.7705118877971949,0.8094362525792456,0.18642322139222023,,,,,,,,,,,,,,,,,,,,,,,,,,,
bert,R0,mnli-qnli,200,9615,0.8246489859594384,0.78,0.49,0.505,0.527093083723349,0.76,0.65,0.7504940197607904,0.86,0.73,0.7697347893915757,0.81,0.725,0.7234529381175246,200,5263,0.8981569447083413,0.885,0.835,0.79,0.8200646019380582,0.65,0.645,0.6397491924757742,0.555,0.57,0.5242257267718031,0.53,0.545,0.5078852365570967,0.6625,0.7700456323337679,0.22388733327511612,0.7050000000000001,0.7810734463276836,0.18881598675232325,0.7075,0.7899826162538026,0.24146135326311902,0.67,0.7726531942633637,0.2786195781403835,,,,,,,,,,,,,,,,,,,,,,,,,,,
bert,R0,mnli-rte,200,9615,0.8246489859594384,0.78,0.485,0.5,0.5003640145605824,0.765,0.695,0.7556942277691108,0.865,0.735,0.7970878835153407,0.865,0.765,0.7560062402496099,138,139,0.5899280575539568,0.6956521739130435,0.6884057971014492,0.6159420289855072,0.539568345323741,0.8188405797101449,0.717391304347826,0.7266187050359713,0.8115942028985508,0.7246376811594203,0.7122302158273381,0.7608695652173914,0.7463768115942029,0.6762589928057554,0.5867028985507245,0.7632211538461537,0.23930292935165443,0.7919202898550725,0.9611378205128205,-0.07404510764744421,0.8382971014492754,0.9919871794871795,-0.08694772816059615,0.8129347826086957,1.0268429487179487,-0.03155135978147516,,,,,,,,,,,,,,,,,,,,,,,,,,,
bert,R0,mnli-wic,200,9615,0.8246489859594384,0.78,0.335,0.35,0.3904316172646906,0.515,0.53,0.5618304732189288,0.775,0.745,0.7483099323972959,0.9,0.765,0.7929277171086844,200,438,0.7146118721461188,0.655,0.77,0.615,0.6712328767123288,0.77,0.635,0.6575342465753424,0.62,0.595,0.6255707762557078,0.535,0.53,0.5570776255707762,0.5525,0.6938246232139361,0.29362549495784673,0.6425000000000001,0.8244764141710706,0.19928784898884966,0.6975,0.9317625758465453,0.10858610584270867,0.7175,0.894964768056371,0.1294568367746176,,,,,,,,,,,,,,,,,,,,,,,,,,,
bert,R0,mnli-snli,200,9615,0.8246489859594384,0.78,0.52,0.535,0.5646385855434217,0.82,0.765,0.7996879875195008,0.91,0.775,0.7932397295891835,0.855,0.745,0.7261570462818513,200,9642,0.8703588467123003,0.865,0.81,0.8,0.7675793403858121,0.845,0.82,0.8093756482057665,0.78,0.765,0.7785729101846091,0.76,0.725,0.7228790707322132,0.665,0.8053764636134579,0.2166934640140974,0.8325,0.9643730546909737,0.050167682173570594,0.845,0.9389914035867793,0.07177280496195926,0.8075,0.8966392470727731,0.1444410389826487,,,,,,,,,,,,,,,,,,,,,,,,,,,
bert,R0,mnli-scitail,200,9615,0.8246489859594384,0.78,0.46,0.475,0.49422776911076444,0.74,0.71,0.754238169526781,0.875,0.75,0.8029121164846594,0.885,0.765,0.7634945397815912,200,1104,0.9384057971014492,0.905,0.77,0.785,0.8242753623188406,0.85,0.835,0.8333333333333334,0.665,0.64,0.6186594202898551,0.55,0.535,0.490036231884058,0.615,0.738188836945743,0.26115133294474946,0.7949999999999999,0.9164541719790338,0.09867594203576036,0.77,0.8343603909902252,0.1835462631433119,0.7175,0.785964725881853,0.275978690706273,,,,,,,,,,,,,,,,,,,,,,,,,,,
bert,R0,mnli-ag_news,200,9615,0.8246489859594384,0.78,0.355,0.37,0.39095163806552263,0.545,0.56,0.5696307852314093,0.75,0.665,0.7354134165366615,0.81,0.725,0.741445657826313,200,7400,0.9385135135135135,0.945,0.865,0.85,0.8205405405405405,0.925,0.9,0.899054054054054,0.925,0.915,0.9045945945945946,0.855,0.85,0.850945945945946,0.61,0.686914936914937,0.32580973090824705,0.7350000000000001,0.8351648351648352,0.17564459088448858,0.8375,0.9104090354090355,0.07217573785924603,0.8325,0.9144790394790394,0.09709999136504943,,,,,,,,,,,,,,,,,,,,,,,,,,,
bert,R0,mnli-imdb,200,9615,0.8246489859594384,0.78,0.355,0.37,0.4053042121684867,0.595,0.62,0.636297451898076,0.81,0.73,0.7817992719708788,0.865,0.77,0.7916796671866875,200,9800,0.8893877551020408,0.91,0.85,0.86,0.8312244897959183,0.905,0.895,0.8629591836734694,0.905,0.855,0.8512244897959184,0.85,0.82,0.8166326530612245,0.6025,0.7097069597069596,0.2869550122180613,0.75,0.8891941391941391,0.12905876708333497,0.8575,0.9377289377289377,0.04743537340431436,0.8574999999999999,0.9441391941391941,0.06089170026713098,,,,,,,,,,,,,,,,,,,,,,,,,,,
bert,R0,mnli-trec,200,9615,0.8246489859594384,0.78,0.34,0.355,0.3955278211128445,0.575,0.595,0.6265210608424338,0.81,0.75,0.7809672386895475,0.9,0.765,0.797191887675507,200,300,0.9633333333333334,0.97,0.42,0.415,0.43666666666666665,0.625,0.62,0.6433333333333333,0.72,0.71,0.7766666666666666,0.71,0.7,0.7133333333333334,0.38,0.4414816283372984,0.5335405355750277,0.6,0.7009978852762357,0.2862186070929673,0.765,0.8467486122125296,0.12337086801068842,0.8049999999999999,0.8512093576526566,0.14640553423746483,,,,,,,,,,,,,,,,,,,,,,,,,,,
bert,R0,mnli-yelp_polarity,200,9615,0.8246489859594384,0.78,0.385,0.395,0.42724908996359856,0.62,0.62,0.6580343213728549,0.75,0.725,0.7374934997399896,0.765,0.67,0.6989079563182528,200,9800,0.9405102040816327,0.95,0.93,0.89,0.9131632653061225,0.935,0.925,0.9216326530612244,0.94,0.92,0.9245918367346939,0.925,0.915,0.9146938775510204,0.6575,0.7216261808367072,0.2554892926321406,0.7775000000000001,0.8842780026990553,0.11105736980856462,0.845,0.9489541160593793,0.06130661382819058,0.845,0.9110661268556006,0.08996376146316343,,,,,,,,,,,,,,,,,,,,,,,,,,,
bert,R0,qnli-rte,200,5263,0.8981569447083413,0.885,0.85,0.815,0.817214516435493,0.91,0.855,0.8559756792703781,0.835,0.79,0.8185445563366901,0.73,0.725,0.7134714041421243,138,139,0.5899280575539568,0.6956521739130435,0.7246376811594203,0.6376811594202898,0.5467625899280576,0.6956521739130435,0.6521739130434783,0.5539568345323741,0.5362318840579711,0.5507246376811594,0.5611510791366906,0.4057971014492754,0.463768115942029,0.5179856115107914,0.7873188405797101,0.9187853107344632,0.08164565779357824,0.8028260869565218,0.9518008474576272,0.053969928846739235,0.6856159420289856,0.8421610169491526,0.06871010851001258,0.5678985507246377,0.7429378531073447,0.16378923361901276,,,,,,,,,,,,,,,,,,,,,,,,,,,
bert,R0,qnli-wic,200,5263,0.8981569447083413,0.885,0.655,0.64,0.6473494204826145,0.8,0.785,0.77883336500095,0.86,0.835,0.8329849895496865,0.915,0.86,0.8601558046741402,200,438,0.7146118721461188,0.655,0.81,0.615,0.678082191780822,0.84,0.645,0.6598173515981736,0.77,0.615,0.6461187214611872,0.645,0.59,0.593607305936073,0.7325,0.8310475697589166,0.16518254524514542,0.8200000000000001,0.9358692370724975,0.10476556739172893,0.815,0.9412170612843402,0.08420426196866493,0.78,0.9362573856040022,0.10581960337967411,,,,,,,,,,,,,,,,,,,,,,,,,,,
bert,R0,qnli-snli,200,5263,0.8981569447083413,0.885,0.745,0.73,0.7516625498764963,0.92,0.855,0.8616758502755083,0.815,0.78,0.7860535816074482,0.605,0.61,0.5772373171195135,200,9642,0.8703588467123003,0.865,0.65,0.625,0.6104542626011201,0.825,0.755,0.787699647376063,0.76,0.715,0.7379174445135864,0.735,0.7,0.6864758348890272,0.6975,0.7737010548316514,0.23086164747753557,0.8725,0.9194670324287254,0.06779456464022382,0.7875,0.8539727637895562,0.13849181264637378,0.6699999999999999,0.7492570458182293,0.2842908580668464,,,,,,,,,,,,,,,,,,,,,,,,,,,
bert,R0,qnli-scitail,200,5263,0.8981569447083413,0.885,0.785,0.76,0.7963138894166825,0.905,0.84,0.8609158274748242,0.855,0.79,0.8335550066501995,0.775,0.73,0.7687630628918868,200,1104,0.9384057971014492,0.905,0.775,0.79,0.8260869565217391,0.88,0.875,0.894927536231884,0.75,0.735,0.7554347826086957,0.615,0.6,0.5978260869565217,0.78,0.8658426194712363,0.11654113843663239,0.8925000000000001,0.9580016855510816,0.04389798847171389,0.8025,0.8524050316821175,0.13345396077572924,0.6950000000000001,0.7439210912382557,0.25350018337113744,,,,,,,,,,,,,,,,,,,,,,,,,,,
bert,R0,qnli-ag_news,200,5263,0.8981569447083413,0.885,0.615,0.59,0.6247387421622649,0.7,0.665,0.7374121223636709,0.83,0.785,0.7906137184115524,0.8,0.765,0.7710431312939389,200,7400,0.9385135135135135,0.945,0.875,0.86,0.8508108108108108,0.92,0.915,0.9152702702702703,0.94,0.935,0.9259459459459459,0.94,0.945,0.9268918918918919,0.745,0.7883597883597884,0.19893496652275444,0.81,0.8598331988162498,0.10186894123993673,0.885,0.9382118195677518,0.06656430294969251,0.87,0.9322033898305084,0.076955202585274,,,,,,,,,,,,,,,,,,,,,,,,,,,
bert,R0,qnli-imdb,200,5263,0.8981569447083413,0.885,0.695,0.67,0.6711001330039901,0.845,0.82,0.816454493634809,0.965,0.9,0.8759262777883337,0.94,0.865,0.8780163404902147,200,9800,0.8893877551020408,0.91,0.825,0.835,0.8060204081632653,0.895,0.875,0.87,0.935,0.895,0.876938775510204,0.905,0.885,0.8626530612244898,0.76,0.8373222822375365,0.1732693524442841,0.87,0.9440460669274228,0.056382888453964664,0.95,1.0002328180294282,0.019374337205160463,0.9225,0.9749643012354876,0.026242015515721917,,,,,,,,,,,,,,,,,,,,,,,,,,,
bert,R0,qnli-trec,200,5263,0.8981569447083413,0.885,0.685,0.67,0.6849705491164735,0.855,0.8,0.814364430932928,0.825,0.77,0.7824434733041992,0.73,0.665,0.6809804294128824,200,300,0.9633333333333334,0.97,0.605,0.615,0.6533333333333333,0.9,0.905,0.93,0.95,0.95,0.96,0.95,0.945,0.93,0.645,0.6955413827246781,0.27957957782099885,0.8775,0.9184722464907682,0.06394796000008784,0.8875,0.9247189702370551,0.06614728172033879,0.84,0.8628196167511213,0.13820224390108216,,,,,,,,,,,,,,,,,,,,,,,,,,,
bert,R0,qnli-yelp_polarity,200,5263,0.8981569447083413,0.885,0.715,0.69,0.6864905947178416,0.83,0.805,0.8215846475394262,0.81,0.795,0.813794413832415,0.695,0.71,0.7125213756412693,200,9800,0.9405102040816327,0.95,0.91,0.89,0.9031632653061225,0.955,0.925,0.929795918367347,0.96,0.92,0.9353061224489796,0.935,0.915,0.9264285714285714,0.8125,0.8582515611061552,0.1376883376457888,0.8925,0.9416443651501636,0.04832345580465125,0.885,0.9333630686886709,0.049730874822484616,0.815,0.8827088908712459,0.11082866739445119,,,,,,,,,,,,,,,,,,,,,,,,,,,
bert,R0,rte-wic,138,139,0.5899280575539568,0.6956521739130435,0.644927536231884,0.572463768115942,0.5179856115107914,0.6884057971014492,0.6014492753623188,0.539568345323741,0.7898550724637681,0.6304347826086957,0.5755395683453237,0.7898550724637681,0.6739130434782609,0.5827338129496403,200,438,0.7146118721461188,0.655,0.815,0.64,0.6643835616438356,0.815,0.65,0.6666666666666666,0.715,0.66,0.6621004566210046,0.58,0.585,0.589041095890411,0.729963768115942,0.900007951653944,0.09611937972414863,0.7517028985507246,0.9284748727735369,0.07622925270786263,0.752427536231884,0.9569417938931297,0.0489363360087276,0.6849275362318841,0.9309398854961832,0.09395698589573753,,,,,,,,,,,,,,,,,,,,,,,,,,,
bert,R0,rte-snli,138,139,0.5899280575539568,0.6956521739130435,0.6666666666666666,0.5942028985507246,0.539568345323741,0.782608695652174,0.6956521739130435,0.6474820143884892,0.7536231884057971,0.7536231884057971,0.6402877697841727,0.6811594202898551,0.7246376811594203,0.5971223021582733,200,9642,0.8703588467123003,0.865,0.67,0.64,0.5950010371292263,0.845,0.77,0.8118647583488903,0.84,0.77,0.7829288529350757,0.765,0.72,0.7303464011615848,0.6683333333333333,0.7970255298651252,0.20086929479876314,0.813804347826087,0.9450867052023122,-0.015177055965030384,0.7968115942028986,0.9867533718689789,0.00754347927178034,0.7230797101449276,0.9370183044315993,0.074336185449557,,,,,,,,,,,,,,,,,,,,,,,,,,,
bert,R0,rte-scitail,138,139,0.5899280575539568,0.6956521739130435,0.6811594202898551,0.6086956521739131,0.5467625899280576,0.7753623188405797,0.6739130434782609,0.5971223021582733,0.855072463768116,0.6811594202898551,0.6474820143884892,0.717391304347826,0.6159420289855072,0.6330935251798561,200,1104,0.9384057971014492,0.905,0.7,0.715,0.7617753623188406,0.92,0.925,0.927536231884058,0.92,0.885,0.8931159420289855,0.76,0.745,0.7427536231884058,0.6905797101449276,0.8325276243093923,0.13069733496562763,0.8476811594202899,0.995424723756906,-0.0003060551841040926,0.8875362318840581,0.9785336095764272,-0.024649213673603843,0.738695652173913,0.8543105432780846,0.0676617383934458,,,,,,,,,,,,,,,,,,,,,,,,,,,
bert,R0,rte-ag_news,138,139,0.5899280575539568,0.6956521739130435,0.6304347826086957,0.5579710144927537,0.5251798561151079,0.6594202898550725,0.5579710144927537,0.539568345323741,0.6666666666666666,0.5797101449275363,0.5755395683453237,0.6666666666666666,0.5652173913043478,0.5035971223021583,200,7400,0.9385135135135135,0.945,0.91,0.885,0.8822972972972973,0.95,0.915,0.927027027027027,0.97,0.945,0.9347297297297297,0.96,0.935,0.9348648648648649,0.7702173913043479,0.8692956349206349,0.08482765281216531,0.8047101449275362,0.8851686507936509,0.04880243726843325,0.8183333333333334,0.9166666666666667,0.014210960684120977,0.8133333333333332,0.9009589947089948,0.0751145761997577,,,,,,,,,,,,,,,,,,,,,,,,,,,
bert,R0,rte-imdb,138,139,0.5899280575539568,0.6956521739130435,0.644927536231884,0.572463768115942,0.5179856115107914,0.7318840579710145,0.6159420289855072,0.5467625899280576,0.8405797101449275,0.6666666666666666,0.5683453237410072,0.7971014492753623,0.6376811594202898,0.6115107913669064,200,9800,0.8893877551020408,0.91,0.87,0.88,0.8439795918367347,0.955,0.915,0.8841836734693878,0.945,0.905,0.8879591836734694,0.925,0.875,0.8798979591836734,0.757463768115942,0.8949748168498168,0.08650337478592784,0.8434420289855072,0.945455586080586,0.039511019823369464,0.8927898550724638,0.9764194139194139,0.01909580362439689,0.8610507246376812,0.9391025641025641,-0.012957666864415351,,,,,,,,,,,,,,,,,,,,,,,,,,,
bert,R0,rte-trec,138,139,0.5899280575539568,0.6956521739130435,0.6521739130434783,0.5797101449275363,0.5251798561151079,0.7246376811594203,0.6376811594202898,0.5323741007194245,0.7971014492753623,0.6231884057971014,0.5323741007194245,0.6376811594202898,0.5362318840579711,0.5539568345323741,200,300,0.9633333333333334,0.97,0.68,0.675,0.7366666666666667,0.94,0.94,0.96,0.975,0.97,0.97,0.985,0.97,0.97,0.6660869565217391,0.7646048109965636,0.1725251076040173,0.8323188405797102,0.9428694158075601,0.05051059161110638,0.8860507246376812,0.9479166666666667,0.04532028019242129,0.811340579710145,0.8854166666666667,0.027027597265592007,,,,,,,,,,,,,,,,,,,,,,,,,,,
bert,R0,rte-yelp_polarity,138,139,0.5899280575539568,0.6956521739130435,0.644927536231884,0.572463768115942,0.5179856115107914,0.7028985507246377,0.6014492753623188,0.5323741007194245,0.6956521739130435,0.5507246376811594,0.5179856115107914,0.6159420289855072,0.4855072463768116,0.5323741007194245,200,9800,0.9405102040816327,0.95,0.905,0.885,0.8918367346938776,0.95,0.93,0.9313265306122449,0.98,0.95,0.938469387755102,0.975,0.935,0.9351020408163265,0.774963768115942,0.8772478070175438,0.08685170826971367,0.8264492753623188,0.921765350877193,0.05366277054329616,0.8378260869565217,0.8958333333333334,0.06206056147574612,0.7954710144927536,0.8410635964912281,0.051655609861946505,,,,,,,,,,,,,,,,,,,,,,,,,,,
bert,R0,wic-snli,200,438,0.7146118721461188,0.655,0.795,0.6,0.6712328767123288,0.805,0.61,0.6872146118721462,0.78,0.635,0.6552511415525114,0.69,0.605,0.6187214611872146,200,9642,0.8703588467123003,0.865,0.495,0.465,0.4546774528106202,0.705,0.675,0.6768305330844223,0.875,0.805,0.8039825762289982,0.91,0.82,0.8234806056834681,0.645,0.7268013943432026,0.26915029375306476,0.755,0.8558222653664564,0.1303466407989352,0.8275,0.9500507435026254,0.07966510018669837,0.8,0.9358205003750606,0.09402306167139263,,,,,,,,,,,,,,,,,,,,,,,,,,,
bert,R0,wic-scitail,200,438,0.7146118721461188,0.655,0.82,0.615,0.6757990867579908,0.805,0.68,0.680365296803653,0.72,0.635,0.6118721461187214,0.555,0.54,0.5547945205479452,200,1104,0.9384057971014492,0.905,0.5,0.515,0.5969202898550725,0.675,0.69,0.7038043478260869,0.805,0.82,0.8288043478260869,0.85,0.865,0.8704710144927537,0.6599999999999999,0.7539960355952933,0.20910635647057374,0.74,0.9002994390789085,0.14896166134185307,0.7625,0.93777149846063,0.13028266742324257,0.7025,0.8901142929442032,0.148017997458892,,,,,,,,,,,,,,,,,,,,,,,,,,,
bert,R0,wic-ag_news,200,438,0.7146118721461188,0.655,0.755,0.53,0.678082191780822,0.805,0.56,0.7009132420091324,0.82,0.595,0.723744292237443,0.77,0.585,0.6621004566210046,200,7400,0.9385135135135135,0.945,0.89,0.885,0.8744594594594595,0.925,0.93,0.9272972972972973,0.94,0.935,0.9331081081081081,0.94,0.925,0.9356756756756757,0.8225,0.872834120925724,0.05968437540971161,0.865,0.9195444080940265,0.015560186494984585,0.8799999999999999,0.9489074679914375,-0.0035100067393969425,0.855,0.9359828749141726,0.038253093107184055,,,,,,,,,,,,,,,,,,,,,,,,,,,
bert,R0,wic-imdb,200,438,0.7146118721461188,0.655,0.76,0.565,0.6575342465753424,0.785,0.58,0.678082191780822,0.81,0.605,0.6689497716894978,0.875,0.64,0.682648401826484,200,9800,0.8893877551020408,0.91,0.85,0.84,0.8058163265306122,0.905,0.915,0.8660204081632653,0.91,0.92,0.8727551020408163,0.87,0.86,0.8493877551020408,0.8049999999999999,0.8928361714621256,0.08691866304413187,0.845,0.9454953443503061,0.03869586541295278,0.8600000000000001,0.9673265665632078,0.041299501339389755,0.8725,0.9610770908480832,0.044851596784291514,,,,,,,,,,,,,,,,,,,,,,,,,,,
bert,R0,wic-trec,200,438,0.7146118721461188,0.655,0.745,0.55,0.6575342465753424,0.805,0.59,0.6689497716894978,0.83,0.615,0.6735159817351598,0.825,0.61,0.6506849315068494,200,300,0.9633333333333334,0.97,0.635,0.635,0.6566666666666666,0.95,0.94,0.94,0.97,0.96,0.9566666666666667,0.98,0.965,0.9633333333333334,0.69,0.7471669158731409,0.19910565240943223,0.8775,0.9349177618635398,0.04405960843273604,0.8999999999999999,0.9643110096797041,0.03221420122268048,0.9025,0.9630715353742032,0.04472843450479225,,,,,,,,,,,,,,,,,,,,,,,,,,,
bert,R0,wic-yelp_polarity,200,438,0.7146118721461188,0.655,0.75,0.545,0.6575342465753424,0.805,0.58,0.6712328767123288,0.81,0.575,0.6735159817351598,0.725,0.55,0.6187214611872146,200,9800,0.9405102040816327,0.95,0.865,0.855,0.888265306122449,0.935,0.905,0.925,0.96,0.93,0.9318367346938775,0.95,0.92,0.9292857142857143,0.8075,0.8660305343511451,0.0677108662594228,0.8700000000000001,0.9190638810767376,0.03859707076900887,0.885,0.92840498192045,0.03336503841872973,0.8374999999999999,0.9040578545600644,0.07305988621525517,,,,,,,,,,,,,,,,,,,,,,,,,,,
bert,R0,snli-scitail,200,9642,0.8703588467123003,0.865,0.625,0.62,0.5871188550093341,0.86,0.83,0.8148724331051649,0.875,0.805,0.7916407384360091,0.815,0.765,0.7357394731383531,200,1104,0.9384057971014492,0.905,0.65,0.665,0.7137681159420289,0.9,0.895,0.8958333333333334,0.84,0.805,0.8278985507246377,0.62,0.605,0.5978260869565217,0.6375,0.7257848178073005,0.2824056096815868,0.88,0.9742439242487146,0.05455899348892668,0.8574999999999999,0.9100693002906142,0.10410194853712484,0.7175,0.7764506754383164,0.2588027391411567,,,,,,,,,,,,,,,,,,,,,,,,,,,
bert,R0,snli-ag_news,200,9642,0.8703588467123003,0.865,0.515,0.495,0.47085666874092513,0.78,0.76,0.7282721427089816,0.855,0.82,0.8022194565442854,0.73,0.7,0.716241443683883,200,7400,0.9385135135135135,0.945,0.875,0.86,0.8539189189189189,0.95,0.915,0.9266216216216216,0.955,0.93,0.9352702702702703,0.965,0.92,0.93,0.6950000000000001,0.7411536226565129,0.2745726843282471,0.865,0.9234333425084871,0.08796085064386461,0.905,0.9660519313698505,0.04087228503130613,0.8474999999999999,0.8913967642291342,0.09307233876961907,,,,,,,,,,,,,,,,,,,,,,,,,,,
bert,R0,snli-imdb,200,9642,0.8703588467123003,0.865,0.5,0.48,0.46587844845467746,0.855,0.83,0.7742169674341423,0.92,0.855,0.8549056212404066,0.92,0.84,0.8412155154532255,200,9800,0.8893877551020408,0.91,0.86,0.85,0.8398979591836735,0.92,0.89,0.8714285714285714,0.895,0.855,0.8675510204081632,0.855,0.845,0.8388775510204082,0.6799999999999999,0.7444896144318109,0.2601865519336801,0.8875,0.9687797751381566,0.06532754702898935,0.9075,0.9639998729594106,0.021153775903185457,0.8875,0.949834847233691,0.04513818860244534,,,,,,,,,,,,,,,,,,,,,,,,,,,
bert,R0,snli-trec,200,9642,0.8703588467123003,0.865,0.49,0.46,0.45156606513171543,0.785,0.765,0.7523335407591786,0.88,0.825,0.8391412570006223,0.865,0.795,0.8144575814146443,200,300,0.9633333333333334,0.97,0.615,0.615,0.6833333333333333,0.935,0.945,0.9466666666666667,0.96,0.965,0.96,0.945,0.945,0.92,0.5525,0.5829062630355759,0.38591499236379345,0.8600000000000001,0.9293099338537631,0.0764531882399122,0.9199999999999999,0.9743012931291342,0.019663850231395275,0.905,0.9466509743161909,0.05460526749812811,,,,,,,,,,,,,,,,,,,,,,,,,,,
bert,R0,snli-yelp_polarity,200,9642,0.8703588467123003,0.865,0.51,0.485,0.4717900850445966,0.79,0.755,0.7209085252022402,0.72,0.72,0.6897946484131923,0.685,0.68,0.6414644264675379,200,9800,0.9405102040816327,0.95,0.895,0.875,0.8996938775510204,0.935,0.915,0.9293877551020409,0.94,0.92,0.9333673469387755,0.94,0.92,0.9254081632653062,0.7025,0.7408731365987222,0.2506670992166111,0.8625,0.9179951323395195,0.09176856361183638,0.83,0.9003954974140554,0.10752707363078118,0.8125,0.8772741101308185,0.1395229229923196,,,,,,,,,,,,,,,,,,,,,,,,,,,
bert,R0,scitail-ag_news,200,1104,0.9384057971014492,0.905,0.52,0.535,0.5942028985507246,0.655,0.67,0.7128623188405797,0.785,0.79,0.8269927536231884,0.825,0.76,0.7735507246376812,200,7400,0.9385135135135135,0.945,0.895,0.88,0.8643243243243244,0.95,0.925,0.9209459459459459,0.975,0.93,0.93,0.985,0.93,0.9344594594594594,0.7075,0.7611885761057032,0.22292252141064228,0.8025,0.8595837352743431,0.12953299643364435,0.88,0.9285275804612821,0.06389857151196243,0.905,0.9119529948259231,0.08999766505166074,,,,,,,,,,,,,,,,,,,,,,,,,,,
bert,R0,scitail-imdb,200,1104,0.9384057971014492,0.905,0.535,0.55,0.6268115942028986,0.73,0.745,0.7835144927536232,0.87,0.885,0.8994565217391305,0.925,0.9,0.9121376811594203,200,9800,0.8893877551020408,0.91,0.895,0.875,0.8555102040816327,0.935,0.895,0.8815306122448979,0.945,0.895,0.8789795918367347,0.925,0.885,0.8670408163265306,0.7150000000000001,0.7846366340841479,0.18506859970834266,0.8325,0.9033604517029932,0.08694612136557978,0.9075,0.9807085180013356,0.02660420369231742,0.925,0.9835013053245097,0.02655924133666221,,,,,,,,,,,,,,,,,,,,,,,,,,,
bert,R0,scitail-trec,200,1104,0.9384057971014492,0.905,0.53,0.545,0.6313405797101449,0.745,0.76,0.7989130434782609,0.87,0.895,0.9067028985507246,0.865,0.87,0.8913043478260869,200,300,0.9633333333333334,0.97,0.495,0.495,0.54,0.895,0.885,0.9233333333333333,0.945,0.935,0.9533333333333334,0.97,0.955,0.96,0.5125,0.5562596115509484,0.38333322200104203,0.8200000000000001,0.8760750697727402,0.09508556999906481,0.9075,0.976433901008145,0.022082203310576975,0.9175,0.9729310246625278,0.026826628902753447,,,,,,,,,,,,,,,,,,,,,,,,,,,
bert,R0,scitail-yelp_polarity,200,1104,0.9384057971014492,0.905,0.535,0.55,0.6385869565217391,0.79,0.805,0.8170289855072463,0.835,0.85,0.8804347826086957,0.645,0.67,0.6947463768115942,200,9800,0.9405102040816327,0.95,0.925,0.885,0.9091836734693878,0.975,0.935,0.9308163265306122,0.975,0.945,0.9362244897959183,0.945,0.925,0.9326530612244898,0.73,0.7696568769991277,0.17640304364563875,0.8825000000000001,0.9368566443733644,0.06982533534014501,0.905,0.9669816807211398,0.033166429499292605,0.7949999999999999,0.8570078511195116,0.13400331894690143,,,,,,,,,,,,,,,,,,,,,,,,,,,
bert,R0,ag_news-imdb,200,7400,0.9385135135135135,0.945,0.905,0.88,0.8683783783783784,0.975,0.94,0.9267567567567567,0.98,0.935,0.9363513513513514,0.985,0.93,0.9364864864864865,200,9800,0.8893877551020408,0.91,0.785,0.775,0.7607142857142857,0.855,0.845,0.8303061224489796,0.88,0.86,0.8331632653061225,0.825,0.795,0.7842857142857143,0.845,0.8914326414326414,0.10970323934434023,0.915,0.9616402116402116,0.0394782763409216,0.9299999999999999,0.9672364672364673,0.032760443873071976,0.905,0.9288766788766789,0.0601666506422488,,,,,,,,,,,,,,,,,,,,,,,,,,,
bert,R0,ag_news-trec,200,7400,0.9385135135135135,0.945,0.875,0.86,0.8448648648648649,0.935,0.92,0.9182432432432432,0.945,0.92,0.9272972972972973,0.93,0.91,0.9217567567567567,200,300,0.9633333333333334,0.97,0.585,0.585,0.62,0.865,0.86,0.8833333333333333,0.9,0.91,0.9033333333333333,0.835,0.845,0.8566666666666667,0.73,0.7565728467790324,0.22809270068083132,0.9,0.9300714558446517,0.05232162741859547,0.9225,0.9558446517209405,0.03711739047035412,0.8825000000000001,0.9170484917907599,0.06429060761644267,,,,,,,,,,,,,,,,,,,,,,,,,,,
bert,R0,ag_news-yelp_polarity,200,7400,0.9385135135135135,0.945,0.885,0.86,0.8405405405405405,0.94,0.905,0.9010810810810811,0.935,0.9,0.8959459459459459,0.945,0.9,0.9112162162162162,200,9800,0.9405102040816327,0.95,0.77,0.76,0.7962244897959184,0.865,0.855,0.8823469387755102,0.895,0.895,0.8969387755102041,0.895,0.895,0.8876530612244898,0.8275,0.855026455026455,0.12890191091320047,0.9025,0.9288359788359789,0.05086352861761301,0.915,0.9472431077694237,0.04584190495963536,0.9199999999999999,0.9472431077694237,0.042643086111969764,,,,,,,,,,,,,,,,,,,,,,,,,,,
bert,R0,imdb-trec,200,9800,0.8893877551020408,0.91,0.71,0.72,0.7059183673469388,0.805,0.815,0.7958163265306123,0.835,0.845,0.8163265306122449,0.8,0.81,0.8014285714285714,200,300,0.9633333333333334,0.97,0.685,0.68,0.7233333333333334,0.94,0.94,0.9466666666666667,0.97,0.965,0.96,0.975,0.97,0.95,0.6975,0.7461198595219214,0.22771111792177923,0.8725,0.9323382802764246,0.0612549247218257,0.9025,0.9617083946980853,0.042803990910404544,0.8875,0.945054945054945,0.05636970388943863,,,,,,,,,,,,,,,,,,,,,,,,,,,
bert,R0,imdb-yelp_polarity,200,9800,0.8893877551020408,0.91,0.915,0.875,0.8735714285714286,0.91,0.9,0.8843877551020408,0.91,0.9,0.8794897959183674,0.885,0.855,0.8627551020408163,200,9800,0.9405102040816327,0.95,0.945,0.915,0.9225510204081633,0.975,0.925,0.9363265306122449,0.975,0.925,0.9353061224489796,0.97,0.94,0.9276530612244898,0.9299999999999999,0.9623481781376518,0.018439268570263234,0.9425,0.9813475997686525,0.005035073466766349,0.9425,0.9813475997686525,0.008331106003965472,0.9275,0.9645170618854829,0.02180766026701164,,,,,,,,,,,,,,,,,,,,,,,,,,,
bert,R0,trec-yelp_polarity,200,300,0.9633333333333334,0.97,0.7,0.705,0.7466666666666667,0.93,0.93,0.94,0.955,0.95,0.9533333333333334,0.925,0.93,0.9266666666666666,200,9800,0.9405102040816327,0.95,0.815,0.805,0.8297959183673469,0.93,0.9,0.9174489795918367,0.95,0.93,0.9314285714285714,0.94,0.94,0.9289795918367347,0.7575,0.7870862723819859,0.17131537819577414,0.93,0.9530656538252849,0.024370681075626566,0.9524999999999999,0.9791644058600109,0.010018346571120884,0.9325,0.9741182854042323,0.025161119084526007,,,,,,,,,,,,,,,,,,,,,,,,,,,
bert,S1,cola@s1__sst2@s1,200,843,0.8315539739027283,0.855,0.755,0.68,0.7212336892052195,0.785,0.71,0.7497034400948992,0.81,0.735,0.7651245551601423,0.815,0.75,0.7651245551601423,200,672,0.9166666666666666,0.92,0.925,0.915,0.8779761904761905,0.945,0.925,0.9002976190476191,0.96,0.92,0.9107142857142857,0.96,0.91,0.8869047619047619,0.8400000000000001,0.8949434274091025,0.08743770494840386,0.865,0.9179220696669208,0.05814397799062565,0.885,0.9298245614035088,0.04318969190581168,0.8875,0.9331617086193745,0.05617670489282478,,,,,,,,,,,,,,,,,,,,,,,,,,,
bert,S1,cola@s1__mrpc@s1,200,843,0.8315539739027283,0.855,0.82,0.735,0.7532621589561092,0.875,0.79,0.797153024911032,0.865,0.8,0.8256227758007118,0.76,0.725,0.763938315539739,200,208,0.8413461538461539,0.865,0.72,0.685,0.6875,0.745,0.71,0.7019230769230769,0.79,0.745,0.7596153846153846,0.855,0.8,0.7980769230769231,0.77,0.8257783186289424,0.13850417770531886,0.81,0.8723929283710239,0.10354187894844102,0.8275,0.8984720954602305,0.05213776238027312,0.8075,0.8864043538518744,0.06637049113511306,,,,,,,,,,,,,,,,,,,,,,,,,,,
bert,S1,cola@s1__stsb@s1,200,843,0.8315539739027283,0.855,0.78,0.705,0.7330960854092526,0.825,0.74,0.767497034400949,0.85,0.765,0.7852906287069988,0.845,0.76,0.800711743772242,200,1300,0.894545762775735,0.8868945515064206,0.8850026250656268,0.8112124907946829,0.8455398487564364,0.9282802070051752,0.8361888918953997,0.8656597674781836,0.9338453461336534,0.8293899064357365,0.853899948686197,0.8545728643216081,0.7495727595132143,0.7686185722659225,0.8325013125328133,0.869613813913442,0.08659264877095807,0.8766401035025876,0.9041624679287894,0.05466202702518208,0.8919226730668267,0.9149493217510232,0.05053609278053117,0.849786432160804,0.867027240922357,0.08893104446021294,,,,,,,,,,,,,,,,,,,,,,,,,,,
bert,S1,cola@s1__mnli@s1,200,843,0.8315539739027283,0.855,0.755,0.68,0.7058125741399762,0.76,0.685,0.7153024911032029,0.765,0.69,0.7093712930011863,0.76,0.685,0.7046263345195729,200,9615,0.821216848673947,0.77,0.365,0.365,0.3964638585543422,0.61,0.595,0.6310972438897556,0.835,0.765,0.7723348933957358,0.865,0.77,0.7647425897035881,0.56,0.6346738057264374,0.33421823216796964,0.685,0.7869484316852738,0.18565495521667552,0.8,0.9002620186830712,0.1032283812241016,0.8125,0.9005847953216375,0.11070404198951567,,,,,,,,,,,,,,,,,,,,,,,,,,,
bert,S1,cola@s1__qnli@s1,200,843,0.8315539739027283,0.855,0.765,0.69,0.7283511269276394,0.79,0.715,0.7544483985765125,0.8,0.735,0.7817319098457889,0.835,0.77,0.7781731909845789,200,5263,0.8939768193045792,0.87,0.625,0.615,0.6211286338590157,0.77,0.74,0.7672430172905187,0.885,0.845,0.8479954398631959,0.915,0.835,0.8559756792703781,0.6950000000000001,0.7569570477918934,0.21465782145136525,0.78,0.8434160112925992,0.11724437989755043,0.8425,0.9154567453115547,0.05567452599216849,0.875,0.9301774551320832,0.05335098940181093,,,,,,,,,,,,,,,,,,,,,,,,,,,
bert,S1,cola@s1__rte@s1,200,843,0.8315539739027283,0.855,0.755,0.68,0.7212336892052195,0.815,0.74,0.7580071174377224,0.895,0.8,0.800711743772242,0.925,0.82,0.8173190984578885,138,139,0.6330935251798561,0.6811594202898551,0.6376811594202898,0.5797101449275363,0.5323741007194245,0.7971014492753623,0.6376811594202898,0.5467625899280576,0.8840579710144928,0.6811594202898551,0.5827338129496403,0.8333333333333334,0.6304347826086957,0.5683453237410072,0.696340579710145,0.8231927336070674,0.14587926338996238,0.8060507246376811,0.9008336443946746,0.11240435741149002,0.8895289855072464,0.9678362573099415,0.05831766307871855,0.8791666666666667,0.9422981211894985,0.059695564777590304,,,,,,,,,,,,,,,,,,,,,,,,,,,
bert,S1,cola@s1__wic@s1,200,843,0.8315539739027283,0.855,0.78,0.705,0.7425860023724793,0.83,0.755,0.7746144721233689,0.88,0.795,0.8078291814946619,0.86,0.775,0.8173190984578885,200,438,0.7328767123287672,0.625,0.795,0.55,0.6621004566210046,0.825,0.6,0.6917808219178082,0.835,0.63,0.682648401826484,0.735,0.58,0.6438356164383562,0.7875000000000001,0.8522807017543861,0.1017816114940383,0.8274999999999999,0.9215204678362573,0.062274187742477505,0.8574999999999999,0.9689122807017545,0.04853324800796377,0.7975,0.9172163742690058,0.0693068646926287,,,,,,,,,,,,,,,,,,,,,,,,,,,
bert,S1,cola@s1__snli@s1,200,843,0.8315539739027283,0.855,0.76,0.685,0.7141162514827996,0.77,0.695,0.7224199288256228,0.815,0.74,0.7544483985765125,0.82,0.765,0.7651245551601423,200,9642,0.8696328562538892,0.855,0.475,0.485,0.4600705247873885,0.795,0.79,0.770172163451566,0.89,0.83,0.8375855631611698,0.845,0.785,0.7997303464011616,0.6174999999999999,0.6842105263157896,0.30609343326723804,0.7825,0.868421052631579,0.12280599229144495,0.8525,0.9181286549707602,0.06478809980120404,0.8325,0.9064327485380117,0.08013375559406155,,,,,,,,,,,,,,,,,,,,,,,,,,,
bert,S1,cola@s1__scitail@s1,200,843,0.8315539739027283,0.855,0.775,0.7,0.7378410438908659,0.835,0.75,0.7651245551601423,0.88,0.795,0.797153024911032,0.905,0.83,0.8149466192170819,200,1104,0.9384057971014492,0.935,0.575,0.55,0.6259057971014492,0.73,0.705,0.7518115942028986,0.835,0.8,0.8523550724637681,0.89,0.865,0.8677536231884058,0.675,0.7034743722050223,0.22285386568553478,0.7825,0.815601838821653,0.1393637880799079,0.8574999999999999,0.8927197673327705,0.06653415694071896,0.8975,0.9479469618788503,0.047630522309552226,,,,,,,,,,,,,,,,,,,,,,,,,,,
bert,S1,cola@s1__ag_news@s1,200,843,0.8315539739027283,0.855,0.765,0.69,0.7212336892052195,0.805,0.73,0.7473309608540926,0.815,0.74,0.7698695136417556,0.755,0.71,0.7746144721233689,200,7400,0.9405405405405406,0.94,0.895,0.885,0.8735135135135135,0.97,0.93,0.9214864864864865,0.985,0.945,0.9337837837837838,0.975,0.945,0.9348648648648649,0.8300000000000001,0.8742534527808884,0.1019659927525538,0.8875,0.9215814358591514,0.06077125043041964,0.8999999999999999,0.9354081124797811,0.04068182563497147,0.865,0.9178642528306582,0.03725404594421766,,,,,,,,,,,,,,,,,,,,,,,,,,,
bert,S1,cola@s1__imdb@s1,200,843,0.8315539739027283,0.855,0.765,0.69,0.7224199288256228,0.81,0.735,0.7508896797153025,0.86,0.775,0.7924080664294187,0.865,0.78,0.8042704626334519,200,9800,0.8895918367346939,0.9,0.635,0.655,0.6346938775510204,0.815,0.835,0.7890816326530612,0.88,0.87,0.8439795918367347,0.95,0.89,0.863265306122449,0.7,0.7673976608187134,0.20888734639565476,0.8125,0.8937134502923976,0.10499445455137502,0.87,0.9365497076023392,0.04917441704064496,0.9075,0.9505847953216375,0.031202107303203608,,,,,,,,,,,,,,,,,,,,,,,,,,,
bert,S1,cola@s1__trec@s1,200,843,0.8315539739027283,0.855,0.77,0.695,0.7153024911032029,0.8,0.725,0.7544483985765125,0.84,0.765,0.7829181494661922,0.895,0.8,0.7924080664294187,200,300,0.9766666666666667,0.98,0.55,0.56,0.54,0.905,0.9,0.9366666666666666,0.955,0.95,0.96,0.96,0.95,0.95,0.66,0.6921470342522975,0.2934496307079598,0.8525,0.8831602816565223,0.06684015521463738,0.8975,0.932062298603652,0.037776360440716084,0.9275,0.9525301348609619,0.03718968027147951,,,,,,,,,,,,,,,,,,,,,,,,,,,
bert,S1,cola@s1__yelp_polarity@s1,200,843,0.8315539739027283,0.855,0.76,0.685,0.727164887307236,0.8,0.725,0.7568208778173191,0.825,0.75,0.7746144721233689,0.815,0.77,0.7935943060498221,200,9800,0.9404081632653061,0.935,0.835,0.83,0.8630612244897959,0.935,0.89,0.9214285714285714,0.96,0.915,0.9309183673469388,0.95,0.925,0.9251020408163265,0.7975,0.8444350627013166,0.10389160698010769,0.8675,0.8999124370641398,0.05502695182477413,0.8925,0.9279013040622948,0.03928237748157393,0.8825,0.944944804077931,0.030962557209938124,,,,,,,,,,,,,,,,,,,,,,,,,,,
bert,S1,sst2@s1__mrpc@s1,200,672,0.9166666666666666,0.92,0.96,0.94,0.9017857142857143,0.965,0.955,0.9166666666666666,0.97,0.95,0.9122023809523809,0.98,0.94,0.9047619047619048,200,208,0.8413461538461539,0.865,0.72,0.685,0.6875,0.78,0.745,0.7259615384615384,0.865,0.82,0.7355769230769231,0.55,0.575,0.5432692307692307,0.84,0.9068233224428248,0.09954545454545449,0.8725,0.9496575772807236,0.06857142857142862,0.9175,0.9902927871324453,0.06529220779220779,0.765,0.843239507413923,0.1836363636363636,,,,,,,,,,,,,,,,,,,,,,,,,,,
bert,S1,sst2@s1__stsb@s1,200,672,0.9166666666666666,0.92,0.955,0.945,0.8988095238095238,0.96,0.94,0.9077380952380952,0.965,0.945,0.9002976190476191,0.965,0.935,0.8883928571428571,200,1300,0.894545762775735,0.8868945515064206,0.8925043126078154,0.8214447462358541,0.8452741406915912,0.8880942023550589,0.8299461051800079,0.8418323985358757,0.8069961749043727,0.7565886699891994,0.7819575678801806,0.5334058351458787,0.5072382426636692,0.5620671900737582,0.9237521563039077,0.9766886549370706,0.03728028291987673,0.9240471011775294,0.9787640312338507,0.034333890380431886,0.8859980874521863,0.9401250769240506,0.07185894323325048,0.7492029175729393,0.7941152806894397,0.2012586144846742,,,,,,,,,,,,,,,,,,,,,,,,,,,
bert,S1,sst2@s1__mnli@s1,200,672,0.9166666666666666,0.92,0.965,0.945,0.9017857142857143,0.975,0.935,0.8973214285714286,0.975,0.925,0.8988095238095238,0.955,0.915,0.8928571428571429,200,9615,0.821216848673947,0.77,0.45,0.44,0.460114404576183,0.735,0.7,0.7089963598543941,0.785,0.745,0.7494539781591264,0.725,0.695,0.664170566822673,0.7075,0.7993012422360248,0.22797503914525197,0.855,0.962697628458498,0.07887768260108685,0.88,0.9864836250705815,0.05343326885880073,0.84,0.9485813099943534,0.10860504743483457,,,,,,,,,,,,,,,,,,,,,,,,,,,
bert,S1,sst2@s1__qnli@s1,200,672,0.9166666666666666,0.92,0.935,0.925,0.8913690476190477,0.965,0.915,0.9017857142857143,0.97,0.92,0.9017857142857143,0.94,0.92,0.8809523809523809,200,5263,0.8939768193045792,0.87,0.67,0.65,0.6722401672050161,0.86,0.86,0.8219646589397682,0.92,0.88,0.8563556906707201,0.755,0.775,0.7271518145544367,0.8025,0.8762806096951523,0.13781570448679914,0.9125,0.9915354822588706,0.04839318492347178,0.9450000000000001,1.0057471264367817,0.029158328387871357,0.8474999999999999,0.9454022988505748,0.1127855141670232,,,,,,,,,,,,,,,,,,,,,,,,,,,
bert,S1,sst2@s1__rte@s1,200,672,0.9166666666666666,0.92,0.945,0.955,0.8869047619047619,0.96,0.95,0.8988095238095238,0.97,0.94,0.9092261904761905,0.975,0.935,0.8973214285714286,138,139,0.6330935251798561,0.6811594202898551,0.6304347826086957,0.572463768115942,0.5251798561151079,0.7536231884057971,0.6376811594202898,0.5539568345323741,0.7681159420289855,0.6086956521739131,0.5899280575539568,0.6376811594202898,0.5217391304347826,0.5971223021582733,0.7877173913043478,0.9392345050878814,0.10146103896103886,0.8568115942028985,0.9843894542090657,0.0722402597402596,0.8690579710144928,0.9576780758556891,0.038149350649350655,0.8063405797101448,0.8911308973172988,0.03896103896103886,,,,,,,,,,,,,,,,,,,,,,,,,,,
bert,S1,sst2@s1__wic@s1,200,672,0.9166666666666666,0.92,0.945,0.945,0.9002976190476191,0.96,0.96,0.9017857142857143,0.965,0.945,0.8973214285714286,0.97,0.93,0.9017857142857143,200,438,0.7328767123287672,0.625,0.78,0.565,0.6552511415525114,0.815,0.63,0.6735159817351598,0.83,0.645,0.6461187214611872,0.7,0.565,0.58675799086758,0.8625,0.9655869565217391,0.0618880729862038,0.8875,1.0257391304347827,0.04861532548448433,0.8975,1.0295869565217393,0.06974197920459602,0.835,0.9574347826086956,0.10780535663713231,,,,,,,,,,,,,,,,,,,,,,,,,,,
bert,S1,sst2@s1__snli@s1,200,672,0.9166666666666666,0.92,0.955,0.955,0.9032738095238095,0.96,0.96,0.9107142857142857,0.95,0.94,0.9092261904761905,0.95,0.92,0.8779761904761905,200,9642,0.8696328562538892,0.855,0.515,0.525,0.4986517320058079,0.795,0.785,0.777224642190417,0.835,0.775,0.8089607965152458,0.735,0.69,0.6739265712507778,0.735,0.8260392829900838,0.22060274996321505,0.8775,0.9808034579201628,0.05637734358664581,0.8925,0.9640859394863971,0.038942162488674104,0.8425,0.9035087719298245,0.1336262574634668,,,,,,,,,,,,,,,,,,,,,,,,,,,
bert,S1,sst2@s1__scitail@s1,200,672,0.9166666666666666,0.92,0.96,0.93,0.9017857142857143,0.96,0.95,0.9151785714285714,0.97,0.94,0.9092261904761905,0.975,0.925,0.8973214285714286,200,1104,0.9384057971014492,0.935,0.635,0.61,0.654891304347826,0.805,0.78,0.8188405797101449,0.84,0.835,0.8369565217391305,0.595,0.59,0.6295289855072463,0.7975,0.8316379911648454,0.15917865917865914,0.8825000000000001,0.9334166472913276,0.06451825201825201,0.905,0.9573936293885141,0.05811249561249554,0.7849999999999999,0.8182254126947222,0.1751272376272376,,,,,,,,,,,,,,,,,,,,,,,,,,,
bert,S1,sst2@s1__ag_news@s1,200,672,0.9166666666666666,0.92,0.945,0.925,0.8779761904761905,0.955,0.925,0.8913690476190477,0.965,0.925,0.9002976190476191,0.95,0.91,0.8645833333333334,200,7400,0.9405405405405406,0.94,0.91,0.89,0.8490540540540541,0.95,0.91,0.9155405405405406,0.965,0.915,0.9255405405405406,0.97,0.92,0.9208108108108108,0.9275,0.9761216466234968,0.06973895357516047,0.9524999999999999,0.9867599444958373,0.02708893118375877,0.965,0.9894195189639223,0.016902709359605916,0.96,0.9839269195189639,0.03889759665621728,,,,,,,,,,,,,,,,,,,,,,,,,,,
bert,S1,sst2@s1__imdb@s1,200,672,0.9166666666666666,0.92,0.965,0.945,0.8928571428571429,0.98,0.94,0.9151785714285714,0.975,0.945,0.9122023809523809,0.95,0.93,0.9077380952380952,200,9800,0.8895918367346939,0.9,0.93,0.9,0.8726530612244898,0.93,0.92,0.876734693877551,0.9,0.89,0.8709183673469387,0.87,0.86,0.8555102040816327,0.9475,1.0135869565217392,0.022507545219176306,0.9550000000000001,1.0219806763285022,0.008038116391523187,0.9375,1.0080314009661837,0.012930591431967953,0.9099999999999999,0.9832125603864734,0.024025899542073015,,,,,,,,,,,,,,,,,,,,,,,,,,,
bert,S1,sst2@s1__trec@s1,200,672,0.9166666666666666,0.92,0.93,0.94,0.8809523809523809,0.95,0.93,0.8943452380952381,0.95,0.93,0.9002976190476191,0.96,0.92,0.8928571428571429,200,300,0.9766666666666667,0.98,0.785,0.78,0.7766666666666666,0.935,0.925,0.9666666666666667,0.96,0.945,0.97,0.97,0.955,0.95,0.8575,0.9088287488908606,0.12186959797881303,0.9425,0.9773735581188998,0.017294778600239313,0.955,0.9875776397515528,0.012341540711847898,0.965,0.9872448979591837,0.026638890120118774,,,,,,,,,,,,,,,,,,,,,,,,,,,
bert,S1,sst2@s1__yelp_polarity@s1,200,672,0.9166666666666666,0.92,0.965,0.955,0.8973214285714286,0.975,0.925,0.9017857142857143,0.98,0.93,0.8958333333333334,0.98,0.92,0.8764880952380952,200,9800,0.9404081632653061,0.935,0.92,0.875,0.9166326530612245,0.965,0.91,0.9263265306122449,0.97,0.905,0.9275510204081633,0.955,0.92,0.9176530612244898,0.9425,0.9869361776331085,0.023193007079725714,0.97,0.9893484073471286,0.015603862283549708,0.975,0.9893920018600326,0.018199573863636243,0.9675,0.9919786096256684,0.03401410872113997,,,,,,,,,,,,,,,,,,,,,,,,,,,
bert,S1,mrpc@s1__stsb@s1,200,208,0.8413461538461539,0.865,0.73,0.695,0.7067307692307693,0.84,0.795,0.7884615384615384,0.9,0.855,0.8221153846153846,0.8,0.795,0.7884615384615384,200,1300,0.894545762775735,0.8868945515064206,0.9082232055801396,0.8394367622954839,0.8614778202101762,0.9043216080402012,0.8255332948998843,0.8433814047059364,0.8575624390609766,0.7816033519751495,0.8130245566266268,0.8118547963699093,0.7474110154059248,0.7727926794023252,0.8191116027900698,0.8749790692282207,0.09848309161006497,0.8721608040201005,0.9249442508147616,0.060026525942959874,0.8787812195304883,0.9348601727581923,0.056994270547279235,0.8059273981849546,0.8809016533259924,0.09948159254825995,,,,,,,,,,,,,,,,,,,,,,,,,,,
bert,S1,mrpc@s1__mnli@s1,200,208,0.8413461538461539,0.865,0.745,0.71,0.7019230769230769,0.825,0.82,0.8125,0.755,0.74,0.7403846153846154,0.585,0.6,0.6298076923076923,200,9615,0.821216848673947,0.77,0.52,0.515,0.5033801352054083,0.785,0.71,0.7583983359334373,0.88,0.77,0.7859594383775351,0.81,0.76,0.71866874674987,0.6325000000000001,0.7448202086930411,0.27637284701114484,0.8049999999999999,0.9350274003453194,0.05539007092198589,0.8175,0.9277456647398844,0.0814665653495441,0.6975,0.8403273027550484,0.1881509625126646,,,,,,,,,,,,,,,,,,,,,,,,,,,
bert,S1,mrpc@s1__qnli@s1,200,208,0.8413461538461539,0.865,0.72,0.685,0.7067307692307693,0.815,0.8,0.7980769230769231,0.82,0.825,0.75,0.55,0.555,0.5480769230769231,200,5263,0.8939768193045792,0.87,0.775,0.755,0.7602128063841915,0.9,0.87,0.8645259357780734,0.865,0.805,0.8270948128443854,0.7,0.69,0.669010070302109,0.7475,0.8298618032024451,0.1548140276301806,0.8574999999999999,0.9624277456647399,0.0421861241839987,0.8425,0.9395222908776826,0.09169272810080464,0.625,0.7173609726928443,0.30010930620919996,,,,,,,,,,,,,,,,,,,,,,,,,,,
bert,S1,mrpc@s1__rte@s1,200,208,0.8413461538461539,0.865,0.725,0.69,0.6923076923076923,0.775,0.75,0.7403846153846154,0.895,0.83,0.8125,0.88,0.825,0.7932692307692307,138,139,0.6330935251798561,0.6811594202898551,0.7101449275362319,0.6376811594202898,0.5683453237410072,0.8043478260869565,0.644927536231884,0.5251798561151079,0.6086956521739131,0.5797101449275363,0.5323741007194245,0.4927536231884058,0.4927536231884058,0.5251798561151079,0.717572463768116,0.8669290370188167,0.13970779220779217,0.7896739130434782,0.9069302668798426,0.14522727272727276,0.7518478260869565,0.9053007010207846,0.0966883116883116,0.6863768115942029,0.8385807403763375,0.11379870129870129,,,,,,,,,,,,,,,,,,,,,,,,,,,
bert,S1,mrpc@s1__wic@s1,200,208,0.8413461538461539,0.865,0.72,0.685,0.6875,0.72,0.685,0.6971153846153846,0.74,0.705,0.7163461538461539,0.83,0.775,0.75,200,438,0.7328767123287672,0.625,0.84,0.615,0.6712328767123288,0.86,0.635,0.7009132420091324,0.825,0.62,0.7077625570776256,0.74,0.595,0.6552511415525114,0.78,0.8879537572254336,0.13348464619492661,0.79,0.9039537572254336,0.10752113929684026,0.7825,0.9035144508670521,0.09141967067200718,0.7849999999999999,0.9239768786127167,0.10724521584334668,,,,,,,,,,,,,,,,,,,,,,,,,,,
bert,S1,mrpc@s1__snli@s1,200,208,0.8413461538461539,0.865,0.73,0.695,0.7019230769230769,0.825,0.82,0.7980769230769231,0.84,0.825,0.7644230769230769,0.64,0.645,0.6009615384615384,200,9642,0.8696328562538892,0.855,0.63,0.615,0.5809997925741548,0.855,0.805,0.8172578303256586,0.85,0.785,0.8074051026757934,0.73,0.675,0.7153080273802116,0.6799999999999999,0.7613832268532603,0.24880824601754836,0.84,0.9447486732244871,0.055827583269443704,0.845,0.9359429402021431,0.08149246102734486,0.685,0.7675692120474598,0.2315870176335293,,,,,,,,,,,,,,,,,,,,,,,,,,,
bert,S1,mrpc@s1__scitail@s1,200,208,0.8413461538461539,0.865,0.745,0.71,0.7067307692307693,0.81,0.795,0.7836538461538461,0.89,0.845,0.8269230769230769,0.72,0.715,0.7307692307692307,200,1104,0.9384057971014492,0.935,0.725,0.7,0.7608695652173914,0.895,0.89,0.9085144927536232,0.795,0.81,0.8333333333333334,0.695,0.72,0.7065217391304348,0.735,0.7847361750795956,0.1745945945945946,0.8525,0.9354734011313406,0.05021235521235523,0.8425,0.9215943865722853,0.06455598455598455,0.7075,0.7983215356557757,0.18926640926640925,,,,,,,,,,,,,,,,,,,,,,,,,,,
bert,S1,mrpc@s1__ag_news@s1,200,208,0.8413461538461539,0.865,0.715,0.68,0.6875,0.745,0.71,0.7163461538461539,0.79,0.755,0.7548076923076923,0.485,0.47,0.47596153846153844,200,7400,0.9405405405405406,0.94,0.895,0.855,0.8227027027027027,0.96,0.91,0.8893243243243243,0.955,0.905,0.8848648648648648,0.79,0.75,0.7462162162162163,0.8049999999999999,0.8478508178575821,0.15407224958949095,0.8525,0.894447177468946,0.10151272577996728,0.8725,0.9177991636945027,0.08102627257799677,0.6375,0.6706124707908007,0.3204474548440066,,,,,,,,,,,,,,,,,,,,,,,,,,,
bert,S1,mrpc@s1__imdb@s1,200,208,0.8413461538461539,0.865,0.72,0.685,0.6875,0.75,0.715,0.7163461538461539,0.89,0.835,0.7980769230769231,0.915,0.87,0.8028846153846154,200,9800,0.8895918367346939,0.9,0.895,0.865,0.8435714285714285,0.85,0.81,0.8037755102040817,0.775,0.745,0.7276530612244898,0.605,0.585,0.5672448979591836,0.8075,0.8765093127809891,0.11729459574607548,0.8,0.8632947976878613,0.12251925408842124,0.8325,0.8965478484264611,0.1167328679579196,0.76,0.8278901734104046,0.2040340182872874,,,,,,,,,,,,,,,,,,,,,,,,,,,
bert,S1,mrpc@s1__trec@s1,200,208,0.8413461538461539,0.865,0.72,0.685,0.6875,0.75,0.715,0.7067307692307693,0.845,0.81,0.7740384615384616,0.9,0.805,0.8125,200,300,0.9766666666666667,0.98,0.78,0.775,0.76,0.965,0.95,0.97,0.985,0.97,0.9733333333333334,0.975,0.96,0.9633333333333334,0.75,0.7913619204907397,0.20235007313505604,0.8574999999999999,0.8979886752388817,0.08341296928327635,0.915,0.9631060516692227,0.041706484641638175,0.9375,0.9551138374424915,0.023968795709410018,,,,,,,,,,,,,,,,,,,,,,,,,,,
bert,S1,mrpc@s1__yelp_polarity@s1,200,208,0.8413461538461539,0.865,0.72,0.685,0.6923076923076923,0.77,0.745,0.7211538461538461,0.86,0.825,0.7788461538461539,0.63,0.645,0.5673076923076923,200,9800,0.9404081632653061,0.935,0.915,0.91,0.9109183673469388,0.905,0.92,0.9046938775510204,0.875,0.88,0.8666326530612245,0.69,0.695,0.6855102040816327,0.8175,0.8825847732682144,0.10425068204365084,0.8375,0.9226144477759575,0.0904172867063493,0.8674999999999999,0.9474668480108805,0.07636811755952377,0.6599999999999999,0.7444901239528916,0.29838231646825397,,,,,,,,,,,,,,,,,,,,,,,,,,,
bert,S1,stsb@s1__mnli@s1,200,1300,0.894545762775735,0.8868945515064206,0.9269826745668643,0.8543220218064775,0.8735983530263599,0.9010500262506563,0.8344174626963706,0.8310196408085136,0.8321098027450688,0.7754754079154574,0.7540313421153275,0.452798319957999,0.43168453550830177,0.43391199107044015,200,9615,0.821216848673947,0.77,0.385,0.385,0.42256890275611025,0.71,0.685,0.696931877275091,0.895,0.75,0.8041601664066562,0.895,0.78,0.7829433177327093,0.6559913372834322,0.7316367517172039,0.25442623770014416,0.8055250131253282,0.9152204551532734,0.11117870057442425,0.8635549013725344,0.9241987869473118,0.0889245423972933,0.6738991599789995,0.7498620866562051,0.2807709129349124,,,,,,,,,,,,,,,,,,,,,,,,,,,
bert,S1,stsb@s1__qnli@s1,200,1300,0.894545762775735,0.8868945515064206,0.9017640441011027,0.832954532395986,0.8509939711669309,0.9032175804395112,0.832260222222638,0.8526044913522759,0.870110252756319,0.803921108066137,0.8289654368124435,0.798921473036826,0.738501327019283,0.7560898597191883,200,5263,0.8939768193045792,0.87,0.695,0.675,0.6863005890176705,0.895,0.855,0.8415352460573817,0.955,0.885,0.8854265627968839,0.905,0.835,0.8582557476724302,0.7983820220505513,0.8575215461062569,0.14049599325718853,0.8991087902197556,0.9605783942770807,0.05277327521514619,0.9125551263781595,0.961843176308546,0.041437804021997815,0.851960736518413,0.8962261691428342,0.09736768955362107,,,,,,,,,,,,,,,,,,,,,,,,,,,
bert,S1,stsb@s1__rte@s1,200,1300,0.894545762775735,0.8868945515064206,0.9256056401410038,0.8443412192388973,0.867483037642711,0.9482742068551715,0.8461621884070519,0.8697390791196736,0.9378939473486838,0.8291519644628161,0.8569123695348481,0.8512982824570616,0.7471070201408372,0.7997622710642242,138,139,0.6330935251798561,0.6811594202898551,0.717391304347826,0.6304347826086957,0.5971223021582733,0.7681159420289855,0.6086956521739131,0.6402877697841727,0.6811594202898551,0.5942028985507246,0.5827338129496403,0.5217391304347826,0.5072463768115942,0.5539568345323741,0.821498472244415,0.9387758832067283,0.04353560889127306,0.8581950744420785,0.9238450348619593,0.008183701441843771,0.8095266838192694,0.9036169701366467,0.060807645108631014,0.6865187064459222,0.7935331247495674,0.11547855942964946,,,,,,,,,,,,,,,,,,,,,,,,,,,
bert,S1,stsb@s1__wic@s1,200,1300,0.894545762775735,0.8868945515064206,0.8944168604215107,0.8202220097251683,0.8572893564403196,0.9405205130128254,0.85014865471046,0.8804466017652065,0.943868596714918,0.8511792361893867,0.8754319300272088,0.9090902272556816,0.8204404359526758,0.8432073022469998,200,438,0.7328767123287672,0.625,0.825,0.6,0.680365296803653,0.84,0.635,0.7054794520547946,0.86,0.635,0.7328767123287672,0.83,0.645,0.7123287671232876,0.8597084302107554,0.9424123625136682,0.05664974885422924,0.8902602565064126,0.9872839539190164,0.026572214683256545,0.901934298357459,0.9878649595623459,0.010683541046137668,0.8695451136278407,0.9785355035495087,0.04271395943591805,,,,,,,,,,,,,,,,,,,,,,,,,,,
bert,S1,stsb@s1__snli@s1,200,1300,0.894545762775735,0.8868945515064206,0.9006285157128929,0.8171265122604243,0.8592446344843336,0.8629130728268207,0.7836419967652184,0.831044245867909,0.8334568364209106,0.7521863681873752,0.7998174896176944,0.7697997449936249,0.6848427850061516,0.7337470306525605,200,9642,0.8696328562538892,0.855,0.625,0.61,0.6131507985895043,0.845,0.81,0.8173615432482887,0.86,0.81,0.8412155154532255,0.865,0.805,0.8211989213856047,0.7628142578564465,0.8173923759571524,0.16719702749083631,0.8539565364134103,0.9154740464398277,0.06554738907703517,0.8467284182104553,0.8977404677835968,0.06928639547104398,0.8173998724968125,0.8568505441150528,0.11772465559279732,,,,,,,,,,,,,,,,,,,,,,,,,,,
bert,S1,stsb@s1__scitail@s1,200,1300,0.894545762775735,0.8868945515064206,0.9248841221030527,0.8412427193517822,0.8691793680068671,0.9536518412960324,0.852069454422458,0.8799715800585912,0.9495792394809871,0.840744317238157,0.8734443424668296,0.9144873621840547,0.8051896315179841,0.8385773632181084,200,1104,0.9384057971014492,0.935,0.705,0.68,0.7228260869565217,0.95,0.915,0.9166666666666666,0.905,0.92,0.927536231884058,0.76,0.785,0.8143115942028986,0.8149420610515263,0.8378994639806507,0.12904323103931148,0.9518259206480162,0.9696716461715075,0.019729147489977783,0.9272896197404936,0.9659607283624022,0.017585994786361026,0.8372436810920274,0.87372373188109,0.0974028304998158,,,,,,,,,,,,,,,,,,,,,,,,,,,
bert,S1,stsb@s1__ag_news@s1,200,1300,0.894545762775735,0.8868945515064206,0.8988764719117979,0.8205237531734775,0.8514397844456338,0.9288607215180381,0.8358818942079408,0.8626428225351765,0.9072841821045526,0.8124765106129731,0.8380443838990833,0.7098897472436811,0.6227744579311892,0.6868434810488881,200,7400,0.9405405405405406,0.94,0.81,0.81,0.8027027027027027,0.91,0.91,0.8959459459459459,0.94,0.91,0.9155405405405406,0.965,0.935,0.9202702702702703,0.854438235955899,0.8934335387022453,0.09736964246782698,0.9194303607590191,0.9552834085942918,0.041538818387430565,0.9236420910522762,0.9420882753311475,0.044871274269712824,0.8374448736218405,0.8484387927918027,0.12686957709722524,,,,,,,,,,,,,,,,,,,,,,,,,,,
bert,S1,stsb@s1__imdb@s1,200,1300,0.894545762775735,0.8868945515064206,0.8967104177604442,0.8245792751914242,0.8590686497537346,0.9501402535063378,0.8617882956381478,0.8832493670605432,0.9715007875196882,0.8751535788237035,0.8868964185712562,0.9682742068551714,0.8681016392792638,0.8787578789869072,200,9800,0.8895918367346939,0.9,0.9,0.87,0.8255102040816327,0.885,0.855,0.8328571428571429,0.855,0.835,0.8297959183673469,0.845,0.825,0.811734693877551,0.8983552088802221,0.9482021690877351,0.05584711551552268,0.9175701267531688,0.9608459746845728,0.03820208786224377,0.9132503937598441,0.9572697408386642,0.037884172440174835,0.9066371034275857,0.9477385494352721,0.05258456220553509,,,,,,,,,,,,,,,,,,,,,,,,,,,
bert,S1,stsb@s1__trec@s1,200,1300,0.894545762775735,0.8868945515064206,0.90233555838896,0.8257479680994277,0.8607957619215971,0.9429115727893198,0.8498919475977194,0.881160205893098,0.9375624390609766,0.8414881673806307,0.8735322821136187,0.8746088652216306,0.7797103246700853,0.8153646806524106,200,300,0.9766666666666667,0.98,0.505,0.5,0.4866666666666667,0.89,0.885,0.85,0.905,0.895,0.9166666666666666,0.915,0.905,0.8833333333333333,0.70366777919448,0.7206297445872352,0.2697175655665148,0.9164557863946599,0.9306698437094216,0.0723281783220231,0.9212812195304882,0.9310341283839303,0.04246205930342006,0.8948044326108153,0.9013079911459358,0.0920392733826465,,,,,,,,,,,,,,,,,,,,,,,,,,,
bert,S1,stsb@s1__yelp_polarity@s1,200,1300,0.894545762775735,0.8868945515064206,0.8936518412960325,0.8151846955918277,0.8494223308571307,0.9306427660691519,0.8435057952141011,0.8685203658266731,0.9362829070726769,0.8494003009344295,0.8636413625997494,0.8915007875196882,0.8153633397229162,0.8274378538009741,200,9800,0.9404081632653061,0.935,0.94,0.905,0.9223469387755102,0.965,0.95,0.9319387755102041,0.97,0.955,0.9308163265306122,0.94,0.935,0.9181632653061225,0.9168259206480163,0.9435297209693871,0.03482428633518886,0.9478213830345759,0.9835603334095422,0.019049748956511126,0.9531414535363385,0.9895572455083901,0.022373621348294126,0.9157503937598441,0.9596732150050948,0.04933674598753601,,,,,,,,,,,,,,,,,,,,,,,,,,,
bert,S1,mnli@s1__qnli@s1,200,9615,0.821216848673947,0.77,0.475,0.47,0.4963078523140926,0.755,0.71,0.7466458658346334,0.88,0.77,0.7804472178887155,0.83,0.705,0.7315652626105045,200,5263,0.8939768193045792,0.87,0.805,0.795,0.8096142884286529,0.675,0.685,0.6688200646019381,0.565,0.575,0.5280258407752233,0.535,0.545,0.5061751852555577,0.64,0.7620913569189431,0.24500552883554216,0.7150000000000001,0.8547171219585012,0.17133259741140672,0.7224999999999999,0.8304597701149425,0.22949857176234723,0.6825,0.7710105985968054,0.271481517969523,,,,,,,,,,,,,,,,,,,,,,,,,,,
bert,S1,mnli@s1__rte@s1,200,9615,0.821216848673947,0.77,0.445,0.445,0.47072282891315653,0.805,0.745,0.7630785231409256,0.895,0.795,0.8040561622464899,0.9,0.77,0.7679667186687468,138,139,0.6330935251798561,0.6811594202898551,0.7536231884057971,0.6666666666666666,0.6187050359712231,0.8260869565217391,0.7536231884057971,0.6762589928057554,0.8115942028985508,0.7391304347826086,0.6474820143884892,0.7463768115942029,0.6884057971014492,0.6187050359712231,0.5993115942028986,0.7783227410886985,0.22476282582665552,0.8155434782608696,1.0369577231279359,0.0013067606152712408,0.8532971014492754,1.058786957723128,-0.0009153080961592508,0.8231884057971015,1.0053191489361701,0.04378511559362619,,,,,,,,,,,,,,,,,,,,,,,,,,,
bert,S1,mnli@s1__wic@s1,200,9615,0.821216848673947,0.77,0.355,0.365,0.38928757150286014,0.57,0.56,0.5819032761310452,0.795,0.745,0.7601664066562662,0.87,0.765,0.7850234009360374,200,438,0.7328767123287672,0.625,0.815,0.63,0.6894977168949772,0.71,0.635,0.6689497716894978,0.545,0.56,0.589041095890411,0.515,0.53,0.5388127853881278,0.585,0.741012987012987,0.2925762719086441,0.6399999999999999,0.8716363636363637,0.18932039409520018,0.67,0.9317662337662338,0.13530156047306574,0.6925,0.9207532467532468,0.15443522805821486,,,,,,,,,,,,,,,,,,,,,,,,,,,
bert,S1,mnli@s1__snli@s1,200,9615,0.821216848673947,0.77,0.55,0.535,0.583879355174207,0.83,0.75,0.7953198127925117,0.87,0.8,0.7858554342173687,0.79,0.73,0.7211648465938637,200,9642,0.8696328562538892,0.855,0.8,0.76,0.7549263638249326,0.865,0.79,0.8267994192076332,0.86,0.815,0.8113461937357395,0.835,0.795,0.791537025513379,0.675,0.7918470418470419,0.21045464925969626,0.8474999999999999,0.9490012911065543,0.04039478787746975,0.865,0.9960887066150225,0.055042112761063855,0.8125,0.9389382547277285,0.10581852997736219,,,,,,,,,,,,,,,,,,,,,,,,,,,
bert,S1,mnli@s1__scitail@s1,200,9615,0.821216848673947,0.77,0.495,0.495,0.5136765470618825,0.805,0.73,0.7725429017160687,0.89,0.765,0.7945917836713469,0.805,0.745,0.7458138325533021,200,1104,0.9384057971014492,0.935,0.825,0.8,0.8378623188405797,0.855,0.86,0.8804347826086957,0.69,0.695,0.7463768115942029,0.625,0.62,0.6105072463768116,0.6599999999999999,0.7492360580595874,0.24081813576494426,0.8300000000000001,0.9339190221543162,0.06052328924669337,0.79,0.8684110007639418,0.1185273419315972,0.7150000000000001,0.8153170359052712,0.22061974588570332,,,,,,,,,,,,,,,,,,,,,,,,,,,
bert,S1,mnli@s1__ag_news@s1,200,9615,0.821216848673947,0.77,0.365,0.37,0.39344773790951637,0.575,0.57,0.6018720748829953,0.79,0.7,0.7403016120644825,0.755,0.68,0.7237649505980239,200,7400,0.9405405405405406,0.94,0.88,0.85,0.8256756756756757,0.965,0.925,0.9102702702702703,0.965,0.925,0.9175675675675675,0.96,0.925,0.9002702702702703,0.6225,0.6923873998342084,0.32151154665828185,0.77,0.8621511467256149,0.14964058624183352,0.8775,0.9465667311411993,0.06147809453935649,0.8574999999999999,0.9335797181541863,0.08074188589595788,,,,,,,,,,,,,,,,,,,,,,,,,,,
bert,S1,mnli@s1__imdb@s1,200,9615,0.821216848673947,0.77,0.375,0.375,0.4060322412896516,0.65,0.62,0.6639625585023401,0.87,0.75,0.7893915756630265,0.89,0.77,0.7924076963078523,200,9800,0.8895918367346939,0.9,0.9,0.89,0.828469387755102,0.915,0.885,0.8584693877551021,0.915,0.905,0.8568367346938776,0.88,0.87,0.8255102040816327,0.6375,0.7379509379509379,0.28714043055244676,0.7825,0.8942640692640692,0.11323722501256872,0.8925000000000001,0.9897907647907648,0.037787085518484975,0.885,0.9833333333333334,0.05355796204059515,,,,,,,,,,,,,,,,,,,,,,,,,,,
bert,S1,mnli@s1__trec@s1,200,9615,0.821216848673947,0.77,0.355,0.355,0.39469578783151327,0.62,0.62,0.6410816432657306,0.845,0.745,0.7833593343733749,0.915,0.775,0.7840873634945398,200,300,0.9766666666666667,0.98,0.805,0.8,0.8,0.945,0.935,0.96,0.955,0.945,0.9633333333333334,0.88,0.87,0.9033333333333333,0.5800000000000001,0.638682745825603,0.35013213585485015,0.7825,0.8796382189239332,0.1182082084158913,0.8999999999999999,0.9659090909090908,0.02987558395662382,0.8975,0.9471243042671614,0.060149045094764375,,,,,,,,,,,,,,,,,,,,,,,,,,,
bert,S1,mnli@s1__yelp_polarity@s1,200,9615,0.821216848673947,0.77,0.39,0.385,0.42766510660426416,0.65,0.64,0.670098803952158,0.815,0.72,0.7725429017160687,0.825,0.71,0.7338533541341654,200,9800,0.9404081632653061,0.935,0.92,0.885,0.9168367346938775,0.94,0.905,0.9253061224489796,0.945,0.9,0.9233673469387755,0.925,0.89,0.9126530612244897,0.655,0.7232620320855615,0.2521475470174772,0.7949999999999999,0.8995416348357524,0.10003812584430938,0.8799999999999999,0.9488158899923606,0.0386955882197737,0.875,0.9369747899159664,0.06794843380614646,,,,,,,,,,,,,,,,,,,,,,,,,,,
bert,S1,qnli@s1__rte@s1,200,5263,0.8939768193045792,0.87,0.775,0.755,0.7617328519855595,0.915,0.865,0.8715561466844005,0.83,0.82,0.8130343910317309,0.665,0.675,0.6477294318829565,138,139,0.6330935251798561,0.6811594202898551,0.7608695652173914,0.644927536231884,0.539568345323741,0.6086956521739131,0.5797101449275363,0.5827338129496403,0.41304347826086957,0.45652173913043476,0.5467625899280576,0.391304347826087,0.4492753623188406,0.49640287769784175,0.7679347826086957,0.9073123012961604,0.14782750458892857,0.7618478260869566,0.9226583516752263,0.052312578494831286,0.6215217391304347,0.8063707507948152,0.1134528064921263,0.5281521739130435,0.7177182685253118,0.24568036904646884,,,,,,,,,,,,,,,,,,,,,,,,,,,
bert,S1,qnli@s1__wic@s1,200,5263,0.8939768193045792,0.87,0.625,0.615,0.6220786623598707,0.745,0.735,0.7577427322819684,0.84,0.81,0.8305149154474635,0.88,0.82,0.8554056621698651,200,438,0.7328767123287672,0.625,0.845,0.64,0.6894977168949772,0.8,0.645,0.6917808219178082,0.73,0.655,0.6438356164383562,0.555,0.55,0.6050228310502284,0.735,0.865448275862069,0.18166727912573954,0.7725,0.9384137931034483,0.1042329198406946,0.7849999999999999,0.9895172413793104,0.0962418187054932,0.7175,0.911264367816092,0.1088002092292617,,,,,,,,,,,,,,,,,,,,,,,,,,,
bert,S1,qnli@s1__snli@s1,200,5263,0.8939768193045792,0.87,0.73,0.7,0.7070112103363101,0.885,0.855,0.8605358160744823,0.82,0.82,0.8079042371271138,0.68,0.69,0.6177085312559377,200,9642,0.8696328562538892,0.855,0.65,0.63,0.6179215930304915,0.8,0.79,0.7942335615017632,0.72,0.69,0.7245384774942958,0.675,0.625,0.6477909147479776,0.69,0.7707199032062916,0.24929232594259898,0.8425,0.9533676144383949,0.06205472932853495,0.77,0.8747731397459164,0.13156305507342259,0.6775,0.7620488001613228,0.28206566682952516,,,,,,,,,,,,,,,,,,,,,,,,,,,
bert,S1,qnli@s1__scitail@s1,200,5263,0.8939768193045792,0.87,0.755,0.755,0.7982139464183926,0.84,0.82,0.8284248527455824,0.81,0.78,0.7866235987079613,0.735,0.735,0.6855405662169866,200,1104,0.9384057971014492,0.935,0.805,0.78,0.832427536231884,0.895,0.88,0.8786231884057971,0.725,0.75,0.7146739130434783,0.565,0.59,0.5498188405797102,0.78,0.8510203454422521,0.11002722397515163,0.8674999999999999,0.9418526031102096,0.06851640618909483,0.7675000000000001,0.8493453807855431,0.17925100217873857,0.6499999999999999,0.7379218144938227,0.32362444044165617,,,,,,,,,,,,,,,,,,,,,,,,,,,
bert,S1,qnli@s1__ag_news@s1,200,5263,0.8939768193045792,0.87,0.6,0.59,0.6239787193615809,0.78,0.76,0.7640129203876116,0.89,0.84,0.853505605168155,0.735,0.685,0.6819304579137374,200,7400,0.9405405405405406,0.94,0.895,0.895,0.8789189189189189,0.94,0.9,0.9058108108108108,0.935,0.895,0.9156756756756756,0.93,0.895,0.913918918918919,0.7475,0.8151442895573491,0.18376818498296021,0.86,0.9155050134507214,0.09115127279612056,0.9125000000000001,0.9588224504768892,0.035853884959751836,0.8325,0.8697419907067744,0.1327495358325088,,,,,,,,,,,,,,,,,,,,,,,,,,,
bert,S1,qnli@s1__imdb@s1,200,5263,0.8939768193045792,0.87,0.625,0.615,0.6401292038761163,0.845,0.825,0.8071442143264298,0.945,0.875,0.8806764202926087,0.93,0.88,0.8706061181835455,200,9800,0.8895918367346939,0.9,0.91,0.88,0.8461224489795919,0.895,0.875,0.8425510204081633,0.865,0.845,0.8316326530612245,0.84,0.81,0.795,0.7675000000000001,0.8423371647509579,0.16640882983866423,0.87,0.9602490421455938,0.07500490635983692,0.905,0.9723180076628353,0.04001517375583863,0.885,0.9557471264367816,0.0662370645803727,,,,,,,,,,,,,,,,,,,,,,,,,,,
bert,S1,qnli@s1__trec@s1,200,5263,0.8939768193045792,0.87,0.645,0.635,0.6589397681930458,0.785,0.795,0.7982139464183926,0.82,0.81,0.8295648869466083,0.75,0.74,0.7550826524795744,200,300,0.9766666666666667,0.98,0.815,0.81,0.8233333333333334,0.96,0.94,0.9366666666666666,0.965,0.945,0.9433333333333334,0.96,0.945,0.9566666666666667,0.73,0.7782078348580812,0.20995419149622974,0.8725,0.9364883884588318,0.07403785820762898,0.8925,0.9476600985221675,0.05309035119852901,0.855,0.9074302134646962,0.08792222347150846,,,,,,,,,,,,,,,,,,,,,,,,,,,
bert,S1,qnli@s1__yelp_polarity@s1,200,5263,0.8939768193045792,0.87,0.625,0.615,0.6420292608778263,0.805,0.785,0.7879536386091582,0.855,0.855,0.849135474064222,0.855,0.845,0.8333650009500285,200,9800,0.9404081632653061,0.935,0.935,0.93,0.9205102040816326,0.95,0.935,0.9239795918367347,0.95,0.935,0.9189795918367347,0.92,0.925,0.8954081632653061,0.78,0.8507744790706251,0.15149334844358842,0.8775,0.9511494252873564,0.06803342751874486,0.9025,0.9913793103448276,0.03647293161087495,0.8875,0.9802845903251582,0.05782588751992557,,,,,,,,,,,,,,,,,,,,,,,,,,,
bert,S1,rte@s1__wic@s1,138,139,0.6330935251798561,0.6811594202898551,0.6376811594202898,0.5797101449275363,0.5323741007194245,0.717391304347826,0.6159420289855072,0.5611510791366906,0.8260869565217391,0.6956521739130435,0.5755395683453237,0.8043478260869565,0.6739130434782609,0.6115107913669064,200,438,0.7328767123287672,0.625,0.82,0.595,0.684931506849315,0.87,0.625,0.723744292237443,0.815,0.62,0.7123287671232876,0.69,0.645,0.6712328767123288,0.7288405797101449,0.901531914893617,0.11225573491928631,0.793695652173913,0.9521276595744681,0.06304871141319746,0.8205434782608696,1.0066382978723403,0.05947323704333052,0.7471739130434782,1.0106808510638299,0.059101529311809675,,,,,,,,,,,,,,,,,,,,,,,,,,,
bert,S1,rte@s1__snli@s1,138,139,0.6330935251798561,0.6811594202898551,0.7318840579710145,0.644927536231884,0.5827338129496403,0.8478260869565217,0.7028985507246377,0.6258992805755396,0.782608695652174,0.6666666666666666,0.6187050359712231,0.7536231884057971,0.6521739130434783,0.5755395683453237,200,9642,0.8696328562538892,0.855,0.61,0.605,0.5991495540344327,0.865,0.795,0.8368595727027588,0.865,0.79,0.8322962041070318,0.84,0.775,0.7958929682638457,0.6709420289855073,0.8272054249097922,0.19528852930015717,0.8564130434782609,0.9808697275102651,0.024524990513362432,0.823804347826087,0.9513500062212268,0.03283054155147169,0.7968115942028986,0.931939778524325,0.08785168320052028,,,,,,,,,,,,,,,,,,,,,,,,,,,
bert,S1,rte@s1__scitail@s1,138,139,0.6330935251798561,0.6811594202898551,0.7028985507246377,0.6304347826086957,0.5683453237410072,0.7898550724637681,0.7028985507246377,0.6258992805755396,0.8405797101449275,0.6956521739130435,0.6330935251798561,0.7536231884057971,0.6376811594202898,0.6258992805755396,200,1104,0.9384057971014492,0.935,0.645,0.62,0.6865942028985508,0.89,0.855,0.8831521739130435,0.965,0.95,0.9338768115942029,0.88,0.865,0.8813405797101449,0.6739492753623189,0.7943167595858459,0.18530624780624771,0.8399275362318841,0.973176698145409,0.035121972621972475,0.9027898550724638,1.0186596882466719,0.0024131274131273805,0.8168115942028986,0.9306519513027647,0.036087223587223494,,,,,,,,,,,,,,,,,,,,,,,,,,,
bert,S1,rte@s1__ag_news@s1,138,139,0.6330935251798561,0.6811594202898551,0.6231884057971014,0.5797101449275363,0.5251798561151079,0.6739130434782609,0.6304347826086957,0.5539568345323741,0.6739130434782609,0.6159420289855072,0.5107913669064749,0.572463768115942,0.47101449275362317,0.5251798561151079,200,7400,0.9405405405405406,0.94,0.96,0.9,0.9031081081081082,0.975,0.925,0.9286486486486486,0.99,0.94,0.9360810810810811,0.985,0.935,0.9331081081081081,0.7915942028985508,0.9042553191489362,0.10512669801462904,0.8244565217391304,0.9547872340425532,0.0688218390804598,0.8319565217391305,0.9521276595744681,0.09896159874608146,0.778731884057971,0.8430851063829787,0.08917842215256011,,,,,,,,,,,,,,,,,,,,,,,,,,,
bert,S1,rte@s1__imdb@s1,138,139,0.6330935251798561,0.6811594202898551,0.6376811594202898,0.5797101449275363,0.5323741007194245,0.7536231884057971,0.6376811594202898,0.5611510791366906,0.8985507246376812,0.6811594202898551,0.6402877697841727,0.8695652173913043,0.5942028985507246,0.6258992805755396,200,9800,0.8895918367346939,0.9,0.75,0.77,0.7186734693877551,0.88,0.87,0.8329591836734694,0.905,0.895,0.8664285714285714,0.935,0.895,0.8733673469387755,0.6938405797101449,0.8533096926713948,0.17561106592421105,0.8168115942028986,0.951418439716312,0.08864887693173995,0.9017753623188406,0.9972222222222222,0.007337222882646044,0.9022826086956521,0.9333924349881797,0.014800882187324005,,,,,,,,,,,,,,,,,,,,,,,,,,,
bert,S1,rte@s1__trec@s1,138,139,0.6330935251798561,0.6811594202898551,0.6376811594202898,0.5797101449275363,0.5323741007194245,0.7753623188405797,0.6594202898550725,0.5467625899280576,0.8333333333333334,0.6739130434782609,0.5971223021582733,0.7101449275362319,0.6811594202898551,0.5683453237410072,200,300,0.9766666666666667,0.98,0.76,0.77,0.76,0.975,0.965,0.97,1.0,0.98,0.9733333333333334,0.985,0.975,0.9733333333333334,0.6988405797101449,0.8183890577507599,0.1904669562519391,0.8751811594202898,0.9763894919669995,0.07159478746509462,0.9166666666666667,0.9946808510638298,0.03011557555072908,0.8475724637681159,0.9974489795918368,0.052842848278001786,,,,,,,,,,,,,,,,,,,,,,,,,,,
bert,S1,rte@s1__yelp_polarity@s1,138,139,0.6330935251798561,0.6811594202898551,0.644927536231884,0.5869565217391305,0.5179856115107914,0.7391304347826086,0.6086956521739131,0.5251798561151079,0.8695652173913043,0.6666666666666666,0.5755395683453237,0.782608695652174,0.6086956521739131,0.60431654676259,200,9800,0.9404081632653061,0.935,0.855,0.85,0.8945918367346939,0.945,0.9,0.9274489795918367,0.97,0.925,0.9348979591836735,0.965,0.92,0.9329591836734694,0.749963768115942,0.8853965183752418,0.11526889993686862,0.8420652173913044,0.9280919330981909,0.09211746369949492,0.9197826086956522,0.9840141085447718,0.048384232954545414,0.873804347826087,0.9387871202639664,0.026687776199494806,,,,,,,,,,,,,,,,,,,,,,,,,,,
bert,S1,wic@s1__snli@s1,200,438,0.7328767123287672,0.625,0.805,0.6,0.6689497716894978,0.845,0.63,0.684931506849315,0.815,0.65,0.6917808219178082,0.75,0.615,0.6118721461187214,200,9642,0.8696328562538892,0.855,0.465,0.47,0.45944824725160754,0.73,0.71,0.677971375233354,0.86,0.8,0.7951669778054345,0.85,0.81,0.8133167392657125,0.635,0.7548538011695907,0.2794515127703565,0.7875,0.9192046783625731,0.14290706033805367,0.8374999999999999,0.9878362573099415,0.07085193296886416,0.8,0.9656842105263158,0.11493376579227488,,,,,,,,,,,,,,,,,,,,,,,,,,,
bert,S1,wic@s1__scitail@s1,200,438,0.7328767123287672,0.625,0.78,0.635,0.678082191780822,0.74,0.695,0.6575342465753424,0.665,0.68,0.6095890410958904,0.52,0.565,0.5707762557077626,200,1104,0.9384057971014492,0.935,0.575,0.55,0.6077898550724637,0.69,0.665,0.7164855072463768,0.785,0.76,0.8170289855072463,0.855,0.82,0.8514492753623188,0.6775,0.8021176470588236,0.21354147872839468,0.715,0.911614973262032,0.16964511240212177,0.7250000000000001,0.9504171122994652,0.148783964204525,0.6875,0.8905026737967914,0.1569239466435728,,,,,,,,,,,,,,,,,,,,,,,,,,,
bert,S1,wic@s1__ag_news@s1,200,438,0.7328767123287672,0.625,0.805,0.58,0.6643835616438356,0.86,0.585,0.6735159817351598,0.885,0.56,0.6986301369863014,0.665,0.57,0.639269406392694,200,7400,0.9405405405405406,0.94,0.915,0.905,0.8754054054054055,0.955,0.935,0.9158108108108108,0.975,0.945,0.925,0.965,0.945,0.9274324324324325,0.8600000000000001,0.9453829787234043,0.08135540874422609,0.9075,0.9653404255319149,0.05364499409173917,0.9299999999999999,0.9506595744680851,0.03162598023418206,0.815,0.958659574468085,0.07083131915350749,,,,,,,,,,,,,,,,,,,,,,,,,,,
bert,S1,wic@s1__imdb@s1,200,438,0.7328767123287672,0.625,0.795,0.55,0.678082191780822,0.865,0.6,0.7100456621004566,0.89,0.615,0.7054794520547946,0.835,0.62,0.7123287671232876,200,9800,0.8895918367346939,0.9,0.895,0.895,0.8478571428571429,0.94,0.9,0.8806122448979592,0.95,0.9,0.8803061224489795,0.94,0.87,0.8623469387755102,0.845,0.9372222222222223,0.06084039252765261,0.9025,0.98,0.020623353122661725,0.9199999999999999,0.992,0.02391067573159411,0.8875,0.9793333333333334,0.029331836805577938,,,,,,,,,,,,,,,,,,,,,,,,,,,
bert,S1,wic@s1__trec@s1,200,438,0.7328767123287672,0.625,0.805,0.56,0.6552511415525114,0.885,0.63,0.6735159817351598,0.905,0.65,0.680365296803653,0.86,0.655,0.6575342465753424,200,300,0.9766666666666667,0.98,0.785,0.78,0.7466666666666667,0.975,0.955,0.9633333333333334,0.985,0.97,0.9733333333333334,0.985,0.97,0.9733333333333334,0.795,0.8459591836734695,0.17070694183066992,0.9299999999999999,0.9912448979591837,0.04732438093415414,0.9450000000000001,1.0148979591836735,0.03753202981297776,0.9225,1.0188979591836735,0.05310835380051682,,,,,,,,,,,,,,,,,,,,,,,,,,,
bert,S1,wic@s1__yelp_polarity@s1,200,438,0.7328767123287672,0.625,0.805,0.56,0.6689497716894978,0.85,0.605,0.6986301369863014,0.85,0.625,0.6986301369863014,0.825,0.6,0.6552511415525114,200,9800,0.9404081632653061,0.935,0.89,0.905,0.9041836734693878,0.93,0.925,0.9277551020408163,0.96,0.925,0.9322448979591836,0.93,0.915,0.925,0.8475,0.931957219251337,0.06287368980399788,0.89,0.9786524064171123,0.03009191653686394,0.905,0.9946524064171123,0.02770476375908615,0.8775,0.9693048128342245,0.061151775863187874,,,,,,,,,,,,,,,,,,,,,,,,,,,
bert,S1,snli@s1__scitail@s1,200,9642,0.8696328562538892,0.855,0.685,0.665,0.6245592200788218,0.79,0.765,0.7981746525617092,0.785,0.7,0.7522298278365485,0.725,0.645,0.681186475834889,200,1104,0.9384057971014492,0.935,0.755,0.73,0.7581521739130435,0.915,0.9,0.9039855072463768,0.755,0.76,0.769927536231884,0.57,0.595,0.5516304347826086,0.72,0.779263220439691,0.23694885148373523,0.8525,0.9286518435125246,0.05942503965759771,0.77,0.815773837445664,0.15726983052564436,0.6475,0.6953748006379585,0.31442932198746154,,,,,,,,,,,,,,,,,,,,,,,,,,,
bert,S1,snli@s1__ag_news@s1,200,9642,0.8696328562538892,0.855,0.51,0.515,0.4930512341837793,0.79,0.735,0.7672682016179216,0.86,0.815,0.8290811035054968,0.755,0.695,0.7422733872640531,200,7400,0.9405405405405406,0.94,0.925,0.895,0.8762162162162163,0.965,0.925,0.9227027027027027,0.975,0.935,0.9298648648648649,0.97,0.94,0.9293243243243243,0.7175,0.7772334204305089,0.25071299323504626,0.8775,0.9218458379992536,0.06833785701067174,0.9175,0.9739486126664179,0.02899073160199861,0.8625,0.9064327485380117,0.07918864248555502,,,,,,,,,,,,,,,,,,,,,,,,,,,
bert,S1,snli@s1__imdb@s1,200,9642,0.8696328562538892,0.855,0.485,0.5,0.4778054345571458,0.82,0.795,0.7818917237087741,0.91,0.83,0.8548019083177764,0.925,0.825,0.851897946484132,200,9800,0.8895918367346939,0.9,0.89,0.89,0.8423469387755103,0.94,0.91,0.8761224489795918,0.935,0.905,0.8728571428571429,0.89,0.84,0.8429591836734693,0.6875,0.7868421052631579,0.2518374994510977,0.8799999999999999,0.97046783625731,0.05801777089409732,0.9225000000000001,0.9881578947368421,0.01793295880749257,0.9075,0.9491228070175438,0.03640691990457512,,,,,,,,,,,,,,,,,,,,,,,,,,,
bert,S1,snli@s1__trec@s1,200,9642,0.8696328562538892,0.855,0.465,0.47,0.45478116573325034,0.805,0.775,0.7599045841111802,0.88,0.855,0.848060568346816,0.87,0.825,0.8438083385189795,200,300,0.9766666666666667,0.98,0.71,0.705,0.7166666666666667,0.965,0.95,0.9566666666666667,0.975,0.96,0.97,0.965,0.96,0.9533333333333334,0.5875,0.634547678720611,0.3716269708015085,0.885,0.9379102518200262,0.07332775698519012,0.9275,0.9897959183673469,0.01581607005847019,0.9175,0.9722520587182242,0.02679333524638705,,,,,,,,,,,,,,,,,,,,,,,,,,,
bert,S1,snli@s1__yelp_polarity@s1,200,9642,0.8696328562538892,0.855,0.485,0.485,0.4686786973656918,0.815,0.765,0.7575191868906865,0.905,0.825,0.8373781373159096,0.87,0.79,0.8047085666874092,200,9800,0.9404081632653061,0.935,0.93,0.895,0.9136734693877551,0.96,0.915,0.9302040816326531,0.96,0.925,0.9321428571428572,0.945,0.93,0.9235714285714286,0.7075,0.7622353566626012,0.24474511932269927,0.8875,0.9366732338868562,0.06988569307791681,0.9325,0.9771085467679894,0.02293955212060217,0.9075,0.9593145073021234,0.04628038582662497,,,,,,,,,,,,,,,,,,,,,,,,,,,
bert,S1,scitail@s1__ag_news@s1,200,1104,0.9384057971014492,0.935,0.635,0.61,0.6512681159420289,0.83,0.805,0.8197463768115942,0.87,0.885,0.8677536231884058,0.625,0.63,0.6041666666666666,200,7400,0.9405405405405406,0.94,0.89,0.86,0.8583783783783784,0.95,0.91,0.9127027027027027,0.97,0.93,0.9275675675675675,0.98,0.92,0.9309459459459459,0.7625,0.7836500170667879,0.19667043891181824,0.8899999999999999,0.9145238366139493,0.07802278879865088,0.9199999999999999,0.9679428831493914,0.04454133936892557,0.8025,0.8262600978495847,0.18318937780144684,,,,,,,,,,,,,,,,,,,,,,,,,,,
bert,S1,scitail@s1__imdb@s1,200,1104,0.9384057971014492,0.935,0.61,0.585,0.657608695652174,0.8,0.775,0.8170289855072463,0.94,0.895,0.9067028985507246,0.885,0.87,0.8967391304347826,200,9800,0.8895918367346939,0.9,0.91,0.87,0.8556122448979592,0.945,0.875,0.8829591836734694,0.96,0.9,0.8881632653061224,0.95,0.88,0.876938775510204,0.76,0.7961675579322638,0.16871231668203457,0.8725,0.9005496137849078,0.0683997339193485,0.95,0.9786096256684491,0.01769482834520686,0.9175,0.9541295306001187,0.029312495072990608,,,,,,,,,,,,,,,,,,,,,,,,,,,
bert,S1,scitail@s1__trec@s1,200,1104,0.9384057971014492,0.935,0.6,0.575,0.6295289855072463,0.735,0.71,0.7518115942028986,0.855,0.82,0.8614130434782609,0.915,0.87,0.8931159420289855,200,300,0.9766666666666667,0.98,0.775,0.77,0.7633333333333333,0.955,0.94,0.9633333333333334,0.975,0.96,0.9766666666666667,0.975,0.97,0.9666666666666667,0.6875,0.7003437738731856,0.2737903066401359,0.845,0.8592709811197206,0.10624678798740228,0.915,0.9282985921641383,0.041023166023166024,0.9450000000000001,0.9601386008949033,0.02925072805618889,,,,,,,,,,,,,,,,,,,,,,,,,,,
bert,S1,scitail@s1__yelp_polarity@s1,200,1104,0.9384057971014492,0.935,0.61,0.585,0.6503623188405797,0.765,0.74,0.8143115942028986,0.875,0.86,0.8976449275362319,0.73,0.745,0.7518115942028986,200,9800,0.9404081632653061,0.935,0.925,0.89,0.9189795918367347,0.965,0.93,0.9343877551020409,0.965,0.94,0.9370408163265306,0.96,0.935,0.9355102040816327,0.7675000000000001,0.7887700534759358,0.16486813264157008,0.865,0.893048128342246,0.06932064598080212,0.9199999999999999,0.962566844919786,0.023508511301479906,0.845,0.8983957219251337,0.10202501608751602,,,,,,,,,,,,,,,,,,,,,,,,,,,
bert,S1,ag_news@s1__imdb@s1,200,7400,0.9405405405405406,0.94,0.925,0.905,0.875,0.96,0.92,0.923918918918919,0.975,0.925,0.932027027027027,0.96,0.925,0.9340540540540541,200,9800,0.8895918367346939,0.9,0.725,0.745,0.7025510204081633,0.83,0.84,0.8008163265306123,0.855,0.855,0.8280612244897959,0.835,0.865,0.8078571428571428,0.825,0.8952718676122932,0.13996927680344273,0.895,0.9560283687943263,0.058732972209696976,0.915,0.9670212765957447,0.039109482165317955,0.8975,0.9725768321513002,0.049387711512447474,,,,,,,,,,,,,,,,,,,,,,,,,,,
bert,S1,ag_news@s1__trec@s1,200,7400,0.9405405405405406,0.94,0.915,0.905,0.8851351351351351,0.955,0.905,0.9216216216216216,0.975,0.925,0.9302702702702703,0.96,0.925,0.9312162162162162,200,300,0.9766666666666667,0.98,0.69,0.675,0.66,0.935,0.92,0.9333333333333333,0.95,0.935,0.95,0.89,0.88,0.91,0.8025,0.8257707338254452,0.19157006394413711,0.9450000000000001,0.9507707338254452,0.03224177160566477,0.9624999999999999,0.9690620929222754,0.01911164724804837,0.925,0.9410008684324794,0.039086589384488724,,,,,,,,,,,,,,,,,,,,,,,,,,,
bert,S1,ag_news@s1__yelp_polarity@s1,200,7400,0.9405405405405406,0.94,0.89,0.87,0.8587837837837838,0.945,0.905,0.9117567567567567,0.97,0.92,0.9232432432432433,0.97,0.91,0.9227027027027027,200,9800,0.9404081632653061,0.935,0.815,0.8,0.8211224489795919,0.88,0.865,0.8904081632653061,0.915,0.89,0.906530612244898,0.915,0.91,0.8933673469387755,0.8525,0.8905734440778246,0.10688495270593867,0.9125,0.9439498236431904,0.04188592552681991,0.9425,0.965297531004665,0.02720755507662831,0.9425,0.9706735692342702,0.03449360931513412,,,,,,,,,,,,,,,,,,,,,,,,,,,
bert,S1,imdb@s1__trec@s1,200,9800,0.8895918367346939,0.9,0.82,0.83,0.7776530612244898,0.88,0.87,0.8566326530612245,0.88,0.86,0.8671428571428571,0.89,0.86,0.8478571428571429,200,300,0.9766666666666667,0.98,0.76,0.755,0.77,0.96,0.945,0.96,0.985,0.965,0.9733333333333334,0.97,0.96,0.97,0.79,0.8463151927437642,0.1687178541591795,0.9199999999999999,0.9654761904761905,0.02705731423824398,0.9325,0.970124716553288,0.014324057479444985,0.9299999999999999,0.9675736961451247,0.026870184240835537,,,,,,,,,,,,,,,,,,,,,,,,,,,
bert,S1,imdb@s1__yelp_polarity@s1,200,9800,0.8895918367346939,0.9,0.92,0.91,0.8734693877551021,0.92,0.89,0.8837755102040816,0.91,0.89,0.8763265306122449,0.86,0.85,0.8520408163265306,200,9800,0.9404081632653061,0.935,0.935,0.91,0.9202040816326531,0.95,0.935,0.9312244897959183,0.945,0.93,0.9313265306122449,0.945,0.92,0.9231632653061225,0.9275,0.9921865715983362,0.019803898901697536,0.935,0.9944444444444445,0.008151910917068128,0.9275,0.9917706476530006,0.012284397522845492,0.9025,0.9642008318478906,0.030274595006977822,,,,,,,,,,,,,,,,,,,,,,,,,,,
bert,S1,trec@s1__yelp_polarity@s1,200,300,0.9766666666666667,0.98,0.765,0.76,0.7766666666666666,0.96,0.945,0.9733333333333334,0.975,0.96,0.9733333333333334,0.995,0.975,0.9566666666666667,200,9800,0.9404081632653061,0.935,0.845,0.82,0.8688775510204082,0.915,0.89,0.9160204081632654,0.935,0.91,0.9276530612244898,0.955,0.93,0.9252040816326531,0.8049999999999999,0.8262577758376077,0.14042076252607127,0.9375,0.9580786860198625,0.0146730645027493,0.9550000000000001,0.9764269344101277,0.00848816866941604,0.975,0.9947751828003929,0.018322675210940442,,,,,,,,,,,,,,,,,,,,,,,,,,,
bert,P,ag_news@s0__cola@s1,200,7400,0.9385135135135135,0.945,0.76,0.745,0.7237837837837838,0.915,0.88,0.8870270270270271,0.94,0.905,0.9185135135135135,0.965,0.93,0.9254054054054054,200,843,0.8315539739027283,0.855,0.765,0.69,0.7247924080664294,0.79,0.715,0.7508896797153025,0.825,0.74,0.7627520759193357,0.81,0.735,0.7544483985765125,0.7625,0.7976886661097187,0.17859285665135372,0.8525,0.8837371205792259,0.07593194541583603,0.8825,0.9115845168476748,0.052024619770789204,0.8875,0.9218880534670009,0.053345780839672674,,,,,,,,,,,,,,,,,,,,,,,,,,,
bert,P,ag_news@s0__imdb@s1,200,7400,0.9385135135135135,0.945,0.87,0.845,0.8504054054054054,0.955,0.92,0.9244594594594595,0.97,0.935,0.9347297297297297,0.975,0.93,0.9347297297297297,200,9800,0.8895918367346939,0.9,0.86,0.86,0.8007142857142857,0.895,0.905,0.8638775510204082,0.92,0.91,0.8703061224489796,0.925,0.895,0.845,0.865,0.9248677248677248,0.09689436269737106,0.925,0.9895502645502645,0.02194025716758896,0.9450000000000001,1.0002645502645504,0.012855480852653534,0.95,0.9892857142857143,0.027078926597090436,,,,,,,,,,,,,,,,,,,,,,,,,,,
bert,P,ag_news@s0__mnli@s1,200,7400,0.9385135135135135,0.945,0.895,0.89,0.8535135135135136,0.93,0.925,0.8962162162162162,0.935,0.92,0.905,0.925,0.9,0.89,200,9615,0.821216848673947,0.77,0.36,0.36,0.3881435257410296,0.565,0.55,0.5803432137285491,0.77,0.69,0.7421736869474779,0.785,0.7,0.7440457618304732,0.6275,0.7046657046657047,0.30896218879997195,0.7475,0.8465608465608466,0.16919073221862613,0.8525,0.9348244348244348,0.06598020486628542,0.855,0.9307359307359307,0.07283174792825087,,,,,,,,,,,,,,,,,,,,,,,,,,,
bert,P,ag_news@s0__mrpc@s1,200,7400,0.9385135135135135,0.945,0.895,0.88,0.8702702702702703,0.925,0.92,0.9083783783783784,0.91,0.905,0.9009459459459459,0.815,0.795,0.8093243243243243,200,208,0.8413461538461539,0.865,0.72,0.685,0.6875,0.74,0.715,0.7259615384615384,0.805,0.77,0.8221153846153846,0.5,0.505,0.5288461538461539,0.8075,0.8615622228338993,0.1277856628612568,0.8325,0.9000672844603481,0.0846261441941788,0.8575,0.923922684038291,0.03144297027666365,0.6575,0.7125424350857877,0.2545407795947753,,,,,,,,,,,,,,,,,,,,,,,,,,,
bert,P,ag_news@s0__qnli@s1,200,7400,0.9385135135135135,0.945,0.89,0.885,0.8748648648648648,0.91,0.915,0.912972972972973,0.92,0.92,0.9167567567567567,0.92,0.91,0.9133783783783784,200,5263,0.8939768193045792,0.87,0.575,0.565,0.6047881436443093,0.705,0.675,0.7237317119513585,0.845,0.805,0.8098042941288238,0.79,0.72,0.7672430172905187,0.7324999999999999,0.7929666119321291,0.19565211403704075,0.8075,0.8720580186097429,0.10882476479458691,0.8825000000000001,0.9494161649334063,0.058668649759878955,0.855,0.8952745849297574,0.08427296910827375,,,,,,,,,,,,,,,,,,,,,,,,,,,
bert,P,ag_news@s0__rte@s1,200,7400,0.9385135135135135,0.945,0.895,0.87,0.8644594594594595,0.945,0.91,0.9212162162162162,0.965,0.91,0.93,0.96,0.925,0.9310810810810811,138,139,0.6330935251798561,0.6811594202898551,0.6086956521739131,0.5507246376811594,0.539568345323741,0.6884057971014492,0.6014492753623188,0.5467625899280576,0.782608695652174,0.6086956521739131,0.5467625899280576,0.5652173913043478,0.5217391304347826,0.4892086330935252,0.7518478260869565,0.8645727794663964,0.1133164801361346,0.8167028985507245,0.9229708431836092,0.07739708096079578,0.873804347826087,0.9282899921197794,0.07271745533084617,0.7626086956521738,0.8723967128222447,0.11759604686170555,,,,,,,,,,,,,,,,,,,,,,,,,,,
bert,P,ag_news@s0__scitail@s1,200,7400,0.9385135135135135,0.945,0.9,0.875,0.8793243243243243,0.96,0.935,0.924054054054054,0.96,0.935,0.9328378378378378,0.97,0.915,0.9347297297297297,200,1104,0.9384057971014492,0.935,0.6,0.575,0.6186594202898551,0.725,0.7,0.7427536231884058,0.87,0.835,0.8378623188405797,0.8,0.785,0.7952898550724637,0.75,0.7704495939790057,0.20190027268860966,0.8425,0.8690405455111337,0.11195048797640594,0.915,0.9412330588801177,0.05659518667078056,0.885,0.9039130803836687,0.07827066498772761,,,,,,,,,,,,,,,,,,,,,,,,,,,
bert,P,ag_news@s0__snli@s1,200,7400,0.9385135135135135,0.945,0.895,0.87,0.8671621621621621,0.955,0.93,0.9263513513513514,0.97,0.925,0.9345945945945946,0.955,0.925,0.9331081081081081,200,9642,0.8696328562538892,0.855,0.495,0.5,0.47977598008711886,0.8,0.765,0.7494295789255341,0.87,0.805,0.8213026343082348,0.81,0.735,0.7520224019912881,0.6950000000000001,0.7527151211361738,0.26216322729959773,0.8775,0.9394319131161237,0.07559099028786109,0.9199999999999999,0.9601782233361182,0.029875549133171253,0.8825000000000001,0.9192425508214983,0.07050052096011217,,,,,,,,,,,,,,,,,,,,,,,,,,,
bert,P,ag_news@s0__sst2@s1,200,7400,0.9385135135135135,0.945,0.875,0.85,0.8314864864864865,0.955,0.92,0.9106756756756756,0.96,0.925,0.9227027027027027,0.955,0.92,0.917027027027027,200,672,0.9166666666666666,0.92,0.935,0.935,0.8988095238095238,0.94,0.93,0.9032738095238095,0.95,0.92,0.8928571428571429,0.92,0.91,0.8764880952380952,0.905,0.9578876236484932,0.06675969818518412,0.9475,0.9922072693811825,0.02213600834011198,0.955,0.9894179894179895,0.02141033912092216,0.9375,0.9813377041637912,0.03336266864884574,,,,,,,,,,,,,,,,,,,,,,,,,,,
bert,P,ag_news@s0__stsb@s1,200,7400,0.9385135135135135,0.945,0.82,0.82,0.8216216216216217,0.895,0.89,0.8958108108108108,0.92,0.905,0.9132432432432432,0.93,0.92,0.9094594594594595,200,1300,0.894545762775735,0.8868945515064206,0.892583814595365,0.8084412549460324,0.8467484024748438,0.9062491562289059,0.8065639903584172,0.8486503044062312,0.8625500637515938,0.7621356453200574,0.8145495317915611,0.6817925448136204,0.5915928003947211,0.6982891664106479,0.8562919072976825,0.8896332205770818,0.08899101302634838,0.900624578114453,0.9256119217700061,0.04840312043835804,0.8912750318757969,0.9085012891175361,0.05817624804857613,0.8058962724068102,0.8202917306272837,0.1251749921949259,,,,,,,,,,,,,,,,,,,,,,,,,,,
bert,P,ag_news@s0__trec@s1,200,7400,0.9385135135135135,0.945,0.86,0.845,0.8341891891891892,0.94,0.92,0.9156756756756756,0.96,0.925,0.9289189189189189,0.955,0.91,0.9318918918918919,200,300,0.9766666666666667,0.98,0.685,0.68,0.64,0.93,0.92,0.9166666666666666,0.955,0.95,0.94,0.935,0.925,0.9233333333333333,0.7725,0.7940287226001512,0.22793450244116986,0.935,0.9561602418745276,0.04288375018735713,0.9575,0.9741118669690099,0.02388292213073473,0.9450000000000001,0.9534202569916856,0.030831472048789,,,,,,,,,,,,,,,,,,,,,,,,,,,
bert,P,ag_news@s0__wic@s1,200,7400,0.9385135135135135,0.945,0.9,0.895,0.8656756756756757,0.945,0.91,0.9233783783783783,0.955,0.94,0.9318918918918919,0.95,0.935,0.9321621621621622,200,438,0.7328767123287672,0.625,0.815,0.55,0.6757990867579908,0.845,0.59,0.7100456621004566,0.86,0.605,0.7397260273972602,0.765,0.62,0.7100456621004566,0.8574999999999999,0.9135449735449737,0.07774570557719873,0.895,0.9534814814814815,0.023639678919144425,0.9075,0.9813544973544973,-0.0011451794136843052,0.8574999999999999,0.9907089947089948,0.018960053289194922,,,,,,,,,,,,,,,,,,,,,,,,,,,
bert,P,ag_news@s0__yelp_polarity@s1,200,7400,0.9385135135135135,0.945,0.875,0.85,0.8578378378378378,0.95,0.915,0.9181081081081081,0.955,0.92,0.9295945945945946,0.96,0.905,0.9306756756756757,200,9800,0.9404081632653061,0.935,0.88,0.865,0.888265306122449,0.915,0.9,0.9181632653061225,0.935,0.91,0.9231632653061225,0.905,0.9,0.9106122448979592,0.8775,0.9123022946552358,0.07070408586063115,0.9325,0.9654104065868772,0.022698387254019625,0.9450000000000001,0.9734035028152676,0.013920456675965864,0.9325,0.9601194012958719,0.02001767983561309,,,,,,,,,,,,,,,,,,,,,,,,,,,
bert,P,cola@s0__imdb@s1,200,843,0.830367734282325,0.795,0.8,0.705,0.7330960854092526,0.835,0.74,0.767497034400949,0.87,0.765,0.7876631079478055,0.865,0.77,0.7935943060498221,200,9800,0.8895918367346939,0.9,0.655,0.675,0.6506122448979592,0.77,0.79,0.7555102040816326,0.845,0.835,0.8121428571428572,0.88,0.83,0.8413265306122449,0.7275,0.8183962264150944,0.19289122669026315,0.8025,0.9042976939203353,0.11321846426113469,0.8574999999999999,0.9450209643605869,0.06924491200471927,0.8725,0.9453878406708596,0.04927063874414184,,,,,,,,,,,,,,,,,,,,,,,,,,,
bert,P,cola@s0__mnli@s1,200,843,0.830367734282325,0.795,0.785,0.69,0.7117437722419929,0.79,0.695,0.7176749703440095,0.785,0.69,0.7141162514827996,0.79,0.695,0.7117437722419929,200,9615,0.821216848673947,0.77,0.375,0.375,0.39750390015600623,0.61,0.61,0.6370254810192407,0.845,0.76,0.7757670306812272,0.855,0.815,0.7829433177327093,0.5800000000000001,0.6774687576574369,0.3294072948328267,0.7,0.8332108143428898,0.18000253292806478,0.815,0.9274687576574369,0.09767223910840928,0.8225,0.9663276974597728,0.09473150962512666,,,,,,,,,,,,,,,,,,,,,,,,,,,
bert,P,cola@s0__mrpc@s1,200,843,0.830367734282325,0.795,0.86,0.745,0.7651245551601423,0.875,0.76,0.7912218268090154,0.895,0.76,0.8078291814946619,0.88,0.765,0.7935943060498221,200,208,0.8413461538461539,0.865,0.72,0.685,0.6875,0.74,0.705,0.7115384615384616,0.805,0.77,0.7644230769230769,0.845,0.77,0.7692307692307693,0.79,0.8645072163449303,0.13071428571428578,0.8075,0.8855018722506998,0.10071428571428576,0.8500000000000001,0.9230741265859599,0.059285714285714386,0.8625,0.9262187806740103,0.06499999999999995,,,,,,,,,,,,,,,,,,,,,,,,,,,
bert,P,cola@s0__qnli@s1,200,843,0.830367734282325,0.795,0.825,0.73,0.7508896797153025,0.87,0.775,0.7758007117437722,0.885,0.78,0.7864768683274022,0.865,0.77,0.7841043890865955,200,5263,0.8939768193045792,0.87,0.635,0.625,0.6410792323769713,0.805,0.785,0.8048641459243777,0.905,0.855,0.8717461523845715,0.89,0.82,0.8597757932737982,0.73,0.8183148991541964,0.1893024138454531,0.8375,0.9385708089351551,0.08269773796872637,0.895,0.9819453480806766,0.03886215272506455,0.8775,0.9555410973758404,0.04698572946713231,,,,,,,,,,,,,,,,,,,,,,,,,,,
bert,P,cola@s0__rte@s1,200,843,0.830367734282325,0.795,0.78,0.685,0.7319098457888493,0.85,0.755,0.7663107947805456,0.91,0.795,0.7900355871886121,0.925,0.78,0.8137603795966786,138,139,0.6330935251798561,0.6811594202898551,0.6376811594202898,0.5797101449275363,0.5323741007194245,0.782608695652174,0.6376811594202898,0.5755395683453237,0.8695652173913043,0.6811594202898551,0.6187050359712231,0.6304347826086957,0.5869565217391305,0.5323741007194245,0.7088405797101449,0.8563495249565101,0.13883116883116875,0.816304347826087,0.9429278736785762,0.084025974025974,0.8897826086956522,1.0,0.0356493506493506,0.7777173913043478,0.9214171015656363,0.08954545454545437,,,,,,,,,,,,,,,,,,,,,,,,,,,
bert,P,cola@s0__scitail@s1,200,843,0.830367734282325,0.795,0.82,0.725,0.7425860023724793,0.865,0.77,0.7746144721233689,0.9,0.785,0.7924080664294187,0.925,0.78,0.8054567022538552,200,1104,0.9384057971014492,0.935,0.575,0.55,0.6313405797101449,0.775,0.75,0.7871376811594203,0.91,0.875,0.9003623188405797,0.905,0.89,0.8931159420289855,0.6975,0.7500924898261191,0.21646718146718147,0.8200000000000001,0.8853462482763259,0.11416988416988416,0.905,0.9616251303265732,0.04312741312741308,0.915,0.9665018666128544,0.03913127413127415,,,,,,,,,,,,,,,,,,,,,,,,,,,
bert,P,cola@s0__snli@s1,200,843,0.830367734282325,0.795,0.785,0.69,0.7200474495848161,0.815,0.72,0.734282325029656,0.835,0.74,0.7425860023724793,0.83,0.725,0.7485172004744959,200,9642,0.8696328562538892,0.855,0.445,0.46,0.4632856253889235,0.81,0.78,0.7546152250570421,0.945,0.85,0.8403858120721842,0.945,0.84,0.8292885293507571,0.615,0.7029681121041598,0.3000600562228468,0.8125,0.9089705395564383,0.12398713689411367,0.8899999999999999,0.9624848284232593,0.0696728852542805,0.8875,0.9472029129427342,0.0724818979470141,,,,,,,,,,,,,,,,,,,,,,,,,,,
bert,P,cola@s0__sst2@s1,200,843,0.830367734282325,0.795,0.775,0.68,0.7283511269276394,0.815,0.72,0.7461447212336892,0.84,0.745,0.7746144721233689,0.85,0.745,0.7817319098457889,200,672,0.9166666666666666,0.92,0.95,0.94,0.8988095238095238,0.97,0.94,0.9032738095238095,0.965,0.945,0.9107142857142857,0.96,0.93,0.9107142857142857,0.8625,0.938542521192234,0.07116883116883121,0.8925,0.9636997538966365,0.05801948051948047,0.9025,0.9821404156412359,0.03681818181818186,0.905,0.9739882417281924,0.03253246753246741,,,,,,,,,,,,,,,,,,,,,,,,,,,
bert,P,cola@s0__stsb@s1,200,843,0.830367734282325,0.795,0.83,0.735,0.7520759193357058,0.865,0.77,0.7781731909845789,0.885,0.78,0.7852906287069988,0.865,0.8,0.7852906287069988,200,1300,0.894545762775735,0.8868945515064206,0.8905107627690694,0.8115427572555188,0.8538381886476547,0.9356273906847673,0.8371924515729853,0.8723575811955168,0.9481227030675768,0.8459542706578438,0.8602170332109444,0.8921953048826222,0.7918483677113984,0.7986345113837555,0.8602553813845346,0.9197834557339634,0.06989606654925273,0.9003136953423836,0.9562564311775932,0.043830497916585553,0.9165613515337885,0.9674853452346728,0.04633065669056835,0.878597652441311,0.9495609537295449,0.0807517698352449,,,,,,,,,,,,,,,,,,,,,,,,,,,
bert,P,cola@s0__trec@s1,200,843,0.830367734282325,0.795,0.8,0.705,0.7319098457888493,0.845,0.76,0.7698695136417556,0.865,0.78,0.797153024911032,0.875,0.79,0.8042704626334519,200,300,0.9766666666666667,0.98,0.71,0.715,0.76,0.945,0.94,0.9566666666666667,0.945,0.95,0.97,0.94,0.945,0.96,0.755,0.8081921447824412,0.1702072159921989,0.895,0.9575792581183417,0.04666747927840076,0.905,0.9752599152868695,0.02341296928327652,0.9075,0.9789982030548068,0.024246708922476934,,,,,,,,,,,,,,,,,,,,,,,,,,,
bert,P,cola@s0__wic@s1,200,843,0.830367734282325,0.795,0.82,0.725,0.7580071174377224,0.87,0.785,0.7852906287069988,0.905,0.78,0.8090154211150652,0.86,0.745,0.7935943060498221,200,438,0.7328767123287672,0.625,0.81,0.565,0.6735159817351598,0.845,0.61,0.7031963470319634,0.875,0.61,0.6940639269406392,0.8,0.605,0.6552511415525114,0.815,0.9079748427672956,0.08406987093902984,0.8574999999999999,0.9817106918238994,0.047392078326657816,0.89,0.978566037735849,0.03933689363595916,0.8300000000000001,0.9525534591194968,0.07510235870048954,,,,,,,,,,,,,,,,,,,,,,,,,,,
bert,P,cola@s0__yelp_polarity@s1,200,843,0.830367734282325,0.795,0.79,0.695,0.7283511269276394,0.835,0.74,0.7556346381969158,0.835,0.75,0.7710557532621589,0.83,0.745,0.7769869513641756,200,9800,0.9404081632653061,0.935,0.85,0.855,0.883061224489796,0.93,0.885,0.9213265306122449,0.945,0.92,0.9298979591836735,0.925,0.9,0.9278571428571428,0.8200000000000001,0.894326169575892,0.09191902281746023,0.8825000000000001,0.938670837117008,0.05514539930555551,0.8899999999999999,0.9636767228332155,0.04130239335317465,0.8775,0.9498368815793898,0.0388160342261904,,,,,,,,,,,,,,,,,,,,,,,,,,,
bert,P,imdb@s0__mnli@s1,200,9800,0.8893877551020408,0.91,0.845,0.855,0.8213265306122449,0.91,0.9,0.8659183673469387,0.89,0.91,0.8608163265306122,0.835,0.855,0.818469387755102,200,9615,0.821216848673947,0.77,0.375,0.375,0.40686427457098284,0.645,0.635,0.6664586583463339,0.855,0.735,0.7898075923036921,0.85,0.755,0.7781591263650546,0.61,0.7132867132867133,0.29054259992104803,0.7775000000000001,0.9068431568431569,0.10741904975791305,0.8725,0.9772727272727273,0.03518602084091815,0.8425,0.9600399600399601,0.0660850115289493,,,,,,,,,,,,,,,,,,,,,,,,,,,
bert,P,imdb@s0__mrpc@s1,200,9800,0.8893877551020408,0.91,0.825,0.825,0.8104081632653061,0.905,0.895,0.865,0.875,0.865,0.8516326530612245,0.74,0.75,0.7616326530612245,200,208,0.8413461538461539,0.865,0.72,0.685,0.6875,0.765,0.73,0.7163461538461539,0.845,0.8,0.7932692307692307,0.93,0.855,0.8173076923076923,0.7725,0.8492504605221368,0.13582967285124248,0.835,0.9137235596773169,0.087996131908477,0.86,0.9377024709394652,0.04979676129286048,0.835,0.9063075652671029,0.08610765095391071,,,,,,,,,,,,,,,,,,,,,,,,,,,
bert,P,imdb@s0__qnli@s1,200,9800,0.8893877551020408,0.91,0.89,0.85,0.8463265306122449,0.93,0.88,0.8808163265306123,0.905,0.875,0.8664285714285714,0.885,0.865,0.8259183673469388,200,5263,0.8939768193045792,0.87,0.61,0.6,0.6393691810754323,0.81,0.79,0.7934638039141174,0.935,0.895,0.8696560896826905,0.92,0.86,0.8734562036861105,0.75,0.8118605532398635,0.16661005277406438,0.8700000000000001,0.9375394720222306,0.06103551483365277,0.92,0.9951370468611848,0.02650984740340978,0.9025000000000001,0.9695275988379437,0.04715865724364399,,,,,,,,,,,,,,,,,,,,,,,,,,,
bert,P,imdb@s0__rte@s1,200,9800,0.8893877551020408,0.91,0.845,0.855,0.8316326530612245,0.935,0.895,0.8818367346938776,0.945,0.895,0.8851020408163265,0.95,0.87,0.8804081632653061,138,139,0.6330935251798561,0.6811594202898551,0.6376811594202898,0.5797101449275363,0.5323741007194245,0.7608695652173914,0.6594202898550725,0.5323741007194245,0.8913043478260869,0.7028985507246377,0.5755395683453237,0.8695652173913043,0.6666666666666666,0.5827338129496403,0.7413405797101449,0.8953121346738369,0.11201447703283396,0.8479347826086957,0.9758007949497312,0.08379052108974083,0.9181521739130434,1.0077156885667524,0.04786390754724845,0.9097826086956522,0.9673836801496375,0.044820914514581256,,,,,,,,,,,,,,,,,,,,,,,,,,,
bert,P,imdb@s0__scitail@s1,200,9800,0.8893877551020408,0.91,0.835,0.845,0.8064285714285714,0.92,0.9,0.8735714285714286,0.935,0.895,0.8837755102040816,0.935,0.885,0.8784693877551021,200,1104,0.9384057971014492,0.935,0.6,0.575,0.6521739130434783,0.795,0.77,0.8007246376811594,0.93,0.895,0.8994565217391305,0.89,0.895,0.9211956521739131,0.7175,0.771772345301757,0.1991480187326906,0.8575,0.9062702003878474,0.08225076679642984,0.9325000000000001,0.9703678674266909,0.02390801277905452,0.9125000000000001,0.9648733619321854,0.015308020929865718,,,,,,,,,,,,,,,,,,,,,,,,,,,
bert,P,imdb@s0__snli@s1,200,9800,0.8893877551020408,0.91,0.885,0.865,0.8463265306122449,0.94,0.9,0.8759183673469387,0.915,0.885,0.8624489795918368,0.875,0.865,0.8294897959183674,200,9642,0.8696328562538892,0.855,0.49,0.505,0.47075295581829496,0.815,0.78,0.7797137523335408,0.945,0.83,0.8513793818709812,0.935,0.84,0.8478531425015557,0.6875,0.7705963627016259,0.25354645621196303,0.8775,0.9506458453826876,0.059271744190151354,0.9299999999999999,0.9716438532228006,0.02563949315072611,0.905,0.9665027954501638,0.04619606489330175,,,,,,,,,,,,,,,,,,,,,,,,,,,
bert,P,imdb@s0__sst2@s1,200,9800,0.8893877551020408,0.91,0.92,0.92,0.8735714285714286,0.905,0.905,0.8793877551020408,0.91,0.91,0.8753061224489795,0.895,0.885,0.8560204081632653,200,672,0.9166666666666666,0.92,0.96,0.94,0.9017857142857143,0.97,0.95,0.9107142857142857,0.975,0.935,0.9002976190476191,0.96,0.91,0.8988095238095238,0.94,1.0163640707118966,0.017008576554239596,0.9375,1.0135570950788342,0.008868598129727068,0.9425,1.0081521739130435,0.016845046876024394,0.9275,0.9808289536550405,0.028498864604876495,,,,,,,,,,,,,,,,,,,,,,,,,,,
bert,P,imdb@s0__stsb@s1,200,9800,0.8893877551020408,0.91,0.85,0.85,0.8279591836734694,0.915,0.895,0.8756122448979592,0.94,0.9,0.8785714285714286,0.905,0.885,0.8592857142857143,200,1300,0.894545762775735,0.8868945515064206,0.8987219680492013,0.8234098316778279,0.8564960243752742,0.9526873171829296,0.857667470933627,0.8832201012272041,0.9751428785719645,0.8724971856307528,0.887317186682291,0.97131178279457,0.8613934770963304,0.8762512710224106,0.8743609840246007,0.9312425116057903,0.05580182100089126,0.9338436585914649,0.9752810401996402,0.014074776229659358,0.9575714392859822,0.9863887652668193,0.010121132257552956,0.938155891397285,0.9718871261206388,0.0271484766298149,,,,,,,,,,,,,,,,,,,,,,,,,,,
bert,P,imdb@s0__trec@s1,200,9800,0.8893877551020408,0.91,0.875,0.865,0.8364285714285714,0.955,0.895,0.8818367346938776,0.955,0.895,0.888061224489796,0.925,0.895,0.8773469387755102,200,300,0.9766666666666667,0.98,0.745,0.74,0.7366666666666667,0.97,0.95,0.9566666666666667,0.975,0.96,0.96,0.985,0.97,0.96,0.81,0.8528257456828885,0.15263972577206886,0.9624999999999999,0.9764521193092621,0.01448397439411564,0.965,0.9815541601255886,0.009278178141646887,0.9550000000000001,0.9866562009419152,0.015301583373404481,,,,,,,,,,,,,,,,,,,,,,,,,,,
bert,P,imdb@s0__wic@s1,200,9800,0.8893877551020408,0.91,0.88,0.87,0.8403061224489796,0.95,0.91,0.8820408163265306,0.945,0.895,0.8807142857142857,0.89,0.86,0.8497959183673469,200,438,0.7328767123287672,0.625,0.82,0.555,0.6621004566210046,0.875,0.61,0.6940639269406392,0.895,0.64,0.7009132420091324,0.875,0.65,0.7054794520547946,0.85,0.922021978021978,0.0758795368992321,0.9125,0.988,0.030610085794878672,0.9199999999999999,1.0037582417582418,0.02668294353207279,0.8825000000000001,0.9925274725274725,0.040949505260494234,,,,,,,,,,,,,,,,,,,,,,,,,,,
bert,P,imdb@s0__yelp_polarity@s1,200,9800,0.8893877551020408,0.91,0.915,0.885,0.8754081632653061,0.92,0.89,0.888061224489796,0.895,0.895,0.881938775510204,0.875,0.865,0.8638775510204082,200,9800,0.9404081632653061,0.935,0.95,0.905,0.9219387755102041,0.97,0.935,0.936530612244898,0.96,0.915,0.9364285714285714,0.93,0.925,0.9230612244897959,0.9325,0.9702209555150731,0.017678988155563236,0.9450000000000001,0.989010989010989,0.0028073868779001643,0.9275,0.9810630545924663,0.006303586196841016,0.9025000000000001,0.9699271316918375,0.023564531305772185,,,,,,,,,,,,,,,,,,,,,,,,,,,
bert,P,mnli@s0__mrpc@s1,200,9615,0.8246489859594384,0.78,0.51,0.525,0.5061882475299012,0.76,0.685,0.7504940197607904,0.865,0.745,0.7868954758190327,0.82,0.72,0.7268850754030162,200,208,0.8413461538461539,0.865,0.74,0.705,0.7163461538461539,0.795,0.78,0.8221153846153846,0.61,0.625,0.6586538461538461,0.48,0.505,0.5,0.625,0.7440529124055135,0.26737437615984727,0.7775000000000001,0.8899696161256855,0.056390105039367255,0.7375,0.8388357788646805,0.13146208313064167,0.6499999999999999,0.7534459759893286,0.2621332180242508,,,,,,,,,,,,,,,,,,,,,,,,,,,
bert,P,mnli@s0__qnli@s1,200,9615,0.8246489859594384,0.78,0.49,0.51,0.5187727509100364,0.76,0.64,0.734789391575663,0.835,0.71,0.7591263650546022,0.8,0.71,0.7045241809672387,200,5263,0.8939768193045792,0.87,0.82,0.82,0.8060041801254038,0.695,0.695,0.6731901957058711,0.57,0.58,0.5266958008740262,0.53,0.54,0.5069352080562417,0.655,0.7981874447391688,0.23466141924564576,0.7275,0.8096816976127321,0.17796919499023556,0.7024999999999999,0.7884615384615383,0.24514734849901265,0.665,0.7654730327144119,0.2893057393399363,,,,,,,,,,,,,,,,,,,,,,,,,,,
bert,P,mnli@s0__rte@s1,200,9615,0.8246489859594384,0.78,0.435,0.445,0.459594383775351,0.745,0.7,0.7452938117524701,0.88,0.74,0.8072802912116485,0.89,0.75,0.7724388975559022,138,139,0.6330935251798561,0.6811594202898551,0.7971014492753623,0.7101449275362319,0.6690647482014388,0.6739130434782609,0.644927536231884,0.6402877697841727,0.427536231884058,0.4855072463768116,0.5107913669064749,0.39855072463768115,0.45652173913043476,0.49640287769784175,0.6160507246376812,0.8065330060010911,0.19293029615106794,0.7094565217391304,0.9221222040370975,0.04243269815063222,0.653768115942029,0.8307419530823785,0.10712187138123563,0.6442753623188406,0.8158756137479541,0.13961049197995845,,,,,,,,,,,,,,,,,,,,,,,,,,,
bert,P,mnli@s0__scitail@s1,200,9615,0.8246489859594384,0.78,0.51,0.53,0.5223088923556942,0.775,0.71,0.7660946437857514,0.865,0.75,0.7927197087883515,0.835,0.745,0.747581903276131,200,1104,0.9384057971014492,0.935,0.84,0.815,0.8496376811594203,0.81,0.835,0.8469202898550725,0.655,0.67,0.6702898550724637,0.53,0.555,0.5208333333333334,0.675,0.7755724667489373,0.2306117127343006,0.7925,0.9016522692993281,0.08424775919100536,0.76,0.8390580008227067,0.1622164567681026,0.6825,0.7743555464143699,0.26921755142526993,,,,,,,,,,,,,,,,,,,,,,,,,,,
bert,P,mnli@s0__snli@s1,200,9615,0.8246489859594384,0.78,0.495,0.51,0.5497659906396256,0.775,0.755,0.7866874674987,0.86,0.785,0.7952158086323453,0.83,0.75,0.7382215288611544,200,9642,0.8696328562538892,0.855,0.785,0.78,0.7647790914747977,0.805,0.775,0.7747355320472931,0.775,0.735,0.7344949180667911,0.73,0.69,0.6995436631404273,0.64,0.7830634278002699,0.22695289206917113,0.79,0.9371907332433649,0.0775784912204942,0.8175,0.933029689608637,0.09554415292609209,0.78,0.8842780026990553,0.15019625202292897,,,,,,,,,,,,,,,,,,,,,,,,,,,
bert,P,mnli@s0__sst2@s1,200,9615,0.8246489859594384,0.78,0.385,0.4,0.4355694227769111,0.665,0.67,0.690795631825273,0.8,0.74,0.7603744149765991,0.78,0.745,0.6844513780551222,200,672,0.9166666666666666,0.92,0.95,0.95,0.8943452380952381,0.96,0.94,0.8958333333333334,0.97,0.93,0.8913690476190477,0.945,0.905,0.8839285714285714,0.6675,0.7727146042363433,0.24808149190952822,0.8125,0.9403567447045708,0.09252141161902783,0.885,0.97979375696767,0.052769567738353174,0.8625,0.9694119286510591,0.10286155703295319,,,,,,,,,,,,,,,,,,,,,,,,,,,
bert,P,mnli@s0__stsb@s1,200,9615,0.8246489859594384,0.78,0.385,0.395,0.43629745189807595,0.69,0.685,0.7055642225689027,0.885,0.775,0.8079043161726469,0.92,0.75,0.787207488299532,200,1300,0.894545762775735,0.8868945515064206,0.9309157728943225,0.8517106649490954,0.876027772560444,0.9236375909397736,0.8421937366378711,0.8457136286515458,0.8609135228380711,0.7882972526518194,0.7922947380474334,0.7743928598214956,0.7236911280675701,0.719554350734469,0.6579578864471612,0.7333696886381784,0.24581524874772387,0.8068187954698868,0.9139018145925892,0.09949767883204697,0.8729567614190356,0.9412091774825488,0.0673050883300157,0.8471964299107478,0.8887608724127362,0.12051168236402554,,,,,,,,,,,,,,,,,,,,,,,,,,,
bert,P,mnli@s0__trec@s1,200,9615,0.8246489859594384,0.78,0.345,0.36,0.393863754550182,0.57,0.59,0.6162246489859594,0.8,0.735,0.7785751430057203,0.885,0.79,0.7930317212688508,200,300,0.9766666666666667,0.98,0.635,0.63,0.6066666666666667,0.91,0.895,0.9066666666666666,0.945,0.93,0.9466666666666667,0.895,0.88,0.9266666666666666,0.49,0.5521978021978022,0.4506128838837171,0.74,0.8348377812663528,0.16220772495832259,0.8725,0.9456436420722135,0.04329378868860445,0.89,0.9553898482469911,0.04476740457223394,,,,,,,,,,,,,,,,,,,,,,,,,,,
bert,P,mnli@s0__wic@s1,200,9615,0.8246489859594384,0.78,0.34,0.365,0.39313572542901715,0.53,0.555,0.5727509100364014,0.77,0.755,0.7559022360894436,0.905,0.805,0.7895995839833594,200,438,0.7328767123287672,0.625,0.795,0.62,0.6689497716894978,0.705,0.62,0.6575342465753424,0.565,0.54,0.6118721461187214,0.49,0.525,0.545662100456621,0.5675,0.7299743589743589,0.3052482134080148,0.6174999999999999,0.8517692307692308,0.2041323521958316,0.6675,0.915974358974359,0.12423694871423141,0.6975,0.9360256410256411,0.14897696024177187,,,,,,,,,,,,,,,,,,,,,,,,,,,
bert,P,mnli@s0__yelp_polarity@s1,200,9615,0.8246489859594384,0.78,0.38,0.39,0.41341653666146644,0.63,0.63,0.6386895475819033,0.765,0.71,0.7595423816952678,0.83,0.765,0.7553822152886115,200,9800,0.9404081632653061,0.935,0.93,0.905,0.9183673469387755,0.94,0.925,0.9258163265306123,0.96,0.925,0.9272448979591836,0.94,0.915,0.9135714285714286,0.655,0.7339572192513368,0.2610566236284524,0.7849999999999999,0.8984985602632661,0.12050890865414932,0.8625,0.9497806115453173,0.046474041591783366,0.885,0.97968942821884,0.056266393046884855,,,,,,,,,,,,,,,,,,,,,,,,,,,
bert,P,mrpc@s0__qnli@s1,200,208,0.8317307692307693,0.87,0.765,0.695,0.7067307692307693,0.85,0.8,0.7836538461538461,0.815,0.805,0.8028846153846154,0.5,0.54,0.5480769230769231,200,5263,0.8939768193045792,0.87,0.79,0.79,0.777503325099753,0.9,0.87,0.8601558046741402,0.875,0.835,0.8348850465513965,0.75,0.75,0.701881056431693,0.7775000000000001,0.853448275862069,0.14028797307009522,0.875,0.9597701149425288,0.04781778086281352,0.845,0.9425287356321839,0.05039098732746505,0.625,0.7413793103448276,0.2779591260066465,,,,,,,,,,,,,,,,,,,,,,,,,,,
bert,P,mrpc@s0__rte@s1,200,208,0.8317307692307693,0.87,0.76,0.69,0.6923076923076923,0.84,0.77,0.7451923076923077,0.93,0.85,0.8509615384615384,0.855,0.815,0.7788461538461539,138,139,0.6330935251798561,0.6811594202898551,0.7028985507246377,0.6594202898550725,0.5611510791366906,0.8188405797101449,0.644927536231884,0.5683453237410072,0.6956521739130435,0.6086956521739131,0.5683453237410072,0.4927536231884058,0.4927536231884058,0.5323741007194245,0.7314492753623189,0.8805942773294204,0.14063321071991597,0.8294202898550724,0.9159329909513328,0.1031594850236468,0.8128260869565218,0.9353142577647346,0.039575669994745155,0.6738768115942029,0.8300929322572757,0.11133736205990541,,,,,,,,,,,,,,,,,,,,,,,,,,,
bert,P,mrpc@s0__scitail@s1,200,208,0.8317307692307693,0.87,0.775,0.705,0.6971153846153846,0.835,0.785,0.7596153846153846,0.87,0.84,0.8509615384615384,0.745,0.765,0.7596153846153846,200,1104,0.9384057971014492,0.935,0.745,0.72,0.7617753623188406,0.885,0.87,0.8940217391304348,0.805,0.82,0.8414855072463768,0.735,0.76,0.7336956521739131,0.76,0.7901991517610178,0.1750368246032986,0.86,0.9163900669985863,0.06700124980471811,0.8375,0.9212612944864466,0.040080232999308185,0.74,0.8460722847132582,0.15242596022942845,,,,,,,,,,,,,,,,,,,,,,,,,,,
bert,P,mrpc@s0__snli@s1,200,208,0.8317307692307693,0.87,0.765,0.695,0.6923076923076923,0.855,0.795,0.7836538461538461,0.83,0.82,0.7740384615384616,0.575,0.615,0.5865384615384616,200,9642,0.8696328562538892,0.855,0.615,0.61,0.5814146442646754,0.815,0.76,0.8083385189794648,0.82,0.76,0.8009749014727235,0.745,0.695,0.722775357809583,0.69,0.7561504335551522,0.24952761089338593,0.835,0.9013409961685824,0.06414323678740941,0.825,0.9157088122605364,0.07415733435359728,0.6599999999999999,0.7598810244000807,0.2318353376694552,,,,,,,,,,,,,,,,,,,,,,,,,,,
bert,P,mrpc@s0__sst2@s1,200,208,0.8317307692307693,0.87,0.755,0.685,0.6875,0.8,0.73,0.7019230769230769,0.855,0.805,0.7644230769230769,0.575,0.605,0.6346153846153846,200,672,0.9166666666666666,0.92,0.95,0.95,0.9032738095238095,0.955,0.955,0.9077380952380952,0.965,0.935,0.90625,0.965,0.925,0.8928571428571429,0.8525,0.9099825087456272,0.0940103971173335,0.8775,0.9385619690154922,0.0829048119510547,0.9099999999999999,0.970795852073963,0.04614424592748301,0.77,0.8504185407296352,0.13148412281360256,,,,,,,,,,,,,,,,,,,,,,,,,,,
bert,P,mrpc@s0__stsb@s1,200,208,0.8317307692307693,0.87,0.765,0.695,0.7019230769230769,0.825,0.765,0.7644230769230769,0.925,0.845,0.8317307692307693,0.775,0.795,0.7932692307692307,200,1300,0.894545762775735,0.8868945515064206,0.9130998274956875,0.8430696933646791,0.8651437008913527,0.9086942173554341,0.831363248539231,0.8510645728033397,0.8634125853146329,0.7976618080277036,0.8092961998963164,0.793977349433736,0.7354283477223231,0.7329792522032499,0.8390499137478438,0.8747183714849234,0.09446875572359081,0.866847108677717,0.9083485740854644,0.06476593002679754,0.8942062926573164,0.93532589702921,0.04764963762999286,0.784488674716868,0.87150522559251,0.11342784073462431,,,,,,,,,,,,,,,,,,,,,,,,,,,
bert,P,mrpc@s0__trec@s1,200,208,0.8317307692307693,0.87,0.755,0.685,0.6875,0.79,0.72,0.7163461538461539,0.86,0.79,0.7932692307692307,0.875,0.795,0.8076923076923077,200,300,0.9766666666666667,0.98,0.745,0.74,0.7433333333333333,0.975,0.965,0.97,0.97,0.955,0.9733333333333334,0.97,0.955,0.9666666666666667,0.75,0.7712291813277035,0.2061591272268145,0.8825000000000001,0.9061400422237861,0.07277713113298745,0.915,0.9412678864649309,0.024827871924875233,0.9225,0.9441414496833216,0.019570320976937783,,,,,,,,,,,,,,,,,,,,,,,,,,,
bert,P,mrpc@s0__wic@s1,200,208,0.8317307692307693,0.87,0.75,0.68,0.6875,0.765,0.695,0.6971153846153846,0.785,0.715,0.7163461538461539,0.83,0.76,0.75,200,438,0.7328767123287672,0.625,0.825,0.6,0.680365296803653,0.835,0.63,0.6940639269406392,0.79,0.645,0.6757990867579908,0.7,0.615,0.636986301369863,0.7875,0.8708045977011494,0.12253074748347825,0.8,0.9034252873563218,0.1074046062701457,0.7875000000000001,0.9269195402298851,0.10830497181855847,0.7649999999999999,0.9287816091954023,0.11455350872454217,,,,,,,,,,,,,,,,,,,,,,,,,,,
bert,P,mrpc@s0__yelp_polarity@s1,200,208,0.8317307692307693,0.87,0.755,0.685,0.6875,0.795,0.725,0.7115384615384616,0.865,0.805,0.7596153846153846,0.71,0.72,0.6682692307692307,200,9800,0.9404081632653061,0.935,0.92,0.925,0.9122448979591836,0.94,0.945,0.9077551020408163,0.92,0.915,0.8898979591836734,0.845,0.85,0.8262244897959183,0.8375,0.8883305673366526,0.10167916064547211,0.8674999999999999,0.9220142602495542,0.08961544637122665,0.8925000000000001,0.9519484909951441,0.07020806990606943,0.7775,0.8683385579937304,0.15897553137042397,,,,,,,,,,,,,,,,,,,,,,,,,,,
bert,P,qnli@s0__rte@s1,200,5263,0.8981569447083413,0.885,0.78,0.755,0.7630628918867566,0.94,0.865,0.8719361580847426,0.92,0.835,0.8626258787763633,0.755,0.75,0.7649629488884666,138,139,0.6330935251798561,0.6811594202898551,0.7246376811594203,0.6666666666666666,0.5323741007194245,0.5869565217391305,0.572463768115942,0.5755395683453237,0.463768115942029,0.5072463768115942,0.539568345323741,0.4057971014492754,0.463768115942029,0.5251798561151079,0.7523188405797101,0.9159153744440437,0.1547517164451795,0.7634782608695652,0.9089133309291981,0.060051541435082734,0.6918840579710145,0.8440918379612934,0.09364362367059642,0.5803985507246376,0.7641543454742157,0.15937578129507468,,,,,,,,,,,,,,,,,,,,,,,,,,,
bert,P,qnli@s0__scitail@s1,200,5263,0.8981569447083413,0.885,0.805,0.77,0.8113243397301919,0.805,0.78,0.815124453733612,0.75,0.745,0.7472924187725631,0.65,0.655,0.6410792323769713,200,1104,0.9384057971014492,0.935,0.84,0.815,0.8469202898550725,0.865,0.88,0.8686594202898551,0.695,0.72,0.7382246376811594,0.555,0.58,0.5833333333333334,0.8225,0.8708571255929182,0.09708450101405464,0.835,0.9112662013958126,0.083385982767197,0.7224999999999999,0.8059306927701744,0.19064584621491754,0.6025,0.6802169249826279,0.33230321499837046,,,,,,,,,,,,,,,,,,,,,,,,,,,
bert,P,qnli@s0__snli@s1,200,5263,0.8981569447083413,0.885,0.75,0.725,0.7427322819684591,0.925,0.85,0.8620558616758502,0.855,0.79,0.8341250237507125,0.755,0.75,0.7351320539616188,200,9642,0.8696328562538892,0.855,0.68,0.65,0.6236258037751504,0.795,0.765,0.8062642605268616,0.775,0.725,0.7523335407591786,0.73,0.68,0.6963285625388923,0.7150000000000001,0.7897214788383389,0.22796727562226105,0.8600000000000001,0.9275944097531965,0.05653142183366877,0.815,0.8703042918029538,0.10308814775092123,0.7424999999999999,0.8213896322727723,0.1903974541258624,,,,,,,,,,,,,,,,,,,,,,,,,,,
bert,P,qnli@s0__sst2@s1,200,5263,0.8981569447083413,0.885,0.695,0.68,0.7157514725441764,0.895,0.84,0.8343150294508835,0.945,0.85,0.8559756792703781,0.69,0.685,0.6842105263157895,200,672,0.9166666666666666,0.92,0.945,0.935,0.8973214285714286,0.96,0.94,0.9196428571428571,0.97,0.93,0.9151785714285714,0.955,0.925,0.8973214285714286,0.82,0.8923329648734954,0.11209626791655558,0.9275,0.9854458364038319,0.033917135329236014,0.9575,0.9856607713092607,0.024293812280378857,0.8225,0.889723041021862,0.12965497322647734,,,,,,,,,,,,,,,,,,,,,,,,,,,
bert,P,qnli@s0__stsb@s1,200,5263,0.8981569447083413,0.885,0.705,0.68,0.6986509595287859,0.875,0.85,0.8407752232566977,0.95,0.875,0.88656659699791,0.925,0.86,0.8753562606878207,200,1300,0.894545762775735,0.8868945515064206,0.895345383634591,0.8288907537165187,0.8522457703069176,0.9005745143628592,0.8308002943446244,0.8565545587755444,0.8776419410485263,0.812009633934246,0.8378573816206505,0.7923603090077254,0.7369475734421684,0.7766008296759918,0.8001726918172956,0.8514802868862188,0.13470738017865969,0.8877872571814296,0.9486020165685238,0.05317906424230323,0.9138209705242631,0.9521327959509883,0.03813786330460822,0.8586801545038627,0.9013408661880129,0.07861752255720689,,,,,,,,,,,,,,,,,,,,,,,,,,,
bert,P,qnli@s0__trec@s1,200,5263,0.8981569447083413,0.885,0.7,0.685,0.6815504465133954,0.84,0.795,0.8058141744252327,0.86,0.795,0.8326049781493445,0.805,0.77,0.7662929887896637,200,300,0.9766666666666667,0.98,0.85,0.845,0.84,0.965,0.945,0.96,0.975,0.955,0.9733333333333334,0.965,0.955,0.9466666666666667,0.7749999999999999,0.818128098697106,0.19054975014638886,0.9025,0.9312953995157385,0.05993923513964883,0.9175,0.9363974403320651,0.038198974592981605,0.885,0.9222731465467543,0.08876644301019998,,,,,,,,,,,,,,,,,,,,,,,,,,,
bert,P,qnli@s0__wic@s1,200,5263,0.8981569447083413,0.885,0.635,0.62,0.6443093292798784,0.785,0.77,0.7725631768953068,0.84,0.815,0.8307049211476344,0.885,0.84,0.8571157134714041,200,438,0.7328767123287672,0.625,0.82,0.615,0.6872146118721462,0.81,0.655,0.678082191780822,0.69,0.625,0.6506849315068494,0.545,0.54,0.6118721461187214,0.7275,0.8422824858757062,0.17246849311999013,0.7975000000000001,0.9590282485875706,0.1073006728102035,0.7649999999999999,0.96045197740113,0.09362500963840659,0.7150000000000001,0.9065762711864407,0.10540198910349319,,,,,,,,,,,,,,,,,,,,,,,,,,,
bert,P,qnli@s0__yelp_polarity@s1,200,5263,0.8981569447083413,0.885,0.695,0.67,0.6868706061181835,0.85,0.805,0.8242447273418203,0.93,0.845,0.8736462093862816,0.86,0.815,0.8267148014440433,200,9800,0.9404081632653061,0.935,0.945,0.92,0.923469387755102,0.97,0.945,0.9322448979591836,0.98,0.935,0.9333673469387755,0.945,0.92,0.9146938775510204,0.82,0.870509683071996,0.1266282468987261,0.9099999999999999,0.9601498534698933,0.04548688238958232,0.9550000000000001,0.9774011299435028,0.017388507565139988,0.9025,0.9524305870267984,0.05344340028030459,,,,,,,,,,,,,,,,,,,,,,,,,,,
bert,P,rte@s0__scitail@s1,138,139,0.5899280575539568,0.6956521739130435,0.6811594202898551,0.6231884057971014,0.5539568345323741,0.7971014492753623,0.6666666666666666,0.6187050359712231,0.8260869565217391,0.7246376811594203,0.6402877697841727,0.717391304347826,0.6304347826086957,0.5899280575539568,200,1104,0.9384057971014492,0.935,0.8,0.775,0.802536231884058,0.955,0.92,0.9284420289855072,0.88,0.865,0.8786231884057971,0.71,0.725,0.7219202898550725,0.7405797101449276,0.8623551693404634,0.10288162727187111,0.8760507246376812,0.971145276292335,-0.01908136359355872,0.8530434782608696,0.9834001782531194,-0.010829644975986596,0.7136956521739131,0.8408255347593583,0.11534749034749026,,,,,,,,,,,,,,,,,,,,,,,,,,,
bert,P,rte@s0__snli@s1,138,139,0.5899280575539568,0.6956521739130435,0.6666666666666666,0.5942028985507246,0.5611510791366906,0.7898550724637681,0.6884057971014492,0.6330935251798561,0.7898550724637681,0.7463768115942029,0.6762589928057554,0.6811594202898551,0.6956521739130435,0.6187050359712231,200,9642,0.8696328562538892,0.855,0.62,0.6,0.5866002903961833,0.835,0.79,0.8133167392657125,0.83,0.75,0.7878033602986932,0.775,0.71,0.7327317983820784,0.6433333333333333,0.7779605263157894,0.18712131128466925,0.812427536231884,0.9567799707602339,-0.004206117195340031,0.8099275362318841,0.9750548245614036,-0.0261224311706445,0.7280797101449276,0.9152046783625731,0.0543217417862909,,,,,,,,,,,,,,,,,,,,,,,,,,,
bert,P,rte@s0__sst2@s1,138,139,0.5899280575539568,0.6956521739130435,0.6521739130434783,0.5797101449275363,0.5179856115107914,0.7246376811594203,0.6086956521739131,0.539568345323741,0.7463768115942029,0.644927536231884,0.5611510791366906,0.5072463768115942,0.4927536231884058,0.49640287769784175,200,672,0.9166666666666666,0.92,0.955,0.945,0.8973214285714286,0.965,0.935,0.8988095238095238,0.975,0.945,0.9092261904761905,0.96,0.92,0.90625,0.8035869565217391,0.9302536231884058,0.07152755780804565,0.8448188405797101,0.9456521739130435,0.052423186569528046,0.8606884057971014,0.9771286231884058,0.02844868546088053,0.7336231884057971,0.8541666666666667,0.08495011086474502,,,,,,,,,,,,,,,,,,,,,,,,,,,
bert,P,rte@s0__stsb@s1,138,139,0.5899280575539568,0.6956521739130435,0.6521739130434783,0.5797101449275363,0.5323741007194245,0.7246376811594203,0.6376811594202898,0.5827338129496403,0.7753623188405797,0.644927536231884,0.6187050359712231,0.7971014492753623,0.6811594202898551,0.6258992805755396,200,1300,0.894545762775735,0.8868945515064206,0.9208040201005028,0.8339010460485181,0.8611808867297263,0.951406285157129,0.8455932293677026,0.8688132088583409,0.9454436360909024,0.8366850421922464,0.857910529630167,0.8974994374859373,0.7929007167525165,0.81894895796204,0.7864889665719905,0.8867907894454732,0.06742954827467396,0.8380219831582747,0.9350490984327093,0.02048058920523721,0.8604029774657411,0.9352353086960987,-0.003913240561720821,0.8473004433806498,0.9365929104052342,0.011766492196212397,,,,,,,,,,,,,,,,,,,,,,,,,,,
bert,P,rte@s0__trec@s1,138,139,0.5899280575539568,0.6956521739130435,0.644927536231884,0.572463768115942,0.5251798561151079,0.6956521739130435,0.5942028985507246,0.5467625899280576,0.7898550724637681,0.6594202898550725,0.5755395683453237,0.7608695652173914,0.7028985507246377,0.5971223021582733,200,300,0.9766666666666667,0.98,0.745,0.74,0.7366666666666667,0.965,0.955,0.9733333333333334,0.995,0.975,0.97,0.985,0.98,0.9733333333333334,0.694963768115942,0.7890093537414966,0.17774494297844012,0.8303260869565217,0.914328231292517,0.03829185049529671,0.8924275362318841,0.9714073129251701,0.015608091234496024,0.8729347826086957,1.0052083333333335,-0.004391076333971622,,,,,,,,,,,,,,,,,,,,,,,,,,,
bert,P,rte@s0__wic@s1,138,139,0.5899280575539568,0.6956521739130435,0.644927536231884,0.572463768115942,0.5251798561151079,0.6956521739130435,0.5942028985507246,0.5539568345323741,0.8043478260869565,0.6739130434782609,0.5827338129496403,0.7608695652173914,0.6739130434782609,0.5971223021582733,200,438,0.7328767123287672,0.625,0.79,0.645,0.678082191780822,0.745,0.68,0.6735159817351598,0.615,0.63,0.639269406392694,0.52,0.565,0.6004566210045662,0.717463768115942,0.9274583333333333,0.09226122635058132,0.7203260869565218,0.9710833333333333,0.07098624724565006,0.7096739130434783,0.988375,0.06996048932451937,0.6404347826086957,0.936375,0.0842451181521161,,,,,,,,,,,,,,,,,,,,,,,,,,,
bert,P,rte@s0__yelp_polarity@s1,138,139,0.5899280575539568,0.6956521739130435,0.6521739130434783,0.5797101449275363,0.5179856115107914,0.7246376811594203,0.6231884057971014,0.5467625899280576,0.8405797101449275,0.6811594202898551,0.60431654676259,0.7028985507246377,0.6594202898550725,0.5323741007194245,200,9800,0.9404081632653061,0.935,0.905,0.88,0.9045918367346939,0.96,0.915,0.9304081632653062,0.98,0.935,0.9358163265306122,0.98,0.935,0.9344897959183673,0.7785869565217391,0.8872549019607843,0.0800185785060975,0.8423188405797102,0.9372214795008913,0.04190220613143625,0.9102898550724637,0.9895833333333334,-0.009753715701219523,0.8414492753623188,0.9739583333333334,0.05192718919376693,,,,,,,,,,,,,,,,,,,,,,,,,,,
bert,P,scitail@s0__snli@s1,200,1104,0.9384057971014492,0.905,0.665,0.68,0.7282608695652174,0.895,0.9,0.9139492753623188,0.825,0.78,0.8170289855072463,0.68,0.665,0.654891304347826,200,9642,0.8696328562538892,0.855,0.62,0.61,0.6040240613980502,0.805,0.8,0.819539514623522,0.835,0.77,0.7910184609002282,0.745,0.705,0.7190416925948974,0.6425000000000001,0.7324157539336371,0.2646822902636856,0.8500000000000001,0.965073826370715,0.04183231915790053,0.83,0.8812316241801558,0.10987157615064591,0.7125,0.7796840166715131,0.23764496031937887,,,,,,,,,,,,,,,,,,,,,,,,,,,
bert,P,scitail@s0__sst2@s1,200,1104,0.9384057971014492,0.905,0.545,0.56,0.6295289855072463,0.74,0.755,0.8052536231884058,0.845,0.86,0.884963768115942,0.705,0.69,0.6965579710144928,200,672,0.9166666666666666,0.92,0.96,0.94,0.9002976190476191,0.965,0.945,0.9136904761904762,0.955,0.935,0.9032738095238095,0.95,0.92,0.90625,0.7525,0.8202618304107614,0.17350386100386095,0.8525,0.9307140283449435,0.07256932256932258,0.8999999999999999,0.9832902954600047,0.035780098280098205,0.8274999999999999,0.8812154696132597,0.13454282204282197,,,,,,,,,,,,,,,,,,,,,,,,,,,
bert,P,scitail@s0__stsb@s1,200,1104,0.9384057971014492,0.905,0.67,0.685,0.7065217391304348,0.88,0.905,0.9067028985507246,0.94,0.895,0.9193840579710145,0.81,0.785,0.8115942028985508,200,1300,0.894545762775735,0.8868945515064206,0.9176134403360084,0.8322369534492609,0.870469013724715,0.9505737643441088,0.8475553123873051,0.8820513704734972,0.9529288232205807,0.8439876840046844,0.8761405386875605,0.913447836195905,0.8058051281040876,0.8406034795588861,0.7938067201680042,0.847639004489066,0.1370096514131416,0.9152868821720543,0.9778219185965815,0.02387554371953471,0.9464644116102903,0.9702857531327355,0.020422604403931288,0.8617239180979526,0.8879862884416946,0.09771822361084725,,,,,,,,,,,,,,,,,,,,,,,,,,,
bert,P,scitail@s0__trec@s1,200,1104,0.9384057971014492,0.905,0.52,0.535,0.6077898550724637,0.705,0.72,0.7545289855072463,0.835,0.85,0.8813405797101449,0.915,0.9,0.917572463768116,200,300,0.9766666666666667,0.98,0.7,0.695,0.6633333333333333,0.95,0.935,0.9566666666666667,0.97,0.955,0.9633333333333334,0.965,0.95,0.97,0.61,0.6501719472319314,0.33656785747229434,0.8274999999999999,0.8748308715751494,0.10821188082280231,0.9025,0.956858157627692,0.037231343971958264,0.94,0.9819314466117939,0.014513355383662496,,,,,,,,,,,,,,,,,,,,,,,,,,,
bert,P,scitail@s0__wic@s1,200,1104,0.9384057971014492,0.905,0.5,0.515,0.5942028985507246,0.635,0.65,0.7056159420289855,0.765,0.78,0.8088768115942029,0.855,0.86,0.8632246376811594,200,438,0.7328767123287672,0.625,0.805,0.63,0.6666666666666666,0.78,0.655,0.6757990867579908,0.685,0.65,0.639269406392694,0.55,0.575,0.591324200913242,0.6525000000000001,0.7885303867403315,0.22856902296154646,0.7075,0.8831160220994476,0.1629755590035964,0.7250000000000001,0.950939226519337,0.13287837236435374,0.7025,0.9351381215469612,0.13663112378065645,,,,,,,,,,,,,,,,,,,,,,,,,,,
bert,P,scitail@s0__yelp_polarity@s1,200,1104,0.9384057971014492,0.905,0.525,0.54,0.6213768115942029,0.71,0.725,0.7934782608695652,0.87,0.885,0.8967391304347826,0.825,0.8,0.8405797101449275,200,9800,0.9404081632653061,0.935,0.925,0.89,0.909795918367347,0.965,0.93,0.9311224489795918,0.965,0.92,0.934795918367347,0.965,0.91,0.9288775510204081,0.7250000000000001,0.7742783703134695,0.1851949605855856,0.8374999999999999,0.8978786893964015,0.08215714319229939,0.9175,0.9809288858687624,0.02518471317299431,0.895,0.9286199663190239,0.05825419448466329,,,,,,,,,,,,,,,,,,,,,,,,,,,
bert,P,snli@s0__sst2@s1,200,9642,0.8703588467123003,0.865,0.535,0.51,0.48672474590333953,0.805,0.79,0.7575191868906865,0.865,0.815,0.8123833229620411,0.69,0.675,0.6890686579547811,200,672,0.9166666666666666,0.92,0.955,0.955,0.9092261904761905,0.97,0.95,0.9092261904761905,0.97,0.94,0.9032738095238095,0.97,0.93,0.8705357142857143,0.745,0.8138194269917064,0.22444690676339873,0.8875,0.9729517466700176,0.0688820831218353,0.9175,0.981967831113345,0.04061072388050457,0.83,0.89560819301332,0.12930914414470185,,,,,,,,,,,,,,,,,,,,,,,,,,,
bert,P,snli@s0__stsb@s1,200,9642,0.8703588467123003,0.865,0.615,0.605,0.5986309894212819,0.865,0.845,0.8124870358846712,0.9,0.83,0.8401783862269239,0.885,0.83,0.8146650072599045,200,1300,0.894545762775735,0.8868945515064206,0.9152388809720245,0.8298958146052898,0.8671781273510686,0.8838610965274134,0.7978974981838456,0.8350092523701239,0.84977574439361,0.767220247605745,0.7961943378997037,0.8064576614415361,0.7275567468705361,0.7329356678162928,0.7651194404860122,0.8175770966156208,0.17139799404159972,0.8744305482637067,0.9382658933120331,0.06652345811613847,0.874887872196805,0.9123006166038548,0.0723107712244424,0.845728830720768,0.8899397278894978,0.12232557154623414,,,,,,,,,,,,,,,,,,,,,,,,,,,
bert,P,snli@s0__trec@s1,200,9642,0.8703588467123003,0.865,0.485,0.455,0.442231902095001,0.795,0.76,0.7215308027380212,0.91,0.86,0.8434971997510889,0.915,0.835,0.8551130470856668,200,300,0.9766666666666667,0.98,0.655,0.65,0.6333333333333333,0.97,0.96,0.9566666666666667,0.98,0.97,0.9733333333333334,0.98,0.97,0.96,0.5700000000000001,0.5946384334080453,0.4217164404910252,0.8825000000000001,0.9291022767488498,0.09573700127213636,0.9450000000000001,0.9920077857732688,0.017137847844688747,0.9475,0.9775569187212457,0.017290764485598187,,,,,,,,,,,,,,,,,,,,,,,,,,,
bert,P,snli@s0__wic@s1,200,9642,0.8703588467123003,0.865,0.5,0.47,0.4546774528106202,0.7,0.665,0.6566065131715412,0.845,0.78,0.7717278572910184,0.87,0.805,0.7965152457996266,200,438,0.7328767123287672,0.625,0.81,0.595,0.6712328767123288,0.815,0.62,0.6963470319634704,0.77,0.615,0.6735159817351598,0.67,0.555,0.6164383561643836,0.655,0.7476763005780347,0.28085493081973933,0.7575,0.8803930635838151,0.1477176379224836,0.8075,0.9428670520231214,0.09715954818266326,0.77,0.9093179190751446,0.12186060600661075,,,,,,,,,,,,,,,,,,,,,,,,,,,
bert,P,snli@s0__yelp_polarity@s1,200,9642,0.8703588467123003,0.865,0.51,0.48,0.45809997925741547,0.785,0.775,0.7354283343704625,0.89,0.835,0.8319850653391413,0.855,0.8,0.8165318398672474,200,9800,0.9404081632653061,0.935,0.925,0.9,0.9088775510204081,0.965,0.91,0.9287755102040817,0.985,0.93,0.9333673469387755,0.96,0.935,0.9212244897959184,0.7175,0.758740069858737,0.2535970207241023,0.875,0.9346078946554975,0.08369919516603108,0.9375,0.9799851627461285,0.025788294159119762,0.9075,0.9624277456647399,0.04112195973678634,,,,,,,,,,,,,,,,,,,,,,,,,,,
bert,P,sst2@s0__stsb@s1,200,672,0.9122023809523809,0.94,0.94,0.94,0.8854166666666666,0.97,0.94,0.9077380952380952,0.965,0.945,0.9092261904761905,0.965,0.925,0.8973214285714286,200,1300,0.894545762775735,0.8868945515064206,0.9029370734268358,0.826304166843699,0.8533398220674434,0.9248586214655368,0.8463520916220324,0.8578760781732667,0.8945623640591016,0.8158467297246853,0.8276165076901842,0.7996519912997825,0.707333930989078,0.728937798073988,0.9214685367134179,0.9658412690889764,0.037713660199215626,0.9474293107327684,0.9771435849867802,0.022943241793303204,0.9297811820295507,0.9626053077793011,0.03904095309103517,0.8823259956498912,0.8907913049985843,0.1007220023813844,,,,,,,,,,,,,,,,,,,,,,,,,,,
bert,P,sst2@s0__trec@s1,200,672,0.9122023809523809,0.94,0.92,0.92,0.8675595238095238,0.94,0.92,0.9017857142857143,0.96,0.94,0.90625,0.96,0.94,0.9032738095238095,200,300,0.9766666666666667,0.98,0.805,0.8,0.82,0.985,0.965,0.97,0.985,0.97,0.9566666666666667,0.97,0.965,0.9466666666666667,0.8625,0.8975249674337821,0.10467459871164586,0.9624999999999999,0.9817086409031699,0.009122594079361335,0.9724999999999999,0.9948979591836735,0.013501550590449218,0.965,0.9923469387755102,0.02025232588567394,,,,,,,,,,,,,,,,,,,,,,,,,,,
bert,P,sst2@s0__wic@s1,200,672,0.9122023809523809,0.94,0.925,0.915,0.8854166666666666,0.965,0.935,0.9032738095238095,0.965,0.925,0.9136904761904762,0.95,0.92,0.8973214285714286,200,438,0.7328767123287672,0.625,0.82,0.585,0.6643835616438356,0.82,0.615,0.7031963470319634,0.78,0.585,0.6872146118721462,0.64,0.535,0.591324200913242,0.8725,0.9547021276595744,0.06141086429540632,0.8925,0.9893404255319149,0.025143185294730586,0.8725,0.9600212765957448,0.030336987289922956,0.7949999999999999,0.9173617021276597,0.10472981557429117,,,,,,,,,,,,,,,,,,,,,,,,,,,
bert,P,sst2@s0__yelp_polarity@s1,200,672,0.9122023809523809,0.94,0.945,0.925,0.8854166666666666,0.97,0.95,0.90625,0.955,0.945,0.90625,0.94,0.91,0.8958333333333334,200,9800,0.9404081632653061,0.935,0.915,0.88,0.915,0.945,0.89,0.926734693877551,0.955,0.9,0.926530612244898,0.935,0.89,0.9164285714285715,0.9299999999999999,0.9626095118898623,0.028191006916122863,0.9575,0.9812549778131756,0.010532608018397616,0.955,0.983942996927978,0.010641114962842035,0.9375,0.9599783820684947,0.02172183350892687,,,,,,,,,,,,,,,,,,,,,,,,,,,
bert,P,stsb@s0__trec@s1,200,1300,0.8885232145619162,0.8907624221261651,0.9139698492462313,0.8361048240690051,0.862434135661854,0.9498417460436512,0.855617567059666,0.8814279256689006,0.9495672391809797,0.8566166231036946,0.8727475936657055,0.908956723918098,0.8310202217833176,0.8245603275047039,200,300,0.9766666666666667,0.98,0.66,0.655,0.6233333333333333,0.935,0.92,0.92,0.97,0.95,0.9566666666666667,0.97,0.95,0.9633333333333334,0.7869849246231156,0.8035034400538955,0.19556851847808354,0.9424208730218256,0.9496603540613617,0.0330029814590469,0.9597836195904899,0.9655272635503042,0.019116346636833148,0.939478361959049,0.9511595709509235,0.0428198698499066,,,,,,,,,,,,,,,,,,,,,,,,,,,
bert,P,stsb@s0__wic@s1,200,1300,0.8885232145619162,0.8907624221261651,0.912918322958074,0.8332285034373613,0.8582572857444095,0.9477506937673444,0.8546282688883436,0.8782690499083327,0.9483297082427061,0.8526316580114719,0.8731129600726226,0.9198634965874147,0.8274030534315713,0.8457925636352236,200,438,0.7328767123287672,0.625,0.815,0.6,0.6712328767123288,0.875,0.62,0.7054794520547946,0.86,0.625,0.7146118721461188,0.795,0.65,0.6963470319634704,0.863959161479037,0.9477052392087467,0.059087666243922365,0.9113753468836723,0.9757172891782004,0.024461930226625905,0.9041648541213531,0.9785965577534812,0.021132894791361823,0.8574317482937074,0.9844353156797068,0.0489680016087638,,,,,,,,,,,,,,,,,,,,,,,,,,,
bert,P,stsb@s0__yelp_polarity@s1,200,1300,0.8885232145619162,0.8907624221261651,0.9116807920198007,0.8239254977200877,0.8524862252385462,0.9445946148653719,0.8472235447152836,0.8686897215843574,0.9405010125253134,0.8434757709903887,0.8575560866559067,0.8840891022275558,0.7906609096635747,0.8054538879264759,200,9800,0.9404081632653061,0.935,0.915,0.88,0.9133673469387755,0.945,0.91,0.9320408163265306,0.96,0.925,0.9357142857142857,0.985,0.94,0.9306122448979591,0.9133403960099004,0.9330715401878378,0.03465631914296852,0.9447973074326859,0.9621919084146444,0.01560971594636451,0.9502505062626567,0.9681096100658093,0.01992183801362324,0.9345445511137779,0.9464851262906959,0.05195405999192004,,,,,,,,,,,,,,,,,,,,,,,,,,,
bert,P,trec@s0__wic@s1,200,300,0.9633333333333334,0.97,0.67,0.67,0.7033333333333334,0.945,0.945,0.9533333333333334,0.985,0.965,0.96,0.98,0.96,0.95,200,438,0.7328767123287672,0.625,0.805,0.57,0.6529680365296804,0.88,0.605,0.6940639269406392,0.935,0.64,0.7054794520547946,0.835,0.6,0.680365296803653,0.7375,0.8013608247422681,0.18946523084219946,0.9125,0.9711134020618557,0.03167006219750146,0.96,1.0094226804123712,0.02042169259127513,0.9075,0.9748453608247423,0.04274596039625311,,,,,,,,,,,,,,,,,,,,,,,,,,,
bert,P,trec@s0__yelp_polarity@s1,200,300,0.9633333333333334,0.97,0.725,0.725,0.7733333333333333,0.94,0.94,0.9466666666666667,0.95,0.95,0.9533333333333334,0.965,0.955,0.9433333333333334,200,9800,0.9404081632653061,0.935,0.915,0.87,0.9102040816326531,0.96,0.915,0.9307142857142857,0.96,0.925,0.9353061224489796,0.965,0.93,0.9291836734693878,0.8200000000000001,0.8389519819174155,0.11467494473279505,0.95,0.9738408953084514,0.01380459889225305,0.955,0.9843431280665969,0.00790298502979625,0.965,0.9895942444456696,0.0163485047818146,,,,,,,,,,,,,,,,,,,,,,,,,,,
bert,P,wic@s0__yelp_polarity@s1,200,438,0.7146118721461188,0.655,0.755,0.55,0.6643835616438356,0.81,0.595,0.684931506849315,0.835,0.63,0.684931506849315,0.835,0.62,0.636986301369863,200,9800,0.9404081632653061,0.935,0.915,0.89,0.9127551020408163,0.94,0.915,0.9295918367346939,0.96,0.915,0.9322448979591836,0.92,0.915,0.9288775510204081,0.835,0.8957831571212802,0.04984646094027334,0.875,0.9435032861166673,0.02651764121849487,0.8975,0.9702208433685757,0.02510705094071719,0.8775,0.9625872555823162,0.060443741402644635,,,,,,,,,,,,,,,,,,,,,,,,,,,
roberta,R0,cola@s0__sst2@s0,200,843,0.8362989323843416,0.855,0.79,0.695,0.7176749703440095,0.83,0.735,0.7603795966785291,0.865,0.77,0.7758007117437722,0.885,0.77,0.7935943060498221,200,672,0.9434523809523809,0.97,0.925,0.915,0.9002976190476191,0.965,0.945,0.9226190476190477,0.985,0.965,0.9285714285714286,0.995,0.965,0.9270833333333334,0.8575,0.8780822330740943,0.09379264827617062,0.8975,0.9169379634653645,0.05643108038570821,0.925,0.9477150780731899,0.04405664809718768,0.94,0.9477150780731899,0.034206993757970316,,,,,,,,,,,,,,,,,,,,,,,,,,,
roberta,R0,cola@s0__mrpc@s0,200,843,0.8362989323843416,0.855,0.785,0.7,0.7188612099644128,0.885,0.78,0.7746144721233689,0.92,0.805,0.7888493475682088,0.895,0.78,0.8102016607354685,200,208,0.8653846153846154,0.885,0.84,0.785,0.8076923076923077,0.9,0.855,0.8413461538461539,0.96,0.865,0.8653846153846154,0.92,0.845,0.8653846153846154,0.8125,0.8528595500049558,0.10354609929078018,0.8925000000000001,0.9391911983348201,0.05076832151300237,0.94,0.9594607988898801,0.028368794326241176,0.9075,0.9335414808206959,0.015602836879432647,,,,,,,,,,,,,,,,,,,,,,,,,,,
roberta,R0,cola@s0__stsb@s0,200,843,0.8362989323843416,0.855,0.795,0.71,0.7200474495848161,0.925,0.81,0.7912218268090154,0.95,0.825,0.8173190984578885,0.81,0.785,0.767497034400949,200,1300,0.9086283855561401,0.9060672701635388,0.9081077026925675,0.8415879979244744,0.8401948923327157,0.9584954623865597,0.8689513248103234,0.8766576795759515,0.9680102002550064,0.8723845947918314,0.8825349018512488,0.9659521488037203,0.8628121216667393,0.876094059426934,0.8515538513462837,0.8796227329804016,0.10716112664116362,0.9417477311932798,0.9532023177489086,0.044543193711373386,0.9590051001275032,0.9638688475080246,0.025706239139425602,0.8879760744018601,0.9351946050479985,0.05903773975272464,,,,,,,,,,,,,,,,,,,,,,,,,,,
roberta,R0,cola@s0__mnli@s0,200,843,0.8362989323843416,0.855,0.79,0.705,0.7247924080664294,0.84,0.755,0.7556346381969158,0.835,0.74,0.7497034400948992,0.795,0.7,0.7295373665480427,200,9615,0.8722828913156526,0.825,0.695,0.665,0.6313052522100884,0.885,0.8,0.8269370774830993,0.95,0.82,0.8549141965678627,0.945,0.825,0.8509620384815393,0.7424999999999999,0.815311004784689,0.20479710663328166,0.8625,0.9263689526847423,0.07421955796162072,0.8925,0.9297182349813928,0.06172893375174504,0.87,0.9093567251461988,0.076051082095137,,,,,,,,,,,,,,,,,,,,,,,,,,,
roberta,R0,cola@s0__qnli@s0,200,843,0.8362989323843416,0.855,0.845,0.74,0.7532621589561092,0.925,0.84,0.8042704626334519,0.87,0.805,0.800711743772242,0.795,0.77,0.7829181494661922,200,5263,0.9205776173285198,0.91,0.795,0.745,0.7509025270758123,0.97,0.9,0.8757362720881626,0.965,0.905,0.9008170245107353,0.96,0.9,0.9059471784153524,0.8200000000000001,0.8420891973523552,0.14180225281602,0.9475,0.9857335646809331,0.043503941330171436,0.9175,0.968012981170876,0.032009309882967685,0.8775,0.9447978921663133,0.03986123004632991,,,,,,,,,,,,,,,,,,,,,,,,,,,
roberta,R0,cola@s0__wic@s0,200,843,0.8362989323843416,0.855,0.825,0.73,0.7402135231316725,0.905,0.82,0.7995255041518387,0.88,0.805,0.8208778173190985,0.8,0.775,0.8113879003558719,200,438,0.6894977168949772,0.635,0.675,0.51,0.5342465753424658,0.76,0.535,0.6073059360730594,0.83,0.595,0.6461187214611872,0.865,0.69,0.6872146118721462,0.75,0.8284753879449279,0.17002958996759188,0.8325,0.9007920062623751,0.08158846460945934,0.855,0.9392641709260027,0.04067681179841243,0.8325,0.996523460883179,0.016549246160349362,,,,,,,,,,,,,,,,,,,,,,,,,,,
roberta,R0,cola@s0__snli@s0,200,843,0.8362989323843416,0.855,0.815,0.73,0.7283511269276394,0.88,0.775,0.7864768683274022,0.915,0.81,0.8113879003558719,0.93,0.795,0.8066429418742586,200,9642,0.8946276706077577,0.865,0.735,0.725,0.7457996266334785,0.935,0.85,0.8592615639908733,0.955,0.875,0.8775150383737814,0.975,0.855,0.8782410288321925,0.7749999999999999,0.8459757293039921,0.14771776897487876,0.9075,0.944545854037792,0.04955305829481382,0.935,0.9794645573471251,0.024457725530434904,0.9525,0.9591319338809452,0.02688885490509474,,,,,,,,,,,,,,,,,,,,,,,,,,,
roberta,R0,cola@s0__scitail@s0,200,843,0.8362989323843416,0.855,0.79,0.705,0.7224199288256228,0.895,0.79,0.7817319098457889,0.905,0.79,0.7912218268090154,0.915,0.81,0.7935943060498221,200,1104,0.9538043478260869,0.945,0.555,0.59,0.592391304347826,0.87,0.875,0.8795289855072463,0.965,0.95,0.9411231884057971,0.965,0.95,0.9447463768115942,0.6725000000000001,0.7244500139236981,0.2575437958416682,0.8825000000000001,0.9249512670565303,0.07156048574488283,0.935,0.96463380673907,0.033598027924269025,0.94,0.9763297131718185,0.030280252975288358,,,,,,,,,,,,,,,,,,,,,,,,,,,
roberta,R0,cola@s0__ag_news@s0,200,843,0.8362989323843416,0.855,0.8,0.715,0.7212336892052195,0.835,0.74,0.7544483985765125,0.83,0.735,0.7781731909845789,0.86,0.775,0.7793594306049823,200,7400,0.9463513513513514,0.94,0.925,0.905,0.9048648648648648,0.95,0.925,0.9362162162162162,0.955,0.925,0.942972972972973,0.975,0.925,0.9454054054054054,0.8625,0.8995116336941645,0.0907135037364939,0.8925,0.9247698146074407,0.05429101813508497,0.8925,0.9218458379992536,0.03653672235708494,0.9175,0.9452376508647506,0.03454233899757242,,,,,,,,,,,,,,,,,,,,,,,,,,,
roberta,R0,cola@s0__imdb@s0,200,843,0.8362989323843416,0.855,0.765,0.68,0.7069988137603797,0.83,0.735,0.7520759193357058,0.875,0.78,0.7829181494661922,0.9,0.805,0.7959667852906287,200,9800,0.9139795918367347,0.955,0.93,0.925,0.8868367346938776,0.95,0.935,0.9055102040816326,0.96,0.925,0.9070408163265307,0.96,0.915,0.904795918367347,0.8475,0.8819540124307279,0.09215368620920916,0.8899999999999999,0.9193533572150272,0.05498785766827641,0.9175,0.9404335445944705,0.03571080742744881,0.9299999999999999,0.9498178255411653,0.02913747874992967,,,,,,,,,,,,,,,,,,,,,,,,,,,
roberta,R0,cola@s0__trec@s0,200,843,0.8362989323843416,0.855,0.795,0.71,0.7117437722419929,0.885,0.78,0.7935943060498221,0.905,0.8,0.8149466192170819,0.93,0.845,0.8279952550415184,200,300,0.9666666666666667,0.975,0.89,0.885,0.9333333333333333,0.975,0.965,0.9666666666666667,0.995,0.975,0.97,0.985,0.975,0.9666666666666667,0.8425,0.8690508322087269,0.09170946441672778,0.9299999999999999,0.951012145748988,0.025531914893617058,0.95,0.9678362573099415,0.011041819515773987,0.9575,0.9941520467836258,0.004964539007092261,,,,,,,,,,,,,,,,,,,,,,,,,,,
roberta,R0,cola@s0__yelp_polarity@s0,200,843,0.8362989323843416,0.855,0.785,0.7,0.7188612099644128,0.845,0.74,0.7591933570581257,0.855,0.75,0.7758007117437722,0.875,0.77,0.7900355871886121,200,9800,0.9561224489795919,0.95,0.955,0.935,0.9318367346938775,0.97,0.94,0.9433673469387756,0.985,0.955,0.948469387755102,0.99,0.95,0.948469387755102,0.87,0.9014619883040935,0.08291287268103276,0.9075,0.9274853801169591,0.0527695148996723,0.9199999999999999,0.9412280701754386,0.04017234723767571,0.9325,0.9502923976608187,0.03166170893980336,,,,,,,,,,,,,,,,,,,,,,,,,,,
roberta,R0,sst2@s0__mrpc@s0,200,672,0.9434523809523809,0.97,0.965,0.945,0.9151785714285714,0.98,0.96,0.9300595238095238,0.955,0.935,0.9255952380952381,0.93,0.91,0.90625,200,208,0.8653846153846154,0.885,0.815,0.78,0.7836538461538461,0.88,0.835,0.8028846153846154,0.895,0.86,0.8365384615384616,0.895,0.87,0.8605769230769231,0.8899999999999999,0.9277913681635506,0.06220644935155972,0.9299999999999999,0.9665967732541207,0.043208902909218305,0.925,0.9678344691012872,0.02613038906414289,0.9125000000000001,0.9605975886772672,0.022493866105853466,,,,,,,,,,,,,,,,,,,,,,,,,,,
roberta,R0,sst2@s0__stsb@s0,200,672,0.9434523809523809,0.97,0.94,0.93,0.90625,0.975,0.955,0.9345238095238095,0.975,0.945,0.9330357142857143,0.97,0.94,0.9211309523809523,200,1300,0.9086283855561401,0.9060672701635388,0.9136008400210006,0.8524890429488381,0.8398723667757979,0.961681542038551,0.8840490057040821,0.8752665957352238,0.9678376959423987,0.8855389578058078,0.8807205814661303,0.959524488112203,0.8730819073875509,0.875798574559666,0.9268004200105002,0.9498150805249168,0.05755114822346896,0.9683407710192755,0.980117583327138,0.02309018587318512,0.9714188479711994,0.975785152475031,0.02087761030639612,0.9647622440561014,0.9663335914108235,0.02989524038017377,,,,,,,,,,,,,,,,,,,,,,,,,,,
roberta,R0,sst2@s0__mnli@s0,200,672,0.9434523809523809,0.97,0.96,0.94,0.9032738095238095,0.98,0.96,0.9285714285714286,0.985,0.955,0.9360119047619048,0.965,0.955,0.9330357142857143,200,9615,0.8722828913156526,0.825,0.725,0.665,0.6748829953198128,0.875,0.79,0.8251690067602704,0.895,0.825,0.8452418096723869,0.875,0.82,0.8305772230889236,0.8425,0.8875663855045299,0.13444468098630935,0.9275,0.973633239612621,0.03489251617062461,0.94,0.9922680412371134,0.019443396513832534,0.9199999999999999,0.9892377382068103,0.029426549801611968,,,,,,,,,,,,,,,,,,,,,,,,,,,
roberta,R0,sst2@s0__qnli@s0,200,672,0.9434523809523809,0.97,0.935,0.925,0.9107142857142857,0.95,0.94,0.9241071428571429,0.945,0.945,0.9255952380952381,0.935,0.935,0.9181547619047619,200,5263,0.9205776173285198,0.91,0.875,0.835,0.8179745392361771,0.95,0.9,0.8816264487934639,0.965,0.905,0.8964468934068022,0.95,0.91,0.8956868706061182,0.905,0.935595332502549,0.07307771190827317,0.95,0.9790415769797214,0.03140819668395323,0.955,0.984366149314603,0.022570017547115073,0.9425,0.981958762886598,0.026926031910356807,,,,,,,,,,,,,,,,,,,,,,,,,,,
roberta,R0,sst2@s0__wic@s0,200,672,0.9434523809523809,0.97,0.935,0.915,0.9107142857142857,0.965,0.945,0.9315476190476191,0.97,0.94,0.9345238095238095,0.965,0.935,0.9345238095238095,200,438,0.6894977168949772,0.635,0.68,0.505,0.54337899543379,0.825,0.55,0.6118721461187214,0.87,0.615,0.6484018264840182,0.805,0.62,0.6621004566210046,0.8075000000000001,0.8692872798116731,0.12331042262936887,0.895,0.9201842682035879,0.06260053899346096,0.9199999999999999,0.9687880509781638,0.03453318570204944,0.885,0.9701477392645508,0.024599410867612304,,,,,,,,,,,,,,,,,,,,,,,,,,,
roberta,R0,sst2@s0__snli@s0,200,672,0.9434523809523809,0.97,0.97,0.94,0.9136904761904762,0.975,0.945,0.9315476190476191,0.975,0.945,0.9345238095238095,0.95,0.94,0.9270833333333334,200,9642,0.8946276706077577,0.865,0.73,0.725,0.7359468989836133,0.915,0.855,0.8609209707529558,0.945,0.89,0.8749222153080274,0.94,0.875,0.8677660236465463,0.85,0.9036112269828973,0.10445824047465635,0.9450000000000001,0.9813330552410464,0.0251475438133264,0.96,1.0015642691138789,0.015745077057768952,0.945,0.9903164292950362,0.023687831009032156,,,,,,,,,,,,,,,,,,,,,,,,,,,
roberta,R0,sst2@s0__scitail@s0,200,672,0.9434523809523809,0.97,0.95,0.94,0.9077380952380952,0.97,0.95,0.9211309523809523,0.955,0.955,0.9241071428571429,0.925,0.925,0.9166666666666666,200,1104,0.9538043478260869,0.945,0.575,0.61,0.6086956521739131,0.9,0.905,0.9094202898550725,0.955,0.94,0.9438405797101449,0.945,0.94,0.9456521739130435,0.7625,0.8072874052255495,0.19983912570663354,0.935,0.9685267004854634,0.035096509597035364,0.955,0.9896225385916106,0.015475537820437868,0.935,0.9741586210658375,0.018469087869718792,,,,,,,,,,,,,,,,,,,,,,,,,,,
roberta,R0,sst2@s0__ag_news@s0,200,672,0.9434523809523809,0.97,0.955,0.935,0.9047619047619048,0.98,0.95,0.9151785714285714,0.98,0.95,0.9226190476190477,0.97,0.94,0.9345238095238095,200,7400,0.9463513513513514,0.94,0.915,0.905,0.8960810810810811,0.945,0.92,0.9258108108108108,0.955,0.935,0.9356756756756757,0.96,0.94,0.9382432432432433,0.935,0.9633417416100023,0.047064777555900994,0.9624999999999999,0.9790524237771441,0.025836718918570756,0.9675,0.9870311471813995,0.01668144927523174,0.965,0.9845360824742269,0.009015739536593292,,,,,,,,,,,,,,,,,,,,,,,,,,,
roberta,R0,sst2@s0__imdb@s0,200,672,0.9434523809523809,0.97,0.96,0.94,0.9151785714285714,0.99,0.97,0.9375,0.97,0.95,0.9389880952380952,0.945,0.935,0.9270833333333334,200,9800,0.9139795918367347,0.955,0.95,0.935,0.8978571428571429,0.945,0.93,0.9009183673469388,0.96,0.935,0.9030612244897959,0.95,0.935,0.8979591836734694,0.955,0.9740648782857452,0.02380414451238988,0.9675,0.9869109947643979,0.010299823658002971,0.965,0.9792195174610029,0.008338912624600736,0.9475,0.9714875586981164,0.017439173985487555,,,,,,,,,,,,,,,,,,,,,,,,,,,
roberta,R0,sst2@s0__trec@s0,200,672,0.9434523809523809,0.97,0.945,0.945,0.9166666666666666,0.955,0.945,0.9270833333333334,0.96,0.95,0.9345238095238095,0.945,0.935,0.9241071428571429,200,300,0.9666666666666667,0.975,0.935,0.91,0.9566666666666667,0.985,0.96,0.9666666666666667,0.98,0.955,0.9633333333333334,0.975,0.955,0.9566666666666667,0.94,0.9537800687285223,0.019367997389317937,0.97,0.9794210943695479,0.008675078864353258,0.97,0.9794343113930742,0.006455999129772572,0.96,0.9717023526301878,0.01542477972370282,,,,,,,,,,,,,,,,,,,,,,,,,,,
roberta,R0,sst2@s0__yelp_polarity@s0,200,672,0.9434523809523809,0.97,0.965,0.955,0.9181547619047619,0.97,0.96,0.9270833333333334,0.985,0.965,0.9255952380952381,0.98,0.96,0.9255952380952381,200,9800,0.9561224489795919,0.95,0.965,0.945,0.9398979591836735,0.96,0.93,0.9440816326530612,0.96,0.93,0.9463265306122449,0.955,0.935,0.9448979591836735,0.965,0.9896364622897449,0.021891465143134226,0.965,0.9843190450352686,0.01497177043318998,0.9724999999999999,0.9868963646228974,0.014586454521275716,0.9675,0.9869506239826371,0.01533351962266305,,,,,,,,,,,,,,,,,,,,,,,,,,,
roberta,R0,mrpc@s0__stsb@s0,200,208,0.8653846153846154,0.885,0.89,0.835,0.8076923076923077,0.94,0.855,0.8317307692307693,0.92,0.845,0.8605769230769231,0.83,0.795,0.8413461538461539,200,1300,0.9086283855561401,0.9060672701635388,0.9442016050401261,0.8729130211291689,0.8685216931663025,0.9620790519762996,0.8884017675367809,0.8896195379371914,0.9484617115427887,0.875949220752081,0.8806875979480031,0.9089102227555691,0.8343986975565505,0.8445034730483693,0.9171008025200631,0.9534557239489935,0.055403242785529105,0.9510395259881498,0.9733023976413295,0.029904632526348784,0.9342308557713943,0.9607809239150797,0.018153033521651207,0.8694551113777845,0.9096032865024797,0.0491755437673419,,,,,,,,,,,,,,,,,,,,,,,,,,,
roberta,R0,mrpc@s0__mnli@s0,200,208,0.8653846153846154,0.885,0.835,0.79,0.7836538461538461,0.855,0.81,0.8317307692307693,0.83,0.785,0.8365384615384616,0.82,0.775,0.8413461538461539,200,9615,0.8722828913156526,0.825,0.805,0.73,0.7703588143525741,0.88,0.805,0.85065002600104,0.91,0.82,0.8563702548101924,0.895,0.815,0.8370254810192408,0.8200000000000001,0.8887519260400616,0.10564597326550351,0.8674999999999999,0.9455059065228557,0.03184458752301844,0.87,0.940472521828454,0.025787925758117725,0.8574999999999999,0.9317925012840267,0.034098737464064666,,,,,,,,,,,,,,,,,,,,,,,,,,,
roberta,R0,mrpc@s0__qnli@s0,200,208,0.8653846153846154,0.885,0.865,0.81,0.8173076923076923,0.925,0.86,0.8461538461538461,0.945,0.87,0.8461538461538461,0.93,0.845,0.8317307692307693,200,5263,0.9205776173285198,0.91,0.81,0.76,0.7611628348850465,0.92,0.88,0.852745582367471,0.905,0.865,0.853125593767813,0.87,0.82,0.816264487934638,0.8375,0.8752095362264853,0.11436188510491918,0.9225000000000001,0.9693921897311728,0.04795321637426908,0.925,0.9668001490035387,0.04774681802545577,0.9,0.9279505804929533,0.07610079119367041,,,,,,,,,,,,,,,,,,,,,,,,,,,
roberta,R0,mrpc@s0__wic@s0,200,208,0.8653846153846154,0.885,0.81,0.775,0.7740384615384616,0.765,0.75,0.7548076923076923,0.755,0.74,0.7403846153846154,0.72,0.705,0.7259615384615384,200,438,0.6894977168949772,0.635,0.71,0.535,0.5547945205479452,0.88,0.615,0.6255707762557078,0.84,0.615,0.6415525114155252,0.825,0.6,0.5844748858447488,0.76,0.8591129498643179,0.1504598969830757,0.8225,0.907980782063259,0.11024650478292863,0.7975,0.9023310645491347,0.106990434142752,0.7725,0.8707460296276525,0.15671449595290665,,,,,,,,,,,,,,,,,,,,,,,,,,,
roberta,R0,mrpc@s0__snli@s0,200,208,0.8653846153846154,0.885,0.86,0.805,0.8173076923076923,0.87,0.815,0.8317307692307693,0.86,0.815,0.8269230769230769,0.81,0.785,0.8221153846153846,200,9642,0.8946276706077577,0.865,0.865,0.82,0.8024268823895457,0.96,0.865,0.8740925119269861,0.96,0.865,0.8801078614395353,0.91,0.85,0.8685957270275876,0.8625,0.9287906991933641,0.07930803513924312,0.915,0.96045197740113,0.03092137465543443,0.9099999999999999,0.96045197740113,0.030337223381508127,0.8600000000000001,0.9348323046275432,0.03954903779271968,,,,,,,,,,,,,,,,,,,,,,,,,,,
roberta,R0,mrpc@s0__scitail@s0,200,208,0.8653846153846154,0.885,0.825,0.79,0.7932692307692307,0.84,0.815,0.7980769230769231,0.865,0.82,0.8125,0.865,0.81,0.8173076923076923,200,1104,0.9538043478260869,0.945,0.775,0.81,0.8079710144927537,0.95,0.905,0.9184782608695652,0.915,0.88,0.8903985507246377,0.845,0.82,0.8568840579710145,0.8,0.8748991121872478,0.11811490978157635,0.895,0.9392879562371088,0.05740740740740735,0.89,0.9288853017666576,0.06379392212725543,0.855,0.8914895525065016,0.07858499525166196,,,,,,,,,,,,,,,,,,,,,,,,,,,
roberta,R0,mrpc@s0__ag_news@s0,200,208,0.8653846153846154,0.885,0.78,0.725,0.7355769230769231,0.835,0.78,0.7932692307692307,0.86,0.815,0.8028846153846154,0.845,0.82,0.8076923076923077,200,7400,0.9463513513513514,0.94,0.915,0.905,0.909054054054054,0.945,0.92,0.9335135135135135,0.965,0.94,0.9391891891891891,0.965,0.92,0.9382432432432433,0.8475,0.8909874984974155,0.09470584035413399,0.8899999999999999,0.9300396682293546,0.04844947403493749,0.9125,0.96045197740113,0.03989520364288324,0.905,0.9526385382858517,0.03761721167118859,,,,,,,,,,,,,,,,,,,,,,,,,,,
roberta,R0,mrpc@s0__imdb@s0,200,208,0.8653846153846154,0.885,0.825,0.77,0.7884615384615384,0.895,0.83,0.8317307692307693,0.92,0.845,0.8317307692307693,0.905,0.86,0.8557692307692307,200,9800,0.9139795918367347,0.955,0.945,0.94,0.8954081632653061,0.94,0.935,0.9021428571428571,0.9,0.885,0.8953061224489796,0.825,0.82,0.8322448979591837,0.885,0.9271748454462094,0.05460409611353012,0.9175,0.9584553494838347,0.025919826826938608,0.91,0.940751915283817,0.029659918375448124,0.865,0.9151950779424379,0.05026918735191599,,,,,,,,,,,,,,,,,,,,,,,,,,,
roberta,R0,mrpc@s0__trec@s0,200,208,0.8653846153846154,0.885,0.84,0.795,0.8028846153846154,0.895,0.83,0.8221153846153846,0.915,0.86,0.8509615384615384,0.92,0.855,0.8557692307692307,200,300,0.9666666666666667,0.975,0.925,0.915,0.95,0.985,0.96,0.9666666666666667,0.995,0.97,0.9733333333333334,0.99,0.965,0.9733333333333334,0.8825000000000001,0.9183833116036506,0.04473180076628358,0.94,0.9612342459800086,0.025000000000000022,0.9550000000000001,0.9833116036505867,0.004885057471264442,0.9550000000000001,0.977922642329422,0.0021072796934866744,,,,,,,,,,,,,,,,,,,,,,,,,,,
roberta,R0,mrpc@s0__yelp_polarity@s0,200,208,0.8653846153846154,0.885,0.83,0.775,0.7884615384615384,0.88,0.845,0.8173076923076923,0.915,0.87,0.8365384615384616,0.93,0.865,0.8461538461538461,200,9800,0.9561224489795919,0.95,0.975,0.955,0.9423469387755102,0.98,0.96,0.9509183673469388,0.94,0.95,0.9421428571428572,0.845,0.855,0.856938775510204,0.9025,0.9404846862920012,0.051648286493537254,0.9299999999999999,0.9826642878382397,0.030499229218546198,0.9275,0.9915254237288136,0.023977232301672036,0.8875,0.9387005649717515,0.06297877386457973,,,,,,,,,,,,,,,,,,,,,,,,,,,
roberta,R0,stsb@s0__mnli@s0,200,1300,0.9086283855561401,0.9060672701635388,0.9533113327833198,0.8774804561614112,0.8766067910318227,0.9592304807620192,0.8825215233227159,0.8906792229821615,0.9486402160054003,0.8725489774166566,0.8860321744024695,0.9187864696617418,0.8627475695857577,0.8561558698851223,200,9615,0.8722828913156526,0.825,0.82,0.755,0.7745189807592304,0.91,0.81,0.8558502340093603,0.925,0.825,0.8561622464898596,0.895,0.795,0.8239209568382735,0.8866556663916598,0.9418005414613029,0.07365995019149463,0.9346152403810096,0.9779157141388579,0.01929640408193445,0.9368201080027001,0.9815034193096764,0.02167473361366623,0.9068932348308709,0.9579128372569761,0.056596048015562284,,,,,,,,,,,,,,,,,,,,,,,,,,,
roberta,R0,stsb@s0__qnli@s0,200,1300,0.9086283855561401,0.9060672701635388,0.9441431035775897,0.8700952477337643,0.8735734172023621,0.9691142278556965,0.8924265147254224,0.8927160741377649,0.967830195754894,0.8824990051549316,0.8911832590316745,0.958036450911273,0.8695262886944151,0.880981839031022,200,5263,0.9205776173285198,0.91,0.78,0.73,0.7499524985749573,0.93,0.89,0.8694660839825195,0.925,0.895,0.8759262777883337,0.9,0.85,0.8641459243777313,0.8620715517887949,0.8812482654925173,0.11196290552245747,0.9495571139278483,0.9814835371940536,0.036516804152264326,0.946415097877447,0.9787524386657444,0.03385150967177797,0.9290182254556365,0.94686835968404,0.04586349556853997,,,,,,,,,,,,,,,,,,,,,,,,,,,
roberta,R0,stsb@s0__wic@s0,200,1300,0.9086283855561401,0.9060672701635388,0.932942323558089,0.8699586375158731,0.8617829193100983,0.9544213605340135,0.8873756896914112,0.8814118822188849,0.9524113102827573,0.8862160040505214,0.877645864794953,0.8752748818720469,0.8066330460729558,0.8210184646047599,200,438,0.6894977168949772,0.635,0.705,0.52,0.5776255707762558,0.865,0.63,0.6621004566210046,0.89,0.655,0.6506849315068494,0.805,0.59,0.6210045662100456,0.8189711617790445,0.8895227969361843,0.10690394953666904,0.9097106802670067,0.9857483162251794,0.03484424628648908,0.9212056551413786,1.0047933999986498,0.04519475593382638,0.8401374409360235,0.9096956037009045,0.09787885877318225,,,,,,,,,,,,,,,,,,,,,,,,,,,
roberta,R0,stsb@s0__snli@s0,200,1300,0.9086283855561401,0.9060672701635388,0.9457196429910748,0.8665066023945448,0.869654695875759,0.9510612765319134,0.8779113037716835,0.8796550328668438,0.9427015675391887,0.870221349473356,0.8740781803872822,0.9143868596714919,0.8424174171045282,0.8519368115658845,200,9642,0.8946276706077577,0.865,0.895,0.835,0.8354075917859365,0.95,0.87,0.874714789462767,0.95,0.86,0.8763741962248496,0.91,0.835,0.8625803775150384,0.9203598214955374,0.9608279823730106,0.05454405262724249,0.9505306382659566,0.9873527142619392,0.027072600071930908,0.9463507837695944,0.9773287783878912,0.029214001578587556,0.9121934298357459,0.9475347170254671,0.04910720443255323,,,,,,,,,,,,,,,,,,,,,,,,,,,
roberta,R0,stsb@s0__scitail@s0,200,1300,0.9086283855561401,0.9060672701635388,0.9470576764419112,0.8751235545999911,0.8792210751755862,0.9671206780169506,0.8929331735005683,0.89932419050881,0.9720768019200481,0.8950799054960019,0.8996738414967219,0.9634470861771545,0.8841811122884163,0.883403517033253,200,1104,0.9538043478260869,0.945,0.73,0.765,0.7472826086956522,0.98,0.955,0.9420289855072463,0.955,0.91,0.9266304347826086,0.92,0.905,0.9130434782608695,0.8385288382209556,0.887686066917126,0.12444436211198917,0.9735603390084753,0.9980431457250154,0.011292751670063383,0.9635384009600241,0.9754182646380158,0.019172520474052712,0.9417235430885773,0.9667584220166203,0.035248261240867884,,,,,,,,,,,,,,,,,,,,,,,,,,,
roberta,R0,stsb@s0__ag_news@s0,200,1300,0.9086283855561401,0.9060672701635388,0.886771169279232,0.8253734159086161,0.8142161620761473,0.9373329333233333,0.8634861654890816,0.8527139553005513,0.9588539713492837,0.8765309400865079,0.8722887274863678,0.9601155028875723,0.8740591958693882,0.8725007487879503,200,7400,0.9463513513513514,0.94,0.915,0.915,0.9104054054054054,0.965,0.93,0.9345945945945946,0.97,0.925,0.94,0.955,0.92,0.9383783783783783,0.900885584639616,0.9421724018256648,0.07094501605795356,0.9511664666616666,0.9711830898728911,0.03698021454765854,0.9644269856746419,0.9757220838924812,0.023352690620636496,0.9575577514437861,0.9716985134505245,0.02409279521290708,,,,,,,,,,,,,,,,,,,,,,,,,,,
roberta,R0,stsb@s0__imdb@s0,200,1300,0.9086283855561401,0.9060672701635388,0.9075031875796896,0.8401881184938856,0.8389812349984999,0.9623520588014702,0.87656621854937,0.8820411167708206,0.9752568814220357,0.886857771832373,0.8910906285414323,0.9794884872121804,0.8855517181008855,0.891869631118493,200,9800,0.9139795918367347,0.955,0.955,0.95,0.893673469387755,0.955,0.94,0.9063265306122449,0.955,0.94,0.9052040816326531,0.945,0.92,0.898673469387755,0.9312515937898448,0.9610277505366145,0.049434061984032884,0.958676029400735,0.9758668720602559,0.01881711109162265,0.9651284407110179,0.9815461155457564,0.0144513909144941,0.9622442436060902,0.9703541846659488,0.01759534616315328,,,,,,,,,,,,,,,,,,,,,,,,,,,
roberta,R0,stsb@s0__trec@s0,200,1300,0.9086283855561401,0.9060672701635388,0.9025035625890648,0.8445956745348596,0.8388819837490247,0.9561824045601142,0.8827099253265109,0.8781993105154547,0.964657616440411,0.8844453254570851,0.8837469846366132,0.9612480312007802,0.8767628772146858,0.882213171769532,200,300,0.9666666666666667,0.975,0.825,0.82,0.87,0.97,0.95,0.97,0.99,0.97,0.9733333333333334,0.98,0.965,0.9666666666666667,0.8637517812945323,0.8865906175744096,0.08838004783684261,0.9630912022800571,0.9742900773055315,0.015020372544533034,0.9773288082202055,0.9855041427977727,0.010243460669086102,0.97062401560039,0.978700593287853,0.014535763028380666,,,,,,,,,,,,,,,,,,,,,,,,,,,
roberta,R0,stsb@s0__yelp_polarity@s0,200,1300,0.9086283855561401,0.9060672701635388,0.9097922448061203,0.8465487502873486,0.845074413756109,0.9592124803120079,0.8851854225715948,0.879839971283501,0.9721833045826147,0.8950423752163614,0.8862988034751617,0.9752463811595291,0.8935786943103841,0.8847982146822821,200,9800,0.9561224489795919,0.95,0.97,0.95,0.9421428571428572,0.98,0.96,0.9507142857142857,0.985,0.965,0.9523469387755102,0.96,0.95,0.9477551020408164,0.9398961224030602,0.9671555734126409,0.0422830432783996,0.9696062401560039,0.9937398150483636,0.018669862745372856,0.9785916522913074,1.0018108094615326,0.01426190807870642,0.9676231905797645,0.9931083616722516,0.017488932716435146,,,,,,,,,,,,,,,,,,,,,,,,,,,
roberta,R0,mnli@s0__qnli@s0,200,9615,0.8722828913156526,0.825,0.785,0.71,0.7672386895475819,0.875,0.775,0.8470098803952159,0.925,0.79,0.8581383255330213,0.885,0.78,0.8410816432657306,200,5263,0.9205776173285198,0.91,0.885,0.815,0.8177845335360061,0.945,0.905,0.8941668250047501,0.95,0.91,0.8943568307049211,0.925,0.895,0.8753562606878207,0.835,0.8781052281052281,0.1160429865720487,0.9099999999999999,0.966949716949717,0.02883139085835207,0.9375,0.9787878787878788,0.02234927192717917,0.905,0.9644855144855145,0.04244622525671515,,,,,,,,,,,,,,,,,,,,,,,,,,,
roberta,R0,mnli@s0__wic@s0,200,9615,0.8722828913156526,0.825,0.75,0.68,0.7103484139365575,0.875,0.775,0.8290171606864275,0.885,0.79,0.8398335933437338,0.85,0.785,0.8148725949037962,200,438,0.6894977168949772,0.635,0.695,0.51,0.545662100456621,0.765,0.56,0.5844748858447488,0.795,0.57,0.6027397260273972,0.76,0.555,0.6073059360730594,0.7224999999999999,0.8136960152708185,0.1971268606334149,0.8200000000000001,0.9106418515867336,0.10095922655449896,0.8400000000000001,0.9276067764256741,0.08151412190262919,0.8049999999999999,0.912765449773324,0.09251072102283797,,,,,,,,,,,,,,,,,,,,,,,,,,,
roberta,R0,mnli@s0__snli@s0,200,9615,0.8722828913156526,0.825,0.865,0.785,0.8374414976599064,0.92,0.835,0.863442537701508,0.905,0.85,0.8635465418616745,0.875,0.835,0.8435777431097244,200,9642,0.8946276706077577,0.865,0.925,0.875,0.8697365691765194,0.95,0.875,0.8830118232731798,0.925,0.865,0.8721219663970131,0.905,0.84,0.8476457166562954,0.895,0.9815379225783851,0.03388281484397904,0.935,1.0118409528814154,0.011559367089345907,0.915,1.0151515151515151,0.017586001886317204,0.89,0.991609739008583,0.04271186118779702,,,,,,,,,,,,,,,,,,,,,,,,,,,
roberta,R0,mnli@s0__scitail@s0,200,9615,0.8722828913156526,0.825,0.85,0.765,0.8069682787311493,0.895,0.805,0.8559542381695268,0.93,0.825,0.861882475299012,0.915,0.8,0.8521060842433698,200,1104,0.9538043478260869,0.945,0.83,0.835,0.8333333333333334,0.94,0.915,0.9112318840579711,0.925,0.89,0.894927536231884,0.895,0.87,0.8786231884057971,0.84,0.9054353054353055,0.10059179001192431,0.9175,0.9720057720057721,0.03167691236527925,0.9275,0.9708994708994709,0.036825804780178606,0.905,0.9451659451659453,0.05097672414154264,,,,,,,,,,,,,,,,,,,,,,,,,,,
roberta,R0,mnli@s0__ag_news@s0,200,9615,0.8722828913156526,0.825,0.755,0.705,0.6951638065522621,0.885,0.785,0.8252730109204368,0.935,0.81,0.8479459178367135,0.95,0.795,0.8483619344773791,200,7400,0.9463513513513514,0.94,0.93,0.9,0.9104054054054054,0.955,0.915,0.9318918918918919,0.965,0.925,0.9332432432432433,0.945,0.915,0.9228378378378378,0.8425,0.9059961315280465,0.12051803208698253,0.9199999999999999,0.9624597034171503,0.03458604780274288,0.95,0.9829303675048358,0.0208757642762617,0.9475,0.9685203094777564,0.026134943853203252,,,,,,,,,,,,,,,,,,,,,,,,,,,
roberta,R0,mnli@s0__imdb@s0,200,9615,0.8722828913156526,0.825,0.735,0.66,0.6966198647945918,0.9,0.79,0.8446177847113885,0.93,0.84,0.8592823712948517,0.93,0.84,0.8520020800832033,200,9800,0.9139795918367347,0.955,0.965,0.95,0.8953061224489796,0.965,0.95,0.9012244897959184,0.955,0.93,0.8941836734693878,0.925,0.9,0.8751020408163265,0.85,0.8973821989528796,0.11090702037192413,0.9325,0.9761700777407585,0.02283565802293297,0.9425,0.9960019038553072,0.018281527873745373,0.9275,0.9802950975725846,0.032893415926941394,,,,,,,,,,,,,,,,,,,,,,,,,,,
roberta,R0,mnli@s0__trec@s0,200,9615,0.8722828913156526,0.825,0.725,0.675,0.6794591783671347,0.9,0.81,0.8388975559022361,0.925,0.82,0.8579303172126885,0.94,0.83,0.8560582423296932,200,300,0.9666666666666667,0.975,0.775,0.78,0.8166666666666667,0.975,0.955,0.96,0.975,0.96,0.9633333333333334,0.96,0.95,0.96,0.75,0.8090909090909091,0.18811440529884105,0.9375,0.9806526806526807,0.022585035132368203,0.95,0.9892773892773892,0.00995115593508844,0.95,0.9902097902097902,0.012748383170999467,,,,,,,,,,,,,,,,,,,,,,,,,,,
roberta,R0,mnli@s0__yelp_polarity@s0,200,9615,0.8722828913156526,0.825,0.755,0.69,0.7282371294851794,0.87,0.775,0.8437857514300572,0.905,0.805,0.861882475299012,0.92,0.795,0.8550182007280291,200,9800,0.9561224489795919,0.95,0.945,0.925,0.9370408163265306,0.95,0.93,0.9425510204081633,0.94,0.92,0.9398979591836735,0.935,0.915,0.9285714285714286,0.85,0.9050239234449762,0.0925469156858223,0.9099999999999999,0.959170653907496,0.02343192232630187,0.9225,0.9720893141945774,0.014446132329357209,0.9275,0.963397129186603,0.024303952132047613,,,,,,,,,,,,,,,,,,,,,,,,,,,
roberta,R0,qnli@s0__wic@s0,200,5263,0.9205776173285198,0.91,0.845,0.785,0.7725631768953068,0.885,0.845,0.8318449553486604,0.86,0.82,0.8120843625308759,0.8,0.76,0.7575527265817975,200,438,0.6894977168949772,0.635,0.755,0.54,0.5730593607305936,0.845,0.58,0.6164383561643836,0.865,0.62,0.639269406392694,0.825,0.6,0.6438356164383562,0.8,0.8565155317123821,0.1648292429554603,0.865,0.920978627671541,0.10117414689821547,0.8625,0.9387384269274033,0.09535056964577393,0.8125,0.8900233624643074,0.12165747442232377,,,,,,,,,,,,,,,,,,,,,,,,,,,
roberta,R0,qnli@s0__snli@s0,200,5263,0.9205776173285198,0.91,0.855,0.805,0.7896636899106974,0.955,0.905,0.8810564316929508,0.97,0.91,0.889416682500475,0.95,0.9,0.8871366140984229,200,9642,0.8946276706077577,0.865,0.85,0.795,0.8079236672889442,0.93,0.845,0.8714996888612321,0.935,0.855,0.8836341008089608,0.945,0.855,0.8765816220701099,0.8525,0.9018452645620276,0.11956238094588634,0.9425,0.9856920536111288,0.03439146583743624,0.9525,0.9942196531791907,0.02306887976614247,0.9475,0.9887251476846852,0.02824884185067489,,,,,,,,,,,,,,,,,,,,,,,,,,,
roberta,R0,qnli@s0__scitail@s0,200,5263,0.9205776173285198,0.91,0.905,0.865,0.8671860155804674,0.95,0.9,0.9059471784153524,0.96,0.91,0.9118373551206537,0.955,0.905,0.9067072012160364,200,1104,0.9538043478260869,0.945,0.765,0.79,0.7744565217391305,0.96,0.945,0.9266304347826086,0.95,0.915,0.9257246376811594,0.925,0.9,0.9202898550724637,0.835,0.8932641432641433,0.12301606202534998,0.955,0.9945054945054945,0.022191350674322763,0.955,0.9841269841269842,0.01946701007588514,0.94,0.9734432234432235,0.025102390633866323,,,,,,,,,,,,,,,,,,,,,,,,,,,
roberta,R0,qnli@s0__ag_news@s0,200,5263,0.9205776173285198,0.91,0.875,0.825,0.8229146874406232,0.935,0.875,0.8818164544936348,0.94,0.88,0.8951168535056052,0.92,0.86,0.8909367281018431,200,7400,0.9463513513513514,0.94,0.93,0.91,0.907972972972973,0.94,0.915,0.9291891891891891,0.975,0.935,0.9378378378378378,0.97,0.93,0.9385135135135135,0.9025000000000001,0.9373392564881926,0.07332139977750951,0.9375,0.9674713584288053,0.030120174060740967,0.9575,0.9808569090483985,0.018326761625232946,0.9450000000000001,0.9672083235913024,0.020240153600690425,,,,,,,,,,,,,,,,,,,,,,,,,,,
roberta,R0,qnli@s0__imdb@s0,200,5263,0.9205776173285198,0.91,0.895,0.845,0.853125593767813,0.93,0.88,0.8992969789093673,0.955,0.895,0.9120273608208246,0.985,0.905,0.9110773323199696,200,9800,0.9139795918367347,0.955,0.93,0.925,0.8951020408163265,0.965,0.94,0.901734693877551,0.955,0.93,0.8951020408163265,0.945,0.91,0.8796938775510204,0.9125000000000001,0.9485789080029918,0.0469628253691845,0.9475,0.9756630803751223,0.01825697896370615,0.955,0.9786692365226397,0.014971081303136957,0.965,0.9736925378286636,0.02391623872479609,,,,,,,,,,,,,,,,,,,,,,,,,,,
roberta,R0,qnli@s0__trec@s0,200,5263,0.9205776173285198,0.91,0.87,0.81,0.8014440433212996,0.92,0.87,0.8504655139654189,0.9,0.86,0.8641459243777313,0.88,0.84,0.8635759072772183,200,300,0.9666666666666667,0.975,0.955,0.945,0.9666666666666667,0.98,0.96,0.9766666666666667,0.98,0.965,0.9666666666666667,0.955,0.94,0.9433333333333334,0.9125,0.9296703296703297,0.06470588235294117,0.95,0.9703296703296702,0.03290808156293379,0.94,0.9673992673992674,0.030650154798761653,0.9175,0.9435897435897436,0.043028717839222796,,,,,,,,,,,,,,,,,,,,,,,,,,,
roberta,R0,qnli@s0__yelp_polarity@s0,200,5263,0.9205776173285198,0.91,0.91,0.85,0.8559756792703781,0.96,0.9,0.8943568307049211,0.97,0.91,0.9048071442143264,0.955,0.915,0.9044271328139845,200,9800,0.9561224489795919,0.95,0.965,0.945,0.9351020408163265,0.955,0.935,0.9405102040816327,0.965,0.945,0.9431632653061225,0.97,0.94,0.9406122448979591,0.9375,0.9644013880855986,0.046080248647231814,0.9575,0.9866107576633893,0.02240584039041671,0.9675,0.9973684210526316,0.015342479181191138,0.9624999999999999,0.9974840948525159,0.016882922353910423,,,,,,,,,,,,,,,,,,,,,,,,,,,
roberta,R0,wic@s0__snli@s0,200,438,0.6894977168949772,0.635,0.69,0.495,0.5273972602739726,0.76,0.565,0.6118721461187214,0.79,0.605,0.6210045662100456,0.795,0.6,0.6461187214611872,200,9642,0.8946276706077577,0.865,0.775,0.745,0.7660236465463597,0.925,0.845,0.8515868077162414,0.93,0.86,0.85065339141257,0.89,0.84,0.8235843186060983,0.7324999999999999,0.8203996176778481,0.18942539342784714,0.8425,0.933321196122161,0.08034657273635992,0.8600000000000001,0.9734877793455008,0.0742457348260227,0.8425,0.9579900778298667,0.07116249502889005,,,,,,,,,,,,,,,,,,,,,,,,,,,
roberta,R0,wic@s0__scitail@s0,200,438,0.6894977168949772,0.635,0.755,0.55,0.591324200913242,0.855,0.69,0.6986301369863014,0.855,0.7,0.6940639269406392,0.84,0.665,0.6757990867579908,200,1104,0.9538043478260869,0.945,0.785,0.8,0.8143115942028986,0.85,0.815,0.8378623188405797,0.715,0.68,0.7155797101449275,0.615,0.58,0.6114130434782609,0.77,0.8563512894221557,0.1443164594378723,0.8525,0.9745240178311043,0.05415621088910272,0.7849999999999999,0.9109694621505644,0.12157003326981264,0.7275,0.8305003541224014,0.18942095432161654,,,,,,,,,,,,,,,,,,,,,,,,,,,
roberta,R0,wic@s0__ag_news@s0,200,438,0.6894977168949772,0.635,0.75,0.555,0.5958904109589042,0.815,0.6,0.6506849315068494,0.84,0.625,0.6575342465753424,0.84,0.605,0.6506849315068494,200,7400,0.9463513513513514,0.94,0.92,0.91,0.9114864864864864,0.945,0.925,0.9356756756756757,0.965,0.935,0.9394594594594594,0.97,0.93,0.9372972972972973,0.835,0.9210504272072375,0.08630147155476409,0.8799999999999999,0.9644622214776345,0.0337861351757478,0.9025,0.9894664097838834,0.02682010453419692,0.905,0.9710588038197354,0.03292935950817677,,,,,,,,,,,,,,,,,,,,,,,,,,,
roberta,R0,wic@s0__imdb@s0,200,438,0.6894977168949772,0.635,0.685,0.52,0.545662100456621,0.805,0.57,0.5981735159817352,0.885,0.61,0.636986301369863,0.92,0.645,0.6643835616438356,200,9800,0.9139795918367347,0.955,0.96,0.945,0.8933673469387755,0.96,0.935,0.9058163265306123,0.95,0.925,0.9079591836734694,0.93,0.895,0.9021428571428571,0.8225,0.904213216803397,0.11558073266903612,0.8825000000000001,0.9383476934493136,0.0706909465163581,0.9175,0.9646081543471987,0.04137298365184061,0.925,0.9764604031825865,0.024687302912295594,,,,,,,,,,,,,,,,,,,,,,,,,,,
roberta,R0,wic@s0__trec@s0,200,438,0.6894977168949772,0.635,0.65,0.495,0.5228310502283106,0.755,0.57,0.5570776255707762,0.79,0.575,0.5821917808219178,0.845,0.58,0.6187214611872146,200,300,0.9666666666666667,0.975,0.955,0.945,0.9433333333333334,0.99,0.965,0.9766666666666667,0.995,0.98,0.9733333333333334,0.99,0.975,0.9633333333333334,0.8025,0.8743791641429437,0.13292989266955924,0.8725,0.9436906925095901,0.09085407627312181,0.8925000000000001,0.9553200080759136,0.07436629367435488,0.9175,0.9566929133858267,0.053048641242292804,,,,,,,,,,,,,,,,,,,,,,,,,,,
roberta,R0,wic@s0__yelp_polarity@s0,200,438,0.6894977168949772,0.635,0.705,0.51,0.5639269406392694,0.82,0.575,0.6164383561643836,0.87,0.595,0.6301369863013698,0.93,0.625,0.6575342465753424,200,9800,0.9561224489795919,0.95,0.96,0.95,0.9366326530612245,0.975,0.945,0.946734693877551,0.97,0.96,0.9507142857142857,0.965,0.955,0.9429591836734694,0.8325,0.9015748031496063,0.10125170510364923,0.8975,0.9501243265644426,0.057889417402305465,0.9199999999999999,0.9737670949026108,0.04587453264257502,0.9475,0.994757563199337,0.03006247923837524,,,,,,,,,,,,,,,,,,,,,,,,,,,
roberta,R0,snli@s0__scitail@s0,200,9642,0.8946276706077577,0.865,0.865,0.805,0.8367558597801286,0.935,0.86,0.8741962248496162,0.935,0.85,0.8772038996058908,0.915,0.84,0.8708774113254512,200,1104,0.9538043478260869,0.945,0.875,0.87,0.8704710144927537,0.925,0.91,0.9085144927536232,0.915,0.89,0.8931159420289855,0.9,0.885,0.8840579710144928,0.87,0.9256353793926049,0.07602878640053068,0.93,0.9785913080710769,0.035160656325352146,0.925,0.9622289506682571,0.04155186653834153,0.9075,0.9538031012019451,0.049836026553701784,,,,,,,,,,,,,,,,,,,,,,,,,,,
roberta,R0,snli@s0__ag_news@s0,200,9642,0.8946276706077577,0.865,0.74,0.72,0.7410288321924912,0.915,0.85,0.8587429993777225,0.955,0.855,0.8740925119269861,0.965,0.855,0.8717071147064924,200,7400,0.9463513513513514,0.94,0.92,0.9,0.9143243243243243,0.955,0.92,0.937027027027027,0.97,0.925,0.9397297297297297,0.97,0.91,0.9387837837837838,0.8300000000000001,0.8949083753535851,0.1027664388409737,0.935,0.9806911818964457,0.02498210581076865,0.9624999999999999,0.9862409297749355,0.01497543085357178,0.9675,0.9782622063706802,0.01680839542153767,,,,,,,,,,,,,,,,,,,,,,,,,,,
roberta,R0,snli@s0__imdb@s0,200,9642,0.8946276706077577,0.865,0.735,0.74,0.7396805641982991,0.935,0.86,0.8670400331881353,0.97,0.88,0.8801078614395353,0.965,0.885,0.8796930097490148,200,9800,0.9139795918367347,0.955,0.95,0.945,0.8991836734693878,0.97,0.945,0.9044897959183673,0.965,0.95,0.9051020408163265,0.955,0.93,0.8963265306122449,0.8425,0.9225100626456435,0.09469288320649705,0.9525,0.9918742244953545,0.02060997256102204,0.9675,1.0060527191840936,0.012971537946156575,0.96,0.9984716884060165,0.01800410964708865,,,,,,,,,,,,,,,,,,,,,,,,,,,
roberta,R0,snli@s0__trec@s0,200,9642,0.8946276706077577,0.865,0.69,0.685,0.7179008504459655,0.93,0.86,0.8565650280024891,0.95,0.87,0.8737813731590957,0.97,0.86,0.8739887990043559,200,300,0.9666666666666667,0.975,0.91,0.9,0.9466666666666667,0.995,0.97,0.97,0.995,0.97,0.9666666666666667,0.99,0.975,0.9633333333333334,0.8,0.8574922187638951,0.10911598455351501,0.9625,0.9945457240254928,0.019548757965093477,0.9724999999999999,1.000326070846302,0.011650823092974716,0.98,0.9971098265895953,0.013259032436019447,,,,,,,,,,,,,,,,,,,,,,,,,,,
roberta,R0,snli@s0__yelp_polarity@s0,200,9642,0.8946276706077577,0.865,0.775,0.755,0.755859780128604,0.935,0.85,0.8625803775150384,0.96,0.865,0.8807301389753164,0.965,0.865,0.8773076125285211,200,9800,0.9561224489795919,0.95,0.945,0.945,0.9329591836734694,0.96,0.94,0.9391836734693878,0.97,0.94,0.9435714285714286,0.97,0.93,0.943469387755102,0.86,0.9337846060237298,0.0896693523662424,0.9475,0.9860663218740493,0.026769024475160164,0.965,0.9947368421052631,0.014330715928934312,0.9675,0.9894736842105263,0.016296899423722366,,,,,,,,,,,,,,,,,,,,,,,,,,,
roberta,R0,scitail@s0__ag_news@s0,200,1104,0.9538043478260869,0.945,0.7,0.715,0.7255434782608695,0.93,0.905,0.9230072463768116,0.955,0.91,0.9302536231884058,0.935,0.9,0.9257246376811594,200,7400,0.9463513513513514,0.94,0.925,0.905,0.9160810810810811,0.97,0.92,0.9363513513513514,0.975,0.925,0.9417567567567567,0.975,0.925,0.9402702702702703,0.8125,0.8596898570302827,0.13565126545277906,0.95,0.9681976809636386,0.02142779942770423,0.965,0.9735027580772262,0.014773210070463616,0.9550000000000001,0.968211752786221,0.017932756806572803,,,,,,,,,,,,,,,,,,,,,,,,,,,
roberta,R0,scitail@s0__imdb@s0,200,1104,0.9538043478260869,0.945,0.6,0.635,0.6385869565217391,0.905,0.91,0.9166666666666666,0.96,0.935,0.9365942028985508,0.975,0.95,0.9456521739130435,200,9800,0.9139795918367347,0.955,0.955,0.95,0.9006122448979592,0.985,0.96,0.9095918367346939,0.985,0.95,0.911530612244898,0.97,0.945,0.905,0.7775,0.8333610349317155,0.17255488155343013,0.9450000000000001,0.9840992825286019,0.021868543397329132,0.9724999999999999,0.9920911936618744,0.010361576641208958,0.9724999999999999,0.9974099005512618,0.009185863322292986,,,,,,,,,,,,,,,,,,,,,,,,,,,
roberta,R0,scitail@s0__trec@s0,200,1104,0.9538043478260869,0.945,0.655,0.69,0.6847826086956522,0.955,0.94,0.9356884057971014,0.97,0.925,0.9365942028985508,0.965,0.91,0.9311594202898551,200,300,0.9666666666666667,0.975,0.945,0.93,0.9566666666666667,0.985,0.96,0.9666666666666667,0.99,0.965,0.9633333333333334,0.985,0.96,0.9633333333333334,0.8,0.842002442002442,0.14619805481874448,0.97,0.9896621896621896,0.009496676163342821,0.98,0.9842897842897844,0.01074598028621021,0.975,0.9737891737891737,0.013594983135213012,,,,,,,,,,,,,,,,,,,,,,,,,,,
roberta,R0,scitail@s0__yelp_polarity@s0,200,1104,0.9538043478260869,0.945,0.65,0.685,0.6721014492753623,0.92,0.915,0.9221014492753623,0.95,0.935,0.9402173913043478,0.93,0.935,0.9384057971014492,200,9800,0.9561224489795919,0.95,0.965,0.945,0.9362244897959183,0.965,0.935,0.946734693877551,0.97,0.94,0.9501020408163265,0.975,0.945,0.9458163265306122,0.8075,0.859802283486494,0.15807886396644855,0.9425,0.976232247284879,0.021528468237824283,0.96,0.9894458368142579,0.010270852906925532,0.9525,0.9920774157616263,0.01346171582742195,,,,,,,,,,,,,,,,,,,,,,,,,,,
roberta,R0,ag_news@s0__imdb@s0,200,7400,0.9463513513513514,0.94,0.925,0.91,0.9116216216216216,0.94,0.925,0.9333783783783783,0.965,0.93,0.942027027027027,0.98,0.935,0.9424324324324325,200,9800,0.9139795918367347,0.955,0.945,0.94,0.8894897959183673,0.96,0.945,0.9029591836734694,0.965,0.95,0.9012244897959184,0.945,0.92,0.8871428571428571,0.935,0.9761891500501282,0.03174662174081255,0.95,0.9867856745015039,0.012883009627718156,0.965,0.9920630500167095,0.009262517853279473,0.9624999999999999,0.9790158182020721,0.016751796081077908,,,,,,,,,,,,,,,,,,,,,,,,,,,
roberta,R0,ag_news@s0__trec@s0,200,7400,0.9463513513513514,0.94,0.925,0.905,0.912027027027027,0.95,0.92,0.9302702702702703,0.965,0.925,0.9356756756756757,0.975,0.925,0.932972972972973,200,300,0.9666666666666667,0.975,0.945,0.92,0.9433333333333334,0.985,0.96,0.9633333333333334,0.985,0.96,0.9666666666666667,0.99,0.975,0.96,0.935,0.9531778505182762,0.030204050480828415,0.9675,0.9816693944353518,0.01022049663444724,0.975,0.984328968903437,0.005640439811509301,0.9824999999999999,0.9920212765957448,0.010516675119530028,,,,,,,,,,,,,,,,,,,,,,,,,,,
roberta,R0,ag_news@s0__yelp_polarity@s0,200,7400,0.9463513513513514,0.94,0.935,0.91,0.9085135135135135,0.95,0.915,0.9286486486486486,0.97,0.925,0.9372972972972973,0.97,0.935,0.9422972972972973,200,9800,0.9561224489795919,0.95,0.93,0.92,0.9309183673469388,0.96,0.94,0.9468367346938775,0.975,0.955,0.951530612244898,0.975,0.945,0.9455102040816327,0.9325000000000001,0.968253079507279,0.03317179510351642,0.955,0.9814389697648376,0.014209057530002012,0.9724999999999999,0.9946528555431131,0.007184944826969297,0.9724999999999999,0.9947088465845465,0.0076915656363769624,,,,,,,,,,,,,,,,,,,,,,,,,,,
roberta,R0,imdb@s0__trec@s0,200,9800,0.9139795918367347,0.955,0.915,0.91,0.8933673469387755,0.93,0.915,0.9006122448979592,0.935,0.92,0.9008163265306123,0.935,0.93,0.8989795918367347,200,300,0.9666666666666667,0.975,0.94,0.915,0.9533333333333334,0.98,0.955,0.97,0.99,0.965,0.97,0.99,0.965,0.9633333333333334,0.9275,0.9456705598066856,0.01817264863158463,0.9550000000000001,0.9688011813666264,0.0055885783802305244,0.9625,0.976547187541952,0.0054769338563944725,0.9625,0.9817827896361928,0.009930010432988245,,,,,,,,,,,,,,,,,,,,,,,,,,,
roberta,R0,imdb@s0__yelp_polarity@s0,200,9800,0.9139795918367347,0.955,0.96,0.945,0.9063265306122449,0.965,0.94,0.9127551020408163,0.965,0.95,0.911530612244898,0.94,0.925,0.9001020408163265,200,9800,0.9561224489795919,0.95,0.975,0.945,0.9469387755102041,0.985,0.955,0.9543877551020408,0.985,0.945,0.9520408163265306,0.98,0.96,0.94,0.9675,0.9921328189583907,0.008989231009915888,0.975,0.9947781758060072,0.0015770176232727806,0.975,0.9947506200055112,0.0034742060042830536,0.96,0.9895563516120144,0.01602299090794168,,,,,,,,,,,,,,,,,,,,,,,,,,,
roberta,R0,trec@s0__yelp_polarity@s0,200,300,0.9666666666666667,0.975,0.94,0.915,0.9466666666666667,0.98,0.955,0.97,0.99,0.965,0.97,0.99,0.97,0.9666666666666667,200,9800,0.9561224489795919,0.95,0.965,0.955,0.9379591836734694,0.95,0.96,0.9455102040816327,0.955,0.965,0.9469387755102041,0.945,0.955,0.9428571428571428,0.9524999999999999,0.9718623481781377,0.01984322673241823,0.965,0.9950067476383266,0.003825488536414845,0.9724999999999999,1.0027665317139003,0.0030784234350274,0.9675,1.0000674763832658,0.006937033084311706,,,,,,,,,,,,,,,,,,,,,,,,,,,
roberta,S1,cola@s1__sst2@s1,200,843,0.8410438908659549,0.805,0.815,0.72,0.7153024911032029,0.88,0.775,0.763938315539739,0.895,0.78,0.7817319098457889,0.885,0.77,0.7924080664294187,200,672,0.9330357142857143,0.955,0.93,0.935,0.9047619047619048,0.94,0.955,0.9211309523809523,0.97,0.955,0.9241071428571429,0.985,0.95,0.9241071428571429,0.8725,0.9367337647556178,0.089904688635295,0.9099999999999999,0.9813664596273292,0.05221879548210184,0.9325,0.984472049689441,0.04004561988379063,0.935,0.975643068518097,0.03369865232384717,,,,,,,,,,,,,,,,,,,,,,,,,,,
roberta,S1,cola@s1__mrpc@s1,200,843,0.8410438908659549,0.805,0.815,0.71,0.730723606168446,0.905,0.79,0.7734282325029656,0.95,0.805,0.8137603795966786,0.87,0.755,0.8125741399762753,200,208,0.8653846153846154,0.895,0.77,0.755,0.7740384615384616,0.835,0.82,0.8269230769230769,0.89,0.835,0.8557692307692307,0.9,0.855,0.8653846153846154,0.7925,0.8627814983170824,0.11836310923052817,0.87,0.9487837884728825,0.062419683435198214,0.9199999999999999,0.9664804469273742,0.021775583764300332,0.885,0.9465977306637982,0.016925246826516194,,,,,,,,,,,,,,,,,,,,,,,,,,,
roberta,S1,cola@s1__stsb@s1,200,843,0.8410438908659549,0.805,0.835,0.74,0.7319098457888493,0.93,0.815,0.7924080664294187,0.935,0.8,0.8078291814946619,0.9,0.765,0.8208778173190985,200,1300,0.9039178985125679,0.9001097135734145,0.9113042826070653,0.8216331482396491,0.8270633982014685,0.9615840396009903,0.8624901118674243,0.8737693993297134,0.9713552838820971,0.8672016631734859,0.8789156701038362,0.9718622965574142,0.8707512770218793,0.8760378048421883,0.8731521413035326,0.9160345514731421,0.10739199385734077,0.9457920198004952,0.9853139488541369,0.045590532756267343,0.9531776419410486,0.978614388122945,0.0335760434895811,0.9359311482787072,0.9588470250154482,0.027410522905251034,,,,,,,,,,,,,,,,,,,,,,,,,,,
roberta,S1,cola@s1__mnli@s1,200,843,0.8410438908659549,0.805,0.83,0.745,0.7390272835112692,0.89,0.795,0.7829181494661922,0.895,0.8,0.7852906287069988,0.9,0.775,0.7805456702253856,200,9615,0.8733229329173167,0.835,0.69,0.645,0.6510660426417056,0.86,0.8,0.8216328653146125,0.905,0.845,0.8547061882475299,0.93,0.855,0.8552262090483619,0.76,0.8489604641648381,0.18789662773308957,0.875,0.9728307360434412,0.06414961485506021,0.9,1.002882433889984,0.04380384357164291,0.915,0.9933425075315208,0.046326992664617705,,,,,,,,,,,,,,,,,,,,,,,,,,,
roberta,S1,cola@s1__qnli@s1,200,843,0.8410438908659549,0.805,0.865,0.77,0.767497034400949,0.89,0.815,0.8090154211150652,0.845,0.8,0.7983392645314353,0.78,0.785,0.7900355871886121,200,5263,0.9207676230286909,0.88,0.845,0.835,0.8403952118563557,0.91,0.88,0.886756602698081,0.925,0.875,0.9065171955158655,0.94,0.86,0.9118373551206537,0.855,0.9526926877470355,0.08736779697620412,0.9,1.0062111801242235,0.0375097429604746,0.885,0.9940535008469791,0.03312621113948544,0.86,0.9762140033879164,0.035173760861327175,,,,,,,,,,,,,,,,,,,,,,,,,,,
roberta,S1,cola@s1__wic@s1,200,843,0.8410438908659549,0.805,0.84,0.765,0.7473309608540926,0.88,0.775,0.7841043890865955,0.885,0.78,0.7888493475682088,0.805,0.73,0.7805456702253856,200,438,0.682648401826484,0.63,0.68,0.52,0.5273972602739726,0.73,0.52,0.58675799086758,0.8,0.56,0.6141552511415526,0.87,0.65,0.6643835616438356,0.76,0.8878536922015183,0.16942464538588897,0.8049999999999999,0.8940648723257418,0.10408460736540692,0.8425,0.9289164941338854,0.08119684326221388,0.8375,0.9692891649413389,0.049344075927751585,,,,,,,,,,,,,,,,,,,,,,,,,,,
roberta,S1,cola@s1__snli@s1,200,843,0.8410438908659549,0.805,0.82,0.725,0.734282325029656,0.885,0.77,0.7734282325029656,0.905,0.8,0.7829181494661922,0.895,0.8,0.7912218268090154,200,9642,0.8943165318398673,0.89,0.64,0.62,0.6429164073843601,0.895,0.825,0.8445343289773906,0.93,0.85,0.8737813731590957,0.93,0.86,0.8692180045633686,0.73,0.7986251657477842,0.20402400703861012,0.89,0.9417440156326331,0.06803000209202037,0.9175,0.9744224998255286,0.04603663538340963,0.9125000000000001,0.9800404773536184,0.04365142130625488,,,,,,,,,,,,,,,,,,,,,,,,,,,
roberta,S1,cola@s1__scitail@s1,200,843,0.8410438908659549,0.805,0.845,0.75,0.7390272835112692,0.92,0.815,0.7983392645314353,0.935,0.81,0.8244365361803084,0.89,0.795,0.8137603795966786,200,1104,0.9547101449275363,0.955,0.62,0.625,0.6385869565217391,0.9,0.885,0.894927536231884,0.97,0.945,0.9365942028985508,0.965,0.95,0.9402173913043478,0.7324999999999999,0.7930636402068225,0.22620857342436507,0.91,0.9695619654645377,0.05669716815248771,0.9525,0.997869987967871,0.01936072668295674,0.9275,0.991171018828656,0.023810161036069255,,,,,,,,,,,,,,,,,,,,,,,,,,,
roberta,S1,cola@s1__ag_news@s1,200,843,0.8410438908659549,0.805,0.805,0.71,0.7141162514827996,0.86,0.755,0.7615658362989324,0.875,0.77,0.7710557532621589,0.9,0.785,0.7876631079478055,200,7400,0.9460810810810811,0.945,0.945,0.925,0.9171621621621622,0.96,0.935,0.9375675675675675,0.965,0.92,0.9401351351351351,0.96,0.905,0.9408108108108109,0.875,0.9304117782378651,0.09074192302570516,0.9099999999999999,0.9636530940878767,0.05174900462537191,0.9199999999999999,0.9650333563377042,0.044750306675915175,0.9299999999999999,0.9664136185875316,0.034520154183091734,,,,,,,,,,,,,,,,,,,,,,,,,,,
roberta,S1,cola@s1__imdb@s1,200,843,0.8410438908659549,0.805,0.795,0.7,0.7105575326215896,0.86,0.745,0.7449584816132859,0.87,0.755,0.7556346381969158,0.895,0.77,0.7876631079478055,200,9800,0.9122448979591836,0.935,0.945,0.94,0.881734693877551,0.97,0.925,0.904795918367347,0.98,0.935,0.9066326530612245,0.96,0.935,0.903469387755102,0.87,0.9374564054870959,0.09429664303316576,0.915,0.9573853256717706,0.06120548208870913,0.925,0.968944099378882,0.053851803119369546,0.9275,0.9782608695652173,0.0365446812001653,,,,,,,,,,,,,,,,,,,,,,,,,,,
roberta,S1,cola@s1__trec@s1,200,843,0.8410438908659549,0.805,0.825,0.73,0.7153024911032029,0.895,0.79,0.7710557532621589,0.91,0.795,0.7900355871886121,0.905,0.79,0.7959667852906287,200,300,0.97,0.965,0.885,0.895,0.9166666666666666,0.98,0.965,0.9733333333333334,0.985,0.97,0.97,0.995,0.97,0.97,0.855,0.9171467190165095,0.10224458241848788,0.9375,0.9906832298136645,0.03988968539009985,0.9475,0.9963794934509059,0.030324400564174847,0.95,0.9932739033887941,0.026798307475317307,,,,,,,,,,,,,,,,,,,,,,,,,,,
roberta,S1,cola@s1__yelp_polarity@s1,200,843,0.8410438908659549,0.805,0.835,0.73,0.727164887307236,0.87,0.765,0.7615658362989324,0.89,0.785,0.7722419928825622,0.895,0.79,0.7995255041518387,200,9800,0.9559183673469388,0.97,0.92,0.9,0.9057142857142857,0.96,0.94,0.939795918367347,0.975,0.955,0.9474489795918367,0.965,0.955,0.9470408163265306,0.8775,0.9173336748415188,0.09396059447942107,0.915,0.9596913619773324,0.055682610669939514,0.9325,0.9798456809886662,0.045332654211618584,0.9299999999999999,0.982951271050778,0.02932611874412072,,,,,,,,,,,,,,,,,,,,,,,,,,,
roberta,S1,sst2@s1__mrpc@s1,200,672,0.9330357142857143,0.955,0.94,0.935,0.9136904761904762,0.95,0.945,0.9300595238095238,0.945,0.94,0.9270833333333334,0.945,0.94,0.9136904761904762,200,208,0.8653846153846154,0.895,0.79,0.805,0.7692307692307693,0.835,0.83,0.7980769230769231,0.87,0.835,0.8317307692307693,0.86,0.805,0.8461538461538461,0.865,0.9392494662025799,0.06592238171185538,0.8925,0.9584515487437479,0.04048378522062723,0.9075,0.958627043786013,0.02263423710792134,0.9025,0.9418672672497002,0.021477937267410985,,,,,,,,,,,,,,,,,,,,,,,,,,,
roberta,S1,sst2@s1__stsb@s1,200,672,0.9330357142857143,0.955,0.94,0.935,0.9092261904761905,0.95,0.945,0.9255952380952381,0.98,0.945,0.9315476190476191,0.965,0.93,0.9255952380952381,200,1300,0.9039178985125679,0.9001097135734145,0.905715142878572,0.8324396169593192,0.8131788979507596,0.9565799144978625,0.8755138695082518,0.8722664104432722,0.9618705467636693,0.8800722972733804,0.8795555082581932,0.9519372984324609,0.8751318112615122,0.8732135808515674,0.9228575714392859,0.9519388800525568,0.06295122941893627,0.9532899572489313,0.9811017056282156,0.02149518492547442,0.9709352733818346,0.9836338568184477,0.014273445429815457,0.9584686492162304,0.9730360737768549,0.020971259904267403,,,,,,,,,,,,,,,,,,,,,,,,,,,
roberta,S1,sst2@s1__mnli@s1,200,672,0.9330357142857143,0.955,0.945,0.95,0.9226190476190477,0.96,0.965,0.9315476190476191,0.975,0.95,0.9285714285714286,0.965,0.94,0.9255952380952381,200,9615,0.8733229329173167,0.835,0.7,0.67,0.7033801352054082,0.865,0.815,0.8255850234009361,0.9,0.825,0.8464898595943837,0.9,0.81,0.8395215808632346,0.8225,0.8985798037432988,0.10287879072783457,0.9125,0.9932595541900491,0.028128637876480123,0.9375,0.9913941750007838,0.017754974008147184,0.9325,0.9771765369783993,0.023339390406575955,,,,,,,,,,,,,,,,,,,,,,,,,,,
roberta,S1,sst2@s1__qnli@s1,200,672,0.9330357142857143,0.955,0.935,0.95,0.9181547619047619,0.945,0.96,0.9196428571428571,0.96,0.965,0.9315476190476191,0.97,0.965,0.9270833333333334,200,5263,0.9207676230286909,0.88,0.85,0.84,0.8478054341630249,0.905,0.875,0.889606688200646,0.93,0.89,0.9061371841155235,0.945,0.895,0.9000570017100513,0.8925000000000001,0.9746549262256068,0.04759478706521303,0.925,0.9997768919562113,0.024098205593524602,0.9450000000000001,1.010917420276059,0.008742144822905917,0.9575,1.013758329366968,0.014436181437723627,,,,,,,,,,,,,,,,,,,,,,,,,,,
roberta,S1,sst2@s1__wic@s1,200,672,0.9330357142857143,0.955,0.935,0.94,0.9002976190476191,0.945,0.95,0.9270833333333334,0.955,0.96,0.9241071428571429,0.95,0.935,0.9300595238095238,200,438,0.682648401826484,0.63,0.755,0.535,0.5525114155251142,0.85,0.59,0.6301369863013698,0.84,0.64,0.6438356164383562,0.775,0.625,0.632420091324201,0.845,0.9167497714618134,0.11286158540163116,0.8975,0.9656361672068479,0.04165133112501529,0.8975,1.0105543089836284,0.03321278264070027,0.8625,0.9855605418432645,0.038384193990601334,,,,,,,,,,,,,,,,,,,,,,,,,,,
roberta,S1,sst2@s1__snli@s1,200,672,0.9330357142857143,0.955,0.95,0.955,0.9151785714285714,0.96,0.955,0.9241071428571429,0.975,0.96,0.9255952380952381,0.97,0.935,0.9196428571428571,200,9642,0.8943165318398673,0.89,0.595,0.585,0.6313005600497822,0.875,0.825,0.8429786351379381,0.925,0.855,0.8702551337896702,0.925,0.855,0.8580170089193113,0.7725,0.8286516853932584,0.1566179689680487,0.9175,0.9634831460674157,0.03348699677672995,0.95,0.9829548796988058,0.017439635587550906,0.9475,0.9698658744632038,0.027471594550459555,,,,,,,,,,,,,,,,,,,,,,,,,,,
roberta,S1,sst2@s1__scitail@s1,200,672,0.9330357142857143,0.955,0.93,0.935,0.9092261904761905,0.945,0.95,0.9270833333333334,0.955,0.95,0.9330357142857143,0.95,0.935,0.9345238095238095,200,1104,0.9547101449275363,0.955,0.65,0.655,0.667572463768116,0.94,0.915,0.9166666666666666,0.965,0.94,0.9375,0.93,0.915,0.9230072463768116,0.79,0.8324607329842932,0.16313867729527376,0.9424999999999999,0.9764397905759163,0.023113891335203585,0.96,0.9895287958115184,0.009013282732447836,0.94,0.968586387434555,0.015805967393903053,,,,,,,,,,,,,,,,,,,,,,,,,,,
roberta,S1,sst2@s1__ag_news@s1,200,672,0.9330357142857143,0.955,0.93,0.925,0.9107142857142857,0.955,0.95,0.9196428571428571,0.965,0.95,0.9226190476190477,0.95,0.935,0.9166666666666666,200,7400,0.9460810810810811,0.945,0.94,0.92,0.9145945945945946,0.955,0.92,0.9287837837837838,0.98,0.935,0.9344594594594594,0.98,0.935,0.9352702702702703,0.935,0.9710656804897644,0.028602202419476752,0.955,0.9841546857253665,0.016318584699793526,0.9724999999999999,0.9920911936618744,0.011724116878267798,0.965,0.9842377905205131,0.014485399328918014,,,,,,,,,,,,,,,,,,,,,,,,,,,
roberta,S1,sst2@s1__imdb@s1,200,672,0.9330357142857143,0.955,0.94,0.935,0.9241071428571429,0.96,0.955,0.9255952380952381,0.965,0.95,0.9285714285714286,0.96,0.955,0.9166666666666666,200,9800,0.9122448979591836,0.935,0.965,0.93,0.8974489795918368,0.94,0.945,0.9013265306122449,0.94,0.935,0.9009183673469388,0.945,0.93,0.9,0.9524999999999999,0.9868549990200746,0.012894308682016131,0.95,1.0053475935828877,0.009971580874088781,0.9524999999999999,0.9973821989528796,0.008600398188882807,0.9524999999999999,0.9973262032085561,0.015483339220534464,,,,,,,,,,,,,,,,,,,,,,,,,,,
roberta,S1,sst2@s1__trec@s1,200,672,0.9330357142857143,0.955,0.94,0.945,0.9181547619047619,0.965,0.96,0.9241071428571429,0.975,0.96,0.9285714285714286,0.955,0.94,0.9255952380952381,200,300,0.97,0.965,0.94,0.925,0.9233333333333333,0.98,0.945,0.9633333333333334,0.975,0.95,0.9633333333333334,0.965,0.945,0.9533333333333334,0.94,0.9740390093047229,0.03202946447656152,0.9724999999999999,0.9922551067466022,0.0082211151120537,0.975,0.9948457803217318,0.005828770614446199,0.96,0.9817839025581205,0.012578306121442284,,,,,,,,,,,,,,,,,,,,,,,,,,,
roberta,S1,sst2@s1__yelp_polarity@s1,200,672,0.9330357142857143,0.955,0.95,0.955,0.9211309523809523,0.965,0.96,0.9255952380952381,0.965,0.96,0.9285714285714286,0.95,0.945,0.9300595238095238,200,9800,0.9559183673469388,0.97,0.965,0.935,0.9373469387755102,0.975,0.945,0.9441836734693878,0.97,0.94,0.9436734693877551,0.94,0.92,0.9385714285714286,0.9575,0.981958762886598,0.01609350505368301,0.97,0.989731203108976,0.010125157140191465,0.9675,0.9871538835213471,0.00879712673501154,0.945,0.9689912020294705,0.010668337834727315,,,,,,,,,,,,,,,,,,,,,,,,,,,
roberta,S1,mrpc@s1__stsb@s1,200,208,0.8653846153846154,0.895,0.865,0.82,0.8413461538461539,0.885,0.83,0.875,0.855,0.82,0.8413461538461539,0.825,0.81,0.8221153846153846,200,1300,0.9039178985125679,0.9001097135734145,0.9463316582914575,0.8563058723882716,0.8615447742635033,0.9783724593114829,0.8879161257182336,0.8910821352718467,0.9741843546088653,0.8872893700482382,0.8882269014163462,0.9600675016875423,0.8755146201138447,0.8769066906497764,0.9056658291457287,0.9337680575626334,0.03732748011425968,0.9316862296557414,0.956913761065995,0.0015445158457536579,0.9145921773044327,0.9509790137342775,0.022568325993764127,0.8925337508437712,0.9388516911551825,0.03994118431952698,,,,,,,,,,,,,,,,,,,,,,,,,,,
roberta,S1,mrpc@s1__mnli@s1,200,208,0.8653846153846154,0.895,0.785,0.79,0.7980769230769231,0.83,0.785,0.8076923076923077,0.785,0.75,0.8317307692307693,0.79,0.765,0.8125,200,9615,0.8733229329173167,0.835,0.755,0.715,0.7805512220488819,0.86,0.84,0.851170046801872,0.91,0.85,0.8553302132085283,0.9,0.82,0.8400416016640666,0.77,0.8694844946977554,0.09200309634393233,0.845,0.9415414980095674,0.04601643444087178,0.8475,0.927976449335965,0.029745742527093055,0.845,0.918392265747834,0.049609979754674294,,,,,,,,,,,,,,,,,,,,,,,,,,,
roberta,S1,mrpc@s1__qnli@s1,200,208,0.8653846153846154,0.895,0.775,0.77,0.7980769230769231,0.825,0.78,0.8221153846153846,0.86,0.835,0.8221153846153846,0.835,0.81,0.8173076923076923,200,5263,0.9207676230286909,0.88,0.935,0.875,0.8799163974919247,0.93,0.89,0.88846665399962,0.94,0.89,0.8759262777883337,0.91,0.87,0.8622458673760213,0.855,0.927326688674454,0.06107213280139401,0.8775,0.9414360081259523,0.04254023937267859,0.8999999999999999,0.9721622651091926,0.04934997936442431,0.8725,0.9468321482986288,0.05955656440592472,,,,,,,,,,,,,,,,,,,,,,,,,,,
roberta,S1,mrpc@s1__wic@s1,200,208,0.8653846153846154,0.895,0.765,0.74,0.7692307692307693,0.795,0.76,0.7644230769230769,0.8,0.765,0.7740384615384616,0.74,0.715,0.7451923076923077,200,438,0.682648401826484,0.63,0.76,0.54,0.5525114155251142,0.9,0.6,0.6461187214611872,0.85,0.66,0.6757990867579908,0.84,0.62,0.639269406392694,0.7625,0.8419792498004789,0.15087328130806388,0.8475,0.9007714817770683,0.0850891861761427,0.825,0.9511838254855015,0.057794500185804454,0.79,0.891504832845615,0.10121701969528063,,,,,,,,,,,,,,,,,,,,,,,,,,,
roberta,S1,mrpc@s1__snli@s1,200,208,0.8653846153846154,0.895,0.805,0.8,0.7884615384615384,0.86,0.845,0.8221153846153846,0.81,0.765,0.8653846153846154,0.755,0.72,0.8317307692307693,200,9642,0.8943165318398673,0.89,0.72,0.68,0.7146857498444306,0.955,0.88,0.872744243932794,0.94,0.87,0.8732628085459448,0.895,0.865,0.8508608172578304,0.7625,0.8289498462117884,0.14487352944966303,0.9075,0.9664490615780553,0.037060767714252596,0.875,0.9161383466197979,0.01177084541342921,0.825,0.8881896930512836,0.04373993325344361,,,,,,,,,,,,,,,,,,,,,,,,,,,
roberta,S1,mrpc@s1__scitail@s1,200,208,0.8653846153846154,0.895,0.775,0.78,0.7740384615384616,0.845,0.84,0.7980769230769231,0.87,0.845,0.8461538461538461,0.865,0.85,0.8413461538461539,200,1104,0.9547101449275363,0.955,0.825,0.83,0.8079710144927537,0.975,0.94,0.9393115942028986,0.96,0.925,0.9338768115942029,0.95,0.925,0.9130434782608695,0.8,0.8703091637661236,0.1296278726544381,0.9099999999999999,0.9614203398753984,0.04695340501792111,0.915,0.9563602328234228,0.022021927050390078,0.9075,0.9591535289128083,0.03571052076744685,,,,,,,,,,,,,,,,,,,,,,,,,,,
roberta,S1,mrpc@s1__ag_news@s1,200,208,0.8653846153846154,0.895,0.73,0.715,0.7836538461538461,0.76,0.735,0.7644230769230769,0.805,0.77,0.8221153846153846,0.84,0.845,0.8269230769230769,200,7400,0.9460810810810811,0.945,0.95,0.93,0.9208108108108108,0.975,0.93,0.9377027027027027,0.98,0.935,0.9409459459459459,0.98,0.935,0.942027027027027,0.84,0.891504832845615,0.06057745718865559,0.8674999999999999,0.9026780172031569,0.06276127219920968,0.8925000000000001,0.9248765924743578,0.02771389801456947,0.9099999999999999,0.96677603381514,0.024364773286356,,,,,,,,,,,,,,,,,,,,,,,,,,,
roberta,S1,mrpc@s1__imdb@s1,200,208,0.8653846153846154,0.895,0.765,0.76,0.7788461538461539,0.84,0.825,0.8269230769230769,0.895,0.84,0.8509615384615384,0.895,0.84,0.8557692307692307,200,9800,0.9122448979591836,0.935,0.95,0.945,0.8954081632653061,0.96,0.945,0.9062244897959184,0.97,0.945,0.9068367346938776,0.96,0.915,0.8981632653061224,0.8574999999999999,0.9299285991694798,0.05922818791946305,0.8999999999999999,0.966241448331491,0.025521998508575727,0.9325,0.9746213365996473,0.01129753914988818,0.9275,0.9585785558509843,0.013273676360924691,,,,,,,,,,,,,,,,,,,,,,,,,,,
roberta,S1,mrpc@s1__trec@s1,200,208,0.8653846153846154,0.895,0.775,0.78,0.7644230769230769,0.855,0.84,0.8269230769230769,0.875,0.83,0.8557692307692307,0.9,0.855,0.8701923076923077,200,300,0.97,0.965,0.835,0.845,0.8766666666666667,0.98,0.965,0.97,0.98,0.965,0.9666666666666667,0.97,0.955,0.9633333333333334,0.8049999999999999,0.8735780241410253,0.10644329896907223,0.9175,0.9692737430167597,0.022222222222222254,0.9275,0.9636871508379887,0.007273768613974774,0.935,0.9724722841346571,0.0006586483390607079,,,,,,,,,,,,,,,,,,,,,,,,,,,
roberta,S1,mrpc@s1__yelp_polarity@s1,200,208,0.8653846153846154,0.895,0.76,0.775,0.7692307692307693,0.85,0.835,0.7980769230769231,0.885,0.87,0.8461538461538461,0.92,0.855,0.8365384615384616,200,9800,0.9559183673469388,0.97,0.97,0.94,0.9296938775510204,0.99,0.96,0.951734693877551,0.965,0.965,0.9519387755102041,0.935,0.935,0.9325510204081633,0.865,0.9174969763289754,0.06927246418066235,0.9199999999999999,0.9613258077521165,0.04107718948666861,0.925,0.9834561999654438,0.013192665338267462,0.9275,0.9596123941715142,0.028889126103045837,,,,,,,,,,,,,,,,,,,,,,,,,,,
roberta,S1,stsb@s1__mnli@s1,200,1300,0.9039178985125679,0.9001097135734145,0.9124998124953125,0.8279037073619748,0.8324842281979672,0.9287017175429387,0.8468009537665323,0.8589367309097184,0.9224600615015377,0.8368524272394429,0.862379536645202,0.8711767794194856,0.8002378864222237,0.8071073555718986,200,9615,0.8733229329173167,0.835,0.81,0.79,0.7996879875195008,0.89,0.835,0.8535621424856994,0.91,0.83,0.8583463338533541,0.93,0.795,0.8393135725429017,0.8612499062476563,0.9329443338347447,0.08167127555724862,0.9093508587714694,0.97038763219472,0.03619478846881585,0.9162300307507689,0.9618673347131008,0.03155133532189036,0.9005883897097429,0.92057031871223,0.07302175748012796,,,,,,,,,,,,,,,,,,,,,,,,,,,
roberta,S1,stsb@s1__qnli@s1,200,1300,0.9039178985125679,0.9001097135734145,0.9420130503262583,0.8646405968908218,0.8723962369165377,0.9678346958673967,0.8826100947826673,0.8911121692444693,0.9667471686792171,0.8772237490486705,0.8869505245528818,0.944230105752644,0.8584473501445555,0.8682295460145688,200,5263,0.9207676230286909,0.88,0.9,0.84,0.8668060041801254,0.955,0.875,0.8837165114953449,0.94,0.88,0.8783963518905568,0.91,0.84,0.8783963518905568,0.9210065251631292,0.9575700642819118,0.04673864843658537,0.9614173479336983,0.9874382654770032,0.02720314452122019,0.9533735843396085,0.9872871250139679,0.03239412882258608,0.927115052876322,0.9541297910280664,0.04274959283603197,,,,,,,,,,,,,,,,,,,,,,,,,,,
roberta,S1,stsb@s1__wic@s1,200,1300,0.9039178985125679,0.9001097135734145,0.9306412660316509,0.85717657487593,0.8589354734575108,0.964830120753019,0.8894908962519468,0.8861047266612644,0.9447326183154581,0.8738903096110061,0.8742174158833717,0.8606885172129305,0.8094538218907317,0.8147249666221891,200,438,0.682648401826484,0.63,0.8,0.59,0.6004566210045662,0.85,0.64,0.6917808219178082,0.835,0.655,0.6872146118721462,0.84,0.62,0.6484018264840182,0.8653206330158254,0.9444051318009979,0.08508258855355844,0.9074150603765094,1.0020378840458095,0.0031643497287889844,0.889866309157729,1.0052767097842974,0.013084268548877231,0.8503442586064652,0.9417052466653943,0.07442046665776514,,,,,,,,,,,,,,,,,,,,,,,,,,,
roberta,S1,stsb@s1__snli@s1,200,1300,0.9039178985125679,0.9001097135734145,0.9340583514587866,0.840399038665465,0.8506166972343249,0.941201530038251,0.847167249295823,0.8705017867562772,0.9382494562364061,0.8517572024958496,0.8645826311834435,0.8981744543613591,0.8324929099564087,0.8378681793080864,200,9642,0.8943165318398673,0.89,0.885,0.805,0.8353038788633064,0.955,0.865,0.8731590956233146,0.945,0.855,0.8751296411532877,0.905,0.84,0.8585355735324621,0.9095291757293933,0.9190786372185547,0.062476588445016135,0.9481007650191255,0.9565461610866364,0.03031287129554061,0.9416247281182031,0.9534778467444958,0.032485333145735096,0.9015872271806795,0.9343498002123964,0.056539881234680234,,,,,,,,,,,,,,,,,,,,,,,,,,,
roberta,S1,stsb@s1__scitail@s1,200,1300,0.9039178985125679,0.9001097135734145,0.9035400885022127,0.8142712085853792,0.8298248917284737,0.9555478886972175,0.8621605960121812,0.8840922892136333,0.9660091502287558,0.8675341814511003,0.8892024027696,0.9296152403810097,0.8300436839070731,0.8535545593678323,200,1104,0.9547101449275363,0.955,0.795,0.8,0.7907608695652174,0.965,0.93,0.9429347826086957,0.95,0.935,0.9384057971014492,0.9,0.895,0.9103260869565217,0.8492700442511063,0.8711659218676486,0.12684774516395858,0.9602739443486088,0.9658307214438401,0.017133470770023695,0.9580045751143779,0.9714334838561622,0.016678740320705154,0.9148076201905049,0.9296655600010963,0.05110314105923619,,,,,,,,,,,,,,,,,,,,,,,,,,,
roberta,S1,stsb@s1__ag_news@s1,200,1300,0.9039178985125679,0.9001097135734145,0.9015255381384536,0.8205815498041238,0.8205582753670125,0.942668566714168,0.8635522187812489,0.8630671470490859,0.9596849921248032,0.8807823701641777,0.8786895419266001,0.9539713492837322,0.8829929036349998,0.8773235606589673,200,7400,0.9460810810810811,0.945,0.95,0.925,0.9233783783783783,0.96,0.925,0.9345945945945946,0.955,0.92,0.935,0.95,0.925,0.9308108108108109,0.9257627690692267,0.9452410615557372,0.05810845994880354,0.9513342833570839,0.9691107456226563,0.02866705574831463,0.9573424960624015,0.9760363825410883,0.019811310688432338,0.951985674641866,0.9799098096481804,0.022780869356787026,,,,,,,,,,,,,,,,,,,,,,,,,,,
roberta,S1,stsb@s1__imdb@s1,200,1300,0.9039178985125679,0.9001097135734145,0.9206885172129304,0.8385472946680054,0.8302148713955613,0.9681362034050852,0.8766412791086509,0.8835151159166899,0.9782584564614117,0.8844888605814683,0.8911741507039437,0.9789544738618468,0.8820163657587555,0.8868167043020609,200,9800,0.9122448979591836,0.935,0.955,0.95,0.8972448979591837,0.97,0.915,0.9082653061224489,0.97,0.925,0.9088775510204081,0.97,0.935,0.9011224489795918,0.9378442586064653,0.973824215309412,0.0489901277549909,0.9690681017025427,0.9762683828797059,0.013466957915184041,0.9741292282307059,0.9859752125393061,0.0088948108714193,0.9744772369309234,0.9899493653152409,0.015555681096968033,,,,,,,,,,,,,,,,,,,,,,,,,,,
roberta,S1,stsb@s1__trec@s1,200,1300,0.9039178985125679,0.9001097135734145,0.9037095927398187,0.8219251338152519,0.8284049356916197,0.9493062326558165,0.8563839353699236,0.875055406636934,0.9546328658216457,0.859117640938934,0.8833948515473868,0.9467696692417312,0.858983282537821,0.8847059204238261,200,300,0.97,0.965,0.78,0.79,0.8166666666666667,0.975,0.96,0.97,0.98,0.965,0.9633333333333334,0.98,0.96,0.9566666666666667,0.8418547963699093,0.8658958415875843,0.12080761349064262,0.9621531163279082,0.9731201883652996,0.01596521759505376,0.9673164329108228,0.9772294021404663,0.014788699923426796,0.9633848346208655,0.9745640941073996,0.01749991146126595,,,,,,,,,,,,,,,,,,,,,,,,,,,
roberta,S1,stsb@s1__yelp_polarity@s1,200,1300,0.9039178985125679,0.9001097135734145,0.9257556438910974,0.8387792317961833,0.8379136635413138,0.9704612615315383,0.8749156368507831,0.8856706022209099,0.977772444311108,0.8847313061879453,0.8933070384051172,0.9745818645466139,0.8861259313793843,0.8894760380379627,200,9800,0.9559183673469388,0.97,0.945,0.915,0.9236734693877551,0.975,0.945,0.9443877551020409,0.975,0.945,0.9477551020408164,0.985,0.955,0.9488775510204082,0.9353778219455486,0.9375811477253672,0.0533760095427297,0.9727306307657692,0.9731183988179669,0.016124617764236016,0.9763862221555539,0.9785708837701591,0.010139226437618554,0.9797909322733069,0.9845002202797576,0.01167122998939396,,,,,,,,,,,,,,,,,,,,,,,,,,,
roberta,S1,mnli@s1__qnli@s1,200,9615,0.8733229329173167,0.835,0.755,0.73,0.7722308892355694,0.86,0.79,0.8411856474258971,0.9,0.8,0.8551222048881956,0.905,0.8,0.845761830473219,200,5263,0.9207676230286909,0.88,0.875,0.825,0.8578757362720881,0.935,0.865,0.8985369561086832,0.94,0.86,0.9078472354170625,0.94,0.89,0.8949268478054342,0.815,0.905875748502994,0.09202969134221495,0.8975,0.9645311649428416,0.030471240170823366,0.9199999999999999,0.9676782798040284,0.01743648398296438,0.9225,0.984723734349483,0.029811636538037867,,,,,,,,,,,,,,,,,,,,,,,,,,,
roberta,S1,mnli@s1__wic@s1,200,9615,0.8733229329173167,0.835,0.79,0.745,0.7781591263650546,0.87,0.825,0.8450338013520541,0.89,0.84,0.8548101924076963,0.89,0.8,0.8438897555902236,200,438,0.682648401826484,0.63,0.78,0.56,0.6232876712328768,0.82,0.62,0.6552511415525114,0.835,0.615,0.6621004566210046,0.79,0.56,0.6461187214611872,0.785,0.8905522288755823,0.09796200506392028,0.845,0.9860754681113962,0.03626315020135795,0.8625,0.991089250071286,0.025649190684840062,0.8400000000000001,0.9234863606121092,0.043607109243904985,,,,,,,,,,,,,,,,,,,,,,,,,,,
roberta,S1,mnli@s1__snli@s1,200,9615,0.8733229329173167,0.835,0.845,0.795,0.8299531981279251,0.885,0.855,0.8592823712948517,0.905,0.87,0.8573062922516901,0.9,0.83,0.835569422776911,200,9642,0.8943165318398673,0.89,0.935,0.855,0.8711885500933416,0.95,0.87,0.8838415266542211,0.945,0.86,0.8795892968263845,0.925,0.835,0.8612321095208463,0.89,0.9563849828433022,0.037760831151199326,0.9175,1.000740092848012,0.013895015685635448,0.925,1.0041041512480655,0.017403734989209774,0.9125000000000001,0.9661071116194577,0.04011190524340691,,,,,,,,,,,,,,,,,,,,,,,,,,,
roberta,S1,mnli@s1__scitail@s1,200,9615,0.8733229329173167,0.835,0.835,0.785,0.8035361414456579,0.875,0.825,0.8556422256890276,0.905,0.855,0.8615704628185128,0.905,0.85,0.8503380135205408,200,1104,0.9547101449275363,0.955,0.86,0.845,0.8586956521739131,0.935,0.92,0.9230072463768116,0.91,0.905,0.8994565217391305,0.85,0.845,0.8704710144927537,0.8474999999999999,0.9124682572028717,0.09023937572355178,0.905,0.9756873687180614,0.026726078415554078,0.9075,0.9857980374329874,0.03566597494948831,0.8775,0.9513904128914945,0.05727710877133996,,,,,,,,,,,,,,,,,,,,,,,,,,,
roberta,S1,mnli@s1__ag_news@s1,200,9615,0.8733229329173167,0.835,0.715,0.68,0.7121164846593864,0.835,0.785,0.8321372854914196,0.89,0.815,0.8533541341653667,0.9,0.785,0.8520020800832033,200,7400,0.9460810810810811,0.945,0.955,0.925,0.9185135135135135,0.96,0.925,0.9304054054054054,0.96,0.925,0.9290540540540541,0.955,0.92,0.9208108108108108,0.835,0.8966036181605045,0.10686421445059047,0.8975,0.9594778696575105,0.03186438072772635,0.925,0.9774419415137978,0.020431368988832688,0.9275,0.9568323670120078,0.025561975468993747,,,,,,,,,,,,,,,,,,,,,,,,,,,
roberta,S1,trec@s1__yelp_polarity@s1,200,300,0.97,0.965,0.935,0.92,0.92,0.98,0.945,0.9733333333333334,0.985,0.96,0.97,0.99,0.965,0.96,200,9800,0.9559183673469388,0.97,0.945,0.925,0.9244897959183673,0.955,0.935,0.9403061224489796,0.965,0.945,0.9440816326530612,0.955,0.935,0.9436734693877551,0.94,0.9534880615351744,0.04221213695229209,0.9675,0.9715960685860798,0.006447884294270789,0.975,0.9845227284867262,0.006191289496157104,0.9724999999999999,0.981958762886598,0.011559421412661641,,,,,,,,,,,,,,,,,,,,,,,,,,,
roberta,S1,mnli@s1__imdb@s1,200,9615,0.8733229329173167,0.835,0.745,0.69,0.7259490379615184,0.865,0.8,0.8479459178367135,0.885,0.82,0.8587623504940197,0.91,0.815,0.8495059802392095,200,9800,0.9122448979591836,0.935,0.96,0.955,0.8893877551020408,0.965,0.95,0.8935714285714286,0.935,0.92,0.8835714285714286,0.895,0.87,0.8641836734693877,0.8525,0.923868839860386,0.09690333636253912,0.915,0.9870633065419963,0.024763897780686994,0.91,0.9829965736975247,0.024052194256018122,0.9025000000000001,0.9532645938070383,0.0399781041966889,,,,,,,,,,,,,,,,,,,,,,,,,,,
roberta,S1,mnli@s1__trec@s1,200,9615,0.8733229329173167,0.835,0.725,0.7,0.7161726469058762,0.86,0.8,0.8274570982839313,0.915,0.84,0.8530421216848674,0.925,0.825,0.8526261050442018,200,300,0.97,0.965,0.88,0.875,0.89,0.965,0.95,0.9566666666666667,0.975,0.97,0.9633333333333334,0.975,0.96,0.9666666666666667,0.8025,0.872529552294375,0.1312097226672756,0.9125,0.971269895442276,0.03313223058308745,0.9450000000000001,1.0055846855511774,0.015047715863176436,0.95,0.9914213024727747,0.013567683107246209,,,,,,,,,,,,,,,,,,,,,,,,,,,
roberta,S1,imdb@s1__yelp_polarity@s1,200,9800,0.9122448979591836,0.935,0.97,0.945,0.9052040816326531,0.965,0.94,0.9109183673469388,0.945,0.93,0.9103061224489796,0.935,0.91,0.9013265306122449,200,9800,0.9559183673469388,0.97,0.965,0.945,0.943469387755102,0.965,0.945,0.9520408163265306,0.965,0.955,0.9519387755102041,0.96,0.95,0.9407142857142857,0.9675,0.9924609956447432,0.010370589010711861,0.965,0.9897871988532994,0.002755250393075004,0.955,0.9895942444456696,0.0031441940481853337,0.9475,0.9763217376922653,0.01393694465618589,,,,,,,,,,,,,,,,,,,,,,,,,,,
roberta,S1,mnli@s1__yelp_polarity@s1,200,9615,0.8733229329173167,0.835,0.735,0.705,0.7510140405616225,0.85,0.79,0.840665626625065,0.925,0.82,0.8608424336973479,0.945,0.81,0.8564742589703588,200,9800,0.9559183673469388,0.97,0.915,0.885,0.9026530612244898,0.935,0.905,0.9161224489795918,0.93,0.9,0.9141836734693878,0.92,0.89,0.8906122448979592,0.825,0.8783412556330639,0.09788581166446841,0.8925000000000001,0.9395487375763937,0.03951269601694807,0.9275,0.9549354898450522,0.028975041867154605,0.9325,0.9437928267176987,0.043805140850291524,,,,,,,,,,,,,,,,,,,,,,,,,,,
roberta,S1,qnli@s1__wic@s1,200,5263,0.9207676230286909,0.88,0.915,0.855,0.8326049781493445,0.875,0.835,0.8432452973589207,0.855,0.815,0.8048641459243777,0.765,0.725,0.7208816264487935,200,438,0.682648401826484,0.63,0.745,0.525,0.5776255707762558,0.85,0.59,0.6118721461187214,0.86,0.61,0.6255707762557078,0.84,0.64,0.6232876712328768,0.8300000000000001,0.9024621212121212,0.1247976126226229,0.8625,0.9426857864357864,0.0939360393773716,0.8574999999999999,0.9471951659451658,0.10474452605120654,0.8025,0.919868326118326,0.15202138922284625,,,,,,,,,,,,,,,,,,,,,,,,,,,
roberta,S1,qnli@s1__snli@s1,200,5263,0.9207676230286909,0.88,0.905,0.865,0.8624358730761923,0.955,0.895,0.8985369561086832,0.955,0.905,0.9110773323199696,0.95,0.89,0.9084172525175755,200,9642,0.8943165318398673,0.89,0.79,0.745,0.7912258867454884,0.95,0.85,0.8666251814976146,0.97,0.87,0.8772038996058908,0.925,0.85,0.862372951669778,0.8475,0.9100165985699693,0.08931216215317195,0.9524999999999999,0.9860508171603677,0.027553662667517798,0.9624999999999999,1.0029685903983656,0.014829507738975067,0.9375,0.9832099080694587,0.02456577584380315,,,,,,,,,,,,,,,,,,,,,,,,,,,
roberta,S1,imdb@s1__trec@s1,200,9800,0.9122448979591836,0.935,0.955,0.94,0.8960204081632653,0.975,0.93,0.9022448979591837,0.97,0.925,0.9022448979591837,0.965,0.92,0.898673469387755,200,300,0.97,0.965,0.925,0.91,0.91,0.985,0.95,0.9666666666666667,0.99,0.955,0.9566666666666667,0.99,0.965,0.9566666666666667,0.94,0.9741763874650189,0.03982045250121069,0.98,0.9895541824831675,0.0071991973984639746,0.98,0.9894710592668532,0.012353836573721688,0.9775,0.9919786096256684,0.014311330980880554,,,,,,,,,,,,,,,,,,,,,,,,,,,
roberta,S1,qnli@s1__scitail@s1,200,5263,0.9207676230286909,0.88,0.885,0.835,0.8711761352840586,0.95,0.89,0.9042371271138134,0.95,0.9,0.9124073722211666,0.94,0.88,0.9086072582177466,200,1104,0.9547101449275363,0.955,0.825,0.82,0.802536231884058,0.97,0.935,0.9193840579710145,0.935,0.92,0.9202898550724637,0.925,0.92,0.9039855072463768,0.855,0.9037511899095669,0.10662582101790163,0.96,0.9952106139933365,0.02747742421026822,0.9425,0.9930390290337935,0.022566392126059487,0.9325,0.9816753926701571,0.0331688491300558,,,,,,,,,,,,,,,,,,,,,,,,,,,
roberta,S1,qnli@s1__ag_news@s1,200,5263,0.9207676230286909,0.88,0.835,0.815,0.818164544936348,0.885,0.875,0.8772563176895307,0.935,0.895,0.9008170245107353,0.95,0.9,0.9015770473114193,200,7400,0.9460810810810811,0.945,0.945,0.93,0.9151351351351351,0.95,0.925,0.9322972972972973,0.96,0.925,0.9339189189189189,0.965,0.93,0.935,0.8899999999999999,0.9551316738816739,0.0720708609341405,0.9175,0.9865770803270804,0.03091240783183924,0.9475,0.9979407166907168,0.017261330451996626,0.9575,1.0034271284271283,0.016277271986909758,,,,,,,,,,,,,,,,,,,,,,,,,,,
roberta,S1,ag_news@s1__yelp_polarity@s1,200,7400,0.9460810810810811,0.945,0.94,0.92,0.9181081081081081,0.97,0.935,0.9333783783783783,0.975,0.93,0.9385135135135135,0.98,0.935,0.9385135135135135,200,9800,0.9559183673469388,0.97,0.94,0.92,0.9213265306122449,0.97,0.96,0.9443877551020409,0.97,0.97,0.9488775510204082,0.975,0.975,0.9443877551020409,0.94,0.9609992908961982,0.03287711216318867,0.97,0.989554355533737,0.012744496607840938,0.9724999999999999,0.9920634920634921,0.007682178439556875,0.9775,0.9972863142966236,0.0100305985932716,,,,,,,,,,,,,,,,,,,,,,,,,,,
roberta,S1,ag_news@s1__trec@s1,200,7400,0.9460810810810811,0.945,0.94,0.935,0.9127027027027027,0.96,0.925,0.925,0.965,0.93,0.9260810810810811,0.95,0.925,0.9187837837837838,200,300,0.97,0.965,0.9,0.885,0.91,0.97,0.945,0.95,0.975,0.95,0.9633333333333334,0.965,0.95,0.9666666666666667,0.9199999999999999,0.9532582175069222,0.0485681721462472,0.965,0.9790552951174714,0.021450543884010687,0.97,0.9842914713381035,0.014006344699898032,0.9575,0.9816459686926009,0.016144723556919427,,,,,,,,,,,,,,,,,,,,,,,,,,,
roberta,S1,qnli@s1__imdb@s1,200,5263,0.9207676230286909,0.88,0.85,0.84,0.8400152004560136,0.92,0.89,0.887706631198936,0.945,0.885,0.9055671670150105,0.96,0.88,0.9049971499144974,200,9800,0.9122448979591836,0.935,0.95,0.935,0.8934693877551021,0.965,0.93,0.9021428571428571,0.97,0.925,0.9038775510204081,0.96,0.925,0.889795918367347,0.8999999999999999,0.9772727272727273,0.05414142617218842,0.9425,1.0030080213903743,0.023489863639007513,0.9575,0.9974933155080213,0.012840360046940114,0.96,0.9946524064171123,0.02086801448829778,,,,,,,,,,,,,,,,,,,,,,,,,,,
roberta,S1,qnli@s1__trec@s1,200,5263,0.9207676230286909,0.88,0.865,0.825,0.8396351890556717,0.905,0.875,0.8806764202926087,0.925,0.885,0.8985369561086832,0.905,0.875,0.8987269618088543,200,300,0.97,0.965,0.9,0.895,0.9033333333333333,0.98,0.975,0.9733333333333334,0.985,0.97,0.9533333333333334,0.935,0.92,0.9166666666666666,0.8825000000000001,0.9324805699481866,0.07842121535740665,0.9425,1.00234043805935,0.020052319339434632,0.9550000000000001,1.0054315826660387,0.020662877095645515,0.92,0.9738430287329252,0.03946004285959437,,,,,,,,,,,,,,,,,,,,,,,,,,,
roberta,S1,ag_news@s1__imdb@s1,200,7400,0.9460810810810811,0.945,0.94,0.91,0.9214864864864865,0.97,0.935,0.937972972972973,0.98,0.925,0.9416216216216217,0.985,0.93,0.9413513513513514,200,9800,0.9122448979591836,0.935,0.97,0.945,0.8941836734693878,0.965,0.95,0.9022448979591837,0.97,0.935,0.9038775510204081,0.97,0.925,0.8965306122448979,0.955,0.9868290750643691,0.022897471981471518,0.9675,1.0027303850833262,0.009766086468312007,0.975,0.9894179894179895,0.006942935924462046,0.9775,0.9867158984806044,0.01111261829965482,,,,,,,,,,,,,,,,,,,,,,,,,,,
roberta,S1,qnli@s1__yelp_polarity@s1,200,5263,0.9207676230286909,0.88,0.895,0.845,0.850085502565077,0.935,0.895,0.8899866996009881,0.945,0.885,0.9070872126163785,0.94,0.88,0.9084172525175755,200,9800,0.9559183673469388,0.97,0.955,0.935,0.9325510204081633,0.965,0.935,0.9483673469387756,0.955,0.945,0.95,0.955,0.935,0.9444897959183673,0.925,0.9620723992502344,0.05060463029894624,0.95,0.9904814901593253,0.02066443205644175,0.95,0.9899543111527647,0.0105244520118013,0.9475,0.981958762886598,0.01268435886799324,,,,,,,,,,,,,,,,,,,,,,,,,,,
roberta,S1,scitail@s1__yelp_polarity@s1,200,1104,0.9547101449275363,0.955,0.68,0.675,0.6884057971014492,0.95,0.925,0.9230072463768116,0.96,0.935,0.9347826086956522,0.965,0.94,0.9320652173913043,200,9800,0.9559183673469388,0.97,0.965,0.935,0.9318367346938775,0.98,0.95,0.9511224489795919,0.985,0.965,0.9535714285714286,0.98,0.96,0.9507142857142857,0.8225,0.8353619042478546,0.15206476243564837,0.965,0.973983915366762,0.01911195526942211,0.9724999999999999,0.9869514762238896,0.01166401589974031,0.9724999999999999,0.986991957683381,0.01458161499359123,,,,,,,,,,,,,,,,,,,,,,,,,,,
roberta,S1,scitail@s1__trec@s1,200,1104,0.9547101449275363,0.955,0.695,0.69,0.7028985507246377,0.955,0.93,0.9202898550724637,0.96,0.945,0.9447463768115942,0.96,0.955,0.9438405797101449,200,300,0.97,0.965,0.9,0.895,0.9066666666666666,0.975,0.96,0.9766666666666667,0.99,0.965,0.9733333333333334,0.98,0.955,0.9633333333333334,0.7975,0.8249871144508043,0.1645246059847285,0.965,0.9843203211892684,0.014590139348057196,0.975,0.9947643979057592,0.003500003260366258,0.97,0.9948186528497409,0.009129025737331875,,,,,,,,,,,,,,,,,,,,,,,,,,,
roberta,S1,wic@s1__snli@s1,200,438,0.682648401826484,0.63,0.745,0.505,0.5639269406392694,0.815,0.585,0.6164383561643836,0.82,0.58,0.6598173515981736,0.81,0.62,0.6621004566210046,200,9642,0.8943165318398673,0.89,0.785,0.73,0.7647790914747977,0.945,0.85,0.8625803775150384,0.945,0.86,0.8697365691765194,0.91,0.845,0.8504459655673097,0.765,0.8109060103442126,0.15937911248481063,0.8799999999999999,0.9418138041733547,0.06623822808798274,0.8825,0.9434635277331906,0.030464725085783906,0.8600000000000001,0.9667825931870875,0.03957759387373816,,,,,,,,,,,,,,,,,,,,,,,,,,,
roberta,S1,wic@s1__scitail@s1,200,438,0.682648401826484,0.63,0.78,0.56,0.5981735159817352,0.825,0.675,0.682648401826484,0.74,0.69,0.684931506849315,0.73,0.7,0.6575342465753424,200,1104,0.9547101449275363,0.955,0.86,0.845,0.8297101449275363,0.895,0.88,0.9148550724637681,0.77,0.765,0.8278985507246377,0.67,0.665,0.6929347826086957,0.8200000000000001,0.8868528214077953,0.12733780533467032,0.86,0.9964472700074795,0.020872865275142427,0.755,0.9481426078284716,0.0647414214364136,0.7,0.9037230948225712,0.1554914230229798,,,,,,,,,,,,,,,,,,,,,,,,,,,
roberta,S1,wic@s1__ag_news@s1,200,438,0.682648401826484,0.63,0.755,0.525,0.5616438356164384,0.87,0.6,0.6278538812785388,0.885,0.625,0.6415525114155252,0.845,0.635,0.6461187214611872,200,7400,0.9460810810810811,0.945,0.95,0.93,0.922027027027027,0.965,0.93,0.9372972972972973,0.97,0.925,0.9391891891891891,0.97,0.935,0.9382432432432433,0.8525,0.9087301587301588,0.10134123218899926,0.9175,0.9682539682539683,0.04477597323650373,0.9275,0.9854497354497356,0.03374267125718777,0.9075,0.9986772486772487,0.030898118233467775,,,,,,,,,,,,,,,,,,,,,,,,,,,
roberta,S1,scitail@s1__imdb@s1,200,1104,0.9547101449275363,0.955,0.65,0.655,0.6684782608695652,0.94,0.915,0.9211956521739131,0.97,0.945,0.947463768115942,0.955,0.93,0.9420289855072463,200,9800,0.9122448979591836,0.935,0.94,0.935,0.8935714285714286,0.965,0.93,0.9040816326530612,0.97,0.905,0.9029591836734694,0.95,0.895,0.8914285714285715,0.7949999999999999,0.8429319371727748,0.16014002266851746,0.9524999999999999,0.9763837948315928,0.022026455093836605,0.97,0.978721617157096,0.008884551872275104,0.9524999999999999,0.9655206204328471,0.018050762197063253,,,,,,,,,,,,,,,,,,,,,,,,,,,
roberta,S1,scitail@s1__ag_news@s1,200,1104,0.9547101449275363,0.955,0.6,0.605,0.6195652173913043,0.895,0.87,0.8876811594202898,0.945,0.92,0.9221014492753623,0.95,0.925,0.9139492753623188,200,7400,0.9460810810810811,0.945,0.955,0.94,0.9191891891891892,0.98,0.945,0.932027027027027,0.97,0.935,0.9312162162162162,0.96,0.925,0.9197297297297298,0.7775,0.8141084240560681,0.1897340770239655,0.9375,0.955497382198953,0.04253187468203934,0.9575,0.9763843873791519,0.024933819429970416,0.955,0.9737111831352669,0.03527383049371913,,,,,,,,,,,,,,,,,,,,,,,,,,,
roberta,S1,wic@s1__imdb@s1,200,438,0.682648401826484,0.63,0.735,0.545,0.5593607305936074,0.84,0.6,0.6278538812785388,0.89,0.61,0.6598173515981736,0.86,0.62,0.6712328767123288,200,9800,0.9122448979591836,0.935,0.945,0.94,0.889795918367347,0.945,0.93,0.9029591836734694,0.935,0.91,0.906530612244898,0.945,0.92,0.9023469387755102,0.84,0.9352134793311263,0.10260525390376563,0.8925,0.9735166793990323,0.045223264722827006,0.9125000000000001,0.9707580001697649,0.01985439907820985,0.9025,0.9840421016891605,0.013786259941789503,,,,,,,,,,,,,,,,,,,,,,,,,,,
roberta,S1,wic@s1__trec@s1,200,438,0.682648401826484,0.63,0.745,0.525,0.545662100456621,0.845,0.575,0.6187214611872146,0.835,0.625,0.6278538812785388,0.875,0.645,0.6598173515981736,200,300,0.97,0.965,0.895,0.88,0.9066666666666666,0.965,0.97,0.9666666666666667,0.975,0.96,0.96,0.965,0.95,0.9466666666666667,0.8200000000000001,0.8726252158894646,0.1329804962705008,0.905,0.9589398799243358,0.048540955533335595,0.905,0.9934410724566165,0.045288418439471734,0.9199999999999999,1.0041327411793732,0.028749899435690507,,,,,,,,,,,,,,,,,,,,,,,,,,,
roberta,S1,snli@s1__yelp_polarity@s1,200,9642,0.8943165318398673,0.89,0.72,0.7,0.7053515868077163,0.91,0.84,0.8632026550508193,0.97,0.89,0.8783447417548227,0.93,0.86,0.8730553827006845,200,9800,0.9559183673469388,0.97,0.955,0.935,0.921734693877551,0.96,0.94,0.939795918367347,0.95,0.93,0.9423469387755102,0.96,0.94,0.9390816326530612,0.8374999999999999,0.8752171898528901,0.12352770349945874,0.935,0.9564461948337774,0.025828301328651326,0.96,0.9793814432989691,0.01602824051181606,0.9450000000000001,0.967682149889957,0.020693389910188986,,,,,,,,,,,,,,,,,,,,,,,,,,,
roberta,S1,wic@s1__yelp_polarity@s1,200,438,0.682648401826484,0.63,0.745,0.545,0.5593607305936074,0.85,0.59,0.639269406392694,0.86,0.65,0.6666666666666666,0.85,0.66,0.680365296803653,200,9800,0.9559183673469388,0.97,0.94,0.91,0.9213265306122449,0.98,0.96,0.9473469387755102,0.985,0.975,0.9504081632653061,0.96,0.96,0.9437755102040817,0.8425,0.9016118474881363,0.10839451316514759,0.915,0.9630993290787104,0.03625592281701895,0.9225,1.0184503354606447,0.014587837625560818,0.905,1.018654884634266,0.008023649854767778,,,,,,,,,,,,,,,,,,,,,,,,,,,
roberta,S1,snli@s1__trec@s1,200,9642,0.8943165318398673,0.89,0.6,0.59,0.6521468574984443,0.89,0.83,0.8485791329599668,0.94,0.87,0.8742999377722465,0.955,0.88,0.8806264260526862,200,300,0.97,0.965,0.905,0.9,0.9133333333333333,0.975,0.96,0.9733333333333334,0.965,0.96,0.96,0.975,0.97,0.9566666666666667,0.7525,0.7977819176806195,0.16460333647764536,0.9325,0.963701461256331,0.023852933874202842,0.9524999999999999,0.9861733713686907,0.016345639987040084,0.965,0.9969726960470396,0.014526800975414256,,,,,,,,,,,,,,,,,,,,,,,,,,,
roberta,S1,snli@s1__scitail@s1,200,9642,0.8943165318398673,0.89,0.895,0.825,0.8261771416718523,0.925,0.865,0.8660029039618337,0.91,0.88,0.8721219663970131,0.93,0.88,0.8685957270275876,200,1104,0.9547101449275363,0.955,0.875,0.85,0.8677536231884058,0.93,0.915,0.9121376811594203,0.91,0.905,0.9021739130434783,0.88,0.875,0.8913043478260869,0.885,0.908509324077887,0.08363658729213896,0.9275,0.9650126478028119,0.038125772805222224,0.91,0.9682040120007059,0.03992290597429182,0.905,0.9524972057179835,0.0475869772403843,,,,,,,,,,,,,,,,,,,,,,,,,,,
roberta,S1,snli@s1__ag_news@s1,200,9642,0.8943165318398673,0.89,0.6,0.59,0.6464426467537855,0.885,0.825,0.8477494295789255,0.95,0.87,0.8736776602364654,0.945,0.875,0.8601949802945447,200,7400,0.9460810810810811,0.945,0.935,0.93,0.9158108108108108,0.955,0.92,0.9314864864864865,0.965,0.93,0.9364864864864865,0.965,0.93,0.9341891891891891,0.7675000000000001,0.8235241662207955,0.15458057440577355,0.9199999999999999,0.9502556328399026,0.033748206444820794,0.9575,0.9808275370073123,0.016609611757887,0.955,0.9836365257713573,0.02536170384897063,,,,,,,,,,,,,,,,,,,,,,,,,,,
roberta,S1,snli@s1__imdb@s1,200,9642,0.8943165318398673,0.89,0.675,0.65,0.6893797967226717,0.935,0.875,0.8609209707529558,0.975,0.865,0.8782410288321925,0.96,0.865,0.8716034017838623,200,9800,0.9122448979591836,0.935,0.965,0.94,0.896734693877551,0.97,0.935,0.9005102040816326,0.97,0.945,0.9008163265306123,0.945,0.93,0.8913265306122449,0.8200000000000001,0.8678423361172865,0.12307841185363211,0.9525,0.9915730337078652,0.02510276351083318,0.9724999999999999,0.9913026497626629,0.015251573428433085,0.9524999999999999,0.9832812593883313,0.02416392116085153,,,,,,,,,,,,,,,,,,,,,,,,,,,
roberta,P,ag_news@s0__cola@s1,200,7400,0.9463513513513514,0.94,0.915,0.895,0.9004054054054054,0.945,0.91,0.9358108108108109,0.96,0.905,0.9421621621621622,0.965,0.905,0.9440540540540541,200,843,0.8410438908659549,0.805,0.835,0.74,0.734282325029656,0.86,0.765,0.7544483985765125,0.88,0.785,0.7710557532621589,0.895,0.8,0.7888493475682088,0.875,0.9356911589797807,0.08774498618061544,0.9025,0.9591978326945949,0.0570500009365319,0.9199999999999999,0.9689606184749571,0.04382123558974427,0.9299999999999999,0.9782773886612925,0.032243384711005296,,,,,,,,,,,,,,,,,,,,,,,,,,,
roberta,P,ag_news@s0__imdb@s1,200,7400,0.9463513513513514,0.94,0.925,0.905,0.9133783783783784,0.95,0.915,0.935,0.975,0.925,0.9410810810810811,0.985,0.93,0.9428378378378378,200,9800,0.9122448979591836,0.935,0.975,0.94,0.8927551020408163,0.97,0.935,0.9003061224489796,0.965,0.93,0.8983673469387755,0.95,0.925,0.8940816326530612,0.95,0.984056775514848,0.028103431862535055,0.96,0.9867021276595744,0.012541053834071114,0.97,0.9893474798043009,0.01039078490170886,0.9675,0.9893332574809421,0.011811604550430843,,,,,,,,,,,,,,,,,,,,,,,,,,,
roberta,P,ag_news@s0__mnli@s1,200,7400,0.9463513513513514,0.94,0.935,0.895,0.9132432432432432,0.935,0.9,0.9327027027027027,0.94,0.905,0.9309459459459459,0.93,0.895,0.9262162162162162,200,9615,0.8733229329173167,0.835,0.705,0.675,0.6914196567862715,0.855,0.785,0.8266250650026001,0.87,0.805,0.8499219968798752,0.885,0.81,0.8490899635985439,0.8200000000000001,0.8802554465537011,0.12163684047621715,0.895,0.9487832844948402,0.033946934156444675,0.905,0.9634189068671168,0.02153701085693016,0.9075,0.9610937699069946,0.02451230049232378,,,,,,,,,,,,,,,,,,,,,,,,,,,
roberta,P,ag_news@s0__mrpc@s1,200,7400,0.9463513513513514,0.94,0.915,0.905,0.9095945945945946,0.945,0.91,0.9344594594594594,0.965,0.925,0.9405405405405406,0.975,0.935,0.9395945945945946,200,208,0.8653846153846154,0.895,0.73,0.725,0.7451923076923077,0.77,0.755,0.7932692307692307,0.79,0.765,0.8413461538461539,0.835,0.8,0.8269230769230769,0.8225,0.8864109116842982,0.08886469290938814,0.8574999999999999,0.905830262688696,0.04794968822885437,0.8775,0.9193955782717225,0.01695900169768505,0.905,0.9442677998335909,0.025792120837101695,,,,,,,,,,,,,,,,,,,,,,,,,,,
roberta,P,ag_news@s0__qnli@s1,200,7400,0.9463513513513514,0.94,0.915,0.915,0.9035135135135135,0.95,0.92,0.9340540540540541,0.96,0.92,0.9371621621621622,0.975,0.925,0.9364864864864865,200,5263,0.9207676230286909,0.88,0.77,0.78,0.7729431882956489,0.88,0.87,0.8692760782823484,0.93,0.88,0.8979669390081703,0.935,0.875,0.8972069162074863,0.8425,0.9298839458413927,0.1029055468180049,0.915,0.9836798839458414,0.03445842059670323,0.9450000000000001,0.9893617021276596,0.017236407555773603,0.9550000000000001,0.9891803675048356,0.01800610893191279,,,,,,,,,,,,,,,,,,,,,,,,,,,
roberta,P,ag_news@s0__scitail@s1,200,7400,0.9463513513513514,0.94,0.935,0.905,0.9177027027027027,0.975,0.935,0.9362162162162162,0.975,0.935,0.9363513513513514,0.975,0.925,0.9301351351351351,200,1104,0.9547101449275363,0.955,0.665,0.66,0.6920289855072463,0.915,0.89,0.9139492753623188,0.945,0.91,0.9302536231884058,0.955,0.92,0.9302536231884058,0.8,0.8269327169432996,0.15270752762234463,0.9450000000000001,0.9633090119193495,0.026702096499169103,0.96,0.9737802161078313,0.018091799096131567,0.965,0.9736966692659019,0.02137610582182048,,,,,,,,,,,,,,,,,,,,,,,,,,,
roberta,P,ag_news@s0__snli@s1,200,7400,0.9463513513513514,0.94,0.93,0.91,0.9048648648648648,0.955,0.91,0.9344594594594594,0.965,0.92,0.9412162162162162,0.98,0.925,0.9401351351351351,200,9642,0.8943165318398673,0.89,0.595,0.585,0.6444721012238125,0.865,0.805,0.8405932379174446,0.935,0.855,0.8703588467123003,0.965,0.885,0.8732628085459448,0.7625,0.8126942385847478,0.1616037420320633,0.9099999999999999,0.9362897442027254,0.036318971927489785,0.95,0.969698780779345,0.016107533245348415,0.9724999999999999,0.9892122878316998,0.015055152139118233,,,,,,,,,,,,,,,,,,,,,,,,,,,
roberta,P,ag_news@s0__sst2@s1,200,7400,0.9463513513513514,0.94,0.915,0.905,0.9045945945945946,0.945,0.91,0.9277027027027027,0.955,0.92,0.9348648648648649,0.96,0.935,0.9366216216216217,200,672,0.9330357142857143,0.955,0.92,0.925,0.9032738095238095,0.95,0.935,0.9107142857142857,0.945,0.93,0.9092261904761905,0.935,0.93,0.9122023809523809,0.9175,0.9656761724406818,0.03801093675733869,0.9475,0.9735713490030078,0.021814642665105355,0.95,0.9762726968920576,0.018827998299202342,0.9475,0.9842514202963129,0.016304928327595336,,,,,,,,,,,,,,,,,,,,,,,,,,,
roberta,P,ag_news@s0__stsb@s1,200,7400,0.9463513513513514,0.94,0.925,0.9,0.9181081081081081,0.96,0.925,0.9341891891891891,0.95,0.92,0.9363513513513514,0.93,0.9,0.9259459459459459,200,1300,0.9039178985125679,0.9001097135734145,0.8947993699842498,0.815285276741264,0.8112964318567571,0.9393774844371111,0.8599658252588078,0.8517715714114207,0.9623370584264608,0.8822880849833524,0.874613379382813,0.9604965124128105,0.8835776253917981,0.8756769570624438,0.9098996849921249,0.9316044611125998,0.06615551654355056,0.9496887422185556,0.9697218348114558,0.035270432259381534,0.9561685292132304,0.9794620041678905,0.02149317385192484,0.9452482562064053,0.9695400303108339,0.02640250229695118,,,,,,,,,,,,,,,,,,,,,,,,,,,
roberta,P,ag_news@s0__trec@s1,200,7400,0.9463513513513514,0.94,0.925,0.905,0.9101351351351351,0.935,0.92,0.9272972972972973,0.94,0.915,0.9318918918918919,0.955,0.91,0.9293243243243243,200,300,0.97,0.965,0.91,0.885,0.9166666666666666,0.98,0.945,0.9666666666666667,0.975,0.96,0.9633333333333334,0.98,0.955,0.96,0.9175,0.9399322015213318,0.04662606551046122,0.9575,0.9789990078271414,0.01178532715237901,0.9575,0.9841114540844449,0.011076009152680255,0.9675,0.9788612060412303,0.014150783684753643,,,,,,,,,,,,,,,,,,,,,,,,,,,
roberta,P,ag_news@s0__wic@s1,200,7400,0.9463513513513514,0.94,0.92,0.91,0.9109459459459459,0.955,0.925,0.9339189189189189,0.985,0.935,0.9395945945945946,0.99,0.94,0.9390540540540541,200,438,0.682648401826484,0.63,0.785,0.555,0.589041095890411,0.87,0.62,0.6278538812785388,0.88,0.62,0.632420091324201,0.885,0.635,0.6232876712328768,0.8525,0.9245187436676799,0.08726814165166674,0.9125,0.9840847686592368,0.04670239271559207,0.9325,0.989403917595407,0.04035919627374218,0.9375,1.003968253968254,0.047333751373634936,,,,,,,,,,,,,,,,,,,,,,,,,,,
roberta,P,ag_news@s0__yelp_polarity@s1,200,7400,0.9463513513513514,0.94,0.92,0.9,0.9097297297297298,0.955,0.92,0.9339189189189189,0.975,0.93,0.9406756756756757,0.975,0.93,0.9425675675675675,200,9800,0.9559183673469388,0.97,0.92,0.9,0.914795918367347,0.955,0.945,0.941734693877551,0.95,0.94,0.9469387755102041,0.96,0.96,0.9440816326530612,0.92,0.942640930028515,0.04085824417326078,0.955,0.9764751041895152,0.013987486209704247,0.9624999999999999,0.9792169335380567,0.007695555143928168,0.9675,0.9895262118885721,0.008190432720489582,,,,,,,,,,,,,,,,,,,,,,,,,,,
roberta,P,cola@s0__imdb@s1,200,843,0.8362989323843416,0.855,0.77,0.685,0.708185053380783,0.835,0.74,0.7485172004744959,0.85,0.765,0.7663107947805456,0.875,0.78,0.7817319098457889,200,9800,0.9122448979591836,0.935,0.95,0.925,0.8931632653061224,0.955,0.92,0.9073469387755102,0.965,0.92,0.9086734693877551,0.965,0.92,0.9025510204081633,0.86,0.8952372017387498,0.08705435765624248,0.895,0.9247271476373644,0.05516683326193528,0.9075,0.9393470306783,0.043801466038364545,0.9199999999999999,0.9481189605028615,0.037937312580322624,,,,,,,,,,,,,,,,,,,,,,,,,,,
roberta,P,cola@s0__mnli@s1,200,843,0.8362989323843416,0.855,0.805,0.72,0.7319098457888493,0.85,0.765,0.7698695136417556,0.86,0.775,0.7829181494661922,0.835,0.77,0.7746144721233689,200,9615,0.8733229329173167,0.835,0.72,0.695,0.7235569422776911,0.86,0.81,0.8366094643785752,0.93,0.855,0.8573062922516901,0.945,0.84,0.8568902756110245,0.7625,0.837220296249606,0.14815625641376484,0.855,0.932398361172392,0.06073572375139036,0.895,0.9651924221731975,0.04108483526284712,0.8899999999999999,0.9532864096368666,0.04628755457242828,,,,,,,,,,,,,,,,,,,,,,,,,,,
roberta,P,cola@s0__mrpc@s1,200,843,0.8362989323843416,0.855,0.8,0.705,0.7247924080664294,0.915,0.8,0.7912218268090154,0.925,0.82,0.8208778173190985,0.81,0.785,0.7924080664294187,200,208,0.8653846153846154,0.895,0.78,0.775,0.8028846153846154,0.835,0.83,0.8605769230769231,0.905,0.86,0.8653846153846154,0.9,0.865,0.8701923076923077,0.79,0.8452415956091346,0.10277777777777775,0.875,0.9315234081479303,0.029728132387706774,0.915,0.9599790911169916,0.009219858156028327,0.855,0.9423045509490673,0.023463356973995264,,,,,,,,,,,,,,,,,,,,,,,,,,,
roberta,P,cola@s0__qnli@s1,200,843,0.8362989323843416,0.855,0.86,0.745,0.7603795966785291,0.91,0.835,0.7995255041518387,0.885,0.83,0.8090154211150652,0.795,0.79,0.7829181494661922,200,5263,0.9207676230286909,0.88,0.86,0.84,0.814174425232757,0.92,0.88,0.8721261637849136,0.96,0.88,0.8934068022040661,0.955,0.875,0.9040471214136424,0.86,0.9129452418926103,0.10327286085182485,0.915,0.9883040935672515,0.048399352540517415,0.9225,0.9853801169590644,0.031169671265034005,0.875,0.9591473950026581,0.0409945469393489,,,,,,,,,,,,,,,,,,,,,,,,,,,
roberta,P,cola@s0__scitail@s1,200,843,0.8362989323843416,0.855,0.805,0.71,0.7283511269276394,0.93,0.825,0.7888493475682088,0.92,0.815,0.8185053380782918,0.86,0.805,0.8208778173190985,200,1104,0.9547101449275363,0.955,0.61,0.615,0.6168478260869565,0.9,0.885,0.8722826086956522,0.95,0.945,0.9338768115942029,0.965,0.94,0.9429347826086957,0.7075,0.7371942071583846,0.24148397862920046,0.915,0.9458069256911914,0.07153767478164907,0.935,0.9713725850402621,0.02154911381161928,0.9125,0.9629068307767674,0.015386841078229407,,,,,,,,,,,,,,,,,,,,,,,,,,,
roberta,P,cola@s0__snli@s1,200,843,0.8362989323843416,0.855,0.795,0.71,0.7259786476868327,0.86,0.765,0.7663107947805456,0.88,0.785,0.7888493475682088,0.895,0.79,0.7888493475682088,200,9642,0.8943165318398673,0.89,0.645,0.63,0.6632441402198714,0.905,0.835,0.8511719560257208,0.955,0.855,0.8776187512964115,0.96,0.88,0.8790707322132337,0.72,0.7691372626322359,0.1951468240554084,0.8825000000000001,0.9164695446481372,0.06596550705971083,0.9175,0.9394014061370655,0.03770429241275397,0.9275,0.9563703265654774,0.03689250997044846,,,,,,,,,,,,,,,,,,,,,,,,,,,
roberta,P,cola@s0__sst2@s1,200,843,0.8362989323843416,0.855,0.805,0.71,0.7117437722419929,0.865,0.77,0.7663107947805456,0.875,0.78,0.7841043890865955,0.86,0.785,0.7900355871886121,200,672,0.9330357142857143,0.955,0.935,0.94,0.8988095238095238,0.95,0.945,0.9196428571428571,0.96,0.955,0.9360119047619048,0.96,0.965,0.9300595238095238,0.8700000000000001,0.9073512752212118,0.09280939292137491,0.9075,0.9450567955665778,0.04902100512402874,0.9175,0.9561403508771931,0.02961077742712681,0.9099999999999999,0.9642999295796209,0.029254470799823462,,,,,,,,,,,,,,,,,,,,,,,,,,,
roberta,P,cola@s0__stsb@s1,200,843,0.8362989323843416,0.855,0.79,0.705,0.7236061684460261,0.9,0.805,0.7817319098457889,0.92,0.825,0.8018979833926453,0.855,0.76,0.800711743772242,200,1300,0.9039178985125679,0.9001097135734145,0.9082892072301809,0.81412709231156,0.8143129421586751,0.9534088352208806,0.8470569102736801,0.8670984158154651,0.9629010725268132,0.8542349515577119,0.8756450013748166,0.9619140478511965,0.856889092933884,0.8741949976973811,0.8491446036150905,0.8645184012452038,0.1169406514782223,0.9267044176104403,0.9412900468399802,0.052990721304102095,0.9414505362634067,0.9569732679165931,0.03620646057788646,0.9084570239255982,0.9204359152686257,0.037717746464285495,,,,,,,,,,,,,,,,,,,,,,,,,,,
roberta,P,cola@s0__trec@s1,200,843,0.8362989323843416,0.855,0.815,0.72,0.7188612099644128,0.895,0.8,0.797153024911032,0.905,0.8,0.8090154211150652,0.905,0.81,0.8078291814946619,200,300,0.97,0.965,0.885,0.87,0.9033333333333333,0.97,0.965,0.9733333333333334,0.98,0.975,0.98,0.985,0.97,0.97,0.85,0.8718298336514863,0.10457702712583172,0.9325,0.9678362573099415,0.021686042260729677,0.9425,0.9730176044602006,0.011157417562331018,0.9450000000000001,0.9762748841014454,0.017021276595744705,,,,,,,,,,,,,,,,,,,,,,,,,,,
roberta,P,cola@s0__wic@s1,200,843,0.8362989323843416,0.855,0.83,0.745,0.7402135231316725,0.875,0.78,0.7841043890865955,0.865,0.78,0.7947805456702254,0.815,0.75,0.7793594306049823,200,438,0.682648401826484,0.63,0.685,0.505,0.5570776255707762,0.755,0.525,0.6004566210045662,0.79,0.56,0.6141552511415526,0.85,0.64,0.6643835616438356,0.7575000000000001,0.8364661654135339,0.14942005265779557,0.815,0.8728070175438597,0.09140634265518632,0.8275,0.9005847953216375,0.0749899191157285,0.8325,0.9465329991645781,0.04742047961289397,,,,,,,,,,,,,,,,,,,,,,,,,,,
roberta,P,cola@s0__yelp_polarity@s1,200,843,0.8362989323843416,0.855,0.8,0.705,0.7200474495848161,0.86,0.755,0.7734282325029656,0.88,0.775,0.7888493475682088,0.895,0.78,0.8042704626334519,200,9800,0.9559183673469388,0.97,0.935,0.915,0.9162244897959184,0.96,0.94,0.9423469387755102,0.97,0.95,0.9477551020408164,0.98,0.96,0.948265306122449,0.8675,0.8839301862904685,0.09026571518554183,0.9099999999999999,0.9260565503104841,0.04468728612872552,0.925,0.9429070959184904,0.03263864915117709,0.9375,0.9509857117019354,0.023151925068590318,,,,,,,,,,,,,,,,,,,,,,,,,,,
roberta,P,imdb@s0__mnli@s1,200,9800,0.9139795918367347,0.955,0.96,0.955,0.896734693877551,0.975,0.95,0.8953061224489796,0.95,0.925,0.885,0.91,0.885,0.8591836734693877,200,9615,0.8733229329173167,0.835,0.725,0.695,0.7227249089963599,0.855,0.82,0.8437857514300572,0.905,0.83,0.8564742589703588,0.9,0.805,0.8503380135205408,0.8425,0.9161676646706587,0.0956552317651631,0.915,0.9884001630247359,0.0271262754077215,0.9275,0.9812991817412295,0.02549982463553091,0.905,0.9453867134840268,0.04313601636251074,,,,,,,,,,,,,,,,,,,,,,,,,,,
roberta,P,imdb@s0__mrpc@s1,200,9800,0.9139795918367347,0.955,0.955,0.95,0.8945918367346939,0.965,0.95,0.9082653061224489,0.97,0.955,0.9075510204081633,0.965,0.93,0.8954081632653061,200,208,0.8653846153846154,0.895,0.76,0.765,0.7884615384615384,0.85,0.825,0.8269230769230769,0.87,0.835,0.8509615384615384,0.91,0.845,0.8653846153846154,0.8574999999999999,0.9247565006288573,0.05505067420887455,0.9075,0.9582760537014829,0.025348268889633263,0.9199999999999999,0.9664804469273742,0.011850135834170716,0.9375,0.9589780338705431,0.010159651669085612,,,,,,,,,,,,,,,,,,,,,,,,,,,
roberta,P,imdb@s0__qnli@s1,200,9800,0.9139795918367347,0.955,0.935,0.93,0.8954081632653061,0.96,0.945,0.9048979591836734,0.97,0.935,0.9057142857142857,0.94,0.915,0.8985714285714286,200,5263,0.9207676230286909,0.88,0.87,0.86,0.8474254227626828,0.945,0.885,0.8973969219076572,0.945,0.875,0.9118373551206537,0.935,0.855,0.9137374121223637,0.9025000000000001,0.9755473584007617,0.04998631283293209,0.9524999999999999,0.9976053069966682,0.017659060386232994,0.9575,0.9866878867206093,0.00937096351251454,0.9375,0.9648530461684912,0.012246743060150056,,,,,,,,,,,,,,,,,,,,,,,,,,,
roberta,P,imdb@s0__scitail@s1,200,9800,0.9139795918367347,0.955,0.935,0.93,0.8909183673469387,0.945,0.94,0.9048979591836734,0.95,0.925,0.9054081632653062,0.9,0.895,0.893265306122449,200,1104,0.9547101449275363,0.955,0.635,0.64,0.6485507246376812,0.92,0.895,0.9085144927536232,0.96,0.925,0.9420289855072463,0.96,0.925,0.9420289855072463,0.785,0.8219895287958117,0.17295738717070952,0.9325,0.9607329842931938,0.029161729697803507,0.955,0.968586387434555,0.011330436225025386,0.9299999999999999,0.9528795811518325,0.017973285393273697,,,,,,,,,,,,,,,,,,,,,,,,,,,
roberta,P,imdb@s0__snli@s1,200,9800,0.9139795918367347,0.955,0.95,0.945,0.8974489795918368,0.97,0.955,0.9043877551020408,0.96,0.955,0.9044897959183673,0.955,0.94,0.8934693877551021,200,9642,0.8943165318398673,0.89,0.665,0.645,0.677245384774943,0.92,0.86,0.8644472101223812,0.985,0.885,0.8839452395768512,0.965,0.87,0.8827006845052894,0.8075,0.8571239484675569,0.1304046815553911,0.9450000000000001,0.9831460674157303,0.02194681714772373,0.9724999999999999,0.997191011235955,0.010989916374846587,0.96,0.9809106418024589,0.017714534183972286,,,,,,,,,,,,,,,,,,,,,,,,,,,
roberta,P,imdb@s0__sst2@s1,200,9800,0.9139795918367347,0.955,0.955,0.94,0.8979591836734694,0.965,0.94,0.9027551020408163,0.96,0.935,0.9041836734693878,0.97,0.945,0.9004081632653061,200,672,0.9330357142857143,0.955,0.935,0.94,0.9211309523809523,0.945,0.95,0.9285714285714286,0.96,0.955,0.9315476190476191,0.945,0.95,0.9255952380952381,0.9450000000000001,0.9842931937172775,0.015143680448088004,0.955,0.9895287958115184,0.008532793308593467,0.96,0.9895287958115184,0.006156385310002399,0.9575,0.9921465968586387,0.011411601664447213,,,,,,,,,,,,,,,,,,,,,,,,,,,
roberta,P,imdb@s0__stsb@s1,200,9800,0.9139795918367347,0.955,0.945,0.94,0.8940816326530612,0.955,0.94,0.9070408163265307,0.965,0.94,0.9090816326530612,0.94,0.925,0.9046938775510204,200,1300,0.9039178985125679,0.9001097135734145,0.9150753768844222,0.8254927621978727,0.8264873101404521,0.9707717692942325,0.8734804789573324,0.8831313114333789,0.9807590189754745,0.8803034837959656,0.8909835537523517,0.9814250356258907,0.8755686637165269,0.8885567803350876,0.930037688442211,0.950697787757738,0.05371588381442338,0.9628858846471162,0.9773543808573445,0.015293964193871856,0.9728795094877372,0.9811444770732525,0.00983407010252646,0.9607125178129453,0.9706609389560994,0.01357679121312294,,,,,,,,,,,,,,,,,,,,,,,,,,,
roberta,P,imdb@s0__trec@s1,200,9800,0.9139795918367347,0.955,0.93,0.925,0.8926530612244898,0.945,0.93,0.9004081632653061,0.95,0.935,0.904795918367347,0.95,0.925,0.901734693877551,200,300,0.97,0.965,0.93,0.915,0.93,0.98,0.955,0.97,0.985,0.96,0.9666666666666667,0.975,0.95,0.9666666666666667,0.93,0.9583864579659822,0.032285409441903945,0.9624999999999999,0.9817296476141388,0.007424360835101007,0.9675,0.9869381222363889,0.006742216631044018,0.9624999999999999,0.9765211729918889,0.008416884488585685,,,,,,,,,,,,,,,,,,,,,,,,,,,
roberta,P,imdb@s0__wic@s1,200,9800,0.9139795918367347,0.955,0.93,0.925,0.8848979591836734,0.94,0.925,0.9026530612244898,0.94,0.925,0.9030612244897959,0.925,0.91,0.8921428571428571,200,438,0.682648401826484,0.63,0.75,0.54,0.5547945205479452,0.86,0.6,0.6255707762557078,0.9,0.63,0.6529680365296804,0.895,0.605,0.6552511415525114,0.8400000000000001,0.9128646222887061,0.10955482959647789,0.8999999999999999,0.9604836699077537,0.048002291139793485,0.9199999999999999,0.9842931937172775,0.02771211246001437,0.91,0.9565985207346464,0.03201285368257034,,,,,,,,,,,,,,,,,,,,,,,,,,,
roberta,P,imdb@s0__yelp_polarity@s1,200,9800,0.9139795918367347,0.955,0.965,0.94,0.9068367346938776,0.955,0.94,0.9101020408163265,0.955,0.93,0.9111224489795918,0.955,0.93,0.9004081632653061,200,9800,0.9559183673469388,0.97,0.965,0.945,0.9438775510204082,0.99,0.96,0.9535714285714286,0.965,0.965,0.9520408163265306,0.95,0.95,0.9407142857142857,0.965,0.9792599989204944,0.010205594201044277,0.9724999999999999,0.986991957683381,0.0033488292150551935,0.96,0.9843336751767691,0.003591204375550161,0.9524999999999999,0.9766017164138825,0.015376965446544322,,,,,,,,,,,,,,,,,,,,,,,,,,,
roberta,P,mnli@s0__mrpc@s1,200,9615,0.8722828913156526,0.825,0.815,0.75,0.7627665106604264,0.895,0.795,0.851170046801872,0.915,0.825,0.8588663546541861,0.905,0.825,0.8459698387935517,200,208,0.8653846153846154,0.895,0.755,0.76,0.7548076923076923,0.75,0.735,0.7788461538461539,0.73,0.715,0.7692307692307693,0.695,0.69,0.75,0.7849999999999999,0.8791264601320468,0.12666461322416978,0.8225,0.8924327069578466,0.0621020627161083,0.8225,0.8994413407821229,0.06324602890717113,0.8,0.8854748603351955,0.08174953300743226,,,,,,,,,,,,,,,,,,,,,,,,,,,
roberta,P,mnli@s0__qnli@s1,200,9615,0.8722828913156526,0.825,0.81,0.735,0.761102444097764,0.875,0.79,0.8428497139885596,0.93,0.805,0.8579303172126885,0.925,0.795,0.8454498179927197,200,5263,0.9207676230286909,0.88,0.905,0.865,0.8687060611818355,0.945,0.875,0.8958768763062892,0.95,0.87,0.9032870986129584,0.95,0.86,0.891126733802014,0.8575,0.9369318181818183,0.09200032024878224,0.9099999999999999,0.9759469696969697,0.030387650620388507,0.94,0.9821969696969697,0.017719382841032916,0.9375,0.9704545454545455,0.0314766957746303,,,,,,,,,,,,,,,,,,,,,,,,,,,
roberta,P,mnli@s0__scitail@s1,200,9615,0.8722828913156526,0.825,0.825,0.75,0.7919916796671866,0.91,0.805,0.8528341133645346,0.92,0.82,0.8564742589703588,0.93,0.81,0.8443057722308892,200,1104,0.9547101449275363,0.955,0.865,0.84,0.8614130434782609,0.925,0.92,0.907608695652174,0.91,0.895,0.8958333333333334,0.89,0.875,0.8840579710144928,0.845,0.894336030461685,0.09488508804060869,0.9175,0.969554180548945,0.03581613724502253,0.915,0.9655560844042519,0.03989655762996358,0.91,0.9490242741551642,0.05303862103386259,,,,,,,,,,,,,,,,,,,,,,,,,,,
roberta,P,mnli@s0__snli@s1,200,9615,0.8722828913156526,0.825,0.855,0.78,0.8318252730109205,0.915,0.83,0.8631305252210089,0.93,0.85,0.8607384295371815,0.895,0.825,0.8396255850234009,200,9642,0.8943165318398673,0.89,0.93,0.87,0.8723293922422733,0.935,0.88,0.8830118232731798,0.935,0.865,0.8740925119269861,0.9,0.85,0.8514830947936113,0.8925000000000001,0.961491317671093,0.03548335775474443,0.925,0.9974123255022131,0.011566520537346303,0.9325000000000001,1.0011065713312903,0.01792435377885082,0.8975,0.9775280898876404,0.042667028810858376,,,,,,,,,,,,,,,,,,,,,,,,,,,
roberta,P,mnli@s0__sst2@s1,200,9615,0.8722828913156526,0.825,0.735,0.675,0.6938117524700989,0.87,0.795,0.8268330733229329,0.915,0.815,0.8460738429537181,0.88,0.805,0.8352574102964119,200,672,0.9330357142857143,0.955,0.935,0.95,0.9196428571428571,0.94,0.945,0.9360119047619048,0.955,0.96,0.9404761904761905,0.945,0.95,0.9300595238095238,0.835,0.9064731080437887,0.10947821389105838,0.905,0.976582579723941,0.024457327347765512,0.935,0.9965571949865144,0.011036009438926242,0.9125,0.9852609868316675,0.02281821813929774,,,,,,,,,,,,,,,,,,,,,,,,,,,
roberta,P,mnli@s0__stsb@s1,200,9615,0.8722828913156526,0.825,0.83,0.765,0.7886635465418617,0.9,0.815,0.8540821632865314,0.905,0.81,0.8582423296931877,0.88,0.8,0.8374414976599064,200,1300,0.9039178985125679,0.9001097135734145,0.9322583064576616,0.8503633279100034,0.847133346865917,0.953303832595815,0.8658633334015076,0.8777411138978563,0.9379494487362185,0.8542071791507778,0.8681251747477347,0.8871566789169729,0.8191426388827092,0.8171525562708819,0.8811291532288308,0.9360028513471121,0.07934155972977575,0.9266519162979074,0.9749159462110333,0.024912437803684573,0.9214747243681093,0.9654107912404846,0.027846828394691103,0.8835783394584864,0.9398722594674322,0.06796542355827317,,,,,,,,,,,,,,,,,,,,,,,,,,,
roberta,P,mnli@s0__trec@s1,200,9615,0.8722828913156526,0.825,0.76,0.715,0.7005720228809152,0.875,0.8,0.831721268850754,0.915,0.85,0.85065002600104,0.91,0.82,0.8543941757670307,200,300,0.97,0.965,0.8,0.8,0.8366666666666667,0.97,0.955,0.9666666666666667,0.985,0.97,0.97,0.965,0.95,0.9566666666666667,0.78,0.8478411053540588,0.1671546580229507,0.9225,0.9796671376982258,0.024968481330745473,0.95,1.0177421887266447,0.012400143078574066,0.9375,0.9891976762443083,0.017126816702497716,,,,,,,,,,,,,,,,,,,,,,,,,,,
roberta,P,mnli@s0__wic@s1,200,9615,0.8722828913156526,0.825,0.835,0.76,0.7703588143525741,0.89,0.815,0.8452418096723869,0.915,0.815,0.8535621424856994,0.86,0.78,0.8401456058242329,200,438,0.682648401826484,0.63,0.775,0.545,0.6141552511415526,0.805,0.585,0.6461187214611872,0.8,0.62,0.6735159817351598,0.745,0.555,0.6164383561643836,0.8049999999999999,0.8931457431457432,0.10859097512354876,0.8475,0.9582251082251082,0.04225603169102676,0.8575,0.986002886002886,0.01741985625946829,0.8025,0.9132034632034634,0.06691634967797344,,,,,,,,,,,,,,,,,,,,,,,,,,,
roberta,P,mnli@s0__yelp_polarity@s1,200,9615,0.8722828913156526,0.825,0.785,0.72,0.7312532501300052,0.87,0.795,0.8416016640665627,0.925,0.825,0.8559542381695268,0.945,0.82,0.8510660426417057,200,9800,0.9559183673469388,0.97,0.945,0.915,0.9196938775510204,0.96,0.93,0.9327551020408164,0.965,0.935,0.9342857142857143,0.94,0.92,0.9233673469387755,0.865,0.9080131208997189,0.09978687508635686,0.915,0.961199625117151,0.029702454451233207,0.9450000000000001,0.981958762886598,0.02067483866750397,0.9424999999999999,0.9711965010934083,0.029187724903033452,,,,,,,,,,,,,,,,,,,,,,,,,,,
roberta,P,mrpc@s0__qnli@s1,200,208,0.8653846153846154,0.885,0.8,0.775,0.7788461538461539,0.775,0.76,0.8076923076923077,0.815,0.79,0.8028846153846154,0.84,0.795,0.8125,200,5263,0.9207676230286909,0.88,0.92,0.87,0.8780163404902147,0.935,0.895,0.8899866996009881,0.935,0.895,0.8820064601938058,0.92,0.87,0.8650959528785863,0.8600000000000001,0.9321712891628147,0.07321502269913327,0.855,0.9379012583461737,0.05004814967670934,0.875,0.9548504108885465,0.057159398358325286,0.88,0.9434707241910631,0.060786674003760366,,,,,,,,,,,,,,,,,,,,,,,,,,,
roberta,P,mrpc@s0__scitail@s1,200,208,0.8653846153846154,0.885,0.835,0.78,0.7788461538461539,0.845,0.81,0.7980769230769231,0.855,0.81,0.8173076923076923,0.88,0.845,0.8269230769230769,200,1104,0.9547101449275363,0.955,0.845,0.84,0.8297101449275363,0.96,0.925,0.9293478260869565,0.925,0.91,0.9021739130434783,0.86,0.845,0.8677536231884058,0.84,0.8804685420179252,0.11546489563567364,0.9025,0.9419203123613453,0.05217162133670672,0.89,0.934066909219984,0.05529200927682898,0.87,0.9198095069068536,0.06776301918616912,,,,,,,,,,,,,,,,,,,,,,,,,,,
roberta,P,mrpc@s0__snli@s1,200,208,0.8653846153846154,0.885,0.855,0.8,0.8269230769230769,0.87,0.795,0.8509615384615384,0.84,0.775,0.8317307692307693,0.81,0.765,0.8125,200,9642,0.8943165318398673,0.89,0.765,0.72,0.7476664592408214,0.945,0.865,0.8745073636175067,0.955,0.875,0.8810412777432068,0.93,0.85,0.8590541381456129,0.81,0.8564717831524153,0.10421224889507386,0.9075,0.9351075985526567,0.019408365224786506,0.8975,0.929426141052498,0.0268664553455229,0.8700000000000001,0.9097314797181489,0.050270272011545325,,,,,,,,,,,,,,,,,,,,,,,,,,,
roberta,P,mrpc@s0__sst2@s1,200,208,0.8653846153846154,0.885,0.85,0.785,0.7932692307692307,0.875,0.83,0.7980769230769231,0.905,0.84,0.8461538461538461,0.9,0.855,0.8461538461538461,200,672,0.9330357142857143,0.955,0.94,0.945,0.8988095238095238,0.945,0.95,0.9211309523809523,0.95,0.955,0.9300595238095238,0.94,0.945,0.9196428571428571,0.895,0.9382672227645162,0.06000797448165873,0.9099999999999999,0.9663087526251959,0.04526847421584268,0.9275,0.9745762711864406,0.012706007442849554,0.9199999999999999,0.9778152453633863,0.01828814460393413,,,,,,,,,,,,,,,,,,,,,,,,,,,
roberta,P,mrpc@s0__stsb@s1,200,208,0.8653846153846154,0.885,0.855,0.8,0.7980769230769231,0.89,0.845,0.8413461538461539,0.905,0.83,0.8365384615384616,0.865,0.81,0.8413461538461539,200,1300,0.9039178985125679,0.9001097135734145,0.9538033450836272,0.8661132850639129,0.8683257930467041,0.9695132378309459,0.8828780609793001,0.8873859037118523,0.9517317932948325,0.8698107682140895,0.8773767262850289,0.9174394359858998,0.8466268132690006,0.8518109679358075,0.9044016725418136,0.9330927985104824,0.05857657597000099,0.9297566189154729,0.9678291564750102,0.023033521840575943,0.9283658966474162,0.9520958579790997,0.031347851911041946,0.89121971799295,0.927918017910065,0.042711711549279,,,,,,,,,,,,,,,,,,,,,,,,,,,
roberta,P,mrpc@s0__trec@s1,200,208,0.8653846153846154,0.885,0.82,0.765,0.7932692307692307,0.89,0.835,0.8221153846153846,0.915,0.84,0.8605769230769231,0.9,0.845,0.8653846153846154,200,300,0.97,0.965,0.91,0.905,0.9166666666666666,0.97,0.965,0.9766666666666667,0.97,0.975,0.97,0.97,0.965,0.9633333333333334,0.865,0.9011153069289541,0.06915807560137455,0.9299999999999999,0.9717514124293785,0.021563573883161546,0.9425,0.9797576183366997,0.002777777777777768,0.935,0.9774011299435028,0.0034364261168384758,,,,,,,,,,,,,,,,,,,,,,,,,,,
roberta,P,mrpc@s0__wic@s1,200,208,0.8653846153846154,0.885,0.865,0.81,0.8125,0.85,0.805,0.8269230769230769,0.83,0.795,0.7932692307692307,0.77,0.745,0.7596153846153846,200,438,0.682648401826484,0.63,0.71,0.53,0.54337899543379,0.865,0.605,0.634703196347032,0.9,0.61,0.6689497716894978,0.83,0.61,0.632420091324201,0.7875,0.8782620392789884,0.1325622445187662,0.8574999999999999,0.9349609900457359,0.05733927907840952,0.865,0.9332795264998655,0.051700111482720135,0.8,0.905030938929244,0.09790040876997397,,,,,,,,,,,,,,,,,,,,,,,,,,,
roberta,P,mrpc@s0__yelp_polarity@s1,200,208,0.8653846153846154,0.885,0.815,0.75,0.8028846153846154,0.91,0.835,0.8269230769230769,0.94,0.875,0.8461538461538461,0.93,0.855,0.8557692307692307,200,9800,0.9559183673469388,0.97,0.97,0.94,0.9339795918367347,0.985,0.965,0.951734693877551,0.975,0.985,0.9481632653061225,0.91,0.92,0.9041836734693878,0.8925,0.9082648960335489,0.047586345953126497,0.9475,0.9691740928417496,0.024410522820002,0.9575,1.0020822412487622,0.015167473194800274,0.92,0.9572776515813385,0.032615760508587166,,,,,,,,,,,,,,,,,,,,,,,,,,,
roberta,P,qnli@s0__scitail@s1,200,5263,0.9205776173285198,0.91,0.905,0.855,0.8614858445753373,0.94,0.89,0.9046171385141554,0.935,0.895,0.9097472924187726,0.94,0.88,0.9032870986129584,200,1104,0.9547101449275363,0.955,0.82,0.815,0.8179347826086957,0.95,0.935,0.9221014492753623,0.91,0.915,0.9166666666666666,0.89,0.895,0.9121376811594203,0.8625,0.896481790460848,0.10372682179832882,0.945,0.9785397848225074,0.02574652951163492,0.9225000000000001,0.9708158333812784,0.02580645161290329,0.915,0.9521028709510385,0.031687140051266716,,,,,,,,,,,,,,,,,,,,,,,,,,,
roberta,P,qnli@s0__snli@s1,200,5263,0.9205776173285198,0.91,0.85,0.79,0.7605928177845336,0.96,0.89,0.8694660839825195,0.96,0.9,0.887516625498765,0.925,0.875,0.88846665399962,200,9642,0.8943165318398673,0.89,0.755,0.745,0.7499481435386849,0.915,0.855,0.8692180045633686,0.945,0.865,0.882493258660029,0.945,0.855,0.8592615639908733,0.8025,0.8526052599086307,0.16760807339958994,0.9375,0.9693480676626745,0.04179281727522821,0.9524999999999999,0.9804605506852697,0.02456688480552227,0.935,0.9611063094209161,0.03703940801037664,,,,,,,,,,,,,,,,,,,,,,,,,,,
roberta,P,qnli@s0__sst2@s1,200,5263,0.9205776173285198,0.91,0.88,0.83,0.8251947558426753,0.95,0.89,0.890556716701501,0.955,0.905,0.8989169675090253,0.965,0.915,0.8987269618088543,200,672,0.9330357142857143,0.955,0.945,0.94,0.9136904761904762,0.965,0.96,0.9315476190476191,0.965,0.96,0.9300595238095238,0.98,0.945,0.9226190476190477,0.9125,0.9481905529025948,0.06217281170841549,0.9575,0.9916287900581093,0.017102917722112698,0.96,0.9998705482998677,0.013359602214091382,0.9724999999999999,0.997511650653012,0.017450042217844075,,,,,,,,,,,,,,,,,,,,,,,,,,,
roberta,P,qnli@s0__stsb@s1,200,5263,0.9205776173285198,0.91,0.835,0.785,0.7892836785103553,0.94,0.9,0.8715561466844005,0.94,0.89,0.8806764202926087,0.93,0.86,0.8823864715941478,200,1300,0.9039178985125679,0.9001097135734145,0.9467906697667444,0.8654572557757979,0.8721136573359496,0.9724938123453087,0.8828585452338872,0.8935981167224746,0.9695207380184506,0.8770421024952108,0.8920649927205156,0.9578009450236257,0.8669749802844575,0.8805607510897516,0.8908953348833721,0.9120696624073937,0.0889030686230694,0.9562469061726544,0.9849226802777485,0.032333749342131846,0.9547603690092252,0.9761972115734443,0.028228232805393327,0.9439004725118129,0.9541215311242779,0.03366298367795062,,,,,,,,,,,,,,,,,,,,,,,,,,,
roberta,P,qnli@s0__trec@s1,200,5263,0.9205776173285198,0.91,0.9,0.84,0.8236747102413072,0.955,0.885,0.8656659699790994,0.955,0.875,0.8755462663879916,0.935,0.865,0.8782063461903857,200,300,0.97,0.965,0.945,0.93,0.9466666666666667,0.98,0.965,0.9733333333333334,0.985,0.95,0.97,0.96,0.925,0.9466666666666667,0.9225,0.9434037465125549,0.06465907035630314,0.9675,0.9862637362637363,0.028106348345089516,0.97,0.9729972100438421,0.024458204334365297,0.9475,0.954549336673689,0.03504090730160758,,,,,,,,,,,,,,,,,,,,,,,,,,,
roberta,P,qnli@s0__wic@s1,200,5263,0.9205776173285198,0.91,0.69,0.65,0.6766102983089493,0.85,0.81,0.7928937868136045,0.83,0.79,0.7813034391031731,0.77,0.73,0.7225916777503325,200,438,0.682648401826484,0.63,0.765,0.535,0.5684931506849316,0.815,0.605,0.6027397260273972,0.84,0.6,0.632420091324201,0.835,0.585,0.5981735159817352,0.7275,0.7817460317460319,0.21611978007185972,0.8325,0.9252136752136753,0.12787827329488388,0.835,0.9102564102564102,0.11243429249890413,0.8025,0.8653846153846153,0.16940644943067873,,,,,,,,,,,,,,,,,,,,,,,,,,,
roberta,P,qnli@s0__yelp_polarity@s1,200,5263,0.9205776173285198,0.91,0.9,0.85,0.8403952118563557,0.945,0.895,0.8934068022040661,0.96,0.91,0.9068972069162075,0.97,0.91,0.9082272468174045,200,9800,0.9559183673469388,0.97,0.945,0.925,0.9261224489795918,0.96,0.95,0.9405102040816327,0.965,0.955,0.9427551020408164,0.97,0.95,0.9418367346938775,0.9225,0.9438370907443072,0.059135021710603475,0.9524999999999999,0.9814489634077262,0.02281683292221115,0.9624999999999999,0.9922680412371134,0.014315481462484736,0.97,0.9896907216494846,0.014073445909443816,,,,,,,,,,,,,,,,,,,,,,,,,,,
roberta,P,scitail@s0__snli@s1,200,1104,0.9538043478260869,0.945,0.865,0.86,0.8695652173913043,0.93,0.905,0.907608695652174,0.93,0.905,0.8985507246376812,0.89,0.865,0.884963768115942,200,9642,0.8943165318398673,0.89,0.875,0.815,0.8329184816428127,0.935,0.865,0.8739887990043559,0.925,0.875,0.8806264260526862,0.9,0.87,0.8742999377722465,0.87,0.9128916235657809,0.0784863445770323,0.9325000000000001,0.9647910350157541,0.03558147840880066,0.9275,0.970409012543844,0.03661881103993281,0.895,0.9464360026157779,0.047278370232485156,,,,,,,,,,,,,,,,,,,,,,,,,,,
roberta,P,scitail@s0__sst2@s1,200,1104,0.9538043478260869,0.945,0.605,0.64,0.634963768115942,0.895,0.9,0.9057971014492754,0.935,0.92,0.9347826086956522,0.915,0.92,0.9293478260869565,200,672,0.9330357142857143,0.955,0.94,0.945,0.9136904761904762,0.965,0.95,0.9255952380952381,0.965,0.94,0.9196428571428571,0.95,0.925,0.9136904761904762,0.7725,0.8333887365300978,0.1775083266311337,0.9299999999999999,0.9735726751433558,0.029153432662204493,0.95,0.9789190836311256,0.01714854346433292,0.9325,0.9710656804897644,0.023187338976812688,,,,,,,,,,,,,,,,,,,,,,,,,,,
roberta,P,scitail@s0__stsb@s1,200,1104,0.9538043478260869,0.945,0.775,0.81,0.7880434782608695,0.975,0.94,0.9311594202898551,0.935,0.9,0.9148550724637681,0.895,0.86,0.9067028985507246,200,1300,0.9039178985125679,0.9001097135734145,0.9481857046426162,0.8598254620129527,0.8728349483238588,0.9718412960324009,0.8826288599224876,0.8998565219665887,0.9772279306982675,0.8861296844073483,0.9009598187344334,0.9533113327833198,0.8642127517029208,0.8829626296868943,0.8615928523213081,0.906194016710971,0.10408804563672336,0.9734206480162004,0.9876440957293842,0.01411738582067823,0.9561139653491337,0.9684247399945153,0.022054108428189334,0.9241556663916599,0.9350861292366224,0.03628271430835173,,,,,,,,,,,,,,,,,,,,,,,,,,,
roberta,P,scitail@s0__trec@s1,200,1104,0.9538043478260869,0.945,0.64,0.665,0.6684782608695652,0.89,0.905,0.9085144927536232,0.94,0.945,0.9384057971014492,0.955,0.96,0.9384057971014492,200,300,0.97,0.965,0.95,0.935,0.9433333333333334,0.975,0.97,0.9733333333333334,0.99,0.955,0.9666666666666667,0.99,0.965,0.96,0.7949999999999999,0.8363078104010748,0.1633183540400035,0.9325,0.9814266524111084,0.022023477349937814,0.965,0.9948186528497409,0.009790387797260713,0.9724999999999999,1.007936507936508,0.01322681391409919,,,,,,,,,,,,,,,,,,,,,,,,,,,
roberta,P,scitail@s0__wic@s1,200,1104,0.9538043478260869,0.945,0.75,0.775,0.7726449275362319,0.935,0.91,0.9094202898550725,0.815,0.78,0.8206521739130435,0.695,0.66,0.7047101449275363,200,438,0.682648401826484,0.63,0.77,0.54,0.5776255707762558,0.86,0.65,0.6643835616438356,0.86,0.65,0.6712328767123288,0.875,0.635,0.6894977168949772,0.76,0.8386243386243387,0.17188983855650508,0.8975,0.9973544973544974,0.036644783021594574,0.8374999999999999,0.9285714285714286,0.07816177381394773,0.7849999999999999,0.8531746031746033,0.1255625748379372,,,,,,,,,,,,,,,,,,,,,,,,,,,
roberta,P,scitail@s0__yelp_polarity@s1,200,1104,0.9538043478260869,0.945,0.62,0.655,0.6458333333333334,0.9,0.895,0.9094202898550725,0.955,0.94,0.9384057971014492,0.94,0.935,0.9338768115942029,200,9800,0.9559183673469388,0.97,0.97,0.94,0.9291836734693878,0.97,0.94,0.9451020408163265,0.975,0.945,0.9493877551020408,0.96,0.93,0.9435714285714286,0.7949999999999999,0.8310969290350734,0.17542726932849328,0.935,0.9580810560192003,0.028924414243230112,0.965,0.9844678994163529,0.011488058598790207,0.95,0.9740904380079638,0.016904499202392786,,,,,,,,,,,,,,,,,,,,,,,,,,,
roberta,P,snli@s0__sst2@s1,200,9642,0.8946276706077577,0.865,0.695,0.69,0.6912466293300146,0.885,0.845,0.852623936942543,0.905,0.87,0.8702551337896702,0.895,0.855,0.8657954781165733,200,672,0.9330357142857143,0.955,0.925,0.94,0.9107142857142857,0.96,0.945,0.9255952380952381,0.97,0.955,0.9270833333333334,0.965,0.96,0.9092261904761905,0.81,0.8909905274944769,0.12562970301203547,0.9225,0.9832037042641406,0.027462779897280187,0.9375,1.0028901734104045,0.016811401752278132,0.9299999999999999,0.9968374542263112,0.02887324438448946,,,,,,,,,,,,,,,,,,,,,,,,,,,
roberta,P,snli@s0__stsb@s1,200,9642,0.8946276706077577,0.865,0.9,0.83,0.8395561086911429,0.955,0.865,0.8704625596349305,0.955,0.865,0.8738850860817258,0.905,0.835,0.8529350757104335,200,1300,0.9039178985125679,0.9001097135734145,0.9326543163579092,0.841172913031651,0.8469609144212719,0.9527023175579391,0.8566556545945205,0.8721834213311533,0.9469601740043503,0.8514854832712527,0.8713337144033249,0.9156933923348085,0.8271290823901961,0.85652340129671,0.9163271581789546,0.9470301101341123,0.06228465814641437,0.9538511587789695,0.9758617986654191,0.0310595298236509,0.9509800870021752,0.9729898313678202,0.029616721454460704,0.9103466961674043,0.9421191064048431,0.049517797726840174,,,,,,,,,,,,,,,,,,,,,,,,,,,
roberta,P,snli@s0__trec@s1,200,9642,0.8946276706077577,0.865,0.73,0.71,0.7437253681808753,0.925,0.86,0.8533499274009542,0.955,0.855,0.8726405310101638,0.96,0.87,0.8741962248496162,200,300,0.97,0.965,0.925,0.91,0.9333333333333333,0.965,0.97,0.9666666666666667,0.98,0.975,0.9633333333333334,0.97,0.965,0.96,0.8275,0.8819072149510317,0.10323839140518998,0.9450000000000001,0.9997005001647249,0.024788002068389048,0.9675,0.9994010003294498,0.015724856443757096,0.965,1.0028901734104045,0.01657360509225292,,,,,,,,,,,,,,,,,,,,,,,,,,,
roberta,P,snli@s0__wic@s1,200,9642,0.8946276706077577,0.865,0.86,0.82,0.823376892760838,0.94,0.86,0.8593652769135034,0.94,0.865,0.8586392864550924,0.9,0.84,0.8295996681186476,200,438,0.682648401826484,0.63,0.75,0.53,0.5616438356164384,0.815,0.585,0.6141552511415526,0.85,0.63,0.6506849315068494,0.815,0.605,0.6575342465753424,0.8049999999999999,0.894623359941279,0.12845023251630172,0.8775,0.9613955408753097,0.06987508403853326,0.895,1.0,0.0435249812536882,0.8574999999999999,0.965707863106707,0.054738261164233304,,,,,,,,,,,,,,,,,,,,,,,,,,,
roberta,P,snli@s0__yelp_polarity@s1,200,9642,0.8946276706077577,0.865,0.805,0.77,0.7691350342252644,0.93,0.845,0.8688031528728479,0.95,0.855,0.8802115743621656,0.92,0.87,0.8764779091474798,200,9800,0.9559183673469388,0.97,0.935,0.915,0.9218367346938775,0.97,0.95,0.9392857142857143,0.975,0.955,0.945,0.965,0.935,0.9409183673469388,0.8700000000000001,0.9167361897383947,0.08796343962793562,0.95,0.978130028007866,0.023132938410536985,0.9624999999999999,0.9864876944163041,0.013767967693642857,0.9425,0.9848489362970027,0.017989609689927133,,,,,,,,,,,,,,,,,,,,,,,,,,,
roberta,P,sst2@s0__stsb@s1,200,672,0.9434523809523809,0.97,0.93,0.92,0.9077380952380952,0.955,0.935,0.9300595238095238,0.975,0.945,0.9315476190476191,0.98,0.96,0.9300595238095238,200,1300,0.9039178985125679,0.9001097135734145,0.9179059476486913,0.8378649941841421,0.8249331976209912,0.9652891322283058,0.8727171130694458,0.8783929390203041,0.9686087152178806,0.8727726578833136,0.8829486637666133,0.9575324383109578,0.8627685865423563,0.8750082439783686,0.9239529738243457,0.9396506194372012,0.06261764111784274,0.9601445661141529,0.9667425064175834,0.02121686142504231,0.9718043576089404,0.9719280000614854,0.017908229763680117,0.9687662191554789,0.9741028188501564,0.023089097303713002,,,,,,,,,,,,,,,,,,,,,,,,,,,
roberta,P,sst2@s0__trec@s1,200,672,0.9434523809523809,0.97,0.945,0.945,0.8988095238095238,0.97,0.95,0.9196428571428571,0.97,0.96,0.9285714285714286,0.955,0.955,0.9360119047619048,200,300,0.97,0.965,0.935,0.91,0.92,0.98,0.955,0.9566666666666667,0.97,0.945,0.9533333333333334,0.96,0.94,0.9533333333333334,0.94,0.9586159927354307,0.049432501869979495,0.975,0.9845093744992255,0.01949114876364544,0.97,0.9844826665242241,0.016477500623326424,0.9575,0.9793146733614657,0.012534282957711307,,,,,,,,,,,,,,,,,,,,,,,,,,,
roberta,P,sst2@s0__wic@s1,200,672,0.9434523809523809,0.97,0.955,0.935,0.9077380952380952,0.965,0.945,0.9270833333333334,0.98,0.96,0.9285714285714286,0.97,0.96,0.9226190476190477,200,438,0.682648401826484,0.63,0.745,0.525,0.541095890410959,0.835,0.565,0.6141552511415526,0.855,0.635,0.6529680365296804,0.79,0.64,0.6621004566210046,0.85,0.8986254295532647,0.1226063745608389,0.8999999999999999,0.9355261004745541,0.058842302944620783,0.9175,0.9988136147929962,0.02962556576601283,0.88,1.0027818687612502,0.026091176687802697,,,,,,,,,,,,,,,,,,,,,,,,,,,
roberta,P,sst2@s0__yelp_polarity@s1,200,672,0.9434523809523809,0.97,0.96,0.95,0.9166666666666666,0.975,0.965,0.9300595238095238,0.97,0.97,0.9345238095238095,0.965,0.965,0.9315476190476191,200,9800,0.9559183673469388,0.97,0.96,0.94,0.9379591836734694,0.97,0.94,0.9446938775510204,0.975,0.945,0.9473469387755102,0.95,0.93,0.9441836734693878,0.96,0.9742268041237113,0.023589264211073546,0.9724999999999999,0.981958762886598,0.012968842182394136,0.9724999999999999,0.9871134020618557,0.00921520876492088,0.9575,0.9768041237113403,0.01244706457582967,,,,,,,,,,,,,,,,,,,,,,,,,,,
roberta,P,stsb@s0__trec@s1,200,1300,0.9086283855561401,0.9060672701635388,0.9084617115427887,0.8498409064174084,0.8463046913282013,0.9512187804695119,0.8827106759321037,0.8770207659981193,0.9586454661366536,0.8858894906176495,0.8850514983600216,0.9569339233480838,0.8898129060512617,0.8863284055402869,200,300,0.97,0.965,0.755,0.76,0.8,0.975,0.96,0.97,0.975,0.96,0.9666666666666667,0.965,0.945,0.9633333333333334,0.8317308557713943,0.8627546851473622,0.12192434651832174,0.963109390234756,0.984520330761657,0.01739303991624408,0.9668227330683268,0.9862745132546258,0.014692101818062131,0.9609669616740419,0.9806675720784102,0.015707658432679183,,,,,,,,,,,,,,,,,,,,,,,,,,,
roberta,P,stsb@s0__wic@s1,200,1300,0.9086283855561401,0.9060672701635388,0.9396969924248108,0.8693844242373742,0.8659086254708704,0.9683957098927475,0.8989297615815188,0.8877375802912555,0.954793369834246,0.8853392967181206,0.8780112776729299,0.8675691892297308,0.8101271151074813,0.8198961584398445,200,438,0.682648401826484,0.63,0.755,0.535,0.5684931506849316,0.915,0.615,0.6757990867579908,0.86,0.65,0.682648401826484,0.81,0.61,0.634703196347032,0.8473484962124054,0.904360281423983,0.10711986839688281,0.9416978549463737,0.9841565081482156,0.01651251408533505,0.907396684917123,1.0044345862287816,0.016847981182356864,0.8387845946148654,0.9311838096986986,0.08394462405902436,,,,,,,,,,,,,,,,,,,,,,,,,,,
roberta,P,stsb@s0__yelp_polarity@s1,200,1300,0.9086283855561401,0.9060672701635388,0.9204260106502664,0.8465915348061386,0.8513473562411814,0.966580664516613,0.8824772375927401,0.8864696392919499,0.9765244131103278,0.8871189825786705,0.892932949106907,0.9776419410485263,0.8892034143099009,0.8901843089283382,200,9800,0.9559183673469388,0.97,0.96,0.93,0.9291836734693878,0.975,0.945,0.9471428571428572,0.985,0.955,0.95,0.965,0.945,0.9474489795918367,0.9402130053251332,0.9465606267239122,0.045504377597705314,0.9707903322583065,0.9740955868578361,0.01678360814813451,0.9807622065551639,0.9818117052624962,0.011732529033630867,0.9713209705242631,0.9778073293181652,0.014579380299173383,,,,,,,,,,,,,,,,,,,,,,,,,,,
roberta,P,trec@s0__wic@s1,200,300,0.9666666666666667,0.975,0.885,0.88,0.9366666666666666,0.99,0.965,0.9766666666666667,0.995,0.97,0.9733333333333334,0.99,0.965,0.9566666666666667,200,438,0.682648401826484,0.63,0.715,0.525,0.5342465753424658,0.76,0.55,0.593607305936073,0.825,0.585,0.6073059360730594,0.875,0.605,0.634703196347032,0.8,0.867948717948718,0.1242128935532234,0.875,0.9313797313797314,0.06004497751124438,0.9099999999999999,0.9617216117216116,0.051735670626225305,0.9325,0.975030525030525,0.04028947064929067,,,,,,,,,,,,,,,,,,,,,,,,,,,
roberta,P,trec@s0__yelp_polarity@s1,200,300,0.9666666666666667,0.975,0.925,0.9,0.9433333333333334,0.98,0.955,0.9733333333333334,0.985,0.97,0.9733333333333334,0.99,0.975,0.9666666666666667,200,9800,0.9559183673469388,0.97,0.965,0.945,0.9336734693877551,0.97,0.95,0.9460204081632653,0.955,0.945,0.948469387755102,0.97,0.96,0.9461224489795919,0.9450000000000001,0.9486518636003172,0.02370431991519184,0.975,0.9794343113930742,0.001728923113165859,0.97,0.9845492994977532,0.00044796666568514,0.98,0.9948453608247423,0.005123825789923098,,,,,,,,,,,,,,,,,,,,,,,,,,,
roberta,P,wic@s0__yelp_polarity@s1,200,438,0.6894977168949772,0.635,0.705,0.52,0.5616438356164384,0.81,0.595,0.6187214611872146,0.905,0.62,0.6621004566210046,0.86,0.665,0.6666666666666666,200,9800,0.9559183673469388,0.97,0.945,0.915,0.9254081632653062,0.98,0.95,0.943265306122449,0.985,0.955,0.9480612244897959,0.965,0.955,0.9428571428571428,0.825,0.8810983034337203,0.10867381419627753,0.895,0.9581946586573584,0.057942778289909125,0.9450000000000001,0.9804570176150661,0.023977284937874987,0.9125,1.0158900884812079,0.023388059110626136,,,,,,,,,,,,,,,,,,,,,,,,,,,
qwen,R0,cola@s0__sst2@s0,200,843,0.8066429418742586,0.815,0.795,0.74,0.7556346381969158,0.86,0.805,0.7947805456702254,0.895,0.81,0.8113879003558719,0.91,0.775,0.7935943060498221,200,672,0.9315476190476191,0.935,0.75,0.735,0.7738095238095238,0.925,0.92,0.8928571428571429,0.945,0.93,0.9136904761904762,0.95,0.915,0.90625,0.7725,0.8470358584035957,0.11628218380003752,0.8925000000000001,0.9858436403005151,0.02811971433940985,0.9199999999999999,0.9942587185459795,0.006643488066152892,0.9299999999999999,0.9647649355336112,0.021666510054501043,0.87,0.725,0.767497034400949,0.835,0.73,0.7354685646500593,0.705,0.62,0.638196915776987,0.94,0.895,0.8869047619047619,0.925,0.89,0.8764880952380952,0.845,0.81,0.7976190476190477,0.905,0.9233949017420688,0.048226367224206035,0.88,0.9237885896132016,0.07367036271377558,0.7749999999999999,0.8135231783734129,0.1762967487314414
qwen,R0,cola@s0__mrpc@s0,200,843,0.8066429418742586,0.815,0.81,0.745,0.767497034400949,0.885,0.82,0.8090154211150652,0.925,0.81,0.8066429418742586,0.935,0.78,0.797153024911032,200,208,0.8413461538461539,0.875,0.88,0.805,0.8028846153846154,0.915,0.83,0.8413461538461539,0.895,0.83,0.8461538461538461,0.86,0.825,0.8173076923076923,0.845,0.9170552147239264,0.047121848739495764,0.9,0.9773531989482909,-0.0014705882352941124,0.91,0.9712182296231376,-0.0028571428571428914,0.8975,0.9499561787905346,0.020168067226890685,0.85,0.735,0.767497034400949,0.745,0.69,0.7259786476868327,0.62,0.595,0.604982206405694,0.755,0.72,0.7596153846153846,0.625,0.63,0.6634615384615384,0.36,0.395,0.42788461538461536,0.8025,0.8623488168273444,0.07283613445378156,0.685,0.7833128834355828,0.1557142857142857,0.49,0.5907449605609115,0.37071428571428566
qwen,R0,cola@s0__stsb@s0,200,843,0.8066429418742586,0.815,0.82,0.765,0.7698695136417556,0.88,0.835,0.8018979833926453,0.93,0.805,0.8054567022538552,0.91,0.755,0.7900355871886121,200,1300,0.9091757216990676,0.9000496651259898,0.787705692642316,0.6676171372567798,0.7113057622132091,0.9282817070426762,0.827451842795104,0.83812403802926,0.9364404110102753,0.8607246875131377,0.850171094442187,0.9143988599714994,0.8465690166383542,0.823570108493436,0.803852846321158,0.8402030966282459,0.1316124432816672,0.9041408535213381,0.9719400406769969,0.04201595705152261,0.9332202055051377,0.9720190264283213,0.03318481176788346,0.9121994299857497,0.9334803521587756,0.05737281275654316,0.84,0.715,0.7591933570581257,0.725,0.67,0.7330960854092526,0.605,0.56,0.5848161328588375,0.8750048751218782,0.809028228519609,0.7785193573124388,0.8205160129003225,0.7557937786664147,0.7337410878240832,0.6176224405610141,0.5690123323462505,0.5909775608089975,0.857502437560939,0.8880856323015069,0.10126606155317286,0.7727580064501612,0.8309052079197321,0.14206828292843643,0.6113112202805071,0.6596588010986214,0.3124926627469886
qwen,R0,cola@s0__mnli@s0,200,843,0.8066429418742586,0.815,0.76,0.695,0.741399762752076,0.825,0.76,0.7686832740213523,0.85,0.785,0.7888493475682088,0.865,0.78,0.797153024911032,200,4800,0.8497916666666666,0.82,0.435,0.425,0.43,0.665,0.645,0.64875,0.775,0.725,0.7308333333333333,0.815,0.735,0.7639583333333333,0.5975,0.6855267095615741,0.28743798941493726,0.745,0.8595503516384857,0.14181820803830225,0.8125,0.9236682627562472,0.08102205702089604,0.84,0.9266983390692803,0.056384927101509885,0.865,0.79,0.7983392645314353,0.86,0.785,0.7983392645314353,0.785,0.69,0.730723606168446,0.805,0.73,0.7604166666666666,0.755,0.695,0.741875,0.65,0.61,0.66125,0.835,0.9297845279066288,0.057733477063294014,0.8075,0.905375579829418,0.06864301371443404,0.7175,0.7952641029477779,0.15799287599325096
qwen,R0,cola@s0__qnli@s0,200,843,0.8066429418742586,0.815,0.83,0.765,0.7556346381969158,0.875,0.83,0.8137603795966786,0.925,0.84,0.8327402135231317,0.88,0.795,0.8137603795966786,200,4800,0.920625,0.88,0.675,0.685,0.6864583333333333,0.845,0.835,0.863125,0.89,0.85,0.891875,0.875,0.845,0.88125,0.7525,0.8585296988287787,0.15879574165036003,0.86,0.9836342721695484,0.02681702008705711,0.9075,0.9982919687674289,-0.0005620781917654583,0.8775,0.9678436977133297,0.01697316401102178,0.815,0.74,0.7580071174377224,0.74,0.685,0.7069988137603797,0.595,0.61,0.5848161328588375,0.82,0.85,0.8552083333333333,0.77,0.8,0.8114583333333333,0.635,0.615,0.6383333333333333,0.8174999999999999,0.9369422755158952,0.06567545891404758,0.755,0.8747908533184607,0.12105413788054253,0.615,0.723664947016174,0.2908152296899751
qwen,R0,cola@s0__rte@s0,200,843,0.8066429418742586,0.815,0.795,0.72,0.7354685646500593,0.86,0.775,0.7888493475682088,0.91,0.815,0.8102016607354685,0.93,0.805,0.8018979833926453,138,139,0.7410071942446043,0.7971014492753623,0.5217391304347826,0.5072463768115942,0.5611510791366906,0.6376811594202898,0.6086956521739131,0.60431654676259,0.6521739130434783,0.6231884057971014,0.6187050359712231,0.5797101449275363,0.5652173913043478,0.5899280575539568,0.6583695652173913,0.7598996095928612,0.16547687035979441,0.748840579710145,0.8572783045175684,0.10326242147344367,0.7810869565217391,0.8909090909090909,0.08031838949171899,0.7548550724637682,0.8484104852203012,0.10488292404340371,0.845,0.76,0.7817319098457889,0.775,0.74,0.7532621589561092,0.64,0.615,0.6156583629893239,0.5289855072463768,0.5289855072463768,0.5179856115107914,0.5362318840579711,0.5072463768115942,0.539568345323741,0.5144927536231884,0.47101449275362317,0.4676258992805755,0.6869927536231883,0.7980758505298383,0.165926613363792,0.6556159420289855,0.772169548243168,0.16901056539120496,0.5772463768115942,0.672755158951478,0.30284837235865214
qwen,R0,cola@s0__wic@s0,200,843,0.8066429418742586,0.815,0.82,0.755,0.7663107947805456,0.865,0.76,0.8125741399762753,0.9,0.765,0.8125741399762753,0.835,0.73,0.7698695136417556,200,438,0.682648401826484,0.685,0.585,0.52,0.5365296803652968,0.75,0.585,0.6232876712328768,0.845,0.63,0.6598173515981736,0.815,0.64,0.6689497716894978,0.7024999999999999,0.8427522278447002,0.1320234113712374,0.8075,0.8932649679817294,0.039801790281329796,0.8725,0.9291791679727733,0.013045937438520339,0.825,0.9150060454077291,0.03282756246311225,0.755,0.67,0.7069988137603797,0.67,0.595,0.6358244365361803,0.55,0.535,0.538552787663108,0.755,0.61,0.6552511415525114,0.735,0.6,0.6415525114155252,0.625,0.53,0.6141552511415526,0.755,0.8562984192378309,0.08183159551445995,0.7025,0.8029868792261878,0.13598268738933705,0.5875,0.7150821727643186,0.21634369466850278
qwen,R0,cola@s0__snli@s0,200,843,0.8066429418742586,0.815,0.795,0.74,0.7508896797153025,0.86,0.795,0.797153024911032,0.93,0.815,0.8125741399762753,0.94,0.805,0.8137603795966786,200,4800,0.8779166666666667,0.875,0.735,0.715,0.7647916666666666,0.83,0.79,0.8097916666666667,0.84,0.79,0.7977083333333334,0.815,0.765,0.770625,0.765,0.8625591586327783,0.09898692034953505,0.845,0.9391586327782648,0.04468159356765966,0.885,0.9514285714285715,0.042004592534688134,0.8775,0.9310078878177038,0.05669407297802831,0.88,0.755,0.7829181494661922,0.84,0.745,0.767497034400949,0.735,0.67,0.6880189798339265,0.77,0.72,0.74,0.74,0.69,0.7114583333333333,0.655,0.615,0.634375,0.825,0.8746187554776512,0.09325358050196819,0.79,0.8513409290096406,0.11906774337642034,0.6950000000000001,0.7624715162138476,0.2122337307015829
qwen,R0,cola@s0__scitail@s0,200,843,0.8066429418742586,0.815,0.835,0.78,0.763938315539739,0.85,0.805,0.797153024911032,0.81,0.755,0.7497034400948992,0.665,0.65,0.6809015421115066,200,1104,0.9583333333333334,0.965,0.84,0.845,0.8940217391304348,0.97,0.945,0.9311594202898551,0.935,0.91,0.9121376811594203,0.89,0.875,0.8913043478260869,0.8374999999999999,0.9163514415588545,0.06002446347158896,0.9099999999999999,0.9835023363743285,0.02006004670299122,0.8725,0.934692774722655,0.05939619704214383,0.7775000000000001,0.8521408817826377,0.11291282108306455,0.59,0.615,0.597864768683274,0.535,0.57,0.5587188612099644,0.455,0.51,0.465005931198102,0.82,0.805,0.8514492753623188,0.775,0.76,0.7961956521739131,0.64,0.625,0.634963768115942,0.705,0.7943990590927875,0.1851773601690203,0.655,0.7434756349534315,0.23827004336706326,0.5475,0.6367176324740138,0.38047926164794843
qwen,R0,cola@s0__ag_news@s0,200,843,0.8066429418742586,0.815,0.83,0.775,0.7686832740213523,0.9,0.825,0.8090154211150652,0.915,0.83,0.8149466192170819,0.87,0.775,0.8042704626334519,200,4800,0.9422916666666666,0.93,0.92,0.895,0.906875,0.965,0.92,0.9247916666666667,0.965,0.92,0.9308333333333333,0.97,0.92,0.9295833333333333,0.875,0.9566429183983112,0.04232224837757337,0.9325,1.0007586252391318,0.007815283973416909,0.94,1.0038261099017087,0.0009329765512218202,0.9199999999999999,0.970083778613365,0.008213900196381907,0.795,0.72,0.7568208778173191,0.69,0.665,0.7247924080664294,0.605,0.6,0.6097271648873073,0.945,0.885,0.9139583333333333,0.935,0.87,0.89125,0.74,0.71,0.7522916666666667,0.87,0.9175242430239461,0.045916622231470416,0.8125,0.8757173956065704,0.07781908805972093,0.6725,0.7498185896167293,0.22287686465256007
qwen,R0,cola@s0__imdb@s0,200,843,0.8066429418742586,0.815,0.8,0.745,0.763938315539739,0.87,0.815,0.8102016607354685,0.895,0.81,0.8090154211150652,0.835,0.76,0.763938315539739,200,4800,0.9460416666666667,0.955,0.84,0.835,0.8508333333333333,0.945,0.95,0.9239583333333333,0.935,0.94,0.9252083333333333,0.895,0.9,0.9010416666666666,0.8200000000000001,0.8942279895930363,0.07678990116196216,0.9075,0.9973821989528796,0.009465555656307911,0.915,0.9890791121960621,0.009540202339469173,0.865,0.937461857193332,0.05025389587678275,0.745,0.72,0.7105575326215896,0.675,0.66,0.6761565836298933,0.55,0.575,0.5468564650059312,0.8,0.795,0.8104166666666667,0.68,0.685,0.7120833333333333,0.53,0.535,0.54,0.7725,0.8579481579031896,0.13123907017112058,0.6775,0.7635467189156202,0.20453353109576788,0.54,0.6328654482382039,0.3756297200668419
qwen,R0,cola@s0__trec@s0,200,843,0.8066429418742586,0.815,0.78,0.705,0.7330960854092526,0.85,0.765,0.7805456702253856,0.88,0.805,0.8030842230130486,0.92,0.805,0.8054567022538552,200,300,0.9733333333333334,0.98,0.93,0.92,0.9133333333333333,0.99,0.98,0.96,0.99,0.98,0.9733333333333334,0.985,0.975,0.97,0.855,0.9019030925253537,0.0764101531023369,0.9199999999999999,0.9693251533742332,0.023025785656728415,0.935,0.9938650306748467,0.0022058823529411686,0.9525,0.9913140102666834,0.0024476228847704062,0.86,0.755,0.7888493475682088,0.83,0.735,0.7651245551601423,0.765,0.7,0.6963226571767497,0.955,0.945,0.9566666666666667,0.925,0.925,0.9433333333333334,0.825,0.84,0.8366666666666667,0.9075,0.945333041191937,0.01959105560032226,0.8775,0.9228590209089771,0.04114625302175656,0.7949999999999999,0.8580192813321648,0.13858783239323125
qwen,R0,cola@s0__yelp_polarity@s0,200,843,0.8066429418742586,0.815,0.795,0.75,0.7627520759193357,0.875,0.83,0.7935943060498221,0.87,0.795,0.7924080664294187,0.805,0.71,0.7520759193357058,200,4800,0.97125,0.97,0.94,0.94,0.9308333333333333,0.975,0.955,0.9647916666666667,0.975,0.955,0.9664583333333333,0.94,0.92,0.9608333333333333,0.8674999999999999,0.9446587818607299,0.04801240315946198,0.925,1.0014704952248434,0.011412988618870967,0.9225,0.9799981025868068,0.011290281878517106,0.8725,0.9098096262096009,0.03918603477426996,0.67,0.625,0.66785290628707,0.615,0.61,0.6180308422301305,0.465,0.5,0.505338078291815,0.91,0.89,0.9414583333333333,0.89,0.88,0.92,0.84,0.83,0.8391666666666666,0.79,0.8421984694200241,0.10136617710147122,0.7525,0.8278413762570362,0.14329529108940864,0.6525,0.7345835178040605,0.2547612738789209
qwen,R0,sst2@s0__mrpc@s0,200,672,0.9315476190476191,0.935,0.935,0.9,0.8898809523809523,0.985,0.94,0.9211309523809523,0.97,0.935,0.9211309523809523,0.965,0.92,0.9151785714285714,200,208,0.8413461538461539,0.875,0.875,0.8,0.8173076923076923,0.855,0.81,0.7836538461538461,0.805,0.79,0.7548076923076923,0.75,0.755,0.7403846153846154,0.905,0.9384262796027503,0.03664993153811047,0.9199999999999999,0.9655309396485867,0.039876768598813395,0.8875,0.9514285714285715,0.05701962574167052,0.8574999999999999,0.9234071810542399,0.06878594249201275,0.935,0.91,0.9002976190476191,0.915,0.9,0.8809523809523809,0.87,0.865,0.8303571428571429,0.685,0.71,0.6923076923076923,0.645,0.69,0.6538461538461539,0.505,0.56,0.5432692307692307,0.81,0.8923453017570664,0.10534459151072573,0.78,0.8755691367456073,0.13858512094933828,0.6875,0.782566844919786,0.23145595618439074
qwen,R0,sst2@s0__stsb@s0,200,672,0.9315476190476191,0.935,0.85,0.835,0.8363095238095238,0.95,0.925,0.9226190476190477,0.97,0.935,0.9181547619047619,0.945,0.93,0.9077380952380952,200,1300,0.9091757216990676,0.9000496651259898,0.8018825470636767,0.6787073348905316,0.7071818793581384,0.9370299257481439,0.823275473276715,0.8460830435078533,0.9669226730668268,0.8729528032255877,0.8785981470198317,0.9644476111902799,0.8777063884448466,0.8808730010752589,0.8259412735318383,0.8235628883539671,0.16220446048411385,0.943514962874072,0.95200243118573,0.039490068187509886,0.9684613365334134,0.9849470185089124,0.02400459563736357,0.9547238055951399,0.9849139566699079,0.02834459693555369,0.915,0.9,0.8913690476190477,0.91,0.895,0.8705357142857143,0.86,0.835,0.8139880952380952,0.9500172504312608,0.871926725380218,0.8689236541660565,0.9358988974724369,0.8594846870738174,0.8532094270070929,0.8829565739143479,0.8255588154900397,0.7818739309068155,0.9325086252156305,0.9656604291766084,0.04370206714438196,0.9229494487362184,0.9560747703021655,0.06352619446065066,0.871478286957174,0.9051425423939203,0.1331084950165048
qwen,R0,sst2@s0__mnli@s0,200,672,0.9315476190476191,0.935,0.705,0.69,0.7202380952380952,0.925,0.9,0.8973214285714286,0.97,0.935,0.9241071428571429,0.975,0.93,0.9300595238095238,200,4800,0.8497916666666666,0.82,0.56,0.545,0.5325,0.815,0.73,0.7485416666666667,0.89,0.785,0.7935416666666667,0.875,0.76,0.7772916666666667,0.6325000000000001,0.701301030389983,0.300106444055777,0.87,0.9264053736794052,0.07794403188778798,0.9299999999999999,0.978658536585366,0.03708995736754983,0.925,0.9607408373548976,0.04345623614132066,0.975,0.93,0.9226190476190477,0.975,0.93,0.9211309523809523,0.945,0.93,0.8839285714285714,0.81,0.735,0.7495833333333334,0.77,0.695,0.72625,0.725,0.645,0.6552083333333333,0.8925000000000001,0.9454969349158733,0.06375286180992479,0.8725,0.9211066910134342,0.0782804389662004,0.835,0.8906188861353854,0.14004795073653176
qwen,R0,sst2@s0__qnli@s0,200,672,0.9315476190476191,0.935,0.78,0.765,0.7827380952380952,0.96,0.925,0.9226190476190477,0.97,0.945,0.9166666666666666,0.915,0.92,0.8898809523809523,200,4800,0.920625,0.88,0.675,0.685,0.70375,0.905,0.845,0.89,0.96,0.86,0.9010416666666666,0.88,0.82,0.8754166666666666,0.7275,0.7982954545454546,0.19765903407230034,0.9325,0.9747660427807486,0.021425054603740668,0.965,0.9939839572192513,0.01862311092024216,0.8975,0.9578877005347592,0.046917283556989986,0.88,0.885,0.8497023809523809,0.865,0.87,0.8303571428571429,0.83,0.825,0.7901785714285714,0.85,0.8,0.8520833333333333,0.845,0.775,0.8327083333333334,0.825,0.745,0.7702083333333334,0.865,0.9278074866310161,0.0811553291154159,0.855,0.905581550802139,0.10206145839885417,0.8274999999999999,0.8644719251336898,0.15757128490319539
qwen,R0,sst2@s0__rte@s0,200,672,0.9315476190476191,0.935,0.78,0.765,0.78125,0.95,0.915,0.9226190476190477,0.965,0.95,0.9300595238095238,0.98,0.945,0.9285714285714286,138,139,0.7410071942446043,0.7971014492753623,0.5797101449275363,0.5362318840579711,0.60431654676259,0.8115942028985508,0.7391304347826086,0.6906474820143885,0.8840579710144928,0.7536231884057971,0.7050359712230215,0.855072463768116,0.7101449275362319,0.6546762589928058,0.6798550724637682,0.7454545454545455,0.17290393622630973,0.8807971014492754,0.9529411764705882,0.03877291479264233,0.9245289855072464,0.9807486631016042,0.02507056670492258,0.917536231884058,0.950802139037433,0.05984987127392283,0.97,0.945,0.9166666666666666,0.96,0.935,0.9077380952380952,0.875,0.85,0.8556547619047619,0.782608695652174,0.6666666666666666,0.5539568345323741,0.7246376811594203,0.6086956521739131,0.5539568345323741,0.6086956521739131,0.5797101449275363,0.5467625899280576,0.876304347826087,0.9235294117647057,0.13420081268029405,0.8423188405797102,0.8818181818181818,0.13899314494866466,0.7418478260869565,0.8181818181818181,0.17180278544619876
qwen,R0,sst2@s0__wic@s0,200,672,0.9315476190476191,0.935,0.84,0.825,0.8229166666666666,0.95,0.925,0.9151785714285714,0.96,0.935,0.9166666666666666,0.965,0.92,0.9092261904761905,200,438,0.682648401826484,0.685,0.605,0.54,0.5388127853881278,0.805,0.68,0.680365296803653,0.855,0.69,0.6986301369863014,0.84,0.695,0.6894977168949772,0.7224999999999999,0.8353370545298411,0.16365787983373759,0.8775,0.991002771380616,0.010458183294688395,0.9075,1.0036496350364963,-0.003718465171444585,0.9025,0.999277879698661,0.006964108262899726,0.945,0.91,0.8794642857142857,0.905,0.89,0.8452380952380952,0.845,0.83,0.7991071428571429,0.805,0.64,0.6666666666666666,0.79,0.625,0.6438356164383562,0.735,0.58,0.6073059360730594,0.875,0.9537843007143136,0.039660957184224355,0.8475,0.9321402084390491,0.07475397223973412,0.79,0.8672079316132557,0.12627020846912496
qwen,R0,sst2@s0__snli@s0,200,672,0.9315476190476191,0.935,0.8,0.785,0.8199404761904762,0.96,0.915,0.9226190476190477,0.97,0.935,0.9241071428571429,0.945,0.93,0.9077380952380952,200,4800,0.8779166666666667,0.875,0.725,0.695,0.7516666666666667,0.78,0.745,0.7739583333333333,0.765,0.745,0.7554166666666666,0.775,0.74,0.740625,0.7625,0.8169289533995416,0.1318073332312344,0.87,0.9150190985485103,0.06399973616015986,0.8674999999999999,0.9257142857142857,0.07376105208410721,0.86,0.920183346065699,0.09097129452865926,0.9,0.905,0.8883928571428571,0.88,0.885,0.8571428571428571,0.82,0.825,0.7708333333333334,0.76,0.73,0.725625,0.75,0.72,0.7152083333333333,0.725,0.69,0.685,0.8300000000000001,0.9011000763941941,0.10989763317467571,0.815,0.8846906035141329,0.13260340171435248,0.7725,0.8354621848739494,0.19613383654970273
qwen,R0,sst2@s0__scitail@s0,200,672,0.9315476190476191,0.935,0.91,0.885,0.8764880952380952,0.97,0.935,0.9315476190476191,0.98,0.935,0.9241071428571429,0.96,0.915,0.9181547619047619,200,1104,0.9583333333333334,0.965,0.835,0.84,0.8795289855072463,0.975,0.95,0.9501811594202898,0.96,0.935,0.9356884057971014,0.955,0.94,0.9311594202898551,0.8725,0.9084951927073232,0.07066802756421486,0.9724999999999999,0.9922279792746114,0.0042533081285445196,0.97,0.9844559585492229,0.01580835502515443,0.9575,0.976351444958577,0.021366192164370634,0.915,0.88,0.8854166666666666,0.88,0.845,0.8511904761904762,0.825,0.81,0.7991071428571429,0.935,0.92,0.8913043478260869,0.91,0.895,0.8695652173913043,0.815,0.8,0.7835144927536232,0.925,0.9472721731179519,0.05973202799905786,0.895,0.9156022277021972,0.08944479003726369,0.82,0.8476628522346292,0.16229609184850557
qwen,R0,sst2@s0__ag_news@s0,200,672,0.9315476190476191,0.935,0.815,0.78,0.8214285714285714,0.97,0.945,0.9136904761904762,0.96,0.925,0.9166666666666666,0.95,0.925,0.9092261904761905,200,4800,0.9422916666666666,0.93,0.92,0.88,0.9091666666666667,0.95,0.915,0.9216666666666666,0.94,0.905,0.9254166666666667,0.95,0.905,0.9164583333333334,0.8674999999999999,0.890230579035133,0.07668226084782148,0.96,0.9972830774538554,0.02052872821129359,0.95,0.9812115462020585,0.016941454362827235,0.95,0.9812115462020585,0.025688546788547484,0.925,0.92,0.9017857142857143,0.925,0.92,0.8898809523809523,0.905,0.89,0.8511904761904762,0.885,0.87,0.8833333333333333,0.815,0.81,0.84125,0.695,0.68,0.6627083333333333,0.905,0.9597205451095394,0.04725898655010696,0.87,0.9274624805934104,0.07597907464793008,0.8,0.8415272267264677,0.19148385355926645
qwen,R0,sst2@s0__imdb@s0,200,672,0.9315476190476191,0.935,0.89,0.875,0.8705357142857143,0.955,0.96,0.9241071428571429,0.95,0.955,0.9315476190476191,0.96,0.945,0.9375,200,4800,0.9460416666666667,0.955,0.905,0.89,0.89875,0.96,0.945,0.9354166666666667,0.97,0.945,0.9391666666666667,0.955,0.92,0.9297916666666667,0.8975,0.9338830248901084,0.05774209843857836,0.9575,1.0081333818629783,0.009609113416771398,0.96,1.0054595850715344,0.0036335608896718163,0.9575,0.9870229862530447,0.005393528469401554,0.96,0.935,0.9151785714285714,0.925,0.91,0.9002976190476191,0.865,0.85,0.8422619047619048,0.92,0.895,0.916875,0.87,0.845,0.8954166666666666,0.82,0.795,0.8197916666666667,0.94,0.968586387434555,0.02420104929668132,0.8975,0.9290393930061316,0.04352938403597184,0.8425,0.8707758210376011,0.11464871356677153
qwen,R0,sst2@s0__trec@s0,200,672,0.9315476190476191,0.935,0.755,0.74,0.7663690476190477,0.93,0.905,0.9077380952380952,0.97,0.935,0.9211309523809523,0.97,0.945,0.9300595238095238,200,300,0.9733333333333334,0.98,0.915,0.91,0.91,0.99,0.98,0.97,0.99,0.975,0.9733333333333334,0.98,0.97,0.9666666666666667,0.835,0.8600076394194041,0.12119239354019862,0.96,0.9839572192513368,0.014491881482778357,0.98,0.9974489795918368,0.005591054313099031,0.975,1.000245552766561,0.004223379578975006,0.965,0.94,0.9315476190476191,0.97,0.945,0.9285714285714286,0.945,0.92,0.9032738095238095,0.96,0.955,0.9566666666666667,0.945,0.94,0.9266666666666666,0.87,0.865,0.8733333333333333,0.9624999999999999,0.9899186947506274,0.008561643835616417,0.9575,0.9849394303175815,0.025570046829182957,0.9075,0.9333051402379133,0.06654558186353898
qwen,R0,sst2@s0__yelp_polarity@s0,200,672,0.9315476190476191,0.935,0.925,0.9,0.9077380952380952,0.975,0.94,0.9360119047619048,0.975,0.93,0.9241071428571429,0.96,0.915,0.9196428571428571,200,4800,0.97125,0.97,0.95,0.95,0.9483333333333334,0.975,0.965,0.965,0.975,0.965,0.966875,0.955,0.945,0.9652083333333333,0.9375,0.9709741441093775,0.024577064513166658,0.975,1.0000964772038148,0.0008213370833178857,0.975,0.9947488836209273,0.006245862475894315,0.9575,0.9764182148960803,0.009500029468080595,0.95,0.915,0.9032738095238095,0.94,0.915,0.9002976190476191,0.915,0.89,0.8511904761904762,0.955,0.945,0.95875,0.95,0.94,0.9522916666666666,0.905,0.895,0.925,0.9524999999999999,0.9764182148960803,0.021610725284846644,0.945,0.9738408953084514,0.026532922699056938,0.91,0.9372760350625724,0.06694051422485925
qwen,R0,mrpc@s0__stsb@s0,200,208,0.8413461538461539,0.875,0.865,0.82,0.8365384615384616,0.745,0.73,0.6778846153846154,0.325,0.39,0.3701923076923077,0.245,0.32,0.3125,200,1300,0.9091757216990676,0.9000496651259898,0.7967719192979825,0.6617721715055767,0.7055446164446447,0.9362529063226581,0.8174665365939667,0.8528588247292498,0.9629520738018451,0.8649040594538978,0.8806536576727612,0.9676981924548115,0.8796009169610963,0.8889955218119178,0.8308859596489913,0.8362023478123912,0.11484380307826991,0.840626453161329,0.8712658729430669,0.12811426103416035,0.6439760369009225,0.7033328837890767,0.2956856718374553,0.6063490962274057,0.6714973540825806,0.32538378884133323,0.245,0.32,0.3125,0.245,0.32,0.3125,0.245,0.32,0.3125,0.9518322958073954,0.8749576707639803,0.8818510610703962,0.9369189229730746,0.8633420492152624,0.8697720380354751,0.8746808670216757,0.807531520967548,0.8219834990351803,0.5984161479036977,0.6689179152043572,0.32931287568945644,0.5909594614865372,0.6624651482078314,0.3359557186221449,0.5598404335108378,0.6314610100973518,0.36223696319331955
qwen,R0,mrpc@s0__mnli@s0,200,208,0.8413461538461539,0.875,0.795,0.76,0.7980769230769231,0.495,0.54,0.5673076923076923,0.335,0.4,0.4375,0.4,0.425,0.4855769230769231,200,4800,0.8497916666666666,0.82,0.665,0.62,0.636875,0.895,0.745,0.8077083333333334,0.865,0.77,0.7910416666666666,0.83,0.765,0.7764583333333334,0.73,0.8123344947735192,0.15099008860715157,0.6950000000000001,0.7628397212543554,0.1876181136833257,0.6,0.6980836236933798,0.27456729590585927,0.615,0.7093205574912892,0.2545764017791474,0.43,0.445,0.49038461538461536,0.435,0.45,0.4951923076923077,0.425,0.44,0.4951923076923077,0.79,0.725,0.754375,0.77,0.705,0.7341666666666666,0.715,0.67,0.6825,0.61,0.6963588850174216,0.26471263965257585,0.6025,0.687020905923345,0.27374566595454064,0.57,0.6599651567944251,0.30414527370153743
qwen,R0,mrpc@s0__qnli@s0,200,208,0.8413461538461539,0.875,0.925,0.83,0.8365384615384616,0.865,0.85,0.7884615384615384,0.7,0.735,0.7163461538461539,0.5,0.565,0.5240384615384616,200,4800,0.920625,0.88,0.815,0.825,0.829375,0.94,0.85,0.8933333333333333,0.94,0.85,0.8929166666666667,0.905,0.835,0.8895833333333333,0.87,0.9430357142857142,0.05241586655028607,0.9025,0.9686688311688312,0.046250929428118925,0.82,0.9029545454545453,0.08933436782723958,0.7025,0.7972889610389611,0.2054304464487764,0.35,0.425,0.3798076923076923,0.295,0.36,0.35096153846153844,0.245,0.32,0.32211538461538464,0.88,0.83,0.8785416666666667,0.855,0.825,0.8579166666666667,0.73,0.7,0.7566666666666667,0.615,0.7144480519480519,0.2971415640254744,0.575,0.6744642857142857,0.3254860504962338,0.4875,0.5805844155844155,0.3976187243397019
qwen,R0,mrpc@s0__rte@s0,200,208,0.8413461538461539,0.875,0.845,0.78,0.7980769230769231,0.82,0.795,0.7788461538461539,0.735,0.76,0.7211538461538461,0.655,0.71,0.6634615384615384,138,139,0.7410071942446043,0.7971014492753623,0.7463768115942029,0.7028985507246377,0.6618705035971223,0.7536231884057971,0.7246376811594203,0.6402877697841727,0.6086956521739131,0.6086956521739131,0.539568345323741,0.5289855072463768,0.5434782608695652,0.49640287769784175,0.7956884057971014,0.8866233766233766,0.07911234396671285,0.7868115942028986,0.9088311688311688,0.1051040221914008,0.6718478260869565,0.8161038961038961,0.20735090152565883,0.5919927536231884,0.7466233766233765,0.2707628294036062,0.61,0.665,0.6201923076923077,0.58,0.655,0.5961538461538461,0.525,0.56,0.5480769230769231,0.5289855072463768,0.5434782608695652,0.5035971223021583,0.5289855072463768,0.5434782608695652,0.4892086330935252,0.5217391304347826,0.5362318840579711,0.4892086330935252,0.5694927536231884,0.7209090909090909,0.29162274618585293,0.5544927536231884,0.7151948051948052,0.31561719833564494,0.5233695652173913,0.6563636363636365,0.3441886269070735
qwen,R0,mrpc@s0__wic@s0,200,208,0.8413461538461539,0.875,0.815,0.75,0.75,0.83,0.755,0.75,0.815,0.74,0.7451923076923077,0.78,0.705,0.7451923076923077,200,438,0.682648401826484,0.685,0.725,0.63,0.636986301369863,0.83,0.715,0.6598173515981736,0.845,0.68,0.678082191780822,0.805,0.65,0.680365296803653,0.77,0.8884254431699687,0.08773053033922595,0.83,0.9533263816475495,0.07100812231247011,0.83,0.9192075078206465,0.06048733874820833,0.7925,0.8773096976016683,0.058815097945532746,0.78,0.705,0.7211538461538461,0.78,0.705,0.6971153846153846,0.75,0.675,0.6826923076923077,0.78,0.635,0.6506849315068494,0.76,0.635,0.634703196347032,0.69,0.565,0.5662100456621004,0.78,0.8663607924921793,0.09483994266602958,0.77,0.8663607924921793,0.12083134257047301,0.72,0.7981230448383733,0.1795699952221692
qwen,R0,mrpc@s0__snli@s0,200,208,0.8413461538461539,0.875,0.9,0.815,0.8269230769230769,0.91,0.865,0.8557692307692307,0.885,0.86,0.8317307692307693,0.795,0.78,0.7596153846153846,200,4800,0.8779166666666667,0.875,0.745,0.735,0.7408333333333333,0.8,0.755,0.7722916666666667,0.825,0.78,0.7933333333333333,0.85,0.79,0.80625,0.8225,0.8857142857142857,0.08664451827242536,0.855,0.9257142857142857,0.05158519221642144,0.855,0.9371428571428572,0.053887043189368766,0.8225,0.8971428571428572,0.08938775510204078,0.655,0.66,0.6634615384615384,0.6,0.605,0.5913461538461539,0.49,0.495,0.46153846153846156,0.85,0.79,0.7952083333333333,0.85,0.78,0.78625,0.805,0.735,0.7420833333333333,0.7525,0.8285714285714286,0.15281917418130053,0.725,0.7914285714285714,0.20077835785476983,0.6475,0.7028571428571428,0.3030754627432368
qwen,R0,mrpc@s0__scitail@s0,200,208,0.8413461538461539,0.875,0.89,0.815,0.8509615384615384,0.89,0.815,0.8653846153846154,0.88,0.815,0.8605769230769231,0.88,0.835,0.8461538461538461,200,1104,0.9583333333333334,0.965,0.935,0.92,0.9384057971014492,0.965,0.94,0.9365942028985508,0.955,0.93,0.927536231884058,0.95,0.925,0.9302536231884058,0.9125000000000001,0.9423982235381199,0.00468268971104524,0.9275,0.952760917838638,-0.002943559276262553,0.9175,0.947579570688379,0.0046394815014851876,0.915,0.956417468541821,0.01179314069673243,0.85,0.815,0.8221153846153846,0.83,0.795,0.8125,0.78,0.765,0.7644230769230769,0.93,0.905,0.9193840579710145,0.91,0.885,0.9103260869565217,0.825,0.8,0.8188405797101449,0.89,0.9346262028127313,0.031749932487172616,0.87,0.9128349370836417,0.04219011612206325,0.8025,0.8516506291635826,0.11849311369160143
qwen,R0,mrpc@s0__ag_news@s0,200,208,0.8413461538461539,0.875,0.835,0.76,0.8028846153846154,0.81,0.765,0.7884615384615384,0.775,0.74,0.7980769230769231,0.77,0.745,0.7740384615384616,200,4800,0.9422916666666666,0.93,0.925,0.88,0.9014583333333334,0.945,0.905,0.91875,0.96,0.91,0.9216666666666666,0.95,0.93,0.915625,0.88,0.9074039938556067,0.044524178010801885,0.8775,0.9237019969278034,0.0439202804712423,0.8674999999999999,0.9121044546850998,0.03665834938883794,0.86,0.9257142857142857,0.05414990050851198,0.73,0.725,0.7548076923076923,0.745,0.72,0.7403846153846154,0.69,0.665,0.6634615384615384,0.935,0.895,0.896875,0.92,0.885,0.8770833333333333,0.835,0.81,0.8152083333333333,0.8325,0.8954685099846389,0.07552762073213104,0.8325,0.8872350230414746,0.09460092858722091,0.7625,0.8154838709677419,0.17314740532516348
qwen,R0,mrpc@s0__imdb@s0,200,208,0.8413461538461539,0.875,0.89,0.805,0.8028846153846154,0.915,0.83,0.8365384615384616,0.9,0.845,0.8317307692307693,0.855,0.82,0.8269230769230769,200,4800,0.9460416666666667,0.955,0.87,0.865,0.8672916666666667,0.95,0.945,0.9239583333333333,0.975,0.94,0.936875,0.945,0.92,0.9297916666666667,0.88,0.9128795811518324,0.06447793122974799,0.9325,0.9690501121914734,0.014528580866391971,0.9375,0.9750037397157816,0.010559033567181464,0.8999999999999999,0.9502468212415857,0.017159845219743897,0.775,0.76,0.7740384615384616,0.72,0.735,0.7307692307692307,0.495,0.54,0.5240384615384616,0.925,0.9,0.9147916666666667,0.91,0.885,0.895625,0.79,0.795,0.7922916666666666,0.8500000000000001,0.9054899027673897,0.05651618586214491,0.815,0.8833507853403142,0.09236039890521286,0.6425000000000001,0.7248017950635752,0.2698310630131815
qwen,R0,mrpc@s0__trec@s0,200,208,0.8413461538461539,0.875,0.86,0.805,0.8221153846153846,0.89,0.815,0.8461538461538461,0.905,0.83,0.8317307692307693,0.9,0.845,0.8461538461538461,200,300,0.9733333333333334,0.98,0.95,0.94,0.9433333333333334,0.995,0.985,0.96,0.995,0.975,0.9666666666666667,0.995,0.975,0.97,0.905,0.9395918367346938,0.02683953033268105,0.9425,0.9682653061224489,0.003992172211350287,0.95,0.9717346938775511,0.00913894324853226,0.9475,0.9803061224489795,-0.0011448140900194304,0.87,0.855,0.8173076923076923,0.85,0.835,0.7692307692307693,0.715,0.75,0.6682692307692307,0.975,0.955,0.96,0.96,0.94,0.9566666666666667,0.95,0.935,0.9433333333333334,0.9225,0.9758163265306122,0.021135029354207413,0.905,0.956734693877551,0.051418786692759344,0.8325,0.9056122448979592,0.11826810176125246
qwen,R0,mrpc@s0__yelp_polarity@s0,200,208,0.8413461538461539,0.875,0.86,0.795,0.8028846153846154,0.815,0.79,0.7788461538461539,0.745,0.76,0.7211538461538461,0.625,0.65,0.6538461538461539,200,4800,0.97125,0.97,0.94,0.94,0.9475,0.975,0.955,0.9652083333333333,0.97,0.95,0.9652083333333333,0.955,0.935,0.9604166666666667,0.8999999999999999,0.938821796759941,0.035083655083655074,0.895,0.9436966126656848,0.04025311025311029,0.8574999999999999,0.9239764359351987,0.07453882453882454,0.79,0.8533873343151694,0.1170055770055769,0.48,0.535,0.5528846153846154,0.425,0.48,0.5192307692307693,0.38,0.425,0.40865384615384615,0.94,0.93,0.951875,0.93,0.92,0.945,0.9,0.89,0.9108333333333334,0.71,0.7850957290132548,0.1814028314028313,0.6775,0.7485125184094257,0.20494208494208488,0.64,0.7016200294550811,0.28824538824538815
qwen,R0,stsb@s0__mnli@s0,200,1300,0.9091757216990676,0.9000496651259898,0.9285307132678319,0.8118700212939836,0.8269280908767324,0.9592484812120304,0.8712684442753246,0.8739507676755374,0.9365784144603617,0.8573559696126113,0.8637478852032954,0.9085007125178131,0.8345240486905496,0.8414865718428299,200,4800,0.8497916666666666,0.82,0.625,0.6,0.67125,0.86,0.77,0.811875,0.825,0.78,0.7941666666666667,0.775,0.74,0.7427083333333333,0.7767653566339159,0.8168676707357551,0.15028223450217393,0.9096242406060152,0.9535235102938555,0.041681306988078703,0.8807892072301808,0.9518923451770192,0.057711589267295915,0.8417503562589066,0.9148184006929763,0.1002311981413806,0.8739668491712294,0.8030286380162873,0.8165791416626029,0.8478526963174081,0.7770081445359733,0.7953882098916486,0.765406135153379,0.7120379762392116,0.7361080365857683,0.74,0.71,0.6952083333333333,0.685,0.66,0.6733333333333333,0.59,0.58,0.6116666666666667,0.8069834245856147,0.8790292329083622,0.1418770332960151,0.7664263481587041,0.8340863959979024,0.16640176019734143,0.6777030675766895,0.7492133619624409,0.23528621683193296
qwen,R0,stsb@s0__qnli@s0,200,1300,0.9091757216990676,0.9000496651259898,0.8380439510987775,0.7233991424919675,0.7457987259706973,0.9417775444386112,0.838984897728613,0.8559760760881499,0.9676816920423011,0.876813167789404,0.8880210619571229,0.9650896272406811,0.8799034110149984,0.8927325030242181,200,4800,0.920625,0.88,0.79,0.79,0.8097916666666667,0.94,0.86,0.89375,0.905,0.825,0.8685416666666667,0.865,0.795,0.81625,0.8140219755493887,0.8507298724844539,0.15004357945910907,0.9408887722193056,0.9547133648489418,0.043853138037798556,0.9363408460211506,0.9558415471462716,0.039920920226526824,0.9150448136203406,0.9405127996589557,0.06572995988700048,0.9452696317407937,0.8670612999276305,0.8803279256127138,0.9301927548188706,0.8520642001833084,0.8657272434570876,0.8808760219005476,0.8087032162979227,0.8103343442382497,0.795,0.755,0.7504166666666666,0.72,0.68,0.6910416666666667,0.565,0.535,0.5310416666666666,0.8701348158703969,0.9106514144571396,0.10830653665613899,0.8250963774094353,0.8597065157613171,0.1485832774586906,0.7229380109502738,0.7532320458984398,0.26594401811384494
qwen,R0,stsb@s0__rte@s0,200,1300,0.9091757216990676,0.9000496651259898,0.8877506937673444,0.7560842630308318,0.7824974139816966,0.9628815720393011,0.8541899152221433,0.8745791958179049,0.9609060226505665,0.8689603320774372,0.8828815130851282,0.941323033075827,0.8566203761316586,0.8677675553398541,138,139,0.7410071942446043,0.7971014492753623,0.7971014492753623,0.7536231884057971,0.7122302158273381,0.7463768115942029,0.7463768115942029,0.6762589928057554,0.7318840579710145,0.717391304347826,0.6690647482014388,0.6811594202898551,0.6666666666666666,0.6690647482014388,0.8424260715213534,0.892750907159154,0.08908404550887639,0.854629191816752,0.9427055852133702,0.06271563458452523,0.8463950403107905,0.9327291013745331,0.06300415498526601,0.811241226682841,0.8940557667665043,0.0713160562957349,0.9109112727818197,0.8298680421983559,0.8431271369351648,0.8828170704267608,0.8048188323551366,0.8196371096170917,0.7833990849771245,0.7118195500117042,0.7435491002335859,0.6594202898550725,0.6594202898550725,0.6330935251798561,0.6376811594202898,0.6521739130434783,0.5899280575539568,0.6304347826086957,0.6014492753623188,0.5539568345323741,0.785165781318446,0.8746487245943504,0.109138866856471,0.7602491149235253,0.8561878102616225,0.15118339027453986,0.7069169337929101,0.7727062114416609,0.21729973626023846
qwen,R0,stsb@s0__wic@s0,200,1300,0.9091757216990676,0.9000496651259898,0.7845961149028727,0.6549484160613508,0.697923059200365,0.8832655816395412,0.7651831040268615,0.8036798388151062,0.8689117227930699,0.7730644627513552,0.8064160220160431,0.806630165754144,0.730990016852044,0.724002691795829,200,438,0.682648401826484,0.685,0.64,0.555,0.5525114155251142,0.84,0.665,0.6872146118721462,0.89,0.695,0.6894977168949772,0.845,0.67,0.6872146118721462,0.7122980574514364,0.7689496422329032,0.21149585141996108,0.8616327908197705,0.9104797270181663,0.054672841320304366,0.879455861396535,0.9367558282525575,0.05149584014203068,0.8258150828770721,0.8951342507293165,0.09849118419816771,0.7429730743268582,0.6880170960581407,0.6051730317242717,0.6852666316657917,0.6327500062596199,0.5169168158748071,0.41580889522238057,0.3622039782043513,0.315884817862719,0.79,0.625,0.6529680365296804,0.74,0.585,0.6438356164383562,0.64,0.545,0.6027397260273972,0.7664865371634291,0.8384150078843327,0.1889250125031443,0.7126333158328959,0.7785156830718973,0.24415036628338993,0.5279044476111903,0.5990235476634974,0.38480798532137617
qwen,R0,stsb@s0__snli@s0,200,1300,0.9091757216990676,0.9000496651259898,0.9086357158928974,0.7829619480981336,0.81390783479481,0.9584684617115429,0.864058126950802,0.8804818732996336,0.9308947723693094,0.8544196005335428,0.870180431176631,0.8919342983574591,0.8308145558508878,0.8501601026697363,200,4800,0.8779166666666667,0.875,0.83,0.775,0.8010416666666667,0.845,0.78,0.7877083333333333,0.815,0.745,0.758125,0.77,0.71,0.715,0.8693178579464487,0.8778120005918735,0.09617507923378732,0.9017342308557714,0.9257200900772318,0.06715650892824998,0.8729473861846546,0.9003656486554299,0.0896703734665234,0.8309671491787296,0.8672524585742187,0.12524151415106943,0.851889297232431,0.8040569676784356,0.8280321011120253,0.8248421210530265,0.7818150227523215,0.8075590324049181,0.7647986199654992,0.7274148824134952,0.7430319702795619,0.715,0.66,0.6725,0.69,0.635,0.6425,0.61,0.565,0.5758333333333333,0.7834446486162154,0.8238165235154139,0.16161581053949492,0.7574210605265133,0.7971748550041067,0.18996085204900992,0.6873993099827496,0.7269542224953376,0.2634161013806483
qwen,R0,stsb@s0__scitail@s0,200,1300,0.9091757216990676,0.9000496651259898,0.6573479336983425,0.5344431917694357,0.5427567343420081,0.7303877596939925,0.6204625927053379,0.5708361478552731,0.718993474836871,0.6438912450736827,0.5575379969635542,0.7139383484587115,0.6697788813640695,0.5502689615840085,200,1104,0.9583333333333334,0.965,0.87,0.875,0.9012681159420289,0.97,0.975,0.9628623188405797,0.97,0.965,0.9646739130434783,0.895,0.89,0.9103260869565217,0.7636739668491712,0.7502643761839047,0.23128480014535202,0.8501938798469962,0.8498637667690059,0.1837064575189563,0.8444967374184356,0.8576976193772319,0.1900745786391631,0.8044691742293557,0.833218742305583,0.22242756267029784,0.7241611040276008,0.6980887219024506,0.5581165239938952,0.7429865746643667,0.7336967006197129,0.5935133006608375,0.7582509562739069,0.7333416641743143,0.6286541885370968,0.75,0.735,0.7336956521739131,0.645,0.63,0.6204710144927537,0.56,0.545,0.5135869565217391,0.7370805520138004,0.7686346828039318,0.31026681543029533,0.6939932873321834,0.7340116565338486,0.3498741283678424,0.6591254781369535,0.6897729741709047,0.38631403846699586
qwen,R0,stsb@s0__ag_news@s0,200,1300,0.9091757216990676,0.9000496651259898,0.7228305707642693,0.6112091269571894,0.6555703357465751,0.8736293407335184,0.7656364698049181,0.7864059745477426,0.9479891997299935,0.8482916564738509,0.8576304075485675,0.9713012825320634,0.873226774266963,0.8827331610605327,200,4800,0.9422916666666666,0.93,0.91,0.89,0.90125,0.84,0.81,0.8308333333333333,0.675,0.66,0.6766666666666666,0.505,0.485,0.4977083333333333,0.8164152853821347,0.8180365126424688,0.16124753183395724,0.8568146703667592,0.860813994110304,0.12665922428696397,0.8114945998649967,0.8260858471090555,0.16929355275202784,0.7381506412660317,0.7458519044162533,0.2504474242072807,0.9572069301732544,0.8589802801154497,0.8762123200734799,0.9389559738993476,0.840575430979775,0.8639211211136454,0.8874986874671869,0.7989213242124369,0.817657062498177,0.495,0.485,0.445,0.455,0.46,0.4039583333333333,0.355,0.365,0.31333333333333335,0.7261034650866272,0.7379376221807729,0.2820017149102617,0.6969779869496738,0.7142724099944875,0.31053882496695784,0.6212493437335934,0.640057247690679,0.3840692360521476
qwen,R0,stsb@s0__imdb@s0,200,1300,0.9091757216990676,0.9000496651259898,0.7899317482937075,0.670232247142126,0.7009421008082491,0.9192979824495613,0.8047032390938439,0.8281906029628107,0.9715427885697143,0.872638299482201,0.878448890176365,0.9718577964449113,0.8860148417516486,0.8857336907850455,200,4800,0.9460416666666667,0.955,0.835,0.82,0.83875,0.955,0.94,0.9222916666666666,0.985,0.95,0.9395833333333333,0.975,0.95,0.9366666666666666,0.8124658741468538,0.8016500736386851,0.171223379140636,0.9371489912247806,0.9391792830944593,0.057089961469535044,0.9782713942848571,0.9821545028012724,0.020311525918993878,0.9734288982224557,0.9895855051046702,0.01784677002479529,0.9546808670216756,0.8849549866546024,0.8711695594847882,0.9345968649216232,0.8723823429750531,0.8521697409194093,0.828286207155179,0.774907950087294,0.7716753948454654,0.945,0.92,0.91375,0.895,0.87,0.88375,0.73,0.725,0.7679166666666667,0.9498404335108378,0.973289922925399,0.03796816463260266,0.9147984324608116,0.9401274958343688,0.06427262845054393,0.7791431035775895,0.8100618131295356,0.1697603844762554
qwen,R0,stsb@s0__trec@s0,200,1300,0.9091757216990676,0.9000496651259898,0.7955733893347334,0.6709085427812469,0.6944986669389496,0.9209210230255758,0.800527620181048,0.8169006257210617,0.972921323033076,0.8634231146192858,0.8767251063502037,0.9845811145278632,0.8842359064966915,0.8912703840681202,200,300,0.9733333333333334,0.98,0.83,0.835,0.85,0.95,0.945,0.9433333333333334,0.955,0.95,0.9333333333333333,0.9,0.89,0.8733333333333333,0.8127866946673667,0.7987268091413338,0.18141753010004247,0.9354605115127879,0.9268558831007021,0.06615752734830549,0.9639606615165379,0.9643469167521532,0.038394118708782066,0.9422905572639316,0.9452966959756587,0.061216880044403066,0.9758733968349209,0.8824051794558305,0.8815671830337241,0.9650371259281483,0.8722810112200238,0.868869436107169,0.9063226580664518,0.8132173583330754,0.8221805199273988,0.695,0.69,0.7233333333333334,0.45,0.445,0.5266666666666666,0.255,0.25,0.26,0.8354366984174604,0.8422388651932621,0.14360793729327304,0.7075185629640741,0.7116146376488912,0.2516184438818656,0.5806613290332259,0.5793135118809202,0.4142812536897883
qwen,R0,stsb@s0__yelp_polarity@s0,200,1300,0.9091757216990676,0.9000496651259898,0.7728238205955149,0.6569630414724499,0.6980047279876659,0.8825560639015976,0.7789544648381268,0.8140094998058056,0.9230315757893948,0.8375302240897492,0.8499158234432409,0.9279846996174906,0.8573462117399049,0.8474008096840946,200,4800,0.97125,0.97,0.93,0.94,0.933125,0.965,0.965,0.964375,0.97,0.95,0.9664583333333333,0.935,0.925,0.9545833333333333,0.8514119102977575,0.849495410235594,0.13575998165137437,0.9237780319507988,0.9301512814107883,0.05587579290230171,0.9465157878946974,0.9549596154346462,0.03505665606926045,0.9314923498087453,0.9530812920495412,0.042553040712635326,0.9074431860796522,0.8459302512788739,0.8243761845632477,0.8838310957773945,0.8280395669742734,0.7975072371714179,0.7904042601065028,0.7440963411080806,0.68496282732622,0.875,0.865,0.9141666666666667,0.815,0.805,0.8666666666666667,0.61,0.6,0.655,0.8912215930398262,0.9158116067071929,0.07602192401483432,0.8494155478886972,0.8749450510506583,0.11525149097254483,0.7002021300532514,0.7226423958228534,0.28611125105533497
qwen,R0,mnli@s0__qnli@s0,200,4800,0.8497916666666666,0.82,0.645,0.58,0.6152083333333334,0.85,0.755,0.7902083333333333,0.87,0.79,0.8054166666666667,0.795,0.74,0.7804166666666666,200,4800,0.920625,0.88,0.65,0.66,0.6783333333333333,0.835,0.825,0.8464583333333333,0.835,0.825,0.8747916666666666,0.805,0.805,0.8539583333333334,0.6475,0.7286585365853658,0.26961488315654925,0.8425,0.9291158536585367,0.0753382186318956,0.8525,0.9504573170731707,0.051001850142198935,0.8,0.9086058758314857,0.07702611486060462,0.795,0.735,0.7577083333333333,0.77,0.71,0.74,0.705,0.645,0.6910416666666667,0.775,0.785,0.798125,0.705,0.715,0.7591666666666667,0.61,0.62,0.671875,0.785,0.8941934589800444,0.12071083540669203,0.7375,0.8391768292682926,0.15228868897877468,0.6575,0.7455654101995566,0.228503684944678
qwen,R0,mnli@s0__rte@s0,200,4800,0.8497916666666666,0.82,0.6,0.585,0.6304166666666666,0.88,0.785,0.81875,0.915,0.825,0.8358333333333333,0.845,0.805,0.8058333333333333,138,139,0.7410071942446043,0.7971014492753623,0.8260869565217391,0.7681159420289855,0.7194244604316546,0.8188405797101449,0.7753623188405797,0.7194244604316546,0.7898550724637681,0.7463768115942029,0.6834532374100719,0.782608695652174,0.7391304347826086,0.6762589928057554,0.7130434782608696,0.8385254988913525,0.14363886065735698,0.8494202898550725,0.9650221729490023,0.03282738725701373,0.852427536231884,0.971230598669623,0.04704774871053963,0.813804347826087,0.9544900221729491,0.06955350278599592,0.8,0.755,0.7645833333333333,0.77,0.735,0.7310416666666667,0.635,0.595,0.645,0.7391304347826086,0.7391304347826086,0.6834532374100719,0.7391304347826086,0.7246376811594203,0.6906474820143885,0.6594202898550725,0.6739130434782609,0.6330935251798561,0.7695652173913043,0.9240022172949003,0.08896978842615622,0.7545652173913043,0.9027161862527716,0.10385064871696603,0.6472101449275363,0.7855321507760532,0.19331075339710613
qwen,R0,mnli@s0__wic@s0,200,4800,0.8497916666666666,0.82,0.48,0.47,0.445625,0.745,0.705,0.711875,0.82,0.755,0.7741666666666667,0.815,0.77,0.7491666666666666,200,438,0.682648401826484,0.685,0.56,0.505,0.5182648401826484,0.73,0.585,0.5981735159817352,0.78,0.585,0.6187214611872146,0.83,0.615,0.6415525114155252,0.52,0.6551985045397899,0.3582047209747946,0.7375,0.8568853480505607,0.14302024973331873,0.8,0.8873731529286095,0.09131894252394801,0.8225,0.9184173046110022,0.08930602211670668,0.71,0.68,0.6664583333333334,0.62,0.595,0.598125,0.48,0.475,0.4579166666666667,0.805,0.61,0.6484018264840182,0.79,0.605,0.632420091324201,0.7,0.585,0.5958904109589042,0.7575000000000001,0.8598896207940181,0.13295318791657407,0.7050000000000001,0.8044107174648388,0.18486480636197633,0.59,0.7166414456115363,0.2941163689375633
qwen,R0,mnli@s0__snli@s0,200,4800,0.8497916666666666,0.82,0.775,0.705,0.7133333333333334,0.935,0.825,0.8308333333333333,0.89,0.82,0.8064583333333334,0.8,0.765,0.7722916666666667,200,4800,0.8779166666666667,0.875,0.87,0.805,0.8364583333333333,0.86,0.795,0.8277083333333334,0.845,0.78,0.8204166666666667,0.835,0.755,0.8075,0.8225,0.8898780487804878,0.10390105687936158,0.8975,0.9573344947735192,0.03974985377196194,0.8674999999999999,0.9457142857142857,0.05824442812125441,0.8175,0.8978919860627178,0.08570382547906186,0.775,0.75,0.7404166666666666,0.75,0.735,0.720625,0.705,0.66,0.6716666666666666,0.845,0.775,0.7945833333333333,0.835,0.78,0.7860416666666666,0.815,0.76,0.7497916666666666,0.81,0.9001742160278746,0.11181485313841377,0.7925,0.8938850174216029,0.1283246007628409,0.76,0.8367247386759582,0.17777614817371157
qwen,R0,mnli@s0__scitail@s0,200,4800,0.8497916666666666,0.82,0.555,0.5,0.5170833333333333,0.71,0.62,0.7079166666666666,0.805,0.73,0.745625,0.745,0.665,0.7170833333333333,200,1104,0.9583333333333334,0.965,0.8,0.815,0.8686594202898551,0.925,0.92,0.9429347826086957,0.88,0.865,0.8460144927536232,0.76,0.755,0.7182971014492754,0.6775,0.7271578415266018,0.24254515381702868,0.8175,0.8547327183116391,0.09151036870577367,0.8425,0.8933084797169215,0.11989066596347842,0.7525,0.7966795147226085,0.20331915834295344,0.695,0.625,0.696875,0.675,0.585,0.6872916666666666,0.63,0.57,0.648125,0.72,0.705,0.6594202898550725,0.715,0.7,0.654891304347826,0.66,0.655,0.6213768115942029,0.7075,0.746382535068874,0.24592766398599308,0.6950000000000001,0.7194016175913054,0.2539292498671095,0.645,0.686939213951725,0.2944599361105872
qwen,R0,mnli@s0__ag_news@s0,200,4800,0.8497916666666666,0.82,0.535,0.505,0.531875,0.855,0.745,0.7833333333333333,0.87,0.795,0.8158333333333333,0.85,0.81,0.795,200,4800,0.9422916666666666,0.93,0.915,0.875,0.9025,0.935,0.895,0.9114583333333334,0.9,0.87,0.8829166666666667,0.815,0.8,0.751875,0.7250000000000001,0.7783569367951744,0.2081699555598725,0.895,0.9354510883818515,0.05546354371817663,0.885,0.9524980330448466,0.05148602520082446,0.8325,0.9240099659061107,0.13327742701802991,0.82,0.79,0.7758333333333334,0.795,0.775,0.7639583333333333,0.7,0.685,0.728125,0.61,0.595,0.615625,0.53,0.525,0.535,0.405,0.415,0.420625,0.715,0.8015997901914503,0.21685184877033659,0.6625000000000001,0.7548190401258852,0.2666201952083105,0.5525,0.6408012063991608,0.3483936017794046
qwen,R0,mnli@s0__imdb@s0,200,4800,0.8497916666666666,0.82,0.555,0.525,0.5266666666666666,0.795,0.715,0.7529166666666667,0.88,0.735,0.7933333333333333,0.805,0.76,0.765,200,4800,0.9460416666666667,0.955,0.815,0.81,0.8347916666666667,0.955,0.94,0.91875,0.975,0.95,0.9335416666666667,0.935,0.91,0.91875,0.685,0.7442057208530202,0.24891774915146192,0.875,0.9281222066147363,0.07142340017855897,0.9275,0.9455529306601966,0.03982540055226169,0.8700000000000001,0.9398544247222578,0.06431381449579354,0.785,0.725,0.7347916666666666,0.75,0.705,0.71,0.665,0.62,0.635,0.88,0.865,0.87875,0.835,0.83,0.843125,0.68,0.675,0.71,0.8325,0.8949527518835398,0.10322849660625244,0.7925,0.8644330226024773,0.13664385704511628,0.6725000000000001,0.7314519218490614,0.25113127167639737
qwen,R0,mnli@s0__trec@s0,200,4800,0.8497916666666666,0.82,0.525,0.5,0.4922916666666667,0.77,0.7,0.72375,0.885,0.785,0.8020833333333334,0.905,0.8,0.818125,200,300,0.9733333333333334,0.98,0.81,0.81,0.85,0.935,0.92,0.9233333333333333,0.955,0.94,0.9366666666666666,0.945,0.93,0.9333333333333333,0.6675,0.7181433549029368,0.2737018373426202,0.8525,0.8962170233947238,0.09984526492190204,0.9199999999999999,0.9582503733200598,0.046906221978929796,0.925,0.9622946739671479,0.039179962856864536,0.845,0.78,0.8008333333333333,0.86,0.775,0.785,0.795,0.705,0.7245833333333334,0.91,0.9,0.9033333333333333,0.895,0.885,0.9033333333333333,0.835,0.825,0.8466666666666667,0.8775,0.9347934295669488,0.0647649840311384,0.8775,0.9240915878546541,0.07408099285683101,0.815,0.8507964161274266,0.13873851031175377
qwen,R0,mnli@s0__yelp_polarity@s0,200,4800,0.8497916666666666,0.82,0.6,0.545,0.5591666666666667,0.81,0.7,0.745625,0.81,0.725,0.7475,0.745,0.71,0.71375,200,4800,0.97125,0.97,0.93,0.94,0.9185416666666667,0.975,0.945,0.9633333333333334,0.97,0.95,0.9639583333333334,0.95,0.93,0.95375,0.765,0.8168531556449585,0.19813207071113403,0.8925000000000001,0.9139426703545386,0.06536503582348141,0.89,0.9317638923811918,0.06394007393026757,0.8474999999999999,0.9123082725672618,0.0890531374718675,0.735,0.7,0.6902083333333333,0.71,0.695,0.6766666666666666,0.655,0.635,0.638125,0.92,0.91,0.9320833333333334,0.915,0.905,0.9125,0.83,0.82,0.834375,0.8275,0.8959014332411366,0.11405858280092152,0.8125,0.8902753331657027,0.13210773200966874,0.7424999999999999,0.8098755343223536,0.1950036489752105
qwen,R0,qnli@s0__rte@s0,200,4800,0.920625,0.88,0.59,0.6,0.625,0.795,0.795,0.8295833333333333,0.865,0.845,0.8827083333333333,0.85,0.84,0.8847916666666666,138,139,0.7410071942446043,0.7971014492753623,0.5652173913043478,0.5362318840579711,0.6115107913669064,0.8043478260869565,0.7318840579710145,0.7122302158273381,0.855072463768116,0.7971014492753623,0.697841726618705,0.8260869565217391,0.7681159420289855,0.6618705035971223,0.5776086956521739,0.6772727272727272,0.24793532780996452,0.7996739130434782,0.9107954545454546,0.06886305165030959,0.860036231884058,0.9801136363636364,0.0497191079122149,0.8380434782608696,0.959090909090909,0.07285947486251998,0.81,0.83,0.8577083333333333,0.76,0.79,0.8283333333333334,0.69,0.72,0.75375,0.7898550724637681,0.717391304347826,0.6474820143884892,0.7391304347826086,0.6956521739130435,0.6330935251798561,0.572463768115942,0.5289855072463768,0.5467625899280576,0.7999275362318841,0.9215909090909091,0.09727742295515607,0.7495652173913043,0.8852272727272728,0.12293999652867038,0.6312318840579709,0.740909090909091,0.22169932572716666
qwen,R0,qnli@s0__wic@s0,200,4800,0.920625,0.88,0.68,0.69,0.7075,0.92,0.87,0.89875,0.94,0.85,0.9016666666666666,0.87,0.81,0.854375,200,438,0.682648401826484,0.685,0.745,0.63,0.6278538812785388,0.815,0.68,0.678082191780822,0.76,0.655,0.6575342465753424,0.695,0.62,0.634703196347032,0.7125,0.8518994691439947,0.15588394898587055,0.8674999999999999,0.9906685467816855,0.015224997559186826,0.85,0.9610567352355672,0.028691095989422433,0.7825,0.9127820172528202,0.07109804803066111,0.785,0.745,0.768125,0.745,0.715,0.6966666666666667,0.605,0.575,0.5516666666666666,0.665,0.61,0.6232876712328768,0.67,0.585,0.6187214611872146,0.575,0.58,0.5662100456621004,0.7250000000000001,0.8685509289980092,0.12630242923344848,0.7075,0.8332572992700729,0.16845659628799625,0.59,0.750062209688122,0.2856689833578172
qwen,R0,qnli@s0__snli@s0,200,4800,0.920625,0.88,0.635,0.645,0.6585416666666667,0.89,0.85,0.8829166666666667,0.925,0.865,0.9164583333333334,0.905,0.835,0.9102083333333333,200,4800,0.8779166666666667,0.875,0.665,0.645,0.6995833333333333,0.8,0.77,0.7939583333333333,0.825,0.785,0.8004166666666667,0.8,0.76,0.78875,0.65,0.7350487012987014,0.24390610378255095,0.845,0.9229545454545454,0.06829654768805327,0.875,0.9400487012987013,0.046401541086603104,0.8525,0.9087175324675325,0.05644049248869587,0.885,0.835,0.8941666666666667,0.875,0.825,0.878125,0.825,0.775,0.82,0.795,0.755,0.766875,0.775,0.74,0.7510416666666667,0.695,0.645,0.6783333333333333,0.8400000000000001,0.9058603896103896,0.07761134261563929,0.825,0.8916071428571428,0.0953412814943626,0.76,0.8089123376623377,0.16831909669091916
qwen,R0,qnli@s0__scitail@s0,200,4800,0.920625,0.88,0.835,0.795,0.8116666666666666,0.74,0.7,0.7508333333333334,0.69,0.64,0.6760416666666667,0.64,0.6,0.6214583333333333,200,1104,0.9583333333333334,0.965,0.89,0.895,0.9338768115942029,0.975,0.95,0.9447463768115942,0.96,0.945,0.9420289855072463,0.965,0.95,0.9429347826086957,0.8625,0.915435115402732,0.07193620861283401,0.8574999999999999,0.8899552520018841,0.09930428023687021,0.825,0.8532736693358455,0.14134209939807096,0.8025,0.8331370701837022,0.17051422560510532,0.62,0.58,0.593125,0.62,0.58,0.5816666666666667,0.64,0.59,0.5620833333333334,0.93,0.925,0.9302536231884058,0.92,0.915,0.9148550724637681,0.88,0.855,0.8532608695652174,0.775,0.8088200659444182,0.1925185795484442,0.77,0.8036387187941592,0.2067757334178627,0.76,0.778232454074423,0.24954772975093376
qwen,R0,qnli@s0__ag_news@s0,200,4800,0.920625,0.88,0.77,0.76,0.79375,0.88,0.81,0.864375,0.81,0.76,0.83,0.79,0.75,0.799375,200,4800,0.9422916666666666,0.93,0.905,0.865,0.885,0.885,0.85,0.863125,0.82,0.775,0.7789583333333333,0.735,0.7,0.690625,0.8375,0.896871945259042,0.09930716940600348,0.8825000000000001,0.9172165200391007,0.07255741530165127,0.815,0.8484848484848484,0.13588742099481288,0.7625,0.802480449657869,0.19939168876462898,0.77,0.73,0.766875,0.755,0.705,0.74375,0.695,0.645,0.6795833333333333,0.68,0.66,0.6391666666666667,0.64,0.63,0.6116666666666667,0.585,0.575,0.5477083333333334,0.7250000000000001,0.7696114369501466,0.24434762717641856,0.6975,0.7392778592375366,0.27149911465559073,0.6399999999999999,0.6756170576735092,0.34028628012105977
qwen,R0,qnli@s0__imdb@s0,200,4800,0.920625,0.88,0.615,0.635,0.6397916666666666,0.86,0.85,0.86625,0.945,0.855,0.909375,0.935,0.855,0.905625,200,4800,0.9460416666666667,0.955,0.79,0.775,0.8108333333333333,0.945,0.93,0.9097916666666667,0.975,0.94,0.9360416666666667,0.98,0.945,0.94,0.7025,0.7665546168491195,0.22398322612326638,0.9025,0.9698655402189433,0.04869034382819404,0.96,0.9779420514040933,0.011395159109287567,0.9575,0.9805598524512137,0.011339768777883008,0.915,0.845,0.886875,0.875,0.805,0.86125,0.78,0.75,0.775625,0.96,0.925,0.9285416666666667,0.94,0.915,0.9166666666666666,0.87,0.845,0.8708333333333333,0.9375,0.9644068300809139,0.027579002983004752,0.9075,0.9364439552594004,0.04777232944225607,0.825,0.8685447405997144,0.11849980258317783
qwen,R0,qnli@s0__trec@s0,200,4800,0.920625,0.88,0.605,0.615,0.6154166666666666,0.795,0.795,0.8027083333333334,0.865,0.825,0.8535416666666666,0.915,0.855,0.8704166666666666,200,300,0.9733333333333334,0.98,0.905,0.9,0.9166666666666666,0.995,0.985,0.9733333333333334,0.995,0.975,0.9733333333333334,0.99,0.97,0.97,0.755,0.8086154916512059,0.19487107353985134,0.895,0.9542555658627088,0.06404163837972399,0.9299999999999999,0.9661989795918368,0.03643358225842952,0.9525,0.980693413729128,0.028980941575451058,0.87,0.84,0.85625,0.845,0.825,0.8429166666666666,0.75,0.74,0.8014583333333334,0.98,0.96,0.97,0.97,0.95,0.96,0.94,0.92,0.94,0.925,0.9670686456400741,0.03667499000269703,0.9075,0.9534438775510203,0.04905343364735715,0.845,0.8898423005565863,0.08184381267689034
qwen,R0,qnli@s0__yelp_polarity@s0,200,4800,0.920625,0.88,0.66,0.67,0.6952083333333333,0.905,0.845,0.8835416666666667,0.91,0.83,0.8764583333333333,0.84,0.79,0.8189583333333333,200,4800,0.97125,0.97,0.94,0.95,0.91625,0.97,0.97,0.9610416666666667,0.99,0.96,0.9689583333333334,0.97,0.94,0.965,0.8,0.8703725398313027,0.15073991652403063,0.9375,0.9801136363636364,0.0253955584912815,0.95,0.9664362699156513,0.025167078629400375,0.905,0.9333997188378632,0.05843361546009196,0.77,0.73,0.7579166666666667,0.72,0.69,0.7045833333333333,0.6,0.57,0.5758333333333333,0.955,0.925,0.955,0.93,0.92,0.9470833333333334,0.875,0.865,0.9108333333333334,0.8625,0.8915768509840675,0.09673391750784832,0.825,0.8662722586691659,0.12977525095651354,0.7375,0.7697399250234302,0.21836209208917956
qwen,R0,rte@s0__wic@s0,138,139,0.7410071942446043,0.7971014492753623,0.6231884057971014,0.5797101449275363,0.5899280575539568,0.7753623188405797,0.7318840579710145,0.6690647482014388,0.7753623188405797,0.7318840579710145,0.6834532374100719,0.6811594202898551,0.6666666666666666,0.6474820143884892,200,438,0.682648401826484,0.685,0.57,0.515,0.5114155251141552,0.74,0.595,0.6095890410958904,0.835,0.66,0.6735159817351598,0.85,0.625,0.6735159817351598,0.5965942028985507,0.7395487723954877,0.2273598077734844,0.7576811594202899,0.8933974784339748,0.10205539500600702,0.8051811594202898,0.9408427339084273,0.045523914667013,0.7655797101449275,0.8743861977438618,0.06979575932720716,0.5579710144927537,0.5434782608695652,0.539568345323741,0.4855072463768116,0.4855072463768116,0.5251798561151079,0.463768115942029,0.43478260869565216,0.49640287769784175,0.8,0.595,0.6621004566210046,0.735,0.56,0.6506849315068494,0.68,0.555,0.5776255707762558,0.6789855072463769,0.7752156602521565,0.1509724973211677,0.6102536231884058,0.7133045786330459,0.16904243919862316,0.5718840579710145,0.6778367617783676,0.2419716206123972
qwen,R0,rte@s0__snli@s0,138,139,0.7410071942446043,0.7971014492753623,0.7608695652173914,0.717391304347826,0.6906474820143885,0.8840579710144928,0.7971014492753623,0.7697841726618705,0.8913043478260869,0.7753623188405797,0.7482014388489209,0.8478260869565217,0.7463768115942029,0.7410071942446043,200,4800,0.8779166666666667,0.875,0.82,0.785,0.8202083333333333,0.885,0.815,0.8514583333333333,0.895,0.81,0.84375,0.865,0.805,0.82625,0.7904347826086957,0.8985714285714286,0.06684721755037526,0.8845289855072465,0.9657142857142857,-0.0043486575031908,0.8931521739130435,0.9492207792207793,0.014604577437206556,0.8564130434782609,0.9281818181818182,0.029425723777883217,0.8188405797101449,0.7318840579710145,0.7266187050359713,0.8188405797101449,0.7318840579710145,0.697841726618705,0.7101449275362319,0.6666666666666666,0.6762589928057554,0.845,0.77,0.7954166666666667,0.805,0.75,0.7722916666666667,0.69,0.665,0.6995833333333333,0.8319202898550724,0.8990909090909092,0.05669497421908476,0.8119202898550725,0.8876623376623376,0.089282834380083,0.7000724637681159,0.7981818181818181,0.14525552826684973
qwen,R0,rte@s0__scitail@s0,138,139,0.7410071942446043,0.7971014492753623,0.5072463768115942,0.4927536231884058,0.539568345323741,0.6884057971014492,0.6159420289855072,0.5683453237410072,0.7318840579710145,0.6594202898550725,0.5899280575539568,0.6304347826086957,0.5869565217391305,0.5683453237410072,200,1104,0.9583333333333334,0.965,0.82,0.835,0.8695652173913043,0.985,0.96,0.9538043478260869,0.97,0.955,0.9456521739130435,0.885,0.87,0.875,0.663623188405797,0.7417333961375412,0.1822361297190156,0.8367028985507245,0.8837729627885068,0.11886780332923452,0.8509420289855072,0.9084550164861046,0.10855800466166232,0.7577173913043478,0.8189590202543571,0.15998311523849718,0.5869565217391305,0.572463768115942,0.5611510791366906,0.5869565217391305,0.5579710144927537,0.5251798561151079,0.4492753623188406,0.463768115942029,0.4748201438848921,0.795,0.77,0.7771739130434783,0.75,0.725,0.7264492753623188,0.68,0.645,0.657608695652174,0.6909782608695653,0.7580546396608573,0.21587718171306913,0.6684782608695652,0.7256476683937825,0.26661405472865085,0.5646376811594203,0.6251059821008007,0.33651146144952004
qwen,R0,rte@s0__ag_news@s0,138,139,0.7410071942446043,0.7971014492753623,0.717391304347826,0.644927536231884,0.6330935251798561,0.7101449275362319,0.7246376811594203,0.6115107913669064,0.6376811594202898,0.6521739130434783,0.5971223021582733,0.6159420289855072,0.6304347826086957,0.5611510791366906,200,4800,0.9422916666666666,0.93,0.915,0.875,0.9116666666666666,0.955,0.91,0.9279166666666666,0.96,0.91,0.935,0.965,0.905,0.936875,0.8161956521739131,0.8749755620723363,0.08906581034582683,0.832572463768116,0.9437927663734116,0.09500632151956878,0.7988405797101449,0.8983382209188662,0.10095649206107293,0.7904710144927536,0.8820136852394918,0.12423342184176234,0.6014492753623188,0.6014492753623188,0.5323741007194245,0.6014492753623188,0.6014492753623188,0.5179856115107914,0.572463768115942,0.572463768115942,0.49640287769784175,0.955,0.92,0.93125,0.95,0.915,0.9258333333333333,0.905,0.87,0.89875,0.7782246376811595,0.8718963831867057,0.14663564220843184,0.7757246376811594,0.869208211143695,0.15921857861330113,0.7387318840579711,0.82683284457478,0.1881526781133751
qwen,R0,rte@s0__imdb@s0,138,139,0.7410071942446043,0.7971014492753623,0.5362318840579711,0.5217391304347826,0.5827338129496403,0.7318840579710145,0.7028985507246377,0.6690647482014388,0.8405797101449275,0.7681159420289855,0.6906474820143885,0.8115942028985508,0.7246376811594203,0.6546762589928058,200,4800,0.9460416666666667,0.955,0.8,0.795,0.8104166666666667,0.935,0.92,0.916875,0.99,0.955,0.9372916666666666,0.965,0.94,0.9327083333333334,0.6681159420289855,0.7435030937648739,0.17847636314656312,0.8334420289855073,0.922584483579248,0.06395879612505695,0.9152898550724637,0.9818181818181818,0.03860511456567228,0.8882971014492753,0.9466920514040933,0.0652993331523144,0.7318840579710145,0.6594202898550725,0.60431654676259,0.6231884057971014,0.6086956521739131,0.5755395683453237,0.6159420289855072,0.572463768115942,0.4892086330935252,0.91,0.895,0.9010416666666666,0.855,0.84,0.8666666666666667,0.75,0.725,0.7510416666666667,0.8209420289855073,0.8822227510709186,0.11601631735022644,0.7390942028985508,0.8216087577344122,0.1536015975267413,0.6829710144927537,0.7386720609233698,0.27296391240114337
qwen,R0,rte@s0__trec@s0,138,139,0.7410071942446043,0.7971014492753623,0.5579710144927537,0.5434782608695652,0.5611510791366906,0.7608695652173914,0.717391304347826,0.6618705035971223,0.855072463768116,0.782608695652174,0.6906474820143885,0.8695652173913043,0.7681159420289855,0.697841726618705,200,300,0.9733333333333334,0.98,0.925,0.925,0.94,0.995,0.985,0.9633333333333334,0.995,0.975,0.97,0.995,0.975,0.9733333333333334,0.7414855072463769,0.8128478664192951,0.13848251097220388,0.8779347826086956,0.9525510204081633,0.0585350445537971,0.9250362318840579,0.9883580705009277,0.03569291129139507,0.9322826086956522,0.9792671614100186,0.029126213592232997,0.7898550724637681,0.6884057971014492,0.6187050359712231,0.7391304347826086,0.6811594202898551,0.60431654676259,0.6304347826086957,0.572463768115942,0.5683453237410072,1.0,0.98,0.9733333333333334,0.985,0.975,0.9766666666666667,0.955,0.945,0.9333333333333333,0.894927536231884,0.9318181818181818,0.08252427184466016,0.8620652173913044,0.9247217068645641,0.09052068094161458,0.7927173913043478,0.8412337662337662,0.13705279957441152
qwen,R0,rte@s0__yelp_polarity@s0,138,139,0.7410071942446043,0.7971014492753623,0.6304347826086957,0.5869565217391305,0.6402877697841727,0.8405797101449275,0.7536231884057971,0.6474820143884892,0.855072463768116,0.7681159420289855,0.5755395683453237,0.7028985507246377,0.644927536231884,0.539568345323741,200,4800,0.97125,0.97,0.925,0.935,0.9095833333333333,0.96,0.95,0.95875,0.99,0.97,0.96875,0.975,0.955,0.9679166666666666,0.7777173913043478,0.8501405810684162,0.0997071967945754,0.9002898550724637,0.9624179943767572,0.06954180255151121,0.922536231884058,0.9818181818181818,0.11293748672389448,0.8389492753623189,0.896813495782568,0.13763833181308915,0.6376811594202898,0.6086956521739131,0.5251798561151079,0.6086956521739131,0.5797101449275363,0.5323741007194245,0.5144927536231884,0.5289855072463768,0.5035971223021583,0.95,0.93,0.9577083333333334,0.935,0.915,0.9514583333333333,0.895,0.885,0.9097916666666667,0.7938405797101449,0.861199625117151,0.15260232493242198,0.7718478260869566,0.8352858481724461,0.1509654592178864,0.7047463768115942,0.7880037488284912,0.19183295639606313
qwen,R0,wic@s0__snli@s0,200,438,0.682648401826484,0.685,0.62,0.565,0.547945205479452,0.81,0.655,0.6575342465753424,0.88,0.695,0.678082191780822,0.885,0.67,0.6872146118721462,200,4800,0.8779166666666667,0.875,0.78,0.705,0.761875,0.865,0.785,0.825,0.83,0.76,0.8072916666666666,0.77,0.7,0.751875,0.7,0.8152659019812304,0.16475143374608925,0.8375,0.9266736183524504,0.048532285279360377,0.855,0.9415849843587069,0.0435675475759254,0.8275,0.8890510948905109,0.06844004615924315,0.86,0.645,0.680365296803653,0.855,0.63,0.6484018264840182,0.745,0.59,0.632420091324201,0.715,0.645,0.6789583333333333,0.665,0.605,0.6333333333333333,0.565,0.535,0.5575,0.7875,0.8393743482794578,0.1149850077699276,0.76,0.8055683003128258,0.1643811915370489,0.655,0.736371220020855,0.21927624592654205
qwen,R0,wic@s0__scitail@s0,200,438,0.682648401826484,0.685,0.79,0.695,0.6506849315068494,0.65,0.625,0.6050228310502284,0.62,0.605,0.591324200913242,0.655,0.62,0.6255707762557078,200,1104,0.9583333333333334,0.965,0.77,0.785,0.8396739130434783,0.92,0.915,0.9411231884057971,0.925,0.91,0.9402173913043478,0.86,0.845,0.9157608695652174,0.78,0.9140350213683294,0.08532063399738266,0.785,0.9302976438107484,0.06583539334011923,0.7725,0.9131084300896335,0.07634142794823329,0.7575000000000001,0.8903785787224385,0.06401774029373275,0.67,0.625,0.6506849315068494,0.685,0.6,0.6529680365296804,0.705,0.6,0.6073059360730594,0.78,0.775,0.8396739130434783,0.72,0.715,0.7952898550724637,0.615,0.62,0.6639492753623188,0.7250000000000001,0.8577587837071214,0.08532063399738266,0.7025,0.8084225256230853,0.1068052930056711,0.6599999999999999,0.7591997276956242,0.2087756289079541
qwen,R0,wic@s0__ag_news@s0,200,438,0.682648401826484,0.685,0.675,0.59,0.5776255707762558,0.765,0.71,0.678082191780822,0.825,0.68,0.6894977168949772,0.83,0.665,0.7123287671232876,200,4800,0.9422916666666666,0.93,0.93,0.895,0.9079166666666667,0.96,0.905,0.9283333333333333,0.975,0.92,0.931875,0.965,0.91,0.9270833333333334,0.8025,0.9118397300054939,0.09516318304733062,0.8625,1.004807314967428,0.010751070152775322,0.8999999999999999,0.9909740208774822,0.0005105824781107549,0.8975,0.9746487716819716,-0.013669265301021749,0.825,0.67,0.6940639269406392,0.785,0.64,0.680365296803653,0.77,0.595,0.632420091324201,0.94,0.885,0.8995833333333333,0.915,0.86,0.8777083333333333,0.805,0.765,0.828125,0.8825,0.9648575465034142,0.014300746019785926,0.8500000000000001,0.9295188760693822,0.03594153109672815,0.7875000000000001,0.8455968919237108,0.09736855921093013
qwen,R0,wic@s0__imdb@s0,200,438,0.682648401826484,0.685,0.605,0.54,0.5547945205479452,0.835,0.7,0.6940639269406392,0.885,0.7,0.7054794520547946,0.84,0.715,0.6963470319634704,200,4800,0.9460416666666667,0.955,0.85,0.835,0.8475,0.965,0.94,0.926875,0.95,0.945,0.93875,0.95,0.925,0.9258333333333333,0.7275,0.8313333588107158,0.145726524368463,0.8999999999999999,1.0030955019681278,0.0017687233154042303,0.9175,1.005713303015248,-0.012868631325588797,0.895,1.0061910039362556,0.0006470220414669381,0.775,0.67,0.6757990867579908,0.78,0.635,0.6575342465753424,0.66,0.545,0.5662100456621004,0.905,0.88,0.8866666666666667,0.85,0.835,0.8489583333333334,0.79,0.795,0.7704166666666666,0.8400000000000001,0.9497840791837047,0.036397475546102065,0.815,0.9006764245041464,0.06970493290782831,0.7250000000000001,0.8140405854702488,0.17810524548170914
qwen,R0,wic@s0__trec@s0,200,438,0.682648401826484,0.685,0.57,0.515,0.5114155251141552,0.765,0.63,0.6484018264840182,0.835,0.65,0.6552511415525114,0.875,0.67,0.678082191780822,200,300,0.9733333333333334,0.98,0.94,0.93,0.9233333333333333,0.995,0.985,0.96,0.995,0.985,0.9733333333333334,0.985,0.975,0.9766666666666667,0.7549999999999999,0.8504022046774915,0.15110299170751829,0.88,0.9624050350067034,0.03193292710862705,0.915,0.9770035751526888,0.02006688963210701,0.9299999999999999,0.9865000744823478,0.0016321528382279293,0.84,0.595,0.6552511415525114,0.765,0.56,0.6506849315068494,0.695,0.56,0.591324200913242,0.97,0.96,0.9633333333333334,0.935,0.925,0.94,0.82,0.82,0.8466666666666667,0.905,0.9241024877104126,0.02520387593347695,0.8500000000000001,0.8806978995977954,0.040534658908691124,0.7575,0.8271264710263667,0.13195812525770845
qwen,R0,wic@s0__yelp_polarity@s0,200,438,0.682648401826484,0.685,0.64,0.565,0.5753424657534246,0.8,0.685,0.678082191780822,0.83,0.715,0.6506849315068494,0.77,0.665,0.6301369863013698,200,4800,0.97125,0.97,0.94,0.94,0.9277083333333334,0.975,0.975,0.9645833333333333,0.98,0.96,0.9679166666666666,0.97,0.95,0.9641666666666666,0.79,0.8969448415983143,0.10101059014102487,0.8875,1.0025773195876289,0.006776485037354507,0.905,1.0167431710437205,0.025127372953459903,0.87,0.9750921815034991,0.0421080421080422,0.73,0.645,0.6187214611872146,0.7,0.635,0.6004566210045662,0.61,0.605,0.5525114155251142,0.95,0.94,0.9510416666666667,0.93,0.93,0.93375,0.85,0.85,0.861875,0.84,0.955339002182256,0.05722600287817681,0.815,0.9428850929340056,0.07950568820134041,0.73,0.8797501693129656,0.1516240320588147
qwen,R0,snli@s0__scitail@s0,200,4800,0.8779166666666667,0.875,0.71,0.68,0.6983333333333334,0.755,0.735,0.706875,0.71,0.7,0.6885416666666667,0.685,0.66,0.6541666666666667,200,1104,0.9583333333333334,0.965,0.825,0.83,0.8677536231884058,0.965,0.95,0.9519927536231884,0.96,0.955,0.947463768115942,0.935,0.92,0.9112318840579711,0.7675,0.8186232420429311,0.14953709975659502,0.86,0.9122279792746113,0.10072151250265793,0.835,0.8948186528497408,0.11352584731962856,0.81,0.8538267949666913,0.15200703748330124,0.645,0.61,0.6225,0.61,0.575,0.5958333333333333,0.53,0.495,0.5141666666666667,0.85,0.835,0.7880434782608695,0.745,0.72,0.6757246376811594,0.59,0.565,0.5289855072463768,0.7475,0.7812139156180606,0.2343143702286823,0.6775,0.7016284233900814,0.3081029747811552,0.56,0.5756032568467802,0.43117414900193163
qwen,R0,snli@s0__ag_news@s0,200,4800,0.8779166666666667,0.875,0.685,0.64,0.6664583333333334,0.63,0.595,0.6108333333333333,0.64,0.61,0.6116666666666667,0.655,0.625,0.631875,200,4800,0.9422916666666666,0.93,0.91,0.87,0.9120833333333334,0.94,0.91,0.9260416666666667,0.935,0.9,0.9279166666666666,0.915,0.885,0.9152083333333333,0.7975000000000001,0.8334562211981567,0.13646107785750639,0.7849999999999999,0.829247311827957,0.16073460321610966,0.7875000000000001,0.832442396313364,0.15926507988857463,0.785,0.8329493087557603,0.1544991369849258,0.645,0.62,0.6377083333333333,0.645,0.62,0.63375,0.635,0.6,0.6175,0.885,0.86,0.8779166666666667,0.845,0.825,0.83875,0.685,0.66,0.6779166666666666,0.765,0.8166513056835637,0.17096462934108547,0.745,0.7978341013824883,0.19400168584110677,0.66,0.6976958525345622,0.2885981380196624
qwen,R0,snli@s0__imdb@s0,200,4800,0.8779166666666667,0.875,0.7,0.68,0.7266666666666667,0.815,0.77,0.800625,0.81,0.775,0.8010416666666667,0.815,0.78,0.7860416666666666,200,4800,0.9460416666666667,0.955,0.8,0.795,0.8064583333333334,0.935,0.92,0.9120833333333334,0.98,0.965,0.9372916666666666,0.985,0.96,0.9383333333333334,0.75,0.8048017950635753,0.15991373016842692,0.875,0.9216753926701571,0.061967522191681335,0.895,0.9480927449513836,0.04840716137220269,0.8999999999999999,0.9483320867614061,0.0563995739080112,0.79,0.75,0.7529166666666667,0.75,0.745,0.7222916666666667,0.665,0.66,0.6452083333333334,0.94,0.915,0.9197916666666667,0.91,0.885,0.8985416666666667,0.795,0.78,0.7897916666666667,0.865,0.9076290201944652,0.08506486332875796,0.8300000000000001,0.8890650710545999,0.11373773018013278,0.73,0.7855198204936426,0.21511533842320674
qwen,R0,snli@s0__trec@s0,200,4800,0.8779166666666667,0.875,0.675,0.665,0.6985416666666666,0.89,0.81,0.844375,0.935,0.84,0.8660416666666667,0.935,0.83,0.8604166666666667,200,300,0.9733333333333334,0.98,0.91,0.905,0.9233333333333333,0.995,0.975,0.9666666666666667,0.995,0.975,0.97,0.97,0.955,0.9633333333333334,0.7925,0.8417346938775511,0.12784439994538754,0.9425,0.9603061224489797,0.022527647567469167,0.9650000000000001,0.9774489795918367,0.008475499151556098,0.9525,0.9615306122448979,0.015103763710007767,0.91,0.81,0.8504166666666667,0.89,0.79,0.8358333333333333,0.835,0.735,0.8008333333333333,0.94,0.925,0.9433333333333334,0.885,0.875,0.8933333333333333,0.635,0.63,0.6433333333333333,0.925,0.9347959183673471,0.03107303768911196,0.8875,0.8978571428571429,0.06506361703649288,0.735,0.7414285714285714,0.21342182938801524
qwen,R0,snli@s0__yelp_polarity@s0,200,4800,0.8779166666666667,0.875,0.71,0.685,0.715625,0.79,0.75,0.7633333333333333,0.765,0.75,0.748125,0.73,0.71,0.71,200,4800,0.97125,0.97,0.92,0.93,0.9152083333333333,0.965,0.955,0.9591666666666666,0.99,0.96,0.9677083333333333,0.97,0.95,0.965625,0.815,0.8708100147275406,0.1212802741041944,0.8775,0.9208394698085419,0.07147916782468289,0.8775,0.9234167893961709,0.07574351760398268,0.85,0.8954050073637703,0.09852935517387351,0.695,0.68,0.6639583333333333,0.65,0.625,0.6270833333333333,0.565,0.54,0.539375,0.94,0.92,0.9545833333333333,0.93,0.91,0.94625,0.865,0.855,0.891875,0.8174999999999999,0.86279823269514,0.13043572761180733,0.79,0.8262150220913108,0.15572715572715568,0.715,0.7492930780559647,0.2336719728746306
qwen,R0,scitail@s0__ag_news@s0,200,1104,0.9583333333333334,0.965,0.94,0.935,0.927536231884058,0.925,0.91,0.8967391304347826,0.9,0.885,0.8840579710144928,0.9,0.885,0.8876811594202898,200,4800,0.9422916666666666,0.93,0.92,0.885,0.9075,0.935,0.9,0.9160416666666666,0.925,0.885,0.8947916666666667,0.86,0.83,0.8210416666666667,0.9299999999999999,0.960262410162126,0.03452925124975603,0.93,0.9553735584155105,0.04606491417317993,0.9125000000000001,0.9343556744108307,0.0639568732297473,0.88,0.9047857819377123,0.10119983265535915,0.885,0.87,0.8704710144927537,0.86,0.845,0.8523550724637681,0.765,0.75,0.7536231884057971,0.705,0.675,0.7127083333333334,0.605,0.595,0.6191666666666666,0.395,0.42,0.38395833333333335,0.7949999999999999,0.8136804278789904,0.16766300952033864,0.7324999999999999,0.7577163073151707,0.22675000323906347,0.5800000000000001,0.6144074878823332,0.4030688349026421
qwen,R0,scitail@s0__imdb@s0,200,1104,0.9583333333333334,0.965,0.855,0.86,0.9021739130434783,0.955,0.93,0.9501811594202898,0.945,0.92,0.9356884057971014,0.94,0.915,0.9211956521739131,200,4800,0.9460416666666667,0.955,0.875,0.87,0.874375,0.95,0.935,0.9252083333333333,0.945,0.92,0.9316666666666666,0.94,0.915,0.9291666666666667,0.865,0.9010932371212328,0.06717768668493607,0.9524999999999999,0.9713940807856116,0.015264098703307694,0.945,0.9583593304939914,0.01941219029809904,0.94,0.9531508558717414,0.028294921840038345,0.91,0.885,0.8985507246376812,0.9,0.875,0.8731884057971014,0.77,0.755,0.6865942028985508,0.915,0.89,0.9091666666666667,0.885,0.86,0.8804166666666666,0.75,0.745,0.738125,0.9125000000000001,0.9245178091853621,0.05068002559332352,0.8925000000000001,0.9036296557523804,0.07910743076419058,0.76,0.781244065865502,0.25166462755428487
qwen,R0,scitail@s0__trec@s0,200,1104,0.9583333333333334,0.965,0.78,0.795,0.8034420289855072,0.965,0.93,0.9510869565217391,0.96,0.945,0.9375,0.96,0.945,0.9329710144927537,200,300,0.9733333333333334,0.98,0.9,0.895,0.91,0.995,0.985,0.9633333333333334,0.99,0.975,0.97,0.975,0.96,0.9666666666666667,0.8400000000000001,0.8685497515068203,0.11334710101768652,0.98,0.9844163053822566,0.008917704637853907,0.975,0.9870862852913186,0.012581893984514592,0.9675,0.9794332240668288,0.016657171711940366,0.95,0.935,0.9193840579710145,0.91,0.895,0.9130434782608695,0.865,0.85,0.8605072463768116,0.94,0.925,0.9366666666666666,0.89,0.875,0.8833333333333333,0.62,0.615,0.6666666666666666,0.945,0.956394734059427,0.039156977496957346,0.9,0.910159141376758,0.06986236631535347,0.7424999999999999,0.7541900179761023,0.20857394411787555
qwen,R0,scitail@s0__yelp_polarity@s0,200,1104,0.9583333333333334,0.965,0.865,0.87,0.9112318840579711,0.955,0.94,0.9438405797101449,0.945,0.92,0.9284420289855072,0.93,0.915,0.9293478260869565,200,4800,0.97125,0.97,0.945,0.945,0.9402083333333333,0.985,0.955,0.9666666666666667,0.965,0.945,0.9679166666666666,0.96,0.94,0.965625,0.905,0.9378906041343945,0.04055493516741149,0.97,0.9793146733614657,0.009920939032470155,0.955,0.9637973398856898,0.017311464853998038,0.9450000000000001,0.9586293467229314,0.018018626241688596,0.905,0.89,0.9021739130434783,0.855,0.83,0.8659420289855072,0.72,0.705,0.6938405797101449,0.945,0.935,0.960625,0.93,0.92,0.953125,0.875,0.865,0.9152083333333333,0.925,0.9430986592596551,0.03477032257750601,0.8925000000000001,0.904278617595214,0.05753491812092948,0.7975,0.811161262753058,0.1668464981319424
qwen,R0,ag_news@s0__imdb@s0,200,4800,0.9422916666666666,0.93,0.915,0.865,0.9116666666666666,0.95,0.9,0.9239583333333333,0.945,0.9,0.92875,0.935,0.89,0.9191666666666667,200,4800,0.9460416666666667,0.955,0.855,0.85,0.8585416666666666,0.965,0.94,0.9275,0.965,0.94,0.93375,0.93,0.905,0.91875,0.885,0.9100799414513314,0.062495596779249984,0.9575,0.9760175646005742,0.019527660211141384,0.955,0.9760175646005742,0.013681862791089072,0.9325000000000001,0.9523166131847098,0.026694752500165175,0.92,0.875,0.8964583333333334,0.89,0.845,0.8735416666666667,0.75,0.725,0.7435416666666667,0.875,0.85,0.8816666666666667,0.84,0.815,0.8347916666666667,0.685,0.68,0.6922916666666666,0.8975,0.9154562855373529,0.05834348437502357,0.865,0.8810026459494454,0.09527783391774347,0.7175,0.7458058886449361,0.2395724064281205
qwen,R0,ag_news@s0__trec@s0,200,4800,0.9422916666666666,0.93,0.905,0.875,0.9025,0.945,0.9,0.9241666666666667,0.955,0.91,0.9320833333333334,0.965,0.915,0.9329166666666666,200,300,0.9733333333333334,0.98,0.88,0.885,0.9066666666666666,0.985,0.975,0.9566666666666667,1.0,0.98,0.9633333333333334,0.995,0.975,0.9633333333333334,0.8925000000000001,0.9219607197717796,0.05536088000751116,0.965,0.9813199473337721,0.01817915433749573,0.9775,0.989247311827957,0.010553745089784572,0.98,0.9893844634628045,0.01011156069889374,0.95,0.895,0.926875,0.93,0.89,0.9183333333333333,0.88,0.845,0.8772916666666667,0.98,0.96,0.96,0.97,0.95,0.9566666666666667,0.93,0.915,0.92,0.965,0.9709787140662716,0.015029726299976676,0.95,0.9631885012069343,0.021274445073732773,0.905,0.9211378099626948,0.061887642763470696
qwen,R0,ag_news@s0__yelp_polarity@s0,200,4800,0.9422916666666666,0.93,0.915,0.865,0.9079166666666667,0.945,0.895,0.9170833333333334,0.93,0.885,0.910625,0.9,0.85,0.8695833333333334,200,4800,0.97125,0.97,0.93,0.94,0.9208333333333333,0.97,0.97,0.9595833333333333,0.995,0.965,0.9708333333333333,0.97,0.94,0.966875,0.9225000000000001,0.949589845915087,0.044194632078779716,0.9575,0.9811827956989247,0.019382083830458807,0.9625,0.9732291320252744,0.01701750706835825,0.935,0.9415253297860547,0.04083284035749202,0.785,0.765,0.7935416666666667,0.725,0.705,0.729375,0.525,0.52,0.548125,0.945,0.915,0.9597916666666667,0.935,0.915,0.95125,0.865,0.855,0.9004166666666666,0.865,0.8829398071167276,0.08482866967279956,0.8300000000000001,0.8506817426005986,0.12327412216866107,0.6950000000000001,0.7202915419576543,0.24561825335648013
qwen,R0,imdb@s0__trec@s0,200,4800,0.9460416666666667,0.955,0.795,0.79,0.805,0.935,0.92,0.9120833333333334,0.965,0.94,0.9345833333333333,0.97,0.955,0.939375,200,300,0.9733333333333334,0.98,0.935,0.925,0.9233333333333333,1.0,0.98,0.9566666666666667,1.0,0.98,0.9666666666666667,1.0,0.98,0.9733333333333334,0.865,0.8855513409552304,0.10022798369799668,0.9675,0.9816753926701571,0.026509232472480604,0.9824999999999999,0.9921465968586387,0.009480592350366468,0.985,1.0,0.0035234529839243134,0.945,0.93,0.9285416666666667,0.93,0.915,0.91625,0.815,0.8,0.8554166666666667,0.97,0.95,0.97,0.96,0.94,0.9666666666666667,0.885,0.875,0.8733333333333333,0.9575,0.9716048723154184,0.010961392849924478,0.9450000000000001,0.9586494283577305,0.019170088056158052,0.85,0.8652767389678385,0.09926680201391891
qwen,R0,imdb@s0__yelp_polarity@s0,200,4800,0.9460416666666667,0.955,0.96,0.925,0.928125,0.96,0.925,0.941875,0.95,0.915,0.9347916666666667,0.89,0.855,0.9204166666666667,200,4800,0.97125,0.97,0.97,0.96,0.958125,0.99,0.96,0.9691666666666666,0.98,0.95,0.9666666666666667,0.94,0.94,0.9585416666666666,0.965,0.9791385545420198,0.016226036651053155,0.975,0.9791385545420198,0.0032746591874537323,0.965,0.9687483132725212,0.008305329269874484,0.915,0.9321800615318184,0.020085528949215448,0.855,0.83,0.88875,0.845,0.82,0.8670833333333333,0.775,0.76,0.813125,0.915,0.915,0.9385416666666667,0.91,0.92,0.92375,0.885,0.885,0.8783333333333333,0.885,0.9062044583580721,0.047117940918865786,0.8775,0.90354617585146,0.06618392073137724,0.8300000000000001,0.8540913261726131,0.11808239170053747
qwen,R0,trec@s0__yelp_polarity@s0,200,300,0.9733333333333334,0.98,0.9,0.895,0.9166666666666666,1.0,0.98,0.96,1.0,0.98,0.9733333333333334,0.99,0.97,0.97,200,4800,0.97125,0.97,0.92,0.93,0.910625,0.96,0.96,0.956875,0.98,0.97,0.9670833333333333,0.985,0.955,0.9708333333333333,0.91,0.9360140963601936,0.06031937025087708,0.98,0.9948453608247423,0.014249572468750582,0.99,1.0,0.0021450021450021284,0.9875,0.9871660004207868,0.0019268289816235518,0.97,0.95,0.9633333333333334,0.955,0.935,0.9433333333333334,0.865,0.855,0.8566666666666667,0.98,0.95,0.9666666666666667,0.965,0.935,0.961875,0.925,0.895,0.94625,0.975,0.9743845992005049,0.007496488660872158,0.96,0.9589995792131287,0.020237213730364356,0.895,0.8975646959814854,0.07280151971932791
qwen,S1,cola@s1__sst2@s1,200,843,0.8256227758007118,0.82,0.79,0.71,0.741399762752076,0.875,0.785,0.8054567022538552,0.9,0.79,0.8422301304863582,0.845,0.775,0.797153024911032,200,672,0.9419642857142857,0.94,0.76,0.75,0.7619047619047619,0.85,0.84,0.8526785714285714,0.905,0.895,0.8883928571428571,0.9,0.9,0.8943452380952381,0.775,0.8318629994810587,0.14658236639973854,0.8625,0.9254670472236638,0.05960600860707088,0.9025000000000001,0.9577711468604049,0.01837854769297831,0.8725,0.9512843798650753,0.04251784060576347,0.675,0.655,0.7425860023724793,0.575,0.585,0.6548042704626335,0.38,0.43,0.45195729537366547,0.84,0.84,0.8244047619047619,0.79,0.78,0.7321428571428571,0.625,0.625,0.5550595238095238,0.7575000000000001,0.846198754540737,0.11268862014490377,0.6825,0.7716009340944474,0.21482268344500732,0.5025,0.5946419304618578,0.4316643514735523
qwen,S1,cola@s1__mrpc@s1,200,843,0.8256227758007118,0.82,0.795,0.705,0.734282325029656,0.885,0.775,0.8113879003558719,0.925,0.805,0.8291814946619217,0.905,0.735,0.8161328588374852,200,208,0.8557692307692307,0.89,0.815,0.785,0.7548076923076923,0.825,0.775,0.7884615384615384,0.845,0.795,0.8125,0.845,0.795,0.7788461538461539,0.8049999999999999,0.8708892847355441,0.11430485599896678,0.855,0.9079542340367224,0.047946532351801574,0.885,0.9374828720197315,0.02312572646261124,0.875,0.8947999451904631,0.05069094666150065,0.745,0.665,0.7758007117437722,0.665,0.625,0.7402135231316725,0.52,0.54,0.575326215895611,0.7,0.69,0.7451923076923077,0.59,0.6,0.6298076923076923,0.355,0.365,0.3894230769230769,0.7224999999999999,0.793128254316251,0.09477915536613724,0.6275,0.718176212661003,0.18374660984114688,0.4375,0.5343244724582077,0.4240523698824745
qwen,S1,cola@s1__stsb@s1,200,843,0.8256227758007118,0.82,0.8,0.72,0.7508896797153025,0.895,0.785,0.8161328588374852,0.93,0.84,0.8208778173190985,0.9,0.77,0.8042704626334519,200,1300,0.9082481265413367,0.9033388188336785,0.7884242106052652,0.7133718023776331,0.7267676132468963,0.926823670591765,0.8536059440709378,0.8463432541071023,0.9356753918847973,0.8684349081624709,0.8579014213024361,0.9174949373734345,0.8629442282510736,0.8428451724127218,0.7942121053026326,0.8338772336646489,0.14516552277462225,0.9109118352958825,0.9511312822894906,0.03982639983422409,0.9328376959423987,0.9928757315168126,0.030589945871787427,0.9087474686867172,0.9471537014203526,0.0489360380810997,0.675,0.625,0.7153024911032029,0.515,0.545,0.5883748517200474,0.305,0.365,0.3190984578884935,0.8776899422485562,0.8306651853379189,0.8087936427199435,0.8443606090152256,0.8032951030017345,0.7612684688837841,0.6275271881797045,0.5829750975836819,0.5707381649923728,0.7763449711242781,0.8408725468499076,0.12156106817899115,0.6796803045076127,0.7769426589719083,0.22459198466573382,0.4662635940898523,0.5452389594566003,0.4925556028428383
qwen,S1,cola@s1__mnli@s1,200,843,0.8256227758007118,0.82,0.76,0.68,0.7188612099644128,0.845,0.755,0.7746144721233689,0.88,0.78,0.797153024911032,0.9,0.8,0.8149466192170819,200,4800,0.8447916666666667,0.805,0.385,0.385,0.346875,0.6,0.58,0.5704166666666667,0.77,0.705,0.7408333333333333,0.88,0.795,0.8033333333333333,0.5725,0.6537645811240721,0.3593530762362346,0.7224999999999999,0.8206143008635055,0.193282913105716,0.825,0.9134979548553249,0.07877035588247805,0.89,0.981593697924557,0.03100312513287129,0.835,0.745,0.7841043890865955,0.73,0.7,0.7247924080664294,0.445,0.515,0.5290628706998813,0.86,0.81,0.7933333333333333,0.83,0.79,0.7654166666666666,0.68,0.63,0.6610416666666666,0.8474999999999999,0.9573738827450387,0.05559990504131407,0.78,0.9175124981063475,0.10804225661521893,0.5625,0.7053287380699893,0.28835232507051045
qwen,S1,cola@s1__qnli@s1,200,843,0.8256227758007118,0.82,0.785,0.695,0.727164887307236,0.87,0.77,0.8030842230130486,0.915,0.795,0.8279952550415184,0.955,0.795,0.8315539739027283,200,4800,0.9247916666666667,0.87,0.675,0.675,0.6747916666666667,0.81,0.8,0.8104166666666667,0.91,0.87,0.8766666666666667,0.93,0.88,0.8877083333333333,0.73,0.8117115222876368,0.1947920146144544,0.8400000000000001,0.92928231006448,0.075487677145883,0.9125000000000001,0.9847560975609757,0.024582592123627345,0.9425,0.9905032239977574,0.01645760668888352,0.79,0.68,0.7852906287069988,0.655,0.645,0.6915776986951364,0.335,0.405,0.4033214709371293,0.875,0.815,0.8389583333333334,0.76,0.73,0.755,0.57,0.55,0.5345833333333333,0.8325,0.8830249509391646,0.07083213574559866,0.7075,0.8128329128118867,0.17297811586434764,0.4525,0.5630431735351836,0.4667180658375476
qwen,S1,cola@s1__rte@s1,200,843,0.8256227758007118,0.82,0.76,0.69,0.7176749703440095,0.84,0.76,0.7876631079478055,0.88,0.8,0.8137603795966786,0.94,0.79,0.8256227758007118,138,139,0.7410071942446043,0.8115942028985508,0.4420289855072464,0.45652173913043476,0.5107913669064749,0.5072463768115942,0.5072463768115942,0.539568345323741,0.5507246376811594,0.5507246376811594,0.5539568345323741,0.5797101449275363,0.5797101449275363,0.5755395683453237,0.6010144927536232,0.7019817073170731,0.22071336904363337,0.673623188405797,0.7759146341463414,0.15891083584421373,0.7153623188405798,0.8270905923344948,0.13339750027898667,0.759855072463768,0.8388501742160279,0.11165048543689315,0.865,0.735,0.7852906287069988,0.83,0.73,0.767497034400949,0.595,0.635,0.6239620403321471,0.5144927536231884,0.5434782608695652,0.5827338129496403,0.4927536231884058,0.4782608695652174,0.5179856115107914,0.5797101449275363,0.5362318840579711,0.5251798561151079,0.6897463768115941,0.7829921602787456,0.1312214038611761,0.6613768115942029,0.7397648083623694,0.18568658631849133,0.5873550724637682,0.7175522648083623,0.26775750474277427
qwen,S1,cola@s1__wic@s1,200,843,0.8256227758007118,0.82,0.825,0.745,0.7591933570581257,0.905,0.805,0.8113879003558719,0.865,0.775,0.8042704626334519,0.75,0.67,0.6892052194543298,200,438,0.6986301369863014,0.68,0.58,0.53,0.5342465753424658,0.755,0.605,0.6210045662100456,0.86,0.63,0.6643835616438356,0.85,0.66,0.6598173515981736,0.7024999999999999,0.843974175035868,0.1578769438810006,0.8300000000000001,0.935706599713056,0.06417624521072796,0.8625,0.9357962697274032,0.037440838404327215,0.8,0.8938307030129125,0.11039272030651337,0.58,0.59,0.5812574139976275,0.475,0.505,0.4970344009489917,0.405,0.455,0.37841043890865955,0.75,0.57,0.6575342465753424,0.68,0.56,0.6255707762557078,0.535,0.535,0.5251141552511416,0.665,0.7788737446197991,0.17740027045300888,0.5775,0.7196915351506457,0.25128183457290953,0.47000000000000003,0.6708213773314204,0.3950163398692811
qwen,S1,cola@s1__snli@s1,200,843,0.8256227758007118,0.82,0.79,0.71,0.7425860023724793,0.89,0.79,0.8030842230130486,0.915,0.795,0.8185053380782918,0.905,0.805,0.8090154211150652,200,4800,0.8910416666666666,0.88,0.465,0.435,0.443125,0.71,0.68,0.7229166666666667,0.845,0.795,0.8208333333333333,0.89,0.82,0.854375,0.6275000000000001,0.6800859201773836,0.3016317566024096,0.8,0.8680709534368072,0.1079912536717379,0.88,0.9364606430155211,0.04370711826691287,0.8975,0.9567627494456763,0.030632640775707598,0.885,0.765,0.7947805456702254,0.83,0.73,0.7556346381969158,0.65,0.64,0.638196915776987,0.865,0.83,0.8479166666666667,0.86,0.845,0.839375,0.815,0.79,0.785625,0.875,0.9380543237250554,0.04287736596980907,0.845,0.9252355875831486,0.07137734178269761,0.7324999999999999,0.8391075388026608,0.17265935947153843
qwen,S1,cola@s1__scitail@s1,200,843,0.8256227758007118,0.82,0.835,0.735,0.7627520759193357,0.93,0.8,0.8220640569395018,0.935,0.805,0.8268090154211151,0.825,0.715,0.7758007117437722,200,1104,0.9655797101449275,0.97,0.815,0.825,0.8514492753623188,0.94,0.93,0.9420289855072463,0.97,0.94,0.9592391304347826,0.945,0.935,0.9438405797101449,0.825,0.87342846366608,0.09717414979189587,0.935,0.9671863213477496,0.014350294365012672,0.9525,0.9753897410108122,0.0025649112591921153,0.885,0.9179343726426956,0.04142944944038307,0.655,0.655,0.6785290628706999,0.535,0.565,0.5931198102016607,0.355,0.415,0.398576512455516,0.895,0.885,0.9112318840579711,0.85,0.84,0.8795289855072463,0.75,0.74,0.7192028985507246,0.775,0.8555758109127484,0.1172230488883137,0.6925,0.7775018858436007,0.1853636971382977,0.5525,0.6344920794568771,0.3862004269910073
qwen,S1,cola@s1__ag_news@s1,200,843,0.8256227758007118,0.82,0.79,0.72,0.7402135231316725,0.895,0.785,0.8066429418742586,0.935,0.795,0.8291814946619217,0.925,0.795,0.8196915776986952,200,4800,0.9416666666666667,0.92,0.87,0.825,0.8904166666666666,0.92,0.87,0.915,0.975,0.905,0.9245833333333333,0.97,0.9,0.9272916666666666,0.8300000000000001,0.8873939554612937,0.07893652731156553,0.9075,0.9514846235418877,0.025653544908961434,0.9550000000000001,0.9766039236479322,0.006915624046383906,0.9475,0.9738865323435844,0.011224697385820326,0.83,0.74,0.7710557532621589,0.72,0.67,0.727164887307236,0.52,0.51,0.5575326215895611,0.955,0.885,0.904375,0.93,0.85,0.866875,0.665,0.625,0.6185416666666667,0.8925,0.9321977730646871,0.05284686196724642,0.825,0.8704931071049841,0.09933882616214018,0.5925,0.6506495227995759,0.3339271182992575
qwen,S1,cola@s1__imdb@s1,200,843,0.8256227758007118,0.82,0.795,0.715,0.7390272835112692,0.89,0.78,0.8090154211150652,0.935,0.805,0.8315539739027283,0.86,0.76,0.7959667852906287,200,4800,0.9439583333333333,0.955,0.815,0.81,0.79125,0.94,0.935,0.8979166666666667,0.975,0.95,0.9333333333333333,0.935,0.91,0.9166666666666666,0.8049999999999999,0.8600593793896054,0.1333297500995696,0.915,0.9651385519090794,0.034445023681052955,0.9550000000000001,0.988235857489465,0.0020359426885541154,0.8975,0.9398544247222578,0.03241574009949344,0.69,0.65,0.7212336892052195,0.58,0.6,0.6334519572953736,0.395,0.455,0.4412811387900356,0.785,0.77,0.7808333333333334,0.64,0.635,0.645625,0.51,0.515,0.5116666666666667,0.7375,0.7994828246711787,0.14962315796416514,0.61,0.6983143915208786,0.27440182193167373,0.4525,0.5470725322436472,0.4617367712083045
qwen,S1,cola@s1__trec@s1,200,843,0.8256227758007118,0.82,0.77,0.69,0.7153024911032029,0.85,0.77,0.7924080664294187,0.93,0.8,0.8149466192170819,0.94,0.8,0.8291814946619217,200,300,0.9733333333333334,0.985,0.955,0.94,0.9433333333333334,0.985,0.97,0.97,0.99,0.975,0.9733333333333334,0.99,0.985,0.96,0.8625,0.8978890677231646,0.08222130373169578,0.9175,0.9618979819239817,0.02182727129585893,0.96,0.9827287359168009,0.006465517241379226,0.965,0.9878048780487805,0.004694142654700029,0.86,0.74,0.8113879003558719,0.795,0.695,0.7758007117437722,0.635,0.585,0.6346381969157769,0.945,0.935,0.94,0.88,0.875,0.9,0.675,0.675,0.6466666666666666,0.9025,0.9258388015352235,0.02574397732640532,0.8375,0.8679429243531014,0.0678436466698158,0.655,0.6993469109818002,0.28346913871831214
qwen,S1,cola@s1__yelp_polarity@s1,200,843,0.8256227758007118,0.82,0.815,0.725,0.7544483985765125,0.91,0.79,0.8268090154211151,0.91,0.81,0.8327402135231317,0.79,0.72,0.7497034400948992,200,4800,0.971875,0.97,0.94,0.93,0.9114583333333334,0.945,0.945,0.9527083333333334,0.975,0.955,0.96375,0.97,0.95,0.965,0.8775,0.9214546140306764,0.07418597775067448,0.9275,0.9688207191350264,0.009142273718446337,0.9425,0.9861704802615037,-0.0001302805189045131,0.88,0.928715111893387,0.0495139889862144,0.605,0.625,0.638196915776987,0.54,0.57,0.5492289442467378,0.34,0.4,0.36892052194543296,0.935,0.915,0.946875,0.895,0.865,0.918125,0.72,0.7,0.7529166666666667,0.77,0.8527470455116923,0.12636748346084192,0.7175,0.79343726426955,0.1950377905902354,0.53,0.6047271812924315,0.38922783383228
qwen,S1,sst2@s1__mrpc@s1,200,672,0.9419642857142857,0.94,0.95,0.92,0.9166666666666666,0.96,0.94,0.9285714285714286,0.95,0.93,0.9241071428571429,0.93,0.93,0.9047619047619048,200,208,0.8557692307692307,0.89,0.82,0.78,0.7836538461538461,0.81,0.78,0.7644230769230769,0.775,0.755,0.7259615384615384,0.72,0.7,0.6826923076923077,0.885,0.9275639493186709,0.05556295152386537,0.885,0.9382022471910112,0.06047979125619041,0.8625,0.9188381544346164,0.08532136961499548,0.825,0.887939278030122,0.12087083089266382,0.89,0.9,0.8660714285714286,0.85,0.86,0.8348214285714286,0.725,0.735,0.7142857142857143,0.67,0.67,0.6634615384615384,0.6,0.61,0.6153846153846154,0.455,0.475,0.4519230769230769,0.78,0.8551278986373416,0.15264391075137118,0.725,0.8001434377241214,0.19732147611693907,0.59,0.6578113793927802,0.35680813674849565
qwen,S1,sst2@s1__stsb@s1,200,672,0.9419642857142857,0.94,0.905,0.885,0.8898809523809523,0.955,0.935,0.9255952380952381,0.98,0.96,0.9300595238095238,0.965,0.935,0.9241071428571429,200,1300,0.9082481265413367,0.9033388188336785,0.7325433135828396,0.6640232376784106,0.6686509796039781,0.9220070501762546,0.8384016771830005,0.8377960163633308,0.9541753543838597,0.8719312290137748,0.8714450891322376,0.954745368634216,0.881067600289445,0.8789987029534231,0.8187716567914198,0.8382829864315471,0.1595468403364787,0.9385035250881273,0.9613975764608876,0.04747339986578969,0.9670876771919299,0.9932541286298104,0.026579568570946455,0.9598726843171079,0.9850132576520997,0.025580783594750245,0.915,0.905,0.9181547619047619,0.875,0.875,0.8958333333333334,0.81,0.82,0.8005952380952381,0.9340178504462612,0.8779353231506534,0.8735502609465975,0.9148533713342835,0.8669021715419551,0.8634677767896548,0.8513462836570916,0.8233632941310738,0.8302015506029345,0.9245089252231307,0.9673220886379853,0.031739765008628296,0.8949266856671417,0.9452577684290028,0.049138618189246586,0.8306731418285458,0.8919035859836262,0.11800494282000884
qwen,S1,sst2@s1__mnli@s1,200,672,0.9419642857142857,0.94,0.83,0.81,0.8333333333333334,0.88,0.87,0.8690476190476191,0.895,0.885,0.8898809523809523,0.925,0.895,0.9122023809523809,200,4800,0.8447916666666667,0.805,0.47,0.46,0.4554166666666667,0.74,0.68,0.7164583333333333,0.885,0.785,0.8083333333333333,0.895,0.785,0.815625,0.6499999999999999,0.7165653495440729,0.2881181542105683,0.81,0.8851262058940135,0.11466019171619302,0.89,0.9583223206026166,0.04922442793890491,0.91,0.9636414695387869,0.03306042702726919,0.93,0.9,0.9077380952380952,0.925,0.895,0.8913690476190477,0.835,0.815,0.7976190476190477,0.86,0.775,0.7827083333333333,0.83,0.755,0.7608333333333334,0.74,0.685,0.70625,0.895,0.9600898638826483,0.054912216112185774,0.8775,0.9450079291661161,0.07654797872071029,0.7875,0.8589764768071891,0.15861680721049232
qwen,S1,sst2@s1__qnli@s1,200,672,0.9419642857142857,0.94,0.885,0.865,0.8690476190476191,0.935,0.915,0.9166666666666666,0.97,0.94,0.9285714285714286,0.97,0.93,0.9241071428571429,200,4800,0.9247916666666667,0.87,0.805,0.775,0.8058333333333333,0.92,0.86,0.8866666666666667,0.925,0.855,0.9014583333333334,0.9,0.84,0.8920833333333333,0.845,0.9055086818292981,0.10302086881073858,0.9275,0.9809550012227929,0.03404087068270001,0.9475,0.9913793103448276,0.019724458670401956,0.935,0.977439471753485,0.027162836085579234,0.955,0.925,0.9211309523809523,0.935,0.905,0.9122023809523809,0.89,0.87,0.8556547619047619,0.85,0.8,0.8645833333333334,0.81,0.79,0.8425,0.755,0.705,0.7627083333333333,0.9025,0.9517913915382735,0.043610828478155894,0.8725,0.9354059672291515,0.06028979101294818,0.8225,0.867938371239912,0.13344593572624097
qwen,S1,sst2@s1__rte@s1,200,672,0.9419642857142857,0.94,0.88,0.86,0.8720238095238095,0.935,0.915,0.9211309523809523,0.955,0.935,0.9315476190476191,0.98,0.96,0.9315476190476191,138,139,0.7410071942446043,0.8115942028985508,0.6231884057971014,0.5942028985507246,0.5827338129496403,0.8043478260869565,0.7028985507246377,0.7266187050359713,0.8623188405797102,0.7608695652173914,0.7266187050359713,0.855072463768116,0.7391304347826086,0.7122302158273381,0.7515942028985507,0.8235182370820668,0.14392091903250037,0.8696739130434783,0.9197378419452887,0.02076718968082325,0.908659420289855,0.9660904255319149,0.015237963772450458,0.917536231884058,0.9659954407294832,0.024946701636528124,0.96,0.93,0.9360119047619048,0.935,0.905,0.9360119047619048,0.895,0.885,0.8958333333333334,0.8260869565217391,0.7391304347826086,0.6834532374100719,0.782608695652174,0.6956521739130435,0.6618705035971223,0.717391304347826,0.6304347826086957,0.5755395683453237,0.8930434782608696,0.9500379939209727,0.04199450911823799,0.858804347826087,0.9099544072948329,0.05655761591435449,0.8061956521739131,0.859137537993921,0.13613705731683
qwen,S1,sst2@s1__wic@s1,200,672,0.9419642857142857,0.94,0.875,0.855,0.8630952380952381,0.94,0.92,0.9136904761904762,0.945,0.925,0.9151785714285714,0.9,0.88,0.8705357142857143,200,438,0.6986301369863014,0.68,0.65,0.58,0.6095890410958904,0.86,0.66,0.6757990867579908,0.89,0.68,0.7009132420091324,0.83,0.68,0.682648401826484,0.7625,0.8812578222778473,0.10558962921661552,0.8999999999999999,0.9746558197747184,0.031347768175200574,0.9175,0.9920212765957448,0.012584022550568452,0.865,0.9680851063829787,0.049352600439860006,0.835,0.825,0.78125,0.725,0.745,0.7008928571428571,0.605,0.615,0.5416666666666666,0.78,0.67,0.6529680365296804,0.755,0.655,0.6757990867579908,0.65,0.57,0.634703196347032,0.8075,0.931476846057572,0.1179877954341294,0.74,0.8778942428035044,0.14430195458910267,0.6275,0.7462453066332916,0.2582318867515411
qwen,S1,sst2@s1__snli@s1,200,672,0.9419642857142857,0.94,0.86,0.84,0.8526785714285714,0.895,0.875,0.8883928571428571,0.93,0.9,0.9107142857142857,0.955,0.915,0.9255952380952381,200,4800,0.8910416666666666,0.88,0.545,0.505,0.5760416666666667,0.845,0.795,0.8120833333333334,0.925,0.855,0.8583333333333333,0.935,0.855,0.870625,0.7025,0.7337403288201161,0.2241527757308739,0.87,0.9171300773694391,0.07274277603006052,0.9275,0.9645188588007737,0.034941664164211295,0.9450000000000001,0.972497582205029,0.02014541204820519,0.955,0.935,0.9151785714285714,0.945,0.915,0.9151785714285714,0.88,0.86,0.8898809523809523,0.945,0.87,0.866875,0.935,0.87,0.8545833333333334,0.89,0.825,0.8197916666666667,0.95,0.9916586073500968,0.027778916656601482,0.94,0.9810203094777563,0.034676274617789105,0.885,0.9261968085106382,0.06762742484230833
qwen,S1,sst2@s1__scitail@s1,200,672,0.9419642857142857,0.94,0.93,0.92,0.9241071428571429,0.965,0.935,0.9196428571428571,0.915,0.925,0.9017857142857143,0.88,0.89,0.8556547619047619,200,1104,0.9655797101449275,0.97,0.935,0.905,0.9311594202898551,0.96,0.93,0.9411231884057971,0.965,0.935,0.9420289855072463,0.94,0.93,0.9420289855072463,0.9325000000000001,0.9558565474884844,0.027302312760641212,0.9624999999999999,0.9767218688308841,0.024512506335417017,0.94,0.9739800394823428,0.033522136169229055,0.9099999999999999,0.952785698618118,0.0580087080491658,0.83,0.84,0.7916666666666666,0.805,0.815,0.75,0.7,0.71,0.6398809523809523,0.895,0.885,0.9184782608695652,0.875,0.865,0.8931159420289855,0.785,0.775,0.7626811594202898,0.8625,0.9029940776486072,0.10416907486610416,0.8400000000000001,0.8793869269576662,0.13941918675475495,0.7424999999999999,0.7771441105505594,0.26541321738408785
qwen,S1,sst2@s1__ag_news@s1,200,672,0.9419642857142857,0.94,0.895,0.875,0.8794642857142857,0.965,0.935,0.9211309523809523,0.965,0.945,0.9300595238095238,0.965,0.925,0.9255952380952381,200,4800,0.9416666666666667,0.92,0.9,0.855,0.8960416666666666,0.94,0.9,0.91625,0.95,0.89,0.91875,0.945,0.875,0.9054166666666666,0.8975,0.9300994449583719,0.05740101916705109,0.9524999999999999,0.9864708603145236,0.024554027037984594,0.9575,0.9863552266419982,0.018487256916774997,0.955,0.9675647548566143,0.027936571180919634,0.945,0.915,0.9166666666666666,0.925,0.905,0.90625,0.865,0.855,0.8571428571428571,0.915,0.845,0.8739583333333333,0.88,0.815,0.8383333333333334,0.78,0.735,0.7377083333333333,0.9299999999999999,0.9459412580943571,0.04937944749681944,0.9025000000000001,0.9243177613320999,0.07382460260873214,0.8225,0.8542437557816837,0.15332015685945566
qwen,S1,sst2@s1__imdb@s1,200,672,0.9419642857142857,0.94,0.935,0.915,0.9136904761904762,0.945,0.925,0.9300595238095238,0.96,0.94,0.9285714285714286,0.94,0.92,0.9226190476190477,200,4800,0.9439583333333333,0.955,0.945,0.94,0.8970833333333333,0.96,0.945,0.9377083333333334,0.965,0.94,0.94125,0.97,0.955,0.9360416666666667,0.94,0.9788487245182133,0.0398368549744903,0.9524999999999999,0.9867856745015039,0.009629642801232685,0.9624999999999999,0.9921465968586387,0.008543566646200262,0.955,0.9893617021276596,0.014461897205942709,0.925,0.915,0.90625,0.9,0.88,0.8854166666666666,0.825,0.805,0.8139880952380952,0.9,0.875,0.9125,0.85,0.845,0.8758333333333334,0.715,0.72,0.7379166666666667,0.9125000000000001,0.9448173109056478,0.03562033427436684,0.875,0.9104934833463295,0.06610054729173054,0.77,0.8051548401470425,0.17706754556900106
qwen,S1,sst2@s1__trec@s1,200,672,0.9419642857142857,0.94,0.865,0.845,0.8571428571428571,0.92,0.9,0.9077380952380952,0.96,0.94,0.9255952380952381,0.965,0.945,0.9360119047619048,200,300,0.9733333333333334,0.985,0.96,0.945,0.9533333333333334,0.99,0.975,0.9633333333333334,0.985,0.97,0.97,0.985,0.97,0.9566666666666667,0.9125,0.9291635165784642,0.05529766928520419,0.9550000000000001,0.9736472621233394,0.023304442857452035,0.9724999999999999,0.9923857868020305,0.010401112337423468,0.975,0.9950453612701156,0.011721201497543854,0.95,0.95,0.9285714285714286,0.925,0.915,0.9211309523809523,0.9,0.9,0.8898809523809523,0.925,0.92,0.8966666666666666,0.865,0.86,0.8266666666666667,0.645,0.64,0.6566666666666666,0.9375,0.9723242250783022,0.04649256638317212,0.895,0.9232503510098282,0.08640091757017032,0.7725,0.8035965007020197,0.19031736241857655
qwen,S1,sst2@s1__yelp_polarity@s1,200,672,0.9419642857142857,0.94,0.925,0.905,0.9211309523809523,0.945,0.915,0.9389880952380952,0.955,0.925,0.9345238095238095,0.95,0.92,0.9360119047619048,200,4800,0.971875,0.97,0.94,0.93,0.95125,0.97,0.96,0.9664583333333333,0.975,0.965,0.9664583333333333,0.97,0.96,0.9652083333333333,0.9325,0.9607644220223734,0.02166938429262988,0.9575,0.9815474884843167,0.004366488370084798,0.965,0.9894439570081159,0.006736156616530264,0.96,0.9842070629524019,0.006589354017768723,0.935,0.905,0.9107142857142857,0.905,0.885,0.8958333333333334,0.86,0.86,0.8303571428571429,0.965,0.955,0.9589583333333334,0.955,0.945,0.9516666666666667,0.93,0.92,0.91375,0.95,0.9736510199605177,0.02323290816456114,0.9299999999999999,0.9578580829129195,0.03488314208358101,0.895,0.9316736126343497,0.08914524313862937
qwen,S1,mrpc@s1__stsb@s1,200,208,0.8557692307692307,0.89,0.675,0.665,0.6682692307692307,0.315,0.345,0.32211538461538464,0.295,0.325,0.3125,0.29,0.32,0.3125,200,1300,0.9082481265413367,0.9033388188336785,0.6581564539113479,0.5648262049551551,0.6235331132781888,0.9044011100277508,0.8007482982253338,0.8313637644738953,0.9699257481437038,0.869039145664682,0.8836544361541238,0.9781429535738395,0.8924655462162485,0.8913543080686197,0.6665782269556739,0.6862280379409078,0.2662891252712387,0.6097005550138754,0.6370361485400204,0.3541233903857056,0.6324628740718519,0.6635993259995451,0.33095481160161544,0.6340714767869198,0.6737569008676336,0.32671595236839157,0.29,0.32,0.3125,0.29,0.32,0.3125,0.29,0.32,0.3125,0.9540178504462613,0.8821837508059519,0.8795338691458529,0.9322448061201533,0.8645550278532416,0.8653086348835398,0.8756063901597542,0.8198121790714947,0.8129533410942007,0.6220089252231307,0.6680659047563564,0.333223226414626,0.6111224030600766,0.6583083682788079,0.34105436520072163,0.5828031950798771,0.6335431042112705,0.36987649665323075
qwen,S1,mrpc@s1__mnli@s1,200,208,0.8557692307692307,0.89,0.8,0.78,0.75,0.65,0.63,0.7067307692307693,0.51,0.53,0.5865384615384616,0.395,0.425,0.4519230769230769,200,4800,0.8447916666666667,0.805,0.565,0.54,0.5529166666666666,0.83,0.745,0.8035416666666667,0.94,0.8,0.8272916666666666,0.865,0.76,0.7775,0.6825,0.7736059738990858,0.23454744454758314,0.74,0.8166655035243213,0.11149295501461642,0.725,0.7946472189266522,0.16766095401709635,0.63,0.710813734384814,0.27578242979259904,0.375,0.395,0.4230769230769231,0.36,0.38,0.41346153846153844,0.295,0.325,0.40865384615384615,0.78,0.725,0.7314583333333333,0.735,0.695,0.7033333333333334,0.65,0.615,0.6314583333333333,0.5775,0.6722206713657617,0.31988667063827425,0.5475,0.645160164700956,0.34215076407265266,0.47250000000000003,0.5645718473026728,0.38749982681943507
qwen,S1,mrpc@s1__qnli@s1,200,208,0.8557692307692307,0.89,0.8,0.78,0.7451923076923077,0.685,0.675,0.6394230769230769,0.62,0.6,0.5817307692307693,0.505,0.495,0.4951923076923077,200,4800,0.9247916666666667,0.87,0.905,0.835,0.86625,0.94,0.86,0.9029166666666667,0.95,0.86,0.9120833333333334,0.935,0.845,0.90875,0.8525,0.9180873046622756,0.09625801438222492,0.8125,0.8734663567092859,0.13823148244239647,0.7849999999999999,0.8313315252486116,0.16698327642373134,0.72,0.7637220715484954,0.2193472818809783,0.41,0.42,0.4326923076923077,0.375,0.375,0.3798076923076923,0.305,0.305,0.33653846153846156,0.9,0.84,0.9014583333333334,0.845,0.815,0.8875,0.82,0.79,0.8472916666666667,0.655,0.7187136768694304,0.25980646516702066,0.61,0.6790649619010719,0.2982520863338489,0.5625,0.6253713031124887,0.3452721156450359
qwen,S1,mrpc@s1__rte@s1,200,208,0.8557692307692307,0.89,0.875,0.845,0.7692307692307693,0.89,0.82,0.8365384615384616,0.945,0.855,0.8173076923076923,0.91,0.87,0.8125,138,139,0.7410071942446043,0.8115942028985508,0.8333333333333334,0.7318840579710145,0.6330935251798561,0.8260869565217391,0.7101449275362319,0.697841726618705,0.7681159420289855,0.6811594202898551,0.6690647482014388,0.7028985507246377,0.644927536231884,0.6187050359712231,0.8541666666666667,0.9256119582664526,0.1233773317333915,0.8580434782608696,0.8981741573033708,0.0403621686484128,0.8565579710144927,0.8999799357945426,0.07101559943274793,0.8064492753623189,0.8860854735152488,0.10780517072106455,0.84,0.86,0.7596153846153846,0.775,0.815,0.7163461538461539,0.645,0.695,0.6057692307692307,0.6884057971014492,0.6304347826086957,0.5755395683453237,0.6666666666666666,0.6086956521739131,0.5539568345323741,0.6086956521739131,0.6086956521739131,0.5323741007194245,0.7642028985507245,0.8715389245585874,0.16783026071779206,0.7208333333333333,0.8328651685393258,0.20767426639031306,0.6268478260869565,0.7654494382022472,0.28684411475946325
qwen,S1,mrpc@s1__wic@s1,200,208,0.8557692307692307,0.89,0.785,0.745,0.7259615384615384,0.755,0.725,0.7451923076923077,0.74,0.71,0.7355769230769231,0.74,0.71,0.7548076923076923,200,438,0.6986301369863014,0.68,0.695,0.605,0.6164383561643836,0.84,0.65,0.6712328767123288,0.91,0.67,0.7031963470319634,0.86,0.7,0.6757990867579908,0.74,0.8633922670191672,0.13466622604097822,0.7975,0.8852445472571051,0.08421458471028864,0.825,0.8915234633179114,0.06695674524491446,0.8,0.9135822868473231,0.0753286333259896,0.755,0.735,0.75,0.75,0.73,0.7307692307692307,0.735,0.725,0.7403846153846154,0.785,0.695,0.6643835616438356,0.76,0.67,0.636986301369863,0.685,0.605,0.6095890410958904,0.77,0.9239507600793126,0.08630755673055734,0.755,0.9027594183740912,0.11715135492399209,0.71,0.8521563119629874,0.13114122053315702
qwen,S1,mrpc@s1__snli@s1,200,208,0.8557692307692307,0.89,0.895,0.845,0.8365384615384616,0.91,0.83,0.8221153846153846,0.82,0.76,0.7980769230769231,0.705,0.695,0.7307692307692307,200,4800,0.8910416666666666,0.88,0.815,0.74,0.7672916666666667,0.93,0.87,0.8689583333333334,0.915,0.855,0.8625,0.855,0.835,0.836875,0.855,0.895173646578141,0.08067715215695126,0.92,0.9606103166496425,0.03205478480400781,0.8674999999999999,0.912761746680286,0.0497237641631616,0.78,0.8648812563840653,0.10342884464328406,0.605,0.605,0.5865384615384616,0.485,0.505,0.4855769230769231,0.365,0.395,0.33653846153846156,0.825,0.805,0.8129166666666666,0.81,0.79,0.7925,0.765,0.745,0.7458333333333333,0.715,0.7972740040858018,0.20114251037033726,0.6475,0.7325715015321757,0.27158790289318613,0.565,0.6452055669050051,0.3848531339566481
qwen,S1,mrpc@s1__scitail@s1,200,208,0.8557692307692307,0.89,0.855,0.815,0.8317307692307693,0.87,0.82,0.8269230769230769,0.875,0.835,0.8317307692307693,0.87,0.83,0.8221153846153846,200,1104,0.9655797101449275,0.97,0.94,0.91,0.9211956521739131,0.96,0.93,0.9375,0.96,0.94,0.9483695652173914,0.97,0.94,0.9492753623188406,0.8975,0.9269373334877795,0.037028058266753705,0.915,0.9400556006023398,0.03139427029533903,0.9175,0.9536372060697325,0.022956763707654204,0.9199999999999999,0.9508282173056875,0.028105698083774167,0.865,0.815,0.8028846153846154,0.85,0.81,0.7836538461538461,0.8,0.77,0.7596153846153846,0.935,0.905,0.9347826086956522,0.92,0.89,0.9257246376811594,0.87,0.86,0.8768115942028986,0.9,0.9243600139001505,0.04684634357147366,0.885,0.9138190663732191,0.0627727301473533,0.835,0.8758832387350863,0.10214600417395703
qwen,S1,mrpc@s1__ag_news@s1,200,208,0.8557692307692307,0.89,0.78,0.74,0.7355769230769231,0.77,0.73,0.7403846153846154,0.765,0.725,0.7451923076923077,0.755,0.725,0.7307692307692307,200,4800,0.9416666666666667,0.92,0.92,0.87,0.9047916666666667,0.97,0.92,0.93,0.975,0.915,0.9333333333333333,0.97,0.91,0.9329166666666666,0.8500000000000001,0.8885564240351734,0.08980436511882273,0.87,0.9101123595505618,0.07361042060256529,0.87,0.904585979482169,0.06903152033409565,0.8625,0.9018685881778212,0.0776797255642836,0.76,0.73,0.75,0.765,0.715,0.7211538461538461,0.735,0.675,0.6634615384615384,0.95,0.91,0.9210416666666666,0.935,0.895,0.908125,0.905,0.845,0.8716666666666667,0.855,0.9046775769418661,0.07274908024261706,0.8500000000000001,0.8880984367366878,0.09646141990653279,0.8200000000000001,0.8384526135808501,0.14952769215471806
qwen,S1,mrpc@s1__imdb@s1,200,208,0.8557692307692307,0.89,0.87,0.84,0.7980769230769231,0.92,0.88,0.8365384615384616,0.95,0.88,0.8557692307692307,0.935,0.875,0.8269230769230769,200,4800,0.9439583333333333,0.955,0.925,0.91,0.880625,0.98,0.955,0.9322916666666666,0.97,0.945,0.9370833333333334,0.945,0.91,0.9172916666666666,0.8975,0.9483499029354668,0.06725454360597038,0.95,0.9943820224719101,0.01741560634728545,0.96,0.9891464203776692,0.003641580225115848,0.94,0.9680128242837814,0.030978849821082788,0.8,0.79,0.7355769230769231,0.7,0.7,0.6730769230769231,0.48,0.51,0.49038461538461536,0.86,0.845,0.8675,0.78,0.775,0.80375,0.62,0.615,0.629375,0.8300000000000001,0.8862286016824519,0.11072350524104846,0.74,0.799017589269957,0.18100773944288906,0.55,0.6085063827283959,0.38011302909544487
qwen,S1,mrpc@s1__trec@s1,200,208,0.8557692307692307,0.89,0.86,0.83,0.8125,0.905,0.865,0.8365384615384616,0.935,0.885,0.8509615384615384,0.94,0.9,0.8365384615384616,200,300,0.9733333333333334,0.985,0.98,0.965,0.9666666666666667,0.995,0.98,0.9733333333333334,1.0,0.985,0.9733333333333334,0.995,0.98,0.9666666666666667,0.9199999999999999,0.9561398505675012,0.02870555641065109,0.95,0.9834169851137854,0.011235955056179803,0.9675,0.997191011235955,0.002808988764045006,0.9675,1.0030799064621,0.01466061259042628,0.935,0.885,0.8413461538461539,0.93,0.87,0.8413461538461539,0.84,0.82,0.7596153846153846,0.995,0.98,0.97,0.975,0.96,0.9666666666666667,0.935,0.92,0.94,0.9650000000000001,0.9946529401699652,0.010139295059258147,0.9525,0.9760736896138709,0.011851623826381386,0.8875,0.9276792334455027,0.07330306295213185
qwen,S1,mrpc@s1__yelp_polarity@s1,200,208,0.8557692307692307,0.89,0.86,0.81,0.8076923076923077,0.87,0.82,0.7932692307692307,0.81,0.81,0.7548076923076923,0.705,0.695,0.6730769230769231,200,4800,0.971875,0.97,0.93,0.92,0.9472916666666666,0.96,0.93,0.9645833333333333,0.945,0.925,0.9622916666666667,0.935,0.925,0.9527083333333334,0.895,0.9292829838989922,0.04073726170261449,0.915,0.9400556006023398,0.04026819369678569,0.8775,0.9318603034866211,0.06391909630646575,0.8200000000000001,0.8672535619135874,0.1166022375567517,0.535,0.545,0.5576923076923077,0.475,0.475,0.46153846153846156,0.405,0.425,0.3894230769230769,0.91,0.9,0.9347916666666667,0.91,0.9,0.9191666666666667,0.835,0.825,0.8664583333333333,0.7225,0.7700973010540948,0.1932355456001542,0.6925,0.7307714583574656,0.25745390609005625,0.62,0.6640217769025831,0.3267055649891013
qwen,S1,stsb@s1__mnli@s1,200,1300,0.9082481265413367,0.9033388188336785,0.9422500562514065,0.8433271510830126,0.8509422516109083,0.9595964899122478,0.8699811556836573,0.8760941578362372,0.9447446186154655,0.8635965045112246,0.8721000604505555,0.9148413710342759,0.844511606708465,0.8583655797154133,200,4800,0.8447916666666667,0.805,0.59,0.565,0.590625,0.775,0.74,0.7877083333333333,0.835,0.79,0.8195833333333333,0.86,0.785,0.7891666666666667,0.7661250281257033,0.8177150884587904,0.18197904360967998,0.867298244956124,0.9411637901225163,0.05148654283876808,0.8898723093077328,0.968685772440048,0.03481973678762418,0.8874206855171379,0.9550166499552952,0.06038317676573235,0.8861096527413187,0.8180332438165375,0.8390619798317871,0.8705872646816172,0.8049802125575904,0.8223255479044191,0.8218285457136429,0.7649789393056174,0.7787576171698877,0.835,0.765,0.7629166666666667,0.81,0.75,0.741875,0.755,0.735,0.695625,0.8605548263706593,0.9279384582846391,0.08654638326669983,0.8402936323408086,0.9113968069203864,0.10821372316396194,0.7884142728568215,0.8799392450299927,0.15957193307149764
qwen,S1,stsb@s1__qnli@s1,200,1300,0.9082481265413367,0.9033388188336785,0.9207290182254557,0.8273707773910806,0.8366728862432871,0.961611040276007,0.8753502374890194,0.879415764314037,0.9580709517737945,0.8773063156638795,0.8841614545522425,0.9494292357308934,0.8769843058645644,0.8799502881124042,200,4800,0.9247916666666667,0.87,0.9,0.85,0.87875,0.925,0.875,0.9054166666666666,0.9,0.87,0.9014583333333334,0.87,0.85,0.883125,0.9103645091127279,0.9464572710404195,0.06429590497590287,0.9433055201380035,0.9873818225995188,0.026347846292668953,0.9290354758868973,0.9855909529032472,0.025875416316464395,0.9097146178654467,0.9739184669057435,0.03810584942926121,0.936353408835221,0.868839484576995,0.8685772780210681,0.9275136878421962,0.859965074653215,0.8568297303224738,0.8941573539338485,0.8156981098173091,0.8149895580565166,0.87,0.8,0.8535416666666666,0.825,0.755,0.82875,0.715,0.695,0.7277083333333333,0.9031767044176104,0.940674658433073,0.06036140264684975,0.876256843921098,0.909900584282592,0.08023246912103099,0.8045786769669243,0.8509159643929157,0.15789533831505842
qwen,S1,stsb@s1__rte@s1,200,1300,0.9082481265413367,0.9033388188336785,0.8419740493512339,0.7463361481970223,0.7641806352547856,0.9556663916597916,0.8596663336272771,0.8684334063533606,0.9742098552463813,0.879559633653492,0.8871824014735804,0.9702362559063978,0.8835205793667446,0.8891678009651532,138,139,0.7410071942446043,0.8115942028985508,0.8333333333333334,0.7753623188405797,0.7050359712230215,0.8043478260869565,0.7608695652173914,0.6762589928057554,0.7536231884057971,0.7101449275362319,0.6762589928057554,0.7463768115942029,0.717391304347826,0.6762589928057554,0.8376536913422836,0.8907772519218076,0.10358249065908476,0.8800071088733741,0.9445771844982882,0.06560773619592886,0.8639165218260891,0.9243381693090039,0.055286220206891334,0.8583065337503004,0.9309948470863068,0.05419323722484348,0.9507177679441987,0.8707850542735557,0.8807525098178399,0.9275751893797346,0.8514892362992168,0.8723217301396375,0.8441476036900923,0.7893961392396918,0.8357045250316997,0.7246376811594203,0.6811594202898551,0.6546762589928058,0.7028985507246377,0.6739130434782609,0.6546762589928058,0.6376811594202898,0.6086956521739131,0.6402877697841727,0.8376777245518094,0.9016242776899372,0.07338904895114196,0.8152368700521861,0.8864797147795203,0.07803028047798666,0.7409143815551911,0.8119324791438163,0.10789716898278101
qwen,S1,stsb@s1__wic@s1,200,1300,0.9082481265413367,0.9033388188336785,0.6382179554488863,0.5509452557273398,0.61989154808613,0.738778969474237,0.6412911473001925,0.7210486878030027,0.7480387009675242,0.6519917806312766,0.7163823509998807,0.7035385884647117,0.6196114059630925,0.6540061007368418,200,438,0.6986301369863014,0.68,0.635,0.555,0.5776255707762558,0.88,0.67,0.7009132420091324,0.915,0.675,0.7100456621004566,0.87,0.67,0.6917808219178082,0.6366089777244431,0.7130376320435443,0.24534459001539632,0.8093894847371186,0.847603102962194,0.101421242842201,0.8315193504837621,0.8572023973613776,0.09745416186716405,0.7867692942323559,0.8356033190023442,0.14486482906605946,0.6335573389334734,0.5667019683315846,0.5645086292107931,0.5699362484062102,0.5160105702268271,0.5095178659415815,0.42876171904297616,0.3894742299966922,0.3918563407007284,0.84,0.69,0.6963470319634704,0.78,0.69,0.6872146118721462,0.74,0.62,0.636986301369863,0.7367786694667366,0.8210237126059916,0.19086614017213277,0.6749681242031051,0.7929659135565683,0.22767507258016484,0.5843808595214881,0.6714571859255218,0.32839667321385635
qwen,S1,stsb@s1__snli@s1,200,1300,0.9082481265413367,0.9033388188336785,0.878369459236481,0.7851176873606809,0.8066012392590595,0.9304597614940374,0.8493102282632925,0.8658165745020804,0.9241791044776121,0.8523944666441443,0.8691546098663334,0.8991059776494413,0.8425037367477012,0.8629160176952664,200,4800,0.8910416666666666,0.88,0.72,0.67,0.70375,0.88,0.83,0.8320833333333333,0.88,0.82,0.8402083333333333,0.87,0.81,0.826875,0.7991847296182405,0.8152461649096409,0.16105469479135603,0.9052298807470187,0.9416859667570108,0.05644294618237855,0.902089552238806,0.9377112812238448,0.050046052627029436,0.8845529888247207,0.9265549225428077,0.0609623420499491,0.8633075826895674,0.8175746237993312,0.8510339253440358,0.8397269931748296,0.797935028463486,0.839455239808982,0.7773089327233182,0.7418940642987791,0.802428627397347,0.845,0.79,0.7972916666666666,0.825,0.78,0.7766666666666666,0.77,0.72,0.7270833333333333,0.8541537913447836,0.9013929679686485,0.08410397780281109,0.8323634965874147,0.8848405910737649,0.1020516969555012,0.7736544663616591,0.8197308864897856,0.1502584711461581
qwen,S1,stsb@s1__scitail@s1,200,1300,0.9082481265413367,0.9033388188336785,0.2727443186079652,0.2245714354957222,0.27529821610420646,0.4535288382209556,0.3991915700011965,0.3684780844823727,0.5493212330308259,0.4784562712074112,0.43824690447547865,0.7013665341633543,0.6254616259534452,0.5873074623861901,200,1104,0.9655797101449275,0.97,0.95,0.92,0.9375,0.955,0.945,0.9429347826086957,0.965,0.955,0.957427536231884,0.975,0.965,0.9619565217391305,0.6113721593039826,0.5985275818682522,0.362985818599338,0.7042644191104778,0.7080668038632981,0.30887507712112916,0.757160616515413,0.7570946274703703,0.26296192871745283,0.8381832670816771,0.8436170500736866,0.17855733207104763,0.8243441086027152,0.7594049421734185,0.7312737369707936,0.8722133053326334,0.812107963266904,0.7888071533453959,0.8927608190204757,0.8380083598523685,0.8258800864693353,0.97,0.96,0.9565217391304348,0.945,0.935,0.9501811594202898,0.92,0.9,0.9211956521739131,0.8971720543013576,0.9151776471942706,0.10211666582665746,0.9086066526663167,0.931462286002894,0.07372722632714068,0.9063804095102379,0.927756974704628,0.06832757355687358
qwen,S1,stsb@s1__ag_news@s1,200,1300,0.9082481265413367,0.9033388188336785,0.6902707567689194,0.6282561305754728,0.6877791485030743,0.9047521188029701,0.8209561019949355,0.8428232189373298,0.9592289807245182,0.8682600170593464,0.8807179080133932,0.9709457736443413,0.8809099731149551,0.8900948630724915,200,4800,0.9416666666666667,0.92,0.86,0.815,0.8620833333333333,0.775,0.74,0.7675,0.635,0.605,0.6027083333333333,0.54,0.52,0.5014583333333333,0.7751353783844597,0.7906759166532995,0.16362709288150568,0.8398760594014851,0.8565749001807801,0.12849496532010196,0.7971144903622591,0.8093881547859034,0.19513354652457493,0.7554728868221707,0.7701942807886115,0.24373249759831428,0.9604440111002776,0.8750402373791895,0.8830878637260097,0.949342233555839,0.8655368199686356,0.873702836370456,0.9036195904897624,0.8231125918630755,0.8354667462863999,0.49,0.495,0.439375,0.465,0.47,0.39770833333333333,0.375,0.385,0.30625,0.7252220055501388,0.7533584127768602,0.28055452507697176,0.7071711167779196,0.7345112940588235,0.3078449736382447,0.6393097952448812,0.6648337394021107,0.37745628412707144
qwen,S1,stsb@s1__imdb@s1,200,1300,0.9082481265413367,0.9033388188336785,0.7711362784069603,0.6813945029127874,0.7100957760927213,0.9610650266256657,0.863359313143897,0.8657515778908992,0.9843456086402161,0.8852935097769593,0.8892566016933454,0.9859281482037052,0.8940095419206563,0.893001431047577,200,4800,0.9439583333333333,0.955,0.855,0.85,0.83875,0.95,0.935,0.91,0.975,0.96,0.936875,0.97,0.945,0.93625,0.8130681392034802,0.8221795166617158,0.16481213363732083,0.9555325133128328,0.9674000525004538,0.04138198944447369,0.9796728043201081,0.9926296832553831,0.01420696225698137,0.9779640741018526,0.9896006228534109,0.012476447661612156,0.9768394209855248,0.8912938508858738,0.8861505307247272,0.962694067351684,0.8832796349714529,0.8745224655881936,0.8938633465836646,0.8305068075578362,0.817980695159756,0.895,0.87,0.8785416666666667,0.785,0.78,0.788125,0.52,0.525,0.5389583333333333,0.9359197104927623,0.9488304662551899,0.046815142948988475,0.8738470336758419,0.8972741614762216,0.10110881073963729,0.7069316732918323,0.7345564333763674,0.2642153363709976
qwen,S1,stsb@s1__trec@s1,200,1300,0.9082481265413367,0.9033388188336785,0.770854271356784,0.6817555442029286,0.7065579671093516,0.9603525088127205,0.8621718550960732,0.8676441008689717,0.9857256431410787,0.8871812828428737,0.892248506935868,0.9842946073651841,0.8978038531923054,0.8972321207997362,200,300,0.9733333333333334,0.985,0.92,0.905,0.92,0.925,0.915,0.92,0.9,0.9,0.8866666666666667,0.785,0.79,0.78,0.845427135678392,0.8367440387343709,0.13842978186035526,0.9426762544063603,0.9416810011541824,0.04975019692520877,0.9428628215705394,0.947909560582264,0.0533285042392615,0.8846473036825921,0.8979516129113894,0.10537949374198119,0.9699377484437113,0.8961224966644136,0.8929545308138203,0.9526408160204006,0.887058183525653,0.8868736422847456,0.894889372234306,0.8451346093504963,0.8526653465719469,0.705,0.71,0.7166666666666667,0.64,0.645,0.65,0.545,0.55,0.56,0.8374688742218557,0.8564118413622491,0.14026859790574786,0.7963204080102003,0.8183998004770936,0.1778627653606416,0.719944686117153,0.7469716607793405,0.24292766314361436
qwen,S1,stsb@s1__yelp_polarity@s1,200,1300,0.9082481265413367,0.9033388188336785,0.7261096527413187,0.6536341056683423,0.6778164065994093,0.9146988674716869,0.8263071692660704,0.8331471597354785,0.9551548788719719,0.8639290227888389,0.8661104848204968,0.96387159678992,0.8752804311688882,0.8758568438015361,200,4800,0.971875,0.97,0.945,0.935,0.9441666666666667,0.97,0.95,0.9654166666666667,0.96,0.93,0.9645833333333333,0.92,0.91,0.9541666666666667,0.8355548263706594,0.8437466613144904,0.1411101394151718,0.9423494337358435,0.9470535361540879,0.04466647523507161,0.9575774394359859,0.9575680355148762,0.026948547933131395,0.94193579839496,0.9535417863796365,0.02694213318118277,0.956209405235131,0.8734879850132605,0.8736930745405267,0.9452351308782722,0.8671588786546958,0.8670715391413204,0.9065191629790746,0.8486849738044826,0.8356254230870578,0.885,0.875,0.931875,0.865,0.855,0.8979166666666667,0.66,0.65,0.7147916666666667,0.9206047026175654,0.9345084264224813,0.03960169213344966,0.9051175654391361,0.9206959739436047,0.060717441134701455,0.7832595814895373,0.8048005243556573,0.17224107234612074
qwen,S1,mnli@s1__qnli@s1,200,4800,0.8447916666666667,0.805,0.5,0.49,0.48291666666666666,0.73,0.695,0.7416666666666667,0.88,0.82,0.8245833333333333,0.87,0.785,0.8097916666666667,200,4800,0.9247916666666667,0.87,0.705,0.705,0.7245833333333334,0.805,0.795,0.8291666666666667,0.825,0.825,0.854375,0.825,0.815,0.8402083333333333,0.6025,0.70952023988006,0.322425124908716,0.7675000000000001,0.8885735703576783,0.11273659184412121,0.8525,0.9834547012208181,0.0500321802963255,0.8474999999999999,0.9559684443492539,0.06644618696127169,0.775,0.74,0.7766666666666666,0.75,0.715,0.7514583333333333,0.715,0.67,0.678125,0.755,0.735,0.8066666666666666,0.74,0.72,0.7827083333333333,0.69,0.67,0.7177083333333333,0.765,0.8820411222959949,0.10418632738791833,0.745,0.8578924823302634,0.13205954729809122,0.7024999999999999,0.8012065395873492,0.21060580345325008
qwen,S1,mnli@s1__rte@s1,200,4800,0.8447916666666667,0.805,0.585,0.57,0.5660416666666667,0.77,0.715,0.7666666666666667,0.885,0.8,0.8316666666666667,0.935,0.84,0.826875,138,139,0.7410071942446043,0.8115942028985508,0.8768115942028986,0.7753623188405797,0.7122302158273381,0.8333333333333334,0.7318840579710145,0.697841726618705,0.8188405797101449,0.7318840579710145,0.7050359712230215,0.8188405797101449,0.7318840579710145,0.7266187050359713,0.7309057971014492,0.8317158385093166,0.18439898004381505,0.8016666666666667,0.8949922360248447,0.0753654244430344,0.8519202898550724,0.9477872670807453,0.03204003208312889,0.8769202898550725,0.9726319875776397,0.02031293021919478,0.9,0.82,0.8054166666666667,0.87,0.8,0.784375,0.8,0.725,0.7325,0.7971014492753623,0.7391304347826086,0.7050359712230215,0.7971014492753623,0.7246376811594203,0.6906474820143885,0.7391304347826086,0.6811594202898551,0.6834532374100719,0.8485507246376811,0.9646739130434782,0.047576406928998116,0.8335507246376812,0.9433229813664596,0.06973890558222484,0.7695652173913043,0.8699534161490683,0.10529611051919607
qwen,S1,mnli@s1__wic@s1,200,4800,0.8447916666666667,0.805,0.37,0.37,0.345,0.555,0.555,0.5564583333333334,0.79,0.72,0.73,0.895,0.785,0.7795833333333333,200,438,0.6986301369863014,0.68,0.59,0.51,0.5342465753424658,0.745,0.595,0.6118721461187214,0.8,0.62,0.6712328767123288,0.85,0.65,0.6598173515981736,0.48,0.6048136645962733,0.41345470370639004,0.65,0.7822204968944099,0.23274501744799858,0.795,0.9030873218852757,0.08754865694736591,0.8725,0.965518816222141,0.06637210576791341,0.805,0.74,0.7245833333333334,0.72,0.665,0.6652083333333333,0.57,0.555,0.5189583333333333,0.785,0.635,0.6506849315068494,0.745,0.615,0.6278538812785388,0.62,0.52,0.5753424657534246,0.795,0.9265390938984288,0.10546045791929592,0.7324999999999999,0.8652493606138107,0.1569421274469509,0.595,0.7270734380708805,0.2810836295060565
qwen,S1,mnli@s1__snli@s1,200,4800,0.8447916666666667,0.805,0.705,0.65,0.6916666666666667,0.91,0.795,0.8364583333333333,0.92,0.795,0.8272916666666666,0.87,0.745,0.7979166666666667,200,4800,0.8910416666666666,0.88,0.88,0.825,0.841875,0.935,0.86,0.8785416666666667,0.9,0.855,0.8664583333333333,0.875,0.815,0.8504166666666667,0.7925,0.8724767080745341,0.11821828511232191,0.9225000000000001,0.98242518351214,0.011946444824163516,0.91,0.9795842744212309,0.024152299152955026,0.8725,0.9258011010728402,0.05053987909406743,0.835,0.74,0.7570833333333333,0.805,0.74,0.726875,0.715,0.625,0.64875,0.835,0.79,0.8264583333333333,0.805,0.765,0.8079166666666666,0.73,0.7,0.7508333333333334,0.835,0.908490965556183,0.08815157610445801,0.805,0.8942864201016375,0.116435226761328,0.7224999999999999,0.7859260304912479,0.19470623560137423
qwen,S1,mnli@s1__scitail@s1,200,4800,0.8447916666666667,0.805,0.445,0.425,0.4325,0.67,0.585,0.6147916666666666,0.73,0.635,0.6816666666666666,0.675,0.595,0.66375,200,1104,0.9655797101449275,0.97,0.945,0.935,0.9311594202898551,0.965,0.945,0.9320652173913043,0.97,0.95,0.9202898550724637,0.955,0.935,0.9030797101449275,0.695,0.7459339181661011,0.26184336850482226,0.8175,0.8504674393289364,0.1534828333676489,0.85,0.8841006595376832,0.11999962985497259,0.815,0.8515239802779023,0.13951564209751943,0.675,0.585,0.6389583333333333,0.685,0.595,0.6314583333333333,0.635,0.56,0.61625,0.91,0.89,0.8768115942028986,0.905,0.885,0.855072463768116,0.81,0.8,0.7998188405797102,0.7925,0.8221169238650189,0.1677911364146365,0.795,0.8257507844016136,0.18348713630359292,0.7225,0.7601972209771404,0.22110000161938448
qwen,S1,mnli@s1__ag_news@s1,200,4800,0.8447916666666667,0.805,0.53,0.52,0.4977083333333333,0.81,0.73,0.77375,0.895,0.79,0.8329166666666666,0.86,0.785,0.809375,200,4800,0.9416666666666667,0.92,0.83,0.79,0.868125,0.79,0.755,0.8425,0.67,0.635,0.7114583333333333,0.49,0.46,0.49666666666666665,0.6799999999999999,0.7523291925465838,0.24447407330619908,0.8,0.8637422360248447,0.09470172299029933,0.7825,0.8357919254658385,0.12926287332365827,0.675,0.7375776397515528,0.25724496142640474,0.845,0.785,0.78125,0.825,0.77,0.7675,0.775,0.705,0.7275,0.435,0.405,0.41520833333333335,0.41,0.38,0.39208333333333334,0.36,0.325,0.355,0.64,0.7076863354037267,0.31714328972207373,0.6174999999999999,0.6847826086956521,0.33756015189376165,0.5675,0.6145186335403726,0.3809248933360977
qwen,S1,mnli@s1__imdb@s1,200,4800,0.8447916666666667,0.805,0.46,0.45,0.41270833333333334,0.69,0.65,0.6704166666666667,0.83,0.76,0.7910416666666666,0.905,0.81,0.8141666666666667,200,4800,0.9439583333333333,0.955,0.735,0.73,0.7277083333333333,0.825,0.82,0.8058333333333333,0.905,0.9,0.8589583333333334,0.915,0.91,0.8941666666666667,0.5975,0.6617020584696433,0.37027791286278033,0.7575,0.8330460798022828,0.1763685758690441,0.8674999999999999,0.9432538779226692,0.07683575075769311,0.91,0.9795453806380281,0.04449963955662606,0.885,0.81,0.793125,0.855,0.78,0.76625,0.725,0.705,0.6639583333333333,0.94,0.925,0.9014583333333334,0.9,0.885,0.8795833333333334,0.7,0.675,0.7285416666666666,0.9125,0.9873987837793893,0.05309111828883428,0.8775,0.9478228350297551,0.08058425299233307,0.7124999999999999,0.7912913401190205,0.22113120710295242
qwen,S1,mnli@s1__trec@s1,200,4800,0.8447916666666667,0.805,0.475,0.455,0.454375,0.725,0.665,0.6783333333333333,0.835,0.745,0.789375,0.92,0.795,0.8314583333333333,200,300,0.9733333333333334,0.985,0.9,0.895,0.8933333333333333,0.89,0.885,0.8766666666666667,0.87,0.875,0.84,0.81,0.815,0.8133333333333334,0.6875,0.7369234164643567,0.2721686401026976,0.8075,0.8622820569410726,0.14817787949934969,0.8525,0.9068953558028817,0.10129216424843346,0.865,0.9074944036321215,0.09008327280712125,0.92,0.79,0.8245833333333333,0.905,0.79,0.8129166666666666,0.87,0.785,0.7635416666666667,0.73,0.735,0.7533333333333333,0.675,0.68,0.6833333333333333,0.585,0.59,0.6066666666666667,0.825,0.8637796765141722,0.12497424117021105,0.79,0.835860894788284,0.16783820076685307,0.7275,0.7870700255383548,0.2364449436683953
qwen,S1,mnli@s1__yelp_polarity@s1,200,4800,0.8447916666666667,0.805,0.48,0.47,0.47020833333333334,0.78,0.705,0.7491666666666666,0.87,0.76,0.7958333333333333,0.865,0.755,0.7745833333333333,200,4800,0.971875,0.97,0.915,0.905,0.9089583333333333,0.96,0.97,0.946875,0.97,0.97,0.958125,0.97,0.96,0.9610416666666667,0.6975,0.758420311199334,0.2540703060675624,0.87,0.9378881987577639,0.0694585304157862,0.9199999999999999,0.9720496894409938,0.03605052711709189,0.9175,0.9637894602036243,0.04712705656282923,0.82,0.74,0.745625,0.79,0.71,0.729375,0.745,0.695,0.67,0.97,0.95,0.956875,0.96,0.94,0.94625,0.91,0.88,0.893125,0.895,0.9493180508420311,0.06641001344059383,0.875,0.9255298712941025,0.0814940072396827,0.8275,0.8852852660562207,0.14396699719690287
qwen,S1,qnli@s1__rte@s1,200,4800,0.9247916666666667,0.87,0.76,0.74,0.7808333333333334,0.885,0.855,0.8725,0.91,0.87,0.8991666666666667,0.935,0.885,0.905,138,139,0.7410071942446043,0.8115942028985508,0.6739130434782609,0.644927536231884,0.6834532374100719,0.8478260869565217,0.7898550724637681,0.7266187050359713,0.8405797101449275,0.7971014492753623,0.7194244604316546,0.7681159420289855,0.7246376811594203,0.7122302158273381,0.7169565217391305,0.8226087848932676,0.116667796691724,0.8664130434782609,0.9779864532019704,0.03798087122744764,0.8752898550724637,0.9910714285714286,0.028417578523983078,0.8515579710144927,0.9550492610837438,0.03011808397325555,0.915,0.875,0.89125,0.905,0.885,0.8797916666666666,0.835,0.795,0.8314583333333333,0.7391304347826086,0.6811594202898551,0.6546762589928058,0.7681159420289855,0.6956521739130435,0.6402877697841727,0.717391304347826,0.6739130434782609,0.5899280575539568,0.8270652173913043,0.9225164203612479,0.07638714221037268,0.8365579710144928,0.937192118226601,0.0922909690584558,0.7761956521739131,0.8720751231527093,0.15240356329707772
qwen,S1,qnli@s1__wic@s1,200,4800,0.9247916666666667,0.87,0.73,0.73,0.7352083333333334,0.865,0.845,0.8622916666666667,0.91,0.85,0.8991666666666667,0.895,0.855,0.888125,200,438,0.6986301369863014,0.68,0.59,0.53,0.5251141552511416,0.705,0.605,0.634703196347032,0.87,0.66,0.6940639269406392,0.89,0.64,0.7077625570776256,0.6599999999999999,0.8092461122379986,0.22668356972585535,0.7849999999999999,0.9304851250845165,0.0795430284451395,0.89,0.9737998647734956,0.01712244558407583,0.8925000000000001,0.9619675456389452,0.013288337036398978,0.845,0.815,0.851875,0.81,0.78,0.8160416666666667,0.67,0.66,0.7014583333333333,0.82,0.65,0.7054794520547946,0.8,0.64,0.7009132420091324,0.705,0.615,0.639269406392694,0.8325,0.9463319810682893,0.03452133275026614,0.805,0.9188640973630832,0.057163039429183105,0.6875,0.8315162271805274,0.16323157632806073
qwen,S1,qnli@s1__snli@s1,200,4800,0.9247916666666667,0.87,0.795,0.765,0.803125,0.905,0.855,0.8916666666666667,0.94,0.88,0.909375,0.94,0.84,0.9039583333333333,200,4800,0.8910416666666666,0.88,0.675,0.61,0.6847916666666667,0.915,0.82,0.8464583333333333,0.955,0.855,0.8689583333333334,0.94,0.84,0.8595833333333334,0.7350000000000001,0.7862460815047021,0.18151590971327058,0.91,0.9572884012539185,0.04292697471868556,0.9475,0.9915425809822362,0.020727074088718656,0.94,0.9600313479623823,0.028916358358488825,0.9,0.81,0.89,0.89,0.81,0.8720833333333333,0.81,0.74,0.79625,0.885,0.825,0.8402083333333333,0.875,0.81,0.8197916666666667,0.785,0.725,0.74875,0.8925000000000001,0.9342672413793104,0.04733520973761007,0.8825000000000001,0.9257445141065832,0.06847870462686911,0.7975000000000001,0.8372191745036572,0.14934332083105284
qwen,S1,qnli@s1__scitail@s1,200,4800,0.9247916666666667,0.87,0.81,0.8,0.8189583333333333,0.865,0.835,0.8458333333333333,0.865,0.865,0.866875,0.91,0.88,0.8860416666666666,200,1104,0.9655797101449275,0.97,0.95,0.93,0.9257246376811594,0.955,0.935,0.947463768115942,0.96,0.94,0.9556159420289855,0.94,0.92,0.9447463768115942,0.88,0.9391515582414979,0.07785799330258358,0.9099999999999999,0.9618438203578623,0.052070658038273265,0.9125,0.9816625192558359,0.03647283353627895,0.925,0.9799739305604931,0.0317386570594006,0.905,0.865,0.8858333333333334,0.89,0.86,0.8727083333333333,0.85,0.8,0.8289583333333334,0.91,0.89,0.9221014492753623,0.89,0.87,0.9130434782608695,0.87,0.85,0.8722826086956522,0.9075,0.9558893233795474,0.04357737384017746,0.89,0.9427064818106411,0.055363998196101605,0.86,0.897914444839436,0.10012491615549868
qwen,S1,qnli@s1__ag_news@s1,200,4800,0.9247916666666667,0.87,0.855,0.785,0.838125,0.9,0.85,0.8908333333333334,0.885,0.835,0.8797916666666666,0.825,0.805,0.8483333333333334,200,4800,0.9416666666666667,0.92,0.855,0.815,0.864375,0.815,0.775,0.8133333333333334,0.685,0.64,0.6802083333333333,0.615,0.585,0.6008333333333333,0.855,0.894084207896052,0.08789722332423588,0.8574999999999999,0.9097013993003498,0.0865015839093155,0.785,0.827711144427786,0.16315723763823076,0.72,0.7805784607696151,0.22231159054797878,0.785,0.765,0.810625,0.75,0.73,0.7791666666666667,0.675,0.665,0.6877083333333334,0.57,0.54,0.5466666666666666,0.53,0.495,0.49875,0.46,0.43,0.41875,0.6775,0.7331334332833583,0.2714601271513356,0.64,0.6885619690154923,0.31391094023807486,0.5675,0.6158795602198901,0.4058368902347854
qwen,S1,qnli@s1__imdb@s1,200,4800,0.9247916666666667,0.87,0.76,0.74,0.7627083333333333,0.885,0.815,0.8625,0.935,0.865,0.89625,0.94,0.88,0.9064583333333334,200,4800,0.9439583333333333,0.955,0.85,0.835,0.83,0.94,0.925,0.9047916666666667,0.965,0.93,0.9285416666666667,0.98,0.935,0.9335416666666667,0.8049999999999999,0.862460131190949,0.14799430063248797,0.9125,0.9526839983149786,0.0544247286682531,0.95,0.9840374315460072,0.023597371246782295,0.96,0.9952759222483001,0.015429688170038647,0.935,0.855,0.8983333333333333,0.91,0.85,0.8835416666666667,0.84,0.77,0.8277083333333334,0.94,0.905,0.9175,0.91,0.875,0.9029166666666667,0.78,0.775,0.7879166666666667,0.9375,0.9652012998736235,0.028319589974876602,0.91,0.9466209303725102,0.04404145077720201,0.81,0.8482878979358488,0.13514213541029385
qwen,S1,qnli@s1__trec@s1,200,4800,0.9247916666666667,0.87,0.76,0.75,0.785625,0.885,0.865,0.8670833333333333,0.91,0.89,0.8889583333333333,0.915,0.875,0.8908333333333334,200,300,0.9733333333333334,0.985,0.95,0.935,0.9433333333333334,0.985,0.97,0.9666666666666667,0.985,0.97,0.9633333333333334,0.98,0.965,0.9666666666666667,0.855,0.9056537720987223,0.09065313056439339,0.935,0.9895122235836395,0.03462537841732838,0.9475,1.0038800396755936,0.02451071912407765,0.9475,0.9927212789544314,0.02178464852320805,0.895,0.855,0.8783333333333333,0.88,0.85,0.8652083333333334,0.795,0.765,0.8129166666666666,0.965,0.97,0.95,0.95,0.955,0.94,0.845,0.85,0.86,0.9299999999999999,0.983765097146858,0.037104571250466845,0.915,0.9732773207304977,0.049337750388060986,0.8200000000000001,0.8711272536320672,0.11870577416239003
qwen,S1,qnli@s1__yelp_polarity@s1,200,4800,0.9247916666666667,0.87,0.805,0.755,0.7991666666666667,0.91,0.84,0.886875,0.94,0.86,0.9016666666666666,0.905,0.855,0.8960416666666666,200,4800,0.971875,0.97,0.945,0.935,0.9435416666666666,0.975,0.955,0.9664583333333333,0.99,0.96,0.9679166666666666,0.975,0.945,0.9635416666666666,0.875,0.9158668088636095,0.08249733737333065,0.9425,0.9750266619267685,0.02328682217710276,0.965,0.9890982343879606,0.014539257535819083,0.94,0.9784927124066832,0.019831286895579003,0.905,0.815,0.88625,0.87,0.78,0.8779166666666667,0.8,0.74,0.8385416666666666,0.945,0.915,0.9572916666666667,0.925,0.895,0.9470833333333334,0.865,0.845,0.8947916666666667,0.925,0.9400402891337836,0.02834070611096673,0.8975,0.9096160682545326,0.038098101041943666,0.8325,0.8608543666311175,0.08628914471674753
qwen,S1,rte@s1__wic@s1,138,139,0.7410071942446043,0.8115942028985508,0.463768115942029,0.463768115942029,0.5251798561151079,0.5217391304347826,0.5217391304347826,0.5467625899280576,0.5579710144927537,0.5579710144927537,0.5467625899280576,0.5289855072463768,0.5289855072463768,0.539568345323741,200,438,0.6986301369863014,0.68,0.56,0.51,0.5182648401826484,0.705,0.585,0.6255707762557078,0.85,0.62,0.6757990867579908,0.915,0.655,0.682648401826484,0.5118840579710145,0.6607142857142857,0.2747160352814264,0.6133695652173913,0.7515756302521008,0.18335554286439493,0.7039855072463768,0.7996323529411764,0.1474078304460943,0.7219927536231885,0.8075105042016807,0.14736023859381941,0.5289855072463768,0.5289855072463768,0.5107913669064749,0.4927536231884058,0.4927536231884058,0.5035971223021583,0.4492753623188406,0.4492753623188406,0.5107913669064749,0.87,0.68,0.6529680365296804,0.83,0.67,0.6461187214611872,0.73,0.6,0.6210045662100456,0.6994927536231884,0.8258928571428572,0.18801954438733415,0.6613768115942029,0.7962184873949579,0.1977758741036868,0.5896376811594203,0.7179621848739495,0.21089536138079823
qwen,S1,rte@s1__snli@s1,138,139,0.7410071942446043,0.8115942028985508,0.8043478260869565,0.7318840579710145,0.6834532374100719,0.8478260869565217,0.8043478260869565,0.7194244604316546,0.8768115942028986,0.7898550724637681,0.7338129496402878,0.8695652173913043,0.8115942028985508,0.7410071942446043,200,4800,0.8910416666666666,0.88,0.73,0.675,0.6872916666666666,0.905,0.835,0.84375,0.945,0.845,0.8733333333333333,0.955,0.855,0.8745833333333334,0.7671739130434783,0.8344155844155845,0.15316742749091428,0.8764130434782609,0.9699675324675324,0.04110039929085585,0.9109057971014493,0.9667207792207791,0.0147912405710382,0.9122826086956521,0.9857954545454546,0.009235445405658127,0.8333333333333334,0.7898550724637681,0.7194244604316546,0.8115942028985508,0.7681159420289855,0.7050359712230215,0.782608695652174,0.7391304347826086,0.6834532374100719,0.92,0.86,0.860625,0.88,0.85,0.849375,0.85,0.82,0.8120833333333334,0.8766666666666667,0.9752435064935064,0.031631145140750605,0.8457971014492753,0.956168831168831,0.04765271910489832,0.816304347826087,0.9212662337662336,0.08314170852902514
qwen,S1,rte@s1__scitail@s1,138,139,0.7410071942446043,0.8115942028985508,0.6231884057971014,0.5652173913043478,0.5683453237410072,0.6884057971014492,0.6304347826086957,0.5611510791366906,0.6304347826086957,0.5869565217391305,0.5539568345323741,0.5797101449275363,0.5652173913043478,0.5107913669064749,200,1104,0.9655797101449275,0.97,0.925,0.895,0.9202898550724637,0.96,0.93,0.9447463768115942,0.985,0.955,0.9556159420289855,0.98,0.96,0.9565217391304348,0.7740942028985507,0.8095544918998527,0.13995701196743104,0.8242028985507246,0.8677743004418262,0.13214721579628042,0.8077173913043478,0.8538751840942562,0.13137306690467954,0.7798550724637681,0.8430596465390279,0.16003023734494248,0.5217391304347826,0.5072463768115942,0.45323741007194246,0.4855072463768116,0.5,0.4172661870503597,0.42028985507246375,0.43478260869565216,0.34532374100719426,0.965,0.945,0.9411231884057971,0.935,0.915,0.9293478260869565,0.855,0.835,0.8985507246376812,0.7433695652173913,0.7996134020618557,0.20683892238474288,0.7102536231884058,0.7796851988217968,0.2372083280205468,0.6376449275362319,0.6982695139911634,0.3016994845079145
qwen,S1,rte@s1__ag_news@s1,138,139,0.7410071942446043,0.8115942028985508,0.7898550724637681,0.7318840579710145,0.6187050359712231,0.8405797101449275,0.7246376811594203,0.6187050359712231,0.782608695652174,0.7101449275362319,0.6618705035971223,0.7681159420289855,0.7101449275362319,0.6330935251798561,200,4800,0.9416666666666667,0.92,0.88,0.84,0.9025,0.96,0.9,0.9297916666666667,0.98,0.91,0.9404166666666667,0.98,0.92,0.9420833333333334,0.834927536231884,0.9074145962732919,0.10332073202165137,0.9002898550724637,0.93555900621118,0.08882958157917342,0.8813043478260869,0.9320652173913043,0.05406177506658638,0.8740579710144927,0.9375,0.07259429504252934,0.717391304347826,0.6739130434782609,0.6402877697841727,0.7101449275362319,0.6811594202898551,0.60431654676259,0.6594202898550725,0.6159420289855072,0.6187050359712231,0.97,0.92,0.9377083333333334,0.97,0.92,0.935625,0.94,0.905,0.9260416666666667,0.843695652173913,0.9151785714285714,0.07006293496004812,0.840072463768116,0.9196428571428572,0.09544097431050769,0.7997101449275362,0.8713121118012421,0.09082073202165131
qwen,S1,rte@s1__imdb@s1,138,139,0.7410071942446043,0.8115942028985508,0.5579710144927537,0.5434782608695652,0.5251798561151079,0.6956521739130435,0.6811594202898551,0.6258992805755396,0.7681159420289855,0.7536231884057971,0.6834532374100719,0.7898550724637681,0.7318840579710145,0.6906474820143885,200,4800,0.9439583333333333,0.955,0.86,0.865,0.8477083333333333,0.96,0.945,0.923125,0.985,0.96,0.9375,0.985,0.95,0.9395833333333333,0.7089855072463769,0.7877010097232611,0.1966131911127873,0.8278260869565217,0.9144072550486163,0.08870499450388158,0.8765579710144927,0.9669035153328347,0.04225582984960141,0.887427536231884,0.9482750560957367,0.03629795175843642,0.7536231884057971,0.6666666666666666,0.6618705035971223,0.7536231884057971,0.6376811594202898,0.6187050359712231,0.6231884057971014,0.5797101449275363,0.5467625899280576,0.955,0.93,0.9204166666666667,0.88,0.875,0.8879166666666667,0.71,0.705,0.7285416666666666,0.8543115942028985,0.8976252804786836,0.06586771175055128,0.8168115942028986,0.850972326103216,0.11220866822515019,0.6665942028985508,0.7262528047868362,0.24517080821867898
qwen,S1,rte@s1__trec@s1,138,139,0.7410071942446043,0.8115942028985508,0.572463768115942,0.5434782608695652,0.5539568345323741,0.717391304347826,0.6739130434782609,0.6330935251798561,0.8405797101449275,0.7391304347826086,0.6690647482014388,0.8695652173913043,0.7391304347826086,0.6330935251798561,200,300,0.9733333333333334,0.985,0.98,0.965,0.97,0.995,0.98,0.9733333333333334,1.0,0.985,0.9733333333333334,1.0,0.985,0.9733333333333334,0.7762318840579709,0.8246691443074692,0.1279259210001331,0.856195652173913,0.9126405003625815,0.07281553398058249,0.9202898550724637,0.9553571428571428,0.04854368932038833,0.9347826086956521,0.9553571428571428,0.07281553398058249,0.8478260869565217,0.7463768115942029,0.6115107913669064,0.7898550724637681,0.717391304347826,0.6115107913669064,0.6666666666666666,0.6376811594202898,0.5755395683453237,0.98,0.965,0.9766666666666667,0.975,0.96,0.9633333333333334,0.94,0.935,0.9533333333333334,0.9139130434782609,0.9496691443074692,0.08566631200957575,0.8824275362318841,0.9292739303843364,0.09251562707806893,0.8033333333333332,0.8674764321972444,0.12192445803963292
qwen,S1,rte@s1__yelp_polarity@s1,138,139,0.7410071942446043,0.8115942028985508,0.6594202898550725,0.6304347826086957,0.5611510791366906,0.7753623188405797,0.717391304347826,0.6402877697841727,0.7536231884057971,0.7246376811594203,0.6690647482014388,0.7391304347826086,0.6811594202898551,0.5755395683453237,200,4800,0.971875,0.97,0.94,0.93,0.9329166666666666,0.97,0.96,0.9579166666666666,0.99,0.97,0.9666666666666667,0.995,0.965,0.97,0.7997101449275362,0.8677743004418262,0.14140209575541896,0.8726811594202899,0.9368096465390279,0.07514230116858656,0.8718115942028986,0.9464285714285714,0.051223217723389336,0.8670652173913043,0.9170655375552283,0.11261511566197369,0.6956521739130435,0.6376811594202898,0.5539568345323741,0.6666666666666666,0.6231884057971014,0.5611510791366906,0.5434782608695652,0.5144927536231884,0.5683453237410072,0.995,0.965,0.968125,0.99,0.96,0.9652083333333333,0.97,0.95,0.9570833333333333,0.8453260869565218,0.8902798232695139,0.1281428526831705,0.8283333333333334,0.8787739322533137,0.12478901965681222,0.7567391304347826,0.8066550073637702,0.12411471503345506
qwen,S1,wic@s1__snli@s1,200,438,0.6986301369863014,0.68,0.68,0.58,0.593607305936073,0.825,0.605,0.6598173515981736,0.895,0.635,0.7031963470319634,0.875,0.645,0.7054794520547946,200,4800,0.8910416666666666,0.88,0.48,0.44,0.4558333333333333,0.695,0.655,0.6689583333333333,0.83,0.78,0.746875,0.815,0.775,0.7639583333333333,0.5800000000000001,0.676470588235294,0.31937663226774615,0.76,0.8170120320855615,0.15239783856805134,0.8625,0.9100935828877005,0.0776298517224675,0.845,0.914605614973262,0.06640970627203413,0.84,0.65,0.682648401826484,0.825,0.655,0.6689497716894978,0.71,0.6,0.6712328767123288,0.795,0.755,0.7258333333333333,0.765,0.745,0.6858333333333333,0.615,0.605,0.56375,0.8175,0.9069184491978609,0.10414307566998438,0.7949999999999999,0.9049131016042781,0.13639263670552781,0.6625,0.7849264705882353,0.20326461190040668
qwen,S1,wic@s1__scitail@s1,200,438,0.6986301369863014,0.68,0.76,0.61,0.6621004566210046,0.73,0.64,0.6552511415525114,0.69,0.65,0.6301369863013698,0.655,0.635,0.632420091324201,200,1104,0.9655797101449275,0.97,0.745,0.755,0.8016304347826086,0.81,0.82,0.8659420289855072,0.79,0.8,0.8668478260869565,0.76,0.77,0.822463768115942,0.7525,0.8377046694966646,0.11104060135623983,0.77,0.8932686476652516,0.08264049835068488,0.74,0.8903123104912067,0.1001453114078652,0.7075,0.8638189812007278,0.12149443892628975,0.655,0.625,0.6278538812785388,0.65,0.62,0.6255707762557078,0.585,0.575,0.593607305936073,0.715,0.725,0.7581521739130435,0.685,0.695,0.7391304347826086,0.66,0.65,0.6992753623188406,0.685,0.8332701637355973,0.15806447657236755,0.6675,0.8141297756215888,0.16954836969184173,0.6225,0.7578456640388114,0.2130620853719849
qwen,S1,wic@s1__ag_news@s1,200,438,0.6986301369863014,0.68,0.65,0.56,0.593607305936073,0.835,0.625,0.684931506849315,0.905,0.625,0.7077625570776256,0.905,0.645,0.682648401826484,200,4800,0.9416666666666667,0.92,0.87,0.83,0.895,0.945,0.885,0.92625,0.97,0.9,0.9327083333333334,0.975,0.905,0.9279166666666666,0.76,0.8628516624040921,0.0999421597547574,0.8899999999999999,0.9405370843989769,0.017989762276592103,0.9375,0.9486892583120204,-0.0017793105442767132,0.94,0.9661125319693095,0.018738793452484304,0.87,0.63,0.6506849315068494,0.84,0.62,0.634703196347032,0.735,0.605,0.6232876712328768,0.965,0.89,0.9177083333333333,0.955,0.88,0.9114583333333334,0.865,0.815,0.8652083333333334,0.9175,0.94693094629156,0.04703496442824917,0.8975,0.9341432225063938,0.061791456995777594,0.8,0.8877877237851661,0.09451891376019428
qwen,S1,wic@s1__imdb@s1,200,438,0.6986301369863014,0.68,0.615,0.545,0.5570776255707762,0.775,0.585,0.6757990867579908,0.92,0.66,0.6940639269406392,0.9,0.67,0.6757990867579908,200,4800,0.9439583333333333,0.955,0.83,0.825,0.8139583333333333,0.925,0.92,0.904375,0.95,0.945,0.9325,0.965,0.93,0.933125,0.7224999999999999,0.8326724668925162,0.17016616107194737,0.8500000000000001,0.9118224514936866,0.037306543304440165,0.935,0.980058515552818,0.009337274231402293,0.9325,0.9795580535879274,0.022078116908501144,0.88,0.64,0.6438356164383562,0.795,0.625,0.6598173515981736,0.68,0.62,0.6095890410958904,0.91,0.885,0.8958333333333334,0.89,0.875,0.8666666666666667,0.785,0.77,0.795625,0.895,0.9339390206344318,0.06470674785032082,0.8425,0.917674006775485,0.06871796758135307,0.7325,0.8590237141977211,0.14229534232585106
qwen,S1,wic@s1__trec@s1,200,438,0.6986301369863014,0.68,0.575,0.525,0.5251141552511416,0.69,0.59,0.6118721461187214,0.8,0.63,0.6666666666666666,0.835,0.635,0.678082191780822,200,300,0.9733333333333334,0.985,0.97,0.955,0.9533333333333334,0.995,0.98,0.9633333333333334,0.995,0.98,0.97,0.985,0.97,0.9633333333333334,0.7725,0.8708009853687668,0.13445697913868737,0.8425,0.9312854583457748,0.0672284895693438,0.8975,0.9606972230516572,0.024588145760587432,0.9099999999999999,0.9592975515079127,0.019842868654311063,0.82,0.62,0.6643835616438356,0.815,0.625,0.6575342465753424,0.745,0.615,0.634703196347032,0.98,0.965,0.9566666666666667,0.94,0.93,0.9333333333333333,0.79,0.785,0.79,0.8999999999999999,0.945730068677217,0.03307144775718518,0.8775,0.9316400418035234,0.049959709911361894,0.7675000000000001,0.8506830397133472,0.13992971617870897
qwen,S1,wic@s1__yelp_polarity@s1,200,438,0.6986301369863014,0.68,0.68,0.59,0.6301369863013698,0.85,0.64,0.6940639269406392,0.875,0.665,0.6872146118721462,0.855,0.655,0.6575342465753424,200,4800,0.971875,0.97,0.94,0.93,0.9229166666666667,0.965,0.965,0.9564583333333333,0.965,0.965,0.965625,0.95,0.95,0.9635416666666666,0.81,0.9132049727107338,0.07420717483134731,0.9075,0.9680109157064888,0.011199377929092424,0.9199999999999999,0.9863932686476653,0.0113853687241241,0.9025,0.9713083687083081,0.03369901015068422,0.78,0.65,0.6484018264840182,0.77,0.65,0.636986301369863,0.715,0.595,0.6187214611872146,0.93,0.93,0.949375,0.925,0.925,0.9320833333333334,0.84,0.84,0.8602083333333334,0.855,0.9573226197695572,0.04752327511926535,0.8475,0.9547453001819284,0.0645892440577518,0.7775,0.8704896907216495,0.1146386314440031
qwen,S1,snli@s1__scitail@s1,200,4800,0.8910416666666666,0.88,0.71,0.655,0.7041666666666667,0.87,0.795,0.8072916666666666,0.84,0.8,0.7964583333333334,0.79,0.78,0.765,200,1104,0.9655797101449275,0.97,0.945,0.915,0.9311594202898551,0.965,0.935,0.927536231884058,0.965,0.955,0.9402173913043478,0.95,0.94,0.9221014492753623,0.8274999999999999,0.8438085754451734,0.12268686165935772,0.9175,0.9336633083411434,0.06669537001659465,0.9025,0.946813495782568,0.06620779324463799,0.87,0.927717900656045,0.09324121648978934,0.775,0.76,0.7370833333333333,0.765,0.755,0.72375,0.735,0.71,0.7089583333333334,0.91,0.9,0.8994565217391305,0.89,0.88,0.884963768115942,0.805,0.795,0.8288043478260869,0.8425,0.8957357075913777,0.12063248116699077,0.8275,0.8825855201499531,0.13561905142081576,0.77,0.8132029053420806,0.17299993727082463
qwen,S1,snli@s1__ag_news@s1,200,4800,0.8910416666666666,0.88,0.73,0.665,0.7010416666666667,0.945,0.85,0.8602083333333334,0.935,0.85,0.8725,0.92,0.865,0.8647916666666666,200,4800,0.9416666666666667,0.92,0.88,0.835,0.89125,0.935,0.88,0.92,0.97,0.915,0.9252083333333333,0.94,0.89,0.9035416666666667,0.8049999999999999,0.8316452569169961,0.13338669897227606,0.94,0.9612154150197627,0.028806271867842126,0.9525,0.9802371541501975,0.019143427180990713,0.9299999999999999,0.9751729249011858,0.03497331373202206,0.905,0.85,0.8522916666666667,0.895,0.85,0.8439583333333334,0.855,0.815,0.8135416666666667,0.915,0.875,0.8572916666666667,0.87,0.84,0.8010416666666667,0.615,0.61,0.5979166666666667,0.91,0.958498023715415,0.06654509818932708,0.8825000000000001,0.9394762845849802,0.10108852971543603,0.735,0.7945899209486165,0.22601055036095508
qwen,S1,snli@s1__imdb@s1,200,4800,0.8910416666666666,0.88,0.59,0.55,0.6135416666666667,0.895,0.84,0.8333333333333334,0.935,0.85,0.87625,0.94,0.855,0.8735416666666667,200,4800,0.9439583333333333,0.955,0.8,0.795,0.7902083333333333,0.89,0.885,0.8645833333333334,0.92,0.915,0.9035416666666667,0.945,0.94,0.9227083333333334,0.6950000000000001,0.7287303664921466,0.2371555997452306,0.8925000000000001,0.9406235126130413,0.07442621006861672,0.9275,0.962012137077582,0.02970828811491477,0.9424999999999999,0.9779420514040933,0.021075760689861167,0.91,0.83,0.8591666666666666,0.885,0.815,0.8435416666666666,0.81,0.77,0.7904166666666667,0.95,0.945,0.9254166666666667,0.96,0.955,0.92375,0.865,0.85,0.860625,0.9299999999999999,0.9663553069966682,0.02770760046642029,0.9225,0.9630681818181818,0.037358235710485244,0.8375,0.8825261780104712,0.1006051781490016
qwen,S1,snli@s1__trec@s1,200,4800,0.8910416666666666,0.88,0.62,0.58,0.65,0.89,0.83,0.8385416666666666,0.945,0.86,0.875,0.955,0.87,0.8802083333333334,200,300,0.9733333333333334,0.985,0.965,0.95,0.9533333333333334,0.98,0.965,0.9733333333333334,0.99,0.975,0.9666666666666667,0.985,0.97,0.9633333333333334,0.7925,0.8117789570835257,0.1455323312653536,0.935,0.9614386248269496,0.029459901800327315,0.9675,0.9835602215043839,0.01242629419545771,0.97,0.9867039686202123,0.011216013656992985,0.94,0.865,0.8704166666666666,0.915,0.855,0.86125,0.86,0.805,0.8297916666666667,0.97,0.955,0.96,0.955,0.95,0.96,0.875,0.88,0.92,0.955,0.9762488463313337,0.0184228479186217,0.935,0.9680289570835257,0.02356664029645672,0.8674999999999999,0.9040868712505769,0.06176714570768782
qwen,S1,snli@s1__yelp_polarity@s1,200,4800,0.8910416666666666,0.88,0.625,0.575,0.6383333333333333,0.925,0.84,0.8533333333333334,0.945,0.865,0.874375,0.945,0.865,0.866875,200,4800,0.971875,0.97,0.935,0.925,0.9222916666666666,0.97,0.96,0.9522916666666666,0.97,0.97,0.9620833333333333,0.975,0.975,0.9672916666666667,0.78,0.8035086691658857,0.16731411390370132,0.9475,0.9721180880974696,0.03123471816774126,0.9575,0.9914772727272727,0.01438986317552371,0.96,0.9940545923149016,0.015918892172569477,0.93,0.865,0.855,0.92,0.865,0.84625,0.89,0.845,0.82,0.975,0.975,0.9666666666666667,0.97,0.97,0.9639583333333334,0.95,0.95,0.9516666666666667,0.9525,0.9940545923149016,0.022903984797670196,0.9450000000000001,0.9914772727272727,0.029207323200618696,0.9199999999999999,0.9698043580131208,0.050260961131864956
qwen,S1,scitail@s1__ag_news@s1,200,1104,0.9655797101449275,0.97,0.88,0.85,0.8568840579710145,0.885,0.875,0.8695652173913043,0.91,0.9,0.9003623188405797,0.935,0.925,0.927536231884058,200,4800,0.9416666666666667,0.92,0.92,0.86,0.8995833333333333,0.965,0.905,0.9216666666666666,0.95,0.91,0.9175,0.905,0.875,0.8797916666666666,0.9,0.9055356342447333,0.07863031097976059,0.925,0.942878753922008,0.060338043135366726,0.9299999999999999,0.9584827431645002,0.04660296534891817,0.92,0.9523476019722098,0.0525537946836242,0.94,0.93,0.9402173913043478,0.94,0.93,0.9384057971014492,0.93,0.92,0.9193840579710145,0.82,0.8,0.8141666666666667,0.755,0.73,0.7533333333333333,0.65,0.64,0.6345833333333334,0.8799999999999999,0.9141640519946213,0.08083232329940726,0.8474999999999999,0.8761205737337516,0.11407129455909948,0.79,0.8220528910802332,0.18697429809560173
qwen,S1,scitail@s1__imdb@s1,200,1104,0.9655797101449275,0.97,0.945,0.915,0.9365942028985508,0.965,0.935,0.9365942028985508,0.96,0.93,0.9365942028985508,0.935,0.925,0.9384057971014492,200,4800,0.9439583333333333,0.955,0.93,0.935,0.8797916666666666,0.97,0.955,0.9339583333333333,0.975,0.95,0.9402083333333333,0.945,0.92,0.928125,0.9375,0.9611782803476009,0.048997462964120775,0.9675,0.981958762886598,0.0203062248268443,0.9675,0.9767636422518486,0.016995697349466266,0.94,0.9584795163814974,0.022457964168457245,0.92,0.91,0.9230072463768116,0.9,0.89,0.9139492753623188,0.815,0.805,0.8297101449275363,0.915,0.89,0.8935416666666667,0.86,0.855,0.8591666666666666,0.7,0.695,0.7,0.9175,0.9350407513358883,0.04874994979343872,0.88,0.9064068656555297,0.0716482824387179,0.7575,0.7788227991579857,0.1995773953291542
qwen,S1,scitail@s1__trec@s1,200,1104,0.9655797101449275,0.97,0.92,0.91,0.9311594202898551,0.96,0.93,0.9547101449275363,0.96,0.94,0.9565217391304348,0.965,0.945,0.9519927536231884,200,300,0.9733333333333334,0.985,0.95,0.935,0.9466666666666667,0.98,0.965,0.9566666666666667,0.98,0.965,0.9533333333333334,0.93,0.92,0.9333333333333333,0.935,0.9436914542885553,0.03152226991184559,0.97,0.9692291590350097,0.01419016165925624,0.97,0.9743837982102674,0.01496440412243949,0.9475,0.9541184782039877,0.027583592485029174,0.955,0.935,0.9483695652173914,0.945,0.925,0.9402173913043478,0.85,0.84,0.9121376811594203,0.84,0.835,0.8666666666666667,0.74,0.735,0.7866666666666666,0.575,0.57,0.6166666666666667,0.8975,0.9058166309069026,0.06370634043537482,0.8425,0.8499005704118479,0.10902361921406367,0.7124999999999999,0.7223297922444921,0.21089272404842063
qwen,S1,scitail@s1__yelp_polarity@s1,200,1104,0.9655797101449275,0.97,0.92,0.89,0.9202898550724637,0.94,0.92,0.9157608695652174,0.91,0.9,0.9039855072463768,0.885,0.875,0.8976449275362319,200,4800,0.971875,0.97,0.925,0.915,0.9472916666666666,0.94,0.92,0.9622916666666667,0.94,0.92,0.9602083333333333,0.91,0.89,0.9466666666666667,0.9225000000000001,0.9304123711340206,0.03609953166066415,0.94,0.9484536082474228,0.030727705619870926,0.925,0.9381443298969072,0.03789707795668118,0.8975,0.9097938144329898,0.04814715386827373,0.865,0.855,0.8768115942028986,0.835,0.825,0.8577898550724637,0.755,0.745,0.7382246376811594,0.9,0.89,0.9341666666666667,0.885,0.875,0.9204166666666667,0.84,0.83,0.884375,0.8825000000000001,0.8994845360824743,0.06536601453078594,0.86,0.8762886597938144,0.08228987570607837,0.7975,0.8118556701030928,0.16274590831488323
qwen,S1,ag_news@s1__imdb@s1,200,4800,0.9416666666666667,0.92,0.88,0.835,0.9041666666666667,0.935,0.895,0.9266666666666666,0.96,0.91,0.9325,0.97,0.91,0.9327083333333334,200,4800,0.9439583333333333,0.955,0.875,0.87,0.8402083333333333,0.945,0.93,0.9102083333333333,0.97,0.945,0.933125,0.98,0.955,0.93875,0.8775,0.9093017300250399,0.07486626054925449,0.94,0.9733240382426589,0.025841450147753076,0.965,0.9893296152970634,0.010605504264623478,0.975,0.9945652173913043,0.007515410065956685,0.96,0.9,0.9285416666666667,0.96,0.9,0.921875,0.93,0.88,0.8904166666666666,0.945,0.92,0.9260416666666667,0.915,0.89,0.90875,0.84,0.835,0.84375,0.9524999999999999,0.9708058274527658,0.01645920531715639,0.9375,0.9550990211700433,0.02915815434675184,0.885,0.9154336444343273,0.08029117993449253
qwen,S1,ag_news@s1__trec@s1,200,4800,0.9416666666666667,0.92,0.86,0.83,0.891875,0.94,0.9,0.9202083333333333,0.95,0.92,0.9279166666666666,0.955,0.915,0.9316666666666666,200,300,0.9733333333333334,0.985,0.955,0.94,0.95,0.99,0.975,0.97,0.995,0.98,0.97,0.995,0.98,0.9666666666666667,0.9075,0.9282443169278305,0.038424354467208266,0.965,0.984054292650629,0.0131061340768579,0.9724999999999999,0.9974619289340101,0.009013213722875557,0.975,0.9947445376296623,0.008734392047520911,0.955,0.905,0.933125,0.955,0.905,0.9320833333333334,0.955,0.895,0.9210416666666666,0.97,0.96,0.9533333333333334,0.945,0.935,0.95,0.875,0.875,0.8833333333333333,0.9624999999999999,0.9791574707570072,0.014809370832828184,0.95,0.9664671154270581,0.017074796945084292,0.915,0.9305754800264843,0.05718420414595715
qwen,S1,ag_news@s1__yelp_polarity@s1,200,4800,0.9416666666666667,0.92,0.905,0.865,0.9041666666666667,0.925,0.895,0.9191666666666667,0.915,0.885,0.914375,0.875,0.845,0.8889583333333333,200,4800,0.971875,0.97,0.935,0.935,0.9283333333333333,0.97,0.97,0.9560416666666667,0.975,0.975,0.9647916666666667,0.975,0.975,0.9691666666666666,0.92,0.9520674585387718,0.042312361873867665,0.9475,0.9864130434782609,0.020092668999990515,0.9450000000000001,0.983555580457194,0.01813530907055927,0.925,0.9618164500224115,0.029380080433277445,0.85,0.82,0.8552083333333333,0.835,0.795,0.831875,0.81,0.75,0.7652083333333334,0.96,0.96,0.9647916666666667,0.95,0.96,0.961875,0.93,0.95,0.9485416666666666,0.905,0.9404975347377857,0.04955123827409913,0.8925,0.9269105782160466,0.06344115471075318,0.8700000000000001,0.8972994173016584,0.1056989775109316
qwen,S1,imdb@s1__trec@s1,200,4800,0.9439583333333333,0.955,0.855,0.85,0.833125,0.94,0.935,0.9091666666666667,0.965,0.94,0.9329166666666666,0.985,0.96,0.9404166666666667,200,300,0.9733333333333334,0.985,0.975,0.96,0.97,0.995,0.98,0.9766666666666667,1.0,0.985,0.98,1.0,0.985,0.9733333333333334,0.915,0.932335822680522,0.06041901603262767,0.9675,0.9869907247455285,0.01671627419028132,0.9824999999999999,0.9921465968586387,0.0024239410091213553,0.9924999999999999,1.0026178010471205,0.001875965570514282,0.935,0.91,0.9295833333333333,0.895,0.87,0.9054166666666666,0.74,0.735,0.7795833333333333,0.99,0.975,0.96,0.97,0.955,0.9566666666666667,0.87,0.86,0.8533333333333334,0.9625,0.9713636484439365,0.014463528266462689,0.9325,0.9402689558030138,0.028976563279447864,0.8049999999999999,0.8213649772769553,0.14871070827148136
qwen,S1,imdb@s1__yelp_polarity@s1,200,4800,0.9439583333333333,0.955,0.965,0.94,0.9277083333333334,0.965,0.93,0.9420833333333334,0.945,0.93,0.939375,0.895,0.87,0.92875,200,4800,0.971875,0.97,0.965,0.955,0.964375,0.985,0.965,0.9695833333333334,0.965,0.945,0.9672916666666667,0.945,0.925,0.9547916666666667,0.965,0.9844146380957521,0.012465892341504525,0.975,0.9843336751767691,0.002172150740533896,0.955,0.9740243968262536,0.004785705144718211,0.9199999999999999,0.9323015059102931,0.016844470023463565,0.865,0.85,0.9025,0.825,0.81,0.87,0.74,0.735,0.7570833333333333,0.92,0.89,0.9339583333333333,0.925,0.895,0.9083333333333333,0.82,0.8,0.833125,0.8925000000000001,0.9037890646084095,0.04146679904045569,0.875,0.885423975819075,0.07186482166558683,0.78,0.7971878879473202,0.17036740822955265
qwen,S1,trec@s1__yelp_polarity@s1,200,300,0.9733333333333334,0.985,0.97,0.955,0.9666666666666667,0.99,0.975,0.9766666666666667,0.995,0.98,0.9766666666666667,0.995,0.98,0.9666666666666667,200,4800,0.971875,0.97,0.94,0.93,0.9283333333333333,0.965,0.965,0.9577083333333334,0.965,0.965,0.9654166666666667,0.98,0.96,0.9685416666666666,0.955,0.96415301690303,0.025825514983335518,0.9775,0.9923465382803914,0.005575988489039618,0.98,0.9948846093463812,0.0016102864525980864,0.9875,0.9923072897587524,0.0051395557121672875,0.98,0.965,0.9466666666666667,0.945,0.93,0.92,0.715,0.71,0.7233333333333334,0.97,0.97,0.9683333333333334,0.965,0.965,0.9670833333333333,0.945,0.945,0.9579166666666666,0.975,0.9898477157360406,0.015520709451027015,0.955,0.9695038986864828,0.029862426404733577,0.83,0.847519493432414,0.13560579365428949
qwen,P,ag_news@s0__cola@s1,200,4800,0.9422916666666666,0.93,0.905,0.865,0.900625,0.93,0.885,0.9239583333333333,0.95,0.9,0.9279166666666666,0.95,0.89,0.9220833333333334,200,843,0.8256227758007118,0.82,0.77,0.7,0.730723606168446,0.88,0.77,0.7995255041518387,0.935,0.815,0.8327402135231317,0.91,0.79,0.8220640569395018,0.8375,0.8918830317335431,0.07958048391236616,0.905,0.9453186467348544,0.025532654300751467,0.9425,0.9808221872541305,0.0033173359152836035,0.9299999999999999,0.9602019407290847,0.012878143892899874,0.935,0.885,0.9029166666666667,0.905,0.855,0.875625,0.73,0.71,0.76,0.825,0.725,0.7805456702253856,0.725,0.645,0.734282325029656,0.53,0.58,0.5824436536180309,0.88,0.9178796223446105,0.04819206304431245,0.815,0.852970102281668,0.09069084322530307,0.63,0.7353789666928927,0.24399795044993522
qwen,P,ag_news@s0__imdb@s1,200,4800,0.9422916666666666,0.93,0.905,0.865,0.9064583333333334,0.94,0.89,0.925,0.95,0.905,0.9297916666666667,0.945,0.895,0.929375,200,4800,0.9439583333333333,0.955,0.88,0.865,0.839375,0.955,0.94,0.9197916666666667,0.955,0.95,0.9370833333333334,0.97,0.935,0.9372916666666666,0.8925000000000001,0.9179333445926927,0.07441008859643927,0.9475,0.9706412205145527,0.021976032356850084,0.9524999999999999,0.9839413387378259,0.010274346088480879,0.9575,0.9707115915104431,0.010385087368013801,0.925,0.88,0.9210416666666666,0.91,0.875,0.906875,0.79,0.765,0.8547916666666666,0.89,0.865,0.8935416666666667,0.855,0.84,0.8366666666666667,0.62,0.625,0.6208333333333333,0.9075,0.925997860721725,0.03798062361857024,0.8825000000000001,0.9102206834431121,0.07562355830785772,0.7050000000000001,0.7385154534706975,0.21758363162400096
qwen,P,ag_news@s0__mnli@s1,200,4800,0.9422916666666666,0.93,0.845,0.815,0.8677083333333333,0.78,0.745,0.82125,0.64,0.615,0.67375,0.415,0.395,0.44083333333333335,200,4800,0.8447916666666667,0.805,0.43,0.43,0.39458333333333334,0.65,0.62,0.6445833333333333,0.79,0.75,0.785,0.88,0.795,0.8347916666666667,0.6375,0.7052527883523676,0.30603666204763,0.7150000000000001,0.7856308021104654,0.18272296711723857,0.7150000000000001,0.7964836706070928,0.17788232933577197,0.6475,0.7061544112736259,0.2720030762075628,0.325,0.3,0.35541666666666666,0.305,0.28,0.35229166666666667,0.37,0.345,0.405625,0.855,0.815,0.826875,0.84,0.815,0.810625,0.78,0.74,0.7595833333333334,0.59,0.6675015027048686,0.32201254964010495,0.5725,0.6567488145328256,0.33328849696291296,0.575,0.6451112001602884,0.3351983137017458
qwen,P,ag_news@s0__mrpc@s1,200,4800,0.9422916666666666,0.93,0.92,0.875,0.909375,0.95,0.905,0.92875,0.97,0.92,0.9364583333333333,0.96,0.905,0.9370833333333334,200,208,0.8557692307692307,0.89,0.83,0.81,0.8076923076923077,0.85,0.82,0.8413461538461539,0.865,0.845,0.8653846153846154,0.885,0.845,0.8557692307692307,0.875,0.9254862873021625,0.045556171080643915,0.8999999999999999,0.947233297088317,0.015612462644113645,0.9175,0.969342757037574,-0.0025226867918528573,0.9225,0.9612782409085417,0.0027636524430687537,0.945,0.9,0.9302083333333333,0.94,0.905,0.9202083333333333,0.885,0.86,0.8747916666666666,0.83,0.83,0.8461538461538461,0.785,0.795,0.8173076923076923,0.67,0.71,0.6923076923076923,0.8875,0.9501631025733961,0.012029651196009405,0.8625,0.9331883532680924,0.03418979647097109,0.7775000000000001,0.8612419958922315,0.13132255363969925
qwen,P,ag_news@s0__qnli@s1,200,4800,0.9422916666666666,0.93,0.815,0.79,0.85875,0.725,0.695,0.785625,0.57,0.55,0.61625,0.305,0.285,0.3525,200,4800,0.9247916666666667,0.87,0.79,0.75,0.788125,0.915,0.855,0.8854166666666666,0.925,0.865,0.9047916666666667,0.9,0.84,0.880625,0.8025,0.8557656655543197,0.11821950106877832,0.8200000000000001,0.8650352243233221,0.10441924399618141,0.7475,0.792825361512792,0.183817889162732,0.6025,0.635984427141268,0.336835254736909,0.26,0.24,0.26375,0.25,0.23,0.25,0.245,0.225,0.24625,0.82,0.77,0.8283333333333334,0.78,0.75,0.783125,0.645,0.625,0.6670833333333334,0.54,0.5715609936967001,0.4122000257301708,0.515,0.5546903967371153,0.4439385101713118,0.445,0.4801631442343344,0.508667695641067
qwen,P,ag_news@s0__rte@s1,200,4800,0.9422916666666666,0.93,0.925,0.88,0.908125,0.95,0.905,0.9320833333333334,0.96,0.92,0.9379166666666666,0.99,0.93,0.94,138,139,0.7410071942446043,0.8115942028985508,0.5289855072463768,0.5289855072463768,0.5179856115107914,0.6304347826086957,0.6159420289855072,0.5683453237410072,0.7028985507246377,0.6739130434782609,0.6115107913669064,0.7608695652173914,0.717391304347826,0.6474820143884892,0.7269927536231884,0.7990111367127496,0.16861499691973492,0.7902173913043478,0.8660234254992318,0.12192161315734673,0.8314492753623188,0.9098022273425499,0.08970010882887669,0.8754347826086957,0.9419642857142856,0.06432280319145511,0.97,0.925,0.9370833333333334,0.965,0.93,0.9322916666666666,0.935,0.88,0.9147916666666667,0.7608695652173914,0.6884057971014492,0.6330935251798561,0.7536231884057971,0.6811594202898551,0.60431654676259,0.644927536231884,0.6304347826086957,0.5179856115107914,0.8654347826086957,0.921418970814132,0.07557918642365125,0.8593115942028986,0.9196428571428572,0.0975392223994298,0.789963768115942,0.8615111367127496,0.16507752179260693
qwen,P,ag_news@s0__scitail@s1,200,4800,0.9422916666666666,0.93,0.89,0.85,0.89625,0.915,0.875,0.9177083333333333,0.925,0.88,0.921875,0.92,0.87,0.91625,200,1104,0.9655797101449275,0.97,0.9,0.89,0.9211956521739131,0.955,0.935,0.947463768115942,0.955,0.935,0.947463768115942,0.945,0.935,0.947463768115942,0.895,0.9157521339097661,0.04741380204325685,0.935,0.9523888704134797,0.022425302570684202,0.94,0.9550770424564905,0.020214380616229155,0.9325,0.949700698370469,0.023199125254743436,0.905,0.855,0.89875,0.865,0.83,0.87875,0.8,0.77,0.8239583333333333,0.915,0.905,0.9347826086956522,0.905,0.895,0.9202898550724637,0.83,0.83,0.8333333333333334,0.91,0.9261722647156634,0.039051601591034046,0.885,0.9075767653253519,0.05716871740393792,0.815,0.8418135461700476,0.1312704836941394
qwen,P,ag_news@s0__snli@s1,200,4800,0.9422916666666666,0.93,0.885,0.835,0.8935416666666667,0.915,0.865,0.9110416666666666,0.895,0.85,0.913125,0.87,0.835,0.886875,200,4800,0.8910416666666666,0.88,0.5,0.46,0.5254166666666666,0.84,0.79,0.7691666666666667,0.93,0.86,0.8427083333333333,0.965,0.875,0.868125,0.6925,0.710288367546432,0.23103496011940317,0.8775,0.9139173998044966,0.08497097240917251,0.9125000000000001,0.9456256109481915,0.04259826803704203,0.9175,0.9460838220918866,0.04226474293883886,0.815,0.78,0.84625,0.805,0.775,0.81,0.735,0.7,0.7229166666666667,0.935,0.855,0.8714583333333333,0.925,0.855,0.8635416666666667,0.875,0.805,0.829375,0.875,0.905150293255132,0.061950762039198914,0.865,0.9024621212121211,0.08562814918745132,0.8049999999999999,0.833730449657869,0.1510087350802185
qwen,P,ag_news@s0__sst2@s1,200,4800,0.9422916666666666,0.93,0.9,0.85,0.8985416666666667,0.93,0.88,0.9179166666666667,0.915,0.865,0.918125,0.925,0.875,0.91375,200,672,0.9419642857142857,0.94,0.855,0.835,0.8616071428571429,0.935,0.915,0.9166666666666666,0.975,0.935,0.9315476190476191,0.965,0.945,0.9255952380952381,0.8775,0.9011381834820407,0.0658687089577965,0.9325000000000001,0.9598204072294669,0.026362013496752934,0.9450000000000001,0.9623941889727752,0.0183525732442118,0.9450000000000001,0.9730896819949668,0.023833598958316937,0.9,0.84,0.9047916666666667,0.875,0.82,0.8847916666666666,0.75,0.705,0.7702083333333334,0.945,0.915,0.9166666666666666,0.92,0.91,0.8913690476190477,0.84,0.84,0.8154761904761905,0.9225,0.9383150308853809,0.033326417653286144,0.8975,0.9249027682452529,0.05736696309786138,0.7949999999999999,0.825840768702814,0.15845167703494756
qwen,P,ag_news@s0__stsb@s1,200,4800,0.9422916666666666,0.93,0.75,0.725,0.818125,0.655,0.62,0.681875,0.49,0.47,0.5058333333333334,0.28,0.26,0.30041666666666667,200,1300,0.9082481265413367,0.9033388188336785,0.7380769519237982,0.640366401209852,0.6953233077798393,0.936233405835146,0.8248479919936498,0.8622282460094688,0.9748413710342759,0.8617274965851304,0.8904610015682076,0.981132528313208,0.8780133861323055,0.8948057464868685,0.7440384759618991,0.7442291414039072,0.18310279214261982,0.795616702917573,0.7898884900455345,0.1635170429945325,0.732420685517138,0.7296562147192496,0.2413860712405469,0.630566264156604,0.6257672641811863,0.34799269652078335,0.25,0.23,0.26375,0.25,0.23,0.260625,0.245,0.225,0.24729166666666666,0.9715472886822172,0.8734677186622547,0.888715459869337,0.9611970299257483,0.8711858776601156,0.8799205739700169,0.9120468011700293,0.8345030317339509,0.8388684251339152,0.6107736443411086,0.6071221950965855,0.370801575577443,0.6055985149628742,0.6058591911413889,0.3773014428157472,0.5785234005850146,0.5828669841331108,0.4069760261638973
qwen,P,ag_news@s0__trec@s1,200,4800,0.9422916666666666,0.93,0.905,0.875,0.90625,0.935,0.9,0.9277083333333334,0.955,0.92,0.9322916666666666,0.96,0.92,0.9366666666666666,200,300,0.9733333333333334,0.985,0.975,0.96,0.96,0.995,0.98,0.9766666666666667,1.0,0.985,0.98,0.995,0.98,0.97,0.94,0.9577397521969324,0.025973789974528927,0.9650000000000001,0.9813328966759456,0.006025898073469316,0.9775,0.9946236559139785,0.0018815551564455024,0.9775,0.9920855848479886,0.004697073405637631,0.945,0.905,0.9325,0.94,0.91,0.92625,0.915,0.87,0.9085416666666667,0.99,0.975,0.9733333333333334,0.985,0.97,0.9666666666666667,0.975,0.96,0.9433333333333334,0.9675,0.9814829976529665,0.005195666592969328,0.9624999999999999,0.9816330986299875,0.011936707058898266,0.9450000000000001,0.9550515801539217,0.03331942673519506
qwen,P,ag_news@s0__wic@s1,200,4800,0.9422916666666666,0.93,0.915,0.87,0.9033333333333333,0.945,0.9,0.9252083333333333,0.965,0.915,0.928125,0.96,0.9,0.9258333333333333,200,438,0.6986301369863014,0.68,0.565,0.505,0.5251141552511416,0.745,0.585,0.6666666666666666,0.87,0.63,0.6963470319634704,0.9,0.65,0.6963470319634704,0.74,0.8390654648956356,0.14485512681010204,0.845,0.9140180265654648,0.03194059700672969,0.9175,0.9551707779886147,0.009151121573251597,0.9299999999999999,0.9618121442125236,0.010367128648201884,0.93,0.875,0.9066666666666666,0.905,0.85,0.8885416666666667,0.81,0.76,0.8329166666666666,0.865,0.635,0.6712328767123288,0.825,0.615,0.6575342465753424,0.745,0.575,0.6301369863013698,0.8975,0.937341872232764,0.038511225847845276,0.865,0.9091951296647691,0.057932657918352004,0.7775000000000001,0.8313962681846931,0.10705630914758124
qwen,P,ag_news@s0__yelp_polarity@s1,200,4800,0.9422916666666666,0.93,0.895,0.855,0.8985416666666667,0.93,0.885,0.9158333333333334,0.91,0.865,0.9185416666666667,0.88,0.85,0.9075,200,4800,0.971875,0.97,0.94,0.93,0.9354166666666667,0.97,0.95,0.960625,1.0,0.97,0.966875,0.97,0.95,0.9689583333333334,0.9175,0.9390588626538078,0.04197137934278505,0.95,0.9654971732623877,0.019827135761271597,0.9550000000000001,0.9650537634408602,0.015174602407274529,0.925,0.9466799689613125,0.019961734225379946,0.85,0.815,0.8864583333333333,0.835,0.795,0.8691666666666666,0.735,0.71,0.7883333333333333,0.96,0.94,0.9670833333333333,0.95,0.93,0.9591666666666666,0.915,0.895,0.9354166666666667,0.905,0.9227081254849794,0.032091520320458145,0.8925,0.9068007981376788,0.04533972960400812,0.825,0.8430606362930939,0.10045026503812005
qwen,P,cola@s0__imdb@s1,200,843,0.8066429418742586,0.815,0.8,0.725,0.7354685646500593,0.87,0.795,0.7959667852906287,0.92,0.805,0.800711743772242,0.88,0.765,0.7758007117437722,200,4800,0.9439583333333333,0.955,0.91,0.895,0.8741666666666666,0.96,0.935,0.925,0.965,0.94,0.9316666666666666,0.925,0.9,0.9145833333333333,0.855,0.9133716635081747,0.08108520388954532,0.915,0.9772588571612117,0.016659580406870322,0.9425,0.9860116275334854,0.010187174627078743,0.9025000000000001,0.9405293418559086,0.03467712620250041,0.755,0.7,0.727164887307236,0.65,0.635,0.6785290628706999,0.515,0.53,0.5480427046263345,0.835,0.81,0.8595833333333334,0.78,0.765,0.8060416666666667,0.71,0.705,0.7108333333333333,0.7949999999999999,0.8535316223942442,0.09395682682695683,0.7150000000000001,0.7900941123566634,0.1524640710400249,0.6125,0.6942633218771079,0.2837767925532606
qwen,P,cola@s0__mnli@s1,200,843,0.8066429418742586,0.815,0.745,0.67,0.701067615658363,0.79,0.725,0.7402135231316725,0.825,0.76,0.7746144721233689,0.88,0.805,0.8042704626334519,200,4800,0.8447916666666667,0.805,0.605,0.585,0.594375,0.69,0.69,0.7210416666666667,0.75,0.745,0.7683333333333333,0.79,0.765,0.7785416666666667,0.675,0.7743969820523569,0.2136532603176906,0.74,0.8733567046450481,0.11441938057590484,0.7875,0.9289905879663148,0.0651057155291217,0.835,0.9690203101779522,0.04068143903677379,0.91,0.805,0.7900355871886121,0.875,0.77,0.7686832740213523,0.775,0.69,0.7105575326215896,0.78,0.735,0.755625,0.79,0.71,0.7427083333333333,0.705,0.635,0.6622916666666666,0.845,0.9503867698052815,0.06306847029810692,0.8325,0.9133864268566856,0.08394864727641982,0.74,0.8177228213237815,0.16757362007688403
qwen,P,cola@s0__mrpc@s1,200,843,0.8066429418742586,0.815,0.8,0.725,0.7402135231316725,0.875,0.79,0.7935943060498221,0.93,0.825,0.8078291814946619,0.94,0.795,0.7900355871886121,200,208,0.8557692307692307,0.89,0.865,0.795,0.7980769230769231,0.89,0.81,0.8125,0.86,0.8,0.7980769230769231,0.835,0.805,0.7451923076923077,0.8325,0.8914144895567657,0.07488433575677456,0.8825000000000001,0.9397187564623974,0.03336913417052201,0.895,0.9555731715723443,0.03297257105089224,0.8875,0.9399772523609293,0.07490085922009249,0.815,0.7,0.7615658362989324,0.745,0.64,0.727164887307236,0.59,0.555,0.6120996441281139,0.73,0.71,0.6971153846153846,0.665,0.635,0.6586538461538461,0.545,0.545,0.5336538461538461,0.7725,0.8283242572551182,0.12063780568407134,0.7050000000000001,0.7493796098435238,0.16443324520819558,0.5675,0.6466705728269112,0.30879048248512886
qwen,P,cola@s0__qnli@s1,200,843,0.8066429418742586,0.815,0.785,0.72,0.7319098457888493,0.85,0.775,0.7947805456702254,0.885,0.81,0.8125741399762753,0.92,0.825,0.8173190984578885,200,4800,0.9247916666666667,0.87,0.86,0.81,0.8445833333333334,0.88,0.84,0.8772916666666667,0.905,0.855,0.8877083333333333,0.89,0.84,0.885625,0.8225,0.9072350327903533,0.08968915229980257,0.865,0.9582187433890417,0.03303440096471122,0.895,0.988311825682251,0.016373090123636747,0.905,0.9888935900148085,0.014558293468322159,0.845,0.77,0.7912218268090154,0.8,0.745,0.7686832740213523,0.62,0.605,0.6180308422301305,0.86,0.85,0.8625,0.85,0.83,0.8335416666666666,0.74,0.68,0.735625,0.8525,0.9608983851632467,0.04323758000609568,0.825,0.9340667089768,0.07286484767369439,0.6799999999999999,0.7619702418729286,0.21918705193273524
qwen,P,cola@s0__rte@s1,200,843,0.8066429418742586,0.815,0.8,0.725,0.7390272835112692,0.865,0.78,0.7959667852906287,0.9,0.795,0.8102016607354685,0.925,0.8,0.8018979833926453,138,139,0.7410071942446043,0.8115942028985508,0.7971014492753623,0.7246376811594203,0.697841726618705,0.8188405797101449,0.717391304347826,0.6906474820143885,0.7971014492753623,0.6956521739130435,0.7194244604316546,0.7681159420289855,0.6811594202898551,0.6834532374100719,0.7985507246376812,0.8912138475021911,0.07103797829811542,0.8419202898550724,0.9204918930762489,0.040598229583095335,0.8485507246376811,0.9163014899211219,0.01235722444317533,0.8465579710144928,0.9104404031551272,0.04177612792689889,0.815,0.74,0.7615658362989324,0.76,0.705,0.7402135231316725,0.64,0.635,0.6405693950177936,0.7318840579710145,0.6739130434782609,0.6187050359712231,0.6739130434782609,0.6304347826086957,0.60431654676259,0.5434782608695652,0.572463768115942,0.5611510791366906,0.7734420289855073,0.8691663014899211,0.1104654483152483,0.7169565217391305,0.82090819456617,0.1334094802969732,0.5917391304347825,0.7422491235758106,0.22430039977155913
qwen,P,cola@s0__scitail@s1,200,843,0.8066429418742586,0.815,0.77,0.695,0.7224199288256228,0.825,0.75,0.7758007117437722,0.865,0.79,0.8030842230130486,0.945,0.8,0.8137603795966786,200,1104,0.9655797101449275,0.97,0.885,0.855,0.8668478260869565,0.885,0.875,0.8840579710144928,0.89,0.89,0.8931159420289855,0.875,0.875,0.8922101449275363,0.8275,0.8671020175826956,0.10333158591766911,0.855,0.9111536272215546,0.06133153073612174,0.8775,0.9434254632850547,0.039729334510539616,0.9099999999999999,0.9418284738473215,0.03358073060368594,0.93,0.785,0.7959667852906287,0.86,0.755,0.7841043890865955,0.745,0.67,0.7069988137603797,0.85,0.85,0.884963768115942,0.825,0.825,0.8659420289855072,0.735,0.735,0.7463768115942029,0.89,0.9197394219214472,0.04836248758415185,0.8425,0.8884479160078427,0.06556533495199202,0.74,0.7899089241667194,0.17527314865908838
qwen,P,cola@s0__snli@s1,200,843,0.8066429418742586,0.815,0.755,0.68,0.7164887307236062,0.82,0.755,0.7710557532621589,0.88,0.795,0.800711743772242,0.925,0.8,0.8113879003558719,200,4800,0.8910416666666666,0.88,0.815,0.765,0.715,0.86,0.805,0.7722916666666667,0.875,0.81,0.7929166666666667,0.875,0.815,0.7964583333333334,0.7849999999999999,0.8518370050195204,0.15466654747005182,0.84,0.9205765476854435,0.08869431569681874,0.8775,0.947957334076966,0.0587384299055137,0.9,0.9538657278304518,0.050133408518890255,0.91,0.775,0.8042704626334519,0.86,0.735,0.7924080664294187,0.705,0.63,0.7093712930011863,0.845,0.78,0.79125,0.83,0.775,0.7827083333333333,0.78,0.75,0.743125,0.8775,0.9186419408812048,0.05746778253036067,0.845,0.8912611544896821,0.06961380296799557,0.7424999999999999,0.8126394311210263,0.14329622192575875
qwen,P,cola@s0__sst2@s1,200,843,0.8066429418742586,0.815,0.75,0.675,0.7141162514827996,0.83,0.765,0.7888493475682088,0.875,0.8,0.8208778173190985,0.915,0.83,0.8090154211150652,200,672,0.9419642857142857,0.94,0.935,0.925,0.9196428571428571,0.955,0.925,0.9285714285714286,0.95,0.93,0.9241071428571429,0.945,0.925,0.9136904761904762,0.8425,0.9061317060435976,0.06920128240869805,0.8925,0.9613464299699779,0.018138416504042354,0.9125,0.9854783970760999,0.0006551435740171918,0.9299999999999999,1.0012237305834748,0.013537310658860768,0.815,0.73,0.7698695136417556,0.725,0.68,0.7390272835112692,0.62,0.585,0.6405693950177936,0.925,0.905,0.9047619047619048,0.905,0.895,0.8973214285714286,0.85,0.84,0.8273809523809523,0.87,0.9292357394596007,0.042541353034104556,0.815,0.8932417438976636,0.06560844717033731,0.735,0.8057042161597703,0.16376266146268925
qwen,P,cola@s0__stsb@s1,200,843,0.8066429418742586,0.815,0.79,0.715,0.7224199288256228,0.825,0.75,0.7817319098457889,0.89,0.805,0.8102016607354685,0.935,0.81,0.8042704626334519,200,1300,0.9082481265413367,0.9033388188336785,0.7601065026625666,0.6634460219775407,0.7007410424010071,0.946294157353934,0.8387709751346625,0.8506108282128249,0.9653191329783245,0.8632317101931196,0.8776321148284206,0.9512487812195307,0.8648980546091553,0.8747192896618057,0.7750532513312833,0.8058691221837041,0.16644068123467903,0.885647078676967,0.9243842575345405,0.04717110612538311,0.9276595664891623,0.9716656588531297,0.014648549172012082,0.9431243906097654,0.9756554687724617,0.019928560181358468,0.88,0.755,0.7935943060498221,0.85,0.725,0.7734282325029656,0.685,0.62,0.6761565836298933,0.9209585239630992,0.8420616300535367,0.8535425643672073,0.8870231755793896,0.8033371369149317,0.8272101264725609,0.7267936698417462,0.6442815599819433,0.7359159439975824,0.9004792619815496,0.9292731268482954,0.0382042138331824,0.8685115877896947,0.8894341277371287,0.06520049360802871,0.7058968349208732,0.736979342218405,0.17575300420252593
qwen,P,cola@s0__trec@s1,200,843,0.8066429418742586,0.815,0.795,0.72,0.7390272835112692,0.87,0.785,0.7935943060498221,0.91,0.805,0.8173190984578885,0.935,0.79,0.8244365361803084,200,300,0.9733333333333334,0.985,0.98,0.965,0.97,0.995,0.98,0.9733333333333334,0.995,0.98,0.97,0.985,0.97,0.97,0.8875,0.9315655071470835,0.043624093473005665,0.9325,0.9790570209585501,0.008088235294117618,0.9525,0.9913269596088568,-0.004905318291700267,0.96,0.977048363489147,-0.009317082997582604,0.85,0.775,0.7924080664294187,0.78,0.725,0.7746144721233689,0.615,0.6,0.6476868327402135,0.935,0.92,0.92,0.89,0.88,0.8766666666666667,0.705,0.705,0.72,0.8925000000000001,0.9424651988415185,0.036220789685737276,0.835,0.8914857836878329,0.06951047542304589,0.6599999999999999,0.7259661798137709,0.2286663980660757
qwen,P,cola@s0__wic@s1,200,843,0.8066429418742586,0.815,0.765,0.69,0.727164887307236,0.89,0.785,0.7924080664294187,0.935,0.81,0.8113879003558719,0.85,0.725,0.7876631079478055,200,438,0.6986301369863014,0.68,0.625,0.545,0.5707762557077626,0.745,0.595,0.6575342465753424,0.835,0.615,0.6735159817351598,0.82,0.63,0.6598173515981736,0.6950000000000001,0.8240481775532299,0.1407679738562091,0.8175,0.9190950920245399,0.038235294117647145,0.885,0.9491383976903645,0.015032679738562038,0.835,0.9080205701912667,0.03954248366013058,0.74,0.655,0.7247924080664294,0.675,0.63,0.66785290628707,0.505,0.51,0.5065243179122183,0.76,0.61,0.6506849315068494,0.69,0.59,0.6232876712328768,0.575,0.535,0.5616438356164384,0.75,0.850369902562252,0.08504901960784306,0.6825,0.8203265968964273,0.1399509803921568,0.54,0.7062657885239986,0.28406862745098027
qwen,P,cola@s0__yelp_polarity@s1,200,843,0.8066429418742586,0.815,0.775,0.7,0.7236061684460261,0.835,0.76,0.7900355871886121,0.905,0.83,0.8137603795966786,0.925,0.79,0.8054567022538552,200,4800,0.971875,0.97,0.93,0.92,0.9458333333333333,0.965,0.935,0.9610416666666667,0.975,0.945,0.9633333333333334,0.95,0.93,0.955625,0.8525,0.9036746568844476,0.06486823025029942,0.8999999999999999,0.9482164315982544,0.015867536725301057,0.94,0.9963158560495857,-1.7338124960630807e-05,0.9375,0.9640440199860857,0.009095422735010406,0.83,0.735,0.7817319098457889,0.775,0.69,0.7366548042704626,0.6,0.585,0.5954922894424673,0.945,0.935,0.9477083333333334,0.925,0.915,0.939375,0.9,0.88,0.9097916666666667,0.8875,0.9328790082853711,0.027874188260513133,0.8500000000000001,0.8949623679716654,0.06010261017590324,0.75,0.8125039529441528,0.1628223315049493
qwen,P,imdb@s0__mnli@s1,200,4800,0.9460416666666667,0.955,0.54,0.535,0.5685416666666666,0.69,0.685,0.6925,0.83,0.825,0.8035416666666667,0.915,0.91,0.8783333333333333,200,4800,0.8447916666666667,0.805,0.435,0.435,0.40979166666666667,0.69,0.64,0.6727083333333334,0.845,0.77,0.7922916666666666,0.88,0.795,0.806875,0.48750000000000004,0.5502910474456115,0.45697545123197303,0.69,0.7561542714058079,0.23585088972890111,0.8374999999999999,0.9101980423400864,0.1063865572231194,0.8975,0.9702286104516926,0.05822649970090299,0.96,0.925,0.8991666666666667,0.945,0.91,0.900625,0.9,0.855,0.8625,0.855,0.77,0.77125,0.82,0.74,0.7379166666666667,0.7,0.61,0.6214583333333333,0.9075,0.9625540632824949,0.06830078927410521,0.8825,0.9360671197684629,0.08725876389688036,0.8,0.8265259666352314,0.17633576095695858
qwen,P,imdb@s0__mrpc@s1,200,4800,0.9460416666666667,0.955,0.765,0.76,0.788125,0.92,0.915,0.908125,0.98,0.965,0.9347916666666667,0.98,0.945,0.9389583333333333,200,208,0.8557692307692307,0.89,0.87,0.83,0.8269230769230769,0.945,0.855,0.8653846153846154,0.975,0.875,0.8701923076923077,0.925,0.855,0.8509615384615384,0.8175,0.8641978939937643,0.1003157251409752,0.9325,0.959394670274722,0.014421661317979284,0.9775,0.996808635802106,-0.0024811393817627536,0.9525,0.9751014765574446,0.0065526575594644365,0.965,0.94,0.9241666666666667,0.935,0.91,0.90625,0.845,0.84,0.8558333333333333,0.85,0.81,0.8221153846153846,0.785,0.755,0.7403846153846154,0.555,0.575,0.5144230769230769,0.9075,0.9472027766339197,0.031224251451815954,0.8600000000000001,0.9005970939467027,0.08844634033487642,0.7,0.7628242837813989,0.24711492543591596
qwen,P,imdb@s0__qnli@s1,200,4800,0.9460416666666667,0.955,0.605,0.6,0.6120833333333333,0.825,0.82,0.784375,0.905,0.9,0.873125,0.945,0.94,0.9125,200,4800,0.9247916666666667,0.87,0.79,0.76,0.788125,0.89,0.85,0.8758333333333334,0.925,0.875,0.9085416666666667,0.95,0.86,0.9120833333333334,0.6975,0.7509177348498526,0.2503934887954107,0.8574999999999999,0.9178251188541855,0.11191366051909513,0.915,0.9740777517000663,0.04732352957080632,0.9475,0.9863994704218572,0.0245982896985385,0.965,0.94,0.9175,0.955,0.94,0.9104166666666667,0.895,0.87,0.8458333333333333,0.925,0.825,0.8970833333333333,0.885,0.825,0.883125,0.76,0.72,0.8266666666666667,0.9450000000000001,0.9662845278931216,0.030065634630565996,0.9199999999999999,0.9662845278931216,0.041356048188319394,0.8275,0.8692904856472288,0.10601439196400309
qwen,P,imdb@s0__rte@s1,200,4800,0.9460416666666667,0.955,0.77,0.765,0.795625,0.935,0.92,0.9135416666666667,0.985,0.96,0.9358333333333333,0.975,0.94,0.9379166666666666,138,139,0.7410071942446043,0.8115942028985508,0.5362318840579711,0.5362318840579711,0.5467625899280576,0.6956521739130435,0.6811594202898551,0.6258992805755396,0.7536231884057971,0.7391304347826086,0.6330935251798561,0.6811594202898551,0.6521739130434783,0.6187050359712231,0.6531159420289856,0.7308807030665669,0.21056586911483932,0.8153260869565218,0.9013182498130143,0.09484673620925199,0.8693115942028986,0.9579749439042632,0.07821082136221658,0.8280797101449275,0.893932311144353,0.08681848016881788,0.95,0.925,0.9222916666666666,0.905,0.89,0.8958333333333334,0.765,0.75,0.7760416666666666,0.6159420289855072,0.5869565217391305,0.5899280575539568,0.5869565217391305,0.572463768115942,0.5683453237410072,0.4782608695652174,0.463768115942029,0.48201438848920863,0.7829710144927535,0.8459003365744204,0.1144940488280457,0.7459782608695653,0.8186471578160059,0.1430408596541115,0.6216304347826087,0.6783844427823486,0.2646053326434663
qwen,P,imdb@s0__scitail@s1,200,4800,0.9460416666666667,0.955,0.715,0.71,0.7041666666666667,0.85,0.845,0.8472916666666667,0.94,0.935,0.9091666666666667,0.98,0.945,0.9341666666666667,200,1104,0.9655797101449275,0.97,0.94,0.92,0.9375,0.96,0.93,0.9456521739130435,0.96,0.94,0.9438405797101449,0.935,0.915,0.9420289855072463,0.8274999999999999,0.8459545528148109,0.14237561628407092,0.905,0.9217898202623198,0.06251009666771745,0.95,0.9740648782857452,0.03074613496461054,0.9575,0.9664138824418417,0.01847127257883452,0.975,0.95,0.93125,0.97,0.945,0.9239583333333333,0.905,0.87,0.8704166666666666,0.93,0.91,0.9239130434782609,0.92,0.9,0.9039855072463768,0.795,0.785,0.8043478260869565,0.9525,0.9664543639013332,0.029393646298701004,0.9450000000000001,0.958681923678955,0.043566372343207815,0.8500000000000001,0.8601365574566848,0.12345885083704733
qwen,P,imdb@s0__snli@s1,200,4800,0.9460416666666667,0.955,0.645,0.64,0.6520833333333333,0.8,0.795,0.78375,0.87,0.865,0.8645833333333334,0.925,0.92,0.904375,200,4800,0.8910416666666666,0.88,0.535,0.495,0.5660416666666667,0.865,0.805,0.8108333333333333,0.935,0.865,0.8625,0.94,0.87,0.875625,0.5900000000000001,0.6163285340314136,0.33773307567860267,0.8325,0.8736167301285103,0.13078224188346155,0.9025000000000001,0.9443568538791052,0.059068090141946694,0.9325,0.975993574488339,0.030672504694067015,0.945,0.93,0.913125,0.93,0.925,0.9072916666666667,0.91,0.905,0.8652083333333334,0.915,0.865,0.86125,0.89,0.865,0.8479166666666667,0.84,0.83,0.7964583333333334,0.9299999999999999,0.9783882674916706,0.03411437433608955,0.91,0.9757704664445502,0.04467927551932849,0.875,0.9454128986197049,0.09579645241956003
qwen,P,imdb@s0__sst2@s1,200,4800,0.9460416666666667,0.955,0.745,0.74,0.7733333333333333,0.93,0.925,0.9072916666666667,0.975,0.95,0.9352083333333333,0.97,0.945,0.9408333333333333,200,672,0.9419642857142857,0.94,0.92,0.89,0.8824404761904762,0.96,0.94,0.9315476190476191,0.96,0.95,0.9419642857142857,0.965,0.955,0.9360119047619048,0.8325,0.8608388102929709,0.12287503048406079,0.9450000000000001,0.9842931937172775,0.026009296377432434,0.9675,1.0027013478890499,0.005725611098876926,0.9675,1.0027431213100144,0.005912255305618119,0.935,0.91,0.931875,0.93,0.905,0.9147916666666667,0.83,0.825,0.846875,0.94,0.93,0.9196428571428571,0.925,0.915,0.8943452380952381,0.845,0.845,0.8318452380952381,0.9375,0.9711206416397462,0.019335678823066527,0.9275,0.9605241171883703,0.04179264715756359,0.8374999999999999,0.8814052578812521,0.11086317988152872
qwen,P,imdb@s0__stsb@s1,200,4800,0.9460416666666667,0.955,0.61,0.605,0.643125,0.805,0.8,0.7908333333333334,0.91,0.905,0.87375,0.955,0.95,0.9191666666666667,200,1300,0.9082481265413367,0.9033388188336785,0.7775654391359785,0.6856023978660742,0.7229071584285715,0.9548248706217658,0.8544105932664291,0.8693103917933216,0.9810605265131629,0.8824239445956508,0.8898441462374109,0.9799774994374861,0.8907196376073749,0.893098544628299,0.6937827195679893,0.6962363443570365,0.26212901740059924,0.8799124353108829,0.8917662883223295,0.10346601602230265,0.9455302632565814,0.9622455611710333,0.048339025053924844,0.967488749718743,0.9903974547111805,0.022543921582339088,0.95,0.945,0.925,0.925,0.92,0.9170833333333334,0.855,0.83,0.8608333333333333,0.9661666541663543,0.8867451809934516,0.8853950835078274,0.9441146028650718,0.8743541838673621,0.8734765387105312,0.8668401710042752,0.8152552525175518,0.814189733711051,0.9580833270831771,0.9855797832881501,0.023701735349690667,0.9345573014325359,0.9656323342063688,0.03444711811430423,0.8609200855021376,0.8858005283804367,0.09681425282656608
qwen,P,imdb@s0__trec@s1,200,4800,0.9460416666666667,0.955,0.765,0.76,0.7895833333333333,0.92,0.915,0.9066666666666666,0.965,0.95,0.9345833333333333,0.985,0.95,0.9410416666666667,200,300,0.9733333333333334,0.985,0.97,0.955,0.9633333333333334,0.99,0.975,0.9766666666666667,1.0,0.985,0.98,0.995,0.98,0.9733333333333334,0.8674999999999999,0.8826773327663646,0.08782802351784202,0.9550000000000001,0.973981449491057,0.019098065419179355,0.9824999999999999,0.9973821989528796,0.00263127728187329,0.99,0.9948441278868898,0.0026425897379431795,0.965,0.94,0.9370833333333334,0.96,0.935,0.9258333333333333,0.84,0.825,0.8591666666666666,0.99,0.975,0.9666666666666667,0.98,0.965,0.9566666666666667,0.915,0.9,0.8966666666666666,0.9775,0.9870704547266591,0.008159297481394767,0.97,0.979376511547559,0.01924211069313686,0.8775,0.8887899646530417,0.08529855834059852
qwen,P,imdb@s0__wic@s1,200,4800,0.9460416666666667,0.955,0.765,0.76,0.768125,0.905,0.9,0.8933333333333333,0.955,0.95,0.9297916666666667,0.955,0.94,0.93125,200,438,0.6986301369863014,0.68,0.6,0.53,0.54337899543379,0.79,0.61,0.682648401826484,0.91,0.66,0.7054794520547946,0.87,0.65,0.6872146118721462,0.6825,0.7876116415152449,0.20514326261958948,0.8475,0.9197336002463813,0.039295208650883096,0.9325,0.9826763165999384,0.0036864558640016254,0.9125,0.970087773329227,0.01598759594860477,0.925,0.91,0.8977083333333333,0.875,0.87,0.8485416666666666,0.685,0.69,0.6929166666666666,0.8,0.63,0.6735159817351598,0.755,0.635,0.6484018264840182,0.65,0.58,0.593607305936073,0.8625,0.9396750846935633,0.043518890342601146,0.815,0.9224091469048352,0.08747821230819275,0.6675,0.7877271327379118,0.20894450417618415
qwen,P,imdb@s0__yelp_polarity@s1,200,4800,0.9460416666666667,0.955,0.725,0.72,0.7216666666666667,0.915,0.91,0.8852083333333334,0.965,0.94,0.9279166666666666,0.97,0.935,0.9358333333333333,200,4800,0.971875,0.97,0.96,0.95,0.9566666666666667,0.98,0.95,0.9672916666666667,0.975,0.955,0.9670833333333333,0.96,0.94,0.9572916666666667,0.8425,0.8666540724348248,0.12641043742696356,0.9475,0.9661305122254008,0.03450949347294974,0.97,0.9844146380957521,0.012044553930805169,0.965,0.9740648782857452,0.012897966910037084,0.915,0.89,0.928125,0.9,0.885,0.9152083333333333,0.87,0.865,0.8477083333333333,0.925,0.905,0.9347916666666667,0.9,0.9,0.914375,0.86,0.86,0.84625,0.92,0.9324634317482594,0.02854752212366407,0.9,0.92726831111351,0.04587796361978147,0.865,0.8961785502239974,0.11660115659326853
qwen,P,mnli@s0__mrpc@s1,200,4800,0.8497916666666666,0.82,0.5,0.495,0.49625,0.85,0.755,0.7839583333333333,0.945,0.805,0.834375,0.885,0.78,0.8164583333333333,200,208,0.8557692307692307,0.89,0.82,0.8,0.7836538461538461,0.75,0.72,0.7644230769230769,0.745,0.725,0.7163461538461539,0.72,0.71,0.6923076923076923,0.6599999999999999,0.751267470539874,0.2501515022133096,0.8,0.8648602356810084,0.09210577058157565,0.845,0.8981570293231023,0.09053152485600391,0.8025,0.874486160591943,0.11511826813688086,0.825,0.73,0.7889583333333333,0.8,0.715,0.7670833333333333,0.725,0.675,0.7147916666666667,0.725,0.725,0.6634615384615384,0.715,0.735,0.6634615384615384,0.695,0.725,0.7019230769230769,0.7749999999999999,0.852425322006029,0.1481526371026165,0.7575000000000001,0.8488969580707043,0.16102343876969183,0.71,0.8188887366401754,0.1693188735948169
qwen,P,mnli@s0__qnli@s1,200,4800,0.8497916666666666,0.82,0.445,0.435,0.4275,0.63,0.585,0.6095833333333334,0.78,0.715,0.733125,0.865,0.755,0.788125,200,4800,0.9247916666666667,0.87,0.8,0.78,0.80875,0.84,0.8,0.8377083333333334,0.84,0.8,0.863125,0.88,0.81,0.8733333333333333,0.6225,0.7135197645079899,0.3112071174170462,0.735,0.8164774320156996,0.18841633648927703,0.81,0.8957457246986263,0.10198511808983646,0.8725,0.9258830950378469,0.06410498423206334,0.835,0.745,0.79125,0.83,0.745,0.7852083333333333,0.83,0.725,0.72875,0.86,0.81,0.8566666666666667,0.845,0.785,0.8420833333333333,0.805,0.735,0.7995833333333333,0.8474999999999999,0.9197855340622372,0.07127733680181358,0.8374999999999999,0.9054177179702831,0.08271678835011231,0.8175,0.8644869638351556,0.13891386278909978
qwen,P,mnli@s0__rte@s1,200,4800,0.8497916666666666,0.82,0.51,0.5,0.491875,0.83,0.75,0.7783333333333333,0.94,0.79,0.8366666666666667,0.88,0.79,0.8275,138,139,0.7410071942446043,0.8115942028985508,0.6956521739130435,0.6521739130434783,0.6187050359712231,0.6666666666666666,0.6521739130434783,0.6330935251798561,0.6956521739130435,0.6666666666666666,0.6906474820143885,0.7463768115942029,0.717391304347826,0.7410071942446043,0.6028260869565217,0.706663763066202,0.29311510293071064,0.7483333333333333,0.859102787456446,0.11486015275969508,0.8178260869565217,0.8924216027874564,0.041703063524516915,0.8131884057971015,0.9236716027874564,0.0131159597940671,0.83,0.755,0.8002083333333333,0.815,0.75,0.7766666666666666,0.745,0.695,0.7308333333333333,0.7536231884057971,0.7246376811594203,0.7410071942446043,0.7681159420289855,0.7101449275362319,0.7338129496402878,0.782608695652174,0.6956521739130435,0.6906474820143885,0.7918115942028985,0.9067944250871081,0.02917381711203726,0.7915579710144927,0.8948170731707317,0.04787962021911896,0.763804347826087,0.8523519163763066,0.10397322778046192
qwen,P,mnli@s0__scitail@s1,200,4800,0.8497916666666666,0.82,0.48,0.475,0.46229166666666666,0.745,0.675,0.746875,0.895,0.765,0.8275,0.935,0.8,0.8370833333333333,200,1104,0.9655797101449275,0.97,0.955,0.925,0.9184782608695652,0.975,0.945,0.9447463768115942,0.96,0.94,0.9411231884057971,0.92,0.9,0.9166666666666666,0.7175,0.7664382700528036,0.2523873020049152,0.86,0.8986987679155143,0.07134204986231119,0.9275,0.9509994971083732,0.025780124897256673,0.9275,0.9517224038219765,0.032805653079632235,0.875,0.77,0.8158333333333333,0.855,0.75,0.7995833333333333,0.82,0.715,0.754375,0.89,0.86,0.8876811594202898,0.88,0.85,0.8632246376811594,0.815,0.795,0.8351449275362319,0.8825000000000001,0.9128111641941161,0.06031809841925906,0.8674999999999999,0.8954614030676389,0.0825434304751329,0.8174999999999999,0.8457694241890873,0.12368342496482454
qwen,P,mnli@s0__snli@s1,200,4800,0.8497916666666666,0.82,0.5,0.475,0.48875,0.705,0.665,0.6514583333333334,0.815,0.72,0.7535416666666667,0.835,0.755,0.7777083333333333,200,4800,0.8910416666666666,0.88,0.805,0.745,0.7433333333333333,0.845,0.79,0.786875,0.845,0.79,0.8002083333333333,0.88,0.815,0.8102083333333333,0.6525000000000001,0.7129296008869179,0.29531471694496636,0.7749999999999999,0.8543514412416853,0.17514745455990965,0.83,0.8878880266075388,0.10760183362458631,0.8574999999999999,0.9234340354767183,0.08777125239232664,0.765,0.7,0.7527083333333333,0.76,0.695,0.72625,0.67,0.625,0.64,0.87,0.8,0.81,0.855,0.795,0.8060416666666667,0.795,0.75,0.779375,0.8175,0.8813747228381374,0.1025976443840646,0.8075,0.8754850332594235,0.12038636852029794,0.7325,0.8072339246119734,0.18609786045223387
qwen,P,mnli@s0__sst2@s1,200,4800,0.8497916666666666,0.82,0.47,0.46,0.44625,0.67,0.625,0.6472916666666667,0.835,0.76,0.770625,0.9,0.79,0.8085416666666667,200,672,0.9419642857142857,0.94,0.935,0.925,0.9211309523809523,0.93,0.93,0.9181547619047619,0.94,0.93,0.9211309523809523,0.94,0.93,0.9211309523809523,0.7025,0.7725090814737936,0.24849409780841025,0.8,0.8757784120394396,0.1317850803657774,0.8875,0.9580954852101713,0.057638495945208534,0.9199999999999999,0.9763881681370006,0.03532910638894471,0.86,0.78,0.7964583333333334,0.84,0.75,0.773125,0.78,0.71,0.7070833333333333,0.93,0.91,0.90625,0.915,0.905,0.8898809523809523,0.865,0.855,0.8660714285714286,0.895,0.9596523092890504,0.050337586226528286,0.8775,0.938700051894136,0.0727552249083756,0.8225,0.8877140633108459,0.12425101868430255
qwen,P,mnli@s0__stsb@s1,200,4800,0.8497916666666666,0.82,0.51,0.485,0.5014583333333333,0.66,0.59,0.5666666666666667,0.68,0.61,0.616875,0.745,0.67,0.7014583333333333,200,1300,0.9082481265413367,0.9033388188336785,0.8197419935498389,0.7271957055803949,0.7248519367466507,0.949028725718143,0.8544563802075904,0.8583053368202956,0.9663211580289508,0.8813971161446881,0.8796082283087983,0.9560264006600167,0.8856695631789565,0.8823010485437105,0.6648709967749195,0.6982361112124432,0.30591369600343454,0.8045143628590715,0.8326995615155075,0.19407897026863674,0.8231605790144754,0.8598064393745941,0.15280995357671734,0.8505132003300083,0.8987566139496275,0.10156042836964829,0.74,0.685,0.70625,0.72,0.675,0.6947916666666667,0.67,0.62,0.640625,0.9329093227330685,0.8723958538757236,0.8723384815899179,0.9164764119102979,0.8601759948247945,0.8615126600275543,0.8733368334208357,0.8307995437390316,0.8232929031542402,0.8364546613665342,0.9005559284578787,0.10422560619536658,0.818238205955149,0.8876946489327293,0.11692718157614812,0.7716684167104179,0.8378981340292014,0.1698381100695987
qwen,P,mnli@s0__trec@s1,200,4800,0.8497916666666666,0.82,0.465,0.46,0.4325,0.725,0.67,0.6960416666666667,0.86,0.77,0.8108333333333333,0.95,0.78,0.8375,200,300,0.9733333333333334,0.985,0.92,0.91,0.9166666666666666,0.935,0.925,0.92,0.915,0.905,0.8933333333333333,0.86,0.85,0.84,0.6925,0.742416738888201,0.2746354532234936,0.8300000000000001,0.8780797325739755,0.11786060913398733,0.8875,0.9289030580661137,0.06401817528470244,0.905,0.9070818373158351,0.07572531543119287,0.905,0.79,0.8266666666666667,0.875,0.78,0.8120833333333334,0.835,0.725,0.7691666666666667,0.795,0.79,0.77,0.75,0.745,0.75,0.625,0.62,0.64,0.8500000000000001,0.8827225454995667,0.11805833084257156,0.8125,0.8537823449300483,0.13691283789002806,0.73,0.7567939829144484,0.21867097428526328
qwen,P,mnli@s0__wic@s1,200,4800,0.8497916666666666,0.82,0.5,0.485,0.49145833333333333,0.785,0.7,0.7639583333333333,0.87,0.77,0.8139583333333333,0.825,0.78,0.76875,200,438,0.6986301369863014,0.68,0.75,0.62,0.639269406392694,0.84,0.64,0.684931506849315,0.85,0.65,0.6894977168949772,0.845,0.655,0.6917808219178082,0.625,0.7516140602582496,0.2533196493437614,0.8125,0.8974175035868006,0.06030649572896096,0.86,0.9474533715925395,0.027619546633722458,0.835,0.9572274031563845,0.052585216484240194,0.755,0.7,0.7158333333333333,0.71,0.665,0.680625,0.63,0.58,0.6052083333333333,0.825,0.615,0.6872146118721462,0.795,0.605,0.6735159817351598,0.71,0.56,0.6415525114155252,0.79,0.879035150645624,0.08698827246842189,0.7525,0.8503407460545194,0.1175080557678656,0.6699999999999999,0.7654232424677188,0.18475749374686534
qwen,P,mnli@s0__yelp_polarity@s1,200,4800,0.8497916666666666,0.82,0.465,0.445,0.439375,0.645,0.6,0.61875,0.775,0.68,0.73875,0.86,0.74,0.7845833333333333,200,4800,0.971875,0.97,0.915,0.905,0.93,0.915,0.895,0.9397916666666667,0.915,0.905,0.945,0.915,0.895,0.9408333333333333,0.6900000000000001,0.7378363087754589,0.26302416344715973,0.78,0.8271938647221524,0.15244607637950058,0.845,0.8811289917022882,0.0791610074028295,0.8875,0.9125597183806891,0.054337236156120294,0.83,0.73,0.7758333333333334,0.805,0.72,0.7554166666666666,0.75,0.67,0.701875,0.895,0.885,0.9304166666666667,0.9,0.89,0.9197916666666667,0.87,0.86,0.8904166666666666,0.8625,0.9013075182298216,0.06484461362895244,0.8525,0.8977872768418407,0.08232359979367831,0.81,0.8518355544380186,0.12893895930506472
qwen,P,mrpc@s0__qnli@s1,200,208,0.8413461538461539,0.875,0.755,0.68,0.6875,0.76,0.685,0.6875,0.76,0.685,0.6875,0.76,0.685,0.6875,200,4800,0.9247916666666667,0.87,0.895,0.845,0.8697916666666666,0.92,0.86,0.9045833333333333,0.92,0.88,0.9127083333333333,0.92,0.86,0.9116666666666666,0.825,0.8742036124794745,0.12116499855179741,0.8400000000000001,0.8856814449917898,0.1023544556367264,0.8400000000000001,0.8971756978653531,0.09796157435715891,0.8400000000000001,0.8856814449917898,0.09852476426479584,0.76,0.685,0.6875,0.76,0.685,0.6875,0.755,0.68,0.6875,0.91,0.85,0.900625,0.885,0.855,0.8847916666666666,0.8,0.78,0.8152083333333333,0.835,0.8799343185550083,0.1044945772857464,0.8225,0.8828078817733991,0.11305506388182662,0.7775000000000001,0.8368472906403941,0.15067614971196863
qwen,P,mrpc@s0__rte@s1,200,208,0.8413461538461539,0.875,0.895,0.8,0.8173076923076923,0.925,0.82,0.8365384615384616,0.935,0.84,0.8509615384615384,0.945,0.85,0.8269230769230769,138,139,0.7410071942446043,0.8115942028985508,0.7463768115942029,0.6884057971014492,0.6546762589928058,0.8623188405797102,0.7753623188405797,0.7410071942446043,0.8840579710144928,0.782608695652174,0.762589928057554,0.7898550724637681,0.7463768115942029,0.6906474820143885,0.8206884057971015,0.88125,0.07253814147018023,0.8936594202898551,0.9462499999999999,0.0028571428571428914,0.9095289855072464,0.9621428571428572,-0.02027739251040228,0.867427536231884,0.9455357142857143,0.04255201109570039,0.915,0.86,0.8173076923076923,0.875,0.83,0.7836538461538461,0.785,0.75,0.7403846153846154,0.782608695652174,0.7391304347826086,0.6762589928057554,0.7391304347826086,0.7101449275362319,0.6618705035971223,0.6304347826086957,0.6304347826086957,0.6258992805755396,0.8488043478260869,0.9467857142857142,0.05797503467406373,0.8070652173913043,0.9117857142857142,0.08768377253814141,0.7077173913043479,0.8169642857142857,0.13766990291262138
qwen,P,mrpc@s0__scitail@s1,200,208,0.8413461538461539,0.875,0.78,0.705,0.7307692307692307,0.85,0.775,0.7884615384615384,0.89,0.785,0.8076923076923077,0.875,0.79,0.8076923076923077,200,1104,0.9655797101449275,0.97,0.945,0.915,0.9402173913043478,0.97,0.94,0.9492753623188406,0.97,0.95,0.9583333333333334,0.965,0.945,0.9519927536231884,0.8625,0.8745066273932254,0.07884749396944524,0.9099999999999999,0.9273932253313697,0.03987134816403115,0.9299999999999999,0.9382621502209131,0.02375234521575975,0.9199999999999999,0.9385419734904271,0.027035647279549657,0.865,0.8,0.7884615384615384,0.835,0.76,0.7884615384615384,0.825,0.77,0.7788461538461539,0.935,0.915,0.9365942028985508,0.92,0.9,0.9311594202898551,0.9,0.88,0.9003623188405797,0.9,0.9287923416789396,0.04643795229161085,0.8775,0.8982032400589102,0.04925221120343071,0.8625,0.8936082474226804,0.07091396408469575
qwen,P,mrpc@s0__snli@s1,200,208,0.8413461538461539,0.875,0.77,0.695,0.7067307692307693,0.815,0.74,0.75,0.83,0.755,0.7596153846153846,0.86,0.795,0.7692307692307693,200,4800,0.8910416666666666,0.88,0.79,0.715,0.715625,0.895,0.835,0.8552083333333333,0.945,0.87,0.8708333333333333,0.935,0.835,0.8683333333333333,0.78,0.8033928571428571,0.17843348141220483,0.855,0.897288961038961,0.0743932663081599,0.8875,0.9257467532467533,0.05991115267711011,0.8975,0.9287175324675325,0.05559971942950659,0.855,0.81,0.7836538461538461,0.85,0.785,0.8028846153846154,0.81,0.745,0.7644230769230769,0.93,0.84,0.8585416666666666,0.91,0.82,0.8475,0.9,0.81,0.8116666666666666,0.8925000000000001,0.9401298701298701,0.05252279635258361,0.88,0.9144805194805194,0.04729015665185876,0.855,0.8859415584415584,0.0902548515314473
qwen,P,mrpc@s0__sst2@s1,200,208,0.8413461538461539,0.875,0.81,0.745,0.75,0.88,0.825,0.7932692307692307,0.905,0.83,0.7932692307692307,0.905,0.82,0.8221153846153846,200,672,0.9419642857142857,0.94,0.92,0.9,0.9047619047619048,0.96,0.93,0.9300595238095238,0.99,0.94,0.9360119047619048,0.99,0.93,0.9315476190476191,0.865,0.9044376899696049,0.07403294967276008,0.9199999999999999,0.9661094224924013,0.03489054389528323,0.9475,0.9742857142857142,0.03173098623335591,0.9475,0.9632522796352584,0.016957797336944247,0.88,0.825,0.7884615384615384,0.865,0.8,0.7740384615384616,0.82,0.765,0.75,0.97,0.92,0.9226190476190477,0.95,0.91,0.9241071428571429,0.91,0.89,0.875,0.925,0.960790273556231,0.04169713382983531,0.9075,0.9411854103343467,0.0494786729857819,0.865,0.9105471124620061,0.08983073798239671
qwen,P,mrpc@s0__stsb@s1,200,208,0.8413461538461539,0.875,0.755,0.68,0.6875,0.755,0.68,0.6875,0.755,0.68,0.6875,0.755,0.68,0.6875,200,1300,0.9082481265413367,0.9033388188336785,0.7916642916072903,0.698979690741115,0.7274245855543796,0.9607680192004802,0.8611022421263207,0.8731206523998238,0.9781804545113628,0.8924602919770988,0.8935825188479151,0.9631980799519989,0.8923289359983573,0.8924015142672239,0.7733321458036452,0.7754582069142346,0.19097380345428672,0.85788400960024,0.8651933915454706,0.11076660974376207,0.8665902272556814,0.8825501403073943,0.09950214034925242,0.8590990399759995,0.8824774344876051,0.10015229560208416,0.755,0.68,0.6875,0.755,0.68,0.6875,0.755,0.68,0.6875,0.9386559663991602,0.8769527804296666,0.8834760501569057,0.9230645766144155,0.8646803789872407,0.8741651086051216,0.8734298357458937,0.8154781823786159,0.8403624724417227,0.8468279831995801,0.8739666989539859,0.10506585603204455,0.8390322883072078,0.8671738980765304,0.11019162578575747,0.8142149178729469,0.8399403752926038,0.12880032707321365
qwen,P,mrpc@s0__trec@s1,200,208,0.8413461538461539,0.875,0.84,0.765,0.7740384615384616,0.925,0.86,0.8221153846153846,0.935,0.86,0.8269230769230769,0.94,0.875,0.8221153846153846,200,300,0.9733333333333334,0.985,0.98,0.965,0.9733333333333334,0.995,0.98,0.9766666666666667,1.0,0.985,0.9766666666666667,1.0,0.985,0.9733333333333334,0.9099999999999999,0.9269905728788977,0.040000000000000036,0.96,0.9888905003625816,0.009716242661448216,0.9675,0.9914285714285714,0.006859099804305435,0.97,1.0,0.011428571428571455,0.905,0.87,0.8221153846153846,0.89,0.865,0.8173076923076923,0.825,0.79,0.7403846153846154,0.99,0.975,0.9666666666666667,0.985,0.97,0.9633333333333334,0.94,0.93,0.9433333333333334,0.9475,0.9920667150108775,0.014853228962818044,0.9375,0.9866715010877447,0.019422700587084174,0.8825,0.9235097897026832,0.07541095890410965
qwen,P,mrpc@s0__wic@s1,200,208,0.8413461538461539,0.875,0.81,0.735,0.7259615384615384,0.86,0.785,0.7644230769230769,0.865,0.8,0.7788461538461539,0.86,0.785,0.7644230769230769,200,438,0.6986301369863014,0.68,0.615,0.535,0.545662100456621,0.77,0.62,0.6552511415525114,0.865,0.665,0.6598173515981736,0.875,0.695,0.6712328767123288,0.7125,0.8133823529411764,0.1780485527544351,0.815,0.904453781512605,0.07676003734827264,0.865,0.9461134453781512,0.06492063492063482,0.8674999999999999,0.9596008403361345,0.06532212885154065,0.835,0.76,0.7596153846153846,0.83,0.745,0.75,0.81,0.735,0.7307692307692307,0.81,0.7,0.6552511415525114,0.785,0.665,0.6552511415525114,0.695,0.655,0.6210045662100456,0.8225,0.9489915966386554,0.07961718020541553,0.8075,0.9146848739495799,0.0853314659197012,0.7525,0.9016176470588235,0.1212698412698413
qwen,P,mrpc@s0__yelp_polarity@s1,200,208,0.8413461538461539,0.875,0.81,0.745,0.7307692307692307,0.86,0.795,0.7788461538461539,0.88,0.795,0.7932692307692307,0.87,0.795,0.8076923076923077,200,4800,0.971875,0.97,0.945,0.935,0.944375,0.97,0.95,0.965625,0.99,0.96,0.9677083333333333,1.0,0.97,0.96625,0.8775,0.9076730486008837,0.07986219568213149,0.915,0.9439764359351988,0.0403582912264584,0.935,0.9491310751104566,0.030715051293829454,0.935,0.9542857142857143,0.02289389067524117,0.87,0.785,0.8125,0.85,0.765,0.8125,0.795,0.74,0.7692307692307693,0.985,0.955,0.9614583333333333,0.975,0.945,0.9564583333333333,0.95,0.94,0.93875,0.9275,0.9408394698085419,0.022501913948859364,0.9125,0.9242562592047128,0.025074261215740412,0.8725,0.9073932253313697,0.05989894350022973
qwen,P,qnli@s0__rte@s1,200,4800,0.920625,0.88,0.595,0.605,0.6245833333333334,0.83,0.82,0.8539583333333334,0.94,0.87,0.9060416666666666,0.935,0.885,0.9145833333333333,138,139,0.7410071942446043,0.8115942028985508,0.5869565217391305,0.5869565217391305,0.5611510791366906,0.8260869565217391,0.782608695652174,0.7266187050359713,0.855072463768116,0.7971014492753623,0.7266187050359713,0.8840579710144928,0.7971014492753623,0.6762589928057554,0.5909782608695653,0.7053571428571428,0.2821422058762142,0.8280434782608695,0.948051948051948,0.045916024580529236,0.897536231884058,0.9853896103896104,0.017629081833301474,0.9095289855072464,0.9939123376623376,0.04697060574702794,0.895,0.865,0.905,0.885,0.855,0.8908333333333334,0.825,0.805,0.8352083333333333,0.8913043478260869,0.7898550724637681,0.6762589928057554,0.8478260869565217,0.7753623188405797,0.6906474820143885,0.7753623188405797,0.7028985507246377,0.6115107913669064,0.8931521739130435,0.9780844155844155,0.0521754032125179,0.8664130434782609,0.963474025974026,0.050160713775686094,0.8001811594202899,0.890422077922078,0.13376922688215265
qwen,P,qnli@s0__scitail@s1,200,4800,0.920625,0.88,0.48,0.5,0.534375,0.63,0.66,0.6847916666666667,0.74,0.77,0.789375,0.81,0.82,0.8445833333333334,200,1104,0.9655797101449275,0.97,0.91,0.9,0.947463768115942,0.965,0.945,0.9628623188405797,0.985,0.965,0.9637681159420289,0.96,0.95,0.9601449275362319,0.6950000000000001,0.748008434864105,0.2191568304528415,0.7975,0.8621134020618557,0.1294904062153578,0.8625,0.9349226804123711,0.07222118202695427,0.885,0.9555998125585754,0.04411319532277258,0.795,0.805,0.850625,0.805,0.795,0.8427083333333333,0.78,0.79,0.79625,0.925,0.935,0.9565217391304348,0.915,0.925,0.947463768115942,0.9,0.9,0.9221014492753623,0.8600000000000001,0.9393451265229616,0.042708082571974115,0.8600000000000001,0.9285086691658857,0.051698129389252556,0.8400000000000001,0.9127811621368322,0.09006329057493923
qwen,P,qnli@s0__snli@s1,200,4800,0.920625,0.88,0.485,0.505,0.5354166666666667,0.7,0.73,0.7479166666666667,0.845,0.845,0.8679166666666667,0.875,0.845,0.9002083333333334,200,4800,0.8910416666666666,0.88,0.645,0.605,0.641875,0.885,0.83,0.8345833333333333,0.945,0.85,0.8666666666666667,0.95,0.865,0.8739583333333333,0.565,0.6306818181818181,0.34902785773782874,0.7925,0.8863636363636362,0.12548058702238185,0.895,0.9630681818181818,0.04230419761034654,0.9125,0.9715909090909091,0.020674640079242135,0.89,0.85,0.898125,0.88,0.85,0.8835416666666667,0.83,0.78,0.8304166666666667,0.925,0.855,0.8633333333333333,0.9,0.85,0.8525,0.87,0.815,0.8116666666666666,0.9075,0.96875,0.027768240772530817,0.89,0.9659090909090908,0.04176761209737767,0.85,0.90625,0.09353355065536029
qwen,P,qnli@s0__sst2@s1,200,4800,0.920625,0.88,0.505,0.525,0.5452083333333333,0.73,0.74,0.765625,0.88,0.86,0.8797916666666666,0.94,0.86,0.9097916666666667,200,672,0.9419642857142857,0.94,0.885,0.865,0.8764880952380952,0.94,0.93,0.9211309523809523,0.985,0.945,0.9404761904761905,0.98,0.94,0.9315476190476191,0.6950000000000001,0.7584018375241779,0.23864741760321917,0.835,0.9151353965183753,0.0952403934324959,0.9325,0.9912959381044487,0.022966852529308524,0.96,0.9886363636363636,0.011412909999796161,0.915,0.855,0.8995833333333333,0.9,0.85,0.8839583333333333,0.835,0.775,0.8222916666666666,0.95,0.92,0.9241071428571429,0.925,0.895,0.9077380952380952,0.845,0.845,0.8377976190476191,0.9325,0.9751571566731141,0.020906597855662068,0.9125000000000001,0.9590183752417796,0.03808146425013059,0.84,0.8898089941972921,0.10869800699049459
qwen,P,qnli@s0__stsb@s1,200,4800,0.920625,0.88,0.46,0.48,0.5125,0.595,0.625,0.6564583333333334,0.765,0.795,0.7847916666666667,0.84,0.84,0.8520833333333333,200,1300,0.9082481265413367,0.9033388188336785,0.8274416860421512,0.7204988024813537,0.7586427227897876,0.9534793369834247,0.8413545595851106,0.8637898294351987,0.9692207305182631,0.8645009842505593,0.8844476288059896,0.9639360984024602,0.8735037477307096,0.8916297584419083,0.6437208430210756,0.6715249261988716,0.30401580753195034,0.7742396684917123,0.8208052141214719,0.16794612660651564,0.8671103652591315,0.9302077195829066,0.08687476717969655,0.9019680492012301,0.9607589505585318,0.04637420040344731,0.85,0.84,0.8602083333333334,0.84,0.82,0.8545833333333334,0.805,0.775,0.8145833333333333,0.9461561539038478,0.8660907668961287,0.8857212666105146,0.9321848046201157,0.8562503275744038,0.8780783736825797,0.883724593114828,0.8144873829961082,0.8443733896174787,0.8980780769519239,0.9566558495514523,0.04521412327979524,0.8860924023100578,0.9398455086310307,0.05247660480751071,0.844362296557414,0.8911614461999595,0.09275591963338381
qwen,P,qnli@s0__trec@s1,200,4800,0.920625,0.88,0.58,0.6,0.5991666666666666,0.805,0.815,0.8254166666666667,0.905,0.875,0.885,0.93,0.89,0.9008333333333334,200,300,0.9733333333333334,0.985,0.98,0.965,0.9633333333333334,0.985,0.97,0.9733333333333334,0.995,0.98,0.97,0.99,0.975,0.9766666666666667,0.78,0.8307568066451314,0.17972399693726038,0.895,0.9554539686202121,0.05170853134193254,0.95,0.994621019843101,0.02106059760622725,0.96,1.0006056760498385,0.009036709476823335,0.89,0.89,0.885,0.865,0.865,0.8725,0.81,0.79,0.8225,0.985,0.97,0.9666666666666667,0.98,0.965,0.9666666666666667,0.955,0.94,0.95,0.9375,0.9980676049838486,0.02277292637335049,0.9225,0.9813249884633133,0.029561792632685213,0.8825000000000001,0.9260209967697277,0.06527890150564042
qwen,P,qnli@s0__wic@s1,200,4800,0.920625,0.88,0.6,0.62,0.6389583333333333,0.885,0.865,0.8870833333333333,0.93,0.86,0.9058333333333334,0.87,0.84,0.879375,200,438,0.6986301369863014,0.68,0.57,0.51,0.5251141552511416,0.735,0.595,0.6301369863013698,0.855,0.645,0.7009132420091324,0.855,0.665,0.7100456621004566,0.585,0.7272727272727273,0.2771587929129562,0.81,0.9289772727272727,0.06723639897235212,0.8925000000000001,0.9629010695187166,0.006399504812108159,0.8625,0.9662433155080213,0.014233324015281656,0.81,0.81,0.8425,0.805,0.805,0.8110416666666667,0.715,0.705,0.6983333333333334,0.82,0.66,0.7054794520547946,0.815,0.655,0.6894977168949772,0.725,0.645,0.6461187214611872,0.815,0.9455213903743316,0.0375284533365281,0.81,0.9390040106951871,0.0660516752525857,0.72,0.8748328877005347,0.15831037099157386
qwen,P,qnli@s0__yelp_polarity@s1,200,4800,0.920625,0.88,0.48,0.5,0.536875,0.695,0.725,0.72375,0.815,0.845,0.8427083333333333,0.875,0.875,0.8954166666666666,200,4800,0.971875,0.97,0.95,0.94,0.936875,0.955,0.945,0.963125,0.99,0.96,0.9695833333333334,0.98,0.95,0.9666666666666667,0.715,0.7686269915651359,0.22642462502974225,0.825,0.8990452202436738,0.11142625130156325,0.9025,0.9749589971883786,0.04349625884717345,0.9275,0.9868498125585754,0.016370408692659377,0.885,0.865,0.9022916666666667,0.885,0.865,0.89375,0.83,0.83,0.8670833333333333,0.955,0.935,0.9591666666666666,0.945,0.935,0.9516666666666667,0.9,0.89,0.9170833333333334,0.9199999999999999,0.9734360356138707,0.01649505315034694,0.915,0.9734360356138707,0.024992632661213765,0.865,0.9303537956888472,0.05726761594372154
qwen,P,rte@s0__scitail@s1,138,139,0.7410071942446043,0.7971014492753623,0.5434782608695652,0.5289855072463768,0.5611510791366906,0.7971014492753623,0.7246376811594203,0.7050359712230215,0.8260869565217391,0.7681159420289855,0.762589928057554,0.8188405797101449,0.7753623188405797,0.7194244604316546,200,1104,0.9655797101449275,0.97,0.92,0.92,0.9329710144927537,0.97,0.96,0.9547101449275363,0.97,0.96,0.9492753623188406,0.955,0.945,0.9284420289855072,0.7317391304347827,0.8060449859418932,0.13824477677189018,0.8835507246376811,0.9493908153701969,0.029900362483833876,0.8980434782608695,0.9766635426429241,-0.006120330060656931,0.8869202898550724,0.973477038425492,0.03379387602688566,0.7898550724637681,0.7318840579710145,0.697841726618705,0.7608695652173914,0.7028985507246377,0.7194244604316546,0.7391304347826086,0.6811594202898551,0.6834532374100719,0.9,0.89,0.9094202898550725,0.89,0.88,0.8831521739130435,0.835,0.835,0.8396739130434783,0.844927536231884,0.9178537956888473,0.058206889014371765,0.8254347826086956,0.8945173383317713,0.05724603362538483,0.7870652173913043,0.8576850984067479,0.10403194958013806
qwen,P,rte@s0__snli@s1,138,139,0.7410071942446043,0.7971014492753623,0.463768115942029,0.4492753623188406,0.49640287769784175,0.4782608695652174,0.463768115942029,0.49640287769784175,0.4855072463768116,0.47101449275362317,0.5179856115107914,0.6014492753623188,0.572463768115942,0.5899280575539568,200,4800,0.8910416666666666,0.88,0.6,0.56,0.6214583333333333,0.905,0.845,0.843125,0.92,0.84,0.865,0.905,0.835,0.8360416666666667,0.5318840579710145,0.6000000000000001,0.31632280134655666,0.6916304347826088,0.7710227272727272,0.19193654930073023,0.7027536231884058,0.7727272727272727,0.16509848342114397,0.7532246376811594,0.8335227272727272,0.13280450183982506,0.6159420289855072,0.6014492753623188,0.5971223021582733,0.6231884057971014,0.5942028985507246,0.5683453237410072,0.5289855072463768,0.5289855072463768,0.5611510791366906,0.815,0.8,0.801875,0.79,0.775,0.7785416666666667,0.74,0.72,0.7189583333333334,0.7154710144927536,0.8318181818181818,0.14712244995244372,0.7065942028985508,0.8130681818181819,0.1796332153696334,0.6344927536231884,0.740909090909091,0.2179222347575993
qwen,P,rte@s0__sst2@s1,138,139,0.7410071942446043,0.7971014492753623,0.4782608695652174,0.463768115942029,0.5107913669064749,0.6376811594202898,0.6086956521739131,0.5899280575539568,0.7681159420289855,0.7246376811594203,0.6762589928057554,0.8768115942028986,0.7898550724637681,0.697841726618705,200,672,0.9419642857142857,0.94,0.885,0.865,0.8943452380952381,0.945,0.935,0.9360119047619048,0.98,0.95,0.9404761904761905,0.96,0.93,0.9345238095238095,0.6816304347826088,0.7510154738878143,0.18061626712066126,0.7913405797101449,0.8791586073500968,0.10510130523474281,0.8740579710144927,0.9598646034816247,0.044479209803831354,0.9184057971014492,0.9901353965183752,0.03307566066964207,0.8695652173913043,0.7681159420289855,0.6474820143884892,0.8115942028985508,0.7246376811594203,0.6258992805755396,0.6376811594202898,0.6086956521739131,0.5251798561151079,0.955,0.935,0.9241071428571429,0.935,0.915,0.9166666666666666,0.85,0.86,0.8556547619047619,0.9122826086956521,0.9791586073500967,0.0725854691022868,0.8732971014492754,0.941247582205029,0.09109802297581249,0.7438405797101448,0.8392649903288201,0.19144465405911126
qwen,P,rte@s0__stsb@s1,138,139,0.7410071942446043,0.7971014492753623,0.463768115942029,0.4492753623188406,0.49640287769784175,0.463768115942029,0.4492753623188406,0.49640287769784175,0.463768115942029,0.4492753623188406,0.49640287769784175,0.463768115942029,0.4492753623188406,0.49640287769784175,200,1300,0.9082481265413367,0.9033388188336785,0.7697697442436062,0.6833385713981627,0.7023496299369807,0.9560894022350559,0.8560356543748604,0.8663830867911757,0.9785044626115653,0.8793291977364995,0.890697609120312,0.9696227405685144,0.8758809156431355,0.8883877459552665,0.6167689300928176,0.6600475666023078,0.2783977984730488,0.7099287590885425,0.7556357774574944,0.188095681650169,0.7211362892767972,0.7685288043461839,0.17471028529282795,0.7166954282552717,0.7666201727112586,0.17598188888745459,0.47101449275362317,0.4420289855072464,0.49640287769784175,0.4855072463768116,0.4420289855072464,0.49640287769784175,0.4927536231884058,0.43478260869565216,0.5107913669064749,0.9443591089777246,0.8530452416931097,0.8742560852723514,0.9192034800870023,0.829278066202408,0.8594411305269349,0.8428830720768019,0.7589373148890985,0.8082562677853748,0.7076868008656738,0.7494351229918086,0.18376151444898992,0.702355363231907,0.7362799396900503,0.19191730046851774,0.6678183476326038,0.6928007263783512,0.21038635964349095
qwen,P,rte@s0__trec@s1,138,139,0.7410071942446043,0.7971014492753623,0.5217391304347826,0.5072463768115942,0.5323741007194245,0.7101449275362319,0.6666666666666666,0.6402877697841727,0.8260869565217391,0.7681159420289855,0.697841726618705,0.8840579710144928,0.7971014492753623,0.697841726618705,200,300,0.9733333333333334,0.985,0.975,0.96,0.9633333333333334,0.995,0.98,0.9733333333333334,1.0,0.985,0.9766666666666667,1.0,0.985,0.9733333333333334,0.7483695652173913,0.805491462851869,0.1459136853304961,0.852572463768116,0.9156437471158283,0.06796116504854366,0.9130434782608696,0.9818181818181818,0.027413884825109758,0.9420289855072463,1.0,0.029126213592232997,0.855072463768116,0.8115942028985508,0.6762589928057554,0.7898550724637681,0.7318840579710145,0.6402877697841727,0.6811594202898551,0.6521739130434783,0.5539568345323741,0.995,0.98,0.9733333333333334,0.985,0.97,0.97,0.94,0.925,0.9366666666666666,0.9250362318840579,1.0065528380249193,0.043689320388349495,0.887427536231884,0.9514766958929395,0.06967349381566701,0.8105797101449275,0.8786340562990309,0.14504920867136595
qwen,P,rte@s0__wic@s1,138,139,0.7410071942446043,0.7971014492753623,0.47101449275362317,0.45652173913043476,0.5251798561151079,0.6956521739130435,0.6666666666666666,0.6402877697841727,0.7971014492753623,0.7246376811594203,0.7050359712230215,0.8115942028985508,0.7391304347826086,0.6474820143884892,200,438,0.6986301369863014,0.68,0.58,0.52,0.5273972602739726,0.72,0.58,0.634703196347032,0.855,0.625,0.678082191780822,0.91,0.62,0.6872146118721462,0.5255072463768116,0.6687165775401069,0.26818008756900813,0.7078260869565217,0.8446524064171121,0.11371279903547182,0.8260507246376811,0.9141042780748663,0.03897772701313529,0.8607971014492755,0.91951871657754,0.07127673075702767,0.7608695652173914,0.6884057971014492,0.6115107913669064,0.6884057971014492,0.6159420289855072,0.6258992805755396,0.5217391304347826,0.5362318840579711,0.5827338129496403,0.82,0.57,0.6735159817351598,0.775,0.545,0.6232876712328768,0.68,0.55,0.593607305936073,0.7904347826086957,0.8509358288770053,0.10535249698584925,0.7317028985507246,0.7870989304812834,0.13159147154007234,0.6008695652173913,0.7407754010695188,0.18195951519766473
qwen,P,rte@s0__yelp_polarity@s1,138,139,0.7410071942446043,0.7971014492753623,0.47101449275362317,0.45652173913043476,0.5035971223021583,0.5434782608695652,0.5289855072463768,0.5467625899280576,0.644927536231884,0.6159420289855072,0.5755395683453237,0.6956521739130435,0.6376811594202898,0.6187050359712231,200,4800,0.971875,0.97,0.95,0.94,0.9370833333333334,0.965,0.945,0.9629166666666666,0.975,0.955,0.9689583333333334,0.97,0.94,0.9658333333333333,0.7105072463768116,0.7708997188378632,0.17809342448932863,0.7542391304347826,0.8189315838800375,0.13567675001821033,0.809963768115942,0.8786316776007497,0.11315102134257382,0.8328260869565217,0.8845360824742268,0.08563252479214145,0.6884057971014492,0.6014492753623188,0.5611510791366906,0.6594202898550725,0.5869565217391305,0.5323741007194245,0.5434782608695652,0.5,0.5179856115107914,0.94,0.91,0.9583333333333334,0.94,0.91,0.9516666666666667,0.92,0.89,0.93125,0.8142028985507246,0.8463448922211809,0.12832599714877369,0.7997101449275362,0.8372539831302719,0.1511732692327703,0.7317391304347827,0.7723992502343018,0.1713857584366123
qwen,P,scitail@s0__snli@s1,200,1104,0.9583333333333334,0.965,0.57,0.585,0.6431159420289855,0.85,0.865,0.9003623188405797,0.915,0.92,0.9393115942028986,0.92,0.925,0.9365942028985508,200,4800,0.8910416666666666,0.88,0.71,0.66,0.6516666666666666,0.815,0.755,0.760625,0.845,0.78,0.7920833333333334,0.88,0.805,0.8120833333333334,0.6399999999999999,0.6781088082901554,0.29878437132187685,0.8325,0.8771638012246821,0.10342788370379563,0.88,0.9198657560056525,0.06545396243944279,0.9,0.9366609750353274,0.05564891208216627,0.9,0.905,0.9157608695652174,0.875,0.87,0.8876811594202898,0.815,0.81,0.8288043478260869,0.905,0.825,0.8227083333333334,0.91,0.83,0.8258333333333333,0.87,0.815,0.8047916666666667,0.9025000000000001,0.9376619170984457,0.06055635431615802,0.8925000000000001,0.9223681111634479,0.07345307228668041,0.8425,0.8827573009891663,0.11597875036518812
qwen,P,scitail@s0__sst2@s1,200,1104,0.9583333333333334,0.965,0.64,0.655,0.6956521739130435,0.9,0.905,0.9402173913043478,0.96,0.945,0.9519927536231884,0.965,0.94,0.9492753623188406,200,672,0.9419642857142857,0.94,0.885,0.865,0.8779761904761905,0.905,0.895,0.9032738095238095,0.925,0.915,0.9151785714285714,0.935,0.915,0.9166666666666666,0.7625,0.7994846213206923,0.17101628456326134,0.9025000000000001,0.9449757468856798,0.029988920643737482,0.9425,0.9763394333590563,0.017526138023096438,0.95,0.9737487597839268,0.018154017983796122,0.955,0.92,0.9329710144927537,0.945,0.91,0.9157608695652174,0.855,0.82,0.8478260869565217,0.94,0.91,0.90625,0.93,0.91,0.9047619047619048,0.905,0.885,0.8958333333333334,0.9475,0.9607264910153237,0.03218986014925773,0.9375,0.9555451438650646,0.04195895561388885,0.88,0.8956151471723074,0.0821425265113167
qwen,P,scitail@s0__stsb@s1,200,1104,0.9583333333333334,0.965,0.545,0.56,0.6340579710144928,0.765,0.78,0.8469202898550725,0.805,0.82,0.8903985507246377,0.83,0.845,0.8958333333333334,200,1300,0.9082481265413367,0.9033388188336785,0.8771199279982002,0.7834025535811124,0.8152891405778266,0.9628065701642542,0.8708428509042019,0.8887603427123779,0.9683642091052279,0.8821747435388381,0.8977410472449007,0.9595379884497114,0.8831550344430465,0.8946868625814022,0.7110599639991001,0.7237704568667962,0.22036203006719157,0.8639032850821271,0.8861584888279948,0.06885677124795886,0.886682104552614,0.9131561046367951,0.04122849037456988,0.8947689942248557,0.9266520656589844,0.04007431191035249,0.835,0.85,0.8822463768115942,0.815,0.83,0.8632246376811594,0.79,0.795,0.8106884057971014,0.945910147753694,0.8826633877797568,0.8838801214894952,0.9326663166579165,0.8761999230200792,0.873402726265937,0.8811415285382136,0.8462627695564883,0.8358797318617058,0.890455073876847,0.9289706117371884,0.05311238168316912,0.8738331583289582,0.9150303756412104,0.06880468189692812,0.8355707642691068,0.8803253810925863,0.11687168686563654
qwen,P,scitail@s0__trec@s1,200,1104,0.9583333333333334,0.965,0.705,0.72,0.7644927536231884,0.95,0.945,0.9501811594202898,0.98,0.945,0.9565217391304348,0.98,0.955,0.9528985507246377,200,300,0.9733333333333334,0.985,0.98,0.965,0.97,0.995,0.98,0.9733333333333334,1.0,0.985,0.9733333333333334,0.99,0.975,0.9766666666666667,0.8425,0.8629047105546934,0.10284654426806861,0.9724999999999999,0.9870992346334919,0.0042533081285445196,0.99,0.9896373056994818,0.000945179584120992,0.985,0.9897425107177612,0.001123209985239737,0.965,0.94,0.9402173913043478,0.955,0.93,0.9347826086956522,0.915,0.89,0.8822463768115942,0.975,0.97,0.9666666666666667,0.95,0.945,0.9466666666666667,0.825,0.82,0.8433333333333334,0.97,0.9794324189263828,0.012876453375456398,0.9524999999999999,0.9615607164461746,0.02598596473055914,0.87,0.877383551195392,0.10647836445088954
qwen,P,scitail@s0__wic@s1,200,1104,0.9583333333333334,0.965,0.74,0.755,0.7753623188405797,0.94,0.915,0.9420289855072463,0.97,0.945,0.9538043478260869,0.95,0.935,0.9438405797101449,200,438,0.6986301369863014,0.68,0.585,0.515,0.5342465753424658,0.765,0.615,0.6529680365296804,0.895,0.625,0.7054794520547946,0.86,0.68,0.7168949771689498,0.6625,0.7698681804327949,0.21311019681974863,0.8525,0.9262991466016458,0.041186354819180426,0.9325,0.9491961292288935,-0.0025390118240111725,0.905,0.9844559585492229,-0.005510458751868619,0.93,0.915,0.9257246376811594,0.9,0.885,0.9094202898550725,0.77,0.775,0.8079710144927537,0.805,0.665,0.6963470319634704,0.76,0.66,0.6666666666666666,0.64,0.59,0.6027397260273972,0.8675,0.9630638524839987,0.018647219442282204,0.8300000000000001,0.9438433404449863,0.048395665764730644,0.7050000000000001,0.8353779335568424,0.1470773564624337
qwen,P,scitail@s0__yelp_polarity@s1,200,1104,0.9583333333333334,0.965,0.675,0.69,0.7355072463768116,0.93,0.935,0.9510869565217391,0.98,0.945,0.9501811594202898,0.97,0.935,0.9347826086956522,200,4800,0.971875,0.97,0.94,0.93,0.94125,0.965,0.945,0.9633333333333334,0.99,0.97,0.9672916666666667,0.98,0.96,0.970625,0.8075,0.8368943966668447,0.13201271585652719,0.9475,0.9715693606110785,0.008175144917405675,0.985,0.9896373056994818,0.006611293123185424,0.975,0.9793013193739651,0.012930421410293103,0.955,0.92,0.9266304347826086,0.945,0.91,0.9094202898550725,0.87,0.845,0.8115942028985508,0.975,0.965,0.9677083333333333,0.97,0.96,0.9635416666666666,0.945,0.945,0.95125,0.965,0.9741066182362054,0.018684265444518178,0.9575,0.9663479514983174,0.02980709421606831,0.9075,0.9249372362587469,0.08717047878968387
qwen,P,snli@s0__sst2@s1,200,4800,0.8779166666666667,0.875,0.615,0.605,0.6335416666666667,0.835,0.775,0.81125,0.93,0.84,0.8541666666666666,0.93,0.835,0.85625,200,672,0.9419642857142857,0.94,0.855,0.835,0.8497023809523809,0.915,0.895,0.8898809523809523,0.945,0.915,0.9151785714285714,0.98,0.94,0.9285714285714286,0.735,0.7898632218844985,0.18815207114478105,0.875,0.918920972644377,0.0656148053842942,0.9375,0.9667021276595744,0.02774435024753874,0.9550000000000001,0.9771428571428571,0.01944882438812623,0.915,0.815,0.8422916666666667,0.91,0.815,0.8285416666666666,0.845,0.79,0.7791666666666667,0.97,0.92,0.9241071428571429,0.935,0.885,0.9151785714285714,0.835,0.825,0.8541666666666666,0.9425,0.9550759878419453,0.029768184139080445,0.9225000000000001,0.9364589665653495,0.04233856002447278,0.84,0.890258358662614,0.10284457660502755
qwen,P,snli@s0__stsb@s1,200,4800,0.8779166666666667,0.875,0.525,0.535,0.5635416666666667,0.57,0.56,0.5872916666666667,0.575,0.565,0.5895833333333333,0.555,0.555,0.5910416666666667,200,1300,0.9082481265413367,0.9033388188336785,0.7755658891472287,0.6999367128719463,0.7127275634244984,0.9579359483987101,0.8724266287050287,0.8743936450766944,0.9661936548413713,0.8861296844073483,0.8874325879918604,0.9402895072376811,0.8776275748576017,0.8842041778577963,0.6502829445736144,0.6931307778869849,0.28668213193847203,0.763967974199355,0.8028900355635324,0.18415693891332374,0.7705968274206856,0.8133318495410926,0.1756736925676632,0.7476447536188406,0.8029116277082176,0.17662040099768106,0.575,0.58,0.6185416666666667,0.595,0.59,0.6516666666666666,0.735,0.695,0.7079166666666666,0.9080072001800047,0.861084978197686,0.8725182398501976,0.8882622065551641,0.8440957712100489,0.8611553713842761,0.8414730368259208,0.8056557575911185,0.8271045715604967,0.7415036000900024,0.808040978780584,0.16739155211214418,0.741631103277582,0.8043517014942381,0.15478124307381547,0.7882365184129604,0.8430750703911039,0.14149049078438614
qwen,P,snli@s0__trec@s1,200,4800,0.8779166666666667,0.875,0.675,0.65,0.7020833333333333,0.87,0.81,0.8485416666666666,0.94,0.865,0.87375,0.96,0.845,0.8729166666666667,200,300,0.9733333333333334,0.985,0.955,0.94,0.9333333333333333,0.985,0.97,0.9766666666666667,0.99,0.975,0.9733333333333334,0.97,0.975,0.9666666666666667,0.815,0.8485859318346628,0.12069032773988864,0.9275,0.9552429296591733,0.015017619025947448,0.965,0.9892095721537346,0.0023730422401518902,0.965,0.977781000725163,0.006272308222428857,0.915,0.81,0.859375,0.905,0.81,0.8477083333333333,0.87,0.785,0.8125,0.94,0.945,0.93,0.895,0.9,0.8633333333333333,0.655,0.66,0.6433333333333333,0.9275,0.9425525743292241,0.032820311941278546,0.9,0.9197099347353155,0.07371140555616962,0.7625,0.7835968092820884,0.20677731111558995
qwen,P,snli@s0__wic@s1,200,4800,0.8779166666666667,0.875,0.655,0.63,0.6777083333333334,0.875,0.81,0.8339583333333334,0.89,0.815,0.8454166666666667,0.86,0.805,0.8054166666666667,200,438,0.6986301369863014,0.68,0.56,0.51,0.5205479452054794,0.705,0.595,0.6118721461187214,0.82,0.62,0.6757990867579908,0.875,0.685,0.680365296803653,0.6075,0.735,0.2414756600314545,0.79,0.9003571428571429,0.08712709890157622,0.855,0.9215966386554622,0.03484959875423044,0.8674999999999999,0.9636764705882352,0.05436283040347922,0.81,0.76,0.7533333333333333,0.775,0.735,0.7210416666666667,0.645,0.62,0.6377083333333333,0.875,0.665,0.6598173515981736,0.81,0.62,0.6575342465753424,0.76,0.59,0.6552511415525114,0.8425,0.9232563025210083,0.09873174075831881,0.7925,0.8758823529411764,0.11875680504760044,0.7025,0.7881092436974789,0.1678516367787426
qwen,P,snli@s0__yelp_polarity@s1,200,4800,0.8779166666666667,0.875,0.615,0.595,0.60875,0.755,0.715,0.76125,0.865,0.805,0.825625,0.935,0.835,0.8510416666666667,200,4800,0.971875,0.97,0.94,0.93,0.9316666666666666,0.965,0.965,0.955625,0.985,0.975,0.9641666666666666,0.985,0.965,0.9677083333333333,0.7775,0.819381443298969,0.17398448798497945,0.86,0.9059941089837997,0.07480531134161583,0.925,0.9625773195876288,0.03374738215034767,0.96,0.9745655375552282,0.017449745171380537,0.92,0.805,0.8485416666666666,0.91,0.81,0.83875,0.85,0.78,0.78625,0.975,0.965,0.9658333333333333,0.96,0.95,0.9620833333333333,0.945,0.935,0.9497916666666667,0.9475,0.9574226804123711,0.01983820074055198,0.935,0.9525478645066274,0.027344110455069792,0.8975,0.9276730486008837,0.06356812971206582
qwen,P,sst2@s0__stsb@s1,200,672,0.9315476190476191,0.935,0.49,0.485,0.5699404761904762,0.795,0.78,0.8065476190476191,0.91,0.885,0.8928571428571429,0.955,0.93,0.9151785714285714,200,1300,0.9082481265413367,0.9033388188336785,0.7548698717467938,0.668307694402164,0.7018798047882934,0.9547738693467339,0.8579196744128108,0.8660499603654284,0.9793999849996251,0.8839146473029693,0.8880087990645058,0.9738123453086328,0.8905222283364662,0.8894540271571438,0.6224349358733969,0.6292680504611492,0.30769735526286934,0.874886934673367,0.8919727042912453,0.09032317926545952,0.9446999924998125,0.9625107109169505,0.03190873254902882,0.9644061726543164,0.9902321925062595,0.01913228884549323,0.955,0.93,0.9077380952380952,0.955,0.93,0.9002976190476191,0.925,0.9,0.8675595238095238,0.9529783244581116,0.8831647923157531,0.8817547593664258,0.9354818870471764,0.8677323413276017,0.8715777503401541,0.8818315457886449,0.8150893686815409,0.8284865279383512,0.9539891622290557,0.9861598356744051,0.02736442572596287,0.9452409435235882,0.9776179405037334,0.03696058481751541,0.9034157728943224,0.932437159954492,0.07825463401116983
qwen,P,sst2@s0__trec@s1,200,672,0.9315476190476191,0.935,0.78,0.765,0.7872023809523809,0.935,0.92,0.9181547619047619,0.99,0.945,0.9345238095238095,0.975,0.94,0.9360119047619048,200,300,0.9733333333333334,0.985,0.985,0.97,0.9666666666666667,0.99,0.975,0.9766666666666667,0.99,0.975,0.97,0.985,0.97,0.97,0.8825000000000001,0.9014766958929394,0.08090069587290483,0.9625,0.9869024674936887,0.005476169635432626,0.99,1.000271451450908,0.00011488467766651578,0.98,0.9950595835934741,-0.0006838373670619013,0.965,0.94,0.9300595238095238,0.96,0.935,0.9226190476190477,0.925,0.91,0.8869047619047619,0.98,0.965,0.96,0.96,0.945,0.93,0.81,0.805,0.8266666666666667,0.9724999999999999,0.9925215125274843,0.007648037113221595,0.96,0.9796954314720812,0.027052606240973276,0.8675,0.8952604576671462,0.0993041270952777
qwen,P,sst2@s0__wic@s1,200,672,0.9315476190476191,0.935,0.655,0.64,0.6785714285714286,0.905,0.88,0.8660714285714286,0.965,0.92,0.9211309523809523,0.975,0.94,0.9196428571428571,200,438,0.6986301369863014,0.68,0.685,0.575,0.6073059360730594,0.815,0.635,0.682648401826484,0.89,0.64,0.7009132420091324,0.885,0.665,0.7031963470319634,0.67,0.7650401069518715,0.2011422247280168,0.86,0.9375,0.04658167846478323,0.9275,0.9625668449197861,0.0039570673849944615,0.9299999999999999,0.9916443850267378,0.0031218025016184203,0.955,0.92,0.8898809523809523,0.915,0.89,0.8645833333333334,0.83,0.845,0.7961309523809523,0.81,0.66,0.678082191780822,0.785,0.655,0.6598173515981736,0.7,0.61,0.6050228310502284,0.8825000000000001,0.9772727272727273,0.03707009960533736,0.8500000000000001,0.9575534759358288,0.06372026979055723,0.7649999999999999,0.9004010695187166,0.1396771701225752
qwen,P,sst2@s0__yelp_polarity@s1,200,672,0.9315476190476191,0.935,0.55,0.545,0.6190476190476191,0.885,0.87,0.8645833333333334,0.955,0.93,0.9166666666666666,0.975,0.95,0.9330357142857143,200,4800,0.971875,0.97,0.935,0.925,0.9504166666666667,0.97,0.95,0.9664583333333333,0.985,0.965,0.9679166666666666,0.975,0.955,0.9675,0.7425,0.7682479739787199,0.17877128641333573,0.9275,0.9549313633607144,0.03872920155190074,0.97,0.9947488836209273,0.010023662033565195,0.975,1.0002894316114448,0.0014520818137924163,0.975,0.95,0.9211309523809523,0.965,0.94,0.9047619047619048,0.91,0.875,0.8645833333333334,0.97,0.95,0.9602083333333333,0.965,0.945,0.953125,0.915,0.895,0.9179166666666667,0.9724999999999999,0.9977121120238159,0.011593197935821475,0.965,0.9897871988532994,0.024023299055915714,0.9125000000000001,0.9292546446882408,0.0637024062678706
qwen,P,stsb@s0__trec@s1,200,1300,0.9091757216990676,0.9000496651259898,0.7977124428110705,0.6748582294106076,0.6903205988280924,0.9229175729393236,0.8049877186135186,0.8171589884122837,0.9783094577364435,0.8733003336150583,0.8830893726686591,0.9863841596039902,0.8926501951920794,0.8969338258001432,200,300,0.9733333333333334,0.985,0.925,0.91,0.89,0.965,0.96,0.9433333333333334,0.94,0.94,0.9266666666666666,0.86,0.855,0.8233333333333334,0.8613562214055352,0.836829484257088,0.1631673079920568,0.9439587864696618,0.9345003663625229,0.066015441123907,0.9591547288682217,0.9622974406997787,0.0383187562982803,0.923192079801995,0.929899562490936,0.08378720917194604,0.9696917422935575,0.8883349636390211,0.884996520362626,0.9493077326933175,0.8829185936813119,0.8710768005157336,0.8805025125628141,0.8312123768150766,0.8124634103781484,0.665,0.66,0.5866666666666667,0.505,0.505,0.44,0.24,0.24,0.22333333333333333,0.8173458711467787,0.828517572341369,0.21192745716289796,0.7271538663466588,0.746828440917853,0.2949250546552561,0.560251256281407,0.5835865834787,0.43846078182603443
qwen,P,stsb@s0__wic@s1,200,1300,0.9091757216990676,0.9000496651259898,0.8429490737268432,0.7298213239440405,0.7472176432426842,0.9452591314782871,0.8533094548617783,0.8600332538371918,0.961828545713643,0.8847253013432029,0.8853574610844903,0.9395514887872198,0.8668338664330095,0.8759688882604288,200,438,0.6986301369863014,0.68,0.55,0.5,0.502283105022831,0.685,0.555,0.5799086757990868,0.785,0.605,0.6415525114155252,0.845,0.645,0.6415525114155252,0.6964745368634216,0.7730809766517636,0.22959150941057216,0.8151295657391435,0.8821228846722335,0.11199315624066886,0.8734142728568215,0.9363398755221204,0.05394849450091388,0.8922757443936099,0.955812502642918,0.05911172785613161,0.8984624615615392,0.8234773861811807,0.8507763143905466,0.8737598439961001,0.8007167727904357,0.8248117523400493,0.7814820370509263,0.6976841454879267,0.72371232694592,0.815,0.595,0.6210045662100456,0.78,0.6,0.632420091324201,0.705,0.545,0.6255707762557078,0.8567312307807695,0.8949621924146316,0.08767223328611806,0.82687992199805,0.8859945755304501,0.09378147561370342,0.7432410185254632,0.7883162091054129,0.1542829332726119
qwen,P,stsb@s0__yelp_polarity@s1,200,1300,0.9091757216990676,0.9000496651259898,0.7798874971874299,0.6614389026223696,0.6904926920970884,0.8966939173479338,0.7760098390975373,0.7851703172670748,0.9445466136653418,0.8318113600781382,0.8413087462319219,0.9662986574664367,0.8626604993369918,0.8663756240856819,200,4800,0.971875,0.97,0.94,0.93,0.93875,0.97,0.95,0.9625,0.97,0.94,0.969375,0.925,0.915,0.9539583333333334,0.8599437485937149,0.8468272233769945,0.13730624698867577,0.9333469586739669,0.9207835097285239,0.07301976123738974,0.9572733068326709,0.9466280049025855,0.03860952810022933,0.9456493287332184,0.950878871958962,0.03275543545586901,0.9623190579764496,0.8681196538134912,0.8611325212907881,0.9507312682817073,0.8638637201022645,0.8494616836440494,0.8851526288157204,0.8149617657307634,0.7987094828712543,0.86,0.85,0.91625,0.805,0.795,0.85375,0.525,0.515,0.5616666666666666,0.9111595289882248,0.9204064135631297,0.05503865862374524,0.8778656341408537,0.8896916209508889,0.09361136137164916,0.7050763144078602,0.7181954707432749,0.27179042070187465
qwen,P,trec@s0__wic@s1,200,300,0.9733333333333334,0.98,0.895,0.9,0.91,0.985,0.975,0.9533333333333334,0.995,0.975,0.9666666666666667,0.99,0.97,0.98,200,438,0.6986301369863014,0.68,0.61,0.54,0.5525114155251142,0.75,0.6,0.6735159817351598,0.835,0.625,0.684931506849315,0.845,0.645,0.6940639269406392,0.7525,0.8562424969987995,0.1371094099740353,0.8674999999999999,0.9386254501800719,0.02824782881189003,0.915,0.9570078031212486,0.013228579102874116,0.9175,0.9691626650660263,-0.0001566836780373393,0.96,0.94,0.9766666666666667,0.935,0.925,0.9633333333333334,0.84,0.835,0.86,0.785,0.615,0.6712328767123288,0.755,0.625,0.6598173515981736,0.69,0.6,0.6278538812785388,0.8725,0.931797719087635,0.017895514370131593,0.845,0.9314975990396159,0.03291476407914762,0.7649999999999999,0.8671968787515005,0.10887277285343366
qwen,P,trec@s0__yelp_polarity@s1,200,300,0.9733333333333334,0.98,0.955,0.955,0.93,0.995,0.985,0.9666666666666667,1.0,0.98,0.9733333333333334,0.995,0.975,0.9766666666666667,200,4800,0.971875,0.97,0.945,0.935,0.9395833333333333,0.955,0.945,0.9625,0.975,0.955,0.9677083333333333,0.98,0.96,0.9683333333333334,0.95,0.9692036608457817,0.0388733500712094,0.975,0.9896644224700188,0.00824780865964847,0.9875,0.9922680412371134,0.002143622722400984,0.9875,0.992294340416579,0.00010975054691741981,0.97,0.96,0.9633333333333334,0.965,0.955,0.96,0.905,0.895,0.9133333333333333,0.985,0.955,0.9666666666666667,0.985,0.965,0.965,0.965,0.945,0.9508333333333333,0.9775,0.9820639596044602,0.007816514704370947,0.975,0.9846675783715548,0.010386292560454646,0.935,0.9437460551230802,0.04164721255634363
qwen,P,wic@s0__yelp_polarity@s1,200,438,0.682648401826484,0.685,0.555,0.5,0.5,0.685,0.56,0.5821917808219178,0.8,0.615,0.6278538812785388,0.85,0.635,0.6461187214611872,200,4800,0.971875,0.97,0.94,0.93,0.949375,0.965,0.945,0.9664583333333333,0.975,0.955,0.9683333333333334,0.96,0.94,0.96625,0.7475,0.8443449469486042,0.14535482691501156,0.825,0.8958725261494469,0.0763653048568469,0.8875,0.9411731507261645,0.04195585857825468,0.905,0.9480397321092633,0.029649743518050498,0.86,0.605,0.6575342465753424,0.84,0.565,0.6484018264840182,0.78,0.535,0.6095890410958904,0.93,0.94,0.9589583333333334,0.92,0.92,0.9510416666666667,0.885,0.885,0.9175,0.895,0.9261419218902851,0.025039879268874188,0.88,0.8866355632477989,0.03580172565213813,0.8325,0.8466965159154187,0.08148598221294989
