pair,t1,t2,layer,d_out,cos2_mean_A,theta_min_A_deg,n_angles_lt30_A,cos2_mean_B,theta_min_B_deg
cola@s0__sst2@s0,cola@s0,sst2@s0,encoder.layer.0.attention.output.dense,768,0.01275073464,78.80291805,0,0.01275073464,78.80291805
cola@s0__sst2@s0,cola@s0,sst2@s0,encoder.layer.0.attention.self.key,768,0.023020791,73.87408585,0,0.023020791,73.87408585
cola@s0__sst2@s0,cola@s0,sst2@s0,encoder.layer.0.attention.self.query,768,0.0402988968,70.78838417,0,0.0402988968,70.78838417
cola@s0__sst2@s0,cola@s0,sst2@s0,encoder.layer.0.attention.self.value,768,0.01330832787,77.08511832,0,0.01330832787,77.08511832
cola@s0__sst2@s0,cola@s0,sst2@s0,encoder.layer.0.intermediate.dense,3072,0.00206453018,85.40395326,0,0.00206453018,85.40395326
cola@s0__sst2@s0,cola@s0,sst2@s0,encoder.layer.0.output.dense,768,0.009740270042,78.48282644,0,0.009740270042,78.48282644
cola@s0__sst2@s0,cola@s0,sst2@s0,encoder.layer.1.attention.output.dense,768,0.01367747387,77.34064483,0,0.01367747387,77.34064483
cola@s0__sst2@s0,cola@s0,sst2@s0,encoder.layer.1.attention.self.key,768,0.01692174662,77.36853951,0,0.01692174662,77.36853951
cola@s0__sst2@s0,cola@s0,sst2@s0,encoder.layer.1.attention.self.query,768,0.02123162234,75.23092874,0,0.02123162234,75.23092874
cola@s0__sst2@s0,cola@s0,sst2@s0,encoder.layer.1.attention.self.value,768,0.02088737779,74.54494164,0,0.02088737779,74.54494164
cola@s0__sst2@s0,cola@s0,sst2@s0,encoder.layer.1.intermediate.dense,3072,0.003603929333,84.13120561,0,0.003603929333,84.13120561
cola@s0__sst2@s0,cola@s0,sst2@s0,encoder.layer.1.output.dense,768,0.01140235463,79.27219904,0,0.01140235463,79.27219904
cola@s0__sst2@s0,cola@s0,sst2@s0,encoder.layer.10.attention.output.dense,768,0.02933550715,67.40104723,0,0.02933550715,67.40104723
cola@s0__sst2@s0,cola@s0,sst2@s0,encoder.layer.10.attention.self.key,768,0.02316465272,76.16426366,0,0.02316465272,76.16426366
cola@s0__sst2@s0,cola@s0,sst2@s0,encoder.layer.10.attention.self.query,768,0.02003844995,74.77053696,0,0.02003844995,74.77053696
cola@s0__sst2@s0,cola@s0,sst2@s0,encoder.layer.10.attention.self.value,768,0.02200151088,75.36053911,0,0.02200151088,75.36053911
cola@s0__sst2@s0,cola@s0,sst2@s0,encoder.layer.10.intermediate.dense,3072,0.002564660032,84.88324694,0,0.002564660032,84.88324694
cola@s0__sst2@s0,cola@s0,sst2@s0,encoder.layer.10.output.dense,768,0.02336328122,74.2283177,0,0.02336328122,74.2283177
cola@s0__sst2@s0,cola@s0,sst2@s0,encoder.layer.11.attention.output.dense,768,0.06268282096,63.20548647,0,0.06268282096,63.20548647
cola@s0__sst2@s0,cola@s0,sst2@s0,encoder.layer.11.attention.self.key,768,0.0165552013,78.49373981,0,0.0165552013,78.49373981
cola@s0__sst2@s0,cola@s0,sst2@s0,encoder.layer.11.attention.self.query,768,0.01754194533,76.60617016,0,0.01754194533,76.60617016
cola@s0__sst2@s0,cola@s0,sst2@s0,encoder.layer.11.attention.self.value,768,0.02561224681,70.91244685,0,0.02561224681,70.91244685
cola@s0__sst2@s0,cola@s0,sst2@s0,encoder.layer.11.intermediate.dense,3072,0.006246282744,79.60980897,0,0.006246282744,79.60980897
cola@s0__sst2@s0,cola@s0,sst2@s0,encoder.layer.11.output.dense,768,0.04766931831,60.55158562,0,0.04766931831,60.55158562
cola@s0__sst2@s0,cola@s0,sst2@s0,encoder.layer.2.attention.output.dense,768,0.01343640273,78.02234029,0,0.01343640273,78.02234029
cola@s0__sst2@s0,cola@s0,sst2@s0,encoder.layer.2.attention.self.key,768,0.01356035774,76.78207897,0,0.01356035774,76.78207897
cola@s0__sst2@s0,cola@s0,sst2@s0,encoder.layer.2.attention.self.query,768,0.01999380779,77.08666885,0,0.01999380779,77.08666885
cola@s0__sst2@s0,cola@s0,sst2@s0,encoder.layer.2.attention.self.value,768,0.01411736099,78.36691545,0,0.01411736099,78.36691545
cola@s0__sst2@s0,cola@s0,sst2@s0,encoder.layer.2.intermediate.dense,3072,0.002474719115,85.42475068,0,0.002474719115,85.42475068
cola@s0__sst2@s0,cola@s0,sst2@s0,encoder.layer.2.output.dense,768,0.01131754056,79.50668407,0,0.01131754056,79.50668407
cola@s0__sst2@s0,cola@s0,sst2@s0,encoder.layer.3.attention.output.dense,768,0.008291540138,81.14859139,0,0.008291540138,81.14859139
cola@s0__sst2@s0,cola@s0,sst2@s0,encoder.layer.3.attention.self.key,768,0.01629338559,75.8186898,0,0.01629338559,75.8186898
cola@s0__sst2@s0,cola@s0,sst2@s0,encoder.layer.3.attention.self.query,768,0.01708979065,76.07600849,0,0.01708979065,76.07600849
cola@s0__sst2@s0,cola@s0,sst2@s0,encoder.layer.3.attention.self.value,768,0.0156209628,77.44526852,0,0.0156209628,77.44526852
cola@s0__sst2@s0,cola@s0,sst2@s0,encoder.layer.3.intermediate.dense,3072,0.003341079778,84.46388244,0,0.003341079778,84.46388244
cola@s0__sst2@s0,cola@s0,sst2@s0,encoder.layer.3.output.dense,768,0.009616348337,79.85760483,0,0.009616348337,79.85760483
cola@s0__sst2@s0,cola@s0,sst2@s0,encoder.layer.4.attention.output.dense,768,0.01052325711,80.29490781,0,0.01052325711,80.29490781
cola@s0__sst2@s0,cola@s0,sst2@s0,encoder.layer.4.attention.self.key,768,0.01998205754,74.41778049,0,0.01998205754,74.41778049
cola@s0__sst2@s0,cola@s0,sst2@s0,encoder.layer.4.attention.self.query,768,0.02274377788,75.19133456,0,0.02274377788,75.19133456
cola@s0__sst2@s0,cola@s0,sst2@s0,encoder.layer.4.attention.self.value,768,0.01467664439,78.97900234,0,0.01467664439,78.97900234
cola@s0__sst2@s0,cola@s0,sst2@s0,encoder.layer.4.intermediate.dense,3072,0.003999506011,83.01383127,0,0.003999506011,83.01383127
cola@s0__sst2@s0,cola@s0,sst2@s0,encoder.layer.4.output.dense,768,0.01599170291,75.75550833,0,0.01599170291,75.75550833
cola@s0__sst2@s0,cola@s0,sst2@s0,encoder.layer.5.attention.output.dense,768,0.01607483712,77.99589068,0,0.01607483712,77.99589068
cola@s0__sst2@s0,cola@s0,sst2@s0,encoder.layer.5.attention.self.key,768,0.01504140209,77.59639144,0,0.01504140209,77.59639144
cola@s0__sst2@s0,cola@s0,sst2@s0,encoder.layer.5.attention.self.query,768,0.01709717432,76.55540568,0,0.01709717432,76.55540568
cola@s0__sst2@s0,cola@s0,sst2@s0,encoder.layer.5.attention.self.value,768,0.01331937858,78.73718728,0,0.01331937858,78.73718728
cola@s0__sst2@s0,cola@s0,sst2@s0,encoder.layer.5.intermediate.dense,3072,0.002746005986,85.31824406,0,0.002746005986,85.31824406
cola@s0__sst2@s0,cola@s0,sst2@s0,encoder.layer.5.output.dense,768,0.01170872466,78.14062035,0,0.01170872466,78.14062035
cola@s0__sst2@s0,cola@s0,sst2@s0,encoder.layer.6.attention.output.dense,768,0.01384657712,77.30998233,0,0.01384657712,77.30998233
cola@s0__sst2@s0,cola@s0,sst2@s0,encoder.layer.6.attention.self.key,768,0.0134518326,78.74796534,0,0.0134518326,78.74796534
cola@s0__sst2@s0,cola@s0,sst2@s0,encoder.layer.6.attention.self.query,768,0.0240258516,74.50010078,0,0.0240258516,74.50010078
cola@s0__sst2@s0,cola@s0,sst2@s0,encoder.layer.6.attention.self.value,768,0.01639661525,77.39915461,0,0.01639661525,77.39915461
cola@s0__sst2@s0,cola@s0,sst2@s0,encoder.layer.6.intermediate.dense,3072,0.002270172592,85.61034289,0,0.002270172592,85.61034289
cola@s0__sst2@s0,cola@s0,sst2@s0,encoder.layer.6.output.dense,768,0.016238674,77.95184427,0,0.016238674,77.95184427
cola@s0__sst2@s0,cola@s0,sst2@s0,encoder.layer.7.attention.output.dense,768,0.01731241407,77.02556005,0,0.01731241407,77.02556005
cola@s0__sst2@s0,cola@s0,sst2@s0,encoder.layer.7.attention.self.key,768,0.01931252344,74.32501297,0,0.01931252344,74.32501297
cola@s0__sst2@s0,cola@s0,sst2@s0,encoder.layer.7.attention.self.query,768,0.01987316055,75.59340965,0,0.01987316055,75.59340965
cola@s0__sst2@s0,cola@s0,sst2@s0,encoder.layer.7.attention.self.value,768,0.01379093952,79.09747146,0,0.01379093952,79.09747146
cola@s0__sst2@s0,cola@s0,sst2@s0,encoder.layer.7.intermediate.dense,3072,0.003755072982,84.38873307,0,0.003755072982,84.38873307
cola@s0__sst2@s0,cola@s0,sst2@s0,encoder.layer.7.output.dense,768,0.02362661897,74.30033117,0,0.02362661897,74.30033117
cola@s0__sst2@s0,cola@s0,sst2@s0,encoder.layer.8.attention.output.dense,768,0.01908613025,76.56383921,0,0.01908613025,76.56383921
cola@s0__sst2@s0,cola@s0,sst2@s0,encoder.layer.8.attention.self.key,768,0.0313341418,72.91875273,0,0.0313341418,72.91875273
cola@s0__sst2@s0,cola@s0,sst2@s0,encoder.layer.8.attention.self.query,768,0.01975342598,74.83249027,0,0.01975342598,74.83249027
cola@s0__sst2@s0,cola@s0,sst2@s0,encoder.layer.8.attention.self.value,768,0.01185683812,78.34182954,0,0.01185683812,78.34182954
cola@s0__sst2@s0,cola@s0,sst2@s0,encoder.layer.8.intermediate.dense,3072,0.002143879894,85.47478117,0,0.002143879894,85.47478117
cola@s0__sst2@s0,cola@s0,sst2@s0,encoder.layer.8.output.dense,768,0.02346611736,74.13722145,0,0.02346611736,74.13722145
cola@s0__sst2@s0,cola@s0,sst2@s0,encoder.layer.9.attention.output.dense,768,0.02161159952,74.36755506,0,0.02161159952,74.36755506
cola@s0__sst2@s0,cola@s0,sst2@s0,encoder.layer.9.attention.self.key,768,0.02036864999,74.10132063,0,0.02036864999,74.10132063
cola@s0__sst2@s0,cola@s0,sst2@s0,encoder.layer.9.attention.self.query,768,0.01943898384,76.84892914,0,0.01943898384,76.84892914
cola@s0__sst2@s0,cola@s0,sst2@s0,encoder.layer.9.attention.self.value,768,0.0192867871,74.80232403,0,0.0192867871,74.80232403
cola@s0__sst2@s0,cola@s0,sst2@s0,encoder.layer.9.intermediate.dense,3072,0.002738988575,84.44765987,0,0.002738988575,84.44765987
cola@s0__sst2@s0,cola@s0,sst2@s0,encoder.layer.9.output.dense,768,0.02455290171,72.25755423,0,0.02455290171,72.25755423
cola@s0__sst2@s0,cola@s0,sst2@s0,pooler.dense,768,0.05543012951,61.1426906,0,0.05543012951,61.1426906
cola@s0__mrpc@s0,cola@s0,mrpc@s0,encoder.layer.0.attention.output.dense,768,0.01999056178,75.48905781,0,0.01999056178,75.48905781
cola@s0__mrpc@s0,cola@s0,mrpc@s0,encoder.layer.0.attention.self.key,768,0.01690878676,77.14336567,0,0.01690878676,77.14336567
cola@s0__mrpc@s0,cola@s0,mrpc@s0,encoder.layer.0.attention.self.query,768,0.02390351404,74.89682816,0,0.02390351404,74.89682816
cola@s0__mrpc@s0,cola@s0,mrpc@s0,encoder.layer.0.attention.self.value,768,0.02100735975,75.16841332,0,0.02100735975,75.16841332
cola@s0__mrpc@s0,cola@s0,mrpc@s0,encoder.layer.0.intermediate.dense,3072,0.002845229279,85.06491153,0,0.002845229279,85.06491153
cola@s0__mrpc@s0,cola@s0,mrpc@s0,encoder.layer.0.output.dense,768,0.009283095134,81.08516707,0,0.009283095134,81.08516707
cola@s0__mrpc@s0,cola@s0,mrpc@s0,encoder.layer.1.attention.output.dense,768,0.01327852637,77.37797869,0,0.01327852637,77.37797869
cola@s0__mrpc@s0,cola@s0,mrpc@s0,encoder.layer.1.attention.self.key,768,0.01481648525,76.95269527,0,0.01481648525,76.95269527
cola@s0__mrpc@s0,cola@s0,mrpc@s0,encoder.layer.1.attention.self.query,768,0.01660576068,77.55537599,0,0.01660576068,77.55537599
cola@s0__mrpc@s0,cola@s0,mrpc@s0,encoder.layer.1.attention.self.value,768,0.0231244773,76.30144159,0,0.0231244773,76.30144159
cola@s0__mrpc@s0,cola@s0,mrpc@s0,encoder.layer.1.intermediate.dense,3072,0.002078768156,85.12075221,0,0.002078768156,85.12075221
cola@s0__mrpc@s0,cola@s0,mrpc@s0,encoder.layer.1.output.dense,768,0.01657139779,77.67863846,0,0.01657139779,77.67863846
cola@s0__mrpc@s0,cola@s0,mrpc@s0,encoder.layer.10.attention.output.dense,768,0.03377475361,71.16351833,0,0.03377475361,71.16351833
cola@s0__mrpc@s0,cola@s0,mrpc@s0,encoder.layer.10.attention.self.key,768,0.03264819171,71.46114591,0,0.03264819171,71.46114591
cola@s0__mrpc@s0,cola@s0,mrpc@s0,encoder.layer.10.attention.self.query,768,0.0185432402,77.66754118,0,0.0185432402,77.66754118
cola@s0__mrpc@s0,cola@s0,mrpc@s0,encoder.layer.10.attention.self.value,768,0.02372749187,72.86699044,0,0.02372749187,72.86699044
cola@s0__mrpc@s0,cola@s0,mrpc@s0,encoder.layer.10.intermediate.dense,3072,0.003732460692,84.07615334,0,0.003732460692,84.07615334
cola@s0__mrpc@s0,cola@s0,mrpc@s0,encoder.layer.10.output.dense,768,0.05519897715,64.21215257,0,0.05519897715,64.21215257
cola@s0__mrpc@s0,cola@s0,mrpc@s0,encoder.layer.11.attention.output.dense,768,0.07230663978,56.40309727,0,0.07230663978,56.40309727
cola@s0__mrpc@s0,cola@s0,mrpc@s0,encoder.layer.11.attention.self.key,768,0.02392535581,76.28904117,0,0.02392535581,76.28904117
cola@s0__mrpc@s0,cola@s0,mrpc@s0,encoder.layer.11.attention.self.query,768,0.01328141332,77.34215967,0,0.01328141332,77.34215967
cola@s0__mrpc@s0,cola@s0,mrpc@s0,encoder.layer.11.attention.self.value,768,0.04372848088,64.67607553,0,0.04372848088,64.67607553
cola@s0__mrpc@s0,cola@s0,mrpc@s0,encoder.layer.11.intermediate.dense,3072,0.006023640366,81.70676686,0,0.006023640366,81.70676686
cola@s0__mrpc@s0,cola@s0,mrpc@s0,encoder.layer.11.output.dense,768,0.05869428009,60.81716651,0,0.05869428009,60.81716651
cola@s0__mrpc@s0,cola@s0,mrpc@s0,encoder.layer.2.attention.output.dense,768,0.01128192352,79.1552537,0,0.01128192352,79.1552537
cola@s0__mrpc@s0,cola@s0,mrpc@s0,encoder.layer.2.attention.self.key,768,0.01186350937,78.77896417,0,0.01186350937,78.77896417
cola@s0__mrpc@s0,cola@s0,mrpc@s0,encoder.layer.2.attention.self.query,768,0.01382097347,78.51520705,0,0.01382097347,78.51520705
cola@s0__mrpc@s0,cola@s0,mrpc@s0,encoder.layer.2.attention.self.value,768,0.01389974742,78.92273571,0,0.01389974742,78.92273571
cola@s0__mrpc@s0,cola@s0,mrpc@s0,encoder.layer.2.intermediate.dense,3072,0.002346959649,84.49371019,0,0.002346959649,84.49371019
cola@s0__mrpc@s0,cola@s0,mrpc@s0,encoder.layer.2.output.dense,768,0.01366113387,77.37506731,0,0.01366113387,77.37506731
cola@s0__mrpc@s0,cola@s0,mrpc@s0,encoder.layer.3.attention.output.dense,768,0.009206349954,81.0671018,0,0.009206349954,81.0671018
cola@s0__mrpc@s0,cola@s0,mrpc@s0,encoder.layer.3.attention.self.key,768,0.01593518274,78.0217542,0,0.01593518274,78.0217542
cola@s0__mrpc@s0,cola@s0,mrpc@s0,encoder.layer.3.attention.self.query,768,0.009546308551,79.78617301,0,0.009546308551,79.78617301
cola@s0__mrpc@s0,cola@s0,mrpc@s0,encoder.layer.3.attention.self.value,768,0.0190801587,75.96116203,0,0.0190801587,75.96116203
cola@s0__mrpc@s0,cola@s0,mrpc@s0,encoder.layer.3.intermediate.dense,3072,0.003901018984,81.7400922,0,0.003901018984,81.7400922
cola@s0__mrpc@s0,cola@s0,mrpc@s0,encoder.layer.3.output.dense,768,0.01505826791,77.64799688,0,0.01505826791,77.64799688
cola@s0__mrpc@s0,cola@s0,mrpc@s0,encoder.layer.4.attention.output.dense,768,0.0128779406,77.02458123,0,0.0128779406,77.02458123
cola@s0__mrpc@s0,cola@s0,mrpc@s0,encoder.layer.4.attention.self.key,768,0.01792009839,75.81313537,0,0.01792009839,75.81313537
cola@s0__mrpc@s0,cola@s0,mrpc@s0,encoder.layer.4.attention.self.query,768,0.016353474,77.26913474,0,0.016353474,77.26913474
cola@s0__mrpc@s0,cola@s0,mrpc@s0,encoder.layer.4.attention.self.value,768,0.01117642823,79.81726961,0,0.01117642823,79.81726961
cola@s0__mrpc@s0,cola@s0,mrpc@s0,encoder.layer.4.intermediate.dense,3072,0.002606810878,85.09336533,0,0.002606810878,85.09336533
cola@s0__mrpc@s0,cola@s0,mrpc@s0,encoder.layer.4.output.dense,768,0.0138011369,77.32880756,0,0.0138011369,77.32880756
cola@s0__mrpc@s0,cola@s0,mrpc@s0,encoder.layer.5.attention.output.dense,768,0.01103022601,78.96863484,0,0.01103022601,78.96863484
cola@s0__mrpc@s0,cola@s0,mrpc@s0,encoder.layer.5.attention.self.key,768,0.0162244249,76.67342997,0,0.0162244249,76.67342997
cola@s0__mrpc@s0,cola@s0,mrpc@s0,encoder.layer.5.attention.self.query,768,0.01777098053,77.41805996,0,0.01777098053,77.41805996
cola@s0__mrpc@s0,cola@s0,mrpc@s0,encoder.layer.5.attention.self.value,768,0.01405649636,78.68564446,0,0.01405649636,78.68564446
cola@s0__mrpc@s0,cola@s0,mrpc@s0,encoder.layer.5.intermediate.dense,3072,0.003567701595,84.38643655,0,0.003567701595,84.38643655
cola@s0__mrpc@s0,cola@s0,mrpc@s0,encoder.layer.5.output.dense,768,0.01590641612,76.66907498,0,0.01590641612,76.66907498
cola@s0__mrpc@s0,cola@s0,mrpc@s0,encoder.layer.6.attention.output.dense,768,0.01279948614,76.73278151,0,0.01279948614,76.73278151
cola@s0__mrpc@s0,cola@s0,mrpc@s0,encoder.layer.6.attention.self.key,768,0.0184029605,76.41669963,0,0.0184029605,76.41669963
cola@s0__mrpc@s0,cola@s0,mrpc@s0,encoder.layer.6.attention.self.query,768,0.01453255809,78.63476429,0,0.01453255809,78.63476429
cola@s0__mrpc@s0,cola@s0,mrpc@s0,encoder.layer.6.attention.self.value,768,0.01737634144,75.92743307,0,0.01737634144,75.92743307
cola@s0__mrpc@s0,cola@s0,mrpc@s0,encoder.layer.6.intermediate.dense,3072,0.004514518343,83.33051217,0,0.004514518343,83.33051217
cola@s0__mrpc@s0,cola@s0,mrpc@s0,encoder.layer.6.output.dense,768,0.01440215334,79.31114963,0,0.01440215334,79.31114963
cola@s0__mrpc@s0,cola@s0,mrpc@s0,encoder.layer.7.attention.output.dense,768,0.01748470527,78.15593692,0,0.01748470527,78.15593692
cola@s0__mrpc@s0,cola@s0,mrpc@s0,encoder.layer.7.attention.self.key,768,0.01673679812,76.63259289,0,0.01673679812,76.63259289
cola@s0__mrpc@s0,cola@s0,mrpc@s0,encoder.layer.7.attention.self.query,768,0.01654804983,76.28028719,0,0.01654804983,76.28028719
cola@s0__mrpc@s0,cola@s0,mrpc@s0,encoder.layer.7.attention.self.value,768,0.01193031625,79.36818262,0,0.01193031625,79.36818262
cola@s0__mrpc@s0,cola@s0,mrpc@s0,encoder.layer.7.intermediate.dense,3072,0.002376461887,85.06590247,0,0.002376461887,85.06590247
cola@s0__mrpc@s0,cola@s0,mrpc@s0,encoder.layer.7.output.dense,768,0.02131286283,74.91433412,0,0.02131286283,74.91433412
cola@s0__mrpc@s0,cola@s0,mrpc@s0,encoder.layer.8.attention.output.dense,768,0.02271492814,74.45271748,0,0.02271492814,74.45271748
cola@s0__mrpc@s0,cola@s0,mrpc@s0,encoder.layer.8.attention.self.key,768,0.02118873322,75.32925946,0,0.02118873322,75.32925946
cola@s0__mrpc@s0,cola@s0,mrpc@s0,encoder.layer.8.attention.self.query,768,0.01872470475,75.22882303,0,0.01872470475,75.22882303
cola@s0__mrpc@s0,cola@s0,mrpc@s0,encoder.layer.8.attention.self.value,768,0.02091546471,75.65311457,0,0.02091546471,75.65311457
cola@s0__mrpc@s0,cola@s0,mrpc@s0,encoder.layer.8.intermediate.dense,3072,0.003259724003,84.81735216,0,0.003259724003,84.81735216
cola@s0__mrpc@s0,cola@s0,mrpc@s0,encoder.layer.8.output.dense,768,0.02392639756,73.56326299,0,0.02392639756,73.56326299
cola@s0__mrpc@s0,cola@s0,mrpc@s0,encoder.layer.9.attention.output.dense,768,0.02027976171,75.90315675,0,0.02027976171,75.90315675
cola@s0__mrpc@s0,cola@s0,mrpc@s0,encoder.layer.9.attention.self.key,768,0.023230484,74.43457681,0,0.023230484,74.43457681
cola@s0__mrpc@s0,cola@s0,mrpc@s0,encoder.layer.9.attention.self.query,768,0.01612524357,75.69501457,0,0.01612524357,75.69501457
cola@s0__mrpc@s0,cola@s0,mrpc@s0,encoder.layer.9.attention.self.value,768,0.01686534201,76.77152219,0,0.01686534201,76.77152219
cola@s0__mrpc@s0,cola@s0,mrpc@s0,encoder.layer.9.intermediate.dense,3072,0.003475605597,84.3021705,0,0.003475605597,84.3021705
cola@s0__mrpc@s0,cola@s0,mrpc@s0,encoder.layer.9.output.dense,768,0.02387634213,73.33082329,0,0.02387634213,73.33082329
cola@s0__mrpc@s0,cola@s0,mrpc@s0,pooler.dense,768,0.07058670496,59.45493459,0,0.07058670496,59.45493459
cola@s0__stsb@s0,cola@s0,stsb@s0,encoder.layer.0.attention.output.dense,768,0.01241614875,79.43568817,0,0.01241614875,79.43568817
cola@s0__stsb@s0,cola@s0,stsb@s0,encoder.layer.0.attention.self.key,768,0.01877047554,75.83789618,0,0.01877047554,75.83789618
cola@s0__stsb@s0,cola@s0,stsb@s0,encoder.layer.0.attention.self.query,768,0.01473843696,76.21513407,0,0.01473843696,76.21513407
cola@s0__stsb@s0,cola@s0,stsb@s0,encoder.layer.0.attention.self.value,768,0.01885498756,77.26412897,0,0.01885498756,77.26412897
cola@s0__stsb@s0,cola@s0,stsb@s0,encoder.layer.0.intermediate.dense,3072,0.001962017711,85.12496417,0,0.001962017711,85.12496417
cola@s0__stsb@s0,cola@s0,stsb@s0,encoder.layer.0.output.dense,768,0.01419711314,78.87575806,0,0.01419711314,78.87575806
cola@s0__stsb@s0,cola@s0,stsb@s0,encoder.layer.1.attention.output.dense,768,0.01512261929,77.06372403,0,0.01512261929,77.06372403
cola@s0__stsb@s0,cola@s0,stsb@s0,encoder.layer.1.attention.self.key,768,0.0169051546,76.9217468,0,0.0169051546,76.9217468
cola@s0__stsb@s0,cola@s0,stsb@s0,encoder.layer.1.attention.self.query,768,0.02652644268,72.8793153,0,0.02652644268,72.8793153
cola@s0__stsb@s0,cola@s0,stsb@s0,encoder.layer.1.attention.self.value,768,0.01768642425,75.10393738,0,0.01768642425,75.10393738
cola@s0__stsb@s0,cola@s0,stsb@s0,encoder.layer.1.intermediate.dense,3072,0.001856112655,85.3690738,0,0.001856112655,85.3690738
cola@s0__stsb@s0,cola@s0,stsb@s0,encoder.layer.1.output.dense,768,0.01863746327,75.68971487,0,0.01863746327,75.68971487
cola@s0__stsb@s0,cola@s0,stsb@s0,encoder.layer.10.attention.output.dense,768,0.03771781234,67.53735789,0,0.03771781234,67.53735789
cola@s0__stsb@s0,cola@s0,stsb@s0,encoder.layer.10.attention.self.key,768,0.02047292417,74.01204124,0,0.02047292417,74.01204124
cola@s0__stsb@s0,cola@s0,stsb@s0,encoder.layer.10.attention.self.query,768,0.01932070521,76.97615598,0,0.01932070521,76.97615598
cola@s0__stsb@s0,cola@s0,stsb@s0,encoder.layer.10.attention.self.value,768,0.01696098311,74.93707175,0,0.01696098311,74.93707175
cola@s0__stsb@s0,cola@s0,stsb@s0,encoder.layer.10.intermediate.dense,3072,0.003281130964,84.68020287,0,0.003281130964,84.68020287
cola@s0__stsb@s0,cola@s0,stsb@s0,encoder.layer.10.output.dense,768,0.05072565322,64.70172943,0,0.05072565322,64.70172943
cola@s0__stsb@s0,cola@s0,stsb@s0,encoder.layer.11.attention.output.dense,768,0.06867407007,65.12751643,0,0.06867407007,65.12751643
cola@s0__stsb@s0,cola@s0,stsb@s0,encoder.layer.11.attention.self.key,768,0.02557362895,74.82466568,0,0.02557362895,74.82466568
cola@s0__stsb@s0,cola@s0,stsb@s0,encoder.layer.11.attention.self.query,768,0.01777418732,75.66078044,0,0.01777418732,75.66078044
cola@s0__stsb@s0,cola@s0,stsb@s0,encoder.layer.11.attention.self.value,768,0.05256940174,60.81437965,0,0.05256940174,60.81437965
cola@s0__stsb@s0,cola@s0,stsb@s0,encoder.layer.11.intermediate.dense,3072,0.009156964418,79.64025753,0,0.009156964418,79.64025753
cola@s0__stsb@s0,cola@s0,stsb@s0,encoder.layer.11.output.dense,768,0.02787803087,70.83689677,0,0.02787803087,70.83689677
cola@s0__stsb@s0,cola@s0,stsb@s0,encoder.layer.2.attention.output.dense,768,0.01537131773,78.25692288,0,0.01537131773,78.25692288
cola@s0__stsb@s0,cola@s0,stsb@s0,encoder.layer.2.attention.self.key,768,0.01593855806,76.91967073,0,0.01593855806,76.91967073
cola@s0__stsb@s0,cola@s0,stsb@s0,encoder.layer.2.attention.self.query,768,0.01498480327,77.12167297,0,0.01498480327,77.12167297
cola@s0__stsb@s0,cola@s0,stsb@s0,encoder.layer.2.attention.self.value,768,0.01946202111,74.95235919,0,0.01946202111,74.95235919
cola@s0__stsb@s0,cola@s0,stsb@s0,encoder.layer.2.intermediate.dense,3072,0.001966387768,85.83801451,0,0.001966387768,85.83801451
cola@s0__stsb@s0,cola@s0,stsb@s0,encoder.layer.2.output.dense,768,0.01319561108,79.25212769,0,0.01319561108,79.25212769
cola@s0__stsb@s0,cola@s0,stsb@s0,encoder.layer.3.attention.output.dense,768,0.01549134993,78.54260387,0,0.01549134993,78.54260387
cola@s0__stsb@s0,cola@s0,stsb@s0,encoder.layer.3.attention.self.key,768,0.01869998687,76.27949532,0,0.01869998687,76.27949532
cola@s0__stsb@s0,cola@s0,stsb@s0,encoder.layer.3.attention.self.query,768,0.01605458212,75.96335335,0,0.01605458212,75.96335335
cola@s0__stsb@s0,cola@s0,stsb@s0,encoder.layer.3.attention.self.value,768,0.01550644003,78.83379117,0,0.01550644003,78.83379117
cola@s0__stsb@s0,cola@s0,stsb@s0,encoder.layer.3.intermediate.dense,3072,0.002985565218,85.3307433,0,0.002985565218,85.3307433
cola@s0__stsb@s0,cola@s0,stsb@s0,encoder.layer.3.output.dense,768,0.01490065943,77.04664417,0,0.01490065943,77.04664417
cola@s0__stsb@s0,cola@s0,stsb@s0,encoder.layer.4.attention.output.dense,768,0.01062789991,78.79208458,0,0.01062789991,78.79208458
cola@s0__stsb@s0,cola@s0,stsb@s0,encoder.layer.4.attention.self.key,768,0.01685000844,75.21535936,0,0.01685000844,75.21535936
cola@s0__stsb@s0,cola@s0,stsb@s0,encoder.layer.4.attention.self.query,768,0.02603957832,73.6332289,0,0.02603957832,73.6332289
cola@s0__stsb@s0,cola@s0,stsb@s0,encoder.layer.4.attention.self.value,768,0.01463337257,75.80816399,0,0.01463337257,75.80816399
cola@s0__stsb@s0,cola@s0,stsb@s0,encoder.layer.4.intermediate.dense,3072,0.00325659074,84.61264052,0,0.00325659074,84.61264052
cola@s0__stsb@s0,cola@s0,stsb@s0,encoder.layer.4.output.dense,768,0.01644451653,77.10909861,0,0.01644451653,77.10909861
cola@s0__stsb@s0,cola@s0,stsb@s0,encoder.layer.5.attention.output.dense,768,0.01504211183,76.6610942,0,0.01504211183,76.6610942
cola@s0__stsb@s0,cola@s0,stsb@s0,encoder.layer.5.attention.self.key,768,0.01619293389,75.7125492,0,0.01619293389,75.7125492
cola@s0__stsb@s0,cola@s0,stsb@s0,encoder.layer.5.attention.self.query,768,0.01464560302,78.32077368,0,0.01464560302,78.32077368
cola@s0__stsb@s0,cola@s0,stsb@s0,encoder.layer.5.attention.self.value,768,0.01758679656,76.52951707,0,0.01758679656,76.52951707
cola@s0__stsb@s0,cola@s0,stsb@s0,encoder.layer.5.intermediate.dense,3072,0.002255765584,84.77809504,0,0.002255765584,84.77809504
cola@s0__stsb@s0,cola@s0,stsb@s0,encoder.layer.5.output.dense,768,0.01403458768,77.01012478,0,0.01403458768,77.01012478
cola@s0__stsb@s0,cola@s0,stsb@s0,encoder.layer.6.attention.output.dense,768,0.01468947049,78.909107,0,0.01468947049,78.909107
cola@s0__stsb@s0,cola@s0,stsb@s0,encoder.layer.6.attention.self.key,768,0.02067671306,73.60243289,0,0.02067671306,73.60243289
cola@s0__stsb@s0,cola@s0,stsb@s0,encoder.layer.6.attention.self.query,768,0.01547236886,77.67784726,0,0.01547236886,77.67784726
cola@s0__stsb@s0,cola@s0,stsb@s0,encoder.layer.6.attention.self.value,768,0.01461535699,78.46014298,0,0.01461535699,78.46014298
cola@s0__stsb@s0,cola@s0,stsb@s0,encoder.layer.6.intermediate.dense,3072,0.002780598957,84.63423202,0,0.002780598957,84.63423202
cola@s0__stsb@s0,cola@s0,stsb@s0,encoder.layer.6.output.dense,768,0.01395568842,77.87881592,0,0.01395568842,77.87881592
cola@s0__stsb@s0,cola@s0,stsb@s0,encoder.layer.7.attention.output.dense,768,0.01340447273,79.00845303,0,0.01340447273,79.00845303
cola@s0__stsb@s0,cola@s0,stsb@s0,encoder.layer.7.attention.self.key,768,0.01394909558,76.78361412,0,0.01394909558,76.78361412
cola@s0__stsb@s0,cola@s0,stsb@s0,encoder.layer.7.attention.self.query,768,0.01941816021,76.20835502,0,0.01941816021,76.20835502
cola@s0__stsb@s0,cola@s0,stsb@s0,encoder.layer.7.attention.self.value,768,0.0132352003,78.82832776,0,0.0132352003,78.82832776
cola@s0__stsb@s0,cola@s0,stsb@s0,encoder.layer.7.intermediate.dense,3072,0.002569874812,84.92276817,0,0.002569874812,84.92276817
cola@s0__stsb@s0,cola@s0,stsb@s0,encoder.layer.7.output.dense,768,0.01887099304,75.02624692,0,0.01887099304,75.02624692
cola@s0__stsb@s0,cola@s0,stsb@s0,encoder.layer.8.attention.output.dense,768,0.01652719191,77.04561811,0,0.01652719191,77.04561811
cola@s0__stsb@s0,cola@s0,stsb@s0,encoder.layer.8.attention.self.key,768,0.0236179176,73.67076923,0,0.0236179176,73.67076923
cola@s0__stsb@s0,cola@s0,stsb@s0,encoder.layer.8.attention.self.query,768,0.02283631804,75.0805861,0,0.02283631804,75.0805861
cola@s0__stsb@s0,cola@s0,stsb@s0,encoder.layer.8.attention.self.value,768,0.01726074985,76.00221797,0,0.01726074985,76.00221797
cola@s0__stsb@s0,cola@s0,stsb@s0,encoder.layer.8.intermediate.dense,3072,0.002291183791,85.39767983,0,0.002291183791,85.39767983
cola@s0__stsb@s0,cola@s0,stsb@s0,encoder.layer.8.output.dense,768,0.0224862926,72.34232928,0,0.0224862926,72.34232928
cola@s0__stsb@s0,cola@s0,stsb@s0,encoder.layer.9.attention.output.dense,768,0.02040847451,73.59882324,0,0.02040847451,73.59882324
cola@s0__stsb@s0,cola@s0,stsb@s0,encoder.layer.9.attention.self.key,768,0.0167092773,78.57341452,0,0.0167092773,78.57341452
cola@s0__stsb@s0,cola@s0,stsb@s0,encoder.layer.9.attention.self.query,768,0.02504442142,73.67249583,0,0.02504442142,73.67249583
cola@s0__stsb@s0,cola@s0,stsb@s0,encoder.layer.9.attention.self.value,768,0.01850452426,76.51552185,0,0.01850452426,76.51552185
cola@s0__stsb@s0,cola@s0,stsb@s0,encoder.layer.9.intermediate.dense,3072,0.003222278192,84.16979821,0,0.003222278192,84.16979821
cola@s0__stsb@s0,cola@s0,stsb@s0,encoder.layer.9.output.dense,768,0.02621036136,73.19653463,0,0.02621036136,73.19653463
cola@s0__stsb@s0,cola@s0,stsb@s0,pooler.dense,768,0.039448904,69.47861012,0,0.039448904,69.47861012
cola@s0__mnli@s0,cola@s0,mnli@s0,encoder.layer.0.attention.output.dense,768,0.01270542857,78.03577316,0,0.01270542857,78.03577316
cola@s0__mnli@s0,cola@s0,mnli@s0,encoder.layer.0.attention.self.key,768,0.01565949179,76.73586773,0,0.01565949179,76.73586773
cola@s0__mnli@s0,cola@s0,mnli@s0,encoder.layer.0.attention.self.query,768,0.01602900903,76.0444892,0,0.01602900903,76.0444892
cola@s0__mnli@s0,cola@s0,mnli@s0,encoder.layer.0.attention.self.value,768,0.009549967125,80.73886507,0,0.009549967125,80.73886507
cola@s0__mnli@s0,cola@s0,mnli@s0,encoder.layer.0.intermediate.dense,3072,0.003979331682,84.11459535,0,0.003979331682,84.11459535
cola@s0__mnli@s0,cola@s0,mnli@s0,encoder.layer.0.output.dense,768,0.01107463145,79.06000458,0,0.01107463145,79.06000458
cola@s0__mnli@s0,cola@s0,mnli@s0,encoder.layer.1.attention.output.dense,768,0.01437976117,78.89730877,0,0.01437976117,78.89730877
cola@s0__mnli@s0,cola@s0,mnli@s0,encoder.layer.1.attention.self.key,768,0.01111595196,79.634115,0,0.01111595196,79.634115
cola@s0__mnli@s0,cola@s0,mnli@s0,encoder.layer.1.attention.self.query,768,0.0152179183,77.32794819,0,0.0152179183,77.32794819
cola@s0__mnli@s0,cola@s0,mnli@s0,encoder.layer.1.attention.self.value,768,0.02257681212,72.05189158,0,0.02257681212,72.05189158
cola@s0__mnli@s0,cola@s0,mnli@s0,encoder.layer.1.intermediate.dense,3072,0.001897713515,85.84089375,0,0.001897713515,85.84089375
cola@s0__mnli@s0,cola@s0,mnli@s0,encoder.layer.1.output.dense,768,0.01403545598,78.50242366,0,0.01403545598,78.50242366
cola@s0__mnli@s0,cola@s0,mnli@s0,encoder.layer.10.attention.output.dense,768,0.02144015609,75.39230036,0,0.02144015609,75.39230036
cola@s0__mnli@s0,cola@s0,mnli@s0,encoder.layer.10.attention.self.key,768,0.01494848315,77.62886837,0,0.01494848315,77.62886837
cola@s0__mnli@s0,cola@s0,mnli@s0,encoder.layer.10.attention.self.query,768,0.01542278204,77.90004897,0,0.01542278204,77.90004897
cola@s0__mnli@s0,cola@s0,mnli@s0,encoder.layer.10.attention.self.value,768,0.02281563978,76.31761354,0,0.02281563978,76.31761354
cola@s0__mnli@s0,cola@s0,mnli@s0,encoder.layer.10.intermediate.dense,3072,0.00410509298,83.07136394,0,0.00410509298,83.07136394
cola@s0__mnli@s0,cola@s0,mnli@s0,encoder.layer.10.output.dense,768,0.01497380248,75.48250634,0,0.01497380248,75.48250634
cola@s0__mnli@s0,cola@s0,mnli@s0,encoder.layer.11.attention.output.dense,768,0.01947924431,75.80332051,0,0.01947924431,75.80332051
cola@s0__mnli@s0,cola@s0,mnli@s0,encoder.layer.11.attention.self.key,768,0.02549259278,70.14641899,0,0.02549259278,70.14641899
cola@s0__mnli@s0,cola@s0,mnli@s0,encoder.layer.11.attention.self.query,768,0.01976984408,75.01341271,0,0.01976984408,75.01341271
cola@s0__mnli@s0,cola@s0,mnli@s0,encoder.layer.11.attention.self.value,768,0.03316202374,70.3135387,0,0.03316202374,70.3135387
cola@s0__mnli@s0,cola@s0,mnli@s0,encoder.layer.11.intermediate.dense,3072,0.009795995219,76.21956139,0,0.009795995219,76.21956139
cola@s0__mnli@s0,cola@s0,mnli@s0,encoder.layer.11.output.dense,768,0.02344830978,74.44461045,0,0.02344830978,74.44461045
cola@s0__mnli@s0,cola@s0,mnli@s0,encoder.layer.2.attention.output.dense,768,0.01009237697,80.89079159,0,0.01009237697,80.89079159
cola@s0__mnli@s0,cola@s0,mnli@s0,encoder.layer.2.attention.self.key,768,0.01513046041,76.84530025,0,0.01513046041,76.84530025
cola@s0__mnli@s0,cola@s0,mnli@s0,encoder.layer.2.attention.self.query,768,0.01201737442,80.46989394,0,0.01201737442,80.46989394
cola@s0__mnli@s0,cola@s0,mnli@s0,encoder.layer.2.attention.self.value,768,0.01044843,79.97415994,0,0.01044843,79.97415994
cola@s0__mnli@s0,cola@s0,mnli@s0,encoder.layer.2.intermediate.dense,3072,0.0033037087,84.06391531,0,0.0033037087,84.06391531
cola@s0__mnli@s0,cola@s0,mnli@s0,encoder.layer.2.output.dense,768,0.008345471632,81.29194389,0,0.008345471632,81.29194389
cola@s0__mnli@s0,cola@s0,mnli@s0,encoder.layer.3.attention.output.dense,768,0.01354013115,78.73437911,0,0.01354013115,78.73437911
cola@s0__mnli@s0,cola@s0,mnli@s0,encoder.layer.3.attention.self.key,768,0.0118221833,79.75510038,0,0.0118221833,79.75510038
cola@s0__mnli@s0,cola@s0,mnli@s0,encoder.layer.3.attention.self.query,768,0.01324469402,79.10126864,0,0.01324469402,79.10126864
cola@s0__mnli@s0,cola@s0,mnli@s0,encoder.layer.3.attention.self.value,768,0.01308453599,77.1486101,0,0.01308453599,77.1486101
cola@s0__mnli@s0,cola@s0,mnli@s0,encoder.layer.3.intermediate.dense,3072,0.002663266259,84.46230342,0,0.002663266259,84.46230342
cola@s0__mnli@s0,cola@s0,mnli@s0,encoder.layer.3.output.dense,768,0.009202688459,79.7408719,0,0.009202688459,79.7408719
cola@s0__mnli@s0,cola@s0,mnli@s0,encoder.layer.4.attention.output.dense,768,0.01416784272,77.8439456,0,0.01416784272,77.8439456
cola@s0__mnli@s0,cola@s0,mnli@s0,encoder.layer.4.attention.self.key,768,0.01255049285,77.8781231,0,0.01255049285,77.8781231
cola@s0__mnli@s0,cola@s0,mnli@s0,encoder.layer.4.attention.self.query,768,0.01442055046,76.51134039,0,0.01442055046,76.51134039
cola@s0__mnli@s0,cola@s0,mnli@s0,encoder.layer.4.attention.self.value,768,0.01189654416,78.30086988,0,0.01189654416,78.30086988
cola@s0__mnli@s0,cola@s0,mnli@s0,encoder.layer.4.intermediate.dense,3072,0.002522268331,83.93691183,0,0.002522268331,83.93691183
cola@s0__mnli@s0,cola@s0,mnli@s0,encoder.layer.4.output.dense,768,0.01167114981,78.60173282,0,0.01167114981,78.60173282
cola@s0__mnli@s0,cola@s0,mnli@s0,encoder.layer.5.attention.output.dense,768,0.01111289295,78.83468303,0,0.01111289295,78.83468303
cola@s0__mnli@s0,cola@s0,mnli@s0,encoder.layer.5.attention.self.key,768,0.01254426804,78.73501053,0,0.01254426804,78.73501053
cola@s0__mnli@s0,cola@s0,mnli@s0,encoder.layer.5.attention.self.query,768,0.01484740835,77.96654865,0,0.01484740835,77.96654865
cola@s0__mnli@s0,cola@s0,mnli@s0,encoder.layer.5.attention.self.value,768,0.011007181,79.17926819,0,0.011007181,79.17926819
cola@s0__mnli@s0,cola@s0,mnli@s0,encoder.layer.5.intermediate.dense,3072,0.002729543469,85.07994701,0,0.002729543469,85.07994701
cola@s0__mnli@s0,cola@s0,mnli@s0,encoder.layer.5.output.dense,768,0.01198307238,79.03711316,0,0.01198307238,79.03711316
cola@s0__mnli@s0,cola@s0,mnli@s0,encoder.layer.6.attention.output.dense,768,0.01513894017,77.85698929,0,0.01513894017,77.85698929
cola@s0__mnli@s0,cola@s0,mnli@s0,encoder.layer.6.attention.self.key,768,0.01397314939,78.21524909,0,0.01397314939,78.21524909
cola@s0__mnli@s0,cola@s0,mnli@s0,encoder.layer.6.attention.self.query,768,0.01198270958,77.91196896,0,0.01198270958,77.91196896
cola@s0__mnli@s0,cola@s0,mnli@s0,encoder.layer.6.attention.self.value,768,0.01303231113,79.83567225,0,0.01303231113,79.83567225
cola@s0__mnli@s0,cola@s0,mnli@s0,encoder.layer.6.intermediate.dense,3072,0.002328375725,85.28878599,0,0.002328375725,85.28878599
cola@s0__mnli@s0,cola@s0,mnli@s0,encoder.layer.6.output.dense,768,0.01231530483,78.32995796,0,0.01231530483,78.32995796
cola@s0__mnli@s0,cola@s0,mnli@s0,encoder.layer.7.attention.output.dense,768,0.01182720906,79.66537919,0,0.01182720906,79.66537919
cola@s0__mnli@s0,cola@s0,mnli@s0,encoder.layer.7.attention.self.key,768,0.01060557754,80.56337344,0,0.01060557754,80.56337344
cola@s0__mnli@s0,cola@s0,mnli@s0,encoder.layer.7.attention.self.query,768,0.01045830015,79.30841692,0,0.01045830015,79.30841692
cola@s0__mnli@s0,cola@s0,mnli@s0,encoder.layer.7.attention.self.value,768,0.008843993712,80.51113718,0,0.008843993712,80.51113718
cola@s0__mnli@s0,cola@s0,mnli@s0,encoder.layer.7.intermediate.dense,3072,0.002740959908,84.63415787,0,0.002740959908,84.63415787
cola@s0__mnli@s0,cola@s0,mnli@s0,encoder.layer.7.output.dense,768,0.01456681655,77.41460795,0,0.01456681655,77.41460795
cola@s0__mnli@s0,cola@s0,mnli@s0,encoder.layer.8.attention.output.dense,768,0.01220188864,78.81847778,0,0.01220188864,78.81847778
cola@s0__mnli@s0,cola@s0,mnli@s0,encoder.layer.8.attention.self.key,768,0.01322868385,77.86267219,0,0.01322868385,77.86267219
cola@s0__mnli@s0,cola@s0,mnli@s0,encoder.layer.8.attention.self.query,768,0.01596680509,77.65177737,0,0.01596680509,77.65177737
cola@s0__mnli@s0,cola@s0,mnli@s0,encoder.layer.8.attention.self.value,768,0.01309847076,79.24957633,0,0.01309847076,79.24957633
cola@s0__mnli@s0,cola@s0,mnli@s0,encoder.layer.8.intermediate.dense,3072,0.002336677002,84.83215328,0,0.002336677002,84.83215328
cola@s0__mnli@s0,cola@s0,mnli@s0,encoder.layer.8.output.dense,768,0.01423988531,78.7871546,0,0.01423988531,78.7871546
cola@s0__mnli@s0,cola@s0,mnli@s0,encoder.layer.9.attention.output.dense,768,0.01181665594,79.73104889,0,0.01181665594,79.73104889
cola@s0__mnli@s0,cola@s0,mnli@s0,encoder.layer.9.attention.self.key,768,0.01384047043,78.09690113,0,0.01384047043,78.09690113
cola@s0__mnli@s0,cola@s0,mnli@s0,encoder.layer.9.attention.self.query,768,0.01240084155,78.89643302,0,0.01240084155,78.89643302
cola@s0__mnli@s0,cola@s0,mnli@s0,encoder.layer.9.attention.self.value,768,0.009064163012,80.81723271,0,0.009064163012,80.81723271
cola@s0__mnli@s0,cola@s0,mnli@s0,encoder.layer.9.intermediate.dense,3072,0.003180503136,84.10189674,0,0.003180503136,84.10189674
cola@s0__mnli@s0,cola@s0,mnli@s0,encoder.layer.9.output.dense,768,0.01711099727,76.53139406,0,0.01711099727,76.53139406
cola@s0__mnli@s0,cola@s0,mnli@s0,pooler.dense,768,0.05146210056,60.33227289,0,0.05146210056,60.33227289
cola@s0__qnli@s0,cola@s0,qnli@s0,encoder.layer.0.attention.output.dense,768,0.01622163065,78.28153218,0,0.01622163065,78.28153218
cola@s0__qnli@s0,cola@s0,qnli@s0,encoder.layer.0.attention.self.key,768,0.02352187388,75.26615752,0,0.02352187388,75.26615752
cola@s0__qnli@s0,cola@s0,qnli@s0,encoder.layer.0.attention.self.query,768,0.02355609814,74.91974352,0,0.02355609814,74.91974352
cola@s0__qnli@s0,cola@s0,qnli@s0,encoder.layer.0.attention.self.value,768,0.01391097523,78.35675736,0,0.01391097523,78.35675736
cola@s0__qnli@s0,cola@s0,qnli@s0,encoder.layer.0.intermediate.dense,3072,0.003236018582,84.29524688,0,0.003236018582,84.29524688
cola@s0__qnli@s0,cola@s0,qnli@s0,encoder.layer.0.output.dense,768,0.01527751056,75.47376923,0,0.01527751056,75.47376923
cola@s0__qnli@s0,cola@s0,qnli@s0,encoder.layer.1.attention.output.dense,768,0.01042983867,78.85374709,0,0.01042983867,78.85374709
cola@s0__qnli@s0,cola@s0,qnli@s0,encoder.layer.1.attention.self.key,768,0.01594528913,75.57272313,0,0.01594528913,75.57272313
cola@s0__qnli@s0,cola@s0,qnli@s0,encoder.layer.1.attention.self.query,768,0.01525311756,78.41410161,0,0.01525311756,78.41410161
cola@s0__qnli@s0,cola@s0,qnli@s0,encoder.layer.1.attention.self.value,768,0.01814581108,74.50828276,0,0.01814581108,74.50828276
cola@s0__qnli@s0,cola@s0,qnli@s0,encoder.layer.1.intermediate.dense,3072,0.002853844355,84.65351721,0,0.002853844355,84.65351721
cola@s0__qnli@s0,cola@s0,qnli@s0,encoder.layer.1.output.dense,768,0.01192146534,78.51424439,0,0.01192146534,78.51424439
cola@s0__qnli@s0,cola@s0,qnli@s0,encoder.layer.10.attention.output.dense,768,0.02867083118,71.32216792,0,0.02867083118,71.32216792
cola@s0__qnli@s0,cola@s0,qnli@s0,encoder.layer.10.attention.self.key,768,0.01956442255,76.12559781,0,0.01956442255,76.12559781
cola@s0__qnli@s0,cola@s0,qnli@s0,encoder.layer.10.attention.self.query,768,0.02056646899,76.98206085,0,0.02056646899,76.98206085
cola@s0__qnli@s0,cola@s0,qnli@s0,encoder.layer.10.attention.self.value,768,0.01781850066,77.50245061,0,0.01781850066,77.50245061
cola@s0__qnli@s0,cola@s0,qnli@s0,encoder.layer.10.intermediate.dense,3072,0.00303009369,84.40499941,0,0.00303009369,84.40499941
cola@s0__qnli@s0,cola@s0,qnli@s0,encoder.layer.10.output.dense,768,0.03342716297,70.65931556,0,0.03342716297,70.65931556
cola@s0__qnli@s0,cola@s0,qnli@s0,encoder.layer.11.attention.output.dense,768,0.03853199474,65.67183361,0,0.03853199474,65.67183361
cola@s0__qnli@s0,cola@s0,qnli@s0,encoder.layer.11.attention.self.key,768,0.02052709817,74.14512733,0,0.02052709817,74.14512733
cola@s0__qnli@s0,cola@s0,qnli@s0,encoder.layer.11.attention.self.query,768,0.01385070017,76.71622937,0,0.01385070017,76.71622937
cola@s0__qnli@s0,cola@s0,qnli@s0,encoder.layer.11.attention.self.value,768,0.05253493986,59.23189628,0,0.05253493986,59.23189628
cola@s0__qnli@s0,cola@s0,qnli@s0,encoder.layer.11.intermediate.dense,3072,0.01116711724,76.34239186,0,0.01116711724,76.34239186
cola@s0__qnli@s0,cola@s0,qnli@s0,encoder.layer.11.output.dense,768,0.02860832055,71.46318771,0,0.02860832055,71.46318771
cola@s0__qnli@s0,cola@s0,qnli@s0,encoder.layer.2.attention.output.dense,768,0.01367348107,78.12161957,0,0.01367348107,78.12161957
cola@s0__qnli@s0,cola@s0,qnli@s0,encoder.layer.2.attention.self.key,768,0.0110448881,79.3269637,0,0.0110448881,79.3269637
cola@s0__qnli@s0,cola@s0,qnli@s0,encoder.layer.2.attention.self.query,768,0.0199860158,75.66439484,0,0.0199860158,75.66439484
cola@s0__qnli@s0,cola@s0,qnli@s0,encoder.layer.2.attention.self.value,768,0.0110988527,80.0759396,0,0.0110988527,80.0759396
cola@s0__qnli@s0,cola@s0,qnli@s0,encoder.layer.2.intermediate.dense,3072,0.001857193612,85.9887472,0,0.001857193612,85.9887472
cola@s0__qnli@s0,cola@s0,qnli@s0,encoder.layer.2.output.dense,768,0.01349181869,78.45706752,0,0.01349181869,78.45706752
cola@s0__qnli@s0,cola@s0,qnli@s0,encoder.layer.3.attention.output.dense,768,0.01158456838,78.41020834,0,0.01158456838,78.41020834
cola@s0__qnli@s0,cola@s0,qnli@s0,encoder.layer.3.attention.self.key,768,0.0166093411,76.24836733,0,0.0166093411,76.24836733
cola@s0__qnli@s0,cola@s0,qnli@s0,encoder.layer.3.attention.self.query,768,0.01937350127,76.79055451,0,0.01937350127,76.79055451
cola@s0__qnli@s0,cola@s0,qnli@s0,encoder.layer.3.attention.self.value,768,0.01314127327,79.16163259,0,0.01314127327,79.16163259
cola@s0__qnli@s0,cola@s0,qnli@s0,encoder.layer.3.intermediate.dense,3072,0.004463285046,83.14425793,0,0.004463285046,83.14425793
cola@s0__qnli@s0,cola@s0,qnli@s0,encoder.layer.3.output.dense,768,0.01164326155,80.12921217,0,0.01164326155,80.12921217
cola@s0__qnli@s0,cola@s0,qnli@s0,encoder.layer.4.attention.output.dense,768,0.01143500411,78.79325577,0,0.01143500411,78.79325577
cola@s0__qnli@s0,cola@s0,qnli@s0,encoder.layer.4.attention.self.key,768,0.01271088281,78.31128707,0,0.01271088281,78.31128707
cola@s0__qnli@s0,cola@s0,qnli@s0,encoder.layer.4.attention.self.query,768,0.01691017655,76.55160711,0,0.01691017655,76.55160711
cola@s0__qnli@s0,cola@s0,qnli@s0,encoder.layer.4.attention.self.value,768,0.01760472307,74.99447934,0,0.01760472307,74.99447934
cola@s0__qnli@s0,cola@s0,qnli@s0,encoder.layer.4.intermediate.dense,3072,0.003342648949,84.9107213,0,0.003342648949,84.9107213
cola@s0__qnli@s0,cola@s0,qnli@s0,encoder.layer.4.output.dense,768,0.01318749323,77.9564167,0,0.01318749323,77.9564167
cola@s0__qnli@s0,cola@s0,qnli@s0,encoder.layer.5.attention.output.dense,768,0.01323226594,78.37934537,0,0.01323226594,78.37934537
cola@s0__qnli@s0,cola@s0,qnli@s0,encoder.layer.5.attention.self.key,768,0.01280227632,78.59546968,0,0.01280227632,78.59546968
cola@s0__qnli@s0,cola@s0,qnli@s0,encoder.layer.5.attention.self.query,768,0.02133494802,75.54565331,0,0.02133494802,75.54565331
cola@s0__qnli@s0,cola@s0,qnli@s0,encoder.layer.5.attention.self.value,768,0.01100815444,77.35182588,0,0.01100815444,77.35182588
cola@s0__qnli@s0,cola@s0,qnli@s0,encoder.layer.5.intermediate.dense,3072,0.002687109722,85.01366407,0,0.002687109722,85.01366407
cola@s0__qnli@s0,cola@s0,qnli@s0,encoder.layer.5.output.dense,768,0.0155899454,77.2320931,0,0.0155899454,77.2320931
cola@s0__qnli@s0,cola@s0,qnli@s0,encoder.layer.6.attention.output.dense,768,0.01774910422,77.80421463,0,0.01774910422,77.80421463
cola@s0__qnli@s0,cola@s0,qnli@s0,encoder.layer.6.attention.self.key,768,0.01934204838,76.49823555,0,0.01934204838,76.49823555
cola@s0__qnli@s0,cola@s0,qnli@s0,encoder.layer.6.attention.self.query,768,0.01472179279,77.0514704,0,0.01472179279,77.0514704
cola@s0__qnli@s0,cola@s0,qnli@s0,encoder.layer.6.attention.self.value,768,0.01695187744,76.29485148,0,0.01695187744,76.29485148
cola@s0__qnli@s0,cola@s0,qnli@s0,encoder.layer.6.intermediate.dense,3072,0.003331881379,84.02560279,0,0.003331881379,84.02560279
cola@s0__qnli@s0,cola@s0,qnli@s0,encoder.layer.6.output.dense,768,0.01586924207,77.84999291,0,0.01586924207,77.84999291
cola@s0__qnli@s0,cola@s0,qnli@s0,encoder.layer.7.attention.output.dense,768,0.011834135,77.74345198,0,0.011834135,77.74345198
cola@s0__qnli@s0,cola@s0,qnli@s0,encoder.layer.7.attention.self.key,768,0.01525642521,76.60365695,0,0.01525642521,76.60365695
cola@s0__qnli@s0,cola@s0,qnli@s0,encoder.layer.7.attention.self.query,768,0.01154534752,79.52534884,0,0.01154534752,79.52534884
cola@s0__qnli@s0,cola@s0,qnli@s0,encoder.layer.7.attention.self.value,768,0.0146913182,78.78367828,0,0.0146913182,78.78367828
cola@s0__qnli@s0,cola@s0,qnli@s0,encoder.layer.7.intermediate.dense,3072,0.003471444376,84.01683889,0,0.003471444376,84.01683889
cola@s0__qnli@s0,cola@s0,qnli@s0,encoder.layer.7.output.dense,768,0.01351456648,78.73228093,0,0.01351456648,78.73228093
cola@s0__qnli@s0,cola@s0,qnli@s0,encoder.layer.8.attention.output.dense,768,0.02042967933,75.74524734,0,0.02042967933,75.74524734
cola@s0__qnli@s0,cola@s0,qnli@s0,encoder.layer.8.attention.self.key,768,0.01897069091,76.26841995,0,0.01897069091,76.26841995
cola@s0__qnli@s0,cola@s0,qnli@s0,encoder.layer.8.attention.self.query,768,0.01296882218,79.76631014,0,0.01296882218,79.76631014
cola@s0__qnli@s0,cola@s0,qnli@s0,encoder.layer.8.attention.self.value,768,0.01295550606,77.51338479,0,0.01295550606,77.51338479
cola@s0__qnli@s0,cola@s0,qnli@s0,encoder.layer.8.intermediate.dense,3072,0.002872301898,84.56100595,0,0.002872301898,84.56100595
cola@s0__qnli@s0,cola@s0,qnli@s0,encoder.layer.8.output.dense,768,0.01928559031,76.98698426,0,0.01928559031,76.98698426
cola@s0__qnli@s0,cola@s0,qnli@s0,encoder.layer.9.attention.output.dense,768,0.01939738297,75.44666637,0,0.01939738297,75.44666637
cola@s0__qnli@s0,cola@s0,qnli@s0,encoder.layer.9.attention.self.key,768,0.0196375964,74.26260818,0,0.0196375964,74.26260818
cola@s0__qnli@s0,cola@s0,qnli@s0,encoder.layer.9.attention.self.query,768,0.024404727,76.87988421,0,0.024404727,76.87988421
cola@s0__qnli@s0,cola@s0,qnli@s0,encoder.layer.9.attention.self.value,768,0.01341529997,76.83914116,0,0.01341529997,76.83914116
cola@s0__qnli@s0,cola@s0,qnli@s0,encoder.layer.9.intermediate.dense,3072,0.00276851599,84.82833516,0,0.00276851599,84.82833516
cola@s0__qnli@s0,cola@s0,qnli@s0,encoder.layer.9.output.dense,768,0.01584118807,78.58666364,0,0.01584118807,78.58666364
cola@s0__qnli@s0,cola@s0,qnli@s0,pooler.dense,768,0.04810854702,62.24973412,0,0.04810854702,62.24973412
cola@s0__rte@s0,cola@s0,rte@s0,encoder.layer.0.attention.output.dense,768,0.01572873312,77.18603976,0,0.01572873312,77.18603976
cola@s0__rte@s0,cola@s0,rte@s0,encoder.layer.0.attention.self.key,768,0.01581275187,75.42660183,0,0.01581275187,75.42660183
cola@s0__rte@s0,cola@s0,rte@s0,encoder.layer.0.attention.self.query,768,0.01849013478,76.6354712,0,0.01849013478,76.6354712
cola@s0__rte@s0,cola@s0,rte@s0,encoder.layer.0.attention.self.value,768,0.02446145472,75.75094869,0,0.02446145472,75.75094869
cola@s0__rte@s0,cola@s0,rte@s0,encoder.layer.0.intermediate.dense,3072,0.002524380139,85.1375421,0,0.002524380139,85.1375421
cola@s0__rte@s0,cola@s0,rte@s0,encoder.layer.0.output.dense,768,0.01362631695,77.70924783,0,0.01362631695,77.70924783
cola@s0__rte@s0,cola@s0,rte@s0,encoder.layer.1.attention.output.dense,768,0.01159141486,79.882257,0,0.01159141486,79.882257
cola@s0__rte@s0,cola@s0,rte@s0,encoder.layer.1.attention.self.key,768,0.0176089942,76.93182038,0,0.0176089942,76.93182038
cola@s0__rte@s0,cola@s0,rte@s0,encoder.layer.1.attention.self.query,768,0.01957621533,76.99675114,0,0.01957621533,76.99675114
cola@s0__rte@s0,cola@s0,rte@s0,encoder.layer.1.attention.self.value,768,0.01498421166,78.01962588,0,0.01498421166,78.01962588
cola@s0__rte@s0,cola@s0,rte@s0,encoder.layer.1.intermediate.dense,3072,0.002474974456,85.30469678,0,0.002474974456,85.30469678
cola@s0__rte@s0,cola@s0,rte@s0,encoder.layer.1.output.dense,768,0.0185168216,75.39924078,0,0.0185168216,75.39924078
cola@s0__rte@s0,cola@s0,rte@s0,encoder.layer.10.attention.output.dense,768,0.04759450748,68.40582916,0,0.04759450748,68.40582916
cola@s0__rte@s0,cola@s0,rte@s0,encoder.layer.10.attention.self.key,768,0.0231012658,74.64159749,0,0.0231012658,74.64159749
cola@s0__rte@s0,cola@s0,rte@s0,encoder.layer.10.attention.self.query,768,0.01741295659,78.25425533,0,0.01741295659,78.25425533
cola@s0__rte@s0,cola@s0,rte@s0,encoder.layer.10.attention.self.value,768,0.02469823334,75.22593286,0,0.02469823334,75.22593286
cola@s0__rte@s0,cola@s0,rte@s0,encoder.layer.10.intermediate.dense,3072,0.003446525559,84.02516492,0,0.003446525559,84.02516492
cola@s0__rte@s0,cola@s0,rte@s0,encoder.layer.10.output.dense,768,0.06497383313,60.87703976,0,0.06497383313,60.87703976
cola@s0__rte@s0,cola@s0,rte@s0,encoder.layer.11.attention.output.dense,768,0.07781472556,60.31694719,0,0.07781472556,60.31694719
cola@s0__rte@s0,cola@s0,rte@s0,encoder.layer.11.attention.self.key,768,0.02853279358,73.09276489,0,0.02853279358,73.09276489
cola@s0__rte@s0,cola@s0,rte@s0,encoder.layer.11.attention.self.query,768,0.01513649329,78.67110127,0,0.01513649329,78.67110127
cola@s0__rte@s0,cola@s0,rte@s0,encoder.layer.11.attention.self.value,768,0.06287233884,58.77808903,0,0.06287233884,58.77808903
cola@s0__rte@s0,cola@s0,rte@s0,encoder.layer.11.intermediate.dense,3072,0.01140892595,77.58991822,0,0.01140892595,77.58991822
cola@s0__rte@s0,cola@s0,rte@s0,encoder.layer.11.output.dense,768,0.08307654192,51.91676881,0,0.08307654192,51.91676881
cola@s0__rte@s0,cola@s0,rte@s0,encoder.layer.2.attention.output.dense,768,0.01171791096,79.99002778,0,0.01171791096,79.99002778
cola@s0__rte@s0,cola@s0,rte@s0,encoder.layer.2.attention.self.key,768,0.01229905541,78.587394,0,0.01229905541,78.587394
cola@s0__rte@s0,cola@s0,rte@s0,encoder.layer.2.attention.self.query,768,0.02165120701,75.4942968,0,0.02165120701,75.4942968
cola@s0__rte@s0,cola@s0,rte@s0,encoder.layer.2.attention.self.value,768,0.01536681304,78.34916535,0,0.01536681304,78.34916535
cola@s0__rte@s0,cola@s0,rte@s0,encoder.layer.2.intermediate.dense,3072,0.00328764425,84.59411117,0,0.00328764425,84.59411117
cola@s0__rte@s0,cola@s0,rte@s0,encoder.layer.2.output.dense,768,0.01145745498,79.95315601,0,0.01145745498,79.95315601
cola@s0__rte@s0,cola@s0,rte@s0,encoder.layer.3.attention.output.dense,768,0.01307394491,78.92242674,0,0.01307394491,78.92242674
cola@s0__rte@s0,cola@s0,rte@s0,encoder.layer.3.attention.self.key,768,0.01412545803,76.03463796,0,0.01412545803,76.03463796
cola@s0__rte@s0,cola@s0,rte@s0,encoder.layer.3.attention.self.query,768,0.02029727096,76.68127903,0,0.02029727096,76.68127903
cola@s0__rte@s0,cola@s0,rte@s0,encoder.layer.3.attention.self.value,768,0.02094573017,77.29739748,0,0.02094573017,77.29739748
cola@s0__rte@s0,cola@s0,rte@s0,encoder.layer.3.intermediate.dense,3072,0.002417246926,84.9844486,0,0.002417246926,84.9844486
cola@s0__rte@s0,cola@s0,rte@s0,encoder.layer.3.output.dense,768,0.01425121503,77.40495188,0,0.01425121503,77.40495188
cola@s0__rte@s0,cola@s0,rte@s0,encoder.layer.4.attention.output.dense,768,0.01988073854,75.49309771,0,0.01988073854,75.49309771
cola@s0__rte@s0,cola@s0,rte@s0,encoder.layer.4.attention.self.key,768,0.01146702831,78.43283516,0,0.01146702831,78.43283516
cola@s0__rte@s0,cola@s0,rte@s0,encoder.layer.4.attention.self.query,768,0.01655812846,76.2886454,0,0.01655812846,76.2886454
cola@s0__rte@s0,cola@s0,rte@s0,encoder.layer.4.attention.self.value,768,0.01438407347,78.31141775,0,0.01438407347,78.31141775
cola@s0__rte@s0,cola@s0,rte@s0,encoder.layer.4.intermediate.dense,3072,0.003013675635,84.82740383,0,0.003013675635,84.82740383
cola@s0__rte@s0,cola@s0,rte@s0,encoder.layer.4.output.dense,768,0.01516876778,77.94693659,0,0.01516876778,77.94693659
cola@s0__rte@s0,cola@s0,rte@s0,encoder.layer.5.attention.output.dense,768,0.01438395866,77.87593958,0,0.01438395866,77.87593958
cola@s0__rte@s0,cola@s0,rte@s0,encoder.layer.5.attention.self.key,768,0.01882534042,74.67933978,0,0.01882534042,74.67933978
cola@s0__rte@s0,cola@s0,rte@s0,encoder.layer.5.attention.self.query,768,0.01671554373,76.60979828,0,0.01671554373,76.60979828
cola@s0__rte@s0,cola@s0,rte@s0,encoder.layer.5.attention.self.value,768,0.01422009938,78.70881865,0,0.01422009938,78.70881865
cola@s0__rte@s0,cola@s0,rte@s0,encoder.layer.5.intermediate.dense,3072,0.002793077784,84.67808908,0,0.002793077784,84.67808908
cola@s0__rte@s0,cola@s0,rte@s0,encoder.layer.5.output.dense,768,0.0195753109,77.12986526,0,0.0195753109,77.12986526
cola@s0__rte@s0,cola@s0,rte@s0,encoder.layer.6.attention.output.dense,768,0.01307537739,79.25152033,0,0.01307537739,79.25152033
cola@s0__rte@s0,cola@s0,rte@s0,encoder.layer.6.attention.self.key,768,0.01864722027,76.68419425,0,0.01864722027,76.68419425
cola@s0__rte@s0,cola@s0,rte@s0,encoder.layer.6.attention.self.query,768,0.01690569825,78.34334391,0,0.01690569825,78.34334391
cola@s0__rte@s0,cola@s0,rte@s0,encoder.layer.6.attention.self.value,768,0.01281488287,78.23392101,0,0.01281488287,78.23392101
cola@s0__rte@s0,cola@s0,rte@s0,encoder.layer.6.intermediate.dense,3072,0.003313721654,83.86740716,0,0.003313721654,83.86740716
cola@s0__rte@s0,cola@s0,rte@s0,encoder.layer.6.output.dense,768,0.01483673085,77.17208162,0,0.01483673085,77.17208162
cola@s0__rte@s0,cola@s0,rte@s0,encoder.layer.7.attention.output.dense,768,0.01263759754,77.17123112,0,0.01263759754,77.17123112
cola@s0__rte@s0,cola@s0,rte@s0,encoder.layer.7.attention.self.key,768,0.02223315195,73.62705642,0,0.02223315195,73.62705642
cola@s0__rte@s0,cola@s0,rte@s0,encoder.layer.7.attention.self.query,768,0.01874368656,75.98112049,0,0.01874368656,75.98112049
cola@s0__rte@s0,cola@s0,rte@s0,encoder.layer.7.attention.self.value,768,0.0128663028,78.70968759,0,0.0128663028,78.70968759
cola@s0__rte@s0,cola@s0,rte@s0,encoder.layer.7.intermediate.dense,3072,0.00257646868,85.41157253,0,0.00257646868,85.41157253
cola@s0__rte@s0,cola@s0,rte@s0,encoder.layer.7.output.dense,768,0.02079666666,74.11588568,0,0.02079666666,74.11588568
cola@s0__rte@s0,cola@s0,rte@s0,encoder.layer.8.attention.output.dense,768,0.02267807011,74.1172066,0,0.02267807011,74.1172066
cola@s0__rte@s0,cola@s0,rte@s0,encoder.layer.8.attention.self.key,768,0.02586449567,72.02104324,0,0.02586449567,72.02104324
cola@s0__rte@s0,cola@s0,rte@s0,encoder.layer.8.attention.self.query,768,0.02219630533,76.9209983,0,0.02219630533,76.9209983
cola@s0__rte@s0,cola@s0,rte@s0,encoder.layer.8.attention.self.value,768,0.01614260156,77.33893986,0,0.01614260156,77.33893986
cola@s0__rte@s0,cola@s0,rte@s0,encoder.layer.8.intermediate.dense,3072,0.00264655668,85.15517283,0,0.00264655668,85.15517283
cola@s0__rte@s0,cola@s0,rte@s0,encoder.layer.8.output.dense,768,0.01990581475,75.97975167,0,0.01990581475,75.97975167
cola@s0__rte@s0,cola@s0,rte@s0,encoder.layer.9.attention.output.dense,768,0.01987427819,75.57055948,0,0.01987427819,75.57055948
cola@s0__rte@s0,cola@s0,rte@s0,encoder.layer.9.attention.self.key,768,0.02232196103,74.34395102,0,0.02232196103,74.34395102
cola@s0__rte@s0,cola@s0,rte@s0,encoder.layer.9.attention.self.query,768,0.02193261405,74.86251408,0,0.02193261405,74.86251408
cola@s0__rte@s0,cola@s0,rte@s0,encoder.layer.9.attention.self.value,768,0.01879682328,76.92316046,0,0.01879682328,76.92316046
cola@s0__rte@s0,cola@s0,rte@s0,encoder.layer.9.intermediate.dense,3072,0.00243932742,84.79005059,0,0.00243932742,84.79005059
cola@s0__rte@s0,cola@s0,rte@s0,encoder.layer.9.output.dense,768,0.027024686,73.18490803,0,0.027024686,73.18490803
cola@s0__rte@s0,cola@s0,rte@s0,pooler.dense,768,0.05238279119,65.10076643,0,0.05238279119,65.10076643
cola@s0__wic@s0,cola@s0,wic@s0,encoder.layer.0.attention.output.dense,768,0.01505521355,78.00141474,0,0.01505521355,78.00141474
cola@s0__wic@s0,cola@s0,wic@s0,encoder.layer.0.attention.self.key,768,0.02298392327,74.06111354,0,0.02298392327,74.06111354
cola@s0__wic@s0,cola@s0,wic@s0,encoder.layer.0.attention.self.query,768,0.01803302422,76.98733334,0,0.01803302422,76.98733334
cola@s0__wic@s0,cola@s0,wic@s0,encoder.layer.0.attention.self.value,768,0.0190852351,77.41353676,0,0.0190852351,77.41353676
cola@s0__wic@s0,cola@s0,wic@s0,encoder.layer.0.intermediate.dense,3072,0.003030347382,84.23828716,0,0.003030347382,84.23828716
cola@s0__wic@s0,cola@s0,wic@s0,encoder.layer.0.output.dense,768,0.009623088558,79.10738803,0,0.009623088558,79.10738803
cola@s0__wic@s0,cola@s0,wic@s0,encoder.layer.1.attention.output.dense,768,0.01400525644,77.93723187,0,0.01400525644,77.93723187
cola@s0__wic@s0,cola@s0,wic@s0,encoder.layer.1.attention.self.key,768,0.01357876031,79.28094087,0,0.01357876031,79.28094087
cola@s0__wic@s0,cola@s0,wic@s0,encoder.layer.1.attention.self.query,768,0.02160778899,76.43683548,0,0.02160778899,76.43683548
cola@s0__wic@s0,cola@s0,wic@s0,encoder.layer.1.attention.self.value,768,0.01336275966,78.49398933,0,0.01336275966,78.49398933
cola@s0__wic@s0,cola@s0,wic@s0,encoder.layer.1.intermediate.dense,3072,0.002529028772,85.36170902,0,0.002529028772,85.36170902
cola@s0__wic@s0,cola@s0,wic@s0,encoder.layer.1.output.dense,768,0.01152481064,80.3589805,0,0.01152481064,80.3589805
cola@s0__wic@s0,cola@s0,wic@s0,encoder.layer.10.attention.output.dense,768,0.03442612837,71.07655018,0,0.03442612837,71.07655018
cola@s0__wic@s0,cola@s0,wic@s0,encoder.layer.10.attention.self.key,768,0.01629576404,78.16904395,0,0.01629576404,78.16904395
cola@s0__wic@s0,cola@s0,wic@s0,encoder.layer.10.attention.self.query,768,0.01977000746,77.23772021,0,0.01977000746,77.23772021
cola@s0__wic@s0,cola@s0,wic@s0,encoder.layer.10.attention.self.value,768,0.02517587498,75.33715868,0,0.02517587498,75.33715868
cola@s0__wic@s0,cola@s0,wic@s0,encoder.layer.10.intermediate.dense,3072,0.002584196405,85.0435944,0,0.002584196405,85.0435944
cola@s0__wic@s0,cola@s0,wic@s0,encoder.layer.10.output.dense,768,0.05961265689,63.0710145,0,0.05961265689,63.0710145
cola@s0__wic@s0,cola@s0,wic@s0,encoder.layer.11.attention.output.dense,768,0.0499064965,65.413405,0,0.0499064965,65.413405
cola@s0__wic@s0,cola@s0,wic@s0,encoder.layer.11.attention.self.key,768,0.02537283075,72.59719972,0,0.02537283075,72.59719972
cola@s0__wic@s0,cola@s0,wic@s0,encoder.layer.11.attention.self.query,768,0.02630745962,73.41742866,0,0.02630745962,73.41742866
cola@s0__wic@s0,cola@s0,wic@s0,encoder.layer.11.attention.self.value,768,0.04865597247,63.30967624,0,0.04865597247,63.30967624
cola@s0__wic@s0,cola@s0,wic@s0,encoder.layer.11.intermediate.dense,3072,0.007046096612,80.73496165,0,0.007046096612,80.73496165
cola@s0__wic@s0,cola@s0,wic@s0,encoder.layer.11.output.dense,768,0.07543762777,55.46735415,0,0.07543762777,55.46735415
cola@s0__wic@s0,cola@s0,wic@s0,encoder.layer.2.attention.output.dense,768,0.01021735477,79.93954753,0,0.01021735477,79.93954753
cola@s0__wic@s0,cola@s0,wic@s0,encoder.layer.2.attention.self.key,768,0.02300878462,73.78481116,0,0.02300878462,73.78481116
cola@s0__wic@s0,cola@s0,wic@s0,encoder.layer.2.attention.self.query,768,0.01573691635,78.01134261,0,0.01573691635,78.01134261
cola@s0__wic@s0,cola@s0,wic@s0,encoder.layer.2.attention.self.value,768,0.01468135432,78.70402173,0,0.01468135432,78.70402173
cola@s0__wic@s0,cola@s0,wic@s0,encoder.layer.2.intermediate.dense,3072,0.003546407273,84.15167163,0,0.003546407273,84.15167163
cola@s0__wic@s0,cola@s0,wic@s0,encoder.layer.2.output.dense,768,0.01561593158,76.77898103,0,0.01561593158,76.77898103
cola@s0__wic@s0,cola@s0,wic@s0,encoder.layer.3.attention.output.dense,768,0.0174290665,76.0689025,0,0.0174290665,76.0689025
cola@s0__wic@s0,cola@s0,wic@s0,encoder.layer.3.attention.self.key,768,0.0190163175,75.90833038,0,0.0190163175,75.90833038
cola@s0__wic@s0,cola@s0,wic@s0,encoder.layer.3.attention.self.query,768,0.01678818822,77.37874945,0,0.01678818822,77.37874945
cola@s0__wic@s0,cola@s0,wic@s0,encoder.layer.3.attention.self.value,768,0.01552718556,76.97744706,0,0.01552718556,76.97744706
cola@s0__wic@s0,cola@s0,wic@s0,encoder.layer.3.intermediate.dense,3072,0.003100452935,84.2876241,0,0.003100452935,84.2876241
cola@s0__wic@s0,cola@s0,wic@s0,encoder.layer.3.output.dense,768,0.01435166043,78.69419282,0,0.01435166043,78.69419282
cola@s0__wic@s0,cola@s0,wic@s0,encoder.layer.4.attention.output.dense,768,0.01357552081,78.24134857,0,0.01357552081,78.24134857
cola@s0__wic@s0,cola@s0,wic@s0,encoder.layer.4.attention.self.key,768,0.0158976014,77.76995216,0,0.0158976014,77.76995216
cola@s0__wic@s0,cola@s0,wic@s0,encoder.layer.4.attention.self.query,768,0.02470716159,71.86067079,0,0.02470716159,71.86067079
cola@s0__wic@s0,cola@s0,wic@s0,encoder.layer.4.attention.self.value,768,0.008485031936,81.68112234,0,0.008485031936,81.68112234
cola@s0__wic@s0,cola@s0,wic@s0,encoder.layer.4.intermediate.dense,3072,0.003212412296,84.39334871,0,0.003212412296,84.39334871
cola@s0__wic@s0,cola@s0,wic@s0,encoder.layer.4.output.dense,768,0.01415595623,78.99903585,0,0.01415595623,78.99903585
cola@s0__wic@s0,cola@s0,wic@s0,encoder.layer.5.attention.output.dense,768,0.01229654961,79.50047361,0,0.01229654961,79.50047361
cola@s0__wic@s0,cola@s0,wic@s0,encoder.layer.5.attention.self.key,768,0.01868174672,77.03269406,0,0.01868174672,77.03269406
cola@s0__wic@s0,cola@s0,wic@s0,encoder.layer.5.attention.self.query,768,0.0203197342,75.26741032,0,0.0203197342,75.26741032
cola@s0__wic@s0,cola@s0,wic@s0,encoder.layer.5.attention.self.value,768,0.008727655695,80.3513185,0,0.008727655695,80.3513185
cola@s0__wic@s0,cola@s0,wic@s0,encoder.layer.5.intermediate.dense,3072,0.003191081869,84.61662396,0,0.003191081869,84.61662396
cola@s0__wic@s0,cola@s0,wic@s0,encoder.layer.5.output.dense,768,0.01549882676,77.74494101,0,0.01549882676,77.74494101
cola@s0__wic@s0,cola@s0,wic@s0,encoder.layer.6.attention.output.dense,768,0.01475723303,76.44946198,0,0.01475723303,76.44946198
cola@s0__wic@s0,cola@s0,wic@s0,encoder.layer.6.attention.self.key,768,0.01661600444,78.36350741,0,0.01661600444,78.36350741
cola@s0__wic@s0,cola@s0,wic@s0,encoder.layer.6.attention.self.query,768,0.01973330989,75.16614723,0,0.01973330989,75.16614723
cola@s0__wic@s0,cola@s0,wic@s0,encoder.layer.6.attention.self.value,768,0.01254826831,79.66926108,0,0.01254826831,79.66926108
cola@s0__wic@s0,cola@s0,wic@s0,encoder.layer.6.intermediate.dense,3072,0.002405435374,84.97597045,0,0.002405435374,84.97597045
cola@s0__wic@s0,cola@s0,wic@s0,encoder.layer.6.output.dense,768,0.01301663679,78.72971546,0,0.01301663679,78.72971546
cola@s0__wic@s0,cola@s0,wic@s0,encoder.layer.7.attention.output.dense,768,0.0146478607,77.61976797,0,0.0146478607,77.61976797
cola@s0__wic@s0,cola@s0,wic@s0,encoder.layer.7.attention.self.key,768,0.01322181923,76.97086935,0,0.01322181923,76.97086935
cola@s0__wic@s0,cola@s0,wic@s0,encoder.layer.7.attention.self.query,768,0.01784452445,74.32636554,0,0.01784452445,74.32636554
cola@s0__wic@s0,cola@s0,wic@s0,encoder.layer.7.attention.self.value,768,0.01088399628,79.72047776,0,0.01088399628,79.72047776
cola@s0__wic@s0,cola@s0,wic@s0,encoder.layer.7.intermediate.dense,3072,0.002612823183,84.30539127,0,0.002612823183,84.30539127
cola@s0__wic@s0,cola@s0,wic@s0,encoder.layer.7.output.dense,768,0.01995612068,73.85393983,0,0.01995612068,73.85393983
cola@s0__wic@s0,cola@s0,wic@s0,encoder.layer.8.attention.output.dense,768,0.01530025533,76.87540385,0,0.01530025533,76.87540385
cola@s0__wic@s0,cola@s0,wic@s0,encoder.layer.8.attention.self.key,768,0.01955371086,73.98982453,0,0.01955371086,73.98982453
cola@s0__wic@s0,cola@s0,wic@s0,encoder.layer.8.attention.self.query,768,0.0262561695,74.83126109,0,0.0262561695,74.83126109
cola@s0__wic@s0,cola@s0,wic@s0,encoder.layer.8.attention.self.value,768,0.01244849079,78.84763682,0,0.01244849079,78.84763682
cola@s0__wic@s0,cola@s0,wic@s0,encoder.layer.8.intermediate.dense,3072,0.003742644523,83.53856003,0,0.003742644523,83.53856003
cola@s0__wic@s0,cola@s0,wic@s0,encoder.layer.8.output.dense,768,0.02627226971,74.22090274,0,0.02627226971,74.22090274
cola@s0__wic@s0,cola@s0,wic@s0,encoder.layer.9.attention.output.dense,768,0.02460839871,73.89109937,0,0.02460839871,73.89109937
cola@s0__wic@s0,cola@s0,wic@s0,encoder.layer.9.attention.self.key,768,0.02215654393,74.70648217,0,0.02215654393,74.70648217
cola@s0__wic@s0,cola@s0,wic@s0,encoder.layer.9.attention.self.query,768,0.02195995174,75.62513215,0,0.02195995174,75.62513215
cola@s0__wic@s0,cola@s0,wic@s0,encoder.layer.9.attention.self.value,768,0.01865527057,76.10956812,0,0.01865527057,76.10956812
cola@s0__wic@s0,cola@s0,wic@s0,encoder.layer.9.intermediate.dense,3072,0.002607118501,84.30586907,0,0.002607118501,84.30586907
cola@s0__wic@s0,cola@s0,wic@s0,encoder.layer.9.output.dense,768,0.03040553603,74.32446701,0,0.03040553603,74.32446701
cola@s0__wic@s0,cola@s0,wic@s0,pooler.dense,768,0.04730567941,65.84246213,0,0.04730567941,65.84246213
cola@s0__snli@s0,cola@s0,snli@s0,encoder.layer.0.attention.output.dense,768,0.01537472266,77.63983397,0,0.01537472266,77.63983397
cola@s0__snli@s0,cola@s0,snli@s0,encoder.layer.0.attention.self.key,768,0.01462758941,77.94437902,0,0.01462758941,77.94437902
cola@s0__snli@s0,cola@s0,snli@s0,encoder.layer.0.attention.self.query,768,0.02494294666,74.78915735,0,0.02494294666,74.78915735
cola@s0__snli@s0,cola@s0,snli@s0,encoder.layer.0.attention.self.value,768,0.01762238433,77.24902642,0,0.01762238433,77.24902642
cola@s0__snli@s0,cola@s0,snli@s0,encoder.layer.0.intermediate.dense,3072,0.003989165199,84.10520041,0,0.003989165199,84.10520041
cola@s0__snli@s0,cola@s0,snli@s0,encoder.layer.0.output.dense,768,0.01356709635,76.48983996,0,0.01356709635,76.48983996
cola@s0__snli@s0,cola@s0,snli@s0,encoder.layer.1.attention.output.dense,768,0.01236624089,77.1737776,0,0.01236624089,77.1737776
cola@s0__snli@s0,cola@s0,snli@s0,encoder.layer.1.attention.self.key,768,0.01470011109,76.61150151,0,0.01470011109,76.61150151
cola@s0__snli@s0,cola@s0,snli@s0,encoder.layer.1.attention.self.query,768,0.01818909575,76.17901355,0,0.01818909575,76.17901355
cola@s0__snli@s0,cola@s0,snli@s0,encoder.layer.1.attention.self.value,768,0.01630623658,76.51678425,0,0.01630623658,76.51678425
cola@s0__snli@s0,cola@s0,snli@s0,encoder.layer.1.intermediate.dense,3072,0.003241539569,84.45786598,0,0.003241539569,84.45786598
cola@s0__snli@s0,cola@s0,snli@s0,encoder.layer.1.output.dense,768,0.01537010818,77.26159391,0,0.01537010818,77.26159391
cola@s0__snli@s0,cola@s0,snli@s0,encoder.layer.10.attention.output.dense,768,0.03267070875,70.28745992,0,0.03267070875,70.28745992
cola@s0__snli@s0,cola@s0,snli@s0,encoder.layer.10.attention.self.key,768,0.02037474472,75.78461061,0,0.02037474472,75.78461061
cola@s0__snli@s0,cola@s0,snli@s0,encoder.layer.10.attention.self.query,768,0.01684334903,77.73575867,0,0.01684334903,77.73575867
cola@s0__snli@s0,cola@s0,snli@s0,encoder.layer.10.attention.self.value,768,0.01407291307,78.98699315,0,0.01407291307,78.98699315
cola@s0__snli@s0,cola@s0,snli@s0,encoder.layer.10.intermediate.dense,3072,0.00270862166,84.74109724,0,0.00270862166,84.74109724
cola@s0__snli@s0,cola@s0,snli@s0,encoder.layer.10.output.dense,768,0.02205656186,73.95447865,0,0.02205656186,73.95447865
cola@s0__snli@s0,cola@s0,snli@s0,encoder.layer.11.attention.output.dense,768,0.03541143535,68.30334367,0,0.03541143535,68.30334367
cola@s0__snli@s0,cola@s0,snli@s0,encoder.layer.11.attention.self.key,768,0.0239553052,73.68368833,0,0.0239553052,73.68368833
cola@s0__snli@s0,cola@s0,snli@s0,encoder.layer.11.attention.self.query,768,0.01365046182,78.1110561,0,0.01365046182,78.1110561
cola@s0__snli@s0,cola@s0,snli@s0,encoder.layer.11.attention.self.value,768,0.02760320708,69.76294159,0,0.02760320708,69.76294159
cola@s0__snli@s0,cola@s0,snli@s0,encoder.layer.11.intermediate.dense,3072,0.009538802486,76.7907649,0,0.009538802486,76.7907649
cola@s0__snli@s0,cola@s0,snli@s0,encoder.layer.11.output.dense,768,0.02515403335,74.92122425,0,0.02515403335,74.92122425
cola@s0__snli@s0,cola@s0,snli@s0,encoder.layer.2.attention.output.dense,768,0.01120161782,78.98488784,0,0.01120161782,78.98488784
cola@s0__snli@s0,cola@s0,snli@s0,encoder.layer.2.attention.self.key,768,0.01272347853,77.56726449,0,0.01272347853,77.56726449
cola@s0__snli@s0,cola@s0,snli@s0,encoder.layer.2.attention.self.query,768,0.02297190417,76.26435552,0,0.02297190417,76.26435552
cola@s0__snli@s0,cola@s0,snli@s0,encoder.layer.2.attention.self.value,768,0.01453348377,78.58760092,0,0.01453348377,78.58760092
cola@s0__snli@s0,cola@s0,snli@s0,encoder.layer.2.intermediate.dense,3072,0.003130080576,84.28641013,0,0.003130080576,84.28641013
cola@s0__snli@s0,cola@s0,snli@s0,encoder.layer.2.output.dense,768,0.01020779328,79.60066058,0,0.01020779328,79.60066058
cola@s0__snli@s0,cola@s0,snli@s0,encoder.layer.3.attention.output.dense,768,0.01358107746,78.76093304,0,0.01358107746,78.76093304
cola@s0__snli@s0,cola@s0,snli@s0,encoder.layer.3.attention.self.key,768,0.01490588728,77.22629206,0,0.01490588728,77.22629206
cola@s0__snli@s0,cola@s0,snli@s0,encoder.layer.3.attention.self.query,768,0.01858353862,75.00788111,0,0.01858353862,75.00788111
cola@s0__snli@s0,cola@s0,snli@s0,encoder.layer.3.attention.self.value,768,0.01450929329,77.82188857,0,0.01450929329,77.82188857
cola@s0__snli@s0,cola@s0,snli@s0,encoder.layer.3.intermediate.dense,3072,0.002986510033,84.95322795,0,0.002986510033,84.95322795
cola@s0__snli@s0,cola@s0,snli@s0,encoder.layer.3.output.dense,768,0.01290306505,80.33141329,0,0.01290306505,80.33141329
cola@s0__snli@s0,cola@s0,snli@s0,encoder.layer.4.attention.output.dense,768,0.01189738641,79.60015338,0,0.01189738641,79.60015338
cola@s0__snli@s0,cola@s0,snli@s0,encoder.layer.4.attention.self.key,768,0.01159357485,78.95724949,0,0.01159357485,78.95724949
cola@s0__snli@s0,cola@s0,snli@s0,encoder.layer.4.attention.self.query,768,0.02001220776,76.04052576,0,0.02001220776,76.04052576
cola@s0__snli@s0,cola@s0,snli@s0,encoder.layer.4.attention.self.value,768,0.01195765129,77.58656633,0,0.01195765129,77.58656633
cola@s0__snli@s0,cola@s0,snli@s0,encoder.layer.4.intermediate.dense,3072,0.003385278329,83.96632422,0,0.003385278329,83.96632422
cola@s0__snli@s0,cola@s0,snli@s0,encoder.layer.4.output.dense,768,0.01080963752,79.39144692,0,0.01080963752,79.39144692
cola@s0__snli@s0,cola@s0,snli@s0,encoder.layer.5.attention.output.dense,768,0.01116192927,80.15271445,0,0.01116192927,80.15271445
cola@s0__snli@s0,cola@s0,snli@s0,encoder.layer.5.attention.self.key,768,0.01147844458,79.22174779,0,0.01147844458,79.22174779
cola@s0__snli@s0,cola@s0,snli@s0,encoder.layer.5.attention.self.query,768,0.01424823271,76.59702956,0,0.01424823271,76.59702956
cola@s0__snli@s0,cola@s0,snli@s0,encoder.layer.5.attention.self.value,768,0.01477092202,77.20496713,0,0.01477092202,77.20496713
cola@s0__snli@s0,cola@s0,snli@s0,encoder.layer.5.intermediate.dense,3072,0.003127651832,83.37730434,0,0.003127651832,83.37730434
cola@s0__snli@s0,cola@s0,snli@s0,encoder.layer.5.output.dense,768,0.01268396586,80.30015544,0,0.01268396586,80.30015544
cola@s0__snli@s0,cola@s0,snli@s0,encoder.layer.6.attention.output.dense,768,0.01075165149,80.61989926,0,0.01075165149,80.61989926
cola@s0__snli@s0,cola@s0,snli@s0,encoder.layer.6.attention.self.key,768,0.01587939099,76.97753392,0,0.01587939099,76.97753392
cola@s0__snli@s0,cola@s0,snli@s0,encoder.layer.6.attention.self.query,768,0.01538581329,77.3583768,0,0.01538581329,77.3583768
cola@s0__snli@s0,cola@s0,snli@s0,encoder.layer.6.attention.self.value,768,0.01531719149,77.75808544,0,0.01531719149,77.75808544
cola@s0__snli@s0,cola@s0,snli@s0,encoder.layer.6.intermediate.dense,3072,0.003158545622,84.25133094,0,0.003158545622,84.25133094
cola@s0__snli@s0,cola@s0,snli@s0,encoder.layer.6.output.dense,768,0.01454797703,77.21017783,0,0.01454797703,77.21017783
cola@s0__snli@s0,cola@s0,snli@s0,encoder.layer.7.attention.output.dense,768,0.01274229977,78.22250801,0,0.01274229977,78.22250801
cola@s0__snli@s0,cola@s0,snli@s0,encoder.layer.7.attention.self.key,768,0.01520402396,76.5619401,0,0.01520402396,76.5619401
cola@s0__snli@s0,cola@s0,snli@s0,encoder.layer.7.attention.self.query,768,0.01516840515,78.83483523,0,0.01516840515,78.83483523
cola@s0__snli@s0,cola@s0,snli@s0,encoder.layer.7.attention.self.value,768,0.01123167765,79.60891592,0,0.01123167765,79.60891592
cola@s0__snli@s0,cola@s0,snli@s0,encoder.layer.7.intermediate.dense,3072,0.001982830686,85.72338535,0,0.001982830686,85.72338535
cola@s0__snli@s0,cola@s0,snli@s0,encoder.layer.7.output.dense,768,0.01501286522,78.31465499,0,0.01501286522,78.31465499
cola@s0__snli@s0,cola@s0,snli@s0,encoder.layer.8.attention.output.dense,768,0.0153443846,75.63197553,0,0.0153443846,75.63197553
cola@s0__snli@s0,cola@s0,snli@s0,encoder.layer.8.attention.self.key,768,0.021914088,75.69926288,0,0.021914088,75.69926288
cola@s0__snli@s0,cola@s0,snli@s0,encoder.layer.8.attention.self.query,768,0.0233996476,73.47891411,0,0.0233996476,73.47891411
cola@s0__snli@s0,cola@s0,snli@s0,encoder.layer.8.attention.self.value,768,0.01334609306,77.92037929,0,0.01334609306,77.92037929
cola@s0__snli@s0,cola@s0,snli@s0,encoder.layer.8.intermediate.dense,3072,0.003097640859,83.98242772,0,0.003097640859,83.98242772
cola@s0__snli@s0,cola@s0,snli@s0,encoder.layer.8.output.dense,768,0.01917823209,75.85398429,0,0.01917823209,75.85398429
cola@s0__snli@s0,cola@s0,snli@s0,encoder.layer.9.attention.output.dense,768,0.02135124928,75.36389097,0,0.02135124928,75.36389097
cola@s0__snli@s0,cola@s0,snli@s0,encoder.layer.9.attention.self.key,768,0.01579437812,77.86855624,0,0.01579437812,77.86855624
cola@s0__snli@s0,cola@s0,snli@s0,encoder.layer.9.attention.self.query,768,0.02046299956,77.35752222,0,0.02046299956,77.35752222
cola@s0__snli@s0,cola@s0,snli@s0,encoder.layer.9.attention.self.value,768,0.01378656063,77.22107503,0,0.01378656063,77.22107503
cola@s0__snli@s0,cola@s0,snli@s0,encoder.layer.9.intermediate.dense,3072,0.003501237393,84.0719515,0,0.003501237393,84.0719515
cola@s0__snli@s0,cola@s0,snli@s0,encoder.layer.9.output.dense,768,0.01701302951,76.97371782,0,0.01701302951,76.97371782
cola@s0__snli@s0,cola@s0,snli@s0,pooler.dense,768,0.06002588225,63.22119461,0,0.06002588225,63.22119461
cola@s0__scitail@s0,cola@s0,scitail@s0,encoder.layer.0.attention.output.dense,768,0.01436425675,79.70335312,0,0.01436425675,79.70335312
cola@s0__scitail@s0,cola@s0,scitail@s0,encoder.layer.0.attention.self.key,768,0.01618218736,76.20749589,0,0.01618218736,76.20749589
cola@s0__scitail@s0,cola@s0,scitail@s0,encoder.layer.0.attention.self.query,768,0.02731281525,73.73501365,0,0.02731281525,73.73501365
cola@s0__scitail@s0,cola@s0,scitail@s0,encoder.layer.0.attention.self.value,768,0.0108062025,79.48476865,0,0.0108062025,79.48476865
cola@s0__scitail@s0,cola@s0,scitail@s0,encoder.layer.0.intermediate.dense,3072,0.001957990519,85.14040286,0,0.001957990519,85.14040286
cola@s0__scitail@s0,cola@s0,scitail@s0,encoder.layer.0.output.dense,768,0.01166007743,79.51776478,0,0.01166007743,79.51776478
cola@s0__scitail@s0,cola@s0,scitail@s0,encoder.layer.1.attention.output.dense,768,0.01164373456,79.26544837,0,0.01164373456,79.26544837
cola@s0__scitail@s0,cola@s0,scitail@s0,encoder.layer.1.attention.self.key,768,0.01230863032,79.22333406,0,0.01230863032,79.22333406
cola@s0__scitail@s0,cola@s0,scitail@s0,encoder.layer.1.attention.self.query,768,0.02686597763,75.08100805,0,0.02686597763,75.08100805
cola@s0__scitail@s0,cola@s0,scitail@s0,encoder.layer.1.attention.self.value,768,0.01543598171,76.0048703,0,0.01543598171,76.0048703
cola@s0__scitail@s0,cola@s0,scitail@s0,encoder.layer.1.intermediate.dense,3072,0.002514742613,84.58956625,0,0.002514742613,84.58956625
cola@s0__scitail@s0,cola@s0,scitail@s0,encoder.layer.1.output.dense,768,0.01640751101,75.1687592,0,0.01640751101,75.1687592
cola@s0__scitail@s0,cola@s0,scitail@s0,encoder.layer.10.attention.output.dense,768,0.02004020204,74.14462746,0,0.02004020204,74.14462746
cola@s0__scitail@s0,cola@s0,scitail@s0,encoder.layer.10.attention.self.key,768,0.02062807372,75.84073915,0,0.02062807372,75.84073915
cola@s0__scitail@s0,cola@s0,scitail@s0,encoder.layer.10.attention.self.query,768,0.01769121453,76.95922606,0,0.01769121453,76.95922606
cola@s0__scitail@s0,cola@s0,scitail@s0,encoder.layer.10.attention.self.value,768,0.02335858062,73.4407737,0,0.02335858062,73.4407737
cola@s0__scitail@s0,cola@s0,scitail@s0,encoder.layer.10.intermediate.dense,3072,0.002913935558,84.43681952,0,0.002913935558,84.43681952
cola@s0__scitail@s0,cola@s0,scitail@s0,encoder.layer.10.output.dense,768,0.0373191447,68.3786691,0,0.0373191447,68.3786691
cola@s0__scitail@s0,cola@s0,scitail@s0,encoder.layer.11.attention.output.dense,768,0.05113244534,67.4371634,0,0.05113244534,67.4371634
cola@s0__scitail@s0,cola@s0,scitail@s0,encoder.layer.11.attention.self.key,768,0.0193904787,74.32869338,0,0.0193904787,74.32869338
cola@s0__scitail@s0,cola@s0,scitail@s0,encoder.layer.11.attention.self.query,768,0.02017787694,75.79086345,0,0.02017787694,75.79086345
cola@s0__scitail@s0,cola@s0,scitail@s0,encoder.layer.11.attention.self.value,768,0.03513720837,68.96875165,0,0.03513720837,68.96875165
cola@s0__scitail@s0,cola@s0,scitail@s0,encoder.layer.11.intermediate.dense,3072,0.003778815527,83.82097666,0,0.003778815527,83.82097666
cola@s0__scitail@s0,cola@s0,scitail@s0,encoder.layer.11.output.dense,768,0.05381975373,63.90784157,0,0.05381975373,63.90784157
cola@s0__scitail@s0,cola@s0,scitail@s0,encoder.layer.2.attention.output.dense,768,0.01151821783,79.85347518,0,0.01151821783,79.85347518
cola@s0__scitail@s0,cola@s0,scitail@s0,encoder.layer.2.attention.self.key,768,0.01195659181,77.35297681,0,0.01195659181,77.35297681
cola@s0__scitail@s0,cola@s0,scitail@s0,encoder.layer.2.attention.self.query,768,0.02029474275,74.79684128,0,0.02029474275,74.79684128
cola@s0__scitail@s0,cola@s0,scitail@s0,encoder.layer.2.attention.self.value,768,0.01554948811,77.57167805,0,0.01554948811,77.57167805
cola@s0__scitail@s0,cola@s0,scitail@s0,encoder.layer.2.intermediate.dense,3072,0.002136117312,85.56010933,0,0.002136117312,85.56010933
cola@s0__scitail@s0,cola@s0,scitail@s0,encoder.layer.2.output.dense,768,0.01227698346,79.059291,0,0.01227698346,79.059291
cola@s0__scitail@s0,cola@s0,scitail@s0,encoder.layer.3.attention.output.dense,768,0.0151334621,76.97434771,0,0.0151334621,76.97434771
cola@s0__scitail@s0,cola@s0,scitail@s0,encoder.layer.3.attention.self.key,768,0.01563464986,78.67390961,0,0.01563464986,78.67390961
cola@s0__scitail@s0,cola@s0,scitail@s0,encoder.layer.3.attention.self.query,768,0.01355346072,79.08906007,0,0.01355346072,79.08906007
cola@s0__scitail@s0,cola@s0,scitail@s0,encoder.layer.3.attention.self.value,768,0.02163935144,76.45803988,0,0.02163935144,76.45803988
cola@s0__scitail@s0,cola@s0,scitail@s0,encoder.layer.3.intermediate.dense,3072,0.002620416995,85.02256085,0,0.002620416995,85.02256085
cola@s0__scitail@s0,cola@s0,scitail@s0,encoder.layer.3.output.dense,768,0.01351661557,77.78848782,0,0.01351661557,77.78848782
cola@s0__scitail@s0,cola@s0,scitail@s0,encoder.layer.4.attention.output.dense,768,0.01319314431,78.28959204,0,0.01319314431,78.28959204
cola@s0__scitail@s0,cola@s0,scitail@s0,encoder.layer.4.attention.self.key,768,0.01396192493,78.19694857,0,0.01396192493,78.19694857
cola@s0__scitail@s0,cola@s0,scitail@s0,encoder.layer.4.attention.self.query,768,0.02353163356,73.28525063,0,0.02353163356,73.28525063
cola@s0__scitail@s0,cola@s0,scitail@s0,encoder.layer.4.attention.self.value,768,0.01654896951,77.09792195,0,0.01654896951,77.09792195
cola@s0__scitail@s0,cola@s0,scitail@s0,encoder.layer.4.intermediate.dense,3072,0.002352663248,85.12198302,0,0.002352663248,85.12198302
cola@s0__scitail@s0,cola@s0,scitail@s0,encoder.layer.4.output.dense,768,0.01595825778,77.65811624,0,0.01595825778,77.65811624
cola@s0__scitail@s0,cola@s0,scitail@s0,encoder.layer.5.attention.output.dense,768,0.01285897786,77.53379015,0,0.01285897786,77.53379015
cola@s0__scitail@s0,cola@s0,scitail@s0,encoder.layer.5.attention.self.key,768,0.01249665446,78.98017344,0,0.01249665446,78.98017344
cola@s0__scitail@s0,cola@s0,scitail@s0,encoder.layer.5.attention.self.query,768,0.02133679617,76.47680964,0,0.02133679617,76.47680964
cola@s0__scitail@s0,cola@s0,scitail@s0,encoder.layer.5.attention.self.value,768,0.01596464789,77.83813521,0,0.01596464789,77.83813521
cola@s0__scitail@s0,cola@s0,scitail@s0,encoder.layer.5.intermediate.dense,3072,0.00273283826,85.22124559,0,0.00273283826,85.22124559
cola@s0__scitail@s0,cola@s0,scitail@s0,encoder.layer.5.output.dense,768,0.01472324231,78.12817119,0,0.01472324231,78.12817119
cola@s0__scitail@s0,cola@s0,scitail@s0,encoder.layer.6.attention.output.dense,768,0.01060503053,79.09860528,0,0.01060503053,79.09860528
cola@s0__scitail@s0,cola@s0,scitail@s0,encoder.layer.6.attention.self.key,768,0.01559446447,76.63120167,0,0.01559446447,76.63120167
cola@s0__scitail@s0,cola@s0,scitail@s0,encoder.layer.6.attention.self.query,768,0.01676172425,76.4326309,0,0.01676172425,76.4326309
cola@s0__scitail@s0,cola@s0,scitail@s0,encoder.layer.6.attention.self.value,768,0.01775505332,75.46620375,0,0.01775505332,75.46620375
cola@s0__scitail@s0,cola@s0,scitail@s0,encoder.layer.6.intermediate.dense,3072,0.00370720794,84.23214178,0,0.00370720794,84.23214178
cola@s0__scitail@s0,cola@s0,scitail@s0,encoder.layer.6.output.dense,768,0.01372153968,78.4935928,0,0.01372153968,78.4935928
cola@s0__scitail@s0,cola@s0,scitail@s0,encoder.layer.7.attention.output.dense,768,0.01156723132,80.38896451,0,0.01156723132,80.38896451
cola@s0__scitail@s0,cola@s0,scitail@s0,encoder.layer.7.attention.self.key,768,0.01574666954,78.04713417,0,0.01574666954,78.04713417
cola@s0__scitail@s0,cola@s0,scitail@s0,encoder.layer.7.attention.self.query,768,0.01515221413,77.45720081,0,0.01515221413,77.45720081
cola@s0__scitail@s0,cola@s0,scitail@s0,encoder.layer.7.attention.self.value,768,0.01140628631,78.62479442,0,0.01140628631,78.62479442
cola@s0__scitail@s0,cola@s0,scitail@s0,encoder.layer.7.intermediate.dense,3072,0.003162153308,84.77864345,0,0.003162153308,84.77864345
cola@s0__scitail@s0,cola@s0,scitail@s0,encoder.layer.7.output.dense,768,0.01855893666,76.1390119,0,0.01855893666,76.1390119
cola@s0__scitail@s0,cola@s0,scitail@s0,encoder.layer.8.attention.output.dense,768,0.01205182178,78.44626437,0,0.01205182178,78.44626437
cola@s0__scitail@s0,cola@s0,scitail@s0,encoder.layer.8.attention.self.key,768,0.01841450615,74.83994048,0,0.01841450615,74.83994048
cola@s0__scitail@s0,cola@s0,scitail@s0,encoder.layer.8.attention.self.query,768,0.0127733828,78.12982631,0,0.0127733828,78.12982631
cola@s0__scitail@s0,cola@s0,scitail@s0,encoder.layer.8.attention.self.value,768,0.01266771104,76.71774611,0,0.01266771104,76.71774611
cola@s0__scitail@s0,cola@s0,scitail@s0,encoder.layer.8.intermediate.dense,3072,0.002963071789,84.96622979,0,0.002963071789,84.96622979
cola@s0__scitail@s0,cola@s0,scitail@s0,encoder.layer.8.output.dense,768,0.02163495852,76.00616068,0,0.02163495852,76.00616068
cola@s0__scitail@s0,cola@s0,scitail@s0,encoder.layer.9.attention.output.dense,768,0.02142108896,76.01800058,0,0.02142108896,76.01800058
cola@s0__scitail@s0,cola@s0,scitail@s0,encoder.layer.9.attention.self.key,768,0.02057859825,76.40352813,0,0.02057859825,76.40352813
cola@s0__scitail@s0,cola@s0,scitail@s0,encoder.layer.9.attention.self.query,768,0.01935187151,75.97447826,0,0.01935187151,75.97447826
cola@s0__scitail@s0,cola@s0,scitail@s0,encoder.layer.9.attention.self.value,768,0.01656534839,77.67121886,0,0.01656534839,77.67121886
cola@s0__scitail@s0,cola@s0,scitail@s0,encoder.layer.9.intermediate.dense,3072,0.002729570733,85.09629743,0,0.002729570733,85.09629743
cola@s0__scitail@s0,cola@s0,scitail@s0,encoder.layer.9.output.dense,768,0.01969000003,75.67172247,0,0.01969000003,75.67172247
cola@s0__scitail@s0,cola@s0,scitail@s0,pooler.dense,768,0.08374217905,62.89461575,0,0.08374217905,62.89461575
cola@s0__ag_news@s0,cola@s0,ag_news@s0,encoder.layer.0.attention.output.dense,768,0.01330704744,77.22982221,0,0.01330704744,77.22982221
cola@s0__ag_news@s0,cola@s0,ag_news@s0,encoder.layer.0.attention.self.key,768,0.01711093379,76.34042897,0,0.01711093379,76.34042897
cola@s0__ag_news@s0,cola@s0,ag_news@s0,encoder.layer.0.attention.self.query,768,0.01838482976,76.94596563,0,0.01838482976,76.94596563
cola@s0__ag_news@s0,cola@s0,ag_news@s0,encoder.layer.0.attention.self.value,768,0.02023034371,74.62002007,0,0.02023034371,74.62002007
cola@s0__ag_news@s0,cola@s0,ag_news@s0,encoder.layer.0.intermediate.dense,3072,0.002068508198,85.96425618,0,0.002068508198,85.96425618
cola@s0__ag_news@s0,cola@s0,ag_news@s0,encoder.layer.0.output.dense,768,0.01333295361,78.26428152,0,0.01333295361,78.26428152
cola@s0__ag_news@s0,cola@s0,ag_news@s0,encoder.layer.1.attention.output.dense,768,0.01341040701,77.49494086,0,0.01341040701,77.49494086
cola@s0__ag_news@s0,cola@s0,ag_news@s0,encoder.layer.1.attention.self.key,768,0.01984168463,74.4678128,0,0.01984168463,74.4678128
cola@s0__ag_news@s0,cola@s0,ag_news@s0,encoder.layer.1.attention.self.query,768,0.02105414304,76.78333948,0,0.02105414304,76.78333948
cola@s0__ag_news@s0,cola@s0,ag_news@s0,encoder.layer.1.attention.self.value,768,0.01634481959,75.75160205,0,0.01634481959,75.75160205
cola@s0__ag_news@s0,cola@s0,ag_news@s0,encoder.layer.1.intermediate.dense,3072,0.002492813012,84.76932501,0,0.002492813012,84.76932501
cola@s0__ag_news@s0,cola@s0,ag_news@s0,encoder.layer.1.output.dense,768,0.01285426133,77.10085278,0,0.01285426133,77.10085278
cola@s0__ag_news@s0,cola@s0,ag_news@s0,encoder.layer.10.attention.output.dense,768,0.02852842622,73.93678583,0,0.02852842622,73.93678583
cola@s0__ag_news@s0,cola@s0,ag_news@s0,encoder.layer.10.attention.self.key,768,0.01826406951,78.3848191,0,0.01826406951,78.3848191
cola@s0__ag_news@s0,cola@s0,ag_news@s0,encoder.layer.10.attention.self.query,768,0.01952424852,75.75372438,0,0.01952424852,75.75372438
cola@s0__ag_news@s0,cola@s0,ag_news@s0,encoder.layer.10.attention.self.value,768,0.02021581563,74.72614305,0,0.02021581563,74.72614305
cola@s0__ag_news@s0,cola@s0,ag_news@s0,encoder.layer.10.intermediate.dense,3072,0.003772681615,83.76016302,0,0.003772681615,83.76016302
cola@s0__ag_news@s0,cola@s0,ag_news@s0,encoder.layer.10.output.dense,768,0.02452698384,73.27440581,0,0.02452698384,73.27440581
cola@s0__ag_news@s0,cola@s0,ag_news@s0,encoder.layer.11.attention.output.dense,768,0.03584550469,72.66273786,0,0.03584550469,72.66273786
cola@s0__ag_news@s0,cola@s0,ag_news@s0,encoder.layer.11.attention.self.key,768,0.01966229929,76.34372087,0,0.01966229929,76.34372087
cola@s0__ag_news@s0,cola@s0,ag_news@s0,encoder.layer.11.attention.self.query,768,0.01809022326,77.39726635,0,0.01809022326,77.39726635
cola@s0__ag_news@s0,cola@s0,ag_news@s0,encoder.layer.11.attention.self.value,768,0.02765747683,72.42744523,0,0.02765747683,72.42744523
cola@s0__ag_news@s0,cola@s0,ag_news@s0,encoder.layer.11.intermediate.dense,3072,0.005365847916,82.81840679,0,0.005365847916,82.81840679
cola@s0__ag_news@s0,cola@s0,ag_news@s0,encoder.layer.11.output.dense,768,0.07729451961,50.96866004,0,0.07729451961,50.96866004
cola@s0__ag_news@s0,cola@s0,ag_news@s0,encoder.layer.2.attention.output.dense,768,0.0125863525,79.15248096,0,0.0125863525,79.15248096
cola@s0__ag_news@s0,cola@s0,ag_news@s0,encoder.layer.2.attention.self.key,768,0.01571283118,77.94665216,0,0.01571283118,77.94665216
cola@s0__ag_news@s0,cola@s0,ag_news@s0,encoder.layer.2.attention.self.query,768,0.02022396518,77.41898432,0,0.02022396518,77.41898432
cola@s0__ag_news@s0,cola@s0,ag_news@s0,encoder.layer.2.attention.self.value,768,0.01749069721,77.58783605,0,0.01749069721,77.58783605
cola@s0__ag_news@s0,cola@s0,ag_news@s0,encoder.layer.2.intermediate.dense,3072,0.002467988474,85.37825882,0,0.002467988474,85.37825882
cola@s0__ag_news@s0,cola@s0,ag_news@s0,encoder.layer.2.output.dense,768,0.009999196204,78.93139457,0,0.009999196204,78.93139457
cola@s0__ag_news@s0,cola@s0,ag_news@s0,encoder.layer.3.attention.output.dense,768,0.01557976332,75.83023067,0,0.01557976332,75.83023067
cola@s0__ag_news@s0,cola@s0,ag_news@s0,encoder.layer.3.attention.self.key,768,0.01680792878,75.61754702,0,0.01680792878,75.61754702
cola@s0__ag_news@s0,cola@s0,ag_news@s0,encoder.layer.3.attention.self.query,768,0.01468447143,77.93316301,0,0.01468447143,77.93316301
cola@s0__ag_news@s0,cola@s0,ag_news@s0,encoder.layer.3.attention.self.value,768,0.01273611288,78.71044711,0,0.01273611288,78.71044711
cola@s0__ag_news@s0,cola@s0,ag_news@s0,encoder.layer.3.intermediate.dense,3072,0.003589780254,83.77293773,0,0.003589780254,83.77293773
cola@s0__ag_news@s0,cola@s0,ag_news@s0,encoder.layer.3.output.dense,768,0.01687698831,76.71868785,0,0.01687698831,76.71868785
cola@s0__ag_news@s0,cola@s0,ag_news@s0,encoder.layer.4.attention.output.dense,768,0.01387162122,78.09588136,0,0.01387162122,78.09588136
cola@s0__ag_news@s0,cola@s0,ag_news@s0,encoder.layer.4.attention.self.key,768,0.01684649898,77.94366789,0,0.01684649898,77.94366789
cola@s0__ag_news@s0,cola@s0,ag_news@s0,encoder.layer.4.attention.self.query,768,0.0199715719,76.04492658,0,0.0199715719,76.04492658
cola@s0__ag_news@s0,cola@s0,ag_news@s0,encoder.layer.4.attention.self.value,768,0.01457022543,77.66660758,0,0.01457022543,77.66660758
cola@s0__ag_news@s0,cola@s0,ag_news@s0,encoder.layer.4.intermediate.dense,3072,0.003217200658,84.09705552,0,0.003217200658,84.09705552
cola@s0__ag_news@s0,cola@s0,ag_news@s0,encoder.layer.4.output.dense,768,0.01383135662,77.43091837,0,0.01383135662,77.43091837
cola@s0__ag_news@s0,cola@s0,ag_news@s0,encoder.layer.5.attention.output.dense,768,0.01363562398,77.80191989,0,0.01363562398,77.80191989
cola@s0__ag_news@s0,cola@s0,ag_news@s0,encoder.layer.5.attention.self.key,768,0.018565744,77.81191589,0,0.018565744,77.81191589
cola@s0__ag_news@s0,cola@s0,ag_news@s0,encoder.layer.5.attention.self.query,768,0.01864270625,76.26143071,0,0.01864270625,76.26143071
cola@s0__ag_news@s0,cola@s0,ag_news@s0,encoder.layer.5.attention.self.value,768,0.01330937903,78.71442865,0,0.01330937903,78.71442865
cola@s0__ag_news@s0,cola@s0,ag_news@s0,encoder.layer.5.intermediate.dense,3072,0.002693193778,85.2545279,0,0.002693193778,85.2545279
cola@s0__ag_news@s0,cola@s0,ag_news@s0,encoder.layer.5.output.dense,768,0.0148091503,78.30207843,0,0.0148091503,78.30207843
cola@s0__ag_news@s0,cola@s0,ag_news@s0,encoder.layer.6.attention.output.dense,768,0.01482773687,76.2103947,0,0.01482773687,76.2103947
cola@s0__ag_news@s0,cola@s0,ag_news@s0,encoder.layer.6.attention.self.key,768,0.01405168229,78.1215429,0,0.01405168229,78.1215429
cola@s0__ag_news@s0,cola@s0,ag_news@s0,encoder.layer.6.attention.self.query,768,0.01655727934,76.52125186,0,0.01655727934,76.52125186
cola@s0__ag_news@s0,cola@s0,ag_news@s0,encoder.layer.6.attention.self.value,768,0.01392033423,76.64296895,0,0.01392033423,76.64296895
cola@s0__ag_news@s0,cola@s0,ag_news@s0,encoder.layer.6.intermediate.dense,3072,0.003958938847,84.2539322,0,0.003958938847,84.2539322
cola@s0__ag_news@s0,cola@s0,ag_news@s0,encoder.layer.6.output.dense,768,0.01722324873,77.1959579,0,0.01722324873,77.1959579
cola@s0__ag_news@s0,cola@s0,ag_news@s0,encoder.layer.7.attention.output.dense,768,0.01319345147,77.98959802,0,0.01319345147,77.98959802
cola@s0__ag_news@s0,cola@s0,ag_news@s0,encoder.layer.7.attention.self.key,768,0.01993073753,75.77566164,0,0.01993073753,75.77566164
cola@s0__ag_news@s0,cola@s0,ag_news@s0,encoder.layer.7.attention.self.query,768,0.01266975675,79.55672767,0,0.01266975675,79.55672767
cola@s0__ag_news@s0,cola@s0,ag_news@s0,encoder.layer.7.attention.self.value,768,0.0102500512,78.90812085,0,0.0102500512,78.90812085
cola@s0__ag_news@s0,cola@s0,ag_news@s0,encoder.layer.7.intermediate.dense,3072,0.002333598082,85.03606276,0,0.002333598082,85.03606276
cola@s0__ag_news@s0,cola@s0,ag_news@s0,encoder.layer.7.output.dense,768,0.01596072387,77.37342187,0,0.01596072387,77.37342187
cola@s0__ag_news@s0,cola@s0,ag_news@s0,encoder.layer.8.attention.output.dense,768,0.02057995046,76.26055982,0,0.02057995046,76.26055982
cola@s0__ag_news@s0,cola@s0,ag_news@s0,encoder.layer.8.attention.self.key,768,0.01472274886,77.93787362,0,0.01472274886,77.93787362
cola@s0__ag_news@s0,cola@s0,ag_news@s0,encoder.layer.8.attention.self.query,768,0.01838727057,77.07313873,0,0.01838727057,77.07313873
cola@s0__ag_news@s0,cola@s0,ag_news@s0,encoder.layer.8.attention.self.value,768,0.01355530823,77.75007504,0,0.01355530823,77.75007504
cola@s0__ag_news@s0,cola@s0,ag_news@s0,encoder.layer.8.intermediate.dense,3072,0.003288224785,83.93915808,0,0.003288224785,83.93915808
cola@s0__ag_news@s0,cola@s0,ag_news@s0,encoder.layer.8.output.dense,768,0.01994998485,75.39661517,0,0.01994998485,75.39661517
cola@s0__ag_news@s0,cola@s0,ag_news@s0,encoder.layer.9.attention.output.dense,768,0.01917427587,75.77122818,0,0.01917427587,75.77122818
cola@s0__ag_news@s0,cola@s0,ag_news@s0,encoder.layer.9.attention.self.key,768,0.01863782817,75.36610743,0,0.01863782817,75.36610743
cola@s0__ag_news@s0,cola@s0,ag_news@s0,encoder.layer.9.attention.self.query,768,0.01896966619,75.13583993,0,0.01896966619,75.13583993
cola@s0__ag_news@s0,cola@s0,ag_news@s0,encoder.layer.9.attention.self.value,768,0.02108128925,73.93199439,0,0.02108128925,73.93199439
cola@s0__ag_news@s0,cola@s0,ag_news@s0,encoder.layer.9.intermediate.dense,3072,0.002911717042,84.58668079,0,0.002911717042,84.58668079
cola@s0__ag_news@s0,cola@s0,ag_news@s0,encoder.layer.9.output.dense,768,0.01249997679,78.90549553,0,0.01249997679,78.90549553
cola@s0__ag_news@s0,cola@s0,ag_news@s0,pooler.dense,768,0.03770809612,66.64095542,0,0.03770809612,66.64095542
cola@s0__imdb@s0,cola@s0,imdb@s0,encoder.layer.0.attention.output.dense,768,0.01124831664,79.62652075,0,0.01124831664,79.62652075
cola@s0__imdb@s0,cola@s0,imdb@s0,encoder.layer.0.attention.self.key,768,0.0188075683,75.36745979,0,0.0188075683,75.36745979
cola@s0__imdb@s0,cola@s0,imdb@s0,encoder.layer.0.attention.self.query,768,0.01860690575,75.63311169,0,0.01860690575,75.63311169
cola@s0__imdb@s0,cola@s0,imdb@s0,encoder.layer.0.attention.self.value,768,0.0166962777,76.87618422,0,0.0166962777,76.87618422
cola@s0__imdb@s0,cola@s0,imdb@s0,encoder.layer.0.intermediate.dense,3072,0.002553817376,84.42632937,0,0.002553817376,84.42632937
cola@s0__imdb@s0,cola@s0,imdb@s0,encoder.layer.0.output.dense,768,0.01215196186,78.68826568,0,0.01215196186,78.68826568
cola@s0__imdb@s0,cola@s0,imdb@s0,encoder.layer.1.attention.output.dense,768,0.01092887843,78.97251044,0,0.01092887843,78.97251044
cola@s0__imdb@s0,cola@s0,imdb@s0,encoder.layer.1.attention.self.key,768,0.0133087702,78.21746953,0,0.0133087702,78.21746953
cola@s0__imdb@s0,cola@s0,imdb@s0,encoder.layer.1.attention.self.query,768,0.02176391859,75.34495209,0,0.02176391859,75.34495209
cola@s0__imdb@s0,cola@s0,imdb@s0,encoder.layer.1.attention.self.value,768,0.0181410106,75.71407297,0,0.0181410106,75.71407297
cola@s0__imdb@s0,cola@s0,imdb@s0,encoder.layer.1.intermediate.dense,3072,0.002701576352,85.40021007,0,0.002701576352,85.40021007
cola@s0__imdb@s0,cola@s0,imdb@s0,encoder.layer.1.output.dense,768,0.01708652924,76.4855104,0,0.01708652924,76.4855104
cola@s0__imdb@s0,cola@s0,imdb@s0,encoder.layer.10.attention.output.dense,768,0.03335307866,68.12194321,0,0.03335307866,68.12194321
cola@s0__imdb@s0,cola@s0,imdb@s0,encoder.layer.10.attention.self.key,768,0.02591310408,74.56289727,0,0.02591310408,74.56289727
cola@s0__imdb@s0,cola@s0,imdb@s0,encoder.layer.10.attention.self.query,768,0.023130393,74.53705212,0,0.023130393,74.53705212
cola@s0__imdb@s0,cola@s0,imdb@s0,encoder.layer.10.attention.self.value,768,0.02477824447,70.69874907,0,0.02477824447,70.69874907
cola@s0__imdb@s0,cola@s0,imdb@s0,encoder.layer.10.intermediate.dense,3072,0.003067499555,84.24495681,0,0.003067499555,84.24495681
cola@s0__imdb@s0,cola@s0,imdb@s0,encoder.layer.10.output.dense,768,0.0237797706,72.43971853,0,0.0237797706,72.43971853
cola@s0__imdb@s0,cola@s0,imdb@s0,encoder.layer.11.attention.output.dense,768,0.07428814549,57.30261707,0,0.07428814549,57.30261707
cola@s0__imdb@s0,cola@s0,imdb@s0,encoder.layer.11.attention.self.key,768,0.02004646318,77.28147084,0,0.02004646318,77.28147084
cola@s0__imdb@s0,cola@s0,imdb@s0,encoder.layer.11.attention.self.query,768,0.01356095814,77.22261568,0,0.01356095814,77.22261568
cola@s0__imdb@s0,cola@s0,imdb@s0,encoder.layer.11.attention.self.value,768,0.03159229854,66.2486892,0,0.03159229854,66.2486892
cola@s0__imdb@s0,cola@s0,imdb@s0,encoder.layer.11.intermediate.dense,3072,0.01134134796,77.12354734,0,0.01134134796,77.12354734
cola@s0__imdb@s0,cola@s0,imdb@s0,encoder.layer.11.output.dense,768,0.04787248446,59.74754245,0,0.04787248446,59.74754245
cola@s0__imdb@s0,cola@s0,imdb@s0,encoder.layer.2.attention.output.dense,768,0.01101688821,79.21983716,0,0.01101688821,79.21983716
cola@s0__imdb@s0,cola@s0,imdb@s0,encoder.layer.2.attention.self.key,768,0.01697334646,76.1798293,0,0.01697334646,76.1798293
cola@s0__imdb@s0,cola@s0,imdb@s0,encoder.layer.2.attention.self.query,768,0.01897191847,74.91899003,0,0.01897191847,74.91899003
cola@s0__imdb@s0,cola@s0,imdb@s0,encoder.layer.2.attention.self.value,768,0.02129004658,73.91996098,0,0.02129004658,73.91996098
cola@s0__imdb@s0,cola@s0,imdb@s0,encoder.layer.2.intermediate.dense,3072,0.002510500667,84.73074445,0,0.002510500667,84.73074445
cola@s0__imdb@s0,cola@s0,imdb@s0,encoder.layer.2.output.dense,768,0.01642749683,74.71153618,0,0.01642749683,74.71153618
cola@s0__imdb@s0,cola@s0,imdb@s0,encoder.layer.3.attention.output.dense,768,0.009951405732,81.28028884,0,0.009951405732,81.28028884
cola@s0__imdb@s0,cola@s0,imdb@s0,encoder.layer.3.attention.self.key,768,0.01536608986,76.96182116,0,0.01536608986,76.96182116
cola@s0__imdb@s0,cola@s0,imdb@s0,encoder.layer.3.attention.self.query,768,0.0180160991,76.45509705,0,0.0180160991,76.45509705
cola@s0__imdb@s0,cola@s0,imdb@s0,encoder.layer.3.attention.self.value,768,0.01670435973,77.42562917,0,0.01670435973,77.42562917
cola@s0__imdb@s0,cola@s0,imdb@s0,encoder.layer.3.intermediate.dense,3072,0.003062103786,84.13931504,0,0.003062103786,84.13931504
cola@s0__imdb@s0,cola@s0,imdb@s0,encoder.layer.3.output.dense,768,0.01659839631,78.702968,0,0.01659839631,78.702968
cola@s0__imdb@s0,cola@s0,imdb@s0,encoder.layer.4.attention.output.dense,768,0.01414784294,78.40381068,0,0.01414784294,78.40381068
cola@s0__imdb@s0,cola@s0,imdb@s0,encoder.layer.4.attention.self.key,768,0.01710410222,76.22179287,0,0.01710410222,76.22179287
cola@s0__imdb@s0,cola@s0,imdb@s0,encoder.layer.4.attention.self.query,768,0.01431661586,77.8919791,0,0.01431661586,77.8919791
cola@s0__imdb@s0,cola@s0,imdb@s0,encoder.layer.4.attention.self.value,768,0.01681626077,77.01008051,0,0.01681626077,77.01008051
cola@s0__imdb@s0,cola@s0,imdb@s0,encoder.layer.4.intermediate.dense,3072,0.00367696985,83.44930763,0,0.00367696985,83.44930763
cola@s0__imdb@s0,cola@s0,imdb@s0,encoder.layer.4.output.dense,768,0.01521390617,77.89956547,0,0.01521390617,77.89956547
cola@s0__imdb@s0,cola@s0,imdb@s0,encoder.layer.5.attention.output.dense,768,0.01194290451,80.10820755,0,0.01194290451,80.10820755
cola@s0__imdb@s0,cola@s0,imdb@s0,encoder.layer.5.attention.self.key,768,0.0130213956,77.98921385,0,0.0130213956,77.98921385
cola@s0__imdb@s0,cola@s0,imdb@s0,encoder.layer.5.attention.self.query,768,0.01591509562,78.39504672,0,0.01591509562,78.39504672
cola@s0__imdb@s0,cola@s0,imdb@s0,encoder.layer.5.attention.self.value,768,0.01976090761,77.69828937,0,0.01976090761,77.69828937
cola@s0__imdb@s0,cola@s0,imdb@s0,encoder.layer.5.intermediate.dense,3072,0.002303538565,85.12391352,0,0.002303538565,85.12391352
cola@s0__imdb@s0,cola@s0,imdb@s0,encoder.layer.5.output.dense,768,0.0180294628,75.09336937,0,0.0180294628,75.09336937
cola@s0__imdb@s0,cola@s0,imdb@s0,encoder.layer.6.attention.output.dense,768,0.01417780683,78.7248853,0,0.01417780683,78.7248853
cola@s0__imdb@s0,cola@s0,imdb@s0,encoder.layer.6.attention.self.key,768,0.01567689631,76.86009797,0,0.01567689631,76.86009797
cola@s0__imdb@s0,cola@s0,imdb@s0,encoder.layer.6.attention.self.query,768,0.0158055913,76.85778398,0,0.0158055913,76.85778398
cola@s0__imdb@s0,cola@s0,imdb@s0,encoder.layer.6.attention.self.value,768,0.01266966763,79.36943633,0,0.01266966763,79.36943633
cola@s0__imdb@s0,cola@s0,imdb@s0,encoder.layer.6.intermediate.dense,3072,0.003174956225,84.08100089,0,0.003174956225,84.08100089
cola@s0__imdb@s0,cola@s0,imdb@s0,encoder.layer.6.output.dense,768,0.02135393939,74.65280063,0,0.02135393939,74.65280063
cola@s0__imdb@s0,cola@s0,imdb@s0,encoder.layer.7.attention.output.dense,768,0.01640496391,78.14321322,0,0.01640496391,78.14321322
cola@s0__imdb@s0,cola@s0,imdb@s0,encoder.layer.7.attention.self.key,768,0.01993334624,75.19098315,0,0.01993334624,75.19098315
cola@s0__imdb@s0,cola@s0,imdb@s0,encoder.layer.7.attention.self.query,768,0.01481916975,78.51336992,0,0.01481916975,78.51336992
cola@s0__imdb@s0,cola@s0,imdb@s0,encoder.layer.7.attention.self.value,768,0.01002069296,79.86728881,0,0.01002069296,79.86728881
cola@s0__imdb@s0,cola@s0,imdb@s0,encoder.layer.7.intermediate.dense,3072,0.004011087205,83.29899259,0,0.004011087205,83.29899259
cola@s0__imdb@s0,cola@s0,imdb@s0,encoder.layer.7.output.dense,768,0.0320814805,72.12750882,0,0.0320814805,72.12750882
cola@s0__imdb@s0,cola@s0,imdb@s0,encoder.layer.8.attention.output.dense,768,0.01579701856,78.75370512,0,0.01579701856,78.75370512
cola@s0__imdb@s0,cola@s0,imdb@s0,encoder.layer.8.attention.self.key,768,0.02668346951,73.48802841,0,0.02668346951,73.48802841
cola@s0__imdb@s0,cola@s0,imdb@s0,encoder.layer.8.attention.self.query,768,0.01443761389,77.70199765,0,0.01443761389,77.70199765
cola@s0__imdb@s0,cola@s0,imdb@s0,encoder.layer.8.attention.self.value,768,0.01248364738,77.75780138,0,0.01248364738,77.75780138
cola@s0__imdb@s0,cola@s0,imdb@s0,encoder.layer.8.intermediate.dense,3072,0.002930265811,84.3467156,0,0.002930265811,84.3467156
cola@s0__imdb@s0,cola@s0,imdb@s0,encoder.layer.8.output.dense,768,0.03133554627,70.73034678,0,0.03133554627,70.73034678
cola@s0__imdb@s0,cola@s0,imdb@s0,encoder.layer.9.attention.output.dense,768,0.02826167389,71.55071491,0,0.02826167389,71.55071491
cola@s0__imdb@s0,cola@s0,imdb@s0,encoder.layer.9.attention.self.key,768,0.02245227371,75.86356587,0,0.02245227371,75.86356587
cola@s0__imdb@s0,cola@s0,imdb@s0,encoder.layer.9.attention.self.query,768,0.01452488142,76.02073494,0,0.01452488142,76.02073494
cola@s0__imdb@s0,cola@s0,imdb@s0,encoder.layer.9.attention.self.value,768,0.01605857257,77.8513352,0,0.01605857257,77.8513352
cola@s0__imdb@s0,cola@s0,imdb@s0,encoder.layer.9.intermediate.dense,3072,0.002749377336,84.63817067,0,0.002749377336,84.63817067
cola@s0__imdb@s0,cola@s0,imdb@s0,encoder.layer.9.output.dense,768,0.01517439741,77.88660759,0,0.01517439741,77.88660759
cola@s0__imdb@s0,cola@s0,imdb@s0,pooler.dense,768,0.06318267959,57.24158834,0,0.06318267959,57.24158834
cola@s0__trec@s0,cola@s0,trec@s0,encoder.layer.0.attention.output.dense,768,0.01336206864,77.6443517,0,0.01336206864,77.6443517
cola@s0__trec@s0,cola@s0,trec@s0,encoder.layer.0.attention.self.key,768,0.019310027,73.60787602,0,0.019310027,73.60787602
cola@s0__trec@s0,cola@s0,trec@s0,encoder.layer.0.attention.self.query,768,0.01963847189,76.1305621,0,0.01963847189,76.1305621
cola@s0__trec@s0,cola@s0,trec@s0,encoder.layer.0.attention.self.value,768,0.01608494543,78.72734378,0,0.01608494543,78.72734378
cola@s0__trec@s0,cola@s0,trec@s0,encoder.layer.0.intermediate.dense,3072,0.00344285014,83.14971044,0,0.00344285014,83.14971044
cola@s0__trec@s0,cola@s0,trec@s0,encoder.layer.0.output.dense,768,0.01398881412,78.16015027,0,0.01398881412,78.16015027
cola@s0__trec@s0,cola@s0,trec@s0,encoder.layer.1.attention.output.dense,768,0.01295030361,77.39828284,0,0.01295030361,77.39828284
cola@s0__trec@s0,cola@s0,trec@s0,encoder.layer.1.attention.self.key,768,0.01733642361,77.23091571,0,0.01733642361,77.23091571
cola@s0__trec@s0,cola@s0,trec@s0,encoder.layer.1.attention.self.query,768,0.02783362245,71.13398578,0,0.02783362245,71.13398578
cola@s0__trec@s0,cola@s0,trec@s0,encoder.layer.1.attention.self.value,768,0.0189584347,75.18154552,0,0.0189584347,75.18154552
cola@s0__trec@s0,cola@s0,trec@s0,encoder.layer.1.intermediate.dense,3072,0.002848579298,83.98079023,0,0.002848579298,83.98079023
cola@s0__trec@s0,cola@s0,trec@s0,encoder.layer.1.output.dense,768,0.01123842449,78.30907451,0,0.01123842449,78.30907451
cola@s0__trec@s0,cola@s0,trec@s0,encoder.layer.10.attention.output.dense,768,0.04532343154,65.7505379,0,0.04532343154,65.7505379
cola@s0__trec@s0,cola@s0,trec@s0,encoder.layer.10.attention.self.key,768,0.02964173188,71.85203902,0,0.02964173188,71.85203902
cola@s0__trec@s0,cola@s0,trec@s0,encoder.layer.10.attention.self.query,768,0.01655613362,77.91706914,0,0.01655613362,77.91706914
cola@s0__trec@s0,cola@s0,trec@s0,encoder.layer.10.attention.self.value,768,0.03242679439,67.526597,0,0.03242679439,67.526597
cola@s0__trec@s0,cola@s0,trec@s0,encoder.layer.10.intermediate.dense,3072,0.001857908099,85.90197631,0,0.001857908099,85.90197631
cola@s0__trec@s0,cola@s0,trec@s0,encoder.layer.10.output.dense,768,0.03007177721,72.37431193,0,0.03007177721,72.37431193
cola@s0__trec@s0,cola@s0,trec@s0,encoder.layer.11.attention.output.dense,768,0.06843138588,60.32515516,0,0.06843138588,60.32515516
cola@s0__trec@s0,cola@s0,trec@s0,encoder.layer.11.attention.self.key,768,0.02300812856,74.59161846,0,0.02300812856,74.59161846
cola@s0__trec@s0,cola@s0,trec@s0,encoder.layer.11.attention.self.query,768,0.01736469836,77.72115021,0,0.01736469836,77.72115021
cola@s0__trec@s0,cola@s0,trec@s0,encoder.layer.11.attention.self.value,768,0.04587208384,67.66839709,0,0.04587208384,67.66839709
cola@s0__trec@s0,cola@s0,trec@s0,encoder.layer.11.intermediate.dense,3072,0.004927071544,82.37690965,0,0.004927071544,82.37690965
cola@s0__trec@s0,cola@s0,trec@s0,encoder.layer.11.output.dense,768,0.03817488647,67.16706304,0,0.03817488647,67.16706304
cola@s0__trec@s0,cola@s0,trec@s0,encoder.layer.2.attention.output.dense,768,0.01808807961,76.45838274,0,0.01808807961,76.45838274
cola@s0__trec@s0,cola@s0,trec@s0,encoder.layer.2.attention.self.key,768,0.02005839276,76.1158432,0,0.02005839276,76.1158432
cola@s0__trec@s0,cola@s0,trec@s0,encoder.layer.2.attention.self.query,768,0.02763798746,74.45863728,0,0.02763798746,74.45863728
cola@s0__trec@s0,cola@s0,trec@s0,encoder.layer.2.attention.self.value,768,0.01396183643,78.07949592,0,0.01396183643,78.07949592
cola@s0__trec@s0,cola@s0,trec@s0,encoder.layer.2.intermediate.dense,3072,0.002787805811,84.86145056,0,0.002787805811,84.86145056
cola@s0__trec@s0,cola@s0,trec@s0,encoder.layer.2.output.dense,768,0.01213546367,79.44545195,0,0.01213546367,79.44545195
cola@s0__trec@s0,cola@s0,trec@s0,encoder.layer.3.attention.output.dense,768,0.01409241656,79.27600373,0,0.01409241656,79.27600373
cola@s0__trec@s0,cola@s0,trec@s0,encoder.layer.3.attention.self.key,768,0.02051040097,75.9556166,0,0.02051040097,75.9556166
cola@s0__trec@s0,cola@s0,trec@s0,encoder.layer.3.attention.self.query,768,0.01684924008,76.31420918,0,0.01684924008,76.31420918
cola@s0__trec@s0,cola@s0,trec@s0,encoder.layer.3.attention.self.value,768,0.0176943047,77.20713956,0,0.0176943047,77.20713956
cola@s0__trec@s0,cola@s0,trec@s0,encoder.layer.3.intermediate.dense,3072,0.002846075884,84.99358558,0,0.002846075884,84.99358558
cola@s0__trec@s0,cola@s0,trec@s0,encoder.layer.3.output.dense,768,0.01439455678,77.49016641,0,0.01439455678,77.49016641
cola@s0__trec@s0,cola@s0,trec@s0,encoder.layer.4.attention.output.dense,768,0.01759399831,77.74453756,0,0.01759399831,77.74453756
cola@s0__trec@s0,cola@s0,trec@s0,encoder.layer.4.attention.self.key,768,0.01732829041,76.22869195,0,0.01732829041,76.22869195
cola@s0__trec@s0,cola@s0,trec@s0,encoder.layer.4.attention.self.query,768,0.02134301261,74.90322526,0,0.02134301261,74.90322526
cola@s0__trec@s0,cola@s0,trec@s0,encoder.layer.4.attention.self.value,768,0.01674535735,78.98575319,0,0.01674535735,78.98575319
cola@s0__trec@s0,cola@s0,trec@s0,encoder.layer.4.intermediate.dense,3072,0.003684387663,83.48992565,0,0.003684387663,83.48992565
cola@s0__trec@s0,cola@s0,trec@s0,encoder.layer.4.output.dense,768,0.01521470468,78.28705407,0,0.01521470468,78.28705407
cola@s0__trec@s0,cola@s0,trec@s0,encoder.layer.5.attention.output.dense,768,0.01255451912,78.94262181,0,0.01255451912,78.94262181
cola@s0__trec@s0,cola@s0,trec@s0,encoder.layer.5.attention.self.key,768,0.01852248903,76.49115555,0,0.01852248903,76.49115555
cola@s0__trec@s0,cola@s0,trec@s0,encoder.layer.5.attention.self.query,768,0.02431468678,75.16330054,0,0.02431468678,75.16330054
cola@s0__trec@s0,cola@s0,trec@s0,encoder.layer.5.attention.self.value,768,0.01542245751,77.94815308,0,0.01542245751,77.94815308
cola@s0__trec@s0,cola@s0,trec@s0,encoder.layer.5.intermediate.dense,3072,0.003236907896,84.66491185,0,0.003236907896,84.66491185
cola@s0__trec@s0,cola@s0,trec@s0,encoder.layer.5.output.dense,768,0.01420656338,77.55126545,0,0.01420656338,77.55126545
cola@s0__trec@s0,cola@s0,trec@s0,encoder.layer.6.attention.output.dense,768,0.01589282906,77.12665656,0,0.01589282906,77.12665656
cola@s0__trec@s0,cola@s0,trec@s0,encoder.layer.6.attention.self.key,768,0.02596888995,73.8962475,0,0.02596888995,73.8962475
cola@s0__trec@s0,cola@s0,trec@s0,encoder.layer.6.attention.self.query,768,0.02099994166,76.349586,0,0.02099994166,76.349586
cola@s0__trec@s0,cola@s0,trec@s0,encoder.layer.6.attention.self.value,768,0.01129227249,78.76063841,0,0.01129227249,78.76063841
cola@s0__trec@s0,cola@s0,trec@s0,encoder.layer.6.intermediate.dense,3072,0.00323662364,84.30093803,0,0.00323662364,84.30093803
cola@s0__trec@s0,cola@s0,trec@s0,encoder.layer.6.output.dense,768,0.01466828716,78.4451457,0,0.01466828716,78.4451457
cola@s0__trec@s0,cola@s0,trec@s0,encoder.layer.7.attention.output.dense,768,0.01485681132,77.8177286,0,0.01485681132,77.8177286
cola@s0__trec@s0,cola@s0,trec@s0,encoder.layer.7.attention.self.key,768,0.01835304584,76.59225377,0,0.01835304584,76.59225377
cola@s0__trec@s0,cola@s0,trec@s0,encoder.layer.7.attention.self.query,768,0.01900954842,76.46882563,0,0.01900954842,76.46882563
cola@s0__trec@s0,cola@s0,trec@s0,encoder.layer.7.attention.self.value,768,0.01465004339,78.38583967,0,0.01465004339,78.38583967
cola@s0__trec@s0,cola@s0,trec@s0,encoder.layer.7.intermediate.dense,3072,0.003125408391,84.12607533,0,0.003125408391,84.12607533
cola@s0__trec@s0,cola@s0,trec@s0,encoder.layer.7.output.dense,768,0.02199694633,74.89979093,0,0.02199694633,74.89979093
cola@s0__trec@s0,cola@s0,trec@s0,encoder.layer.8.attention.output.dense,768,0.02200036133,72.65467177,0,0.02200036133,72.65467177
cola@s0__trec@s0,cola@s0,trec@s0,encoder.layer.8.attention.self.key,768,0.0317207095,70.15033187,0,0.0317207095,70.15033187
cola@s0__trec@s0,cola@s0,trec@s0,encoder.layer.8.attention.self.query,768,0.0184136024,77.85477741,0,0.0184136024,77.85477741
cola@s0__trec@s0,cola@s0,trec@s0,encoder.layer.8.attention.self.value,768,0.01492639691,78.2177839,0,0.01492639691,78.2177839
cola@s0__trec@s0,cola@s0,trec@s0,encoder.layer.8.intermediate.dense,3072,0.00300736609,85.10891912,0,0.00300736609,85.10891912
cola@s0__trec@s0,cola@s0,trec@s0,encoder.layer.8.output.dense,768,0.02687667591,75.40820011,0,0.02687667591,75.40820011
cola@s0__trec@s0,cola@s0,trec@s0,encoder.layer.9.attention.output.dense,768,0.02749363464,73.77471727,0,0.02749363464,73.77471727
cola@s0__trec@s0,cola@s0,trec@s0,encoder.layer.9.attention.self.key,768,0.02733295251,72.73191775,0,0.02733295251,72.73191775
cola@s0__trec@s0,cola@s0,trec@s0,encoder.layer.9.attention.self.query,768,0.01989372931,75.23233005,0,0.01989372931,75.23233005
cola@s0__trec@s0,cola@s0,trec@s0,encoder.layer.9.attention.self.value,768,0.02780595428,70.3094815,0,0.02780595428,70.3094815
cola@s0__trec@s0,cola@s0,trec@s0,encoder.layer.9.intermediate.dense,3072,0.002218404225,85.28273231,0,0.002218404225,85.28273231
cola@s0__trec@s0,cola@s0,trec@s0,encoder.layer.9.output.dense,768,0.02382495305,74.09867173,0,0.02382495305,74.09867173
cola@s0__trec@s0,cola@s0,trec@s0,pooler.dense,768,0.03534791102,66.23341983,0,0.03534791102,66.23341983
cola@s0__yelp_polarity@s0,cola@s0,yelp_polarity@s0,encoder.layer.0.attention.output.dense,768,0.01308241508,77.70633225,0,0.01308241508,77.70633225
cola@s0__yelp_polarity@s0,cola@s0,yelp_polarity@s0,encoder.layer.0.attention.self.key,768,0.02000576195,77.10901477,0,0.02000576195,77.10901477
cola@s0__yelp_polarity@s0,cola@s0,yelp_polarity@s0,encoder.layer.0.attention.self.query,768,0.01872187627,75.70418496,0,0.01872187627,75.70418496
cola@s0__yelp_polarity@s0,cola@s0,yelp_polarity@s0,encoder.layer.0.attention.self.value,768,0.01733695922,76.87680837,0,0.01733695922,76.87680837
cola@s0__yelp_polarity@s0,cola@s0,yelp_polarity@s0,encoder.layer.0.intermediate.dense,3072,0.002878436908,84.33751856,0,0.002878436908,84.33751856
cola@s0__yelp_polarity@s0,cola@s0,yelp_polarity@s0,encoder.layer.0.output.dense,768,0.01209789182,77.8563286,0,0.01209789182,77.8563286
cola@s0__yelp_polarity@s0,cola@s0,yelp_polarity@s0,encoder.layer.1.attention.output.dense,768,0.01623936433,76.90405328,0,0.01623936433,76.90405328
cola@s0__yelp_polarity@s0,cola@s0,yelp_polarity@s0,encoder.layer.1.attention.self.key,768,0.01543002588,77.24478409,0,0.01543002588,77.24478409
cola@s0__yelp_polarity@s0,cola@s0,yelp_polarity@s0,encoder.layer.1.attention.self.query,768,0.02508676726,73.69962306,0,0.02508676726,73.69962306
cola@s0__yelp_polarity@s0,cola@s0,yelp_polarity@s0,encoder.layer.1.attention.self.value,768,0.01466704826,78.58759051,0,0.01466704826,78.58759051
cola@s0__yelp_polarity@s0,cola@s0,yelp_polarity@s0,encoder.layer.1.intermediate.dense,3072,0.004005785771,83.5699341,0,0.004005785771,83.5699341
cola@s0__yelp_polarity@s0,cola@s0,yelp_polarity@s0,encoder.layer.1.output.dense,768,0.01056869567,79.36066621,0,0.01056869567,79.36066621
cola@s0__yelp_polarity@s0,cola@s0,yelp_polarity@s0,encoder.layer.10.attention.output.dense,768,0.03538313944,68.84479425,0,0.03538313944,68.84479425
cola@s0__yelp_polarity@s0,cola@s0,yelp_polarity@s0,encoder.layer.10.attention.self.key,768,0.02409482236,73.72786009,0,0.02409482236,73.72786009
cola@s0__yelp_polarity@s0,cola@s0,yelp_polarity@s0,encoder.layer.10.attention.self.query,768,0.02265457427,72.75246231,0,0.02265457427,72.75246231
cola@s0__yelp_polarity@s0,cola@s0,yelp_polarity@s0,encoder.layer.10.attention.self.value,768,0.02160260326,70.87575415,0,0.02160260326,70.87575415
cola@s0__yelp_polarity@s0,cola@s0,yelp_polarity@s0,encoder.layer.10.intermediate.dense,3072,0.0032173654,83.92249805,0,0.0032173654,83.92249805
cola@s0__yelp_polarity@s0,cola@s0,yelp_polarity@s0,encoder.layer.10.output.dense,768,0.02158447772,73.98701636,0,0.02158447772,73.98701636
cola@s0__yelp_polarity@s0,cola@s0,yelp_polarity@s0,encoder.layer.11.attention.output.dense,768,0.04983623341,64.2702867,0,0.04983623341,64.2702867
cola@s0__yelp_polarity@s0,cola@s0,yelp_polarity@s0,encoder.layer.11.attention.self.key,768,0.0189267154,76.56692677,0,0.0189267154,76.56692677
cola@s0__yelp_polarity@s0,cola@s0,yelp_polarity@s0,encoder.layer.11.attention.self.query,768,0.01484462888,78.1302153,0,0.01484462888,78.1302153
cola@s0__yelp_polarity@s0,cola@s0,yelp_polarity@s0,encoder.layer.11.attention.self.value,768,0.02510268658,71.08438435,0,0.02510268658,71.08438435
cola@s0__yelp_polarity@s0,cola@s0,yelp_polarity@s0,encoder.layer.11.intermediate.dense,3072,0.01009147303,77.95195063,0,0.01009147303,77.95195063
cola@s0__yelp_polarity@s0,cola@s0,yelp_polarity@s0,encoder.layer.11.output.dense,768,0.03936686282,67.8931202,0,0.03936686282,67.8931202
cola@s0__yelp_polarity@s0,cola@s0,yelp_polarity@s0,encoder.layer.2.attention.output.dense,768,0.01142398367,78.83758441,0,0.01142398367,78.83758441
cola@s0__yelp_polarity@s0,cola@s0,yelp_polarity@s0,encoder.layer.2.attention.self.key,768,0.01591570323,76.88065304,0,0.01591570323,76.88065304
cola@s0__yelp_polarity@s0,cola@s0,yelp_polarity@s0,encoder.layer.2.attention.self.query,768,0.0200106011,74.61208424,0,0.0200106011,74.61208424
cola@s0__yelp_polarity@s0,cola@s0,yelp_polarity@s0,encoder.layer.2.attention.self.value,768,0.01636576744,75.61716942,0,0.01636576744,75.61716942
cola@s0__yelp_polarity@s0,cola@s0,yelp_polarity@s0,encoder.layer.2.intermediate.dense,3072,0.002750129384,84.31583463,0,0.002750129384,84.31583463
cola@s0__yelp_polarity@s0,cola@s0,yelp_polarity@s0,encoder.layer.2.output.dense,768,0.0126795715,79.74549983,0,0.0126795715,79.74549983
cola@s0__yelp_polarity@s0,cola@s0,yelp_polarity@s0,encoder.layer.3.attention.output.dense,768,0.01444626745,78.89707681,0,0.01444626745,78.89707681
cola@s0__yelp_polarity@s0,cola@s0,yelp_polarity@s0,encoder.layer.3.attention.self.key,768,0.01857111603,77.03484458,0,0.01857111603,77.03484458
cola@s0__yelp_polarity@s0,cola@s0,yelp_polarity@s0,encoder.layer.3.attention.self.query,768,0.01289418566,77.95734699,0,0.01289418566,77.95734699
cola@s0__yelp_polarity@s0,cola@s0,yelp_polarity@s0,encoder.layer.3.attention.self.value,768,0.01392864462,78.51126483,0,0.01392864462,78.51126483
cola@s0__yelp_polarity@s0,cola@s0,yelp_polarity@s0,encoder.layer.3.intermediate.dense,3072,0.003511749821,84.05875064,0,0.003511749821,84.05875064
cola@s0__yelp_polarity@s0,cola@s0,yelp_polarity@s0,encoder.layer.3.output.dense,768,0.01062424429,78.16830464,0,0.01062424429,78.16830464
cola@s0__yelp_polarity@s0,cola@s0,yelp_polarity@s0,encoder.layer.4.attention.output.dense,768,0.01104938628,80.18388035,0,0.01104938628,80.18388035
cola@s0__yelp_polarity@s0,cola@s0,yelp_polarity@s0,encoder.layer.4.attention.self.key,768,0.01455988582,76.58186168,0,0.01455988582,76.58186168
cola@s0__yelp_polarity@s0,cola@s0,yelp_polarity@s0,encoder.layer.4.attention.self.query,768,0.01397059205,76.81603428,0,0.01397059205,76.81603428
cola@s0__yelp_polarity@s0,cola@s0,yelp_polarity@s0,encoder.layer.4.attention.self.value,768,0.01486373811,77.64224778,0,0.01486373811,77.64224778
cola@s0__yelp_polarity@s0,cola@s0,yelp_polarity@s0,encoder.layer.4.intermediate.dense,3072,0.002854033496,84.49707275,0,0.002854033496,84.49707275
cola@s0__yelp_polarity@s0,cola@s0,yelp_polarity@s0,encoder.layer.4.output.dense,768,0.01931060319,75.52994687,0,0.01931060319,75.52994687
cola@s0__yelp_polarity@s0,cola@s0,yelp_polarity@s0,encoder.layer.5.attention.output.dense,768,0.01438706556,78.73375235,0,0.01438706556,78.73375235
cola@s0__yelp_polarity@s0,cola@s0,yelp_polarity@s0,encoder.layer.5.attention.self.key,768,0.01754605121,74.94258863,0,0.01754605121,74.94258863
cola@s0__yelp_polarity@s0,cola@s0,yelp_polarity@s0,encoder.layer.5.attention.self.query,768,0.01560811819,77.71395963,0,0.01560811819,77.71395963
cola@s0__yelp_polarity@s0,cola@s0,yelp_polarity@s0,encoder.layer.5.attention.self.value,768,0.01597336285,77.36604356,0,0.01597336285,77.36604356
cola@s0__yelp_polarity@s0,cola@s0,yelp_polarity@s0,encoder.layer.5.intermediate.dense,3072,0.002770952019,84.41994092,0,0.002770952019,84.41994092
cola@s0__yelp_polarity@s0,cola@s0,yelp_polarity@s0,encoder.layer.5.output.dense,768,0.01686986187,76.37170291,0,0.01686986187,76.37170291
cola@s0__yelp_polarity@s0,cola@s0,yelp_polarity@s0,encoder.layer.6.attention.output.dense,768,0.01267508622,77.4552457,0,0.01267508622,77.4552457
cola@s0__yelp_polarity@s0,cola@s0,yelp_polarity@s0,encoder.layer.6.attention.self.key,768,0.01453695082,78.93704839,0,0.01453695082,78.93704839
cola@s0__yelp_polarity@s0,cola@s0,yelp_polarity@s0,encoder.layer.6.attention.self.query,768,0.01143029164,79.69312709,0,0.01143029164,79.69312709
cola@s0__yelp_polarity@s0,cola@s0,yelp_polarity@s0,encoder.layer.6.attention.self.value,768,0.01375218659,79.63062154,0,0.01375218659,79.63062154
cola@s0__yelp_polarity@s0,cola@s0,yelp_polarity@s0,encoder.layer.6.intermediate.dense,3072,0.002612771165,85.07745344,0,0.002612771165,85.07745344
cola@s0__yelp_polarity@s0,cola@s0,yelp_polarity@s0,encoder.layer.6.output.dense,768,0.01762614655,76.34628681,0,0.01762614655,76.34628681
cola@s0__yelp_polarity@s0,cola@s0,yelp_polarity@s0,encoder.layer.7.attention.output.dense,768,0.01388150299,77.46010843,0,0.01388150299,77.46010843
cola@s0__yelp_polarity@s0,cola@s0,yelp_polarity@s0,encoder.layer.7.attention.self.key,768,0.01103808637,77.94496006,0,0.01103808637,77.94496006
cola@s0__yelp_polarity@s0,cola@s0,yelp_polarity@s0,encoder.layer.7.attention.self.query,768,0.01696954227,76.78930429,0,0.01696954227,76.78930429
cola@s0__yelp_polarity@s0,cola@s0,yelp_polarity@s0,encoder.layer.7.attention.self.value,768,0.01227480557,79.98978917,0,0.01227480557,79.98978917
cola@s0__yelp_polarity@s0,cola@s0,yelp_polarity@s0,encoder.layer.7.intermediate.dense,3072,0.002618666588,84.32517936,0,0.002618666588,84.32517936
cola@s0__yelp_polarity@s0,cola@s0,yelp_polarity@s0,encoder.layer.7.output.dense,768,0.01840926433,76.61015377,0,0.01840926433,76.61015377
cola@s0__yelp_polarity@s0,cola@s0,yelp_polarity@s0,encoder.layer.8.attention.output.dense,768,0.01978913387,74.96107631,0,0.01978913387,74.96107631
cola@s0__yelp_polarity@s0,cola@s0,yelp_polarity@s0,encoder.layer.8.attention.self.key,768,0.0213075471,75.13831466,0,0.0213075471,75.13831466
cola@s0__yelp_polarity@s0,cola@s0,yelp_polarity@s0,encoder.layer.8.attention.self.query,768,0.0158926519,78.49198523,0,0.0158926519,78.49198523
cola@s0__yelp_polarity@s0,cola@s0,yelp_polarity@s0,encoder.layer.8.attention.self.value,768,0.01252887566,78.7623491,0,0.01252887566,78.7623491
cola@s0__yelp_polarity@s0,cola@s0,yelp_polarity@s0,encoder.layer.8.intermediate.dense,3072,0.004142427433,83.89836082,0,0.004142427433,83.89836082
cola@s0__yelp_polarity@s0,cola@s0,yelp_polarity@s0,encoder.layer.8.output.dense,768,0.02277603237,73.33557096,0,0.02277603237,73.33557096
cola@s0__yelp_polarity@s0,cola@s0,yelp_polarity@s0,encoder.layer.9.attention.output.dense,768,0.02317088189,73.22988753,0,0.02317088189,73.22988753
cola@s0__yelp_polarity@s0,cola@s0,yelp_polarity@s0,encoder.layer.9.attention.self.key,768,0.02396429156,76.33626044,0,0.02396429156,76.33626044
cola@s0__yelp_polarity@s0,cola@s0,yelp_polarity@s0,encoder.layer.9.attention.self.query,768,0.01492136084,77.21765176,0,0.01492136084,77.21765176
cola@s0__yelp_polarity@s0,cola@s0,yelp_polarity@s0,encoder.layer.9.attention.self.value,768,0.02405588058,74.19642131,0,0.02405588058,74.19642131
cola@s0__yelp_polarity@s0,cola@s0,yelp_polarity@s0,encoder.layer.9.intermediate.dense,3072,0.002050935975,85.53622101,0,0.002050935975,85.53622101
cola@s0__yelp_polarity@s0,cola@s0,yelp_polarity@s0,encoder.layer.9.output.dense,768,0.01920580403,76.53380897,0,0.01920580403,76.53380897
cola@s0__yelp_polarity@s0,cola@s0,yelp_polarity@s0,pooler.dense,768,0.06206436318,58.48309702,0,0.06206436318,58.48309702
sst2@s0__mrpc@s0,sst2@s0,mrpc@s0,encoder.layer.0.attention.output.dense,768,0.01540830439,77.47813262,0,0.01540830439,77.47813262
sst2@s0__mrpc@s0,sst2@s0,mrpc@s0,encoder.layer.0.attention.self.key,768,0.01830627766,76.32487954,0,0.01830627766,76.32487954
sst2@s0__mrpc@s0,sst2@s0,mrpc@s0,encoder.layer.0.attention.self.query,768,0.02365964565,74.08047974,0,0.02365964565,74.08047974
sst2@s0__mrpc@s0,sst2@s0,mrpc@s0,encoder.layer.0.attention.self.value,768,0.01864357355,76.12906245,0,0.01864357355,76.12906245
sst2@s0__mrpc@s0,sst2@s0,mrpc@s0,encoder.layer.0.intermediate.dense,3072,0.003147840602,83.73913974,0,0.003147840602,83.73913974
sst2@s0__mrpc@s0,sst2@s0,mrpc@s0,encoder.layer.0.output.dense,768,0.01211178264,77.352608,0,0.01211178264,77.352608
sst2@s0__mrpc@s0,sst2@s0,mrpc@s0,encoder.layer.1.attention.output.dense,768,0.01661027437,78.15911111,0,0.01661027437,78.15911111
sst2@s0__mrpc@s0,sst2@s0,mrpc@s0,encoder.layer.1.attention.self.key,768,0.01224253665,79.65404537,0,0.01224253665,79.65404537
sst2@s0__mrpc@s0,sst2@s0,mrpc@s0,encoder.layer.1.attention.self.query,768,0.02142929482,75.2529764,0,0.02142929482,75.2529764
sst2@s0__mrpc@s0,sst2@s0,mrpc@s0,encoder.layer.1.attention.self.value,768,0.02214084012,74.87809309,0,0.02214084012,74.87809309
sst2@s0__mrpc@s0,sst2@s0,mrpc@s0,encoder.layer.1.intermediate.dense,3072,0.002905219265,84.71840477,0,0.002905219265,84.71840477
sst2@s0__mrpc@s0,sst2@s0,mrpc@s0,encoder.layer.1.output.dense,768,0.01542412982,79.19076616,0,0.01542412982,79.19076616
sst2@s0__mrpc@s0,sst2@s0,mrpc@s0,encoder.layer.10.attention.output.dense,768,0.02811990358,73.93253684,0,0.02811990358,73.93253684
sst2@s0__mrpc@s0,sst2@s0,mrpc@s0,encoder.layer.10.attention.self.key,768,0.01799257993,76.18604376,0,0.01799257993,76.18604376
sst2@s0__mrpc@s0,sst2@s0,mrpc@s0,encoder.layer.10.attention.self.query,768,0.01794776668,77.40640449,0,0.01794776668,77.40640449
sst2@s0__mrpc@s0,sst2@s0,mrpc@s0,encoder.layer.10.attention.self.value,768,0.01791499688,76.86241456,0,0.01791499688,76.86241456
sst2@s0__mrpc@s0,sst2@s0,mrpc@s0,encoder.layer.10.intermediate.dense,3072,0.003583292878,83.02120957,0,0.003583292878,83.02120957
sst2@s0__mrpc@s0,sst2@s0,mrpc@s0,encoder.layer.10.output.dense,768,0.02344185427,74.90681148,0,0.02344185427,74.90681148
sst2@s0__mrpc@s0,sst2@s0,mrpc@s0,encoder.layer.11.attention.output.dense,768,0.04361428662,63.65819688,0,0.04361428662,63.65819688
sst2@s0__mrpc@s0,sst2@s0,mrpc@s0,encoder.layer.11.attention.self.key,768,0.02232319899,74.77950046,0,0.02232319899,74.77950046
sst2@s0__mrpc@s0,sst2@s0,mrpc@s0,encoder.layer.11.attention.self.query,768,0.02158308515,74.43053864,0,0.02158308515,74.43053864
sst2@s0__mrpc@s0,sst2@s0,mrpc@s0,encoder.layer.11.attention.self.value,768,0.01863368601,75.53673963,0,0.01863368601,75.53673963
sst2@s0__mrpc@s0,sst2@s0,mrpc@s0,encoder.layer.11.intermediate.dense,3072,0.004443138989,83.01989155,0,0.004443138989,83.01989155
sst2@s0__mrpc@s0,sst2@s0,mrpc@s0,encoder.layer.11.output.dense,768,0.0318727169,67.12514595,0,0.0318727169,67.12514595
sst2@s0__mrpc@s0,sst2@s0,mrpc@s0,encoder.layer.2.attention.output.dense,768,0.01887102865,76.09616155,0,0.01887102865,76.09616155
sst2@s0__mrpc@s0,sst2@s0,mrpc@s0,encoder.layer.2.attention.self.key,768,0.01858330873,75.39516276,0,0.01858330873,75.39516276
sst2@s0__mrpc@s0,sst2@s0,mrpc@s0,encoder.layer.2.attention.self.query,768,0.01857182609,76.53771889,0,0.01857182609,76.53771889
sst2@s0__mrpc@s0,sst2@s0,mrpc@s0,encoder.layer.2.attention.self.value,768,0.01516657787,78.42041281,0,0.01516657787,78.42041281
sst2@s0__mrpc@s0,sst2@s0,mrpc@s0,encoder.layer.2.intermediate.dense,3072,0.002002647904,85.57880292,0,0.002002647904,85.57880292
sst2@s0__mrpc@s0,sst2@s0,mrpc@s0,encoder.layer.2.output.dense,768,0.01635607215,75.97413848,0,0.01635607215,75.97413848
sst2@s0__mrpc@s0,sst2@s0,mrpc@s0,encoder.layer.3.attention.output.dense,768,0.01298302082,78.99033127,0,0.01298302082,78.99033127
sst2@s0__mrpc@s0,sst2@s0,mrpc@s0,encoder.layer.3.attention.self.key,768,0.01211592538,78.5212477,0,0.01211592538,78.5212477
sst2@s0__mrpc@s0,sst2@s0,mrpc@s0,encoder.layer.3.attention.self.query,768,0.0154066495,77.580985,0,0.0154066495,77.580985
sst2@s0__mrpc@s0,sst2@s0,mrpc@s0,encoder.layer.3.attention.self.value,768,0.01203855469,80.18168434,0,0.01203855469,80.18168434
sst2@s0__mrpc@s0,sst2@s0,mrpc@s0,encoder.layer.3.intermediate.dense,3072,0.002464930438,85.35844249,0,0.002464930438,85.35844249
sst2@s0__mrpc@s0,sst2@s0,mrpc@s0,encoder.layer.3.output.dense,768,0.01449230162,77.82834034,0,0.01449230162,77.82834034
sst2@s0__mrpc@s0,sst2@s0,mrpc@s0,encoder.layer.4.attention.output.dense,768,0.01391985122,78.08461793,0,0.01391985122,78.08461793
sst2@s0__mrpc@s0,sst2@s0,mrpc@s0,encoder.layer.4.attention.self.key,768,0.01911434263,76.46669276,0,0.01911434263,76.46669276
sst2@s0__mrpc@s0,sst2@s0,mrpc@s0,encoder.layer.4.attention.self.query,768,0.01596357768,77.44231325,0,0.01596357768,77.44231325
sst2@s0__mrpc@s0,sst2@s0,mrpc@s0,encoder.layer.4.attention.self.value,768,0.0171549486,75.08559294,0,0.0171549486,75.08559294
sst2@s0__mrpc@s0,sst2@s0,mrpc@s0,encoder.layer.4.intermediate.dense,3072,0.002089419764,85.38625141,0,0.002089419764,85.38625141
sst2@s0__mrpc@s0,sst2@s0,mrpc@s0,encoder.layer.4.output.dense,768,0.02033150267,75.94905394,0,0.02033150267,75.94905394
sst2@s0__mrpc@s0,sst2@s0,mrpc@s0,encoder.layer.5.attention.output.dense,768,0.01789746299,75.89669025,0,0.01789746299,75.89669025
sst2@s0__mrpc@s0,sst2@s0,mrpc@s0,encoder.layer.5.attention.self.key,768,0.01176146747,78.67307964,0,0.01176146747,78.67307964
sst2@s0__mrpc@s0,sst2@s0,mrpc@s0,encoder.layer.5.attention.self.query,768,0.01863759224,76.12988805,0,0.01863759224,76.12988805
sst2@s0__mrpc@s0,sst2@s0,mrpc@s0,encoder.layer.5.attention.self.value,768,0.01968634259,76.42423604,0,0.01968634259,76.42423604
sst2@s0__mrpc@s0,sst2@s0,mrpc@s0,encoder.layer.5.intermediate.dense,3072,0.002667725402,84.94667026,0,0.002667725402,84.94667026
sst2@s0__mrpc@s0,sst2@s0,mrpc@s0,encoder.layer.5.output.dense,768,0.0159272249,76.77416969,0,0.0159272249,76.77416969
sst2@s0__mrpc@s0,sst2@s0,mrpc@s0,encoder.layer.6.attention.output.dense,768,0.01369417257,78.38341088,0,0.01369417257,78.38341088
sst2@s0__mrpc@s0,sst2@s0,mrpc@s0,encoder.layer.6.attention.self.key,768,0.01822435187,77.08625215,0,0.01822435187,77.08625215
sst2@s0__mrpc@s0,sst2@s0,mrpc@s0,encoder.layer.6.attention.self.query,768,0.01278209881,77.50300923,0,0.01278209881,77.50300923
sst2@s0__mrpc@s0,sst2@s0,mrpc@s0,encoder.layer.6.attention.self.value,768,0.01144840215,79.53524734,0,0.01144840215,79.53524734
sst2@s0__mrpc@s0,sst2@s0,mrpc@s0,encoder.layer.6.intermediate.dense,3072,0.002247162217,85.36886698,0,0.002247162217,85.36886698
sst2@s0__mrpc@s0,sst2@s0,mrpc@s0,encoder.layer.6.output.dense,768,0.01361107071,78.03671386,0,0.01361107071,78.03671386
sst2@s0__mrpc@s0,sst2@s0,mrpc@s0,encoder.layer.7.attention.output.dense,768,0.01509651182,76.60831462,0,0.01509651182,76.60831462
sst2@s0__mrpc@s0,sst2@s0,mrpc@s0,encoder.layer.7.attention.self.key,768,0.01630373986,77.56139804,0,0.01630373986,77.56139804
sst2@s0__mrpc@s0,sst2@s0,mrpc@s0,encoder.layer.7.attention.self.query,768,0.01815233585,77.38880964,0,0.01815233585,77.38880964
sst2@s0__mrpc@s0,sst2@s0,mrpc@s0,encoder.layer.7.attention.self.value,768,0.01242901512,78.83567092,0,0.01242901512,78.83567092
sst2@s0__mrpc@s0,sst2@s0,mrpc@s0,encoder.layer.7.intermediate.dense,3072,0.003335547774,84.66107637,0,0.003335547774,84.66107637
sst2@s0__mrpc@s0,sst2@s0,mrpc@s0,encoder.layer.7.output.dense,768,0.01387895476,77.3544275,0,0.01387895476,77.3544275
sst2@s0__mrpc@s0,sst2@s0,mrpc@s0,encoder.layer.8.attention.output.dense,768,0.0147393909,76.94233481,0,0.0147393909,76.94233481
sst2@s0__mrpc@s0,sst2@s0,mrpc@s0,encoder.layer.8.attention.self.key,768,0.01654049436,75.21763442,0,0.01654049436,75.21763442
sst2@s0__mrpc@s0,sst2@s0,mrpc@s0,encoder.layer.8.attention.self.query,768,0.02209035982,75.47445206,0,0.02209035982,75.47445206
sst2@s0__mrpc@s0,sst2@s0,mrpc@s0,encoder.layer.8.attention.self.value,768,0.0168472838,77.79037253,0,0.0168472838,77.79037253
sst2@s0__mrpc@s0,sst2@s0,mrpc@s0,encoder.layer.8.intermediate.dense,3072,0.003541607654,84.43666362,0,0.003541607654,84.43666362
sst2@s0__mrpc@s0,sst2@s0,mrpc@s0,encoder.layer.8.output.dense,768,0.01691550518,74.57941927,0,0.01691550518,74.57941927
sst2@s0__mrpc@s0,sst2@s0,mrpc@s0,encoder.layer.9.attention.output.dense,768,0.01859524696,74.03403762,0,0.01859524696,74.03403762
sst2@s0__mrpc@s0,sst2@s0,mrpc@s0,encoder.layer.9.attention.self.key,768,0.02325596939,75.64606767,0,0.02325596939,75.64606767
sst2@s0__mrpc@s0,sst2@s0,mrpc@s0,encoder.layer.9.attention.self.query,768,0.01394038374,78.19244441,0,0.01394038374,78.19244441
sst2@s0__mrpc@s0,sst2@s0,mrpc@s0,encoder.layer.9.attention.self.value,768,0.01127694037,79.51564108,0,0.01127694037,79.51564108
sst2@s0__mrpc@s0,sst2@s0,mrpc@s0,encoder.layer.9.intermediate.dense,3072,0.003239820015,83.647158,0,0.003239820015,83.647158
sst2@s0__mrpc@s0,sst2@s0,mrpc@s0,encoder.layer.9.output.dense,768,0.01661292468,77.11551171,0,0.01661292468,77.11551171
sst2@s0__mrpc@s0,sst2@s0,mrpc@s0,pooler.dense,768,0.06143008329,61.78046872,0,0.06143008329,61.78046872
sst2@s0__stsb@s0,sst2@s0,stsb@s0,encoder.layer.0.attention.output.dense,768,0.01451543155,77.78471424,0,0.01451543155,77.78471424
sst2@s0__stsb@s0,sst2@s0,stsb@s0,encoder.layer.0.attention.self.key,768,0.01825394438,76.61896257,0,0.01825394438,76.61896257
sst2@s0__stsb@s0,sst2@s0,stsb@s0,encoder.layer.0.attention.self.query,768,0.02898248003,74.15867032,0,0.02898248003,74.15867032
sst2@s0__stsb@s0,sst2@s0,stsb@s0,encoder.layer.0.attention.self.value,768,0.02008822755,75.09064649,0,0.02008822755,75.09064649
sst2@s0__stsb@s0,sst2@s0,stsb@s0,encoder.layer.0.intermediate.dense,3072,0.003650017057,83.89926026,0,0.003650017057,83.89926026
sst2@s0__stsb@s0,sst2@s0,stsb@s0,encoder.layer.0.output.dense,768,0.01641572681,78.62148717,0,0.01641572681,78.62148717
sst2@s0__stsb@s0,sst2@s0,stsb@s0,encoder.layer.1.attention.output.dense,768,0.01284046445,78.37685654,0,0.01284046445,78.37685654
sst2@s0__stsb@s0,sst2@s0,stsb@s0,encoder.layer.1.attention.self.key,768,0.01533829901,77.66339222,0,0.01533829901,77.66339222
sst2@s0__stsb@s0,sst2@s0,stsb@s0,encoder.layer.1.attention.self.query,768,0.01857589094,75.07369556,0,0.01857589094,75.07369556
sst2@s0__stsb@s0,sst2@s0,stsb@s0,encoder.layer.1.attention.self.value,768,0.01829087993,76.66526974,0,0.01829087993,76.66526974
sst2@s0__stsb@s0,sst2@s0,stsb@s0,encoder.layer.1.intermediate.dense,3072,0.003984989336,83.27454941,0,0.003984989336,83.27454941
sst2@s0__stsb@s0,sst2@s0,stsb@s0,encoder.layer.1.output.dense,768,0.01370034106,79.49345407,0,0.01370034106,79.49345407
sst2@s0__stsb@s0,sst2@s0,stsb@s0,encoder.layer.10.attention.output.dense,768,0.02494066389,72.59210857,0,0.02494066389,72.59210857
sst2@s0__stsb@s0,sst2@s0,stsb@s0,encoder.layer.10.attention.self.key,768,0.02223042847,73.30474054,0,0.02223042847,73.30474054
sst2@s0__stsb@s0,sst2@s0,stsb@s0,encoder.layer.10.attention.self.query,768,0.01860162958,76.00468835,0,0.01860162958,76.00468835
sst2@s0__stsb@s0,sst2@s0,stsb@s0,encoder.layer.10.attention.self.value,768,0.0176932052,75.93694967,0,0.0176932052,75.93694967
sst2@s0__stsb@s0,sst2@s0,stsb@s0,encoder.layer.10.intermediate.dense,3072,0.002847478955,84.45454441,0,0.002847478955,84.45454441
sst2@s0__stsb@s0,sst2@s0,stsb@s0,encoder.layer.10.output.dense,768,0.02517219584,74.6736025,0,0.02517219584,74.6736025
sst2@s0__stsb@s0,sst2@s0,stsb@s0,encoder.layer.11.attention.output.dense,768,0.05591537605,64.68965964,0,0.05591537605,64.68965964
sst2@s0__stsb@s0,sst2@s0,stsb@s0,encoder.layer.11.attention.self.key,768,0.01140021481,79.8205881,0,0.01140021481,79.8205881
sst2@s0__stsb@s0,sst2@s0,stsb@s0,encoder.layer.11.attention.self.query,768,0.02188235013,73.80680443,0,0.02188235013,73.80680443
sst2@s0__stsb@s0,sst2@s0,stsb@s0,encoder.layer.11.attention.self.value,768,0.02373368842,75.67832518,0,0.02373368842,75.67832518
sst2@s0__stsb@s0,sst2@s0,stsb@s0,encoder.layer.11.intermediate.dense,3072,0.006756662822,81.63289605,0,0.006756662822,81.63289605
sst2@s0__stsb@s0,sst2@s0,stsb@s0,encoder.layer.11.output.dense,768,0.03567546766,67.48855057,0,0.03567546766,67.48855057
sst2@s0__stsb@s0,sst2@s0,stsb@s0,encoder.layer.2.attention.output.dense,768,0.01398195689,77.71956779,0,0.01398195689,77.71956779
sst2@s0__stsb@s0,sst2@s0,stsb@s0,encoder.layer.2.attention.self.key,768,0.01622880876,77.23930294,0,0.01622880876,77.23930294
sst2@s0__stsb@s0,sst2@s0,stsb@s0,encoder.layer.2.attention.self.query,768,0.01455360836,77.76667151,0,0.01455360836,77.76667151
sst2@s0__stsb@s0,sst2@s0,stsb@s0,encoder.layer.2.attention.self.value,768,0.01743258599,76.85735774,0,0.01743258599,76.85735774
sst2@s0__stsb@s0,sst2@s0,stsb@s0,encoder.layer.2.intermediate.dense,3072,0.002426873633,84.41786649,0,0.002426873633,84.41786649
sst2@s0__stsb@s0,sst2@s0,stsb@s0,encoder.layer.2.output.dense,768,0.01289048385,76.96376864,0,0.01289048385,76.96376864
sst2@s0__stsb@s0,sst2@s0,stsb@s0,encoder.layer.3.attention.output.dense,768,0.01235077512,78.26859227,0,0.01235077512,78.26859227
sst2@s0__stsb@s0,sst2@s0,stsb@s0,encoder.layer.3.attention.self.key,768,0.0138208784,76.70687914,0,0.0138208784,76.70687914
sst2@s0__stsb@s0,sst2@s0,stsb@s0,encoder.layer.3.attention.self.query,768,0.01924663428,76.02627555,0,0.01924663428,76.02627555
sst2@s0__stsb@s0,sst2@s0,stsb@s0,encoder.layer.3.attention.self.value,768,0.01175270604,79.94880315,0,0.01175270604,79.94880315
sst2@s0__stsb@s0,sst2@s0,stsb@s0,encoder.layer.3.intermediate.dense,3072,0.001977988697,85.67228873,0,0.001977988697,85.67228873
sst2@s0__stsb@s0,sst2@s0,stsb@s0,encoder.layer.3.output.dense,768,0.01360403427,76.88948455,0,0.01360403427,76.88948455
sst2@s0__stsb@s0,sst2@s0,stsb@s0,encoder.layer.4.attention.output.dense,768,0.01278005667,78.07916923,0,0.01278005667,78.07916923
sst2@s0__stsb@s0,sst2@s0,stsb@s0,encoder.layer.4.attention.self.key,768,0.02037725315,75.69781968,0,0.02037725315,75.69781968
sst2@s0__stsb@s0,sst2@s0,stsb@s0,encoder.layer.4.attention.self.query,768,0.01580693452,74.14268494,0,0.01580693452,74.14268494
sst2@s0__stsb@s0,sst2@s0,stsb@s0,encoder.layer.4.attention.self.value,768,0.01417110604,76.78661118,0,0.01417110604,76.78661118
sst2@s0__stsb@s0,sst2@s0,stsb@s0,encoder.layer.4.intermediate.dense,3072,0.003792347107,84.63629758,0,0.003792347107,84.63629758
sst2@s0__stsb@s0,sst2@s0,stsb@s0,encoder.layer.4.output.dense,768,0.01360483415,78.4473345,0,0.01360483415,78.4473345
sst2@s0__stsb@s0,sst2@s0,stsb@s0,encoder.layer.5.attention.output.dense,768,0.0139551026,78.30427599,0,0.0139551026,78.30427599
sst2@s0__stsb@s0,sst2@s0,stsb@s0,encoder.layer.5.attention.self.key,768,0.01434718915,79.08061643,0,0.01434718915,79.08061643
sst2@s0__stsb@s0,sst2@s0,stsb@s0,encoder.layer.5.attention.self.query,768,0.01347944481,78.4703735,0,0.01347944481,78.4703735
sst2@s0__stsb@s0,sst2@s0,stsb@s0,encoder.layer.5.attention.self.value,768,0.01418974059,77.22674506,0,0.01418974059,77.22674506
sst2@s0__stsb@s0,sst2@s0,stsb@s0,encoder.layer.5.intermediate.dense,3072,0.001677418883,86.18855823,0,0.001677418883,86.18855823
sst2@s0__stsb@s0,sst2@s0,stsb@s0,encoder.layer.5.output.dense,768,0.01581466566,75.64938281,0,0.01581466566,75.64938281
sst2@s0__stsb@s0,sst2@s0,stsb@s0,encoder.layer.6.attention.output.dense,768,0.01860231068,77.12401916,0,0.01860231068,77.12401916
sst2@s0__stsb@s0,sst2@s0,stsb@s0,encoder.layer.6.attention.self.key,768,0.01465917773,77.96906497,0,0.01465917773,77.96906497
sst2@s0__stsb@s0,sst2@s0,stsb@s0,encoder.layer.6.attention.self.query,768,0.02044636952,76.60190569,0,0.02044636952,76.60190569
sst2@s0__stsb@s0,sst2@s0,stsb@s0,encoder.layer.6.attention.self.value,768,0.0136418406,78.3555549,0,0.0136418406,78.3555549
sst2@s0__stsb@s0,sst2@s0,stsb@s0,encoder.layer.6.intermediate.dense,3072,0.003205232783,83.58702523,0,0.003205232783,83.58702523
sst2@s0__stsb@s0,sst2@s0,stsb@s0,encoder.layer.6.output.dense,768,0.01431207969,77.87945972,0,0.01431207969,77.87945972
sst2@s0__stsb@s0,sst2@s0,stsb@s0,encoder.layer.7.attention.output.dense,768,0.01465782571,76.57204639,0,0.01465782571,76.57204639
sst2@s0__stsb@s0,sst2@s0,stsb@s0,encoder.layer.7.attention.self.key,768,0.0212134781,74.61333697,0,0.0212134781,74.61333697
sst2@s0__stsb@s0,sst2@s0,stsb@s0,encoder.layer.7.attention.self.query,768,0.01466971422,79.03583524,0,0.01466971422,79.03583524
sst2@s0__stsb@s0,sst2@s0,stsb@s0,encoder.layer.7.attention.self.value,768,0.01320372016,77.21150589,0,0.01320372016,77.21150589
sst2@s0__stsb@s0,sst2@s0,stsb@s0,encoder.layer.7.intermediate.dense,3072,0.002836527857,84.83525347,0,0.002836527857,84.83525347
sst2@s0__stsb@s0,sst2@s0,stsb@s0,encoder.layer.7.output.dense,768,0.0152598129,77.09350089,0,0.0152598129,77.09350089
sst2@s0__stsb@s0,sst2@s0,stsb@s0,encoder.layer.8.attention.output.dense,768,0.01669522369,76.94393888,0,0.01669522369,76.94393888
sst2@s0__stsb@s0,sst2@s0,stsb@s0,encoder.layer.8.attention.self.key,768,0.01637986685,77.65985277,0,0.01637986685,77.65985277
sst2@s0__stsb@s0,sst2@s0,stsb@s0,encoder.layer.8.attention.self.query,768,0.0277431417,72.56595291,0,0.0277431417,72.56595291
sst2@s0__stsb@s0,sst2@s0,stsb@s0,encoder.layer.8.attention.self.value,768,0.01572226588,76.85973907,0,0.01572226588,76.85973907
sst2@s0__stsb@s0,sst2@s0,stsb@s0,encoder.layer.8.intermediate.dense,3072,0.003944208298,82.08276449,0,0.003944208298,82.08276449
sst2@s0__stsb@s0,sst2@s0,stsb@s0,encoder.layer.8.output.dense,768,0.0153785473,79.01872749,0,0.0153785473,79.01872749
sst2@s0__stsb@s0,sst2@s0,stsb@s0,encoder.layer.9.attention.output.dense,768,0.02120774539,74.42006409,0,0.02120774539,74.42006409
sst2@s0__stsb@s0,sst2@s0,stsb@s0,encoder.layer.9.attention.self.key,768,0.03078383864,69.28499637,0,0.03078383864,69.28499637
sst2@s0__stsb@s0,sst2@s0,stsb@s0,encoder.layer.9.attention.self.query,768,0.01390010653,77.6264552,0,0.01390010653,77.6264552
sst2@s0__stsb@s0,sst2@s0,stsb@s0,encoder.layer.9.attention.self.value,768,0.01230717098,78.71163734,0,0.01230717098,78.71163734
sst2@s0__stsb@s0,sst2@s0,stsb@s0,encoder.layer.9.intermediate.dense,3072,0.0024750444,85.51007741,0,0.0024750444,85.51007741
sst2@s0__stsb@s0,sst2@s0,stsb@s0,encoder.layer.9.output.dense,768,0.01961505591,75.80813283,0,0.01961505591,75.80813283
sst2@s0__stsb@s0,sst2@s0,stsb@s0,pooler.dense,768,0.04498307303,66.91874283,0,0.04498307303,66.91874283
sst2@s0__mnli@s0,sst2@s0,mnli@s0,encoder.layer.0.attention.output.dense,768,0.01511423765,77.64012434,0,0.01511423765,77.64012434
sst2@s0__mnli@s0,sst2@s0,mnli@s0,encoder.layer.0.attention.self.key,768,0.0210708574,73.43029797,0,0.0210708574,73.43029797
sst2@s0__mnli@s0,sst2@s0,mnli@s0,encoder.layer.0.attention.self.query,768,0.01294753706,79.46450624,0,0.01294753706,79.46450624
sst2@s0__mnli@s0,sst2@s0,mnli@s0,encoder.layer.0.attention.self.value,768,0.01999057929,73.72021557,0,0.01999057929,73.72021557
sst2@s0__mnli@s0,sst2@s0,mnli@s0,encoder.layer.0.intermediate.dense,3072,0.003346128239,83.38659249,0,0.003346128239,83.38659249
sst2@s0__mnli@s0,sst2@s0,mnli@s0,encoder.layer.0.output.dense,768,0.01151087865,78.49256793,0,0.01151087865,78.49256793
sst2@s0__mnli@s0,sst2@s0,mnli@s0,encoder.layer.1.attention.output.dense,768,0.009091560944,80.68547894,0,0.009091560944,80.68547894
sst2@s0__mnli@s0,sst2@s0,mnli@s0,encoder.layer.1.attention.self.key,768,0.0216545863,72.11380748,0,0.0216545863,72.11380748
sst2@s0__mnli@s0,sst2@s0,mnli@s0,encoder.layer.1.attention.self.query,768,0.01163640096,79.00331517,0,0.01163640096,79.00331517
sst2@s0__mnli@s0,sst2@s0,mnli@s0,encoder.layer.1.attention.self.value,768,0.02842481971,68.39633932,0,0.02842481971,68.39633932
sst2@s0__mnli@s0,sst2@s0,mnli@s0,encoder.layer.1.intermediate.dense,3072,0.002347296263,85.04413038,0,0.002347296263,85.04413038
sst2@s0__mnli@s0,sst2@s0,mnli@s0,encoder.layer.1.output.dense,768,0.01055407803,79.01783972,0,0.01055407803,79.01783972
sst2@s0__mnli@s0,sst2@s0,mnli@s0,encoder.layer.10.attention.output.dense,768,0.01808342107,76.61459763,0,0.01808342107,76.61459763
sst2@s0__mnli@s0,sst2@s0,mnli@s0,encoder.layer.10.attention.self.key,768,0.01698128256,75.75177682,0,0.01698128256,75.75177682
sst2@s0__mnli@s0,sst2@s0,mnli@s0,encoder.layer.10.attention.self.query,768,0.01728683592,77.07563771,0,0.01728683592,77.07563771
sst2@s0__mnli@s0,sst2@s0,mnli@s0,encoder.layer.10.attention.self.value,768,0.01661494183,75.92293171,0,0.01661494183,75.92293171
sst2@s0__mnli@s0,sst2@s0,mnli@s0,encoder.layer.10.intermediate.dense,3072,0.003446769343,83.40920483,0,0.003446769343,83.40920483
sst2@s0__mnli@s0,sst2@s0,mnli@s0,encoder.layer.10.output.dense,768,0.01315854669,78.47738131,0,0.01315854669,78.47738131
sst2@s0__mnli@s0,sst2@s0,mnli@s0,encoder.layer.11.attention.output.dense,768,0.01499789647,76.69865578,0,0.01499789647,76.69865578
sst2@s0__mnli@s0,sst2@s0,mnli@s0,encoder.layer.11.attention.self.key,768,0.01521365532,77.93887784,0,0.01521365532,77.93887784
sst2@s0__mnli@s0,sst2@s0,mnli@s0,encoder.layer.11.attention.self.query,768,0.02199233947,75.34348574,0,0.02199233947,75.34348574
sst2@s0__mnli@s0,sst2@s0,mnli@s0,encoder.layer.11.attention.self.value,768,0.02955842263,71.09362743,0,0.02955842263,71.09362743
sst2@s0__mnli@s0,sst2@s0,mnli@s0,encoder.layer.11.intermediate.dense,3072,0.009220028182,75.84655556,0,0.009220028182,75.84655556
sst2@s0__mnli@s0,sst2@s0,mnli@s0,encoder.layer.11.output.dense,768,0.02111444799,71.41536665,0,0.02111444799,71.41536665
sst2@s0__mnli@s0,sst2@s0,mnli@s0,encoder.layer.2.attention.output.dense,768,0.01642824149,77.21643596,0,0.01642824149,77.21643596
sst2@s0__mnli@s0,sst2@s0,mnli@s0,encoder.layer.2.attention.self.key,768,0.01154052359,80.06282619,0,0.01154052359,80.06282619
sst2@s0__mnli@s0,sst2@s0,mnli@s0,encoder.layer.2.attention.self.query,768,0.01390138822,77.73077306,0,0.01390138822,77.73077306
sst2@s0__mnli@s0,sst2@s0,mnli@s0,encoder.layer.2.attention.self.value,768,0.01247739274,77.82374733,0,0.01247739274,77.82374733
sst2@s0__mnli@s0,sst2@s0,mnli@s0,encoder.layer.2.intermediate.dense,3072,0.002874078483,85.04634118,0,0.002874078483,85.04634118
sst2@s0__mnli@s0,sst2@s0,mnli@s0,encoder.layer.2.output.dense,768,0.01067906657,79.14513903,0,0.01067906657,79.14513903
sst2@s0__mnli@s0,sst2@s0,mnli@s0,encoder.layer.3.attention.output.dense,768,0.01137595529,79.10531443,0,0.01137595529,79.10531443
sst2@s0__mnli@s0,sst2@s0,mnli@s0,encoder.layer.3.attention.self.key,768,0.01749500779,76.77527573,0,0.01749500779,76.77527573
sst2@s0__mnli@s0,sst2@s0,mnli@s0,encoder.layer.3.attention.self.query,768,0.01244738302,79.0913725,0,0.01244738302,79.0913725
sst2@s0__mnli@s0,sst2@s0,mnli@s0,encoder.layer.3.attention.self.value,768,0.0123492352,79.68092623,0,0.0123492352,79.68092623
sst2@s0__mnli@s0,sst2@s0,mnli@s0,encoder.layer.3.intermediate.dense,3072,0.003254101058,83.14563922,0,0.003254101058,83.14563922
sst2@s0__mnli@s0,sst2@s0,mnli@s0,encoder.layer.3.output.dense,768,0.01395301056,78.85126323,0,0.01395301056,78.85126323
sst2@s0__mnli@s0,sst2@s0,mnli@s0,encoder.layer.4.attention.output.dense,768,0.0197355064,76.21409023,0,0.0197355064,76.21409023
sst2@s0__mnli@s0,sst2@s0,mnli@s0,encoder.layer.4.attention.self.key,768,0.009242907817,79.91251408,0,0.009242907817,79.91251408
sst2@s0__mnli@s0,sst2@s0,mnli@s0,encoder.layer.4.attention.self.query,768,0.0125077207,79.63135761,0,0.0125077207,79.63135761
sst2@s0__mnli@s0,sst2@s0,mnli@s0,encoder.layer.4.attention.self.value,768,0.009780274608,79.05421235,0,0.009780274608,79.05421235
sst2@s0__mnli@s0,sst2@s0,mnli@s0,encoder.layer.4.intermediate.dense,3072,0.004336083136,82.42990167,0,0.004336083136,82.42990167
sst2@s0__mnli@s0,sst2@s0,mnli@s0,encoder.layer.4.output.dense,768,0.01195628626,78.90338223,0,0.01195628626,78.90338223
sst2@s0__mnli@s0,sst2@s0,mnli@s0,encoder.layer.5.attention.output.dense,768,0.01305971025,78.70387913,0,0.01305971025,78.70387913
sst2@s0__mnli@s0,sst2@s0,mnli@s0,encoder.layer.5.attention.self.key,768,0.01360765055,77.79319956,0,0.01360765055,77.79319956
sst2@s0__mnli@s0,sst2@s0,mnli@s0,encoder.layer.5.attention.self.query,768,0.01088872009,79.75781262,0,0.01088872009,79.75781262
sst2@s0__mnli@s0,sst2@s0,mnli@s0,encoder.layer.5.attention.self.value,768,0.01381143726,77.94703656,0,0.01381143726,77.94703656
sst2@s0__mnli@s0,sst2@s0,mnli@s0,encoder.layer.5.intermediate.dense,3072,0.003764384553,83.24302477,0,0.003764384553,83.24302477
sst2@s0__mnli@s0,sst2@s0,mnli@s0,encoder.layer.5.output.dense,768,0.01119141042,79.20624973,0,0.01119141042,79.20624973
sst2@s0__mnli@s0,sst2@s0,mnli@s0,encoder.layer.6.attention.output.dense,768,0.02050725349,74.13271459,0,0.02050725349,74.13271459
sst2@s0__mnli@s0,sst2@s0,mnli@s0,encoder.layer.6.attention.self.key,768,0.01161037209,78.14673035,0,0.01161037209,78.14673035
sst2@s0__mnli@s0,sst2@s0,mnli@s0,encoder.layer.6.attention.self.query,768,0.01428553444,78.59341632,0,0.01428553444,78.59341632
sst2@s0__mnli@s0,sst2@s0,mnli@s0,encoder.layer.6.attention.self.value,768,0.01481855653,77.94096015,0,0.01481855653,77.94096015
sst2@s0__mnli@s0,sst2@s0,mnli@s0,encoder.layer.6.intermediate.dense,3072,0.003294110415,83.96966758,0,0.003294110415,83.96966758
sst2@s0__mnli@s0,sst2@s0,mnli@s0,encoder.layer.6.output.dense,768,0.01905701661,76.10606734,0,0.01905701661,76.10606734
sst2@s0__mnli@s0,sst2@s0,mnli@s0,encoder.layer.7.attention.output.dense,768,0.01611454966,76.98323156,0,0.01611454966,76.98323156
sst2@s0__mnli@s0,sst2@s0,mnli@s0,encoder.layer.7.attention.self.key,768,0.01948816637,76.5080819,0,0.01948816637,76.5080819
sst2@s0__mnli@s0,sst2@s0,mnli@s0,encoder.layer.7.attention.self.query,768,0.01346241048,77.79806163,0,0.01346241048,77.79806163
sst2@s0__mnli@s0,sst2@s0,mnli@s0,encoder.layer.7.attention.self.value,768,0.009435159141,80.40916886,0,0.009435159141,80.40916886
sst2@s0__mnli@s0,sst2@s0,mnli@s0,encoder.layer.7.intermediate.dense,3072,0.003269681608,83.42534428,0,0.003269681608,83.42534428
sst2@s0__mnli@s0,sst2@s0,mnli@s0,encoder.layer.7.output.dense,768,0.01356019596,78.5249054,0,0.01356019596,78.5249054
sst2@s0__mnli@s0,sst2@s0,mnli@s0,encoder.layer.8.attention.output.dense,768,0.01660160094,77.75517743,0,0.01660160094,77.75517743
sst2@s0__mnli@s0,sst2@s0,mnli@s0,encoder.layer.8.attention.self.key,768,0.01535547811,78.50611038,0,0.01535547811,78.50611038
sst2@s0__mnli@s0,sst2@s0,mnli@s0,encoder.layer.8.attention.self.query,768,0.02465254499,75.76320624,0,0.02465254499,75.76320624
sst2@s0__mnli@s0,sst2@s0,mnli@s0,encoder.layer.8.attention.self.value,768,0.008767111024,80.85489075,0,0.008767111024,80.85489075
sst2@s0__mnli@s0,sst2@s0,mnli@s0,encoder.layer.8.intermediate.dense,3072,0.002317425913,84.877718,0,0.002317425913,84.877718
sst2@s0__mnli@s0,sst2@s0,mnli@s0,encoder.layer.8.output.dense,768,0.01421158284,78.40712112,0,0.01421158284,78.40712112
sst2@s0__mnli@s0,sst2@s0,mnli@s0,encoder.layer.9.attention.output.dense,768,0.0135274972,78.86444377,0,0.0135274972,78.86444377
sst2@s0__mnli@s0,sst2@s0,mnli@s0,encoder.layer.9.attention.self.key,768,0.01270243153,78.10527965,0,0.01270243153,78.10527965
sst2@s0__mnli@s0,sst2@s0,mnli@s0,encoder.layer.9.attention.self.query,768,0.01579750712,76.76108798,0,0.01579750712,76.76108798
sst2@s0__mnli@s0,sst2@s0,mnli@s0,encoder.layer.9.attention.self.value,768,0.01729444623,77.18935802,0,0.01729444623,77.18935802
sst2@s0__mnli@s0,sst2@s0,mnli@s0,encoder.layer.9.intermediate.dense,3072,0.004484519091,82.76111507,0,0.004484519091,82.76111507
sst2@s0__mnli@s0,sst2@s0,mnli@s0,encoder.layer.9.output.dense,768,0.01283350252,79.76671042,0,0.01283350252,79.76671042
sst2@s0__mnli@s0,sst2@s0,mnli@s0,pooler.dense,768,0.05461683521,64.58661641,0,0.05461683521,64.58661641
sst2@s0__qnli@s0,sst2@s0,qnli@s0,encoder.layer.0.attention.output.dense,768,0.01213589994,80.10110468,0,0.01213589994,80.10110468
sst2@s0__qnli@s0,sst2@s0,qnli@s0,encoder.layer.0.attention.self.key,768,0.02238730534,74.92549224,0,0.02238730534,74.92549224
sst2@s0__qnli@s0,sst2@s0,qnli@s0,encoder.layer.0.attention.self.query,768,0.02446407101,72.84181391,0,0.02446407101,72.84181391
sst2@s0__qnli@s0,sst2@s0,qnli@s0,encoder.layer.0.attention.self.value,768,0.01562012775,78.2123106,0,0.01562012775,78.2123106
sst2@s0__qnli@s0,sst2@s0,qnli@s0,encoder.layer.0.intermediate.dense,3072,0.003459385521,84.01972198,0,0.003459385521,84.01972198
sst2@s0__qnli@s0,sst2@s0,qnli@s0,encoder.layer.0.output.dense,768,0.01318332465,78.38694027,0,0.01318332465,78.38694027
sst2@s0__qnli@s0,sst2@s0,qnli@s0,encoder.layer.1.attention.output.dense,768,0.00951240834,79.94533938,0,0.00951240834,79.94533938
sst2@s0__qnli@s0,sst2@s0,qnli@s0,encoder.layer.1.attention.self.key,768,0.01613238377,76.93389952,0,0.01613238377,76.93389952
sst2@s0__qnli@s0,sst2@s0,qnli@s0,encoder.layer.1.attention.self.query,768,0.02028591711,74.86207705,0,0.02028591711,74.86207705
sst2@s0__qnli@s0,sst2@s0,qnli@s0,encoder.layer.1.attention.self.value,768,0.01530444021,75.35711995,0,0.01530444021,75.35711995
sst2@s0__qnli@s0,sst2@s0,qnli@s0,encoder.layer.1.intermediate.dense,3072,0.002404273221,84.56682112,0,0.002404273221,84.56682112
sst2@s0__qnli@s0,sst2@s0,qnli@s0,encoder.layer.1.output.dense,768,0.01705127897,77.14053146,0,0.01705127897,77.14053146
sst2@s0__qnli@s0,sst2@s0,qnli@s0,encoder.layer.10.attention.output.dense,768,0.01685920513,76.15445341,0,0.01685920513,76.15445341
sst2@s0__qnli@s0,sst2@s0,qnli@s0,encoder.layer.10.attention.self.key,768,0.01803847782,76.26573139,0,0.01803847782,76.26573139
sst2@s0__qnli@s0,sst2@s0,qnli@s0,encoder.layer.10.attention.self.query,768,0.02145588574,74.51897354,0,0.02145588574,74.51897354
sst2@s0__qnli@s0,sst2@s0,qnli@s0,encoder.layer.10.attention.self.value,768,0.01306879404,77.20605465,0,0.01306879404,77.20605465
sst2@s0__qnli@s0,sst2@s0,qnli@s0,encoder.layer.10.intermediate.dense,3072,0.003794416129,84.3340476,0,0.003794416129,84.3340476
sst2@s0__qnli@s0,sst2@s0,qnli@s0,encoder.layer.10.output.dense,768,0.01661338662,77.00856504,0,0.01661338662,77.00856504
sst2@s0__qnli@s0,sst2@s0,qnli@s0,encoder.layer.11.attention.output.dense,768,0.03645729117,65.34901551,0,0.03645729117,65.34901551
sst2@s0__qnli@s0,sst2@s0,qnli@s0,encoder.layer.11.attention.self.key,768,0.01301930383,79.03947731,0,0.01301930383,79.03947731
sst2@s0__qnli@s0,sst2@s0,qnli@s0,encoder.layer.11.attention.self.query,768,0.01401114954,78.27927321,0,0.01401114954,78.27927321
sst2@s0__qnli@s0,sst2@s0,qnli@s0,encoder.layer.11.attention.self.value,768,0.02055012392,73.3774115,0,0.02055012392,73.3774115
sst2@s0__qnli@s0,sst2@s0,qnli@s0,encoder.layer.11.intermediate.dense,3072,0.01205520956,74.36684322,0,0.01205520956,74.36684322
sst2@s0__qnli@s0,sst2@s0,qnli@s0,encoder.layer.11.output.dense,768,0.03870333678,66.86590795,0,0.03870333678,66.86590795
sst2@s0__qnli@s0,sst2@s0,qnli@s0,encoder.layer.2.attention.output.dense,768,0.0111450543,77.97925462,0,0.0111450543,77.97925462
sst2@s0__qnli@s0,sst2@s0,qnli@s0,encoder.layer.2.attention.self.key,768,0.01225894654,80.240843,0,0.01225894654,80.240843
sst2@s0__qnli@s0,sst2@s0,qnli@s0,encoder.layer.2.attention.self.query,768,0.01392400201,76.86144614,0,0.01392400201,76.86144614
sst2@s0__qnli@s0,sst2@s0,qnli@s0,encoder.layer.2.attention.self.value,768,0.01463318563,78.33111481,0,0.01463318563,78.33111481
sst2@s0__qnli@s0,sst2@s0,qnli@s0,encoder.layer.2.intermediate.dense,3072,0.003386321457,84.42452823,0,0.003386321457,84.42452823
sst2@s0__qnli@s0,sst2@s0,qnli@s0,encoder.layer.2.output.dense,768,0.01436402328,78.32469959,0,0.01436402328,78.32469959
sst2@s0__qnli@s0,sst2@s0,qnli@s0,encoder.layer.3.attention.output.dense,768,0.009885161888,80.587949,0,0.009885161888,80.587949
sst2@s0__qnli@s0,sst2@s0,qnli@s0,encoder.layer.3.attention.self.key,768,0.0156571083,76.86634389,0,0.0156571083,76.86634389
sst2@s0__qnli@s0,sst2@s0,qnli@s0,encoder.layer.3.attention.self.query,768,0.02124853129,74.44936306,0,0.02124853129,74.44936306
sst2@s0__qnli@s0,sst2@s0,qnli@s0,encoder.layer.3.attention.self.value,768,0.01207471851,78.34353668,0,0.01207471851,78.34353668
sst2@s0__qnli@s0,sst2@s0,qnli@s0,encoder.layer.3.intermediate.dense,3072,0.002979546299,84.76222465,0,0.002979546299,84.76222465
sst2@s0__qnli@s0,sst2@s0,qnli@s0,encoder.layer.3.output.dense,768,0.01269362661,78.34129071,0,0.01269362661,78.34129071
sst2@s0__qnli@s0,sst2@s0,qnli@s0,encoder.layer.4.attention.output.dense,768,0.01460583795,77.43553816,0,0.01460583795,77.43553816
sst2@s0__qnli@s0,sst2@s0,qnli@s0,encoder.layer.4.attention.self.key,768,0.0164759593,78.42679268,0,0.0164759593,78.42679268
sst2@s0__qnli@s0,sst2@s0,qnli@s0,encoder.layer.4.attention.self.query,768,0.01616436115,77.72296028,0,0.01616436115,77.72296028
sst2@s0__qnli@s0,sst2@s0,qnli@s0,encoder.layer.4.attention.self.value,768,0.01595371872,78.85308321,0,0.01595371872,78.85308321
sst2@s0__qnli@s0,sst2@s0,qnli@s0,encoder.layer.4.intermediate.dense,3072,0.002441499105,84.87309735,0,0.002441499105,84.87309735
sst2@s0__qnli@s0,sst2@s0,qnli@s0,encoder.layer.4.output.dense,768,0.01769275217,75.73793343,0,0.01769275217,75.73793343
sst2@s0__qnli@s0,sst2@s0,qnli@s0,encoder.layer.5.attention.output.dense,768,0.01363489823,77.73626413,0,0.01363489823,77.73626413
sst2@s0__qnli@s0,sst2@s0,qnli@s0,encoder.layer.5.attention.self.key,768,0.0175049396,77.30908628,0,0.0175049396,77.30908628
sst2@s0__qnli@s0,sst2@s0,qnli@s0,encoder.layer.5.attention.self.query,768,0.0184917515,76.32144446,0,0.0184917515,76.32144446
sst2@s0__qnli@s0,sst2@s0,qnli@s0,encoder.layer.5.attention.self.value,768,0.01465920987,77.60584102,0,0.01465920987,77.60584102
sst2@s0__qnli@s0,sst2@s0,qnli@s0,encoder.layer.5.intermediate.dense,3072,0.003370473205,84.11488334,0,0.003370473205,84.11488334
sst2@s0__qnli@s0,sst2@s0,qnli@s0,encoder.layer.5.output.dense,768,0.01199864722,79.78954033,0,0.01199864722,79.78954033
sst2@s0__qnli@s0,sst2@s0,qnli@s0,encoder.layer.6.attention.output.dense,768,0.01717873382,74.51089818,0,0.01717873382,74.51089818
sst2@s0__qnli@s0,sst2@s0,qnli@s0,encoder.layer.6.attention.self.key,768,0.0185879546,77.10284204,0,0.0185879546,77.10284204
sst2@s0__qnli@s0,sst2@s0,qnli@s0,encoder.layer.6.attention.self.query,768,0.01288950872,78.97645047,0,0.01288950872,78.97645047
sst2@s0__qnli@s0,sst2@s0,qnli@s0,encoder.layer.6.attention.self.value,768,0.01614548222,76.80093222,0,0.01614548222,76.80093222
sst2@s0__qnli@s0,sst2@s0,qnli@s0,encoder.layer.6.intermediate.dense,3072,0.003098340198,84.70229991,0,0.003098340198,84.70229991
sst2@s0__qnli@s0,sst2@s0,qnli@s0,encoder.layer.6.output.dense,768,0.01553695617,76.98946795,0,0.01553695617,76.98946795
sst2@s0__qnli@s0,sst2@s0,qnli@s0,encoder.layer.7.attention.output.dense,768,0.01449361552,77.80962008,0,0.01449361552,77.80962008
sst2@s0__qnli@s0,sst2@s0,qnli@s0,encoder.layer.7.attention.self.key,768,0.01299208884,78.807922,0,0.01299208884,78.807922
sst2@s0__qnli@s0,sst2@s0,qnli@s0,encoder.layer.7.attention.self.query,768,0.01932366784,76.62534668,0,0.01932366784,76.62534668
sst2@s0__qnli@s0,sst2@s0,qnli@s0,encoder.layer.7.attention.self.value,768,0.01123415954,80.09954627,0,0.01123415954,80.09954627
sst2@s0__qnli@s0,sst2@s0,qnli@s0,encoder.layer.7.intermediate.dense,3072,0.002880076216,84.58119199,0,0.002880076216,84.58119199
sst2@s0__qnli@s0,sst2@s0,qnli@s0,encoder.layer.7.output.dense,768,0.02140269953,76.36737208,0,0.02140269953,76.36737208
sst2@s0__qnli@s0,sst2@s0,qnli@s0,encoder.layer.8.attention.output.dense,768,0.01253050474,78.98929953,0,0.01253050474,78.98929953
sst2@s0__qnli@s0,sst2@s0,qnli@s0,encoder.layer.8.attention.self.key,768,0.01772827069,74.49806377,0,0.01772827069,74.49806377
sst2@s0__qnli@s0,sst2@s0,qnli@s0,encoder.layer.8.attention.self.query,768,0.01518440756,77.5692348,0,0.01518440756,77.5692348
sst2@s0__qnli@s0,sst2@s0,qnli@s0,encoder.layer.8.attention.self.value,768,0.012186465,78.4243923,0,0.012186465,78.4243923
sst2@s0__qnli@s0,sst2@s0,qnli@s0,encoder.layer.8.intermediate.dense,3072,0.002414364108,85.67378116,0,0.002414364108,85.67378116
sst2@s0__qnli@s0,sst2@s0,qnli@s0,encoder.layer.8.output.dense,768,0.01471118453,78.21971921,0,0.01471118453,78.21971921
sst2@s0__qnli@s0,sst2@s0,qnli@s0,encoder.layer.9.attention.output.dense,768,0.01582544618,78.69042142,0,0.01582544618,78.69042142
sst2@s0__qnli@s0,sst2@s0,qnli@s0,encoder.layer.9.attention.self.key,768,0.0150573296,78.17465281,0,0.0150573296,78.17465281
sst2@s0__qnli@s0,sst2@s0,qnli@s0,encoder.layer.9.attention.self.query,768,0.01724748349,77.62856624,0,0.01724748349,77.62856624
sst2@s0__qnli@s0,sst2@s0,qnli@s0,encoder.layer.9.attention.self.value,768,0.01515257786,78.36158858,0,0.01515257786,78.36158858
sst2@s0__qnli@s0,sst2@s0,qnli@s0,encoder.layer.9.intermediate.dense,3072,0.003814302889,82.85641028,0,0.003814302889,82.85641028
sst2@s0__qnli@s0,sst2@s0,qnli@s0,encoder.layer.9.output.dense,768,0.01313730537,78.78323064,0,0.01313730537,78.78323064
sst2@s0__qnli@s0,sst2@s0,qnli@s0,pooler.dense,768,0.06002305738,60.56692695,0,0.06002305738,60.56692695
sst2@s0__rte@s0,sst2@s0,rte@s0,encoder.layer.0.attention.output.dense,768,0.01148067016,80.15799389,0,0.01148067016,80.15799389
sst2@s0__rte@s0,sst2@s0,rte@s0,encoder.layer.0.attention.self.key,768,0.01394519675,76.85461862,0,0.01394519675,76.85461862
sst2@s0__rte@s0,sst2@s0,rte@s0,encoder.layer.0.attention.self.query,768,0.01898622096,76.64139519,0,0.01898622096,76.64139519
sst2@s0__rte@s0,sst2@s0,rte@s0,encoder.layer.0.attention.self.value,768,0.01804089759,77.60913838,0,0.01804089759,77.60913838
sst2@s0__rte@s0,sst2@s0,rte@s0,encoder.layer.0.intermediate.dense,3072,0.002308745164,84.72918394,0,0.002308745164,84.72918394
sst2@s0__rte@s0,sst2@s0,rte@s0,encoder.layer.0.output.dense,768,0.01489570532,78.5772346,0,0.01489570532,78.5772346
sst2@s0__rte@s0,sst2@s0,rte@s0,encoder.layer.1.attention.output.dense,768,0.01105995017,78.21907752,0,0.01105995017,78.21907752
sst2@s0__rte@s0,sst2@s0,rte@s0,encoder.layer.1.attention.self.key,768,0.02021335112,75.63850241,0,0.02021335112,75.63850241
sst2@s0__rte@s0,sst2@s0,rte@s0,encoder.layer.1.attention.self.query,768,0.01660875226,77.54701928,0,0.01660875226,77.54701928
sst2@s0__rte@s0,sst2@s0,rte@s0,encoder.layer.1.attention.self.value,768,0.01345219599,78.1532551,0,0.01345219599,78.1532551
sst2@s0__rte@s0,sst2@s0,rte@s0,encoder.layer.1.intermediate.dense,3072,0.001864092652,85.39273965,0,0.001864092652,85.39273965
sst2@s0__rte@s0,sst2@s0,rte@s0,encoder.layer.1.output.dense,768,0.01090941233,80.75800277,0,0.01090941233,80.75800277
sst2@s0__rte@s0,sst2@s0,rte@s0,encoder.layer.10.attention.output.dense,768,0.02363110259,73.11427406,0,0.02363110259,73.11427406
sst2@s0__rte@s0,sst2@s0,rte@s0,encoder.layer.10.attention.self.key,768,0.01616149429,77.47111473,0,0.01616149429,77.47111473
sst2@s0__rte@s0,sst2@s0,rte@s0,encoder.layer.10.attention.self.query,768,0.01198699766,78.88465684,0,0.01198699766,78.88465684
sst2@s0__rte@s0,sst2@s0,rte@s0,encoder.layer.10.attention.self.value,768,0.01833404102,76.12424661,0,0.01833404102,76.12424661
sst2@s0__rte@s0,sst2@s0,rte@s0,encoder.layer.10.intermediate.dense,3072,0.003151988109,83.97772579,0,0.003151988109,83.97772579
sst2@s0__rte@s0,sst2@s0,rte@s0,encoder.layer.10.output.dense,768,0.02507011799,75.16535802,0,0.02507011799,75.16535802
sst2@s0__rte@s0,sst2@s0,rte@s0,encoder.layer.11.attention.output.dense,768,0.05718065153,62.75800035,0,0.05718065153,62.75800035
sst2@s0__rte@s0,sst2@s0,rte@s0,encoder.layer.11.attention.self.key,768,0.01905110801,77.18882001,0,0.01905110801,77.18882001
sst2@s0__rte@s0,sst2@s0,rte@s0,encoder.layer.11.attention.self.query,768,0.01676340894,75.23116262,0,0.01676340894,75.23116262
sst2@s0__rte@s0,sst2@s0,rte@s0,encoder.layer.11.attention.self.value,768,0.02140853543,74.4326751,0,0.02140853543,74.4326751
sst2@s0__rte@s0,sst2@s0,rte@s0,encoder.layer.11.intermediate.dense,3072,0.008773111671,78.36349452,0,0.008773111671,78.36349452
sst2@s0__rte@s0,sst2@s0,rte@s0,encoder.layer.11.output.dense,768,0.04887776115,65.03111463,0,0.04887776115,65.03111463
sst2@s0__rte@s0,sst2@s0,rte@s0,encoder.layer.2.attention.output.dense,768,0.009744043142,81.17431432,0,0.009744043142,81.17431432
sst2@s0__rte@s0,sst2@s0,rte@s0,encoder.layer.2.attention.self.key,768,0.01384079605,77.57340371,0,0.01384079605,77.57340371
sst2@s0__rte@s0,sst2@s0,rte@s0,encoder.layer.2.attention.self.query,768,0.02148155754,77.01371578,0,0.02148155754,77.01371578
sst2@s0__rte@s0,sst2@s0,rte@s0,encoder.layer.2.attention.self.value,768,0.01793092063,75.49473158,0,0.01793092063,75.49473158
sst2@s0__rte@s0,sst2@s0,rte@s0,encoder.layer.2.intermediate.dense,3072,0.002652051609,84.55396588,0,0.002652051609,84.55396588
sst2@s0__rte@s0,sst2@s0,rte@s0,encoder.layer.2.output.dense,768,0.01393600484,78.38444206,0,0.01393600484,78.38444206
sst2@s0__rte@s0,sst2@s0,rte@s0,encoder.layer.3.attention.output.dense,768,0.008261181071,81.01368153,0,0.008261181071,81.01368153
sst2@s0__rte@s0,sst2@s0,rte@s0,encoder.layer.3.attention.self.key,768,0.0175268076,76.12774379,0,0.0175268076,76.12774379
sst2@s0__rte@s0,sst2@s0,rte@s0,encoder.layer.3.attention.self.query,768,0.02112424156,74.14646104,0,0.02112424156,74.14646104
sst2@s0__rte@s0,sst2@s0,rte@s0,encoder.layer.3.attention.self.value,768,0.01780664454,77.51396134,0,0.01780664454,77.51396134
sst2@s0__rte@s0,sst2@s0,rte@s0,encoder.layer.3.intermediate.dense,3072,0.002439291267,84.82732368,0,0.002439291267,84.82732368
sst2@s0__rte@s0,sst2@s0,rte@s0,encoder.layer.3.output.dense,768,0.01942710436,78.23973428,0,0.01942710436,78.23973428
sst2@s0__rte@s0,sst2@s0,rte@s0,encoder.layer.4.attention.output.dense,768,0.01528693053,76.94432742,0,0.01528693053,76.94432742
sst2@s0__rte@s0,sst2@s0,rte@s0,encoder.layer.4.attention.self.key,768,0.01599577408,78.03815249,0,0.01599577408,78.03815249
sst2@s0__rte@s0,sst2@s0,rte@s0,encoder.layer.4.attention.self.query,768,0.01784904672,76.82700846,0,0.01784904672,76.82700846
sst2@s0__rte@s0,sst2@s0,rte@s0,encoder.layer.4.attention.self.value,768,0.01256542272,79.41160703,0,0.01256542272,79.41160703
sst2@s0__rte@s0,sst2@s0,rte@s0,encoder.layer.4.intermediate.dense,3072,0.002803932486,84.60704634,0,0.002803932486,84.60704634
sst2@s0__rte@s0,sst2@s0,rte@s0,encoder.layer.4.output.dense,768,0.02073932737,75.34397126,0,0.02073932737,75.34397126
sst2@s0__rte@s0,sst2@s0,rte@s0,encoder.layer.5.attention.output.dense,768,0.01138491636,79.58973494,0,0.01138491636,79.58973494
sst2@s0__rte@s0,sst2@s0,rte@s0,encoder.layer.5.attention.self.key,768,0.01130369018,78.65397506,0,0.01130369018,78.65397506
sst2@s0__rte@s0,sst2@s0,rte@s0,encoder.layer.5.attention.self.query,768,0.01688340942,77.59829628,0,0.01688340942,77.59829628
sst2@s0__rte@s0,sst2@s0,rte@s0,encoder.layer.5.attention.self.value,768,0.01144303347,78.64502247,0,0.01144303347,78.64502247
sst2@s0__rte@s0,sst2@s0,rte@s0,encoder.layer.5.intermediate.dense,3072,0.003071868422,83.70324114,0,0.003071868422,83.70324114
sst2@s0__rte@s0,sst2@s0,rte@s0,encoder.layer.5.output.dense,768,0.01418567584,78.13298608,0,0.01418567584,78.13298608
sst2@s0__rte@s0,sst2@s0,rte@s0,encoder.layer.6.attention.output.dense,768,0.01664991976,76.33477648,0,0.01664991976,76.33477648
sst2@s0__rte@s0,sst2@s0,rte@s0,encoder.layer.6.attention.self.key,768,0.016005748,76.67422054,0,0.016005748,76.67422054
sst2@s0__rte@s0,sst2@s0,rte@s0,encoder.layer.6.attention.self.query,768,0.01213401604,78.98948193,0,0.01213401604,78.98948193
sst2@s0__rte@s0,sst2@s0,rte@s0,encoder.layer.6.attention.self.value,768,0.01289934932,78.79239477,0,0.01289934932,78.79239477
sst2@s0__rte@s0,sst2@s0,rte@s0,encoder.layer.6.intermediate.dense,3072,0.003089157334,84.27458655,0,0.003089157334,84.27458655
sst2@s0__rte@s0,sst2@s0,rte@s0,encoder.layer.6.output.dense,768,0.01434341555,77.94177008,0,0.01434341555,77.94177008
sst2@s0__rte@s0,sst2@s0,rte@s0,encoder.layer.7.attention.output.dense,768,0.01924796213,77.88018544,0,0.01924796213,77.88018544
sst2@s0__rte@s0,sst2@s0,rte@s0,encoder.layer.7.attention.self.key,768,0.02004548004,77.01886724,0,0.02004548004,77.01886724
sst2@s0__rte@s0,sst2@s0,rte@s0,encoder.layer.7.attention.self.query,768,0.01679674631,75.60106883,0,0.01679674631,75.60106883
sst2@s0__rte@s0,sst2@s0,rte@s0,encoder.layer.7.attention.self.value,768,0.007841211677,81.2537899,0,0.007841211677,81.2537899
sst2@s0__rte@s0,sst2@s0,rte@s0,encoder.layer.7.intermediate.dense,3072,0.002599466724,84.76092544,0,0.002599466724,84.76092544
sst2@s0__rte@s0,sst2@s0,rte@s0,encoder.layer.7.output.dense,768,0.01751443032,77.31324194,0,0.01751443032,77.31324194
sst2@s0__rte@s0,sst2@s0,rte@s0,encoder.layer.8.attention.output.dense,768,0.0211516592,74.01573468,0,0.0211516592,74.01573468
sst2@s0__rte@s0,sst2@s0,rte@s0,encoder.layer.8.attention.self.key,768,0.02450785518,73.91290143,0,0.02450785518,73.91290143
sst2@s0__rte@s0,sst2@s0,rte@s0,encoder.layer.8.attention.self.query,768,0.02308741648,74.67512826,0,0.02308741648,74.67512826
sst2@s0__rte@s0,sst2@s0,rte@s0,encoder.layer.8.attention.self.value,768,0.01454271623,78.81204246,0,0.01454271623,78.81204246
sst2@s0__rte@s0,sst2@s0,rte@s0,encoder.layer.8.intermediate.dense,3072,0.003630194294,83.81441786,0,0.003630194294,83.81441786
sst2@s0__rte@s0,sst2@s0,rte@s0,encoder.layer.8.output.dense,768,0.02312010597,73.43645607,0,0.02312010597,73.43645607
sst2@s0__rte@s0,sst2@s0,rte@s0,encoder.layer.9.attention.output.dense,768,0.01422460928,78.01003636,0,0.01422460928,78.01003636
sst2@s0__rte@s0,sst2@s0,rte@s0,encoder.layer.9.attention.self.key,768,0.01905255512,75.55904726,0,0.01905255512,75.55904726
sst2@s0__rte@s0,sst2@s0,rte@s0,encoder.layer.9.attention.self.query,768,0.023565913,74.56389012,0,0.023565913,74.56389012
sst2@s0__rte@s0,sst2@s0,rte@s0,encoder.layer.9.attention.self.value,768,0.01806398075,77.39577583,0,0.01806398075,77.39577583
sst2@s0__rte@s0,sst2@s0,rte@s0,encoder.layer.9.intermediate.dense,3072,0.003037701557,84.37977261,0,0.003037701557,84.37977261
sst2@s0__rte@s0,sst2@s0,rte@s0,encoder.layer.9.output.dense,768,0.01723484707,76.68120219,0,0.01723484707,76.68120219
sst2@s0__rte@s0,sst2@s0,rte@s0,pooler.dense,768,0.05614914986,64.73608509,0,0.05614914986,64.73608509
sst2@s0__wic@s0,sst2@s0,wic@s0,encoder.layer.0.attention.output.dense,768,0.01737873284,77.76376205,0,0.01737873284,77.76376205
sst2@s0__wic@s0,sst2@s0,wic@s0,encoder.layer.0.attention.self.key,768,0.02770055794,73.38216771,0,0.02770055794,73.38216771
sst2@s0__wic@s0,sst2@s0,wic@s0,encoder.layer.0.attention.self.query,768,0.01515711775,78.2439044,0,0.01515711775,78.2439044
sst2@s0__wic@s0,sst2@s0,wic@s0,encoder.layer.0.attention.self.value,768,0.01053285775,79.71607302,0,0.01053285775,79.71607302
sst2@s0__wic@s0,sst2@s0,wic@s0,encoder.layer.0.intermediate.dense,3072,0.003122073375,84.09715131,0,0.003122073375,84.09715131
sst2@s0__wic@s0,sst2@s0,wic@s0,encoder.layer.0.output.dense,768,0.01507012504,76.71640986,0,0.01507012504,76.71640986
sst2@s0__wic@s0,sst2@s0,wic@s0,encoder.layer.1.attention.output.dense,768,0.01467902769,78.50405413,0,0.01467902769,78.50405413
sst2@s0__wic@s0,sst2@s0,wic@s0,encoder.layer.1.attention.self.key,768,0.01175444775,78.77894713,0,0.01175444775,78.77894713
sst2@s0__wic@s0,sst2@s0,wic@s0,encoder.layer.1.attention.self.query,768,0.01692830993,76.09534413,0,0.01692830993,76.09534413
sst2@s0__wic@s0,sst2@s0,wic@s0,encoder.layer.1.attention.self.value,768,0.01740614504,74.84638614,0,0.01740614504,74.84638614
sst2@s0__wic@s0,sst2@s0,wic@s0,encoder.layer.1.intermediate.dense,3072,0.002050747302,85.08196112,0,0.002050747302,85.08196112
sst2@s0__wic@s0,sst2@s0,wic@s0,encoder.layer.1.output.dense,768,0.01550656604,75.94629087,0,0.01550656604,75.94629087
sst2@s0__wic@s0,sst2@s0,wic@s0,encoder.layer.10.attention.output.dense,768,0.02279872244,76.13311216,0,0.02279872244,76.13311216
sst2@s0__wic@s0,sst2@s0,wic@s0,encoder.layer.10.attention.self.key,768,0.01385460159,77.46956389,0,0.01385460159,77.46956389
sst2@s0__wic@s0,sst2@s0,wic@s0,encoder.layer.10.attention.self.query,768,0.01518379244,77.70335801,0,0.01518379244,77.70335801
sst2@s0__wic@s0,sst2@s0,wic@s0,encoder.layer.10.attention.self.value,768,0.01368132454,77.11618601,0,0.01368132454,77.11618601
sst2@s0__wic@s0,sst2@s0,wic@s0,encoder.layer.10.intermediate.dense,3072,0.003178394216,84.42133327,0,0.003178394216,84.42133327
sst2@s0__wic@s0,sst2@s0,wic@s0,encoder.layer.10.output.dense,768,0.01775966554,75.78480594,0,0.01775966554,75.78480594
sst2@s0__wic@s0,sst2@s0,wic@s0,encoder.layer.11.attention.output.dense,768,0.05073456562,64.7924908,0,0.05073456562,64.7924908
sst2@s0__wic@s0,sst2@s0,wic@s0,encoder.layer.11.attention.self.key,768,0.01391757266,78.04685251,0,0.01391757266,78.04685251
sst2@s0__wic@s0,sst2@s0,wic@s0,encoder.layer.11.attention.self.query,768,0.01607786061,78.4708489,0,0.01607786061,78.4708489
sst2@s0__wic@s0,sst2@s0,wic@s0,encoder.layer.11.attention.self.value,768,0.02202008127,74.89403867,0,0.02202008127,74.89403867
sst2@s0__wic@s0,sst2@s0,wic@s0,encoder.layer.11.intermediate.dense,3072,0.00565375636,81.13096616,0,0.00565375636,81.13096616
sst2@s0__wic@s0,sst2@s0,wic@s0,encoder.layer.11.output.dense,768,0.05302960481,62.12214253,0,0.05302960481,62.12214253
sst2@s0__wic@s0,sst2@s0,wic@s0,encoder.layer.2.attention.output.dense,768,0.00891405387,80.0696258,0,0.00891405387,80.0696258
sst2@s0__wic@s0,sst2@s0,wic@s0,encoder.layer.2.attention.self.key,768,0.0142828353,76.63637012,0,0.0142828353,76.63637012
sst2@s0__wic@s0,sst2@s0,wic@s0,encoder.layer.2.attention.self.query,768,0.01428915771,77.73275507,0,0.01428915771,77.73275507
sst2@s0__wic@s0,sst2@s0,wic@s0,encoder.layer.2.attention.self.value,768,0.01004103063,79.50355688,0,0.01004103063,79.50355688
sst2@s0__wic@s0,sst2@s0,wic@s0,encoder.layer.2.intermediate.dense,3072,0.002743908474,84.73257045,0,0.002743908474,84.73257045
sst2@s0__wic@s0,sst2@s0,wic@s0,encoder.layer.2.output.dense,768,0.01427186408,77.97229091,0,0.01427186408,77.97229091
sst2@s0__wic@s0,sst2@s0,wic@s0,encoder.layer.3.attention.output.dense,768,0.009085801052,81.57557214,0,0.009085801052,81.57557214
sst2@s0__wic@s0,sst2@s0,wic@s0,encoder.layer.3.attention.self.key,768,0.01782872862,75.03274888,0,0.01782872862,75.03274888
sst2@s0__wic@s0,sst2@s0,wic@s0,encoder.layer.3.attention.self.query,768,0.01582505984,77.09854858,0,0.01582505984,77.09854858
sst2@s0__wic@s0,sst2@s0,wic@s0,encoder.layer.3.attention.self.value,768,0.01311962329,79.93692805,0,0.01311962329,79.93692805
sst2@s0__wic@s0,sst2@s0,wic@s0,encoder.layer.3.intermediate.dense,3072,0.002696502841,85.15747863,0,0.002696502841,85.15747863
sst2@s0__wic@s0,sst2@s0,wic@s0,encoder.layer.3.output.dense,768,0.01475553725,77.1800731,0,0.01475553725,77.1800731
sst2@s0__wic@s0,sst2@s0,wic@s0,encoder.layer.4.attention.output.dense,768,0.009393543494,79.76895664,0,0.009393543494,79.76895664
sst2@s0__wic@s0,sst2@s0,wic@s0,encoder.layer.4.attention.self.key,768,0.01337753178,78.04168261,0,0.01337753178,78.04168261
sst2@s0__wic@s0,sst2@s0,wic@s0,encoder.layer.4.attention.self.query,768,0.01796091868,76.62762717,0,0.01796091868,76.62762717
sst2@s0__wic@s0,sst2@s0,wic@s0,encoder.layer.4.attention.self.value,768,0.0130025031,78.74853902,0,0.0130025031,78.74853902
sst2@s0__wic@s0,sst2@s0,wic@s0,encoder.layer.4.intermediate.dense,3072,0.002946439006,84.61040294,0,0.002946439006,84.61040294
sst2@s0__wic@s0,sst2@s0,wic@s0,encoder.layer.4.output.dense,768,0.01199858205,79.22295044,0,0.01199858205,79.22295044
sst2@s0__wic@s0,sst2@s0,wic@s0,encoder.layer.5.attention.output.dense,768,0.01015301061,79.92910632,0,0.01015301061,79.92910632
sst2@s0__wic@s0,sst2@s0,wic@s0,encoder.layer.5.attention.self.key,768,0.01113817405,80.17424089,0,0.01113817405,80.17424089
sst2@s0__wic@s0,sst2@s0,wic@s0,encoder.layer.5.attention.self.query,768,0.01869516202,76.89905193,0,0.01869516202,76.89905193
sst2@s0__wic@s0,sst2@s0,wic@s0,encoder.layer.5.attention.self.value,768,0.01638185166,76.7592037,0,0.01638185166,76.7592037
sst2@s0__wic@s0,sst2@s0,wic@s0,encoder.layer.5.intermediate.dense,3072,0.0030711822,84.35645779,0,0.0030711822,84.35645779
sst2@s0__wic@s0,sst2@s0,wic@s0,encoder.layer.5.output.dense,768,0.01247199141,78.21448644,0,0.01247199141,78.21448644
sst2@s0__wic@s0,sst2@s0,wic@s0,encoder.layer.6.attention.output.dense,768,0.01104262661,79.36296918,0,0.01104262661,79.36296918
sst2@s0__wic@s0,sst2@s0,wic@s0,encoder.layer.6.attention.self.key,768,0.01378930249,78.00490925,0,0.01378930249,78.00490925
sst2@s0__wic@s0,sst2@s0,wic@s0,encoder.layer.6.attention.self.query,768,0.01120667625,79.54521169,0,0.01120667625,79.54521169
sst2@s0__wic@s0,sst2@s0,wic@s0,encoder.layer.6.attention.self.value,768,0.01387001546,76.69339963,0,0.01387001546,76.69339963
sst2@s0__wic@s0,sst2@s0,wic@s0,encoder.layer.6.intermediate.dense,3072,0.003608545394,84.41841243,0,0.003608545394,84.41841243
sst2@s0__wic@s0,sst2@s0,wic@s0,encoder.layer.6.output.dense,768,0.01982316918,76.37560743,0,0.01982316918,76.37560743
sst2@s0__wic@s0,sst2@s0,wic@s0,encoder.layer.7.attention.output.dense,768,0.01319258527,79.70367177,0,0.01319258527,79.70367177
sst2@s0__wic@s0,sst2@s0,wic@s0,encoder.layer.7.attention.self.key,768,0.01608715095,74.29074794,0,0.01608715095,74.29074794
sst2@s0__wic@s0,sst2@s0,wic@s0,encoder.layer.7.attention.self.query,768,0.012270108,76.51696936,0,0.012270108,76.51696936
sst2@s0__wic@s0,sst2@s0,wic@s0,encoder.layer.7.attention.self.value,768,0.01307423006,78.0137098,0,0.01307423006,78.0137098
sst2@s0__wic@s0,sst2@s0,wic@s0,encoder.layer.7.intermediate.dense,3072,0.002910162036,84.14306054,0,0.002910162036,84.14306054
sst2@s0__wic@s0,sst2@s0,wic@s0,encoder.layer.7.output.dense,768,0.01718756765,78.02053318,0,0.01718756765,78.02053318
sst2@s0__wic@s0,sst2@s0,wic@s0,encoder.layer.8.attention.output.dense,768,0.01340409753,78.2180294,0,0.01340409753,78.2180294
sst2@s0__wic@s0,sst2@s0,wic@s0,encoder.layer.8.attention.self.key,768,0.01783271398,75.77598377,0,0.01783271398,75.77598377
sst2@s0__wic@s0,sst2@s0,wic@s0,encoder.layer.8.attention.self.query,768,0.01959481756,76.97697639,0,0.01959481756,76.97697639
sst2@s0__wic@s0,sst2@s0,wic@s0,encoder.layer.8.attention.self.value,768,0.01062158713,79.09312677,0,0.01062158713,79.09312677
sst2@s0__wic@s0,sst2@s0,wic@s0,encoder.layer.8.intermediate.dense,3072,0.003506435935,84.21253439,0,0.003506435935,84.21253439
sst2@s0__wic@s0,sst2@s0,wic@s0,encoder.layer.8.output.dense,768,0.02114174721,73.04502974,0,0.02114174721,73.04502974
sst2@s0__wic@s0,sst2@s0,wic@s0,encoder.layer.9.attention.output.dense,768,0.01333841879,78.36807577,0,0.01333841879,78.36807577
sst2@s0__wic@s0,sst2@s0,wic@s0,encoder.layer.9.attention.self.key,768,0.01934833913,76.87563252,0,0.01934833913,76.87563252
sst2@s0__wic@s0,sst2@s0,wic@s0,encoder.layer.9.attention.self.query,768,0.0179759471,76.69371238,0,0.0179759471,76.69371238
sst2@s0__wic@s0,sst2@s0,wic@s0,encoder.layer.9.attention.self.value,768,0.01570419276,77.14648976,0,0.01570419276,77.14648976
sst2@s0__wic@s0,sst2@s0,wic@s0,encoder.layer.9.intermediate.dense,3072,0.002604061384,85.22765514,0,0.002604061384,85.22765514
sst2@s0__wic@s0,sst2@s0,wic@s0,encoder.layer.9.output.dense,768,0.01635263986,76.31342565,0,0.01635263986,76.31342565
sst2@s0__wic@s0,sst2@s0,wic@s0,pooler.dense,768,0.04294206254,69.47730523,0,0.04294206254,69.47730523
sst2@s0__snli@s0,sst2@s0,snli@s0,encoder.layer.0.attention.output.dense,768,0.0133687596,78.50285257,0,0.0133687596,78.50285257
sst2@s0__snli@s0,sst2@s0,snli@s0,encoder.layer.0.attention.self.key,768,0.01708868282,74.63528391,0,0.01708868282,74.63528391
sst2@s0__snli@s0,sst2@s0,snli@s0,encoder.layer.0.attention.self.query,768,0.02522304101,74.69411312,0,0.02522304101,74.69411312
sst2@s0__snli@s0,sst2@s0,snli@s0,encoder.layer.0.attention.self.value,768,0.0159566657,77.29116693,0,0.0159566657,77.29116693
sst2@s0__snli@s0,sst2@s0,snli@s0,encoder.layer.0.intermediate.dense,3072,0.003952946262,83.83789709,0,0.003952946262,83.83789709
sst2@s0__snli@s0,sst2@s0,snli@s0,encoder.layer.0.output.dense,768,0.01463413059,76.14945844,0,0.01463413059,76.14945844
sst2@s0__snli@s0,sst2@s0,snli@s0,encoder.layer.1.attention.output.dense,768,0.01161862252,78.75366678,0,0.01161862252,78.75366678
sst2@s0__snli@s0,sst2@s0,snli@s0,encoder.layer.1.attention.self.key,768,0.01324886842,79.55874923,0,0.01324886842,79.55874923
sst2@s0__snli@s0,sst2@s0,snli@s0,encoder.layer.1.attention.self.query,768,0.01413115909,77.78550683,0,0.01413115909,77.78550683
sst2@s0__snli@s0,sst2@s0,snli@s0,encoder.layer.1.attention.self.value,768,0.02729771662,72.75794264,0,0.02729771662,72.75794264
sst2@s0__snli@s0,sst2@s0,snli@s0,encoder.layer.1.intermediate.dense,3072,0.002667155155,84.25839927,0,0.002667155155,84.25839927
sst2@s0__snli@s0,sst2@s0,snli@s0,encoder.layer.1.output.dense,768,0.01212910808,79.09093996,0,0.01212910808,79.09093996
sst2@s0__snli@s0,sst2@s0,snli@s0,encoder.layer.10.attention.output.dense,768,0.0154826738,76.68345091,0,0.0154826738,76.68345091
sst2@s0__snli@s0,sst2@s0,snli@s0,encoder.layer.10.attention.self.key,768,0.01457829875,77.06112905,0,0.01457829875,77.06112905
sst2@s0__snli@s0,sst2@s0,snli@s0,encoder.layer.10.attention.self.query,768,0.01700135992,76.20261802,0,0.01700135992,76.20261802
sst2@s0__snli@s0,sst2@s0,snli@s0,encoder.layer.10.attention.self.value,768,0.01649507577,76.46990706,0,0.01649507577,76.46990706
sst2@s0__snli@s0,sst2@s0,snli@s0,encoder.layer.10.intermediate.dense,3072,0.004682881556,82.29785963,0,0.004682881556,82.29785963
sst2@s0__snli@s0,sst2@s0,snli@s0,encoder.layer.10.output.dense,768,0.02084668712,76.21842683,0,0.02084668712,76.21842683
sst2@s0__snli@s0,sst2@s0,snli@s0,encoder.layer.11.attention.output.dense,768,0.03637714536,66.66483509,0,0.03637714536,66.66483509
sst2@s0__snli@s0,sst2@s0,snli@s0,encoder.layer.11.attention.self.key,768,0.01576478761,76.70113663,0,0.01576478761,76.70113663
sst2@s0__snli@s0,sst2@s0,snli@s0,encoder.layer.11.attention.self.query,768,0.02216358818,74.60441979,0,0.02216358818,74.60441979
sst2@s0__snli@s0,sst2@s0,snli@s0,encoder.layer.11.attention.self.value,768,0.02822752662,71.57528483,0,0.02822752662,71.57528483
sst2@s0__snli@s0,sst2@s0,snli@s0,encoder.layer.11.intermediate.dense,3072,0.008075294895,78.1300414,0,0.008075294895,78.1300414
sst2@s0__snli@s0,sst2@s0,snli@s0,encoder.layer.11.output.dense,768,0.01557439695,77.37282988,0,0.01557439695,77.37282988
sst2@s0__snli@s0,sst2@s0,snli@s0,encoder.layer.2.attention.output.dense,768,0.01411773159,78.2245012,0,0.01411773159,78.2245012
sst2@s0__snli@s0,sst2@s0,snli@s0,encoder.layer.2.attention.self.key,768,0.01598054097,76.24639887,0,0.01598054097,76.24639887
sst2@s0__snli@s0,sst2@s0,snli@s0,encoder.layer.2.attention.self.query,768,0.0170582256,75.17756424,0,0.0170582256,75.17756424
sst2@s0__snli@s0,sst2@s0,snli@s0,encoder.layer.2.attention.self.value,768,0.01146734335,78.89622841,0,0.01146734335,78.89622841
sst2@s0__snli@s0,sst2@s0,snli@s0,encoder.layer.2.intermediate.dense,3072,0.00258087932,85.21490158,0,0.00258087932,85.21490158
sst2@s0__snli@s0,sst2@s0,snli@s0,encoder.layer.2.output.dense,768,0.01138886808,80.15896586,0,0.01138886808,80.15896586
sst2@s0__snli@s0,sst2@s0,snli@s0,encoder.layer.3.attention.output.dense,768,0.01249668372,79.04027345,0,0.01249668372,79.04027345
sst2@s0__snli@s0,sst2@s0,snli@s0,encoder.layer.3.attention.self.key,768,0.0136250826,76.74159279,0,0.0136250826,76.74159279
sst2@s0__snli@s0,sst2@s0,snli@s0,encoder.layer.3.attention.self.query,768,0.01349781674,78.95530707,0,0.01349781674,78.95530707
sst2@s0__snli@s0,sst2@s0,snli@s0,encoder.layer.3.attention.self.value,768,0.01957312291,74.9017076,0,0.01957312291,74.9017076
sst2@s0__snli@s0,sst2@s0,snli@s0,encoder.layer.3.intermediate.dense,3072,0.003097400212,84.50354549,0,0.003097400212,84.50354549
sst2@s0__snli@s0,sst2@s0,snli@s0,encoder.layer.3.output.dense,768,0.01641656324,76.38381026,0,0.01641656324,76.38381026
sst2@s0__snli@s0,sst2@s0,snli@s0,encoder.layer.4.attention.output.dense,768,0.01301190176,80.01061372,0,0.01301190176,80.01061372
sst2@s0__snli@s0,sst2@s0,snli@s0,encoder.layer.4.attention.self.key,768,0.01250739329,78.40464872,0,0.01250739329,78.40464872
sst2@s0__snli@s0,sst2@s0,snli@s0,encoder.layer.4.attention.self.query,768,0.01397434383,77.33859032,0,0.01397434383,77.33859032
sst2@s0__snli@s0,sst2@s0,snli@s0,encoder.layer.4.attention.self.value,768,0.01035351326,80.50299431,0,0.01035351326,80.50299431
sst2@s0__snli@s0,sst2@s0,snli@s0,encoder.layer.4.intermediate.dense,3072,0.003221157216,84.53325605,0,0.003221157216,84.53325605
sst2@s0__snli@s0,sst2@s0,snli@s0,encoder.layer.4.output.dense,768,0.01499059361,76.94751494,0,0.01499059361,76.94751494
sst2@s0__snli@s0,sst2@s0,snli@s0,encoder.layer.5.attention.output.dense,768,0.01419918772,78.07680493,0,0.01419918772,78.07680493
sst2@s0__snli@s0,sst2@s0,snli@s0,encoder.layer.5.attention.self.key,768,0.01388594569,77.57427259,0,0.01388594569,77.57427259
sst2@s0__snli@s0,sst2@s0,snli@s0,encoder.layer.5.attention.self.query,768,0.009074197163,79.72586632,0,0.009074197163,79.72586632
sst2@s0__snli@s0,sst2@s0,snli@s0,encoder.layer.5.attention.self.value,768,0.01400517204,76.5751524,0,0.01400517204,76.5751524
sst2@s0__snli@s0,sst2@s0,snli@s0,encoder.layer.5.intermediate.dense,3072,0.003123116964,84.6031221,0,0.003123116964,84.6031221
sst2@s0__snli@s0,sst2@s0,snli@s0,encoder.layer.5.output.dense,768,0.01653003433,77.44430102,0,0.01653003433,77.44430102
sst2@s0__snli@s0,sst2@s0,snli@s0,encoder.layer.6.attention.output.dense,768,0.01361069264,78.17634519,0,0.01361069264,78.17634519
sst2@s0__snli@s0,sst2@s0,snli@s0,encoder.layer.6.attention.self.key,768,0.01383189723,78.03712595,0,0.01383189723,78.03712595
sst2@s0__snli@s0,sst2@s0,snli@s0,encoder.layer.6.attention.self.query,768,0.01217898489,79.2266016,0,0.01217898489,79.2266016
sst2@s0__snli@s0,sst2@s0,snli@s0,encoder.layer.6.attention.self.value,768,0.01088664931,80.56967775,0,0.01088664931,80.56967775
sst2@s0__snli@s0,sst2@s0,snli@s0,encoder.layer.6.intermediate.dense,3072,0.002933895779,84.25098721,0,0.002933895779,84.25098721
sst2@s0__snli@s0,sst2@s0,snli@s0,encoder.layer.6.output.dense,768,0.01826039997,74.71444279,0,0.01826039997,74.71444279
sst2@s0__snli@s0,sst2@s0,snli@s0,encoder.layer.7.attention.output.dense,768,0.01477427567,77.33825764,0,0.01477427567,77.33825764
sst2@s0__snli@s0,sst2@s0,snli@s0,encoder.layer.7.attention.self.key,768,0.01828310296,75.50972236,0,0.01828310296,75.50972236
sst2@s0__snli@s0,sst2@s0,snli@s0,encoder.layer.7.attention.self.query,768,0.01943144658,76.76583047,0,0.01943144658,76.76583047
sst2@s0__snli@s0,sst2@s0,snli@s0,encoder.layer.7.attention.self.value,768,0.01254157657,77.96714539,0,0.01254157657,77.96714539
sst2@s0__snli@s0,sst2@s0,snli@s0,encoder.layer.7.intermediate.dense,3072,0.003158824403,84.60533169,0,0.003158824403,84.60533169
sst2@s0__snli@s0,sst2@s0,snli@s0,encoder.layer.7.output.dense,768,0.012226309,78.97672161,0,0.012226309,78.97672161
sst2@s0__snli@s0,sst2@s0,snli@s0,encoder.layer.8.attention.output.dense,768,0.01681393572,76.2203875,0,0.01681393572,76.2203875
sst2@s0__snli@s0,sst2@s0,snli@s0,encoder.layer.8.attention.self.key,768,0.0177473196,77.79442076,0,0.0177473196,77.79442076
sst2@s0__snli@s0,sst2@s0,snli@s0,encoder.layer.8.attention.self.query,768,0.02219818608,74.8467015,0,0.02219818608,74.8467015
sst2@s0__snli@s0,sst2@s0,snli@s0,encoder.layer.8.attention.self.value,768,0.0113390968,79.80748634,0,0.0113390968,79.80748634
sst2@s0__snli@s0,sst2@s0,snli@s0,encoder.layer.8.intermediate.dense,3072,0.002801031092,83.99200025,0,0.002801031092,83.99200025
sst2@s0__snli@s0,sst2@s0,snli@s0,encoder.layer.8.output.dense,768,0.0164660107,74.55360904,0,0.0164660107,74.55360904
sst2@s0__snli@s0,sst2@s0,snli@s0,encoder.layer.9.attention.output.dense,768,0.01938411838,75.24561814,0,0.01938411838,75.24561814
sst2@s0__snli@s0,sst2@s0,snli@s0,encoder.layer.9.attention.self.key,768,0.01963335393,74.27169068,0,0.01963335393,74.27169068
sst2@s0__snli@s0,sst2@s0,snli@s0,encoder.layer.9.attention.self.query,768,0.01777511616,74.50605595,0,0.01777511616,74.50605595
sst2@s0__snli@s0,sst2@s0,snli@s0,encoder.layer.9.attention.self.value,768,0.01899557554,74.86522838,0,0.01899557554,74.86522838
sst2@s0__snli@s0,sst2@s0,snli@s0,encoder.layer.9.intermediate.dense,3072,0.004327485106,82.693955,0,0.004327485106,82.693955
sst2@s0__snli@s0,sst2@s0,snli@s0,encoder.layer.9.output.dense,768,0.01585761667,75.4274031,0,0.01585761667,75.4274031
sst2@s0__snli@s0,sst2@s0,snli@s0,pooler.dense,768,0.08264076366,59.3209421,0,0.08264076366,59.3209421
sst2@s0__scitail@s0,sst2@s0,scitail@s0,encoder.layer.0.attention.output.dense,768,0.01473001965,77.07101269,0,0.01473001965,77.07101269
sst2@s0__scitail@s0,sst2@s0,scitail@s0,encoder.layer.0.attention.self.key,768,0.02242361826,76.45725113,0,0.02242361826,76.45725113
sst2@s0__scitail@s0,sst2@s0,scitail@s0,encoder.layer.0.attention.self.query,768,0.02163245631,74.63703073,0,0.02163245631,74.63703073
sst2@s0__scitail@s0,sst2@s0,scitail@s0,encoder.layer.0.attention.self.value,768,0.01538451103,77.57993517,0,0.01538451103,77.57993517
sst2@s0__scitail@s0,sst2@s0,scitail@s0,encoder.layer.0.intermediate.dense,3072,0.002177796284,84.93455134,0,0.002177796284,84.93455134
sst2@s0__scitail@s0,sst2@s0,scitail@s0,encoder.layer.0.output.dense,768,0.0159445946,76.91081155,0,0.0159445946,76.91081155
sst2@s0__scitail@s0,sst2@s0,scitail@s0,encoder.layer.1.attention.output.dense,768,0.01187135813,77.30713937,0,0.01187135813,77.30713937
sst2@s0__scitail@s0,sst2@s0,scitail@s0,encoder.layer.1.attention.self.key,768,0.01451144225,76.90004357,0,0.01451144225,76.90004357
sst2@s0__scitail@s0,sst2@s0,scitail@s0,encoder.layer.1.attention.self.query,768,0.0183412919,75.74406685,0,0.0183412919,75.74406685
sst2@s0__scitail@s0,sst2@s0,scitail@s0,encoder.layer.1.attention.self.value,768,0.02117735708,75.48764359,0,0.02117735708,75.48764359
sst2@s0__scitail@s0,sst2@s0,scitail@s0,encoder.layer.1.intermediate.dense,3072,0.002740108467,85.00536673,0,0.002740108467,85.00536673
sst2@s0__scitail@s0,sst2@s0,scitail@s0,encoder.layer.1.output.dense,768,0.01316189016,78.65389259,0,0.01316189016,78.65389259
sst2@s0__scitail@s0,sst2@s0,scitail@s0,encoder.layer.10.attention.output.dense,768,0.0214328914,75.30996786,0,0.0214328914,75.30996786
sst2@s0__scitail@s0,sst2@s0,scitail@s0,encoder.layer.10.attention.self.key,768,0.02091817125,75.03747348,0,0.02091817125,75.03747348
sst2@s0__scitail@s0,sst2@s0,scitail@s0,encoder.layer.10.attention.self.query,768,0.01624176424,78.39851767,0,0.01624176424,78.39851767
sst2@s0__scitail@s0,sst2@s0,scitail@s0,encoder.layer.10.attention.self.value,768,0.02069317615,76.43666123,0,0.02069317615,76.43666123
sst2@s0__scitail@s0,sst2@s0,scitail@s0,encoder.layer.10.intermediate.dense,3072,0.00347321232,84.55132291,0,0.00347321232,84.55132291
sst2@s0__scitail@s0,sst2@s0,scitail@s0,encoder.layer.10.output.dense,768,0.01873526812,78.62930375,0,0.01873526812,78.62930375
sst2@s0__scitail@s0,sst2@s0,scitail@s0,encoder.layer.11.attention.output.dense,768,0.04767095247,66.28179619,0,0.04767095247,66.28179619
sst2@s0__scitail@s0,sst2@s0,scitail@s0,encoder.layer.11.attention.self.key,768,0.02050351746,73.63873905,0,0.02050351746,73.63873905
sst2@s0__scitail@s0,sst2@s0,scitail@s0,encoder.layer.11.attention.self.query,768,0.02155889854,74.49476574,0,0.02155889854,74.49476574
sst2@s0__scitail@s0,sst2@s0,scitail@s0,encoder.layer.11.attention.self.value,768,0.01769974652,77.13827105,0,0.01769974652,77.13827105
sst2@s0__scitail@s0,sst2@s0,scitail@s0,encoder.layer.11.intermediate.dense,3072,0.003650286297,84.13219799,0,0.003650286297,84.13219799
sst2@s0__scitail@s0,sst2@s0,scitail@s0,encoder.layer.11.output.dense,768,0.04594339209,65.61113133,0,0.04594339209,65.61113133
sst2@s0__scitail@s0,sst2@s0,scitail@s0,encoder.layer.2.attention.output.dense,768,0.0120215562,78.22232417,0,0.0120215562,78.22232417
sst2@s0__scitail@s0,sst2@s0,scitail@s0,encoder.layer.2.attention.self.key,768,0.0185522978,74.68062155,0,0.0185522978,74.68062155
sst2@s0__scitail@s0,sst2@s0,scitail@s0,encoder.layer.2.attention.self.query,768,0.02096791774,75.40835175,0,0.02096791774,75.40835175
sst2@s0__scitail@s0,sst2@s0,scitail@s0,encoder.layer.2.attention.self.value,768,0.01624061647,77.84322321,0,0.01624061647,77.84322321
sst2@s0__scitail@s0,sst2@s0,scitail@s0,encoder.layer.2.intermediate.dense,3072,0.002136161889,85.44338364,0,0.002136161889,85.44338364
sst2@s0__scitail@s0,sst2@s0,scitail@s0,encoder.layer.2.output.dense,768,0.01194086967,78.92147039,0,0.01194086967,78.92147039
sst2@s0__scitail@s0,sst2@s0,scitail@s0,encoder.layer.3.attention.output.dense,768,0.0110319197,79.0417114,0,0.0110319197,79.0417114
sst2@s0__scitail@s0,sst2@s0,scitail@s0,encoder.layer.3.attention.self.key,768,0.01336586392,78.23171265,0,0.01336586392,78.23171265
sst2@s0__scitail@s0,sst2@s0,scitail@s0,encoder.layer.3.attention.self.query,768,0.01687951379,78.70377723,0,0.01687951379,78.70377723
sst2@s0__scitail@s0,sst2@s0,scitail@s0,encoder.layer.3.attention.self.value,768,0.01164996135,79.01815663,0,0.01164996135,79.01815663
sst2@s0__scitail@s0,sst2@s0,scitail@s0,encoder.layer.3.intermediate.dense,3072,0.003241679114,84.26066764,0,0.003241679114,84.26066764
sst2@s0__scitail@s0,sst2@s0,scitail@s0,encoder.layer.3.output.dense,768,0.0144886675,78.56359299,0,0.0144886675,78.56359299
sst2@s0__scitail@s0,sst2@s0,scitail@s0,encoder.layer.4.attention.output.dense,768,0.01428671846,77.19475738,0,0.01428671846,77.19475738
sst2@s0__scitail@s0,sst2@s0,scitail@s0,encoder.layer.4.attention.self.key,768,0.01307356511,77.99396675,0,0.01307356511,77.99396675
sst2@s0__scitail@s0,sst2@s0,scitail@s0,encoder.layer.4.attention.self.query,768,0.01201428494,79.95158585,0,0.01201428494,79.95158585
sst2@s0__scitail@s0,sst2@s0,scitail@s0,encoder.layer.4.attention.self.value,768,0.01343237505,77.71385542,0,0.01343237505,77.71385542
sst2@s0__scitail@s0,sst2@s0,scitail@s0,encoder.layer.4.intermediate.dense,3072,0.003722248861,83.70809581,0,0.003722248861,83.70809581
sst2@s0__scitail@s0,sst2@s0,scitail@s0,encoder.layer.4.output.dense,768,0.0138344672,77.92359352,0,0.0138344672,77.92359352
sst2@s0__scitail@s0,sst2@s0,scitail@s0,encoder.layer.5.attention.output.dense,768,0.01561512796,77.71348128,0,0.01561512796,77.71348128
sst2@s0__scitail@s0,sst2@s0,scitail@s0,encoder.layer.5.attention.self.key,768,0.0157949978,76.32347046,0,0.0157949978,76.32347046
sst2@s0__scitail@s0,sst2@s0,scitail@s0,encoder.layer.5.attention.self.query,768,0.01439479066,78.20718841,0,0.01439479066,78.20718841
sst2@s0__scitail@s0,sst2@s0,scitail@s0,encoder.layer.5.attention.self.value,768,0.01583378471,77.31427322,0,0.01583378471,77.31427322
sst2@s0__scitail@s0,sst2@s0,scitail@s0,encoder.layer.5.intermediate.dense,3072,0.003107358791,83.94171532,0,0.003107358791,83.94171532
sst2@s0__scitail@s0,sst2@s0,scitail@s0,encoder.layer.5.output.dense,768,0.01449785056,77.5914228,0,0.01449785056,77.5914228
sst2@s0__scitail@s0,sst2@s0,scitail@s0,encoder.layer.6.attention.output.dense,768,0.01448212939,78.88347904,0,0.01448212939,78.88347904
sst2@s0__scitail@s0,sst2@s0,scitail@s0,encoder.layer.6.attention.self.key,768,0.01319743498,79.70743604,0,0.01319743498,79.70743604
sst2@s0__scitail@s0,sst2@s0,scitail@s0,encoder.layer.6.attention.self.query,768,0.01847242085,75.43201597,0,0.01847242085,75.43201597
sst2@s0__scitail@s0,sst2@s0,scitail@s0,encoder.layer.6.attention.self.value,768,0.01073600351,79.43625198,0,0.01073600351,79.43625198
sst2@s0__scitail@s0,sst2@s0,scitail@s0,encoder.layer.6.intermediate.dense,3072,0.002910868692,84.9706429,0,0.002910868692,84.9706429
sst2@s0__scitail@s0,sst2@s0,scitail@s0,encoder.layer.6.output.dense,768,0.01514364152,78.15065754,0,0.01514364152,78.15065754
sst2@s0__scitail@s0,sst2@s0,scitail@s0,encoder.layer.7.attention.output.dense,768,0.02189118091,74.2284085,0,0.02189118091,74.2284085
sst2@s0__scitail@s0,sst2@s0,scitail@s0,encoder.layer.7.attention.self.key,768,0.01518219352,77.41494126,0,0.01518219352,77.41494126
sst2@s0__scitail@s0,sst2@s0,scitail@s0,encoder.layer.7.attention.self.query,768,0.02365219452,75.01895758,0,0.02365219452,75.01895758
sst2@s0__scitail@s0,sst2@s0,scitail@s0,encoder.layer.7.attention.self.value,768,0.01181415716,78.82734939,0,0.01181415716,78.82734939
sst2@s0__scitail@s0,sst2@s0,scitail@s0,encoder.layer.7.intermediate.dense,3072,0.003017454477,84.53818862,0,0.003017454477,84.53818862
sst2@s0__scitail@s0,sst2@s0,scitail@s0,encoder.layer.7.output.dense,768,0.0132038265,79.16744839,0,0.0132038265,79.16744839
sst2@s0__scitail@s0,sst2@s0,scitail@s0,encoder.layer.8.attention.output.dense,768,0.01519201454,75.86291563,0,0.01519201454,75.86291563
sst2@s0__scitail@s0,sst2@s0,scitail@s0,encoder.layer.8.attention.self.key,768,0.01826539531,73.58806482,0,0.01826539531,73.58806482
sst2@s0__scitail@s0,sst2@s0,scitail@s0,encoder.layer.8.attention.self.query,768,0.02313923531,73.13523627,0,0.02313923531,73.13523627
sst2@s0__scitail@s0,sst2@s0,scitail@s0,encoder.layer.8.attention.self.value,768,0.01297671914,78.5829642,0,0.01297671914,78.5829642
sst2@s0__scitail@s0,sst2@s0,scitail@s0,encoder.layer.8.intermediate.dense,3072,0.001779661242,85.6914354,0,0.001779661242,85.6914354
sst2@s0__scitail@s0,sst2@s0,scitail@s0,encoder.layer.8.output.dense,768,0.01346280828,77.72069221,0,0.01346280828,77.72069221
sst2@s0__scitail@s0,sst2@s0,scitail@s0,encoder.layer.9.attention.output.dense,768,0.01755608928,76.30491591,0,0.01755608928,76.30491591
sst2@s0__scitail@s0,sst2@s0,scitail@s0,encoder.layer.9.attention.self.key,768,0.01769516469,76.47981417,0,0.01769516469,76.47981417
sst2@s0__scitail@s0,sst2@s0,scitail@s0,encoder.layer.9.attention.self.query,768,0.0152459583,79.21846421,0,0.0152459583,79.21846421
sst2@s0__scitail@s0,sst2@s0,scitail@s0,encoder.layer.9.attention.self.value,768,0.01448831312,79.10173853,0,0.01448831312,79.10173853
sst2@s0__scitail@s0,sst2@s0,scitail@s0,encoder.layer.9.intermediate.dense,3072,0.003089508844,84.47600908,0,0.003089508844,84.47600908
sst2@s0__scitail@s0,sst2@s0,scitail@s0,encoder.layer.9.output.dense,768,0.0116403263,79.94363601,0,0.0116403263,79.94363601
sst2@s0__scitail@s0,sst2@s0,scitail@s0,pooler.dense,768,0.06490554364,59.42909796,0,0.06490554364,59.42909796
sst2@s0__ag_news@s0,sst2@s0,ag_news@s0,encoder.layer.0.attention.output.dense,768,0.01311705085,78.25163927,0,0.01311705085,78.25163927
sst2@s0__ag_news@s0,sst2@s0,ag_news@s0,encoder.layer.0.attention.self.key,768,0.01618764822,77.88247751,0,0.01618764822,77.88247751
sst2@s0__ag_news@s0,sst2@s0,ag_news@s0,encoder.layer.0.attention.self.query,768,0.01259479713,78.51403088,0,0.01259479713,78.51403088
sst2@s0__ag_news@s0,sst2@s0,ag_news@s0,encoder.layer.0.attention.self.value,768,0.01646566344,78.21485885,0,0.01646566344,78.21485885
sst2@s0__ag_news@s0,sst2@s0,ag_news@s0,encoder.layer.0.intermediate.dense,3072,0.002168295688,85.18816483,0,0.002168295688,85.18816483
sst2@s0__ag_news@s0,sst2@s0,ag_news@s0,encoder.layer.0.output.dense,768,0.01176810416,78.04235714,0,0.01176810416,78.04235714
sst2@s0__ag_news@s0,sst2@s0,ag_news@s0,encoder.layer.1.attention.output.dense,768,0.01021519097,79.51877842,0,0.01021519097,79.51877842
sst2@s0__ag_news@s0,sst2@s0,ag_news@s0,encoder.layer.1.attention.self.key,768,0.009932445412,79.06457853,0,0.009932445412,79.06457853
sst2@s0__ag_news@s0,sst2@s0,ag_news@s0,encoder.layer.1.attention.self.query,768,0.01626938825,75.96099579,0,0.01626938825,75.96099579
sst2@s0__ag_news@s0,sst2@s0,ag_news@s0,encoder.layer.1.attention.self.value,768,0.0218867551,72.61254465,0,0.0218867551,72.61254465
sst2@s0__ag_news@s0,sst2@s0,ag_news@s0,encoder.layer.1.intermediate.dense,3072,0.002171204506,85.61195581,0,0.002171204506,85.61195581
sst2@s0__ag_news@s0,sst2@s0,ag_news@s0,encoder.layer.1.output.dense,768,0.01782807264,75.57373223,0,0.01782807264,75.57373223
sst2@s0__ag_news@s0,sst2@s0,ag_news@s0,encoder.layer.10.attention.output.dense,768,0.02458634772,71.3094571,0,0.02458634772,71.3094571
sst2@s0__ag_news@s0,sst2@s0,ag_news@s0,encoder.layer.10.attention.self.key,768,0.01945710966,75.07527135,0,0.01945710966,75.07527135
sst2@s0__ag_news@s0,sst2@s0,ag_news@s0,encoder.layer.10.attention.self.query,768,0.01421993961,77.50040038,0,0.01421993961,77.50040038
sst2@s0__ag_news@s0,sst2@s0,ag_news@s0,encoder.layer.10.attention.self.value,768,0.01651125682,76.81785802,0,0.01651125682,76.81785802
sst2@s0__ag_news@s0,sst2@s0,ag_news@s0,encoder.layer.10.intermediate.dense,3072,0.003873619103,83.45218501,0,0.003873619103,83.45218501
sst2@s0__ag_news@s0,sst2@s0,ag_news@s0,encoder.layer.10.output.dense,768,0.01733802128,77.34862659,0,0.01733802128,77.34862659
sst2@s0__ag_news@s0,sst2@s0,ag_news@s0,encoder.layer.11.attention.output.dense,768,0.04358089108,65.40064616,0,0.04358089108,65.40064616
sst2@s0__ag_news@s0,sst2@s0,ag_news@s0,encoder.layer.11.attention.self.key,768,0.01447487923,77.69970221,0,0.01447487923,77.69970221
sst2@s0__ag_news@s0,sst2@s0,ag_news@s0,encoder.layer.11.attention.self.query,768,0.02883051446,72.52044624,0,0.02883051446,72.52044624
sst2@s0__ag_news@s0,sst2@s0,ag_news@s0,encoder.layer.11.attention.self.value,768,0.01892181219,75.94178099,0,0.01892181219,75.94178099
sst2@s0__ag_news@s0,sst2@s0,ag_news@s0,encoder.layer.11.intermediate.dense,3072,0.003874634244,83.45766423,0,0.003874634244,83.45766423
sst2@s0__ag_news@s0,sst2@s0,ag_news@s0,encoder.layer.11.output.dense,768,0.05836039706,57.7768732,0,0.05836039706,57.7768732
sst2@s0__ag_news@s0,sst2@s0,ag_news@s0,encoder.layer.2.attention.output.dense,768,0.0149617786,77.06759676,0,0.0149617786,77.06759676
sst2@s0__ag_news@s0,sst2@s0,ag_news@s0,encoder.layer.2.attention.self.key,768,0.02004541433,75.78870425,0,0.02004541433,75.78870425
sst2@s0__ag_news@s0,sst2@s0,ag_news@s0,encoder.layer.2.attention.self.query,768,0.01489382465,77.99718951,0,0.01489382465,77.99718951
sst2@s0__ag_news@s0,sst2@s0,ag_news@s0,encoder.layer.2.attention.self.value,768,0.01336565522,77.06564391,0,0.01336565522,77.06564391
sst2@s0__ag_news@s0,sst2@s0,ag_news@s0,encoder.layer.2.intermediate.dense,3072,0.00247472408,84.87480635,0,0.00247472408,84.87480635
sst2@s0__ag_news@s0,sst2@s0,ag_news@s0,encoder.layer.2.output.dense,768,0.01395147206,78.43130322,0,0.01395147206,78.43130322
sst2@s0__ag_news@s0,sst2@s0,ag_news@s0,encoder.layer.3.attention.output.dense,768,0.01262054993,79.61492837,0,0.01262054993,79.61492837
sst2@s0__ag_news@s0,sst2@s0,ag_news@s0,encoder.layer.3.attention.self.key,768,0.014982268,79.67003876,0,0.014982268,79.67003876
sst2@s0__ag_news@s0,sst2@s0,ag_news@s0,encoder.layer.3.attention.self.query,768,0.01743662849,77.37394977,0,0.01743662849,77.37394977
sst2@s0__ag_news@s0,sst2@s0,ag_news@s0,encoder.layer.3.attention.self.value,768,0.01548446284,77.94567316,0,0.01548446284,77.94567316
sst2@s0__ag_news@s0,sst2@s0,ag_news@s0,encoder.layer.3.intermediate.dense,3072,0.00331791383,84.29388612,0,0.00331791383,84.29388612
sst2@s0__ag_news@s0,sst2@s0,ag_news@s0,encoder.layer.3.output.dense,768,0.01069208752,79.81346651,0,0.01069208752,79.81346651
sst2@s0__ag_news@s0,sst2@s0,ag_news@s0,encoder.layer.4.attention.output.dense,768,0.012300274,79.0500809,0,0.012300274,79.0500809
sst2@s0__ag_news@s0,sst2@s0,ag_news@s0,encoder.layer.4.attention.self.key,768,0.01860252516,78.14914309,0,0.01860252516,78.14914309
sst2@s0__ag_news@s0,sst2@s0,ag_news@s0,encoder.layer.4.attention.self.query,768,0.01830276964,77.23593224,0,0.01830276964,77.23593224
sst2@s0__ag_news@s0,sst2@s0,ag_news@s0,encoder.layer.4.attention.self.value,768,0.01920675035,76.1803275,0,0.01920675035,76.1803275
sst2@s0__ag_news@s0,sst2@s0,ag_news@s0,encoder.layer.4.intermediate.dense,3072,0.002564378726,84.90398445,0,0.002564378726,84.90398445
sst2@s0__ag_news@s0,sst2@s0,ag_news@s0,encoder.layer.4.output.dense,768,0.01643687894,75.59810312,0,0.01643687894,75.59810312
sst2@s0__ag_news@s0,sst2@s0,ag_news@s0,encoder.layer.5.attention.output.dense,768,0.01022333706,79.24385213,0,0.01022333706,79.24385213
sst2@s0__ag_news@s0,sst2@s0,ag_news@s0,encoder.layer.5.attention.self.key,768,0.02028233543,75.24213473,0,0.02028233543,75.24213473
sst2@s0__ag_news@s0,sst2@s0,ag_news@s0,encoder.layer.5.attention.self.query,768,0.01701660086,77.42671212,0,0.01701660086,77.42671212
sst2@s0__ag_news@s0,sst2@s0,ag_news@s0,encoder.layer.5.attention.self.value,768,0.01459592856,78.82337376,0,0.01459592856,78.82337376
sst2@s0__ag_news@s0,sst2@s0,ag_news@s0,encoder.layer.5.intermediate.dense,3072,0.002226912437,85.55361049,0,0.002226912437,85.55361049
sst2@s0__ag_news@s0,sst2@s0,ag_news@s0,encoder.layer.5.output.dense,768,0.01204869241,79.63259692,0,0.01204869241,79.63259692
sst2@s0__ag_news@s0,sst2@s0,ag_news@s0,encoder.layer.6.attention.output.dense,768,0.01076627992,79.95740855,0,0.01076627992,79.95740855
sst2@s0__ag_news@s0,sst2@s0,ag_news@s0,encoder.layer.6.attention.self.key,768,0.01583726978,77.47013077,0,0.01583726978,77.47013077
sst2@s0__ag_news@s0,sst2@s0,ag_news@s0,encoder.layer.6.attention.self.query,768,0.01742642347,77.960294,0,0.01742642347,77.960294
sst2@s0__ag_news@s0,sst2@s0,ag_news@s0,encoder.layer.6.attention.self.value,768,0.0120230481,79.23159809,0,0.0120230481,79.23159809
sst2@s0__ag_news@s0,sst2@s0,ag_news@s0,encoder.layer.6.intermediate.dense,3072,0.00363408533,84.42467683,0,0.00363408533,84.42467683
sst2@s0__ag_news@s0,sst2@s0,ag_news@s0,encoder.layer.6.output.dense,768,0.01209310028,79.3119793,0,0.01209310028,79.3119793
sst2@s0__ag_news@s0,sst2@s0,ag_news@s0,encoder.layer.7.attention.output.dense,768,0.01435038636,76.44841539,0,0.01435038636,76.44841539
sst2@s0__ag_news@s0,sst2@s0,ag_news@s0,encoder.layer.7.attention.self.key,768,0.01259766998,78.59531199,0,0.01259766998,78.59531199
sst2@s0__ag_news@s0,sst2@s0,ag_news@s0,encoder.layer.7.attention.self.query,768,0.01734957719,77.43333903,0,0.01734957719,77.43333903
sst2@s0__ag_news@s0,sst2@s0,ag_news@s0,encoder.layer.7.attention.self.value,768,0.01401800516,78.05145207,0,0.01401800516,78.05145207
sst2@s0__ag_news@s0,sst2@s0,ag_news@s0,encoder.layer.7.intermediate.dense,3072,0.00254053419,84.98596776,0,0.00254053419,84.98596776
sst2@s0__ag_news@s0,sst2@s0,ag_news@s0,encoder.layer.7.output.dense,768,0.0141868619,79.2785056,0,0.0141868619,79.2785056
sst2@s0__ag_news@s0,sst2@s0,ag_news@s0,encoder.layer.8.attention.output.dense,768,0.01814877553,75.7153406,0,0.01814877553,75.7153406
sst2@s0__ag_news@s0,sst2@s0,ag_news@s0,encoder.layer.8.attention.self.key,768,0.01701384158,77.66025232,0,0.01701384158,77.66025232
sst2@s0__ag_news@s0,sst2@s0,ag_news@s0,encoder.layer.8.attention.self.query,768,0.01646105178,76.39921781,0,0.01646105178,76.39921781
sst2@s0__ag_news@s0,sst2@s0,ag_news@s0,encoder.layer.8.attention.self.value,768,0.01388745634,77.75823721,0,0.01388745634,77.75823721
sst2@s0__ag_news@s0,sst2@s0,ag_news@s0,encoder.layer.8.intermediate.dense,3072,0.002731876293,85.09933337,0,0.002731876293,85.09933337
sst2@s0__ag_news@s0,sst2@s0,ag_news@s0,encoder.layer.8.output.dense,768,0.01898917743,73.66935719,0,0.01898917743,73.66935719
sst2@s0__ag_news@s0,sst2@s0,ag_news@s0,encoder.layer.9.attention.output.dense,768,0.01737313228,77.89788305,0,0.01737313228,77.89788305
sst2@s0__ag_news@s0,sst2@s0,ag_news@s0,encoder.layer.9.attention.self.key,768,0.02362244252,75.16648726,0,0.02362244252,75.16648726
sst2@s0__ag_news@s0,sst2@s0,ag_news@s0,encoder.layer.9.attention.self.query,768,0.01852701379,77.49594669,0,0.01852701379,77.49594669
sst2@s0__ag_news@s0,sst2@s0,ag_news@s0,encoder.layer.9.attention.self.value,768,0.01245948475,79.14760514,0,0.01245948475,79.14760514
sst2@s0__ag_news@s0,sst2@s0,ag_news@s0,encoder.layer.9.intermediate.dense,3072,0.004522207396,82.97219252,0,0.004522207396,82.97219252
sst2@s0__ag_news@s0,sst2@s0,ag_news@s0,encoder.layer.9.output.dense,768,0.01530661004,78.30016284,0,0.01530661004,78.30016284
sst2@s0__ag_news@s0,sst2@s0,ag_news@s0,pooler.dense,768,0.0575922521,61.24366876,0,0.0575922521,61.24366876
sst2@s0__imdb@s0,sst2@s0,imdb@s0,encoder.layer.0.attention.output.dense,768,0.01056990222,79.63616061,0,0.01056990222,79.63616061
sst2@s0__imdb@s0,sst2@s0,imdb@s0,encoder.layer.0.attention.self.key,768,0.01702670524,75.19727246,0,0.01702670524,75.19727246
sst2@s0__imdb@s0,sst2@s0,imdb@s0,encoder.layer.0.attention.self.query,768,0.0148126557,77.51310861,0,0.0148126557,77.51310861
sst2@s0__imdb@s0,sst2@s0,imdb@s0,encoder.layer.0.attention.self.value,768,0.02076636827,76.42784516,0,0.02076636827,76.42784516
sst2@s0__imdb@s0,sst2@s0,imdb@s0,encoder.layer.0.intermediate.dense,3072,0.003822547316,84.0271952,0,0.003822547316,84.0271952
sst2@s0__imdb@s0,sst2@s0,imdb@s0,encoder.layer.0.output.dense,768,0.02264190312,72.62418408,0,0.02264190312,72.62418408
sst2@s0__imdb@s0,sst2@s0,imdb@s0,encoder.layer.1.attention.output.dense,768,0.008791948058,80.31025718,0,0.008791948058,80.31025718
sst2@s0__imdb@s0,sst2@s0,imdb@s0,encoder.layer.1.attention.self.key,768,0.01976931662,76.32582221,0,0.01976931662,76.32582221
sst2@s0__imdb@s0,sst2@s0,imdb@s0,encoder.layer.1.attention.self.query,768,0.02058554278,75.26459104,0,0.02058554278,75.26459104
sst2@s0__imdb@s0,sst2@s0,imdb@s0,encoder.layer.1.attention.self.value,768,0.02095449869,76.48094558,0,0.02095449869,76.48094558
sst2@s0__imdb@s0,sst2@s0,imdb@s0,encoder.layer.1.intermediate.dense,3072,0.003494472738,83.79148551,0,0.003494472738,83.79148551
sst2@s0__imdb@s0,sst2@s0,imdb@s0,encoder.layer.1.output.dense,768,0.01669161538,77.72870866,0,0.01669161538,77.72870866
sst2@s0__imdb@s0,sst2@s0,imdb@s0,encoder.layer.10.attention.output.dense,768,0.0423124074,69.09411044,0,0.0423124074,69.09411044
sst2@s0__imdb@s0,sst2@s0,imdb@s0,encoder.layer.10.attention.self.key,768,0.03354563674,70.16089169,0,0.03354563674,70.16089169
sst2@s0__imdb@s0,sst2@s0,imdb@s0,encoder.layer.10.attention.self.query,768,0.03646904837,70.89062132,0,0.03646904837,70.89062132
sst2@s0__imdb@s0,sst2@s0,imdb@s0,encoder.layer.10.attention.self.value,768,0.03086633054,70.0871918,0,0.03086633054,70.0871918
sst2@s0__imdb@s0,sst2@s0,imdb@s0,encoder.layer.10.intermediate.dense,3072,0.006431488349,79.58500646,0,0.006431488349,79.58500646
sst2@s0__imdb@s0,sst2@s0,imdb@s0,encoder.layer.10.output.dense,768,0.02908348656,74.76398595,0,0.02908348656,74.76398595
sst2@s0__imdb@s0,sst2@s0,imdb@s0,encoder.layer.11.attention.output.dense,768,0.08837998802,55.06145695,0,0.08837998802,55.06145695
sst2@s0__imdb@s0,sst2@s0,imdb@s0,encoder.layer.11.attention.self.key,768,0.03328180211,69.26718854,0,0.03328180211,69.26718854
sst2@s0__imdb@s0,sst2@s0,imdb@s0,encoder.layer.11.attention.self.query,768,0.02895650948,72.0518296,0,0.02895650948,72.0518296
sst2@s0__imdb@s0,sst2@s0,imdb@s0,encoder.layer.11.attention.self.value,768,0.05820354803,61.97062332,0,0.05820354803,61.97062332
sst2@s0__imdb@s0,sst2@s0,imdb@s0,encoder.layer.11.intermediate.dense,3072,0.01236670184,75.96751824,0,0.01236670184,75.96751824
sst2@s0__imdb@s0,sst2@s0,imdb@s0,encoder.layer.11.output.dense,768,0.05538881877,59.66885065,0,0.05538881877,59.66885065
sst2@s0__imdb@s0,sst2@s0,imdb@s0,encoder.layer.2.attention.output.dense,768,0.01318539358,76.09597002,0,0.01318539358,76.09597002
sst2@s0__imdb@s0,sst2@s0,imdb@s0,encoder.layer.2.attention.self.key,768,0.02072640071,75.98877985,0,0.02072640071,75.98877985
sst2@s0__imdb@s0,sst2@s0,imdb@s0,encoder.layer.2.attention.self.query,768,0.01640357,76.58728776,0,0.01640357,76.58728776
sst2@s0__imdb@s0,sst2@s0,imdb@s0,encoder.layer.2.attention.self.value,768,0.01673130457,77.66798442,0,0.01673130457,77.66798442
sst2@s0__imdb@s0,sst2@s0,imdb@s0,encoder.layer.2.intermediate.dense,3072,0.002607809773,85.0486168,0,0.002607809773,85.0486168
sst2@s0__imdb@s0,sst2@s0,imdb@s0,encoder.layer.2.output.dense,768,0.0163800601,78.2496048,0,0.0163800601,78.2496048
sst2@s0__imdb@s0,sst2@s0,imdb@s0,encoder.layer.3.attention.output.dense,768,0.01413511899,78.13634372,0,0.01413511899,78.13634372
sst2@s0__imdb@s0,sst2@s0,imdb@s0,encoder.layer.3.attention.self.key,768,0.01906267629,75.84118401,0,0.01906267629,75.84118401
sst2@s0__imdb@s0,sst2@s0,imdb@s0,encoder.layer.3.attention.self.query,768,0.0233127303,72.79470455,0,0.0233127303,72.79470455
sst2@s0__imdb@s0,sst2@s0,imdb@s0,encoder.layer.3.attention.self.value,768,0.0192846028,76.60783487,0,0.0192846028,76.60783487
sst2@s0__imdb@s0,sst2@s0,imdb@s0,encoder.layer.3.intermediate.dense,3072,0.004203551119,83.19448391,0,0.004203551119,83.19448391
sst2@s0__imdb@s0,sst2@s0,imdb@s0,encoder.layer.3.output.dense,768,0.01293373973,78.92331773,0,0.01293373973,78.92331773
sst2@s0__imdb@s0,sst2@s0,imdb@s0,encoder.layer.4.attention.output.dense,768,0.01824376223,77.87944595,0,0.01824376223,77.87944595
sst2@s0__imdb@s0,sst2@s0,imdb@s0,encoder.layer.4.attention.self.key,768,0.02097176507,74.08536426,0,0.02097176507,74.08536426
sst2@s0__imdb@s0,sst2@s0,imdb@s0,encoder.layer.4.attention.self.query,768,0.01468949619,76.21467253,0,0.01468949619,76.21467253
sst2@s0__imdb@s0,sst2@s0,imdb@s0,encoder.layer.4.attention.self.value,768,0.01861958396,75.98938172,0,0.01861958396,75.98938172
sst2@s0__imdb@s0,sst2@s0,imdb@s0,encoder.layer.4.intermediate.dense,3072,0.003391384918,84.28738168,0,0.003391384918,84.28738168
sst2@s0__imdb@s0,sst2@s0,imdb@s0,encoder.layer.4.output.dense,768,0.0200866942,73.76772471,0,0.0200866942,73.76772471
sst2@s0__imdb@s0,sst2@s0,imdb@s0,encoder.layer.5.attention.output.dense,768,0.01925658685,76.77524979,0,0.01925658685,76.77524979
sst2@s0__imdb@s0,sst2@s0,imdb@s0,encoder.layer.5.attention.self.key,768,0.01693931376,76.26518088,0,0.01693931376,76.26518088
sst2@s0__imdb@s0,sst2@s0,imdb@s0,encoder.layer.5.attention.self.query,768,0.01981421472,76.14679561,0,0.01981421472,76.14679561
sst2@s0__imdb@s0,sst2@s0,imdb@s0,encoder.layer.5.attention.self.value,768,0.01586927365,77.03407724,0,0.01586927365,77.03407724
sst2@s0__imdb@s0,sst2@s0,imdb@s0,encoder.layer.5.intermediate.dense,3072,0.003492623125,83.50404101,0,0.003492623125,83.50404101
sst2@s0__imdb@s0,sst2@s0,imdb@s0,encoder.layer.5.output.dense,768,0.0175300569,75.44377791,0,0.0175300569,75.44377791
sst2@s0__imdb@s0,sst2@s0,imdb@s0,encoder.layer.6.attention.output.dense,768,0.0168649513,76.95743101,0,0.0168649513,76.95743101
sst2@s0__imdb@s0,sst2@s0,imdb@s0,encoder.layer.6.attention.self.key,768,0.01532224806,78.46559716,0,0.01532224806,78.46559716
sst2@s0__imdb@s0,sst2@s0,imdb@s0,encoder.layer.6.attention.self.query,768,0.01935072907,76.45095314,0,0.01935072907,76.45095314
sst2@s0__imdb@s0,sst2@s0,imdb@s0,encoder.layer.6.attention.self.value,768,0.01551796384,77.71331268,0,0.01551796384,77.71331268
sst2@s0__imdb@s0,sst2@s0,imdb@s0,encoder.layer.6.intermediate.dense,3072,0.004115467399,83.29520988,0,0.004115467399,83.29520988
sst2@s0__imdb@s0,sst2@s0,imdb@s0,encoder.layer.6.output.dense,768,0.02185572676,74.38208517,0,0.02185572676,74.38208517
sst2@s0__imdb@s0,sst2@s0,imdb@s0,encoder.layer.7.attention.output.dense,768,0.02660153833,73.93351521,0,0.02660153833,73.93351521
sst2@s0__imdb@s0,sst2@s0,imdb@s0,encoder.layer.7.attention.self.key,768,0.02633956087,75.16606467,0,0.02633956087,75.16606467
sst2@s0__imdb@s0,sst2@s0,imdb@s0,encoder.layer.7.attention.self.query,768,0.01991103854,72.78342039,0,0.01991103854,72.78342039
sst2@s0__imdb@s0,sst2@s0,imdb@s0,encoder.layer.7.attention.self.value,768,0.01584568841,77.03850526,0,0.01584568841,77.03850526
sst2@s0__imdb@s0,sst2@s0,imdb@s0,encoder.layer.7.intermediate.dense,3072,0.004217754927,82.34650447,0,0.004217754927,82.34650447
sst2@s0__imdb@s0,sst2@s0,imdb@s0,encoder.layer.7.output.dense,768,0.0298235579,71.76394468,0,0.0298235579,71.76394468
sst2@s0__imdb@s0,sst2@s0,imdb@s0,encoder.layer.8.attention.output.dense,768,0.03867539704,71.40212257,0,0.03867539704,71.40212257
sst2@s0__imdb@s0,sst2@s0,imdb@s0,encoder.layer.8.attention.self.key,768,0.02272883779,72.36940513,0,0.02272883779,72.36940513
sst2@s0__imdb@s0,sst2@s0,imdb@s0,encoder.layer.8.attention.self.query,768,0.0216939882,75.0095524,0,0.0216939882,75.0095524
sst2@s0__imdb@s0,sst2@s0,imdb@s0,encoder.layer.8.attention.self.value,768,0.01988465242,73.78963083,0,0.01988465242,73.78963083
sst2@s0__imdb@s0,sst2@s0,imdb@s0,encoder.layer.8.intermediate.dense,3072,0.005663281868,81.30659434,0,0.005663281868,81.30659434
sst2@s0__imdb@s0,sst2@s0,imdb@s0,encoder.layer.8.output.dense,768,0.03870790425,67.91378438,0,0.03870790425,67.91378438
sst2@s0__imdb@s0,sst2@s0,imdb@s0,encoder.layer.9.attention.output.dense,768,0.04697315662,65.50059784,0,0.04697315662,65.50059784
sst2@s0__imdb@s0,sst2@s0,imdb@s0,encoder.layer.9.attention.self.key,768,0.02449472953,72.01314484,0,0.02449472953,72.01314484
sst2@s0__imdb@s0,sst2@s0,imdb@s0,encoder.layer.9.attention.self.query,768,0.0304459822,70.55151166,0,0.0304459822,70.55151166
sst2@s0__imdb@s0,sst2@s0,imdb@s0,encoder.layer.9.attention.self.value,768,0.02406346919,74.13799942,0,0.02406346919,74.13799942
sst2@s0__imdb@s0,sst2@s0,imdb@s0,encoder.layer.9.intermediate.dense,3072,0.007228500878,80.36753186,0,0.007228500878,80.36753186
sst2@s0__imdb@s0,sst2@s0,imdb@s0,encoder.layer.9.output.dense,768,0.02361242864,73.62041674,0,0.02361242864,73.62041674
sst2@s0__imdb@s0,sst2@s0,imdb@s0,pooler.dense,768,0.1060452823,51.06675261,0,0.1060452823,51.06675261
sst2@s0__trec@s0,sst2@s0,trec@s0,encoder.layer.0.attention.output.dense,768,0.01227413009,79.00011563,0,0.01227413009,79.00011563
sst2@s0__trec@s0,sst2@s0,trec@s0,encoder.layer.0.attention.self.key,768,0.02651723934,73.04748059,0,0.02651723934,73.04748059
sst2@s0__trec@s0,sst2@s0,trec@s0,encoder.layer.0.attention.self.query,768,0.01783047742,75.58853762,0,0.01783047742,75.58853762
sst2@s0__trec@s0,sst2@s0,trec@s0,encoder.layer.0.attention.self.value,768,0.01819697622,77.76955502,0,0.01819697622,77.76955502
sst2@s0__trec@s0,sst2@s0,trec@s0,encoder.layer.0.intermediate.dense,3072,0.002750061046,84.89565811,0,0.002750061046,84.89565811
sst2@s0__trec@s0,sst2@s0,trec@s0,encoder.layer.0.output.dense,768,0.01441832081,75.70127212,0,0.01441832081,75.70127212
sst2@s0__trec@s0,sst2@s0,trec@s0,encoder.layer.1.attention.output.dense,768,0.01745875263,77.80008272,0,0.01745875263,77.80008272
sst2@s0__trec@s0,sst2@s0,trec@s0,encoder.layer.1.attention.self.key,768,0.01733142462,75.14927089,0,0.01733142462,75.14927089
sst2@s0__trec@s0,sst2@s0,trec@s0,encoder.layer.1.attention.self.query,768,0.02905500319,72.54433032,0,0.02905500319,72.54433032
sst2@s0__trec@s0,sst2@s0,trec@s0,encoder.layer.1.attention.self.value,768,0.01474860859,79.23665429,0,0.01474860859,79.23665429
sst2@s0__trec@s0,sst2@s0,trec@s0,encoder.layer.1.intermediate.dense,3072,0.002912917714,84.45727565,0,0.002912917714,84.45727565
sst2@s0__trec@s0,sst2@s0,trec@s0,encoder.layer.1.output.dense,768,0.01193231491,78.2849621,0,0.01193231491,78.2849621
sst2@s0__trec@s0,sst2@s0,trec@s0,encoder.layer.10.attention.output.dense,768,0.0243287452,73.51827988,0,0.0243287452,73.51827988
sst2@s0__trec@s0,sst2@s0,trec@s0,encoder.layer.10.attention.self.key,768,0.01994678989,77.09233665,0,0.01994678989,77.09233665
sst2@s0__trec@s0,sst2@s0,trec@s0,encoder.layer.10.attention.self.query,768,0.02336112964,73.48941141,0,0.02336112964,73.48941141
sst2@s0__trec@s0,sst2@s0,trec@s0,encoder.layer.10.attention.self.value,768,0.02120209304,74.57759224,0,0.02120209304,74.57759224
sst2@s0__trec@s0,sst2@s0,trec@s0,encoder.layer.10.intermediate.dense,3072,0.003801301247,83.59553181,0,0.003801301247,83.59553181
sst2@s0__trec@s0,sst2@s0,trec@s0,encoder.layer.10.output.dense,768,0.02084156057,76.64352841,0,0.02084156057,76.64352841
sst2@s0__trec@s0,sst2@s0,trec@s0,encoder.layer.11.attention.output.dense,768,0.05769265394,63.13428845,0,0.05769265394,63.13428845
sst2@s0__trec@s0,sst2@s0,trec@s0,encoder.layer.11.attention.self.key,768,0.02737886248,73.28192131,0,0.02737886248,73.28192131
sst2@s0__trec@s0,sst2@s0,trec@s0,encoder.layer.11.attention.self.query,768,0.02075957143,74.15730505,0,0.02075957143,74.15730505
sst2@s0__trec@s0,sst2@s0,trec@s0,encoder.layer.11.attention.self.value,768,0.03192092864,71.29623011,0,0.03192092864,71.29623011
sst2@s0__trec@s0,sst2@s0,trec@s0,encoder.layer.11.intermediate.dense,3072,0.004499442548,82.82505343,0,0.004499442548,82.82505343
sst2@s0__trec@s0,sst2@s0,trec@s0,encoder.layer.11.output.dense,768,0.02136947625,71.94248607,0,0.02136947625,71.94248607
sst2@s0__trec@s0,sst2@s0,trec@s0,encoder.layer.2.attention.output.dense,768,0.008448661746,80.85793081,0,0.008448661746,80.85793081
sst2@s0__trec@s0,sst2@s0,trec@s0,encoder.layer.2.attention.self.key,768,0.01919795434,75.04263441,0,0.01919795434,75.04263441
sst2@s0__trec@s0,sst2@s0,trec@s0,encoder.layer.2.attention.self.query,768,0.02675743961,73.54370035,0,0.02675743961,73.54370035
sst2@s0__trec@s0,sst2@s0,trec@s0,encoder.layer.2.attention.self.value,768,0.01609786753,76.46539453,0,0.01609786753,76.46539453
sst2@s0__trec@s0,sst2@s0,trec@s0,encoder.layer.2.intermediate.dense,3072,0.003005147253,83.95210962,0,0.003005147253,83.95210962
sst2@s0__trec@s0,sst2@s0,trec@s0,encoder.layer.2.output.dense,768,0.01124110416,79.33923849,0,0.01124110416,79.33923849
sst2@s0__trec@s0,sst2@s0,trec@s0,encoder.layer.3.attention.output.dense,768,0.01100399744,80.68675873,0,0.01100399744,80.68675873
sst2@s0__trec@s0,sst2@s0,trec@s0,encoder.layer.3.attention.self.key,768,0.02072284598,75.84472975,0,0.02072284598,75.84472975
sst2@s0__trec@s0,sst2@s0,trec@s0,encoder.layer.3.attention.self.query,768,0.02039615042,76.17314363,0,0.02039615042,76.17314363
sst2@s0__trec@s0,sst2@s0,trec@s0,encoder.layer.3.attention.self.value,768,0.01571228433,75.44312061,0,0.01571228433,75.44312061
sst2@s0__trec@s0,sst2@s0,trec@s0,encoder.layer.3.intermediate.dense,3072,0.002677652815,84.74818481,0,0.002677652815,84.74818481
sst2@s0__trec@s0,sst2@s0,trec@s0,encoder.layer.3.output.dense,768,0.01450084635,78.7753068,0,0.01450084635,78.7753068
sst2@s0__trec@s0,sst2@s0,trec@s0,encoder.layer.4.attention.output.dense,768,0.01303609053,79.20332085,0,0.01303609053,79.20332085
sst2@s0__trec@s0,sst2@s0,trec@s0,encoder.layer.4.attention.self.key,768,0.01766329506,76.56246669,0,0.01766329506,76.56246669
sst2@s0__trec@s0,sst2@s0,trec@s0,encoder.layer.4.attention.self.query,768,0.01807136454,76.30413712,0,0.01807136454,76.30413712
sst2@s0__trec@s0,sst2@s0,trec@s0,encoder.layer.4.attention.self.value,768,0.01370391958,78.84171782,0,0.01370391958,78.84171782
sst2@s0__trec@s0,sst2@s0,trec@s0,encoder.layer.4.intermediate.dense,3072,0.002588935888,84.67977044,0,0.002588935888,84.67977044
sst2@s0__trec@s0,sst2@s0,trec@s0,encoder.layer.4.output.dense,768,0.01363178727,79.88002496,0,0.01363178727,79.88002496
sst2@s0__trec@s0,sst2@s0,trec@s0,encoder.layer.5.attention.output.dense,768,0.009263849704,80.48227148,0,0.009263849704,80.48227148
sst2@s0__trec@s0,sst2@s0,trec@s0,encoder.layer.5.attention.self.key,768,0.01383886594,79.45281096,0,0.01383886594,79.45281096
sst2@s0__trec@s0,sst2@s0,trec@s0,encoder.layer.5.attention.self.query,768,0.01581788286,76.77781637,0,0.01581788286,76.77781637
sst2@s0__trec@s0,sst2@s0,trec@s0,encoder.layer.5.attention.self.value,768,0.01459478124,79.13143013,0,0.01459478124,79.13143013
sst2@s0__trec@s0,sst2@s0,trec@s0,encoder.layer.5.intermediate.dense,3072,0.002996007581,85.16656721,0,0.002996007581,85.16656721
sst2@s0__trec@s0,sst2@s0,trec@s0,encoder.layer.5.output.dense,768,0.01448408326,79.48369667,0,0.01448408326,79.48369667
sst2@s0__trec@s0,sst2@s0,trec@s0,encoder.layer.6.attention.output.dense,768,0.01295031572,78.38794214,0,0.01295031572,78.38794214
sst2@s0__trec@s0,sst2@s0,trec@s0,encoder.layer.6.attention.self.key,768,0.01441073891,77.58014239,0,0.01441073891,77.58014239
sst2@s0__trec@s0,sst2@s0,trec@s0,encoder.layer.6.attention.self.query,768,0.0189727643,75.47258146,0,0.0189727643,75.47258146
sst2@s0__trec@s0,sst2@s0,trec@s0,encoder.layer.6.attention.self.value,768,0.01148235778,76.68251132,0,0.01148235778,76.68251132
sst2@s0__trec@s0,sst2@s0,trec@s0,encoder.layer.6.intermediate.dense,3072,0.002842903525,84.87954932,0,0.002842903525,84.87954932
sst2@s0__trec@s0,sst2@s0,trec@s0,encoder.layer.6.output.dense,768,0.01577663724,77.08542721,0,0.01577663724,77.08542721
sst2@s0__trec@s0,sst2@s0,trec@s0,encoder.layer.7.attention.output.dense,768,0.02082334617,75.29271581,0,0.02082334617,75.29271581
sst2@s0__trec@s0,sst2@s0,trec@s0,encoder.layer.7.attention.self.key,768,0.01747328115,77.13241396,0,0.01747328115,77.13241396
sst2@s0__trec@s0,sst2@s0,trec@s0,encoder.layer.7.attention.self.query,768,0.02091893916,73.6077087,0,0.02091893916,73.6077087
sst2@s0__trec@s0,sst2@s0,trec@s0,encoder.layer.7.attention.self.value,768,0.01251493351,78.00077732,0,0.01251493351,78.00077732
sst2@s0__trec@s0,sst2@s0,trec@s0,encoder.layer.7.intermediate.dense,3072,0.003046068322,84.73891798,0,0.003046068322,84.73891798
sst2@s0__trec@s0,sst2@s0,trec@s0,encoder.layer.7.output.dense,768,0.01621427626,77.27894568,0,0.01621427626,77.27894568
sst2@s0__trec@s0,sst2@s0,trec@s0,encoder.layer.8.attention.output.dense,768,0.01569685609,77.36409328,0,0.01569685609,77.36409328
sst2@s0__trec@s0,sst2@s0,trec@s0,encoder.layer.8.attention.self.key,768,0.01827969448,75.76583386,0,0.01827969448,75.76583386
sst2@s0__trec@s0,sst2@s0,trec@s0,encoder.layer.8.attention.self.query,768,0.02627957438,71.99150689,0,0.02627957438,71.99150689
sst2@s0__trec@s0,sst2@s0,trec@s0,encoder.layer.8.attention.self.value,768,0.01252003062,78.94054006,0,0.01252003062,78.94054006
sst2@s0__trec@s0,sst2@s0,trec@s0,encoder.layer.8.intermediate.dense,3072,0.002949680359,83.9178818,0,0.002949680359,83.9178818
sst2@s0__trec@s0,sst2@s0,trec@s0,encoder.layer.8.output.dense,768,0.0166437479,78.48333503,0,0.0166437479,78.48333503
sst2@s0__trec@s0,sst2@s0,trec@s0,encoder.layer.9.attention.output.dense,768,0.02303737603,74.72511305,0,0.02303737603,74.72511305
sst2@s0__trec@s0,sst2@s0,trec@s0,encoder.layer.9.attention.self.key,768,0.02440917843,74.40670836,0,0.02440917843,74.40670836
sst2@s0__trec@s0,sst2@s0,trec@s0,encoder.layer.9.attention.self.query,768,0.02155446498,74.52063948,0,0.02155446498,74.52063948
sst2@s0__trec@s0,sst2@s0,trec@s0,encoder.layer.9.attention.self.value,768,0.01559224421,78.69425547,0,0.01559224421,78.69425547
sst2@s0__trec@s0,sst2@s0,trec@s0,encoder.layer.9.intermediate.dense,3072,0.003407003755,83.95338785,0,0.003407003755,83.95338785
sst2@s0__trec@s0,sst2@s0,trec@s0,encoder.layer.9.output.dense,768,0.02234716773,75.03511567,0,0.02234716773,75.03511567
sst2@s0__trec@s0,sst2@s0,trec@s0,pooler.dense,768,0.0606283649,55.82212816,0,0.0606283649,55.82212816
sst2@s0__yelp_polarity@s0,sst2@s0,yelp_polarity@s0,encoder.layer.0.attention.output.dense,768,0.01837396997,74.81531686,0,0.01837396997,74.81531686
sst2@s0__yelp_polarity@s0,sst2@s0,yelp_polarity@s0,encoder.layer.0.attention.self.key,768,0.0244371425,75.42759386,0,0.0244371425,75.42759386
sst2@s0__yelp_polarity@s0,sst2@s0,yelp_polarity@s0,encoder.layer.0.attention.self.query,768,0.02069692593,75.73615412,0,0.02069692593,75.73615412
sst2@s0__yelp_polarity@s0,sst2@s0,yelp_polarity@s0,encoder.layer.0.attention.self.value,768,0.0183161923,76.66211631,0,0.0183161923,76.66211631
sst2@s0__yelp_polarity@s0,sst2@s0,yelp_polarity@s0,encoder.layer.0.intermediate.dense,3072,0.003426059485,84.06454529,0,0.003426059485,84.06454529
sst2@s0__yelp_polarity@s0,sst2@s0,yelp_polarity@s0,encoder.layer.0.output.dense,768,0.02785440727,73.04683398,0,0.02785440727,73.04683398
sst2@s0__yelp_polarity@s0,sst2@s0,yelp_polarity@s0,encoder.layer.1.attention.output.dense,768,0.01718298447,77.35206962,0,0.01718298447,77.35206962
sst2@s0__yelp_polarity@s0,sst2@s0,yelp_polarity@s0,encoder.layer.1.attention.self.key,768,0.01580405199,77.15849442,0,0.01580405199,77.15849442
sst2@s0__yelp_polarity@s0,sst2@s0,yelp_polarity@s0,encoder.layer.1.attention.self.query,768,0.02025626147,76.69524649,0,0.02025626147,76.69524649
sst2@s0__yelp_polarity@s0,sst2@s0,yelp_polarity@s0,encoder.layer.1.attention.self.value,768,0.01604313147,77.90136983,0,0.01604313147,77.90136983
sst2@s0__yelp_polarity@s0,sst2@s0,yelp_polarity@s0,encoder.layer.1.intermediate.dense,3072,0.00218872731,85.87005577,0,0.00218872731,85.87005577
sst2@s0__yelp_polarity@s0,sst2@s0,yelp_polarity@s0,encoder.layer.1.output.dense,768,0.01262114245,78.66815661,0,0.01262114245,78.66815661
sst2@s0__yelp_polarity@s0,sst2@s0,yelp_polarity@s0,encoder.layer.10.attention.output.dense,768,0.03609608995,68.78754526,0,0.03609608995,68.78754526
sst2@s0__yelp_polarity@s0,sst2@s0,yelp_polarity@s0,encoder.layer.10.attention.self.key,768,0.03572658623,68.62035232,0,0.03572658623,68.62035232
sst2@s0__yelp_polarity@s0,sst2@s0,yelp_polarity@s0,encoder.layer.10.attention.self.query,768,0.0250824801,72.04359211,0,0.0250824801,72.04359211
sst2@s0__yelp_polarity@s0,sst2@s0,yelp_polarity@s0,encoder.layer.10.attention.self.value,768,0.03386866332,69.88358392,0,0.03386866332,69.88358392
sst2@s0__yelp_polarity@s0,sst2@s0,yelp_polarity@s0,encoder.layer.10.intermediate.dense,3072,0.007319274298,78.69829908,0,0.007319274298,78.69829908
sst2@s0__yelp_polarity@s0,sst2@s0,yelp_polarity@s0,encoder.layer.10.output.dense,768,0.02412466569,73.02526738,0,0.02412466569,73.02526738
sst2@s0__yelp_polarity@s0,sst2@s0,yelp_polarity@s0,encoder.layer.11.attention.output.dense,768,0.07700577219,55.71493817,0,0.07700577219,55.71493817
sst2@s0__yelp_polarity@s0,sst2@s0,yelp_polarity@s0,encoder.layer.11.attention.self.key,768,0.0381755881,67.8452411,0,0.0381755881,67.8452411
sst2@s0__yelp_polarity@s0,sst2@s0,yelp_polarity@s0,encoder.layer.11.attention.self.query,768,0.03486249979,69.16518075,0,0.03486249979,69.16518075
sst2@s0__yelp_polarity@s0,sst2@s0,yelp_polarity@s0,encoder.layer.11.attention.self.value,768,0.05632749243,64.41525173,0,0.05632749243,64.41525173
sst2@s0__yelp_polarity@s0,sst2@s0,yelp_polarity@s0,encoder.layer.11.intermediate.dense,3072,0.01403410652,74.67473902,0,0.01403410652,74.67473902
sst2@s0__yelp_polarity@s0,sst2@s0,yelp_polarity@s0,encoder.layer.11.output.dense,768,0.05497288775,63.12576211,0,0.05497288775,63.12576211
sst2@s0__yelp_polarity@s0,sst2@s0,yelp_polarity@s0,encoder.layer.2.attention.output.dense,768,0.01613136243,77.65146853,0,0.01613136243,77.65146853
sst2@s0__yelp_polarity@s0,sst2@s0,yelp_polarity@s0,encoder.layer.2.attention.self.key,768,0.01773226329,76.34960833,0,0.01773226329,76.34960833
sst2@s0__yelp_polarity@s0,sst2@s0,yelp_polarity@s0,encoder.layer.2.attention.self.query,768,0.01905206997,76.99253771,0,0.01905206997,76.99253771
sst2@s0__yelp_polarity@s0,sst2@s0,yelp_polarity@s0,encoder.layer.2.attention.self.value,768,0.0158406275,76.25453816,0,0.0158406275,76.25453816
sst2@s0__yelp_polarity@s0,sst2@s0,yelp_polarity@s0,encoder.layer.2.intermediate.dense,3072,0.002726062032,84.46075232,0,0.002726062032,84.46075232
sst2@s0__yelp_polarity@s0,sst2@s0,yelp_polarity@s0,encoder.layer.2.output.dense,768,0.01995764867,75.56761149,0,0.01995764867,75.56761149
sst2@s0__yelp_polarity@s0,sst2@s0,yelp_polarity@s0,encoder.layer.3.attention.output.dense,768,0.01086494744,79.57067984,0,0.01086494744,79.57067984
sst2@s0__yelp_polarity@s0,sst2@s0,yelp_polarity@s0,encoder.layer.3.attention.self.key,768,0.01597626771,76.43081139,0,0.01597626771,76.43081139
sst2@s0__yelp_polarity@s0,sst2@s0,yelp_polarity@s0,encoder.layer.3.attention.self.query,768,0.02215181879,75.3146085,0,0.02215181879,75.3146085
sst2@s0__yelp_polarity@s0,sst2@s0,yelp_polarity@s0,encoder.layer.3.attention.self.value,768,0.01405691295,76.25427945,0,0.01405691295,76.25427945
sst2@s0__yelp_polarity@s0,sst2@s0,yelp_polarity@s0,encoder.layer.3.intermediate.dense,3072,0.003528051104,83.80497713,0,0.003528051104,83.80497713
sst2@s0__yelp_polarity@s0,sst2@s0,yelp_polarity@s0,encoder.layer.3.output.dense,768,0.01742197347,77.20499232,0,0.01742197347,77.20499232
sst2@s0__yelp_polarity@s0,sst2@s0,yelp_polarity@s0,encoder.layer.4.attention.output.dense,768,0.012968285,77.53163842,0,0.012968285,77.53163842
sst2@s0__yelp_polarity@s0,sst2@s0,yelp_polarity@s0,encoder.layer.4.attention.self.key,768,0.02220508304,74.11152711,0,0.02220508304,74.11152711
sst2@s0__yelp_polarity@s0,sst2@s0,yelp_polarity@s0,encoder.layer.4.attention.self.query,768,0.01830241668,75.13724693,0,0.01830241668,75.13724693
sst2@s0__yelp_polarity@s0,sst2@s0,yelp_polarity@s0,encoder.layer.4.attention.self.value,768,0.01411942764,78.35877633,0,0.01411942764,78.35877633
sst2@s0__yelp_polarity@s0,sst2@s0,yelp_polarity@s0,encoder.layer.4.intermediate.dense,3072,0.003899860906,84.3700291,0,0.003899860906,84.3700291
sst2@s0__yelp_polarity@s0,sst2@s0,yelp_polarity@s0,encoder.layer.4.output.dense,768,0.02046031622,72.34790605,0,0.02046031622,72.34790605
sst2@s0__yelp_polarity@s0,sst2@s0,yelp_polarity@s0,encoder.layer.5.attention.output.dense,768,0.01568478501,75.35518064,0,0.01568478501,75.35518064
sst2@s0__yelp_polarity@s0,sst2@s0,yelp_polarity@s0,encoder.layer.5.attention.self.key,768,0.01486139218,76.91028211,0,0.01486139218,76.91028211
sst2@s0__yelp_polarity@s0,sst2@s0,yelp_polarity@s0,encoder.layer.5.attention.self.query,768,0.01519425424,78.80727835,0,0.01519425424,78.80727835
sst2@s0__yelp_polarity@s0,sst2@s0,yelp_polarity@s0,encoder.layer.5.attention.self.value,768,0.01894250263,76.66923865,0,0.01894250263,76.66923865
sst2@s0__yelp_polarity@s0,sst2@s0,yelp_polarity@s0,encoder.layer.5.intermediate.dense,3072,0.003909827343,83.56501936,0,0.003909827343,83.56501936
sst2@s0__yelp_polarity@s0,sst2@s0,yelp_polarity@s0,encoder.layer.5.output.dense,768,0.01841026164,76.22727373,0,0.01841026164,76.22727373
sst2@s0__yelp_polarity@s0,sst2@s0,yelp_polarity@s0,encoder.layer.6.attention.output.dense,768,0.01530799755,77.19930003,0,0.01530799755,77.19930003
sst2@s0__yelp_polarity@s0,sst2@s0,yelp_polarity@s0,encoder.layer.6.attention.self.key,768,0.01677226966,78.36648922,0,0.01677226966,78.36648922
sst2@s0__yelp_polarity@s0,sst2@s0,yelp_polarity@s0,encoder.layer.6.attention.self.query,768,0.01829379575,75.03836825,0,0.01829379575,75.03836825
sst2@s0__yelp_polarity@s0,sst2@s0,yelp_polarity@s0,encoder.layer.6.attention.self.value,768,0.01651046258,75.46944125,0,0.01651046258,75.46944125
sst2@s0__yelp_polarity@s0,sst2@s0,yelp_polarity@s0,encoder.layer.6.intermediate.dense,3072,0.003961935387,83.99766771,0,0.003961935387,83.99766771
sst2@s0__yelp_polarity@s0,sst2@s0,yelp_polarity@s0,encoder.layer.6.output.dense,768,0.01689579325,75.57896544,0,0.01689579325,75.57896544
sst2@s0__yelp_polarity@s0,sst2@s0,yelp_polarity@s0,encoder.layer.7.attention.output.dense,768,0.02447772967,73.70353491,0,0.02447772967,73.70353491
sst2@s0__yelp_polarity@s0,sst2@s0,yelp_polarity@s0,encoder.layer.7.attention.self.key,768,0.01835270507,77.61308999,0,0.01835270507,77.61308999
sst2@s0__yelp_polarity@s0,sst2@s0,yelp_polarity@s0,encoder.layer.7.attention.self.query,768,0.02408979338,74.87686307,0,0.02408979338,74.87686307
sst2@s0__yelp_polarity@s0,sst2@s0,yelp_polarity@s0,encoder.layer.7.attention.self.value,768,0.01778237585,76.93234176,0,0.01778237585,76.93234176
sst2@s0__yelp_polarity@s0,sst2@s0,yelp_polarity@s0,encoder.layer.7.intermediate.dense,3072,0.003623740257,83.2144886,0,0.003623740257,83.2144886
sst2@s0__yelp_polarity@s0,sst2@s0,yelp_polarity@s0,encoder.layer.7.output.dense,768,0.03003256134,72.66059239,0,0.03003256134,72.66059239
sst2@s0__yelp_polarity@s0,sst2@s0,yelp_polarity@s0,encoder.layer.8.attention.output.dense,768,0.03332636784,71.803982,0,0.03332636784,71.803982
sst2@s0__yelp_polarity@s0,sst2@s0,yelp_polarity@s0,encoder.layer.8.attention.self.key,768,0.03318114215,71.5036985,0,0.03318114215,71.5036985
sst2@s0__yelp_polarity@s0,sst2@s0,yelp_polarity@s0,encoder.layer.8.attention.self.query,768,0.02437131845,72.94694397,0,0.02437131845,72.94694397
sst2@s0__yelp_polarity@s0,sst2@s0,yelp_polarity@s0,encoder.layer.8.attention.self.value,768,0.01890401159,73.51990529,0,0.01890401159,73.51990529
sst2@s0__yelp_polarity@s0,sst2@s0,yelp_polarity@s0,encoder.layer.8.intermediate.dense,3072,0.005888339474,81.92716888,0,0.005888339474,81.92716888
sst2@s0__yelp_polarity@s0,sst2@s0,yelp_polarity@s0,encoder.layer.8.output.dense,768,0.02695708438,73.80876273,0,0.02695708438,73.80876273
sst2@s0__yelp_polarity@s0,sst2@s0,yelp_polarity@s0,encoder.layer.9.attention.output.dense,768,0.03715461439,66.53196258,0,0.03715461439,66.53196258
sst2@s0__yelp_polarity@s0,sst2@s0,yelp_polarity@s0,encoder.layer.9.attention.self.key,768,0.02586418053,74.09602913,0,0.02586418053,74.09602913
sst2@s0__yelp_polarity@s0,sst2@s0,yelp_polarity@s0,encoder.layer.9.attention.self.query,768,0.01948344015,75.79205493,0,0.01948344015,75.79205493
sst2@s0__yelp_polarity@s0,sst2@s0,yelp_polarity@s0,encoder.layer.9.attention.self.value,768,0.02687359133,72.45734437,0,0.02687359133,72.45734437
sst2@s0__yelp_polarity@s0,sst2@s0,yelp_polarity@s0,encoder.layer.9.intermediate.dense,3072,0.01110135011,77.42662657,0,0.01110135011,77.42662657
sst2@s0__yelp_polarity@s0,sst2@s0,yelp_polarity@s0,encoder.layer.9.output.dense,768,0.02455444269,74.18925092,0,0.02455444269,74.18925092
sst2@s0__yelp_polarity@s0,sst2@s0,yelp_polarity@s0,pooler.dense,768,0.1129831434,49.98133003,0,0.1129831434,49.98133003
mrpc@s0__stsb@s0,mrpc@s0,stsb@s0,encoder.layer.0.attention.output.dense,768,0.01876704695,75.8130237,0,0.01876704695,75.8130237
mrpc@s0__stsb@s0,mrpc@s0,stsb@s0,encoder.layer.0.attention.self.key,768,0.02410844922,71.62951127,0,0.02410844922,71.62951127
mrpc@s0__stsb@s0,mrpc@s0,stsb@s0,encoder.layer.0.attention.self.query,768,0.01802578155,77.64137738,0,0.01802578155,77.64137738
mrpc@s0__stsb@s0,mrpc@s0,stsb@s0,encoder.layer.0.attention.self.value,768,0.02781651849,74.12043229,0,0.02781651849,74.12043229
mrpc@s0__stsb@s0,mrpc@s0,stsb@s0,encoder.layer.0.intermediate.dense,3072,0.003503618971,83.9228549,0,0.003503618971,83.9228549
mrpc@s0__stsb@s0,mrpc@s0,stsb@s0,encoder.layer.0.output.dense,768,0.01706664522,76.74171631,0,0.01706664522,76.74171631
mrpc@s0__stsb@s0,mrpc@s0,stsb@s0,encoder.layer.1.attention.output.dense,768,0.03072132699,71.05772771,0,0.03072132699,71.05772771
mrpc@s0__stsb@s0,mrpc@s0,stsb@s0,encoder.layer.1.attention.self.key,768,0.01498513886,77.06229558,0,0.01498513886,77.06229558
mrpc@s0__stsb@s0,mrpc@s0,stsb@s0,encoder.layer.1.attention.self.query,768,0.02836401398,72.58200359,0,0.02836401398,72.58200359
mrpc@s0__stsb@s0,mrpc@s0,stsb@s0,encoder.layer.1.attention.self.value,768,0.02136428554,72.72205152,0,0.02136428554,72.72205152
mrpc@s0__stsb@s0,mrpc@s0,stsb@s0,encoder.layer.1.intermediate.dense,3072,0.004632860385,83.35910284,0,0.004632860385,83.35910284
mrpc@s0__stsb@s0,mrpc@s0,stsb@s0,encoder.layer.1.output.dense,768,0.01844238568,75.08335575,0,0.01844238568,75.08335575
mrpc@s0__stsb@s0,mrpc@s0,stsb@s0,encoder.layer.10.attention.output.dense,768,0.06385781974,67.37730242,0,0.06385781974,67.37730242
mrpc@s0__stsb@s0,mrpc@s0,stsb@s0,encoder.layer.10.attention.self.key,768,0.02598051205,70.90532919,0,0.02598051205,70.90532919
mrpc@s0__stsb@s0,mrpc@s0,stsb@s0,encoder.layer.10.attention.self.query,768,0.03440011823,69.67680936,0,0.03440011823,69.67680936
mrpc@s0__stsb@s0,mrpc@s0,stsb@s0,encoder.layer.10.attention.self.value,768,0.04169286896,68.0817624,0,0.04169286896,68.0817624
mrpc@s0__stsb@s0,mrpc@s0,stsb@s0,encoder.layer.10.intermediate.dense,3072,0.00482893353,83.0085029,0,0.00482893353,83.0085029
mrpc@s0__stsb@s0,mrpc@s0,stsb@s0,encoder.layer.10.output.dense,768,0.08803590783,54.35939997,0,0.08803590783,54.35939997
mrpc@s0__stsb@s0,mrpc@s0,stsb@s0,encoder.layer.11.attention.output.dense,768,0.07770541353,58.99315219,0,0.07770541353,58.99315219
mrpc@s0__stsb@s0,mrpc@s0,stsb@s0,encoder.layer.11.attention.self.key,768,0.04053111958,69.87252744,0,0.04053111958,69.87252744
mrpc@s0__stsb@s0,mrpc@s0,stsb@s0,encoder.layer.11.attention.self.query,768,0.03298407511,72.98364399,0,0.03298407511,72.98364399
mrpc@s0__stsb@s0,mrpc@s0,stsb@s0,encoder.layer.11.attention.self.value,768,0.04320361697,63.31178723,0,0.04320361697,63.31178723
mrpc@s0__stsb@s0,mrpc@s0,stsb@s0,encoder.layer.11.intermediate.dense,3072,0.007463875332,80.92366174,0,0.007463875332,80.92366174
mrpc@s0__stsb@s0,mrpc@s0,stsb@s0,encoder.layer.11.output.dense,768,0.0531997915,63.95456146,0,0.0531997915,63.95456146
mrpc@s0__stsb@s0,mrpc@s0,stsb@s0,encoder.layer.2.attention.output.dense,768,0.02050962011,75.19440903,0,0.02050962011,75.19440903
mrpc@s0__stsb@s0,mrpc@s0,stsb@s0,encoder.layer.2.attention.self.key,768,0.01630362188,77.63985682,0,0.01630362188,77.63985682
mrpc@s0__stsb@s0,mrpc@s0,stsb@s0,encoder.layer.2.attention.self.query,768,0.01792568325,75.71092342,0,0.01792568325,75.71092342
mrpc@s0__stsb@s0,mrpc@s0,stsb@s0,encoder.layer.2.attention.self.value,768,0.03324983166,71.0789361,0,0.03324983166,71.0789361
mrpc@s0__stsb@s0,mrpc@s0,stsb@s0,encoder.layer.2.intermediate.dense,3072,0.002918773032,84.43493052,0,0.002918773032,84.43493052
mrpc@s0__stsb@s0,mrpc@s0,stsb@s0,encoder.layer.2.output.dense,768,0.03237469127,72.67206205,0,0.03237469127,72.67206205
mrpc@s0__stsb@s0,mrpc@s0,stsb@s0,encoder.layer.3.attention.output.dense,768,0.01443948177,76.63782939,0,0.01443948177,76.63782939
mrpc@s0__stsb@s0,mrpc@s0,stsb@s0,encoder.layer.3.attention.self.key,768,0.01835634866,77.30961036,0,0.01835634866,77.30961036
mrpc@s0__stsb@s0,mrpc@s0,stsb@s0,encoder.layer.3.attention.self.query,768,0.02128102613,75.2756071,0,0.02128102613,75.2756071
mrpc@s0__stsb@s0,mrpc@s0,stsb@s0,encoder.layer.3.attention.self.value,768,0.02174546282,76.09412378,0,0.02174546282,76.09412378
mrpc@s0__stsb@s0,mrpc@s0,stsb@s0,encoder.layer.3.intermediate.dense,3072,0.00273960181,85.07121304,0,0.00273960181,85.07121304
mrpc@s0__stsb@s0,mrpc@s0,stsb@s0,encoder.layer.3.output.dense,768,0.01970107422,74.66315653,0,0.01970107422,74.66315653
mrpc@s0__stsb@s0,mrpc@s0,stsb@s0,encoder.layer.4.attention.output.dense,768,0.02109640105,75.21675625,0,0.02109640105,75.21675625
mrpc@s0__stsb@s0,mrpc@s0,stsb@s0,encoder.layer.4.attention.self.key,768,0.02204851208,72.92900661,0,0.02204851208,72.92900661
mrpc@s0__stsb@s0,mrpc@s0,stsb@s0,encoder.layer.4.attention.self.query,768,0.02058484622,74.4069193,0,0.02058484622,74.4069193
mrpc@s0__stsb@s0,mrpc@s0,stsb@s0,encoder.layer.4.attention.self.value,768,0.01706817841,75.34541568,0,0.01706817841,75.34541568
mrpc@s0__stsb@s0,mrpc@s0,stsb@s0,encoder.layer.4.intermediate.dense,3072,0.003757299805,84.07620484,0,0.003757299805,84.07620484
mrpc@s0__stsb@s0,mrpc@s0,stsb@s0,encoder.layer.4.output.dense,768,0.01761045975,77.1173544,0,0.01761045975,77.1173544
mrpc@s0__stsb@s0,mrpc@s0,stsb@s0,encoder.layer.5.attention.output.dense,768,0.03182505901,71.98794285,0,0.03182505901,71.98794285
mrpc@s0__stsb@s0,mrpc@s0,stsb@s0,encoder.layer.5.attention.self.key,768,0.02647007834,74.52645836,0,0.02647007834,74.52645836
mrpc@s0__stsb@s0,mrpc@s0,stsb@s0,encoder.layer.5.attention.self.query,768,0.02281690601,75.41482999,0,0.02281690601,75.41482999
mrpc@s0__stsb@s0,mrpc@s0,stsb@s0,encoder.layer.5.attention.self.value,768,0.0203241313,75.24460915,0,0.0203241313,75.24460915
mrpc@s0__stsb@s0,mrpc@s0,stsb@s0,encoder.layer.5.intermediate.dense,3072,0.00339014518,84.39028304,0,0.00339014518,84.39028304
mrpc@s0__stsb@s0,mrpc@s0,stsb@s0,encoder.layer.5.output.dense,768,0.02288159633,73.0694015,0,0.02288159633,73.0694015
mrpc@s0__stsb@s0,mrpc@s0,stsb@s0,encoder.layer.6.attention.output.dense,768,0.02441612193,73.44880721,0,0.02441612193,73.44880721
mrpc@s0__stsb@s0,mrpc@s0,stsb@s0,encoder.layer.6.attention.self.key,768,0.02719645582,72.54155867,0,0.02719645582,72.54155867
mrpc@s0__stsb@s0,mrpc@s0,stsb@s0,encoder.layer.6.attention.self.query,768,0.01876604542,75.13462952,0,0.01876604542,75.13462952
mrpc@s0__stsb@s0,mrpc@s0,stsb@s0,encoder.layer.6.attention.self.value,768,0.02226906696,73.30147128,0,0.02226906696,73.30147128
mrpc@s0__stsb@s0,mrpc@s0,stsb@s0,encoder.layer.6.intermediate.dense,3072,0.004022715136,82.98515277,0,0.004022715136,82.98515277
mrpc@s0__stsb@s0,mrpc@s0,stsb@s0,encoder.layer.6.output.dense,768,0.0303531972,71.90107451,0,0.0303531972,71.90107451
mrpc@s0__stsb@s0,mrpc@s0,stsb@s0,encoder.layer.7.attention.output.dense,768,0.02540458991,73.58204604,0,0.02540458991,73.58204604
mrpc@s0__stsb@s0,mrpc@s0,stsb@s0,encoder.layer.7.attention.self.key,768,0.02512644013,74.74144577,0,0.02512644013,74.74144577
mrpc@s0__stsb@s0,mrpc@s0,stsb@s0,encoder.layer.7.attention.self.query,768,0.01842286465,75.27892594,0,0.01842286465,75.27892594
mrpc@s0__stsb@s0,mrpc@s0,stsb@s0,encoder.layer.7.attention.self.value,768,0.01439695202,78.30569281,0,0.01439695202,78.30569281
mrpc@s0__stsb@s0,mrpc@s0,stsb@s0,encoder.layer.7.intermediate.dense,3072,0.003975051786,83.56591151,0,0.003975051786,83.56591151
mrpc@s0__stsb@s0,mrpc@s0,stsb@s0,encoder.layer.7.output.dense,768,0.03133594687,69.70990126,0,0.03133594687,69.70990126
mrpc@s0__stsb@s0,mrpc@s0,stsb@s0,encoder.layer.8.attention.output.dense,768,0.02672167521,72.07369156,0,0.02672167521,72.07369156
mrpc@s0__stsb@s0,mrpc@s0,stsb@s0,encoder.layer.8.attention.self.key,768,0.02713571745,74.718346,0,0.02713571745,74.718346
mrpc@s0__stsb@s0,mrpc@s0,stsb@s0,encoder.layer.8.attention.self.query,768,0.02488314964,74.3482574,0,0.02488314964,74.3482574
mrpc@s0__stsb@s0,mrpc@s0,stsb@s0,encoder.layer.8.attention.self.value,768,0.02664596757,73.76938045,0,0.02664596757,73.76938045
mrpc@s0__stsb@s0,mrpc@s0,stsb@s0,encoder.layer.8.intermediate.dense,3072,0.003715522405,83.19413672,0,0.003715522405,83.19413672
mrpc@s0__stsb@s0,mrpc@s0,stsb@s0,encoder.layer.8.output.dense,768,0.02726501469,72.63473716,0,0.02726501469,72.63473716
mrpc@s0__stsb@s0,mrpc@s0,stsb@s0,encoder.layer.9.attention.output.dense,768,0.02893036211,71.65632892,0,0.02893036211,71.65632892
mrpc@s0__stsb@s0,mrpc@s0,stsb@s0,encoder.layer.9.attention.self.key,768,0.02912814276,71.07520268,0,0.02912814276,71.07520268
mrpc@s0__stsb@s0,mrpc@s0,stsb@s0,encoder.layer.9.attention.self.query,768,0.02689771178,74.69968441,0,0.02689771178,74.69968441
mrpc@s0__stsb@s0,mrpc@s0,stsb@s0,encoder.layer.9.attention.self.value,768,0.02103382412,75.32907534,0,0.02103382412,75.32907534
mrpc@s0__stsb@s0,mrpc@s0,stsb@s0,encoder.layer.9.intermediate.dense,3072,0.005559291678,83.42482455,0,0.005559291678,83.42482455
mrpc@s0__stsb@s0,mrpc@s0,stsb@s0,encoder.layer.9.output.dense,768,0.05415648551,65.10061689,0,0.05415648551,65.10061689
mrpc@s0__stsb@s0,mrpc@s0,stsb@s0,pooler.dense,768,0.06000273703,66.47784488,0,0.06000273703,66.47784488
mrpc@s0__mnli@s0,mrpc@s0,mnli@s0,encoder.layer.0.attention.output.dense,768,0.01219562355,77.86959143,0,0.01219562355,77.86959143
mrpc@s0__mnli@s0,mrpc@s0,mnli@s0,encoder.layer.0.attention.self.key,768,0.02354884906,72.91067663,0,0.02354884906,72.91067663
mrpc@s0__mnli@s0,mrpc@s0,mnli@s0,encoder.layer.0.attention.self.query,768,0.01559800468,78.46047928,0,0.01559800468,78.46047928
mrpc@s0__mnli@s0,mrpc@s0,mnli@s0,encoder.layer.0.attention.self.value,768,0.01400054678,78.36244664,0,0.01400054678,78.36244664
mrpc@s0__mnli@s0,mrpc@s0,mnli@s0,encoder.layer.0.intermediate.dense,3072,0.002755005821,84.84887402,0,0.002755005821,84.84887402
mrpc@s0__mnli@s0,mrpc@s0,mnli@s0,encoder.layer.0.output.dense,768,0.01316256706,77.87401559,0,0.01316256706,77.87401559
mrpc@s0__mnli@s0,mrpc@s0,mnli@s0,encoder.layer.1.attention.output.dense,768,0.01296555717,78.12905284,0,0.01296555717,78.12905284
mrpc@s0__mnli@s0,mrpc@s0,mnli@s0,encoder.layer.1.attention.self.key,768,0.01281377495,77.68550992,0,0.01281377495,77.68550992
mrpc@s0__mnli@s0,mrpc@s0,mnli@s0,encoder.layer.1.attention.self.query,768,0.01587663281,75.74058668,0,0.01587663281,75.74058668
mrpc@s0__mnli@s0,mrpc@s0,mnli@s0,encoder.layer.1.attention.self.value,768,0.01757391187,75.84731774,0,0.01757391187,75.84731774
mrpc@s0__mnli@s0,mrpc@s0,mnli@s0,encoder.layer.1.intermediate.dense,3072,0.002277730214,85.17388801,0,0.002277730214,85.17388801
mrpc@s0__mnli@s0,mrpc@s0,mnli@s0,encoder.layer.1.output.dense,768,0.01074700591,78.87652002,0,0.01074700591,78.87652002
mrpc@s0__mnli@s0,mrpc@s0,mnli@s0,encoder.layer.10.attention.output.dense,768,0.02955190224,72.13416411,0,0.02955190224,72.13416411
mrpc@s0__mnli@s0,mrpc@s0,mnli@s0,encoder.layer.10.attention.self.key,768,0.01945372874,71.83711202,0,0.01945372874,71.83711202
mrpc@s0__mnli@s0,mrpc@s0,mnli@s0,encoder.layer.10.attention.self.query,768,0.02089783463,73.20985133,0,0.02089783463,73.20985133
mrpc@s0__mnli@s0,mrpc@s0,mnli@s0,encoder.layer.10.attention.self.value,768,0.01486726728,76.16621286,0,0.01486726728,76.16621286
mrpc@s0__mnli@s0,mrpc@s0,mnli@s0,encoder.layer.10.intermediate.dense,3072,0.003479027155,83.61491007,0,0.003479027155,83.61491007
mrpc@s0__mnli@s0,mrpc@s0,mnli@s0,encoder.layer.10.output.dense,768,0.0221294252,77.14684898,0,0.0221294252,77.14684898
mrpc@s0__mnli@s0,mrpc@s0,mnli@s0,encoder.layer.11.attention.output.dense,768,0.01523281567,76.53706525,0,0.01523281567,76.53706525
mrpc@s0__mnli@s0,mrpc@s0,mnli@s0,encoder.layer.11.attention.self.key,768,0.03054030461,69.32082421,0,0.03054030461,69.32082421
mrpc@s0__mnli@s0,mrpc@s0,mnli@s0,encoder.layer.11.attention.self.query,768,0.0218253599,73.79449835,0,0.0218253599,73.79449835
mrpc@s0__mnli@s0,mrpc@s0,mnli@s0,encoder.layer.11.attention.self.value,768,0.01541582885,77.43476479,0,0.01541582885,77.43476479
mrpc@s0__mnli@s0,mrpc@s0,mnli@s0,encoder.layer.11.intermediate.dense,3072,0.006318930926,80.06742661,0,0.006318930926,80.06742661
mrpc@s0__mnli@s0,mrpc@s0,mnli@s0,encoder.layer.11.output.dense,768,0.02046525322,73.41584859,0,0.02046525322,73.41584859
mrpc@s0__mnli@s0,mrpc@s0,mnli@s0,encoder.layer.2.attention.output.dense,768,0.01004167301,79.93994326,0,0.01004167301,79.93994326
mrpc@s0__mnli@s0,mrpc@s0,mnli@s0,encoder.layer.2.attention.self.key,768,0.01891767661,76.03220947,0,0.01891767661,76.03220947
mrpc@s0__mnli@s0,mrpc@s0,mnli@s0,encoder.layer.2.attention.self.query,768,0.01394313692,78.26754867,0,0.01394313692,78.26754867
mrpc@s0__mnli@s0,mrpc@s0,mnli@s0,encoder.layer.2.attention.self.value,768,0.01197406842,78.39233053,0,0.01197406842,78.39233053
mrpc@s0__mnli@s0,mrpc@s0,mnli@s0,encoder.layer.2.intermediate.dense,3072,0.002626042606,84.56038941,0,0.002626042606,84.56038941
mrpc@s0__mnli@s0,mrpc@s0,mnli@s0,encoder.layer.2.output.dense,768,0.01231190509,79.15530902,0,0.01231190509,79.15530902
mrpc@s0__mnli@s0,mrpc@s0,mnli@s0,encoder.layer.3.attention.output.dense,768,0.01354199551,78.11463002,0,0.01354199551,78.11463002
mrpc@s0__mnli@s0,mrpc@s0,mnli@s0,encoder.layer.3.attention.self.key,768,0.01386362989,78.77884522,0,0.01386362989,78.77884522
mrpc@s0__mnli@s0,mrpc@s0,mnli@s0,encoder.layer.3.attention.self.query,768,0.01208970163,80.08304768,0,0.01208970163,80.08304768
mrpc@s0__mnli@s0,mrpc@s0,mnli@s0,encoder.layer.3.attention.self.value,768,0.01122578939,79.69515724,0,0.01122578939,79.69515724
mrpc@s0__mnli@s0,mrpc@s0,mnli@s0,encoder.layer.3.intermediate.dense,3072,0.003065166361,84.80701806,0,0.003065166361,84.80701806
mrpc@s0__mnli@s0,mrpc@s0,mnli@s0,encoder.layer.3.output.dense,768,0.006353484024,82.22278763,0,0.006353484024,82.22278763
mrpc@s0__mnli@s0,mrpc@s0,mnli@s0,encoder.layer.4.attention.output.dense,768,0.01485379358,75.96610944,0,0.01485379358,75.96610944
mrpc@s0__mnli@s0,mrpc@s0,mnli@s0,encoder.layer.4.attention.self.key,768,0.01481241508,78.48688966,0,0.01481241508,78.48688966
mrpc@s0__mnli@s0,mrpc@s0,mnli@s0,encoder.layer.4.attention.self.query,768,0.01179040748,78.51837805,0,0.01179040748,78.51837805
mrpc@s0__mnli@s0,mrpc@s0,mnli@s0,encoder.layer.4.attention.self.value,768,0.01138159698,79.71977556,0,0.01138159698,79.71977556
mrpc@s0__mnli@s0,mrpc@s0,mnli@s0,encoder.layer.4.intermediate.dense,3072,0.002938671878,84.30425393,0,0.002938671878,84.30425393
mrpc@s0__mnli@s0,mrpc@s0,mnli@s0,encoder.layer.4.output.dense,768,0.01041016986,77.92193406,0,0.01041016986,77.92193406
mrpc@s0__mnli@s0,mrpc@s0,mnli@s0,encoder.layer.5.attention.output.dense,768,0.01457697572,78.96186469,0,0.01457697572,78.96186469
mrpc@s0__mnli@s0,mrpc@s0,mnli@s0,encoder.layer.5.attention.self.key,768,0.01550973261,78.21226344,0,0.01550973261,78.21226344
mrpc@s0__mnli@s0,mrpc@s0,mnli@s0,encoder.layer.5.attention.self.query,768,0.01898113411,74.84964235,0,0.01898113411,74.84964235
mrpc@s0__mnli@s0,mrpc@s0,mnli@s0,encoder.layer.5.attention.self.value,768,0.009474483466,80.88801227,0,0.009474483466,80.88801227
mrpc@s0__mnli@s0,mrpc@s0,mnli@s0,encoder.layer.5.intermediate.dense,3072,0.00346683493,84.12340155,0,0.00346683493,84.12340155
mrpc@s0__mnli@s0,mrpc@s0,mnli@s0,encoder.layer.5.output.dense,768,0.01398930637,78.1884624,0,0.01398930637,78.1884624
mrpc@s0__mnli@s0,mrpc@s0,mnli@s0,encoder.layer.6.attention.output.dense,768,0.0151061667,76.76444711,0,0.0151061667,76.76444711
mrpc@s0__mnli@s0,mrpc@s0,mnli@s0,encoder.layer.6.attention.self.key,768,0.01306545337,77.68863639,0,0.01306545337,77.68863639
mrpc@s0__mnli@s0,mrpc@s0,mnli@s0,encoder.layer.6.attention.self.query,768,0.01424942546,79.29929152,0,0.01424942546,79.29929152
mrpc@s0__mnli@s0,mrpc@s0,mnli@s0,encoder.layer.6.attention.self.value,768,0.01296075002,79.47469664,0,0.01296075002,79.47469664
mrpc@s0__mnli@s0,mrpc@s0,mnli@s0,encoder.layer.6.intermediate.dense,3072,0.003066102297,83.78467484,0,0.003066102297,83.78467484
mrpc@s0__mnli@s0,mrpc@s0,mnli@s0,encoder.layer.6.output.dense,768,0.01241567949,78.50624362,0,0.01241567949,78.50624362
mrpc@s0__mnli@s0,mrpc@s0,mnli@s0,encoder.layer.7.attention.output.dense,768,0.01001053261,79.17952625,0,0.01001053261,79.17952625
mrpc@s0__mnli@s0,mrpc@s0,mnli@s0,encoder.layer.7.attention.self.key,768,0.01430764642,79.44842076,0,0.01430764642,79.44842076
mrpc@s0__mnli@s0,mrpc@s0,mnli@s0,encoder.layer.7.attention.self.query,768,0.01365277022,77.09421945,0,0.01365277022,77.09421945
mrpc@s0__mnli@s0,mrpc@s0,mnli@s0,encoder.layer.7.attention.self.value,768,0.01533057299,77.01762663,0,0.01533057299,77.01762663
mrpc@s0__mnli@s0,mrpc@s0,mnli@s0,encoder.layer.7.intermediate.dense,3072,0.002841046243,84.66539816,0,0.002841046243,84.66539816
mrpc@s0__mnli@s0,mrpc@s0,mnli@s0,encoder.layer.7.output.dense,768,0.01835603124,75.39939123,0,0.01835603124,75.39939123
mrpc@s0__mnli@s0,mrpc@s0,mnli@s0,encoder.layer.8.attention.output.dense,768,0.01928167294,75.97833725,0,0.01928167294,75.97833725
mrpc@s0__mnli@s0,mrpc@s0,mnli@s0,encoder.layer.8.attention.self.key,768,0.01311336338,78.44933359,0,0.01311336338,78.44933359
mrpc@s0__mnli@s0,mrpc@s0,mnli@s0,encoder.layer.8.attention.self.query,768,0.01593836017,77.21629823,0,0.01593836017,77.21629823
mrpc@s0__mnli@s0,mrpc@s0,mnli@s0,encoder.layer.8.attention.self.value,768,0.009599039951,80.13905192,0,0.009599039951,80.13905192
mrpc@s0__mnli@s0,mrpc@s0,mnli@s0,encoder.layer.8.intermediate.dense,3072,0.003356584479,83.81537184,0,0.003356584479,83.81537184
mrpc@s0__mnli@s0,mrpc@s0,mnli@s0,encoder.layer.8.output.dense,768,0.01733382909,76.61034138,0,0.01733382909,76.61034138
mrpc@s0__mnli@s0,mrpc@s0,mnli@s0,encoder.layer.9.attention.output.dense,768,0.02031160338,75.92144409,0,0.02031160338,75.92144409
mrpc@s0__mnli@s0,mrpc@s0,mnli@s0,encoder.layer.9.attention.self.key,768,0.01391988526,77.86252752,0,0.01391988526,77.86252752
mrpc@s0__mnli@s0,mrpc@s0,mnli@s0,encoder.layer.9.attention.self.query,768,0.02325065119,75.12194432,0,0.02325065119,75.12194432
mrpc@s0__mnli@s0,mrpc@s0,mnli@s0,encoder.layer.9.attention.self.value,768,0.01353613522,77.04987678,0,0.01353613522,77.04987678
mrpc@s0__mnli@s0,mrpc@s0,mnli@s0,encoder.layer.9.intermediate.dense,3072,0.002330000892,85.21973869,0,0.002330000892,85.21973869
mrpc@s0__mnli@s0,mrpc@s0,mnli@s0,encoder.layer.9.output.dense,768,0.01588820287,77.52481951,0,0.01588820287,77.52481951
mrpc@s0__mnli@s0,mrpc@s0,mnli@s0,pooler.dense,768,0.0478649231,65.2383113,0,0.0478649231,65.2383113
mrpc@s0__qnli@s0,mrpc@s0,qnli@s0,encoder.layer.0.attention.output.dense,768,0.01321487063,79.11641312,0,0.01321487063,79.11641312
mrpc@s0__qnli@s0,mrpc@s0,qnli@s0,encoder.layer.0.attention.self.key,768,0.02391911967,74.81365118,0,0.02391911967,74.81365118
mrpc@s0__qnli@s0,mrpc@s0,qnli@s0,encoder.layer.0.attention.self.query,768,0.02406786405,74.19137162,0,0.02406786405,74.19137162
mrpc@s0__qnli@s0,mrpc@s0,qnli@s0,encoder.layer.0.attention.self.value,768,0.01981832983,75.58706145,0,0.01981832983,75.58706145
mrpc@s0__qnli@s0,mrpc@s0,qnli@s0,encoder.layer.0.intermediate.dense,3072,0.003223060662,83.84574819,0,0.003223060662,83.84574819
mrpc@s0__qnli@s0,mrpc@s0,qnli@s0,encoder.layer.0.output.dense,768,0.01989137572,76.25644321,0,0.01989137572,76.25644321
mrpc@s0__qnli@s0,mrpc@s0,qnli@s0,encoder.layer.1.attention.output.dense,768,0.01606642913,74.47895306,0,0.01606642913,74.47895306
mrpc@s0__qnli@s0,mrpc@s0,qnli@s0,encoder.layer.1.attention.self.key,768,0.02116416935,76.90070807,0,0.02116416935,76.90070807
mrpc@s0__qnli@s0,mrpc@s0,qnli@s0,encoder.layer.1.attention.self.query,768,0.01998451625,75.22323149,0,0.01998451625,75.22323149
mrpc@s0__qnli@s0,mrpc@s0,qnli@s0,encoder.layer.1.attention.self.value,768,0.0187403457,76.77787542,0,0.0187403457,76.77787542
mrpc@s0__qnli@s0,mrpc@s0,qnli@s0,encoder.layer.1.intermediate.dense,3072,0.002842919481,85.01767988,0,0.002842919481,85.01767988
mrpc@s0__qnli@s0,mrpc@s0,qnli@s0,encoder.layer.1.output.dense,768,0.01327812634,77.87035624,0,0.01327812634,77.87035624
mrpc@s0__qnli@s0,mrpc@s0,qnli@s0,encoder.layer.10.attention.output.dense,768,0.04484643788,68.89688189,0,0.04484643788,68.89688189
mrpc@s0__qnli@s0,mrpc@s0,qnli@s0,encoder.layer.10.attention.self.key,768,0.02456456799,74.2833592,0,0.02456456799,74.2833592
mrpc@s0__qnli@s0,mrpc@s0,qnli@s0,encoder.layer.10.attention.self.query,768,0.03114989323,71.34172667,0,0.03114989323,71.34172667
mrpc@s0__qnli@s0,mrpc@s0,qnli@s0,encoder.layer.10.attention.self.value,768,0.02925414183,69.85330571,0,0.02925414183,69.85330571
mrpc@s0__qnli@s0,mrpc@s0,qnli@s0,encoder.layer.10.intermediate.dense,3072,0.003396133837,83.0272004,0,0.003396133837,83.0272004
mrpc@s0__qnli@s0,mrpc@s0,qnli@s0,encoder.layer.10.output.dense,768,0.04462705742,66.33916986,0,0.04462705742,66.33916986
mrpc@s0__qnli@s0,mrpc@s0,qnli@s0,encoder.layer.11.attention.output.dense,768,0.04753880895,65.35556512,0,0.04753880895,65.35556512
mrpc@s0__qnli@s0,mrpc@s0,qnli@s0,encoder.layer.11.attention.self.key,768,0.022778902,74.09365535,0,0.022778902,74.09365535
mrpc@s0__qnli@s0,mrpc@s0,qnli@s0,encoder.layer.11.attention.self.query,768,0.02995692714,72.21274761,0,0.02995692714,72.21274761
mrpc@s0__qnli@s0,mrpc@s0,qnli@s0,encoder.layer.11.attention.self.value,768,0.04034408371,63.12701722,0,0.04034408371,63.12701722
mrpc@s0__qnli@s0,mrpc@s0,qnli@s0,encoder.layer.11.intermediate.dense,3072,0.009927567031,79.1280132,0,0.009927567031,79.1280132
mrpc@s0__qnli@s0,mrpc@s0,qnli@s0,encoder.layer.11.output.dense,768,0.03628960896,71.32039178,0,0.03628960896,71.32039178
mrpc@s0__qnli@s0,mrpc@s0,qnli@s0,encoder.layer.2.attention.output.dense,768,0.01327747559,78.44416432,0,0.01327747559,78.44416432
mrpc@s0__qnli@s0,mrpc@s0,qnli@s0,encoder.layer.2.attention.self.key,768,0.01496937968,77.8934701,0,0.01496937968,77.8934701
mrpc@s0__qnli@s0,mrpc@s0,qnli@s0,encoder.layer.2.attention.self.query,768,0.01926658583,76.62832477,0,0.01926658583,76.62832477
mrpc@s0__qnli@s0,mrpc@s0,qnli@s0,encoder.layer.2.attention.self.value,768,0.01675986435,77.47847979,0,0.01675986435,77.47847979
mrpc@s0__qnli@s0,mrpc@s0,qnli@s0,encoder.layer.2.intermediate.dense,3072,0.003097471127,84.69344713,0,0.003097471127,84.69344713
mrpc@s0__qnli@s0,mrpc@s0,qnli@s0,encoder.layer.2.output.dense,768,0.02152456403,76.79363457,0,0.02152456403,76.79363457
mrpc@s0__qnli@s0,mrpc@s0,qnli@s0,encoder.layer.3.attention.output.dense,768,0.01929810684,76.25761807,0,0.01929810684,76.25761807
mrpc@s0__qnli@s0,mrpc@s0,qnli@s0,encoder.layer.3.attention.self.key,768,0.01733082982,76.11825064,0,0.01733082982,76.11825064
mrpc@s0__qnli@s0,mrpc@s0,qnli@s0,encoder.layer.3.attention.self.query,768,0.01590705517,76.99091534,0,0.01590705517,76.99091534
mrpc@s0__qnli@s0,mrpc@s0,qnli@s0,encoder.layer.3.attention.self.value,768,0.02165378193,75.56155844,0,0.02165378193,75.56155844
mrpc@s0__qnli@s0,mrpc@s0,qnli@s0,encoder.layer.3.intermediate.dense,3072,0.002897881712,84.75255148,0,0.002897881712,84.75255148
mrpc@s0__qnli@s0,mrpc@s0,qnli@s0,encoder.layer.3.output.dense,768,0.01471142468,78.87328112,0,0.01471142468,78.87328112
mrpc@s0__qnli@s0,mrpc@s0,qnli@s0,encoder.layer.4.attention.output.dense,768,0.01349551061,77.92748591,0,0.01349551061,77.92748591
mrpc@s0__qnli@s0,mrpc@s0,qnli@s0,encoder.layer.4.attention.self.key,768,0.01494915782,77.37518385,0,0.01494915782,77.37518385
mrpc@s0__qnli@s0,mrpc@s0,qnli@s0,encoder.layer.4.attention.self.query,768,0.02642964399,74.65981897,0,0.02642964399,74.65981897
mrpc@s0__qnli@s0,mrpc@s0,qnli@s0,encoder.layer.4.attention.self.value,768,0.01757670537,74.47193089,0,0.01757670537,74.47193089
mrpc@s0__qnli@s0,mrpc@s0,qnli@s0,encoder.layer.4.intermediate.dense,3072,0.002979969428,83.79317697,0,0.002979969428,83.79317697
mrpc@s0__qnli@s0,mrpc@s0,qnli@s0,encoder.layer.4.output.dense,768,0.015265169,78.58066188,0,0.015265169,78.58066188
mrpc@s0__qnli@s0,mrpc@s0,qnli@s0,encoder.layer.5.attention.output.dense,768,0.01319625199,79.5644219,0,0.01319625199,79.5644219
mrpc@s0__qnli@s0,mrpc@s0,qnli@s0,encoder.layer.5.attention.self.key,768,0.01370265411,77.18311135,0,0.01370265411,77.18311135
mrpc@s0__qnli@s0,mrpc@s0,qnli@s0,encoder.layer.5.attention.self.query,768,0.0138034702,78.62232282,0,0.0138034702,78.62232282
mrpc@s0__qnli@s0,mrpc@s0,qnli@s0,encoder.layer.5.attention.self.value,768,0.01394127524,78.68023991,0,0.01394127524,78.68023991
mrpc@s0__qnli@s0,mrpc@s0,qnli@s0,encoder.layer.5.intermediate.dense,3072,0.00325053003,84.38048007,0,0.00325053003,84.38048007
mrpc@s0__qnli@s0,mrpc@s0,qnli@s0,encoder.layer.5.output.dense,768,0.01817948735,76.18826584,0,0.01817948735,76.18826584
mrpc@s0__qnli@s0,mrpc@s0,qnli@s0,encoder.layer.6.attention.output.dense,768,0.01662225417,76.7600307,0,0.01662225417,76.7600307
mrpc@s0__qnli@s0,mrpc@s0,qnli@s0,encoder.layer.6.attention.self.key,768,0.01388594187,77.90000638,0,0.01388594187,77.90000638
mrpc@s0__qnli@s0,mrpc@s0,qnli@s0,encoder.layer.6.attention.self.query,768,0.01772639226,75.85712018,0,0.01772639226,75.85712018
mrpc@s0__qnli@s0,mrpc@s0,qnli@s0,encoder.layer.6.attention.self.value,768,0.01245691275,76.97279918,0,0.01245691275,76.97279918
mrpc@s0__qnli@s0,mrpc@s0,qnli@s0,encoder.layer.6.intermediate.dense,3072,0.002003595898,85.81493933,0,0.002003595898,85.81493933
mrpc@s0__qnli@s0,mrpc@s0,qnli@s0,encoder.layer.6.output.dense,768,0.01667801802,77.33676344,0,0.01667801802,77.33676344
mrpc@s0__qnli@s0,mrpc@s0,qnli@s0,encoder.layer.7.attention.output.dense,768,0.01820539043,75.22687898,0,0.01820539043,75.22687898
mrpc@s0__qnli@s0,mrpc@s0,qnli@s0,encoder.layer.7.attention.self.key,768,0.01772370231,76.53350801,0,0.01772370231,76.53350801
mrpc@s0__qnli@s0,mrpc@s0,qnli@s0,encoder.layer.7.attention.self.query,768,0.0147916795,77.434341,0,0.0147916795,77.434341
mrpc@s0__qnli@s0,mrpc@s0,qnli@s0,encoder.layer.7.attention.self.value,768,0.01423996969,76.63089756,0,0.01423996969,76.63089756
mrpc@s0__qnli@s0,mrpc@s0,qnli@s0,encoder.layer.7.intermediate.dense,3072,0.002460521322,84.7802479,0,0.002460521322,84.7802479
mrpc@s0__qnli@s0,mrpc@s0,qnli@s0,encoder.layer.7.output.dense,768,0.02435598823,75.44135208,0,0.02435598823,75.44135208
mrpc@s0__qnli@s0,mrpc@s0,qnli@s0,encoder.layer.8.attention.output.dense,768,0.02616805049,75.13391458,0,0.02616805049,75.13391458
mrpc@s0__qnli@s0,mrpc@s0,qnli@s0,encoder.layer.8.attention.self.key,768,0.01706638645,76.09716053,0,0.01706638645,76.09716053
mrpc@s0__qnli@s0,mrpc@s0,qnli@s0,encoder.layer.8.attention.self.query,768,0.02200698471,74.48759492,0,0.02200698471,74.48759492
mrpc@s0__qnli@s0,mrpc@s0,qnli@s0,encoder.layer.8.attention.self.value,768,0.01702530019,76.31282364,0,0.01702530019,76.31282364
mrpc@s0__qnli@s0,mrpc@s0,qnli@s0,encoder.layer.8.intermediate.dense,3072,0.002597322421,84.47489124,0,0.002597322421,84.47489124
mrpc@s0__qnli@s0,mrpc@s0,qnli@s0,encoder.layer.8.output.dense,768,0.03218122615,70.11088183,0,0.03218122615,70.11088183
mrpc@s0__qnli@s0,mrpc@s0,qnli@s0,encoder.layer.9.attention.output.dense,768,0.0317642763,71.45087021,0,0.0317642763,71.45087021
mrpc@s0__qnli@s0,mrpc@s0,qnli@s0,encoder.layer.9.attention.self.key,768,0.02347017378,74.52209504,0,0.02347017378,74.52209504
mrpc@s0__qnli@s0,mrpc@s0,qnli@s0,encoder.layer.9.attention.self.query,768,0.02094489791,75.33099632,0,0.02094489791,75.33099632
mrpc@s0__qnli@s0,mrpc@s0,qnli@s0,encoder.layer.9.attention.self.value,768,0.01354572781,77.91644943,0,0.01354572781,77.91644943
mrpc@s0__qnli@s0,mrpc@s0,qnli@s0,encoder.layer.9.intermediate.dense,3072,0.004061257084,82.94870039,0,0.004061257084,82.94870039
mrpc@s0__qnli@s0,mrpc@s0,qnli@s0,encoder.layer.9.output.dense,768,0.0376932334,69.73410814,0,0.0376932334,69.73410814
mrpc@s0__qnli@s0,mrpc@s0,qnli@s0,pooler.dense,768,0.04966123366,64.49168751,0,0.04966123366,64.49168751
mrpc@s0__rte@s0,mrpc@s0,rte@s0,encoder.layer.0.attention.output.dense,768,0.01977756325,75.53907667,0,0.01977756325,75.53907667
mrpc@s0__rte@s0,mrpc@s0,rte@s0,encoder.layer.0.attention.self.key,768,0.01907832512,75.20976064,0,0.01907832512,75.20976064
mrpc@s0__rte@s0,mrpc@s0,rte@s0,encoder.layer.0.attention.self.query,768,0.02608961757,74.25420464,0,0.02608961757,74.25420464
mrpc@s0__rte@s0,mrpc@s0,rte@s0,encoder.layer.0.attention.self.value,768,0.02410977316,72.05280209,0,0.02410977316,72.05280209
mrpc@s0__rte@s0,mrpc@s0,rte@s0,encoder.layer.0.intermediate.dense,3072,0.00322577609,84.48698686,0,0.00322577609,84.48698686
mrpc@s0__rte@s0,mrpc@s0,rte@s0,encoder.layer.0.output.dense,768,0.02344441466,75.70373974,0,0.02344441466,75.70373974
mrpc@s0__rte@s0,mrpc@s0,rte@s0,encoder.layer.1.attention.output.dense,768,0.01819590786,75.28897347,0,0.01819590786,75.28897347
mrpc@s0__rte@s0,mrpc@s0,rte@s0,encoder.layer.1.attention.self.key,768,0.0235420296,75.01260047,0,0.0235420296,75.01260047
mrpc@s0__rte@s0,mrpc@s0,rte@s0,encoder.layer.1.attention.self.query,768,0.03060633885,73.52872464,0,0.03060633885,73.52872464
mrpc@s0__rte@s0,mrpc@s0,rte@s0,encoder.layer.1.attention.self.value,768,0.02287200578,75.61799049,0,0.02287200578,75.61799049
mrpc@s0__rte@s0,mrpc@s0,rte@s0,encoder.layer.1.intermediate.dense,3072,0.001773549388,85.65189863,0,0.001773549388,85.65189863
mrpc@s0__rte@s0,mrpc@s0,rte@s0,encoder.layer.1.output.dense,768,0.02099954765,74.14891127,0,0.02099954765,74.14891127
mrpc@s0__rte@s0,mrpc@s0,rte@s0,encoder.layer.10.attention.output.dense,768,0.08165241457,63.05637743,0,0.08165241457,63.05637743
mrpc@s0__rte@s0,mrpc@s0,rte@s0,encoder.layer.10.attention.self.key,768,0.03645762617,72.23909229,0,0.03645762617,72.23909229
mrpc@s0__rte@s0,mrpc@s0,rte@s0,encoder.layer.10.attention.self.query,768,0.03411922213,70.55789145,0,0.03411922213,70.55789145
mrpc@s0__rte@s0,mrpc@s0,rte@s0,encoder.layer.10.attention.self.value,768,0.03194487668,72.74885678,0,0.03194487668,72.74885678
mrpc@s0__rte@s0,mrpc@s0,rte@s0,encoder.layer.10.intermediate.dense,3072,0.006724519705,81.35791252,0,0.006724519705,81.35791252
mrpc@s0__rte@s0,mrpc@s0,rte@s0,encoder.layer.10.output.dense,768,0.106280849,54.07253438,0,0.106280849,54.07253438
mrpc@s0__rte@s0,mrpc@s0,rte@s0,encoder.layer.11.attention.output.dense,768,0.0762558886,56.84428495,0,0.0762558886,56.84428495
mrpc@s0__rte@s0,mrpc@s0,rte@s0,encoder.layer.11.attention.self.key,768,0.04119189172,67.4503612,0,0.04119189172,67.4503612
mrpc@s0__rte@s0,mrpc@s0,rte@s0,encoder.layer.11.attention.self.query,768,0.03181677149,73.84925276,0,0.03181677149,73.84925276
mrpc@s0__rte@s0,mrpc@s0,rte@s0,encoder.layer.11.attention.self.value,768,0.04289377671,67.24526873,0,0.04289377671,67.24526873
mrpc@s0__rte@s0,mrpc@s0,rte@s0,encoder.layer.11.intermediate.dense,3072,0.005282334461,81.09023354,0,0.005282334461,81.09023354
mrpc@s0__rte@s0,mrpc@s0,rte@s0,encoder.layer.11.output.dense,768,0.04792927178,68.95463261,0,0.04792927178,68.95463261
mrpc@s0__rte@s0,mrpc@s0,rte@s0,encoder.layer.2.attention.output.dense,768,0.02470826367,74.63375276,0,0.02470826367,74.63375276
mrpc@s0__rte@s0,mrpc@s0,rte@s0,encoder.layer.2.attention.self.key,768,0.02244715398,73.80923382,0,0.02244715398,73.80923382
mrpc@s0__rte@s0,mrpc@s0,rte@s0,encoder.layer.2.attention.self.query,768,0.0175391609,76.21678408,0,0.0175391609,76.21678408
mrpc@s0__rte@s0,mrpc@s0,rte@s0,encoder.layer.2.attention.self.value,768,0.01894233488,76.31674017,0,0.01894233488,76.31674017
mrpc@s0__rte@s0,mrpc@s0,rte@s0,encoder.layer.2.intermediate.dense,3072,0.002640733661,84.64780029,0,0.002640733661,84.64780029
mrpc@s0__rte@s0,mrpc@s0,rte@s0,encoder.layer.2.output.dense,768,0.0233035018,75.09061128,0,0.0233035018,75.09061128
mrpc@s0__rte@s0,mrpc@s0,rte@s0,encoder.layer.3.attention.output.dense,768,0.01133083335,80.01346143,0,0.01133083335,80.01346143
mrpc@s0__rte@s0,mrpc@s0,rte@s0,encoder.layer.3.attention.self.key,768,0.02154732256,76.74977371,0,0.02154732256,76.74977371
mrpc@s0__rte@s0,mrpc@s0,rte@s0,encoder.layer.3.attention.self.query,768,0.02588265764,74.32958999,0,0.02588265764,74.32958999
mrpc@s0__rte@s0,mrpc@s0,rte@s0,encoder.layer.3.attention.self.value,768,0.02024799753,74.42015299,0,0.02024799753,74.42015299
mrpc@s0__rte@s0,mrpc@s0,rte@s0,encoder.layer.3.intermediate.dense,3072,0.003507399135,84.20281352,0,0.003507399135,84.20281352
mrpc@s0__rte@s0,mrpc@s0,rte@s0,encoder.layer.3.output.dense,768,0.03040829525,72.47721961,0,0.03040829525,72.47721961
mrpc@s0__rte@s0,mrpc@s0,rte@s0,encoder.layer.4.attention.output.dense,768,0.01923193073,77.67622238,0,0.01923193073,77.67622238
mrpc@s0__rte@s0,mrpc@s0,rte@s0,encoder.layer.4.attention.self.key,768,0.0163303091,76.70376288,0,0.0163303091,76.70376288
mrpc@s0__rte@s0,mrpc@s0,rte@s0,encoder.layer.4.attention.self.query,768,0.02272686648,73.84519431,0,0.02272686648,73.84519431
mrpc@s0__rte@s0,mrpc@s0,rte@s0,encoder.layer.4.attention.self.value,768,0.01565326467,75.4407924,0,0.01565326467,75.4407924
mrpc@s0__rte@s0,mrpc@s0,rte@s0,encoder.layer.4.intermediate.dense,3072,0.002968592619,84.61717925,0,0.002968592619,84.61717925
mrpc@s0__rte@s0,mrpc@s0,rte@s0,encoder.layer.4.output.dense,768,0.01714577266,78.97703947,0,0.01714577266,78.97703947
mrpc@s0__rte@s0,mrpc@s0,rte@s0,encoder.layer.5.attention.output.dense,768,0.02151139956,75.29592523,0,0.02151139956,75.29592523
mrpc@s0__rte@s0,mrpc@s0,rte@s0,encoder.layer.5.attention.self.key,768,0.02235344865,74.08502607,0,0.02235344865,74.08502607
mrpc@s0__rte@s0,mrpc@s0,rte@s0,encoder.layer.5.attention.self.query,768,0.02473661224,74.07541809,0,0.02473661224,74.07541809
mrpc@s0__rte@s0,mrpc@s0,rte@s0,encoder.layer.5.attention.self.value,768,0.01777713143,78.19996114,0,0.01777713143,78.19996114
mrpc@s0__rte@s0,mrpc@s0,rte@s0,encoder.layer.5.intermediate.dense,3072,0.0027178877,84.89365354,0,0.0027178877,84.89365354
mrpc@s0__rte@s0,mrpc@s0,rte@s0,encoder.layer.5.output.dense,768,0.01910925318,75.62980701,0,0.01910925318,75.62980701
mrpc@s0__rte@s0,mrpc@s0,rte@s0,encoder.layer.6.attention.output.dense,768,0.02181928026,77.19844275,0,0.02181928026,77.19844275
mrpc@s0__rte@s0,mrpc@s0,rte@s0,encoder.layer.6.attention.self.key,768,0.01389728423,78.103806,0,0.01389728423,78.103806
mrpc@s0__rte@s0,mrpc@s0,rte@s0,encoder.layer.6.attention.self.query,768,0.02065643405,76.02883173,0,0.02065643405,76.02883173
mrpc@s0__rte@s0,mrpc@s0,rte@s0,encoder.layer.6.attention.self.value,768,0.02057537505,75.65491254,0,0.02057537505,75.65491254
mrpc@s0__rte@s0,mrpc@s0,rte@s0,encoder.layer.6.intermediate.dense,3072,0.00302421796,84.41293601,0,0.00302421796,84.41293601
mrpc@s0__rte@s0,mrpc@s0,rte@s0,encoder.layer.6.output.dense,768,0.02785916944,72.77589491,0,0.02785916944,72.77589491
mrpc@s0__rte@s0,mrpc@s0,rte@s0,encoder.layer.7.attention.output.dense,768,0.02781081747,71.85636136,0,0.02781081747,71.85636136
mrpc@s0__rte@s0,mrpc@s0,rte@s0,encoder.layer.7.attention.self.key,768,0.0341703791,71.31864962,0,0.0341703791,71.31864962
mrpc@s0__rte@s0,mrpc@s0,rte@s0,encoder.layer.7.attention.self.query,768,0.01893672118,76.29190415,0,0.01893672118,76.29190415
mrpc@s0__rte@s0,mrpc@s0,rte@s0,encoder.layer.7.attention.self.value,768,0.01815310894,75.33231012,0,0.01815310894,75.33231012
mrpc@s0__rte@s0,mrpc@s0,rte@s0,encoder.layer.7.intermediate.dense,3072,0.003761505421,83.60970991,0,0.003761505421,83.60970991
mrpc@s0__rte@s0,mrpc@s0,rte@s0,encoder.layer.7.output.dense,768,0.03546212965,70.86463934,0,0.03546212965,70.86463934
mrpc@s0__rte@s0,mrpc@s0,rte@s0,encoder.layer.8.attention.output.dense,768,0.0314820207,73.17548234,0,0.0314820207,73.17548234
mrpc@s0__rte@s0,mrpc@s0,rte@s0,encoder.layer.8.attention.self.key,768,0.02549872456,73.16483867,0,0.02549872456,73.16483867
mrpc@s0__rte@s0,mrpc@s0,rte@s0,encoder.layer.8.attention.self.query,768,0.02399558219,75.47652281,0,0.02399558219,75.47652281
mrpc@s0__rte@s0,mrpc@s0,rte@s0,encoder.layer.8.attention.self.value,768,0.02235993641,74.34616004,0,0.02235993641,74.34616004
mrpc@s0__rte@s0,mrpc@s0,rte@s0,encoder.layer.8.intermediate.dense,3072,0.005077868598,82.72763154,0,0.005077868598,82.72763154
mrpc@s0__rte@s0,mrpc@s0,rte@s0,encoder.layer.8.output.dense,768,0.03743360853,67.52134957,0,0.03743360853,67.52134957
mrpc@s0__rte@s0,mrpc@s0,rte@s0,encoder.layer.9.attention.output.dense,768,0.04456129951,70.30127502,0,0.04456129951,70.30127502
mrpc@s0__rte@s0,mrpc@s0,rte@s0,encoder.layer.9.attention.self.key,768,0.03117592572,69.48833486,0,0.03117592572,69.48833486
mrpc@s0__rte@s0,mrpc@s0,rte@s0,encoder.layer.9.attention.self.query,768,0.02077355993,74.95376167,0,0.02077355993,74.95376167
mrpc@s0__rte@s0,mrpc@s0,rte@s0,encoder.layer.9.attention.self.value,768,0.0168478106,76.37380347,0,0.0168478106,76.37380347
mrpc@s0__rte@s0,mrpc@s0,rte@s0,encoder.layer.9.intermediate.dense,3072,0.004061159116,83.78990271,0,0.004061159116,83.78990271
mrpc@s0__rte@s0,mrpc@s0,rte@s0,encoder.layer.9.output.dense,768,0.04830822462,66.21423819,0,0.04830822462,66.21423819
mrpc@s0__rte@s0,mrpc@s0,rte@s0,pooler.dense,768,0.1026256208,55.35785267,0,0.1026256208,55.35785267
mrpc@s0__wic@s0,mrpc@s0,wic@s0,encoder.layer.0.attention.output.dense,768,0.01171939139,78.67105772,0,0.01171939139,78.67105772
mrpc@s0__wic@s0,mrpc@s0,wic@s0,encoder.layer.0.attention.self.key,768,0.02958504973,74.43478611,0,0.02958504973,74.43478611
mrpc@s0__wic@s0,mrpc@s0,wic@s0,encoder.layer.0.attention.self.query,768,0.01881933468,73.73212048,0,0.01881933468,73.73212048
mrpc@s0__wic@s0,mrpc@s0,wic@s0,encoder.layer.0.attention.self.value,768,0.01719977694,77.35537794,0,0.01719977694,77.35537794
mrpc@s0__wic@s0,mrpc@s0,wic@s0,encoder.layer.0.intermediate.dense,3072,0.002737704374,84.5592157,0,0.002737704374,84.5592157
mrpc@s0__wic@s0,mrpc@s0,wic@s0,encoder.layer.0.output.dense,768,0.020206955,74.83205408,0,0.020206955,74.83205408
mrpc@s0__wic@s0,mrpc@s0,wic@s0,encoder.layer.1.attention.output.dense,768,0.02147411158,74.74904662,0,0.02147411158,74.74904662
mrpc@s0__wic@s0,mrpc@s0,wic@s0,encoder.layer.1.attention.self.key,768,0.01621194839,76.19785947,0,0.01621194839,76.19785947
mrpc@s0__wic@s0,mrpc@s0,wic@s0,encoder.layer.1.attention.self.query,768,0.02514913236,72.86915628,0,0.02514913236,72.86915628
mrpc@s0__wic@s0,mrpc@s0,wic@s0,encoder.layer.1.attention.self.value,768,0.0257048097,74.14544529,0,0.0257048097,74.14544529
mrpc@s0__wic@s0,mrpc@s0,wic@s0,encoder.layer.1.intermediate.dense,3072,0.002624991702,84.95958886,0,0.002624991702,84.95958886
mrpc@s0__wic@s0,mrpc@s0,wic@s0,encoder.layer.1.output.dense,768,0.01847271252,75.69316787,0,0.01847271252,75.69316787
mrpc@s0__wic@s0,mrpc@s0,wic@s0,encoder.layer.10.attention.output.dense,768,0.05093158751,62.57718059,0,0.05093158751,62.57718059
mrpc@s0__wic@s0,mrpc@s0,wic@s0,encoder.layer.10.attention.self.key,768,0.02195948091,73.61241054,0,0.02195948091,73.61241054
mrpc@s0__wic@s0,mrpc@s0,wic@s0,encoder.layer.10.attention.self.query,768,0.02034560299,75.63031861,0,0.02034560299,75.63031861
mrpc@s0__wic@s0,mrpc@s0,wic@s0,encoder.layer.10.attention.self.value,768,0.03173413016,71.54945127,0,0.03173413016,71.54945127
mrpc@s0__wic@s0,mrpc@s0,wic@s0,encoder.layer.10.intermediate.dense,3072,0.004263001333,83.52626428,0,0.004263001333,83.52626428
mrpc@s0__wic@s0,mrpc@s0,wic@s0,encoder.layer.10.output.dense,768,0.0808736516,59.02646495,0,0.0808736516,59.02646495
mrpc@s0__wic@s0,mrpc@s0,wic@s0,encoder.layer.11.attention.output.dense,768,0.09249595559,53.37364687,0,0.09249595559,53.37364687
mrpc@s0__wic@s0,mrpc@s0,wic@s0,encoder.layer.11.attention.self.key,768,0.02205068026,73.36402288,0,0.02205068026,73.36402288
mrpc@s0__wic@s0,mrpc@s0,wic@s0,encoder.layer.11.attention.self.query,768,0.02611344995,71.14474072,0,0.02611344995,71.14474072
mrpc@s0__wic@s0,mrpc@s0,wic@s0,encoder.layer.11.attention.self.value,768,0.04876684714,61.4926992,0,0.04876684714,61.4926992
mrpc@s0__wic@s0,mrpc@s0,wic@s0,encoder.layer.11.intermediate.dense,3072,0.007216728624,81.21298357,0,0.007216728624,81.21298357
mrpc@s0__wic@s0,mrpc@s0,wic@s0,encoder.layer.11.output.dense,768,0.07639340384,59.04022837,0,0.07639340384,59.04022837
mrpc@s0__wic@s0,mrpc@s0,wic@s0,encoder.layer.2.attention.output.dense,768,0.01443392252,77.90635021,0,0.01443392252,77.90635021
mrpc@s0__wic@s0,mrpc@s0,wic@s0,encoder.layer.2.attention.self.key,768,0.01700404201,77.03648834,0,0.01700404201,77.03648834
mrpc@s0__wic@s0,mrpc@s0,wic@s0,encoder.layer.2.attention.self.query,768,0.02200188929,73.2169171,0,0.02200188929,73.2169171
mrpc@s0__wic@s0,mrpc@s0,wic@s0,encoder.layer.2.attention.self.value,768,0.01404510981,77.60152865,0,0.01404510981,77.60152865
mrpc@s0__wic@s0,mrpc@s0,wic@s0,encoder.layer.2.intermediate.dense,3072,0.003057525102,84.6983215,0,0.003057525102,84.6983215
mrpc@s0__wic@s0,mrpc@s0,wic@s0,encoder.layer.2.output.dense,768,0.02002539781,76.83404655,0,0.02002539781,76.83404655
mrpc@s0__wic@s0,mrpc@s0,wic@s0,encoder.layer.3.attention.output.dense,768,0.01705392481,76.27792362,0,0.01705392481,76.27792362
mrpc@s0__wic@s0,mrpc@s0,wic@s0,encoder.layer.3.attention.self.key,768,0.02157702072,75.94648314,0,0.02157702072,75.94648314
mrpc@s0__wic@s0,mrpc@s0,wic@s0,encoder.layer.3.attention.self.query,768,0.02472120997,72.45575047,0,0.02472120997,72.45575047
mrpc@s0__wic@s0,mrpc@s0,wic@s0,encoder.layer.3.attention.self.value,768,0.0174486744,76.72066688,0,0.0174486744,76.72066688
mrpc@s0__wic@s0,mrpc@s0,wic@s0,encoder.layer.3.intermediate.dense,3072,0.002669675964,84.27834778,0,0.002669675964,84.27834778
mrpc@s0__wic@s0,mrpc@s0,wic@s0,encoder.layer.3.output.dense,768,0.01482972983,77.96548133,0,0.01482972983,77.96548133
mrpc@s0__wic@s0,mrpc@s0,wic@s0,encoder.layer.4.attention.output.dense,768,0.01722130404,76.14300857,0,0.01722130404,76.14300857
mrpc@s0__wic@s0,mrpc@s0,wic@s0,encoder.layer.4.attention.self.key,768,0.01891559619,75.91120994,0,0.01891559619,75.91120994
mrpc@s0__wic@s0,mrpc@s0,wic@s0,encoder.layer.4.attention.self.query,768,0.02076315352,75.30636926,0,0.02076315352,75.30636926
mrpc@s0__wic@s0,mrpc@s0,wic@s0,encoder.layer.4.attention.self.value,768,0.01605111587,77.08013767,0,0.01605111587,77.08013767
mrpc@s0__wic@s0,mrpc@s0,wic@s0,encoder.layer.4.intermediate.dense,3072,0.002163829456,85.51664412,0,0.002163829456,85.51664412
mrpc@s0__wic@s0,mrpc@s0,wic@s0,encoder.layer.4.output.dense,768,0.01416741652,78.16695778,0,0.01416741652,78.16695778
mrpc@s0__wic@s0,mrpc@s0,wic@s0,encoder.layer.5.attention.output.dense,768,0.01321655859,78.42222819,0,0.01321655859,78.42222819
mrpc@s0__wic@s0,mrpc@s0,wic@s0,encoder.layer.5.attention.self.key,768,0.01595100039,77.08229827,0,0.01595100039,77.08229827
mrpc@s0__wic@s0,mrpc@s0,wic@s0,encoder.layer.5.attention.self.query,768,0.01722527375,76.8722104,0,0.01722527375,76.8722104
mrpc@s0__wic@s0,mrpc@s0,wic@s0,encoder.layer.5.attention.self.value,768,0.0125068112,78.30992412,0,0.0125068112,78.30992412
mrpc@s0__wic@s0,mrpc@s0,wic@s0,encoder.layer.5.intermediate.dense,3072,0.002919634923,84.0540831,0,0.002919634923,84.0540831
mrpc@s0__wic@s0,mrpc@s0,wic@s0,encoder.layer.5.output.dense,768,0.01265599183,78.3046187,0,0.01265599183,78.3046187
mrpc@s0__wic@s0,mrpc@s0,wic@s0,encoder.layer.6.attention.output.dense,768,0.01527512889,77.62084324,0,0.01527512889,77.62084324
mrpc@s0__wic@s0,mrpc@s0,wic@s0,encoder.layer.6.attention.self.key,768,0.01156876118,77.24525255,0,0.01156876118,77.24525255
mrpc@s0__wic@s0,mrpc@s0,wic@s0,encoder.layer.6.attention.self.query,768,0.02559145543,72.74019984,0,0.02559145543,72.74019984
mrpc@s0__wic@s0,mrpc@s0,wic@s0,encoder.layer.6.attention.self.value,768,0.01916563868,73.62262139,0,0.01916563868,73.62262139
mrpc@s0__wic@s0,mrpc@s0,wic@s0,encoder.layer.6.intermediate.dense,3072,0.002795241096,85.06287316,0,0.002795241096,85.06287316
mrpc@s0__wic@s0,mrpc@s0,wic@s0,encoder.layer.6.output.dense,768,0.02098058441,75.09145056,0,0.02098058441,75.09145056
mrpc@s0__wic@s0,mrpc@s0,wic@s0,encoder.layer.7.attention.output.dense,768,0.02505120911,74.77141477,0,0.02505120911,74.77141477
mrpc@s0__wic@s0,mrpc@s0,wic@s0,encoder.layer.7.attention.self.key,768,0.02198464592,74.17981656,0,0.02198464592,74.17981656
mrpc@s0__wic@s0,mrpc@s0,wic@s0,encoder.layer.7.attention.self.query,768,0.0205885198,74.68967427,0,0.0205885198,74.68967427
mrpc@s0__wic@s0,mrpc@s0,wic@s0,encoder.layer.7.attention.self.value,768,0.01464381646,78.227438,0,0.01464381646,78.227438
mrpc@s0__wic@s0,mrpc@s0,wic@s0,encoder.layer.7.intermediate.dense,3072,0.002858794441,84.51005457,0,0.002858794441,84.51005457
mrpc@s0__wic@s0,mrpc@s0,wic@s0,encoder.layer.7.output.dense,768,0.02485493366,73.2279652,0,0.02485493366,73.2279652
mrpc@s0__wic@s0,mrpc@s0,wic@s0,encoder.layer.8.attention.output.dense,768,0.02277038749,74.93441449,0,0.02277038749,74.93441449
mrpc@s0__wic@s0,mrpc@s0,wic@s0,encoder.layer.8.attention.self.key,768,0.01372607382,75.64388177,0,0.01372607382,75.64388177
mrpc@s0__wic@s0,mrpc@s0,wic@s0,encoder.layer.8.attention.self.query,768,0.02010337255,75.93642371,0,0.02010337255,75.93642371
mrpc@s0__wic@s0,mrpc@s0,wic@s0,encoder.layer.8.attention.self.value,768,0.01936721345,76.23644921,0,0.01936721345,76.23644921
mrpc@s0__wic@s0,mrpc@s0,wic@s0,encoder.layer.8.intermediate.dense,3072,0.003128316268,84.58329968,0,0.003128316268,84.58329968
mrpc@s0__wic@s0,mrpc@s0,wic@s0,encoder.layer.8.output.dense,768,0.02772364606,71.33530311,0,0.02772364606,71.33530311
mrpc@s0__wic@s0,mrpc@s0,wic@s0,encoder.layer.9.attention.output.dense,768,0.02993746151,73.18436741,0,0.02993746151,73.18436741
mrpc@s0__wic@s0,mrpc@s0,wic@s0,encoder.layer.9.attention.self.key,768,0.02338430312,73.33938696,0,0.02338430312,73.33938696
mrpc@s0__wic@s0,mrpc@s0,wic@s0,encoder.layer.9.attention.self.query,768,0.02295964042,74.45916479,0,0.02295964042,74.45916479
mrpc@s0__wic@s0,mrpc@s0,wic@s0,encoder.layer.9.attention.self.value,768,0.0140077596,78.44071011,0,0.0140077596,78.44071011
mrpc@s0__wic@s0,mrpc@s0,wic@s0,encoder.layer.9.intermediate.dense,3072,0.002259013905,84.96714993,0,0.002259013905,84.96714993
mrpc@s0__wic@s0,mrpc@s0,wic@s0,encoder.layer.9.output.dense,768,0.04129175287,70.5264754,0,0.04129175287,70.5264754
mrpc@s0__wic@s0,mrpc@s0,wic@s0,pooler.dense,768,0.08956794943,55.8285073,0,0.08956794943,55.8285073
mrpc@s0__snli@s0,mrpc@s0,snli@s0,encoder.layer.0.attention.output.dense,768,0.0175425818,74.62838762,0,0.0175425818,74.62838762
mrpc@s0__snli@s0,mrpc@s0,snli@s0,encoder.layer.0.attention.self.key,768,0.02074479668,74.09063362,0,0.02074479668,74.09063362
mrpc@s0__snli@s0,mrpc@s0,snli@s0,encoder.layer.0.attention.self.query,768,0.02708343012,74.03152283,0,0.02708343012,74.03152283
mrpc@s0__snli@s0,mrpc@s0,snli@s0,encoder.layer.0.attention.self.value,768,0.01767057606,75.22571872,0,0.01767057606,75.22571872
mrpc@s0__snli@s0,mrpc@s0,snli@s0,encoder.layer.0.intermediate.dense,3072,0.002809710149,84.87908917,0,0.002809710149,84.87908917
mrpc@s0__snli@s0,mrpc@s0,snli@s0,encoder.layer.0.output.dense,768,0.01745272847,77.13185985,0,0.01745272847,77.13185985
mrpc@s0__snli@s0,mrpc@s0,snli@s0,encoder.layer.1.attention.output.dense,768,0.01509806859,75.57527394,0,0.01509806859,75.57527394
mrpc@s0__snli@s0,mrpc@s0,snli@s0,encoder.layer.1.attention.self.key,768,0.02013455375,76.28210052,0,0.02013455375,76.28210052
mrpc@s0__snli@s0,mrpc@s0,snli@s0,encoder.layer.1.attention.self.query,768,0.01766230867,76.20127655,0,0.01766230867,76.20127655
mrpc@s0__snli@s0,mrpc@s0,snli@s0,encoder.layer.1.attention.self.value,768,0.01436679545,79.03945222,0,0.01436679545,79.03945222
mrpc@s0__snli@s0,mrpc@s0,snli@s0,encoder.layer.1.intermediate.dense,3072,0.003354267617,84.98298369,0,0.003354267617,84.98298369
mrpc@s0__snli@s0,mrpc@s0,snli@s0,encoder.layer.1.output.dense,768,0.01671287546,77.29597793,0,0.01671287546,77.29597793
mrpc@s0__snli@s0,mrpc@s0,snli@s0,encoder.layer.10.attention.output.dense,768,0.03377713388,69.61249502,0,0.03377713388,69.61249502
mrpc@s0__snli@s0,mrpc@s0,snli@s0,encoder.layer.10.attention.self.key,768,0.02368980673,72.99278576,0,0.02368980673,72.99278576
mrpc@s0__snli@s0,mrpc@s0,snli@s0,encoder.layer.10.attention.self.query,768,0.01772759251,77.90418007,0,0.01772759251,77.90418007
mrpc@s0__snli@s0,mrpc@s0,snli@s0,encoder.layer.10.attention.self.value,768,0.01952142633,75.89778479,0,0.01952142633,75.89778479
mrpc@s0__snli@s0,mrpc@s0,snli@s0,encoder.layer.10.intermediate.dense,3072,0.002597446756,84.79835554,0,0.002597446756,84.79835554
mrpc@s0__snli@s0,mrpc@s0,snli@s0,encoder.layer.10.output.dense,768,0.03180499792,70.52502592,0,0.03180499792,70.52502592
mrpc@s0__snli@s0,mrpc@s0,snli@s0,encoder.layer.11.attention.output.dense,768,0.02594396534,72.29238305,0,0.02594396534,72.29238305
mrpc@s0__snli@s0,mrpc@s0,snli@s0,encoder.layer.11.attention.self.key,768,0.03071411537,72.4427373,0,0.03071411537,72.4427373
mrpc@s0__snli@s0,mrpc@s0,snli@s0,encoder.layer.11.attention.self.query,768,0.02353659554,74.01772163,0,0.02353659554,74.01772163
mrpc@s0__snli@s0,mrpc@s0,snli@s0,encoder.layer.11.attention.self.value,768,0.0226540964,74.46381199,0,0.0226540964,74.46381199
mrpc@s0__snli@s0,mrpc@s0,snli@s0,encoder.layer.11.intermediate.dense,3072,0.007397196492,78.31166865,0,0.007397196492,78.31166865
mrpc@s0__snli@s0,mrpc@s0,snli@s0,encoder.layer.11.output.dense,768,0.01927854827,74.54013572,0,0.01927854827,74.54013572
mrpc@s0__snli@s0,mrpc@s0,snli@s0,encoder.layer.2.attention.output.dense,768,0.01285780765,76.88791383,0,0.01285780765,76.88791383
mrpc@s0__snli@s0,mrpc@s0,snli@s0,encoder.layer.2.attention.self.key,768,0.01770792711,76.16279886,0,0.01770792711,76.16279886
mrpc@s0__snli@s0,mrpc@s0,snli@s0,encoder.layer.2.attention.self.query,768,0.02033794323,75.20252579,0,0.02033794323,75.20252579
mrpc@s0__snli@s0,mrpc@s0,snli@s0,encoder.layer.2.attention.self.value,768,0.01414868688,78.4796129,0,0.01414868688,78.4796129
mrpc@s0__snli@s0,mrpc@s0,snli@s0,encoder.layer.2.intermediate.dense,3072,0.00337312093,83.92887748,0,0.00337312093,83.92887748
mrpc@s0__snli@s0,mrpc@s0,snli@s0,encoder.layer.2.output.dense,768,0.01794748707,76.55667649,0,0.01794748707,76.55667649
mrpc@s0__snli@s0,mrpc@s0,snli@s0,encoder.layer.3.attention.output.dense,768,0.01822830965,76.38891724,0,0.01822830965,76.38891724
mrpc@s0__snli@s0,mrpc@s0,snli@s0,encoder.layer.3.attention.self.key,768,0.01588343217,77.44586094,0,0.01588343217,77.44586094
mrpc@s0__snli@s0,mrpc@s0,snli@s0,encoder.layer.3.attention.self.query,768,0.0150228427,78.75057516,0,0.0150228427,78.75057516
mrpc@s0__snli@s0,mrpc@s0,snli@s0,encoder.layer.3.attention.self.value,768,0.01629615072,77.03890266,0,0.01629615072,77.03890266
mrpc@s0__snli@s0,mrpc@s0,snli@s0,encoder.layer.3.intermediate.dense,3072,0.003371579884,83.41148571,0,0.003371579884,83.41148571
mrpc@s0__snli@s0,mrpc@s0,snli@s0,encoder.layer.3.output.dense,768,0.01333702041,79.91082291,0,0.01333702041,79.91082291
mrpc@s0__snli@s0,mrpc@s0,snli@s0,encoder.layer.4.attention.output.dense,768,0.01239141467,79.22899139,0,0.01239141467,79.22899139
mrpc@s0__snli@s0,mrpc@s0,snli@s0,encoder.layer.4.attention.self.key,768,0.0153543764,75.47622929,0,0.0153543764,75.47622929
mrpc@s0__snli@s0,mrpc@s0,snli@s0,encoder.layer.4.attention.self.query,768,0.01753020899,75.20167309,0,0.01753020899,75.20167309
mrpc@s0__snli@s0,mrpc@s0,snli@s0,encoder.layer.4.attention.self.value,768,0.009332416845,79.47411333,0,0.009332416845,79.47411333
mrpc@s0__snli@s0,mrpc@s0,snli@s0,encoder.layer.4.intermediate.dense,3072,0.003000996898,84.73154564,0,0.003000996898,84.73154564
mrpc@s0__snli@s0,mrpc@s0,snli@s0,encoder.layer.4.output.dense,768,0.01738456586,76.07279125,0,0.01738456586,76.07279125
mrpc@s0__snli@s0,mrpc@s0,snli@s0,encoder.layer.5.attention.output.dense,768,0.01444724384,77.0223623,0,0.01444724384,77.0223623
mrpc@s0__snli@s0,mrpc@s0,snli@s0,encoder.layer.5.attention.self.key,768,0.01232669977,78.46335409,0,0.01232669977,78.46335409
mrpc@s0__snli@s0,mrpc@s0,snli@s0,encoder.layer.5.attention.self.query,768,0.02381513655,73.35578141,0,0.02381513655,73.35578141
mrpc@s0__snli@s0,mrpc@s0,snli@s0,encoder.layer.5.attention.self.value,768,0.01851186665,77.37540097,0,0.01851186665,77.37540097
mrpc@s0__snli@s0,mrpc@s0,snli@s0,encoder.layer.5.intermediate.dense,3072,0.00319722532,83.74278149,0,0.00319722532,83.74278149
mrpc@s0__snli@s0,mrpc@s0,snli@s0,encoder.layer.5.output.dense,768,0.01937353835,73.72288158,0,0.01937353835,73.72288158
mrpc@s0__snli@s0,mrpc@s0,snli@s0,encoder.layer.6.attention.output.dense,768,0.0115965245,79.1109446,0,0.0115965245,79.1109446
mrpc@s0__snli@s0,mrpc@s0,snli@s0,encoder.layer.6.attention.self.key,768,0.01635208494,76.21517412,0,0.01635208494,76.21517412
mrpc@s0__snli@s0,mrpc@s0,snli@s0,encoder.layer.6.attention.self.query,768,0.02452633378,74.08347143,0,0.02452633378,74.08347143
mrpc@s0__snli@s0,mrpc@s0,snli@s0,encoder.layer.6.attention.self.value,768,0.01796915718,76.79971674,0,0.01796915718,76.79971674
mrpc@s0__snli@s0,mrpc@s0,snli@s0,encoder.layer.6.intermediate.dense,3072,0.002865508908,84.51541742,0,0.002865508908,84.51541742
mrpc@s0__snli@s0,mrpc@s0,snli@s0,encoder.layer.6.output.dense,768,0.01589952254,77.62200919,0,0.01589952254,77.62200919
mrpc@s0__snli@s0,mrpc@s0,snli@s0,encoder.layer.7.attention.output.dense,768,0.0166257217,76.93573818,0,0.0166257217,76.93573818
mrpc@s0__snli@s0,mrpc@s0,snli@s0,encoder.layer.7.attention.self.key,768,0.01817802857,75.31736428,0,0.01817802857,75.31736428
mrpc@s0__snli@s0,mrpc@s0,snli@s0,encoder.layer.7.attention.self.query,768,0.01576571511,78.35551628,0,0.01576571511,78.35551628
mrpc@s0__snli@s0,mrpc@s0,snli@s0,encoder.layer.7.attention.self.value,768,0.01248397269,79.66250998,0,0.01248397269,79.66250998
mrpc@s0__snli@s0,mrpc@s0,snli@s0,encoder.layer.7.intermediate.dense,3072,0.002891041536,84.64645123,0,0.002891041536,84.64645123
mrpc@s0__snli@s0,mrpc@s0,snli@s0,encoder.layer.7.output.dense,768,0.01812059541,76.1566055,0,0.01812059541,76.1566055
mrpc@s0__snli@s0,mrpc@s0,snli@s0,encoder.layer.8.attention.output.dense,768,0.02048443593,74.93750998,0,0.02048443593,74.93750998
mrpc@s0__snli@s0,mrpc@s0,snli@s0,encoder.layer.8.attention.self.key,768,0.01291429444,78.96174358,0,0.01291429444,78.96174358
mrpc@s0__snli@s0,mrpc@s0,snli@s0,encoder.layer.8.attention.self.query,768,0.01825959809,75.45931072,0,0.01825959809,75.45931072
mrpc@s0__snli@s0,mrpc@s0,snli@s0,encoder.layer.8.attention.self.value,768,0.01562720473,75.54428512,0,0.01562720473,75.54428512
mrpc@s0__snli@s0,mrpc@s0,snli@s0,encoder.layer.8.intermediate.dense,3072,0.003154813867,83.94646698,0,0.003154813867,83.94646698
mrpc@s0__snli@s0,mrpc@s0,snli@s0,encoder.layer.8.output.dense,768,0.02553080024,75.0259034,0,0.02553080024,75.0259034
mrpc@s0__snli@s0,mrpc@s0,snli@s0,encoder.layer.9.attention.output.dense,768,0.01827949841,77.25075422,0,0.01827949841,77.25075422
mrpc@s0__snli@s0,mrpc@s0,snli@s0,encoder.layer.9.attention.self.key,768,0.01742981206,77.97346073,0,0.01742981206,77.97346073
mrpc@s0__snli@s0,mrpc@s0,snli@s0,encoder.layer.9.attention.self.query,768,0.01647027737,77.27204767,0,0.01647027737,77.27204767
mrpc@s0__snli@s0,mrpc@s0,snli@s0,encoder.layer.9.attention.self.value,768,0.01545464571,77.05642249,0,0.01545464571,77.05642249
mrpc@s0__snli@s0,mrpc@s0,snli@s0,encoder.layer.9.intermediate.dense,3072,0.002590075397,84.64890981,0,0.002590075397,84.64890981
mrpc@s0__snli@s0,mrpc@s0,snli@s0,encoder.layer.9.output.dense,768,0.0214510756,75.718458,0,0.0214510756,75.718458
mrpc@s0__snli@s0,mrpc@s0,snli@s0,pooler.dense,768,0.07215525531,61.64526142,0,0.07215525531,61.64526142
mrpc@s0__scitail@s0,mrpc@s0,scitail@s0,encoder.layer.0.attention.output.dense,768,0.01545151843,78.37025677,0,0.01545151843,78.37025677
mrpc@s0__scitail@s0,mrpc@s0,scitail@s0,encoder.layer.0.attention.self.key,768,0.02881608345,73.67691859,0,0.02881608345,73.67691859
mrpc@s0__scitail@s0,mrpc@s0,scitail@s0,encoder.layer.0.attention.self.query,768,0.01877809559,76.01293155,0,0.01877809559,76.01293155
mrpc@s0__scitail@s0,mrpc@s0,scitail@s0,encoder.layer.0.attention.self.value,768,0.02010940219,75.68279128,0,0.02010940219,75.68279128
mrpc@s0__scitail@s0,mrpc@s0,scitail@s0,encoder.layer.0.intermediate.dense,3072,0.003232534513,84.57561875,0,0.003232534513,84.57561875
mrpc@s0__scitail@s0,mrpc@s0,scitail@s0,encoder.layer.0.output.dense,768,0.01801777431,75.34776155,0,0.01801777431,75.34776155
mrpc@s0__scitail@s0,mrpc@s0,scitail@s0,encoder.layer.1.attention.output.dense,768,0.02491856977,71.85926463,0,0.02491856977,71.85926463
mrpc@s0__scitail@s0,mrpc@s0,scitail@s0,encoder.layer.1.attention.self.key,768,0.02000317224,75.4299465,0,0.02000317224,75.4299465
mrpc@s0__scitail@s0,mrpc@s0,scitail@s0,encoder.layer.1.attention.self.query,768,0.02589895425,73.72354487,0,0.02589895425,73.72354487
mrpc@s0__scitail@s0,mrpc@s0,scitail@s0,encoder.layer.1.attention.self.value,768,0.01911411033,76.02736345,0,0.01911411033,76.02736345
mrpc@s0__scitail@s0,mrpc@s0,scitail@s0,encoder.layer.1.intermediate.dense,3072,0.002391933041,84.74148306,0,0.002391933041,84.74148306
mrpc@s0__scitail@s0,mrpc@s0,scitail@s0,encoder.layer.1.output.dense,768,0.02148084661,74.96682265,0,0.02148084661,74.96682265
mrpc@s0__scitail@s0,mrpc@s0,scitail@s0,encoder.layer.10.attention.output.dense,768,0.05796753282,65.81946644,0,0.05796753282,65.81946644
mrpc@s0__scitail@s0,mrpc@s0,scitail@s0,encoder.layer.10.attention.self.key,768,0.03547719829,67.18669922,0,0.03547719829,67.18669922
mrpc@s0__scitail@s0,mrpc@s0,scitail@s0,encoder.layer.10.attention.self.query,768,0.02451855896,71.70518134,0,0.02451855896,71.70518134
mrpc@s0__scitail@s0,mrpc@s0,scitail@s0,encoder.layer.10.attention.self.value,768,0.02976699961,70.99086657,0,0.02976699961,70.99086657
mrpc@s0__scitail@s0,mrpc@s0,scitail@s0,encoder.layer.10.intermediate.dense,3072,0.004621718736,82.27252344,0,0.004621718736,82.27252344
mrpc@s0__scitail@s0,mrpc@s0,scitail@s0,encoder.layer.10.output.dense,768,0.06476291143,62.06913809,0,0.06476291143,62.06913809
mrpc@s0__scitail@s0,mrpc@s0,scitail@s0,encoder.layer.11.attention.output.dense,768,0.06860301314,59.54125263,0,0.06860301314,59.54125263
mrpc@s0__scitail@s0,mrpc@s0,scitail@s0,encoder.layer.11.attention.self.key,768,0.04116434253,70.57783623,0,0.04116434253,70.57783623
mrpc@s0__scitail@s0,mrpc@s0,scitail@s0,encoder.layer.11.attention.self.query,768,0.02874728864,71.91615947,0,0.02874728864,71.91615947
mrpc@s0__scitail@s0,mrpc@s0,scitail@s0,encoder.layer.11.attention.self.value,768,0.04640892494,65.07681763,0,0.04640892494,65.07681763
mrpc@s0__scitail@s0,mrpc@s0,scitail@s0,encoder.layer.11.intermediate.dense,3072,0.009324000997,79.21591802,0,0.009324000997,79.21591802
mrpc@s0__scitail@s0,mrpc@s0,scitail@s0,encoder.layer.11.output.dense,768,0.08246964757,54.82200434,0,0.08246964757,54.82200434
mrpc@s0__scitail@s0,mrpc@s0,scitail@s0,encoder.layer.2.attention.output.dense,768,0.01859957846,76.8839005,0,0.01859957846,76.8839005
mrpc@s0__scitail@s0,mrpc@s0,scitail@s0,encoder.layer.2.attention.self.key,768,0.017133214,77.65380425,0,0.017133214,77.65380425
mrpc@s0__scitail@s0,mrpc@s0,scitail@s0,encoder.layer.2.attention.self.query,768,0.01903395458,76.74142057,0,0.01903395458,76.74142057
mrpc@s0__scitail@s0,mrpc@s0,scitail@s0,encoder.layer.2.attention.self.value,768,0.0182367426,76.0502327,0,0.0182367426,76.0502327
mrpc@s0__scitail@s0,mrpc@s0,scitail@s0,encoder.layer.2.intermediate.dense,3072,0.002802551434,84.28309317,0,0.002802551434,84.28309317
mrpc@s0__scitail@s0,mrpc@s0,scitail@s0,encoder.layer.2.output.dense,768,0.02418415066,74.43608457,0,0.02418415066,74.43608457
mrpc@s0__scitail@s0,mrpc@s0,scitail@s0,encoder.layer.3.attention.output.dense,768,0.0175924337,76.53404152,0,0.0175924337,76.53404152
mrpc@s0__scitail@s0,mrpc@s0,scitail@s0,encoder.layer.3.attention.self.key,768,0.02295093749,74.01464711,0,0.02295093749,74.01464711
mrpc@s0__scitail@s0,mrpc@s0,scitail@s0,encoder.layer.3.attention.self.query,768,0.02326460503,76.88203955,0,0.02326460503,76.88203955
mrpc@s0__scitail@s0,mrpc@s0,scitail@s0,encoder.layer.3.attention.self.value,768,0.01595579941,75.71454624,0,0.01595579941,75.71454624
mrpc@s0__scitail@s0,mrpc@s0,scitail@s0,encoder.layer.3.intermediate.dense,3072,0.004646183799,83.50910083,0,0.004646183799,83.50910083
mrpc@s0__scitail@s0,mrpc@s0,scitail@s0,encoder.layer.3.output.dense,768,0.01377238023,78.7157067,0,0.01377238023,78.7157067
mrpc@s0__scitail@s0,mrpc@s0,scitail@s0,encoder.layer.4.attention.output.dense,768,0.01968565613,76.3641227,0,0.01968565613,76.3641227
mrpc@s0__scitail@s0,mrpc@s0,scitail@s0,encoder.layer.4.attention.self.key,768,0.0214683424,75.44030258,0,0.0214683424,75.44030258
mrpc@s0__scitail@s0,mrpc@s0,scitail@s0,encoder.layer.4.attention.self.query,768,0.02614965579,73.75389738,0,0.02614965579,73.75389738
mrpc@s0__scitail@s0,mrpc@s0,scitail@s0,encoder.layer.4.attention.self.value,768,0.02259656412,75.34176367,0,0.02259656412,75.34176367
mrpc@s0__scitail@s0,mrpc@s0,scitail@s0,encoder.layer.4.intermediate.dense,3072,0.003007232832,84.27980843,0,0.003007232832,84.27980843
mrpc@s0__scitail@s0,mrpc@s0,scitail@s0,encoder.layer.4.output.dense,768,0.01868858969,74.84751733,0,0.01868858969,74.84751733
mrpc@s0__scitail@s0,mrpc@s0,scitail@s0,encoder.layer.5.attention.output.dense,768,0.0189728673,74.66259262,0,0.0189728673,74.66259262
mrpc@s0__scitail@s0,mrpc@s0,scitail@s0,encoder.layer.5.attention.self.key,768,0.01925557824,74.63883725,0,0.01925557824,74.63883725
mrpc@s0__scitail@s0,mrpc@s0,scitail@s0,encoder.layer.5.attention.self.query,768,0.02190395701,74.46119478,0,0.02190395701,74.46119478
mrpc@s0__scitail@s0,mrpc@s0,scitail@s0,encoder.layer.5.attention.self.value,768,0.017698829,74.52367463,0,0.017698829,74.52367463
mrpc@s0__scitail@s0,mrpc@s0,scitail@s0,encoder.layer.5.intermediate.dense,3072,0.003492197601,83.94400793,0,0.003492197601,83.94400793
mrpc@s0__scitail@s0,mrpc@s0,scitail@s0,encoder.layer.5.output.dense,768,0.01699892566,76.94372046,0,0.01699892566,76.94372046
mrpc@s0__scitail@s0,mrpc@s0,scitail@s0,encoder.layer.6.attention.output.dense,768,0.01399667449,78.73196637,0,0.01399667449,78.73196637
mrpc@s0__scitail@s0,mrpc@s0,scitail@s0,encoder.layer.6.attention.self.key,768,0.01716017364,75.64845515,0,0.01716017364,75.64845515
mrpc@s0__scitail@s0,mrpc@s0,scitail@s0,encoder.layer.6.attention.self.query,768,0.0151496113,77.18785699,0,0.0151496113,77.18785699
mrpc@s0__scitail@s0,mrpc@s0,scitail@s0,encoder.layer.6.attention.self.value,768,0.01701068026,76.82371976,0,0.01701068026,76.82371976
mrpc@s0__scitail@s0,mrpc@s0,scitail@s0,encoder.layer.6.intermediate.dense,3072,0.002694448235,84.66916106,0,0.002694448235,84.66916106
mrpc@s0__scitail@s0,mrpc@s0,scitail@s0,encoder.layer.6.output.dense,768,0.0203388905,75.55560923,0,0.0203388905,75.55560923
mrpc@s0__scitail@s0,mrpc@s0,scitail@s0,encoder.layer.7.attention.output.dense,768,0.02228109285,73.9130629,0,0.02228109285,73.9130629
mrpc@s0__scitail@s0,mrpc@s0,scitail@s0,encoder.layer.7.attention.self.key,768,0.02361090919,74.33412635,0,0.02361090919,74.33412635
mrpc@s0__scitail@s0,mrpc@s0,scitail@s0,encoder.layer.7.attention.self.query,768,0.02539555924,73.87910509,0,0.02539555924,73.87910509
mrpc@s0__scitail@s0,mrpc@s0,scitail@s0,encoder.layer.7.attention.self.value,768,0.01389639627,77.40991321,0,0.01389639627,77.40991321
mrpc@s0__scitail@s0,mrpc@s0,scitail@s0,encoder.layer.7.intermediate.dense,3072,0.004953376309,83.0724008,0,0.004953376309,83.0724008
mrpc@s0__scitail@s0,mrpc@s0,scitail@s0,encoder.layer.7.output.dense,768,0.02801775151,71.27346216,0,0.02801775151,71.27346216
mrpc@s0__scitail@s0,mrpc@s0,scitail@s0,encoder.layer.8.attention.output.dense,768,0.03608092766,72.9640396,0,0.03608092766,72.9640396
mrpc@s0__scitail@s0,mrpc@s0,scitail@s0,encoder.layer.8.attention.self.key,768,0.02463782774,71.30907513,0,0.02463782774,71.30907513
mrpc@s0__scitail@s0,mrpc@s0,scitail@s0,encoder.layer.8.attention.self.query,768,0.02156915946,74.48182297,0,0.02156915946,74.48182297
mrpc@s0__scitail@s0,mrpc@s0,scitail@s0,encoder.layer.8.attention.self.value,768,0.02133624759,75.72423745,0,0.02133624759,75.72423745
mrpc@s0__scitail@s0,mrpc@s0,scitail@s0,encoder.layer.8.intermediate.dense,3072,0.004574072154,82.93046275,0,0.004574072154,82.93046275
mrpc@s0__scitail@s0,mrpc@s0,scitail@s0,encoder.layer.8.output.dense,768,0.02403257445,72.51338243,0,0.02403257445,72.51338243
mrpc@s0__scitail@s0,mrpc@s0,scitail@s0,encoder.layer.9.attention.output.dense,768,0.03054267118,73.42464722,0,0.03054267118,73.42464722
mrpc@s0__scitail@s0,mrpc@s0,scitail@s0,encoder.layer.9.attention.self.key,768,0.02550178258,75.10261269,0,0.02550178258,75.10261269
mrpc@s0__scitail@s0,mrpc@s0,scitail@s0,encoder.layer.9.attention.self.query,768,0.01815873922,76.1253599,0,0.01815873922,76.1253599
mrpc@s0__scitail@s0,mrpc@s0,scitail@s0,encoder.layer.9.attention.self.value,768,0.02220447345,74.91710054,0,0.02220447345,74.91710054
mrpc@s0__scitail@s0,mrpc@s0,scitail@s0,encoder.layer.9.intermediate.dense,3072,0.004048251961,83.14145839,0,0.004048251961,83.14145839
mrpc@s0__scitail@s0,mrpc@s0,scitail@s0,encoder.layer.9.output.dense,768,0.02973990215,75.0063845,0,0.02973990215,75.0063845
mrpc@s0__scitail@s0,mrpc@s0,scitail@s0,pooler.dense,768,0.1404371483,45.05978704,0,0.1404371483,45.05978704
mrpc@s0__ag_news@s0,mrpc@s0,ag_news@s0,encoder.layer.0.attention.output.dense,768,0.01514859057,77.13242716,0,0.01514859057,77.13242716
mrpc@s0__ag_news@s0,mrpc@s0,ag_news@s0,encoder.layer.0.attention.self.key,768,0.0206008981,75.89494432,0,0.0206008981,75.89494432
mrpc@s0__ag_news@s0,mrpc@s0,ag_news@s0,encoder.layer.0.attention.self.query,768,0.01906199206,77.18886679,0,0.01906199206,77.18886679
mrpc@s0__ag_news@s0,mrpc@s0,ag_news@s0,encoder.layer.0.attention.self.value,768,0.02644122805,74.59740428,0,0.02644122805,74.59740428
mrpc@s0__ag_news@s0,mrpc@s0,ag_news@s0,encoder.layer.0.intermediate.dense,3072,0.002683581389,84.91385269,0,0.002683581389,84.91385269
mrpc@s0__ag_news@s0,mrpc@s0,ag_news@s0,encoder.layer.0.output.dense,768,0.01820885758,75.99022432,0,0.01820885758,75.99022432
mrpc@s0__ag_news@s0,mrpc@s0,ag_news@s0,encoder.layer.1.attention.output.dense,768,0.01267227838,79.12776647,0,0.01267227838,79.12776647
mrpc@s0__ag_news@s0,mrpc@s0,ag_news@s0,encoder.layer.1.attention.self.key,768,0.01649288327,77.48292685,0,0.01649288327,77.48292685
mrpc@s0__ag_news@s0,mrpc@s0,ag_news@s0,encoder.layer.1.attention.self.query,768,0.01583673801,74.99034664,0,0.01583673801,74.99034664
mrpc@s0__ag_news@s0,mrpc@s0,ag_news@s0,encoder.layer.1.attention.self.value,768,0.01842811022,77.39126355,0,0.01842811022,77.39126355
mrpc@s0__ag_news@s0,mrpc@s0,ag_news@s0,encoder.layer.1.intermediate.dense,3072,0.00277175305,84.42518873,0,0.00277175305,84.42518873
mrpc@s0__ag_news@s0,mrpc@s0,ag_news@s0,encoder.layer.1.output.dense,768,0.01409474488,77.02178239,0,0.01409474488,77.02178239
mrpc@s0__ag_news@s0,mrpc@s0,ag_news@s0,encoder.layer.10.attention.output.dense,768,0.01737758391,77.55756876,0,0.01737758391,77.55756876
mrpc@s0__ag_news@s0,mrpc@s0,ag_news@s0,encoder.layer.10.attention.self.key,768,0.02155241103,74.92015345,0,0.02155241103,74.92015345
mrpc@s0__ag_news@s0,mrpc@s0,ag_news@s0,encoder.layer.10.attention.self.query,768,0.02062602123,75.36681932,0,0.02062602123,75.36681932
mrpc@s0__ag_news@s0,mrpc@s0,ag_news@s0,encoder.layer.10.attention.self.value,768,0.02448016426,74.25395244,0,0.02448016426,74.25395244
mrpc@s0__ag_news@s0,mrpc@s0,ag_news@s0,encoder.layer.10.intermediate.dense,3072,0.003550535916,83.67145313,0,0.003550535916,83.67145313
mrpc@s0__ag_news@s0,mrpc@s0,ag_news@s0,encoder.layer.10.output.dense,768,0.02417126293,75.18701378,0,0.02417126293,75.18701378
mrpc@s0__ag_news@s0,mrpc@s0,ag_news@s0,encoder.layer.11.attention.output.dense,768,0.03548649141,69.24781555,0,0.03548649141,69.24781555
mrpc@s0__ag_news@s0,mrpc@s0,ag_news@s0,encoder.layer.11.attention.self.key,768,0.02153667925,76.89323068,0,0.02153667925,76.89323068
mrpc@s0__ag_news@s0,mrpc@s0,ag_news@s0,encoder.layer.11.attention.self.query,768,0.01740400267,75.80028395,0,0.01740400267,75.80028395
mrpc@s0__ag_news@s0,mrpc@s0,ag_news@s0,encoder.layer.11.attention.self.value,768,0.01914747836,76.37509158,0,0.01914747836,76.37509158
mrpc@s0__ag_news@s0,mrpc@s0,ag_news@s0,encoder.layer.11.intermediate.dense,3072,0.004742852942,81.62391961,0,0.004742852942,81.62391961
mrpc@s0__ag_news@s0,mrpc@s0,ag_news@s0,encoder.layer.11.output.dense,768,0.05474568667,65.67320207,0,0.05474568667,65.67320207
mrpc@s0__ag_news@s0,mrpc@s0,ag_news@s0,encoder.layer.2.attention.output.dense,768,0.01978881785,76.20770674,0,0.01978881785,76.20770674
mrpc@s0__ag_news@s0,mrpc@s0,ag_news@s0,encoder.layer.2.attention.self.key,768,0.01532595483,77.96589345,0,0.01532595483,77.96589345
mrpc@s0__ag_news@s0,mrpc@s0,ag_news@s0,encoder.layer.2.attention.self.query,768,0.01757772811,77.16458189,0,0.01757772811,77.16458189
mrpc@s0__ag_news@s0,mrpc@s0,ag_news@s0,encoder.layer.2.attention.self.value,768,0.01832888972,76.14761731,0,0.01832888972,76.14761731
mrpc@s0__ag_news@s0,mrpc@s0,ag_news@s0,encoder.layer.2.intermediate.dense,3072,0.003053854517,84.71539712,0,0.003053854517,84.71539712
mrpc@s0__ag_news@s0,mrpc@s0,ag_news@s0,encoder.layer.2.output.dense,768,0.01807706452,75.19611974,0,0.01807706452,75.19611974
mrpc@s0__ag_news@s0,mrpc@s0,ag_news@s0,encoder.layer.3.attention.output.dense,768,0.01919609987,76.02675592,0,0.01919609987,76.02675592
mrpc@s0__ag_news@s0,mrpc@s0,ag_news@s0,encoder.layer.3.attention.self.key,768,0.02231931663,75.44391994,0,0.02231931663,75.44391994
mrpc@s0__ag_news@s0,mrpc@s0,ag_news@s0,encoder.layer.3.attention.self.query,768,0.02592780058,73.54713916,0,0.02592780058,73.54713916
mrpc@s0__ag_news@s0,mrpc@s0,ag_news@s0,encoder.layer.3.attention.self.value,768,0.01267848357,79.28643541,0,0.01267848357,79.28643541
mrpc@s0__ag_news@s0,mrpc@s0,ag_news@s0,encoder.layer.3.intermediate.dense,3072,0.002718295385,84.9291602,0,0.002718295385,84.9291602
mrpc@s0__ag_news@s0,mrpc@s0,ag_news@s0,encoder.layer.3.output.dense,768,0.01659167421,77.60740284,0,0.01659167421,77.60740284
mrpc@s0__ag_news@s0,mrpc@s0,ag_news@s0,encoder.layer.4.attention.output.dense,768,0.01207038565,77.464968,0,0.01207038565,77.464968
mrpc@s0__ag_news@s0,mrpc@s0,ag_news@s0,encoder.layer.4.attention.self.key,768,0.02031379178,75.10147783,0,0.02031379178,75.10147783
mrpc@s0__ag_news@s0,mrpc@s0,ag_news@s0,encoder.layer.4.attention.self.query,768,0.01400068824,77.26820602,0,0.01400068824,77.26820602
mrpc@s0__ag_news@s0,mrpc@s0,ag_news@s0,encoder.layer.4.attention.self.value,768,0.01619851536,78.32458624,0,0.01619851536,78.32458624
mrpc@s0__ag_news@s0,mrpc@s0,ag_news@s0,encoder.layer.4.intermediate.dense,3072,0.002619438783,84.66521109,0,0.002619438783,84.66521109
mrpc@s0__ag_news@s0,mrpc@s0,ag_news@s0,encoder.layer.4.output.dense,768,0.01239356604,79.16904687,0,0.01239356604,79.16904687
mrpc@s0__ag_news@s0,mrpc@s0,ag_news@s0,encoder.layer.5.attention.output.dense,768,0.01450388013,78.82141677,0,0.01450388013,78.82141677
mrpc@s0__ag_news@s0,mrpc@s0,ag_news@s0,encoder.layer.5.attention.self.key,768,0.02206544761,74.47337121,0,0.02206544761,74.47337121
mrpc@s0__ag_news@s0,mrpc@s0,ag_news@s0,encoder.layer.5.attention.self.query,768,0.01490610821,78.60109014,0,0.01490610821,78.60109014
mrpc@s0__ag_news@s0,mrpc@s0,ag_news@s0,encoder.layer.5.attention.self.value,768,0.01225122481,79.22739071,0,0.01225122481,79.22739071
mrpc@s0__ag_news@s0,mrpc@s0,ag_news@s0,encoder.layer.5.intermediate.dense,3072,0.002678807664,84.31889992,0,0.002678807664,84.31889992
mrpc@s0__ag_news@s0,mrpc@s0,ag_news@s0,encoder.layer.5.output.dense,768,0.01304901536,79.25817254,0,0.01304901536,79.25817254
mrpc@s0__ag_news@s0,mrpc@s0,ag_news@s0,encoder.layer.6.attention.output.dense,768,0.02128209504,74.11947227,0,0.02128209504,74.11947227
mrpc@s0__ag_news@s0,mrpc@s0,ag_news@s0,encoder.layer.6.attention.self.key,768,0.01584735858,76.57453244,0,0.01584735858,76.57453244
mrpc@s0__ag_news@s0,mrpc@s0,ag_news@s0,encoder.layer.6.attention.self.query,768,0.02214452716,75.61988467,0,0.02214452716,75.61988467
mrpc@s0__ag_news@s0,mrpc@s0,ag_news@s0,encoder.layer.6.attention.self.value,768,0.01639228166,77.50118257,0,0.01639228166,77.50118257
mrpc@s0__ag_news@s0,mrpc@s0,ag_news@s0,encoder.layer.6.intermediate.dense,3072,0.003644068823,84.21414076,0,0.003644068823,84.21414076
mrpc@s0__ag_news@s0,mrpc@s0,ag_news@s0,encoder.layer.6.output.dense,768,0.01450245049,78.72211577,0,0.01450245049,78.72211577
mrpc@s0__ag_news@s0,mrpc@s0,ag_news@s0,encoder.layer.7.attention.output.dense,768,0.0174846819,76.05767565,0,0.0174846819,76.05767565
mrpc@s0__ag_news@s0,mrpc@s0,ag_news@s0,encoder.layer.7.attention.self.key,768,0.01742983637,77.27587775,0,0.01742983637,77.27587775
mrpc@s0__ag_news@s0,mrpc@s0,ag_news@s0,encoder.layer.7.attention.self.query,768,0.02060266495,75.61658341,0,0.02060266495,75.61658341
mrpc@s0__ag_news@s0,mrpc@s0,ag_news@s0,encoder.layer.7.attention.self.value,768,0.01220145116,77.93094959,0,0.01220145116,77.93094959
mrpc@s0__ag_news@s0,mrpc@s0,ag_news@s0,encoder.layer.7.intermediate.dense,3072,0.002751039189,84.65176778,0,0.002751039189,84.65176778
mrpc@s0__ag_news@s0,mrpc@s0,ag_news@s0,encoder.layer.7.output.dense,768,0.01514023985,77.09073833,0,0.01514023985,77.09073833
mrpc@s0__ag_news@s0,mrpc@s0,ag_news@s0,encoder.layer.8.attention.output.dense,768,0.02409577225,74.46103639,0,0.02409577225,74.46103639
mrpc@s0__ag_news@s0,mrpc@s0,ag_news@s0,encoder.layer.8.attention.self.key,768,0.01460699415,79.11029777,0,0.01460699415,79.11029777
mrpc@s0__ag_news@s0,mrpc@s0,ag_news@s0,encoder.layer.8.attention.self.query,768,0.01890186665,76.33010516,0,0.01890186665,76.33010516
mrpc@s0__ag_news@s0,mrpc@s0,ag_news@s0,encoder.layer.8.attention.self.value,768,0.01667832911,77.32754696,0,0.01667832911,77.32754696
mrpc@s0__ag_news@s0,mrpc@s0,ag_news@s0,encoder.layer.8.intermediate.dense,3072,0.003459894395,84.81751935,0,0.003459894395,84.81751935
mrpc@s0__ag_news@s0,mrpc@s0,ag_news@s0,encoder.layer.8.output.dense,768,0.01256064247,78.81232061,0,0.01256064247,78.81232061
mrpc@s0__ag_news@s0,mrpc@s0,ag_news@s0,encoder.layer.9.attention.output.dense,768,0.01893303745,76.82515787,0,0.01893303745,76.82515787
mrpc@s0__ag_news@s0,mrpc@s0,ag_news@s0,encoder.layer.9.attention.self.key,768,0.02623765147,73.34944994,0,0.02623765147,73.34944994
mrpc@s0__ag_news@s0,mrpc@s0,ag_news@s0,encoder.layer.9.attention.self.query,768,0.01990578922,76.61492768,0,0.01990578922,76.61492768
mrpc@s0__ag_news@s0,mrpc@s0,ag_news@s0,encoder.layer.9.attention.self.value,768,0.01410977617,77.68250713,0,0.01410977617,77.68250713
mrpc@s0__ag_news@s0,mrpc@s0,ag_news@s0,encoder.layer.9.intermediate.dense,3072,0.003108080448,84.49833268,0,0.003108080448,84.49833268
mrpc@s0__ag_news@s0,mrpc@s0,ag_news@s0,encoder.layer.9.output.dense,768,0.01881081545,75.0363039,0,0.01881081545,75.0363039
mrpc@s0__ag_news@s0,mrpc@s0,ag_news@s0,pooler.dense,768,0.05807636207,59.32753356,0,0.05807636207,59.32753356
mrpc@s0__imdb@s0,mrpc@s0,imdb@s0,encoder.layer.0.attention.output.dense,768,0.01770696414,75.65159364,0,0.01770696414,75.65159364
mrpc@s0__imdb@s0,mrpc@s0,imdb@s0,encoder.layer.0.attention.self.key,768,0.02211025718,76.61094301,0,0.02211025718,76.61094301
mrpc@s0__imdb@s0,mrpc@s0,imdb@s0,encoder.layer.0.attention.self.query,768,0.01801740922,77.5334661,0,0.01801740922,77.5334661
mrpc@s0__imdb@s0,mrpc@s0,imdb@s0,encoder.layer.0.attention.self.value,768,0.02332802269,75.02053339,0,0.02332802269,75.02053339
mrpc@s0__imdb@s0,mrpc@s0,imdb@s0,encoder.layer.0.intermediate.dense,3072,0.002273373686,85.46191892,0,0.002273373686,85.46191892
mrpc@s0__imdb@s0,mrpc@s0,imdb@s0,encoder.layer.0.output.dense,768,0.02118021428,74.82344342,0,0.02118021428,74.82344342
mrpc@s0__imdb@s0,mrpc@s0,imdb@s0,encoder.layer.1.attention.output.dense,768,0.01896817386,75.04872437,0,0.01896817386,75.04872437
mrpc@s0__imdb@s0,mrpc@s0,imdb@s0,encoder.layer.1.attention.self.key,768,0.01848692663,74.98675721,0,0.01848692663,74.98675721
mrpc@s0__imdb@s0,mrpc@s0,imdb@s0,encoder.layer.1.attention.self.query,768,0.01718583967,74.86885195,0,0.01718583967,74.86885195
mrpc@s0__imdb@s0,mrpc@s0,imdb@s0,encoder.layer.1.attention.self.value,768,0.0206675584,74.23320418,0,0.0206675584,74.23320418
mrpc@s0__imdb@s0,mrpc@s0,imdb@s0,encoder.layer.1.intermediate.dense,3072,0.002491719217,84.79541071,0,0.002491719217,84.79541071
mrpc@s0__imdb@s0,mrpc@s0,imdb@s0,encoder.layer.1.output.dense,768,0.01251612847,79.6158736,0,0.01251612847,79.6158736
mrpc@s0__imdb@s0,mrpc@s0,imdb@s0,encoder.layer.10.attention.output.dense,768,0.02508832468,72.70736562,0,0.02508832468,72.70736562
mrpc@s0__imdb@s0,mrpc@s0,imdb@s0,encoder.layer.10.attention.self.key,768,0.02087894464,75.03957924,0,0.02087894464,75.03957924
mrpc@s0__imdb@s0,mrpc@s0,imdb@s0,encoder.layer.10.attention.self.query,768,0.02353760673,74.22389774,0,0.02353760673,74.22389774
mrpc@s0__imdb@s0,mrpc@s0,imdb@s0,encoder.layer.10.attention.self.value,768,0.02022174949,75.80908948,0,0.02022174949,75.80908948
mrpc@s0__imdb@s0,mrpc@s0,imdb@s0,encoder.layer.10.intermediate.dense,3072,0.004714033752,82.02708461,0,0.004714033752,82.02708461
mrpc@s0__imdb@s0,mrpc@s0,imdb@s0,encoder.layer.10.output.dense,768,0.02619247553,73.01183163,0,0.02619247553,73.01183163
mrpc@s0__imdb@s0,mrpc@s0,imdb@s0,encoder.layer.11.attention.output.dense,768,0.05006147283,64.29762349,0,0.05006147283,64.29762349
mrpc@s0__imdb@s0,mrpc@s0,imdb@s0,encoder.layer.11.attention.self.key,768,0.01773671641,77.91978948,0,0.01773671641,77.91978948
mrpc@s0__imdb@s0,mrpc@s0,imdb@s0,encoder.layer.11.attention.self.query,768,0.01889585965,76.02280525,0,0.01889585965,76.02280525
mrpc@s0__imdb@s0,mrpc@s0,imdb@s0,encoder.layer.11.attention.self.value,768,0.02265730863,75.24240361,0,0.02265730863,75.24240361
mrpc@s0__imdb@s0,mrpc@s0,imdb@s0,encoder.layer.11.intermediate.dense,3072,0.005918019126,80.91291077,0,0.005918019126,80.91291077
mrpc@s0__imdb@s0,mrpc@s0,imdb@s0,encoder.layer.11.output.dense,768,0.04629394939,65.65873527,0,0.04629394939,65.65873527
mrpc@s0__imdb@s0,mrpc@s0,imdb@s0,encoder.layer.2.attention.output.dense,768,0.01555475263,77.80987121,0,0.01555475263,77.80987121
mrpc@s0__imdb@s0,mrpc@s0,imdb@s0,encoder.layer.2.attention.self.key,768,0.01416784594,79.26692411,0,0.01416784594,79.26692411
mrpc@s0__imdb@s0,mrpc@s0,imdb@s0,encoder.layer.2.attention.self.query,768,0.01492793238,77.39074473,0,0.01492793238,77.39074473
mrpc@s0__imdb@s0,mrpc@s0,imdb@s0,encoder.layer.2.attention.self.value,768,0.01884349848,75.66382,0,0.01884349848,75.66382
mrpc@s0__imdb@s0,mrpc@s0,imdb@s0,encoder.layer.2.intermediate.dense,3072,0.003073958253,84.57820492,0,0.003073958253,84.57820492
mrpc@s0__imdb@s0,mrpc@s0,imdb@s0,encoder.layer.2.output.dense,768,0.02249459678,75.94518275,0,0.02249459678,75.94518275
mrpc@s0__imdb@s0,mrpc@s0,imdb@s0,encoder.layer.3.attention.output.dense,768,0.01348850298,77.64282136,0,0.01348850298,77.64282136
mrpc@s0__imdb@s0,mrpc@s0,imdb@s0,encoder.layer.3.attention.self.key,768,0.01592560269,76.65887234,0,0.01592560269,76.65887234
mrpc@s0__imdb@s0,mrpc@s0,imdb@s0,encoder.layer.3.attention.self.query,768,0.0217674428,75.73585604,0,0.0217674428,75.73585604
mrpc@s0__imdb@s0,mrpc@s0,imdb@s0,encoder.layer.3.attention.self.value,768,0.01583135899,77.62321511,0,0.01583135899,77.62321511
mrpc@s0__imdb@s0,mrpc@s0,imdb@s0,encoder.layer.3.intermediate.dense,3072,0.002444017442,84.90655171,0,0.002444017442,84.90655171
mrpc@s0__imdb@s0,mrpc@s0,imdb@s0,encoder.layer.3.output.dense,768,0.01322007552,77.83167504,0,0.01322007552,77.83167504
mrpc@s0__imdb@s0,mrpc@s0,imdb@s0,encoder.layer.4.attention.output.dense,768,0.01738668635,75.41651971,0,0.01738668635,75.41651971
mrpc@s0__imdb@s0,mrpc@s0,imdb@s0,encoder.layer.4.attention.self.key,768,0.02030379454,74.64414884,0,0.02030379454,74.64414884
mrpc@s0__imdb@s0,mrpc@s0,imdb@s0,encoder.layer.4.attention.self.query,768,0.0163421383,76.27229324,0,0.0163421383,76.27229324
mrpc@s0__imdb@s0,mrpc@s0,imdb@s0,encoder.layer.4.attention.self.value,768,0.01625317418,77.58175593,0,0.01625317418,77.58175593
mrpc@s0__imdb@s0,mrpc@s0,imdb@s0,encoder.layer.4.intermediate.dense,3072,0.002632638955,85.1114397,0,0.002632638955,85.1114397
mrpc@s0__imdb@s0,mrpc@s0,imdb@s0,encoder.layer.4.output.dense,768,0.01671155323,76.80276128,0,0.01671155323,76.80276128
mrpc@s0__imdb@s0,mrpc@s0,imdb@s0,encoder.layer.5.attention.output.dense,768,0.02065689842,75.78630864,0,0.02065689842,75.78630864
mrpc@s0__imdb@s0,mrpc@s0,imdb@s0,encoder.layer.5.attention.self.key,768,0.01335134625,78.43888957,0,0.01335134625,78.43888957
mrpc@s0__imdb@s0,mrpc@s0,imdb@s0,encoder.layer.5.attention.self.query,768,0.02263041094,75.15777554,0,0.02263041094,75.15777554
mrpc@s0__imdb@s0,mrpc@s0,imdb@s0,encoder.layer.5.attention.self.value,768,0.01347739484,78.60437392,0,0.01347739484,78.60437392
mrpc@s0__imdb@s0,mrpc@s0,imdb@s0,encoder.layer.5.intermediate.dense,3072,0.0023594015,84.64902113,0,0.0023594015,84.64902113
mrpc@s0__imdb@s0,mrpc@s0,imdb@s0,encoder.layer.5.output.dense,768,0.01801005844,76.3716117,0,0.01801005844,76.3716117
mrpc@s0__imdb@s0,mrpc@s0,imdb@s0,encoder.layer.6.attention.output.dense,768,0.01710668438,75.49393755,0,0.01710668438,75.49393755
mrpc@s0__imdb@s0,mrpc@s0,imdb@s0,encoder.layer.6.attention.self.key,768,0.026582393,74.53414747,0,0.026582393,74.53414747
mrpc@s0__imdb@s0,mrpc@s0,imdb@s0,encoder.layer.6.attention.self.query,768,0.0168283607,75.56442568,0,0.0168283607,75.56442568
mrpc@s0__imdb@s0,mrpc@s0,imdb@s0,encoder.layer.6.attention.self.value,768,0.01378197509,77.34033241,0,0.01378197509,77.34033241
mrpc@s0__imdb@s0,mrpc@s0,imdb@s0,encoder.layer.6.intermediate.dense,3072,0.003681442411,83.10867576,0,0.003681442411,83.10867576
mrpc@s0__imdb@s0,mrpc@s0,imdb@s0,encoder.layer.6.output.dense,768,0.01815059031,76.58550141,0,0.01815059031,76.58550141
mrpc@s0__imdb@s0,mrpc@s0,imdb@s0,encoder.layer.7.attention.output.dense,768,0.01374981025,78.27834144,0,0.01374981025,78.27834144
mrpc@s0__imdb@s0,mrpc@s0,imdb@s0,encoder.layer.7.attention.self.key,768,0.03222545447,70.63458537,0,0.03222545447,70.63458537
mrpc@s0__imdb@s0,mrpc@s0,imdb@s0,encoder.layer.7.attention.self.query,768,0.02095411826,74.71194022,0,0.02095411826,74.71194022
mrpc@s0__imdb@s0,mrpc@s0,imdb@s0,encoder.layer.7.attention.self.value,768,0.01154838832,77.84756698,0,0.01154838832,77.84756698
mrpc@s0__imdb@s0,mrpc@s0,imdb@s0,encoder.layer.7.intermediate.dense,3072,0.001897810723,85.85096303,0,0.001897810723,85.85096303
mrpc@s0__imdb@s0,mrpc@s0,imdb@s0,encoder.layer.7.output.dense,768,0.02445216044,74.55829134,0,0.02445216044,74.55829134
mrpc@s0__imdb@s0,mrpc@s0,imdb@s0,encoder.layer.8.attention.output.dense,768,0.02891999671,72.19835888,0,0.02891999671,72.19835888
mrpc@s0__imdb@s0,mrpc@s0,imdb@s0,encoder.layer.8.attention.self.key,768,0.0199756218,74.78244166,0,0.0199756218,74.78244166
mrpc@s0__imdb@s0,mrpc@s0,imdb@s0,encoder.layer.8.attention.self.query,768,0.01855587208,76.52374718,0,0.01855587208,76.52374718
mrpc@s0__imdb@s0,mrpc@s0,imdb@s0,encoder.layer.8.attention.self.value,768,0.01593692722,77.0051434,0,0.01593692722,77.0051434
mrpc@s0__imdb@s0,mrpc@s0,imdb@s0,encoder.layer.8.intermediate.dense,3072,0.00276610133,84.53038457,0,0.00276610133,84.53038457
mrpc@s0__imdb@s0,mrpc@s0,imdb@s0,encoder.layer.8.output.dense,768,0.02263996273,74.33680956,0,0.02263996273,74.33680956
mrpc@s0__imdb@s0,mrpc@s0,imdb@s0,encoder.layer.9.attention.output.dense,768,0.02027958444,74.21485954,0,0.02027958444,74.21485954
mrpc@s0__imdb@s0,mrpc@s0,imdb@s0,encoder.layer.9.attention.self.key,768,0.0221520709,74.28310403,0,0.0221520709,74.28310403
mrpc@s0__imdb@s0,mrpc@s0,imdb@s0,encoder.layer.9.attention.self.query,768,0.01734722783,76.09014192,0,0.01734722783,76.09014192
mrpc@s0__imdb@s0,mrpc@s0,imdb@s0,encoder.layer.9.attention.self.value,768,0.02140552191,75.60057807,0,0.02140552191,75.60057807
mrpc@s0__imdb@s0,mrpc@s0,imdb@s0,encoder.layer.9.intermediate.dense,3072,0.002777536402,84.33787116,0,0.002777536402,84.33787116
mrpc@s0__imdb@s0,mrpc@s0,imdb@s0,encoder.layer.9.output.dense,768,0.01782745208,75.61536879,0,0.01782745208,75.61536879
mrpc@s0__imdb@s0,mrpc@s0,imdb@s0,pooler.dense,768,0.08359574365,53.74705045,0,0.08359574365,53.74705045
mrpc@s0__trec@s0,mrpc@s0,trec@s0,encoder.layer.0.attention.output.dense,768,0.01412156646,76.15869122,0,0.01412156646,76.15869122
mrpc@s0__trec@s0,mrpc@s0,trec@s0,encoder.layer.0.attention.self.key,768,0.01776994273,77.31237169,0,0.01776994273,77.31237169
mrpc@s0__trec@s0,mrpc@s0,trec@s0,encoder.layer.0.attention.self.query,768,0.02415126187,74.03991173,0,0.02415126187,74.03991173
mrpc@s0__trec@s0,mrpc@s0,trec@s0,encoder.layer.0.attention.self.value,768,0.02107997858,73.88029967,0,0.02107997858,73.88029967
mrpc@s0__trec@s0,mrpc@s0,trec@s0,encoder.layer.0.intermediate.dense,3072,0.002433644734,85.24933753,0,0.002433644734,85.24933753
mrpc@s0__trec@s0,mrpc@s0,trec@s0,encoder.layer.0.output.dense,768,0.01650735627,74.95694424,0,0.01650735627,74.95694424
mrpc@s0__trec@s0,mrpc@s0,trec@s0,encoder.layer.1.attention.output.dense,768,0.02532294825,71.64710448,0,0.02532294825,71.64710448
mrpc@s0__trec@s0,mrpc@s0,trec@s0,encoder.layer.1.attention.self.key,768,0.01873854512,76.12239134,0,0.01873854512,76.12239134
mrpc@s0__trec@s0,mrpc@s0,trec@s0,encoder.layer.1.attention.self.query,768,0.01967605856,74.6106742,0,0.01967605856,74.6106742
mrpc@s0__trec@s0,mrpc@s0,trec@s0,encoder.layer.1.attention.self.value,768,0.01542551343,75.97366255,0,0.01542551343,75.97366255
mrpc@s0__trec@s0,mrpc@s0,trec@s0,encoder.layer.1.intermediate.dense,3072,0.002302278327,85.20240978,0,0.002302278327,85.20240978
mrpc@s0__trec@s0,mrpc@s0,trec@s0,encoder.layer.1.output.dense,768,0.01323174165,78.20710859,0,0.01323174165,78.20710859
mrpc@s0__trec@s0,mrpc@s0,trec@s0,encoder.layer.10.attention.output.dense,768,0.03633849313,68.96678664,0,0.03633849313,68.96678664
mrpc@s0__trec@s0,mrpc@s0,trec@s0,encoder.layer.10.attention.self.key,768,0.02081767854,74.6049306,0,0.02081767854,74.6049306
mrpc@s0__trec@s0,mrpc@s0,trec@s0,encoder.layer.10.attention.self.query,768,0.02701320249,74.21557488,0,0.02701320249,74.21557488
mrpc@s0__trec@s0,mrpc@s0,trec@s0,encoder.layer.10.attention.self.value,768,0.02760964072,71.95180957,0,0.02760964072,71.95180957
mrpc@s0__trec@s0,mrpc@s0,trec@s0,encoder.layer.10.intermediate.dense,3072,0.003250825672,84.65311998,0,0.003250825672,84.65311998
mrpc@s0__trec@s0,mrpc@s0,trec@s0,encoder.layer.10.output.dense,768,0.0409360694,68.29891055,0,0.0409360694,68.29891055
mrpc@s0__trec@s0,mrpc@s0,trec@s0,encoder.layer.11.attention.output.dense,768,0.05066156607,64.97706486,0,0.05066156607,64.97706486
mrpc@s0__trec@s0,mrpc@s0,trec@s0,encoder.layer.11.attention.self.key,768,0.02180477302,75.02002025,0,0.02180477302,75.02002025
mrpc@s0__trec@s0,mrpc@s0,trec@s0,encoder.layer.11.attention.self.query,768,0.02021994171,74.89223355,0,0.02021994171,74.89223355
mrpc@s0__trec@s0,mrpc@s0,trec@s0,encoder.layer.11.attention.self.value,768,0.03119279904,69.55128773,0,0.03119279904,69.55128773
mrpc@s0__trec@s0,mrpc@s0,trec@s0,encoder.layer.11.intermediate.dense,3072,0.003954374266,83.54081377,0,0.003954374266,83.54081377
mrpc@s0__trec@s0,mrpc@s0,trec@s0,encoder.layer.11.output.dense,768,0.03995939181,68.58975095,0,0.03995939181,68.58975095
mrpc@s0__trec@s0,mrpc@s0,trec@s0,encoder.layer.2.attention.output.dense,768,0.01265502724,78.2547047,0,0.01265502724,78.2547047
mrpc@s0__trec@s0,mrpc@s0,trec@s0,encoder.layer.2.attention.self.key,768,0.01384625865,77.49621148,0,0.01384625865,77.49621148
mrpc@s0__trec@s0,mrpc@s0,trec@s0,encoder.layer.2.attention.self.query,768,0.01088132928,79.542761,0,0.01088132928,79.542761
mrpc@s0__trec@s0,mrpc@s0,trec@s0,encoder.layer.2.attention.self.value,768,0.01574481824,78.92150146,0,0.01574481824,78.92150146
mrpc@s0__trec@s0,mrpc@s0,trec@s0,encoder.layer.2.intermediate.dense,3072,0.002728774977,84.87740129,0,0.002728774977,84.87740129
mrpc@s0__trec@s0,mrpc@s0,trec@s0,encoder.layer.2.output.dense,768,0.0166736543,76.32447374,0,0.0166736543,76.32447374
mrpc@s0__trec@s0,mrpc@s0,trec@s0,encoder.layer.3.attention.output.dense,768,0.01182915277,78.98020772,0,0.01182915277,78.98020772
mrpc@s0__trec@s0,mrpc@s0,trec@s0,encoder.layer.3.attention.self.key,768,0.01587878962,77.49652925,0,0.01587878962,77.49652925
mrpc@s0__trec@s0,mrpc@s0,trec@s0,encoder.layer.3.attention.self.query,768,0.02356476148,75.6664785,0,0.02356476148,75.6664785
mrpc@s0__trec@s0,mrpc@s0,trec@s0,encoder.layer.3.attention.self.value,768,0.0192102823,75.96324646,0,0.0192102823,75.96324646
mrpc@s0__trec@s0,mrpc@s0,trec@s0,encoder.layer.3.intermediate.dense,3072,0.002168532294,85.20674103,0,0.002168532294,85.20674103
mrpc@s0__trec@s0,mrpc@s0,trec@s0,encoder.layer.3.output.dense,768,0.01472392321,78.10436804,0,0.01472392321,78.10436804
mrpc@s0__trec@s0,mrpc@s0,trec@s0,encoder.layer.4.attention.output.dense,768,0.01019355126,79.72797128,0,0.01019355126,79.72797128
mrpc@s0__trec@s0,mrpc@s0,trec@s0,encoder.layer.4.attention.self.key,768,0.02066924238,73.61106415,0,0.02066924238,73.61106415
mrpc@s0__trec@s0,mrpc@s0,trec@s0,encoder.layer.4.attention.self.query,768,0.02098813222,74.44422865,0,0.02098813222,74.44422865
mrpc@s0__trec@s0,mrpc@s0,trec@s0,encoder.layer.4.attention.self.value,768,0.01281646934,78.32404925,0,0.01281646934,78.32404925
mrpc@s0__trec@s0,mrpc@s0,trec@s0,encoder.layer.4.intermediate.dense,3072,0.002742994591,84.85907325,0,0.002742994591,84.85907325
mrpc@s0__trec@s0,mrpc@s0,trec@s0,encoder.layer.4.output.dense,768,0.01529546561,77.29189682,0,0.01529546561,77.29189682
mrpc@s0__trec@s0,mrpc@s0,trec@s0,encoder.layer.5.attention.output.dense,768,0.01497517401,76.79962714,0,0.01497517401,76.79962714
mrpc@s0__trec@s0,mrpc@s0,trec@s0,encoder.layer.5.attention.self.key,768,0.01324285916,78.05599235,0,0.01324285916,78.05599235
mrpc@s0__trec@s0,mrpc@s0,trec@s0,encoder.layer.5.attention.self.query,768,0.01971477477,76.50388118,0,0.01971477477,76.50388118
mrpc@s0__trec@s0,mrpc@s0,trec@s0,encoder.layer.5.attention.self.value,768,0.01299641559,77.69533666,0,0.01299641559,77.69533666
mrpc@s0__trec@s0,mrpc@s0,trec@s0,encoder.layer.5.intermediate.dense,3072,0.003260202647,84.31147673,0,0.003260202647,84.31147673
mrpc@s0__trec@s0,mrpc@s0,trec@s0,encoder.layer.5.output.dense,768,0.01895695329,77.34402564,0,0.01895695329,77.34402564
mrpc@s0__trec@s0,mrpc@s0,trec@s0,encoder.layer.6.attention.output.dense,768,0.01593625846,78.15560043,0,0.01593625846,78.15560043
mrpc@s0__trec@s0,mrpc@s0,trec@s0,encoder.layer.6.attention.self.key,768,0.01656441374,76.87622454,0,0.01656441374,76.87622454
mrpc@s0__trec@s0,mrpc@s0,trec@s0,encoder.layer.6.attention.self.query,768,0.01377509708,77.52476293,0,0.01377509708,77.52476293
mrpc@s0__trec@s0,mrpc@s0,trec@s0,encoder.layer.6.attention.self.value,768,0.01330109396,78.39290683,0,0.01330109396,78.39290683
mrpc@s0__trec@s0,mrpc@s0,trec@s0,encoder.layer.6.intermediate.dense,3072,0.002776144355,85.14276562,0,0.002776144355,85.14276562
mrpc@s0__trec@s0,mrpc@s0,trec@s0,encoder.layer.6.output.dense,768,0.01694283871,77.56596013,0,0.01694283871,77.56596013
mrpc@s0__trec@s0,mrpc@s0,trec@s0,encoder.layer.7.attention.output.dense,768,0.01839001019,74.78135581,0,0.01839001019,74.78135581
mrpc@s0__trec@s0,mrpc@s0,trec@s0,encoder.layer.7.attention.self.key,768,0.01554735047,77.76112837,0,0.01554735047,77.76112837
mrpc@s0__trec@s0,mrpc@s0,trec@s0,encoder.layer.7.attention.self.query,768,0.0208552528,75.34185832,0,0.0208552528,75.34185832
mrpc@s0__trec@s0,mrpc@s0,trec@s0,encoder.layer.7.attention.self.value,768,0.01250349773,79.68173098,0,0.01250349773,79.68173098
mrpc@s0__trec@s0,mrpc@s0,trec@s0,encoder.layer.7.intermediate.dense,3072,0.00284071817,85.04937585,0,0.00284071817,85.04937585
mrpc@s0__trec@s0,mrpc@s0,trec@s0,encoder.layer.7.output.dense,768,0.02434362212,72.67662987,0,0.02434362212,72.67662987
mrpc@s0__trec@s0,mrpc@s0,trec@s0,encoder.layer.8.attention.output.dense,768,0.02137583285,74.36573785,0,0.02137583285,74.36573785
mrpc@s0__trec@s0,mrpc@s0,trec@s0,encoder.layer.8.attention.self.key,768,0.01811420284,76.19296464,0,0.01811420284,76.19296464
mrpc@s0__trec@s0,mrpc@s0,trec@s0,encoder.layer.8.attention.self.query,768,0.0183224647,76.5234014,0,0.0183224647,76.5234014
mrpc@s0__trec@s0,mrpc@s0,trec@s0,encoder.layer.8.attention.self.value,768,0.01735963942,75.51058675,0,0.01735963942,75.51058675
mrpc@s0__trec@s0,mrpc@s0,trec@s0,encoder.layer.8.intermediate.dense,3072,0.003045169561,84.49522188,0,0.003045169561,84.49522188
mrpc@s0__trec@s0,mrpc@s0,trec@s0,encoder.layer.8.output.dense,768,0.01645415022,77.54819622,0,0.01645415022,77.54819622
mrpc@s0__trec@s0,mrpc@s0,trec@s0,encoder.layer.9.attention.output.dense,768,0.02248102204,76.04224119,0,0.02248102204,76.04224119
mrpc@s0__trec@s0,mrpc@s0,trec@s0,encoder.layer.9.attention.self.key,768,0.01985035695,76.5525741,0,0.01985035695,76.5525741
mrpc@s0__trec@s0,mrpc@s0,trec@s0,encoder.layer.9.attention.self.query,768,0.01650925821,77.04673066,0,0.01650925821,77.04673066
mrpc@s0__trec@s0,mrpc@s0,trec@s0,encoder.layer.9.attention.self.value,768,0.02166147374,75.61552289,0,0.02166147374,75.61552289
mrpc@s0__trec@s0,mrpc@s0,trec@s0,encoder.layer.9.intermediate.dense,3072,0.003575083766,84.37684009,0,0.003575083766,84.37684009
mrpc@s0__trec@s0,mrpc@s0,trec@s0,encoder.layer.9.output.dense,768,0.01352391212,80.4274673,0,0.01352391212,80.4274673
mrpc@s0__trec@s0,mrpc@s0,trec@s0,pooler.dense,768,0.04884796293,56.69589638,0,0.04884796293,56.69589638
mrpc@s0__yelp_polarity@s0,mrpc@s0,yelp_polarity@s0,encoder.layer.0.attention.output.dense,768,0.01586702636,76.61174957,0,0.01586702636,76.61174957
mrpc@s0__yelp_polarity@s0,mrpc@s0,yelp_polarity@s0,encoder.layer.0.attention.self.key,768,0.01568540163,77.47400493,0,0.01568540163,77.47400493
mrpc@s0__yelp_polarity@s0,mrpc@s0,yelp_polarity@s0,encoder.layer.0.attention.self.query,768,0.01714141238,76.65244353,0,0.01714141238,76.65244353
mrpc@s0__yelp_polarity@s0,mrpc@s0,yelp_polarity@s0,encoder.layer.0.attention.self.value,768,0.01670304349,76.97920403,0,0.01670304349,76.97920403
mrpc@s0__yelp_polarity@s0,mrpc@s0,yelp_polarity@s0,encoder.layer.0.intermediate.dense,3072,0.0029121554,84.437653,0,0.0029121554,84.437653
mrpc@s0__yelp_polarity@s0,mrpc@s0,yelp_polarity@s0,encoder.layer.0.output.dense,768,0.01558133856,76.89915087,0,0.01558133856,76.89915087
mrpc@s0__yelp_polarity@s0,mrpc@s0,yelp_polarity@s0,encoder.layer.1.attention.output.dense,768,0.02280118361,71.95657015,0,0.02280118361,71.95657015
mrpc@s0__yelp_polarity@s0,mrpc@s0,yelp_polarity@s0,encoder.layer.1.attention.self.key,768,0.01631864747,76.78395625,0,0.01631864747,76.78395625
mrpc@s0__yelp_polarity@s0,mrpc@s0,yelp_polarity@s0,encoder.layer.1.attention.self.query,768,0.02375071708,71.98399886,0,0.02375071708,71.98399886
mrpc@s0__yelp_polarity@s0,mrpc@s0,yelp_polarity@s0,encoder.layer.1.attention.self.value,768,0.01377628034,77.1018892,0,0.01377628034,77.1018892
mrpc@s0__yelp_polarity@s0,mrpc@s0,yelp_polarity@s0,encoder.layer.1.intermediate.dense,3072,0.002150350391,86.08590126,0,0.002150350391,86.08590126
mrpc@s0__yelp_polarity@s0,mrpc@s0,yelp_polarity@s0,encoder.layer.1.output.dense,768,0.01495936272,78.51061623,0,0.01495936272,78.51061623
mrpc@s0__yelp_polarity@s0,mrpc@s0,yelp_polarity@s0,encoder.layer.10.attention.output.dense,768,0.02657607246,73.36043659,0,0.02657607246,73.36043659
mrpc@s0__yelp_polarity@s0,mrpc@s0,yelp_polarity@s0,encoder.layer.10.attention.self.key,768,0.01768737496,74.9615454,0,0.01768737496,74.9615454
mrpc@s0__yelp_polarity@s0,mrpc@s0,yelp_polarity@s0,encoder.layer.10.attention.self.query,768,0.01771841927,77.21882183,0,0.01771841927,77.21882183
mrpc@s0__yelp_polarity@s0,mrpc@s0,yelp_polarity@s0,encoder.layer.10.attention.self.value,768,0.01813492397,75.07821547,0,0.01813492397,75.07821547
mrpc@s0__yelp_polarity@s0,mrpc@s0,yelp_polarity@s0,encoder.layer.10.intermediate.dense,3072,0.003084830781,84.75554406,0,0.003084830781,84.75554406
mrpc@s0__yelp_polarity@s0,mrpc@s0,yelp_polarity@s0,encoder.layer.10.output.dense,768,0.02668506064,73.51135132,0,0.02668506064,73.51135132
mrpc@s0__yelp_polarity@s0,mrpc@s0,yelp_polarity@s0,encoder.layer.11.attention.output.dense,768,0.04106841331,69.1580415,0,0.04106841331,69.1580415
mrpc@s0__yelp_polarity@s0,mrpc@s0,yelp_polarity@s0,encoder.layer.11.attention.self.key,768,0.02460886502,74.52471974,0,0.02460886502,74.52471974
mrpc@s0__yelp_polarity@s0,mrpc@s0,yelp_polarity@s0,encoder.layer.11.attention.self.query,768,0.0232825587,75.91807898,0,0.0232825587,75.91807898
mrpc@s0__yelp_polarity@s0,mrpc@s0,yelp_polarity@s0,encoder.layer.11.attention.self.value,768,0.02597590884,74.01630539,0,0.02597590884,74.01630539
mrpc@s0__yelp_polarity@s0,mrpc@s0,yelp_polarity@s0,encoder.layer.11.intermediate.dense,3072,0.006401962119,80.74437073,0,0.006401962119,80.74437073
mrpc@s0__yelp_polarity@s0,mrpc@s0,yelp_polarity@s0,encoder.layer.11.output.dense,768,0.03155527172,68.48216018,0,0.03155527172,68.48216018
mrpc@s0__yelp_polarity@s0,mrpc@s0,yelp_polarity@s0,encoder.layer.2.attention.output.dense,768,0.0133444491,78.28234112,0,0.0133444491,78.28234112
mrpc@s0__yelp_polarity@s0,mrpc@s0,yelp_polarity@s0,encoder.layer.2.attention.self.key,768,0.01242026355,78.70580332,0,0.01242026355,78.70580332
mrpc@s0__yelp_polarity@s0,mrpc@s0,yelp_polarity@s0,encoder.layer.2.attention.self.query,768,0.01882052549,77.86876871,0,0.01882052549,77.86876871
mrpc@s0__yelp_polarity@s0,mrpc@s0,yelp_polarity@s0,encoder.layer.2.attention.self.value,768,0.01716597413,76.18130417,0,0.01716597413,76.18130417
mrpc@s0__yelp_polarity@s0,mrpc@s0,yelp_polarity@s0,encoder.layer.2.intermediate.dense,3072,0.002995341234,83.84819131,0,0.002995341234,83.84819131
mrpc@s0__yelp_polarity@s0,mrpc@s0,yelp_polarity@s0,encoder.layer.2.output.dense,768,0.01365458198,77.29721183,0,0.01365458198,77.29721183
mrpc@s0__yelp_polarity@s0,mrpc@s0,yelp_polarity@s0,encoder.layer.3.attention.output.dense,768,0.01670738644,76.59892509,0,0.01670738644,76.59892509
mrpc@s0__yelp_polarity@s0,mrpc@s0,yelp_polarity@s0,encoder.layer.3.attention.self.key,768,0.01477822648,78.7759655,0,0.01477822648,78.7759655
mrpc@s0__yelp_polarity@s0,mrpc@s0,yelp_polarity@s0,encoder.layer.3.attention.self.query,768,0.01814352585,77.06499583,0,0.01814352585,77.06499583
mrpc@s0__yelp_polarity@s0,mrpc@s0,yelp_polarity@s0,encoder.layer.3.attention.self.value,768,0.01285253225,78.63668701,0,0.01285253225,78.63668701
mrpc@s0__yelp_polarity@s0,mrpc@s0,yelp_polarity@s0,encoder.layer.3.intermediate.dense,3072,0.002031675812,85.96134846,0,0.002031675812,85.96134846
mrpc@s0__yelp_polarity@s0,mrpc@s0,yelp_polarity@s0,encoder.layer.3.output.dense,768,0.01723895529,77.44973762,0,0.01723895529,77.44973762
mrpc@s0__yelp_polarity@s0,mrpc@s0,yelp_polarity@s0,encoder.layer.4.attention.output.dense,768,0.01763262844,77.54862912,0,0.01763262844,77.54862912
mrpc@s0__yelp_polarity@s0,mrpc@s0,yelp_polarity@s0,encoder.layer.4.attention.self.key,768,0.01637904386,75.89410208,0,0.01637904386,75.89410208
mrpc@s0__yelp_polarity@s0,mrpc@s0,yelp_polarity@s0,encoder.layer.4.attention.self.query,768,0.02175181604,74.90850273,0,0.02175181604,74.90850273
mrpc@s0__yelp_polarity@s0,mrpc@s0,yelp_polarity@s0,encoder.layer.4.attention.self.value,768,0.01533091638,78.68630708,0,0.01533091638,78.68630708
mrpc@s0__yelp_polarity@s0,mrpc@s0,yelp_polarity@s0,encoder.layer.4.intermediate.dense,3072,0.002328927517,85.70313522,0,0.002328927517,85.70313522
mrpc@s0__yelp_polarity@s0,mrpc@s0,yelp_polarity@s0,encoder.layer.4.output.dense,768,0.01684267345,78.84741909,0,0.01684267345,78.84741909
mrpc@s0__yelp_polarity@s0,mrpc@s0,yelp_polarity@s0,encoder.layer.5.attention.output.dense,768,0.02379380317,73.22067951,0,0.02379380317,73.22067951
mrpc@s0__yelp_polarity@s0,mrpc@s0,yelp_polarity@s0,encoder.layer.5.attention.self.key,768,0.01995870667,74.96194542,0,0.01995870667,74.96194542
mrpc@s0__yelp_polarity@s0,mrpc@s0,yelp_polarity@s0,encoder.layer.5.attention.self.query,768,0.02002914338,75.81292147,0,0.02002914338,75.81292147
mrpc@s0__yelp_polarity@s0,mrpc@s0,yelp_polarity@s0,encoder.layer.5.attention.self.value,768,0.01239598521,79.59278629,0,0.01239598521,79.59278629
mrpc@s0__yelp_polarity@s0,mrpc@s0,yelp_polarity@s0,encoder.layer.5.intermediate.dense,3072,0.00314077788,83.59560278,0,0.00314077788,83.59560278
mrpc@s0__yelp_polarity@s0,mrpc@s0,yelp_polarity@s0,encoder.layer.5.output.dense,768,0.01530401169,78.19337256,0,0.01530401169,78.19337256
mrpc@s0__yelp_polarity@s0,mrpc@s0,yelp_polarity@s0,encoder.layer.6.attention.output.dense,768,0.01589682183,78.17575174,0,0.01589682183,78.17575174
mrpc@s0__yelp_polarity@s0,mrpc@s0,yelp_polarity@s0,encoder.layer.6.attention.self.key,768,0.01565694942,77.20495266,0,0.01565694942,77.20495266
mrpc@s0__yelp_polarity@s0,mrpc@s0,yelp_polarity@s0,encoder.layer.6.attention.self.query,768,0.01754008151,75.98712135,0,0.01754008151,75.98712135
mrpc@s0__yelp_polarity@s0,mrpc@s0,yelp_polarity@s0,encoder.layer.6.attention.self.value,768,0.01817844533,76.70178571,0,0.01817844533,76.70178571
mrpc@s0__yelp_polarity@s0,mrpc@s0,yelp_polarity@s0,encoder.layer.6.intermediate.dense,3072,0.002722762868,84.78879236,0,0.002722762868,84.78879236
mrpc@s0__yelp_polarity@s0,mrpc@s0,yelp_polarity@s0,encoder.layer.6.output.dense,768,0.0199045723,76.09463191,0,0.0199045723,76.09463191
mrpc@s0__yelp_polarity@s0,mrpc@s0,yelp_polarity@s0,encoder.layer.7.attention.output.dense,768,0.0200279124,76.88182622,0,0.0200279124,76.88182622
mrpc@s0__yelp_polarity@s0,mrpc@s0,yelp_polarity@s0,encoder.layer.7.attention.self.key,768,0.01527398736,77.86585056,0,0.01527398736,77.86585056
mrpc@s0__yelp_polarity@s0,mrpc@s0,yelp_polarity@s0,encoder.layer.7.attention.self.query,768,0.0206625725,74.29299876,0,0.0206625725,74.29299876
mrpc@s0__yelp_polarity@s0,mrpc@s0,yelp_polarity@s0,encoder.layer.7.attention.self.value,768,0.01655576701,76.15107029,0,0.01655576701,76.15107029
mrpc@s0__yelp_polarity@s0,mrpc@s0,yelp_polarity@s0,encoder.layer.7.intermediate.dense,3072,0.002675519538,84.61416053,0,0.002675519538,84.61416053
mrpc@s0__yelp_polarity@s0,mrpc@s0,yelp_polarity@s0,encoder.layer.7.output.dense,768,0.02608222092,73.45601022,0,0.02608222092,73.45601022
mrpc@s0__yelp_polarity@s0,mrpc@s0,yelp_polarity@s0,encoder.layer.8.attention.output.dense,768,0.01589229681,77.23212292,0,0.01589229681,77.23212292
mrpc@s0__yelp_polarity@s0,mrpc@s0,yelp_polarity@s0,encoder.layer.8.attention.self.key,768,0.0206381606,75.35987055,0,0.0206381606,75.35987055
mrpc@s0__yelp_polarity@s0,mrpc@s0,yelp_polarity@s0,encoder.layer.8.attention.self.query,768,0.01974582451,75.60872517,0,0.01974582451,75.60872517
mrpc@s0__yelp_polarity@s0,mrpc@s0,yelp_polarity@s0,encoder.layer.8.attention.self.value,768,0.01474195844,77.77540738,0,0.01474195844,77.77540738
mrpc@s0__yelp_polarity@s0,mrpc@s0,yelp_polarity@s0,encoder.layer.8.intermediate.dense,3072,0.003566735565,84.00511232,0,0.003566735565,84.00511232
mrpc@s0__yelp_polarity@s0,mrpc@s0,yelp_polarity@s0,encoder.layer.8.output.dense,768,0.01663998905,75.68010802,0,0.01663998905,75.68010802
mrpc@s0__yelp_polarity@s0,mrpc@s0,yelp_polarity@s0,encoder.layer.9.attention.output.dense,768,0.01891967998,76.57249788,0,0.01891967998,76.57249788
mrpc@s0__yelp_polarity@s0,mrpc@s0,yelp_polarity@s0,encoder.layer.9.attention.self.key,768,0.02431357379,74.43491491,0,0.02431357379,74.43491491
mrpc@s0__yelp_polarity@s0,mrpc@s0,yelp_polarity@s0,encoder.layer.9.attention.self.query,768,0.01520282131,77.82839974,0,0.01520282131,77.82839974
mrpc@s0__yelp_polarity@s0,mrpc@s0,yelp_polarity@s0,encoder.layer.9.attention.self.value,768,0.02189594219,74.52394183,0,0.02189594219,74.52394183
mrpc@s0__yelp_polarity@s0,mrpc@s0,yelp_polarity@s0,encoder.layer.9.intermediate.dense,3072,0.003449929086,84.45260473,0,0.003449929086,84.45260473
mrpc@s0__yelp_polarity@s0,mrpc@s0,yelp_polarity@s0,encoder.layer.9.output.dense,768,0.02114144437,76.05268642,0,0.02114144437,76.05268642
mrpc@s0__yelp_polarity@s0,mrpc@s0,yelp_polarity@s0,pooler.dense,768,0.05299372057,65.16722663,0,0.05299372057,65.16722663
stsb@s0__mnli@s0,stsb@s0,mnli@s0,encoder.layer.0.attention.output.dense,768,0.009442213198,80.03488068,0,0.009442213198,80.03488068
stsb@s0__mnli@s0,stsb@s0,mnli@s0,encoder.layer.0.attention.self.key,768,0.01860657797,74.53414283,0,0.01860657797,74.53414283
stsb@s0__mnli@s0,stsb@s0,mnli@s0,encoder.layer.0.attention.self.query,768,0.02044431929,74.78875243,0,0.02044431929,74.78875243
stsb@s0__mnli@s0,stsb@s0,mnli@s0,encoder.layer.0.attention.self.value,768,0.01809658418,76.79935113,0,0.01809658418,76.79935113
stsb@s0__mnli@s0,stsb@s0,mnli@s0,encoder.layer.0.intermediate.dense,3072,0.002946123224,84.10604977,0,0.002946123224,84.10604977
stsb@s0__mnli@s0,stsb@s0,mnli@s0,encoder.layer.0.output.dense,768,0.01665168934,77.71730906,0,0.01665168934,77.71730906
stsb@s0__mnli@s0,stsb@s0,mnli@s0,encoder.layer.1.attention.output.dense,768,0.01507976627,78.18659918,0,0.01507976627,78.18659918
stsb@s0__mnli@s0,stsb@s0,mnli@s0,encoder.layer.1.attention.self.key,768,0.01778764567,75.29968183,0,0.01778764567,75.29968183
stsb@s0__mnli@s0,stsb@s0,mnli@s0,encoder.layer.1.attention.self.query,768,0.01405241201,77.99221451,0,0.01405241201,77.99221451
stsb@s0__mnli@s0,stsb@s0,mnli@s0,encoder.layer.1.attention.self.value,768,0.02308000713,73.09738085,0,0.02308000713,73.09738085
stsb@s0__mnli@s0,stsb@s0,mnli@s0,encoder.layer.1.intermediate.dense,3072,0.003200063668,84.55080941,0,0.003200063668,84.55080941
stsb@s0__mnli@s0,stsb@s0,mnli@s0,encoder.layer.1.output.dense,768,0.01003544001,80.05031117,0,0.01003544001,80.05031117
stsb@s0__mnli@s0,stsb@s0,mnli@s0,encoder.layer.10.attention.output.dense,768,0.02893507612,71.21043293,0,0.02893507612,71.21043293
stsb@s0__mnli@s0,stsb@s0,mnli@s0,encoder.layer.10.attention.self.key,768,0.02275122966,72.01358093,0,0.02275122966,72.01358093
stsb@s0__mnli@s0,stsb@s0,mnli@s0,encoder.layer.10.attention.self.query,768,0.01872333875,74.40307544,0,0.01872333875,74.40307544
stsb@s0__mnli@s0,stsb@s0,mnli@s0,encoder.layer.10.attention.self.value,768,0.02286734137,74.27601345,0,0.02286734137,74.27601345
stsb@s0__mnli@s0,stsb@s0,mnli@s0,encoder.layer.10.intermediate.dense,3072,0.004836569097,81.41928369,0,0.004836569097,81.41928369
stsb@s0__mnli@s0,stsb@s0,mnli@s0,encoder.layer.10.output.dense,768,0.03177889652,69.4912799,0,0.03177889652,69.4912799
stsb@s0__mnli@s0,stsb@s0,mnli@s0,encoder.layer.11.attention.output.dense,768,0.01973758333,74.06250604,0,0.01973758333,74.06250604
stsb@s0__mnli@s0,stsb@s0,mnli@s0,encoder.layer.11.attention.self.key,768,0.02738254724,71.71474533,0,0.02738254724,71.71474533
stsb@s0__mnli@s0,stsb@s0,mnli@s0,encoder.layer.11.attention.self.query,768,0.01702175662,76.33621295,0,0.01702175662,76.33621295
stsb@s0__mnli@s0,stsb@s0,mnli@s0,encoder.layer.11.attention.self.value,768,0.02919467269,71.46971425,0,0.02919467269,71.46971425
stsb@s0__mnli@s0,stsb@s0,mnli@s0,encoder.layer.11.intermediate.dense,3072,0.008938734931,77.21108394,0,0.008938734931,77.21108394
stsb@s0__mnli@s0,stsb@s0,mnli@s0,encoder.layer.11.output.dense,768,0.01908724095,75.28369247,0,0.01908724095,75.28369247
stsb@s0__mnli@s0,stsb@s0,mnli@s0,encoder.layer.2.attention.output.dense,768,0.01242040109,78.34056316,0,0.01242040109,78.34056316
stsb@s0__mnli@s0,stsb@s0,mnli@s0,encoder.layer.2.attention.self.key,768,0.01460524969,78.5383629,0,0.01460524969,78.5383629
stsb@s0__mnli@s0,stsb@s0,mnli@s0,encoder.layer.2.attention.self.query,768,0.01573588314,77.3880933,0,0.01573588314,77.3880933
stsb@s0__mnli@s0,stsb@s0,mnli@s0,encoder.layer.2.attention.self.value,768,0.0113204377,79.63488471,0,0.0113204377,79.63488471
stsb@s0__mnli@s0,stsb@s0,mnli@s0,encoder.layer.2.intermediate.dense,3072,0.003273239928,84.72834177,0,0.003273239928,84.72834177
stsb@s0__mnli@s0,stsb@s0,mnli@s0,encoder.layer.2.output.dense,768,0.0105158789,80.22509604,0,0.0105158789,80.22509604
stsb@s0__mnli@s0,stsb@s0,mnli@s0,encoder.layer.3.attention.output.dense,768,0.01212711025,78.08407992,0,0.01212711025,78.08407992
stsb@s0__mnli@s0,stsb@s0,mnli@s0,encoder.layer.3.attention.self.key,768,0.014388847,78.32195797,0,0.014388847,78.32195797
stsb@s0__mnli@s0,stsb@s0,mnli@s0,encoder.layer.3.attention.self.query,768,0.01360627195,77.30575128,0,0.01360627195,77.30575128
stsb@s0__mnli@s0,stsb@s0,mnli@s0,encoder.layer.3.attention.self.value,768,0.01345322843,78.7823331,0,0.01345322843,78.7823331
stsb@s0__mnli@s0,stsb@s0,mnli@s0,encoder.layer.3.intermediate.dense,3072,0.003604876022,84.04341711,0,0.003604876022,84.04341711
stsb@s0__mnli@s0,stsb@s0,mnli@s0,encoder.layer.3.output.dense,768,0.01241234182,79.61310695,0,0.01241234182,79.61310695
stsb@s0__mnli@s0,stsb@s0,mnli@s0,encoder.layer.4.attention.output.dense,768,0.01270657405,79.01633396,0,0.01270657405,79.01633396
stsb@s0__mnli@s0,stsb@s0,mnli@s0,encoder.layer.4.attention.self.key,768,0.0152525767,78.19481156,0,0.0152525767,78.19481156
stsb@s0__mnli@s0,stsb@s0,mnli@s0,encoder.layer.4.attention.self.query,768,0.01513998849,78.22249748,0,0.01513998849,78.22249748
stsb@s0__mnli@s0,stsb@s0,mnli@s0,encoder.layer.4.attention.self.value,768,0.0157842176,78.10848399,0,0.0157842176,78.10848399
stsb@s0__mnli@s0,stsb@s0,mnli@s0,encoder.layer.4.intermediate.dense,3072,0.001904574668,86.0288698,0,0.001904574668,86.0288698
stsb@s0__mnli@s0,stsb@s0,mnli@s0,encoder.layer.4.output.dense,768,0.00955309665,80.55623228,0,0.00955309665,80.55623228
stsb@s0__mnli@s0,stsb@s0,mnli@s0,encoder.layer.5.attention.output.dense,768,0.01260140033,79.49940596,0,0.01260140033,79.49940596
stsb@s0__mnli@s0,stsb@s0,mnli@s0,encoder.layer.5.attention.self.key,768,0.01228236497,78.7254896,0,0.01228236497,78.7254896
stsb@s0__mnli@s0,stsb@s0,mnli@s0,encoder.layer.5.attention.self.query,768,0.01819019494,75.95470909,0,0.01819019494,75.95470909
stsb@s0__mnli@s0,stsb@s0,mnli@s0,encoder.layer.5.attention.self.value,768,0.01446702098,76.72592861,0,0.01446702098,76.72592861
stsb@s0__mnli@s0,stsb@s0,mnli@s0,encoder.layer.5.intermediate.dense,3072,0.002607727821,84.32497552,0,0.002607727821,84.32497552
stsb@s0__mnli@s0,stsb@s0,mnli@s0,encoder.layer.5.output.dense,768,0.01206791547,80.07726373,0,0.01206791547,80.07726373
stsb@s0__mnli@s0,stsb@s0,mnli@s0,encoder.layer.6.attention.output.dense,768,0.0124268489,77.06090703,0,0.0124268489,77.06090703
stsb@s0__mnli@s0,stsb@s0,mnli@s0,encoder.layer.6.attention.self.key,768,0.01251766993,79.65125273,0,0.01251766993,79.65125273
stsb@s0__mnli@s0,stsb@s0,mnli@s0,encoder.layer.6.attention.self.query,768,0.0137091732,78.38629054,0,0.0137091732,78.38629054
stsb@s0__mnli@s0,stsb@s0,mnli@s0,encoder.layer.6.attention.self.value,768,0.01360230033,77.64847655,0,0.01360230033,77.64847655
stsb@s0__mnli@s0,stsb@s0,mnli@s0,encoder.layer.6.intermediate.dense,3072,0.003426844329,84.61371381,0,0.003426844329,84.61371381
stsb@s0__mnli@s0,stsb@s0,mnli@s0,encoder.layer.6.output.dense,768,0.01276127916,78.60285476,0,0.01276127916,78.60285476
stsb@s0__mnli@s0,stsb@s0,mnli@s0,encoder.layer.7.attention.output.dense,768,0.0145791685,77.24727862,0,0.0145791685,77.24727862
stsb@s0__mnli@s0,stsb@s0,mnli@s0,encoder.layer.7.attention.self.key,768,0.0164186085,78.1805259,0,0.0164186085,78.1805259
stsb@s0__mnli@s0,stsb@s0,mnli@s0,encoder.layer.7.attention.self.query,768,0.01073488156,78.66361698,0,0.01073488156,78.66361698
stsb@s0__mnli@s0,stsb@s0,mnli@s0,encoder.layer.7.attention.self.value,768,0.01298338796,77.59883394,0,0.01298338796,77.59883394
stsb@s0__mnli@s0,stsb@s0,mnli@s0,encoder.layer.7.intermediate.dense,3072,0.003383853277,84.02972039,0,0.003383853277,84.02972039
stsb@s0__mnli@s0,stsb@s0,mnli@s0,encoder.layer.7.output.dense,768,0.01591454459,78.41405862,0,0.01591454459,78.41405862
stsb@s0__mnli@s0,stsb@s0,mnli@s0,encoder.layer.8.attention.output.dense,768,0.01171766786,78.00301225,0,0.01171766786,78.00301225
stsb@s0__mnli@s0,stsb@s0,mnli@s0,encoder.layer.8.attention.self.key,768,0.01110651599,80.13803684,0,0.01110651599,80.13803684
stsb@s0__mnli@s0,stsb@s0,mnli@s0,encoder.layer.8.attention.self.query,768,0.01993054024,75.72162281,0,0.01993054024,75.72162281
stsb@s0__mnli@s0,stsb@s0,mnli@s0,encoder.layer.8.attention.self.value,768,0.01729278487,77.86225126,0,0.01729278487,77.86225126
stsb@s0__mnli@s0,stsb@s0,mnli@s0,encoder.layer.8.intermediate.dense,3072,0.004980511326,81.10866576,0,0.004980511326,81.10866576
stsb@s0__mnli@s0,stsb@s0,mnli@s0,encoder.layer.8.output.dense,768,0.01287429632,79.5806657,0,0.01287429632,79.5806657
stsb@s0__mnli@s0,stsb@s0,mnli@s0,encoder.layer.9.attention.output.dense,768,0.01443070851,77.96064896,0,0.01443070851,77.96064896
stsb@s0__mnli@s0,stsb@s0,mnli@s0,encoder.layer.9.attention.self.key,768,0.01323933129,80.17770184,0,0.01323933129,80.17770184
stsb@s0__mnli@s0,stsb@s0,mnli@s0,encoder.layer.9.attention.self.query,768,0.01816446107,77.27538887,0,0.01816446107,77.27538887
stsb@s0__mnli@s0,stsb@s0,mnli@s0,encoder.layer.9.attention.self.value,768,0.01193253386,78.38143088,0,0.01193253386,78.38143088
stsb@s0__mnli@s0,stsb@s0,mnli@s0,encoder.layer.9.intermediate.dense,3072,0.004008452059,83.91803698,0,0.004008452059,83.91803698
stsb@s0__mnli@s0,stsb@s0,mnli@s0,encoder.layer.9.output.dense,768,0.02416713843,72.92190819,0,0.02416713843,72.92190819
stsb@s0__mnli@s0,stsb@s0,mnli@s0,pooler.dense,768,0.06750917448,56.50236017,0,0.06750917448,56.50236017
stsb@s0__qnli@s0,stsb@s0,qnli@s0,encoder.layer.0.attention.output.dense,768,0.0162977688,76.33230246,0,0.0162977688,76.33230246
stsb@s0__qnli@s0,stsb@s0,qnli@s0,encoder.layer.0.attention.self.key,768,0.02165632835,73.98601805,0,0.02165632835,73.98601805
stsb@s0__qnli@s0,stsb@s0,qnli@s0,encoder.layer.0.attention.self.query,768,0.02230853412,75.36453108,0,0.02230853412,75.36453108
stsb@s0__qnli@s0,stsb@s0,qnli@s0,encoder.layer.0.attention.self.value,768,0.02012318736,75.53895911,0,0.02012318736,75.53895911
stsb@s0__qnli@s0,stsb@s0,qnli@s0,encoder.layer.0.intermediate.dense,3072,0.003110037208,84.12359495,0,0.003110037208,84.12359495
stsb@s0__qnli@s0,stsb@s0,qnli@s0,encoder.layer.0.output.dense,768,0.01942853314,75.92530475,0,0.01942853314,75.92530475
stsb@s0__qnli@s0,stsb@s0,qnli@s0,encoder.layer.1.attention.output.dense,768,0.01728457289,74.52268169,0,0.01728457289,74.52268169
stsb@s0__qnli@s0,stsb@s0,qnli@s0,encoder.layer.1.attention.self.key,768,0.01752192665,77.60335432,0,0.01752192665,77.60335432
stsb@s0__qnli@s0,stsb@s0,qnli@s0,encoder.layer.1.attention.self.query,768,0.01217954079,78.92751708,0,0.01217954079,78.92751708
stsb@s0__qnli@s0,stsb@s0,qnli@s0,encoder.layer.1.attention.self.value,768,0.02902837407,71.26218928,0,0.02902837407,71.26218928
stsb@s0__qnli@s0,stsb@s0,qnli@s0,encoder.layer.1.intermediate.dense,3072,0.002010321667,85.83656104,0,0.002010321667,85.83656104
stsb@s0__qnli@s0,stsb@s0,qnli@s0,encoder.layer.1.output.dense,768,0.02108601356,75.04059067,0,0.02108601356,75.04059067
stsb@s0__qnli@s0,stsb@s0,qnli@s0,encoder.layer.10.attention.output.dense,768,0.0493499698,68.53289561,0,0.0493499698,68.53289561
stsb@s0__qnli@s0,stsb@s0,qnli@s0,encoder.layer.10.attention.self.key,768,0.0290191454,70.70492199,0,0.0290191454,70.70492199
stsb@s0__qnli@s0,stsb@s0,qnli@s0,encoder.layer.10.attention.self.query,768,0.02578369381,72.77664011,0,0.02578369381,72.77664011
stsb@s0__qnli@s0,stsb@s0,qnli@s0,encoder.layer.10.attention.self.value,768,0.05246983526,63.43060996,0,0.05246983526,63.43060996
stsb@s0__qnli@s0,stsb@s0,qnli@s0,encoder.layer.10.intermediate.dense,3072,0.005049796525,81.44593293,0,0.005049796525,81.44593293
stsb@s0__qnli@s0,stsb@s0,qnli@s0,encoder.layer.10.output.dense,768,0.04975444679,67.88285963,0,0.04975444679,67.88285963
stsb@s0__qnli@s0,stsb@s0,qnli@s0,encoder.layer.11.attention.output.dense,768,0.0558457067,59.05270431,0,0.0558457067,59.05270431
stsb@s0__qnli@s0,stsb@s0,qnli@s0,encoder.layer.11.attention.self.key,768,0.02708353664,72.91195339,0,0.02708353664,72.91195339
stsb@s0__qnli@s0,stsb@s0,qnli@s0,encoder.layer.11.attention.self.query,768,0.02172508061,75.23425162,0,0.02172508061,75.23425162
stsb@s0__qnli@s0,stsb@s0,qnli@s0,encoder.layer.11.attention.self.value,768,0.06938072042,56.91628486,0,0.06938072042,56.91628486
stsb@s0__qnli@s0,stsb@s0,qnli@s0,encoder.layer.11.intermediate.dense,3072,0.01507798275,75.26419668,0,0.01507798275,75.26419668
stsb@s0__qnli@s0,stsb@s0,qnli@s0,encoder.layer.11.output.dense,768,0.03455364282,70.21745554,0,0.03455364282,70.21745554
stsb@s0__qnli@s0,stsb@s0,qnli@s0,encoder.layer.2.attention.output.dense,768,0.01579959046,77.27232581,0,0.01579959046,77.27232581
stsb@s0__qnli@s0,stsb@s0,qnli@s0,encoder.layer.2.attention.self.key,768,0.01462401211,77.0512586,0,0.01462401211,77.0512586
stsb@s0__qnli@s0,stsb@s0,qnli@s0,encoder.layer.2.attention.self.query,768,0.02180445939,72.92153801,0,0.02180445939,72.92153801
stsb@s0__qnli@s0,stsb@s0,qnli@s0,encoder.layer.2.attention.self.value,768,0.01892560721,75.93363813,0,0.01892560721,75.93363813
stsb@s0__qnli@s0,stsb@s0,qnli@s0,encoder.layer.2.intermediate.dense,3072,0.002707650356,85.16318571,0,0.002707650356,85.16318571
stsb@s0__qnli@s0,stsb@s0,qnli@s0,encoder.layer.2.output.dense,768,0.02316585643,73.28850468,0,0.02316585643,73.28850468
stsb@s0__qnli@s0,stsb@s0,qnli@s0,encoder.layer.3.attention.output.dense,768,0.01735967519,75.86707989,0,0.01735967519,75.86707989
stsb@s0__qnli@s0,stsb@s0,qnli@s0,encoder.layer.3.attention.self.key,768,0.01962886517,74.68088273,0,0.01962886517,74.68088273
stsb@s0__qnli@s0,stsb@s0,qnli@s0,encoder.layer.3.attention.self.query,768,0.01941850106,77.50963545,0,0.01941850106,77.50963545
stsb@s0__qnli@s0,stsb@s0,qnli@s0,encoder.layer.3.attention.self.value,768,0.01374049894,77.30972515,0,0.01374049894,77.30972515
stsb@s0__qnli@s0,stsb@s0,qnli@s0,encoder.layer.3.intermediate.dense,3072,0.003038826658,84.33737619,0,0.003038826658,84.33737619
stsb@s0__qnli@s0,stsb@s0,qnli@s0,encoder.layer.3.output.dense,768,0.01690900718,78.03157173,0,0.01690900718,78.03157173
stsb@s0__qnli@s0,stsb@s0,qnli@s0,encoder.layer.4.attention.output.dense,768,0.01296616108,79.78858561,0,0.01296616108,79.78858561
stsb@s0__qnli@s0,stsb@s0,qnli@s0,encoder.layer.4.attention.self.key,768,0.01891358045,78.10570694,0,0.01891358045,78.10570694
stsb@s0__qnli@s0,stsb@s0,qnli@s0,encoder.layer.4.attention.self.query,768,0.02262547337,74.90439141,0,0.02262547337,74.90439141
stsb@s0__qnli@s0,stsb@s0,qnli@s0,encoder.layer.4.attention.self.value,768,0.01434630173,77.82062478,0,0.01434630173,77.82062478
stsb@s0__qnli@s0,stsb@s0,qnli@s0,encoder.layer.4.intermediate.dense,3072,0.003259743761,84.981074,0,0.003259743761,84.981074
stsb@s0__qnli@s0,stsb@s0,qnli@s0,encoder.layer.4.output.dense,768,0.01550400696,78.19421759,0,0.01550400696,78.19421759
stsb@s0__qnli@s0,stsb@s0,qnli@s0,encoder.layer.5.attention.output.dense,768,0.01312647901,79.51854641,0,0.01312647901,79.51854641
stsb@s0__qnli@s0,stsb@s0,qnli@s0,encoder.layer.5.attention.self.key,768,0.01944086849,76.33974971,0,0.01944086849,76.33974971
stsb@s0__qnli@s0,stsb@s0,qnli@s0,encoder.layer.5.attention.self.query,768,0.02116285856,76.53849223,0,0.02116285856,76.53849223
stsb@s0__qnli@s0,stsb@s0,qnli@s0,encoder.layer.5.attention.self.value,768,0.01629886074,75.96366394,0,0.01629886074,75.96366394
stsb@s0__qnli@s0,stsb@s0,qnli@s0,encoder.layer.5.intermediate.dense,3072,0.003183729962,84.04744921,0,0.003183729962,84.04744921
stsb@s0__qnli@s0,stsb@s0,qnli@s0,encoder.layer.5.output.dense,768,0.01783888617,75.36605493,0,0.01783888617,75.36605493
stsb@s0__qnli@s0,stsb@s0,qnli@s0,encoder.layer.6.attention.output.dense,768,0.01908537601,77.2262733,0,0.01908537601,77.2262733
stsb@s0__qnli@s0,stsb@s0,qnli@s0,encoder.layer.6.attention.self.key,768,0.01634474374,76.5728848,0,0.01634474374,76.5728848
stsb@s0__qnli@s0,stsb@s0,qnli@s0,encoder.layer.6.attention.self.query,768,0.02180309107,76.35023116,0,0.02180309107,76.35023116
stsb@s0__qnli@s0,stsb@s0,qnli@s0,encoder.layer.6.attention.self.value,768,0.01614446096,78.85707842,0,0.01614446096,78.85707842
stsb@s0__qnli@s0,stsb@s0,qnli@s0,encoder.layer.6.intermediate.dense,3072,0.003394418335,84.29934553,0,0.003394418335,84.29934553
stsb@s0__qnli@s0,stsb@s0,qnli@s0,encoder.layer.6.output.dense,768,0.01913389617,75.57134296,0,0.01913389617,75.57134296
stsb@s0__qnli@s0,stsb@s0,qnli@s0,encoder.layer.7.attention.output.dense,768,0.01651474754,76.1556807,0,0.01651474754,76.1556807
stsb@s0__qnli@s0,stsb@s0,qnli@s0,encoder.layer.7.attention.self.key,768,0.01886465885,76.52532917,0,0.01886465885,76.52532917
stsb@s0__qnli@s0,stsb@s0,qnli@s0,encoder.layer.7.attention.self.query,768,0.01726875144,78.30322193,0,0.01726875144,78.30322193
stsb@s0__qnli@s0,stsb@s0,qnli@s0,encoder.layer.7.attention.self.value,768,0.018182493,76.84246998,0,0.018182493,76.84246998
stsb@s0__qnli@s0,stsb@s0,qnli@s0,encoder.layer.7.intermediate.dense,3072,0.002970566347,84.29675487,0,0.002970566347,84.29675487
stsb@s0__qnli@s0,stsb@s0,qnli@s0,encoder.layer.7.output.dense,768,0.02100938569,77.57900307,0,0.02100938569,77.57900307
stsb@s0__qnli@s0,stsb@s0,qnli@s0,encoder.layer.8.attention.output.dense,768,0.02365256739,74.42200764,0,0.02365256739,74.42200764
stsb@s0__qnli@s0,stsb@s0,qnli@s0,encoder.layer.8.attention.self.key,768,0.01687547605,77.31285657,0,0.01687547605,77.31285657
stsb@s0__qnli@s0,stsb@s0,qnli@s0,encoder.layer.8.attention.self.query,768,0.02559543057,73.82064074,0,0.02559543057,73.82064074
stsb@s0__qnli@s0,stsb@s0,qnli@s0,encoder.layer.8.attention.self.value,768,0.02161374619,75.79139817,0,0.02161374619,75.79139817
stsb@s0__qnli@s0,stsb@s0,qnli@s0,encoder.layer.8.intermediate.dense,3072,0.004211106262,82.47502466,0,0.004211106262,82.47502466
stsb@s0__qnli@s0,stsb@s0,qnli@s0,encoder.layer.8.output.dense,768,0.02264483991,73.96388011,0,0.02264483991,73.96388011
stsb@s0__qnli@s0,stsb@s0,qnli@s0,encoder.layer.9.attention.output.dense,768,0.03314486029,72.2845561,0,0.03314486029,72.2845561
stsb@s0__qnli@s0,stsb@s0,qnli@s0,encoder.layer.9.attention.self.key,768,0.02080130468,76.29598,0,0.02080130468,76.29598
stsb@s0__qnli@s0,stsb@s0,qnli@s0,encoder.layer.9.attention.self.query,768,0.0231053437,72.10936215,0,0.0231053437,72.10936215
stsb@s0__qnli@s0,stsb@s0,qnli@s0,encoder.layer.9.attention.self.value,768,0.01892117107,76.82653738,0,0.01892117107,76.82653738
stsb@s0__qnli@s0,stsb@s0,qnli@s0,encoder.layer.9.intermediate.dense,3072,0.002483320696,84.82040012,0,0.002483320696,84.82040012
stsb@s0__qnli@s0,stsb@s0,qnli@s0,encoder.layer.9.output.dense,768,0.02940525986,69.64999306,0,0.02940525986,69.64999306
stsb@s0__qnli@s0,stsb@s0,qnli@s0,pooler.dense,768,0.06520339997,59.15697579,0,0.06520339997,59.15697579
stsb@s0__rte@s0,stsb@s0,rte@s0,encoder.layer.0.attention.output.dense,768,0.01691887966,75.85767279,0,0.01691887966,75.85767279
stsb@s0__rte@s0,stsb@s0,rte@s0,encoder.layer.0.attention.self.key,768,0.01677708924,76.92137774,0,0.01677708924,76.92137774
stsb@s0__rte@s0,stsb@s0,rte@s0,encoder.layer.0.attention.self.query,768,0.02380703137,74.86484319,0,0.02380703137,74.86484319
stsb@s0__rte@s0,stsb@s0,rte@s0,encoder.layer.0.attention.self.value,768,0.01994452771,75.86928011,0,0.01994452771,75.86928011
stsb@s0__rte@s0,stsb@s0,rte@s0,encoder.layer.0.intermediate.dense,3072,0.00178185666,85.67002781,0,0.00178185666,85.67002781
stsb@s0__rte@s0,stsb@s0,rte@s0,encoder.layer.0.output.dense,768,0.01482566921,78.04675349,0,0.01482566921,78.04675349
stsb@s0__rte@s0,stsb@s0,rte@s0,encoder.layer.1.attention.output.dense,768,0.01507381687,77.8713622,0,0.01507381687,77.8713622
stsb@s0__rte@s0,stsb@s0,rte@s0,encoder.layer.1.attention.self.key,768,0.01753797112,76.8317645,0,0.01753797112,76.8317645
stsb@s0__rte@s0,stsb@s0,rte@s0,encoder.layer.1.attention.self.query,768,0.02499260053,73.90662001,0,0.02499260053,73.90662001
stsb@s0__rte@s0,stsb@s0,rte@s0,encoder.layer.1.attention.self.value,768,0.01672493169,78.53378236,0,0.01672493169,78.53378236
stsb@s0__rte@s0,stsb@s0,rte@s0,encoder.layer.1.intermediate.dense,3072,0.002569448049,84.90245693,0,0.002569448049,84.90245693
stsb@s0__rte@s0,stsb@s0,rte@s0,encoder.layer.1.output.dense,768,0.02367923983,73.25926853,0,0.02367923983,73.25926853
stsb@s0__rte@s0,stsb@s0,rte@s0,encoder.layer.10.attention.output.dense,768,0.06319998924,59.66786234,0,0.06319998924,59.66786234
stsb@s0__rte@s0,stsb@s0,rte@s0,encoder.layer.10.attention.self.key,768,0.02378234712,74.90088534,0,0.02378234712,74.90088534
stsb@s0__rte@s0,stsb@s0,rte@s0,encoder.layer.10.attention.self.query,768,0.03072466858,71.8581052,0,0.03072466858,71.8581052
stsb@s0__rte@s0,stsb@s0,rte@s0,encoder.layer.10.attention.self.value,768,0.02607150575,74.85703059,0,0.02607150575,74.85703059
stsb@s0__rte@s0,stsb@s0,rte@s0,encoder.layer.10.intermediate.dense,3072,0.00446236644,81.83973216,0,0.00446236644,81.83973216
stsb@s0__rte@s0,stsb@s0,rte@s0,encoder.layer.10.output.dense,768,0.1215187954,49.71237706,0,0.1215187954,49.71237706
stsb@s0__rte@s0,stsb@s0,rte@s0,encoder.layer.11.attention.output.dense,768,0.07076358057,60.72049323,0,0.07076358057,60.72049323
stsb@s0__rte@s0,stsb@s0,rte@s0,encoder.layer.11.attention.self.key,768,0.05383743218,66.06627419,0,0.05383743218,66.06627419
stsb@s0__rte@s0,stsb@s0,rte@s0,encoder.layer.11.attention.self.query,768,0.03531207363,71.69760808,0,0.03531207363,71.69760808
stsb@s0__rte@s0,stsb@s0,rte@s0,encoder.layer.11.attention.self.value,768,0.05935115611,57.20151956,0,0.05935115611,57.20151956
stsb@s0__rte@s0,stsb@s0,rte@s0,encoder.layer.11.intermediate.dense,3072,0.009352402009,78.90757625,0,0.009352402009,78.90757625
stsb@s0__rte@s0,stsb@s0,rte@s0,encoder.layer.11.output.dense,768,0.04788571412,66.85539864,0,0.04788571412,66.85539864
stsb@s0__rte@s0,stsb@s0,rte@s0,encoder.layer.2.attention.output.dense,768,0.01549811953,77.78900861,0,0.01549811953,77.78900861
stsb@s0__rte@s0,stsb@s0,rte@s0,encoder.layer.2.attention.self.key,768,0.01805881446,75.39951411,0,0.01805881446,75.39951411
stsb@s0__rte@s0,stsb@s0,rte@s0,encoder.layer.2.attention.self.query,768,0.02675792372,74.15048326,0,0.02675792372,74.15048326
stsb@s0__rte@s0,stsb@s0,rte@s0,encoder.layer.2.attention.self.value,768,0.02806627666,73.3021509,0,0.02806627666,73.3021509
stsb@s0__rte@s0,stsb@s0,rte@s0,encoder.layer.2.intermediate.dense,3072,0.002887112587,84.9898034,0,0.002887112587,84.9898034
stsb@s0__rte@s0,stsb@s0,rte@s0,encoder.layer.2.output.dense,768,0.01707250474,75.3876293,0,0.01707250474,75.3876293
stsb@s0__rte@s0,stsb@s0,rte@s0,encoder.layer.3.attention.output.dense,768,0.01973626552,75.51475906,0,0.01973626552,75.51475906
stsb@s0__rte@s0,stsb@s0,rte@s0,encoder.layer.3.attention.self.key,768,0.01463335717,77.84656333,0,0.01463335717,77.84656333
stsb@s0__rte@s0,stsb@s0,rte@s0,encoder.layer.3.attention.self.query,768,0.02489951851,76.06398112,0,0.02489951851,76.06398112
stsb@s0__rte@s0,stsb@s0,rte@s0,encoder.layer.3.attention.self.value,768,0.01534830436,78.83044794,0,0.01534830436,78.83044794
stsb@s0__rte@s0,stsb@s0,rte@s0,encoder.layer.3.intermediate.dense,3072,0.002039283146,85.3826881,0,0.002039283146,85.3826881
stsb@s0__rte@s0,stsb@s0,rte@s0,encoder.layer.3.output.dense,768,0.02135689596,76.78125508,0,0.02135689596,76.78125508
stsb@s0__rte@s0,stsb@s0,rte@s0,encoder.layer.4.attention.output.dense,768,0.01735788591,77.80938332,0,0.01735788591,77.80938332
stsb@s0__rte@s0,stsb@s0,rte@s0,encoder.layer.4.attention.self.key,768,0.0208652474,75.00731834,0,0.0208652474,75.00731834
stsb@s0__rte@s0,stsb@s0,rte@s0,encoder.layer.4.attention.self.query,768,0.0212425006,76.3871535,0,0.0212425006,76.3871535
stsb@s0__rte@s0,stsb@s0,rte@s0,encoder.layer.4.attention.self.value,768,0.01693290465,76.86401961,0,0.01693290465,76.86401961
stsb@s0__rte@s0,stsb@s0,rte@s0,encoder.layer.4.intermediate.dense,3072,0.003649995389,84.18288355,0,0.003649995389,84.18288355
stsb@s0__rte@s0,stsb@s0,rte@s0,encoder.layer.4.output.dense,768,0.02112372155,75.23217506,0,0.02112372155,75.23217506
stsb@s0__rte@s0,stsb@s0,rte@s0,encoder.layer.5.attention.output.dense,768,0.02810148738,73.35925604,0,0.02810148738,73.35925604
stsb@s0__rte@s0,stsb@s0,rte@s0,encoder.layer.5.attention.self.key,768,0.02712134496,72.88917201,0,0.02712134496,72.88917201
stsb@s0__rte@s0,stsb@s0,rte@s0,encoder.layer.5.attention.self.query,768,0.02265788194,75.08570694,0,0.02265788194,75.08570694
stsb@s0__rte@s0,stsb@s0,rte@s0,encoder.layer.5.attention.self.value,768,0.01793547746,76.98647226,0,0.01793547746,76.98647226
stsb@s0__rte@s0,stsb@s0,rte@s0,encoder.layer.5.intermediate.dense,3072,0.002374037578,84.79988342,0,0.002374037578,84.79988342
stsb@s0__rte@s0,stsb@s0,rte@s0,encoder.layer.5.output.dense,768,0.02322082168,75.24426027,0,0.02322082168,75.24426027
stsb@s0__rte@s0,stsb@s0,rte@s0,encoder.layer.6.attention.output.dense,768,0.02692926406,73.32666869,0,0.02692926406,73.32666869
stsb@s0__rte@s0,stsb@s0,rte@s0,encoder.layer.6.attention.self.key,768,0.01965580759,76.23686237,0,0.01965580759,76.23686237
stsb@s0__rte@s0,stsb@s0,rte@s0,encoder.layer.6.attention.self.query,768,0.02081720071,74.53592327,0,0.02081720071,74.53592327
stsb@s0__rte@s0,stsb@s0,rte@s0,encoder.layer.6.attention.self.value,768,0.01696791567,77.30357453,0,0.01696791567,77.30357453
stsb@s0__rte@s0,stsb@s0,rte@s0,encoder.layer.6.intermediate.dense,3072,0.002731344489,84.39859463,0,0.002731344489,84.39859463
stsb@s0__rte@s0,stsb@s0,rte@s0,encoder.layer.6.output.dense,768,0.02760071158,72.70825029,0,0.02760071158,72.70825029
stsb@s0__rte@s0,stsb@s0,rte@s0,encoder.layer.7.attention.output.dense,768,0.02794706356,72.45648232,0,0.02794706356,72.45648232
stsb@s0__rte@s0,stsb@s0,rte@s0,encoder.layer.7.attention.self.key,768,0.02010333229,75.71584004,0,0.02010333229,75.71584004
stsb@s0__rte@s0,stsb@s0,rte@s0,encoder.layer.7.attention.self.query,768,0.01607608923,77.61537718,0,0.01607608923,77.61537718
stsb@s0__rte@s0,stsb@s0,rte@s0,encoder.layer.7.attention.self.value,768,0.02358335286,73.64550695,0,0.02358335286,73.64550695
stsb@s0__rte@s0,stsb@s0,rte@s0,encoder.layer.7.intermediate.dense,3072,0.003756866778,83.87335662,0,0.003756866778,83.87335662
stsb@s0__rte@s0,stsb@s0,rte@s0,encoder.layer.7.output.dense,768,0.02905818196,71.52732371,0,0.02905818196,71.52732371
stsb@s0__rte@s0,stsb@s0,rte@s0,encoder.layer.8.attention.output.dense,768,0.02004347419,75.98569316,0,0.02004347419,75.98569316
stsb@s0__rte@s0,stsb@s0,rte@s0,encoder.layer.8.attention.self.key,768,0.0257891859,75.64723278,0,0.0257891859,75.64723278
stsb@s0__rte@s0,stsb@s0,rte@s0,encoder.layer.8.attention.self.query,768,0.03122324695,70.72556843,0,0.03122324695,70.72556843
stsb@s0__rte@s0,stsb@s0,rte@s0,encoder.layer.8.attention.self.value,768,0.02489770372,72.4846039,0,0.02489770372,72.4846039
stsb@s0__rte@s0,stsb@s0,rte@s0,encoder.layer.8.intermediate.dense,3072,0.006850847408,80.24895351,0,0.006850847408,80.24895351
stsb@s0__rte@s0,stsb@s0,rte@s0,encoder.layer.8.output.dense,768,0.04087330915,69.60388734,0,0.04087330915,69.60388734
stsb@s0__rte@s0,stsb@s0,rte@s0,encoder.layer.9.attention.output.dense,768,0.03410399133,72.30545715,0,0.03410399133,72.30545715
stsb@s0__rte@s0,stsb@s0,rte@s0,encoder.layer.9.attention.self.key,768,0.0309791335,71.24074143,0,0.0309791335,71.24074143
stsb@s0__rte@s0,stsb@s0,rte@s0,encoder.layer.9.attention.self.query,768,0.02486436044,74.71730146,0,0.02486436044,74.71730146
stsb@s0__rte@s0,stsb@s0,rte@s0,encoder.layer.9.attention.self.value,768,0.02740454185,74.75668648,0,0.02740454185,74.75668648
stsb@s0__rte@s0,stsb@s0,rte@s0,encoder.layer.9.intermediate.dense,3072,0.003300897616,84.27536427,0,0.003300897616,84.27536427
stsb@s0__rte@s0,stsb@s0,rte@s0,encoder.layer.9.output.dense,768,0.05422046247,62.07778006,0,0.05422046247,62.07778006
stsb@s0__rte@s0,stsb@s0,rte@s0,pooler.dense,768,0.08254226721,61.39676054,0,0.08254226721,61.39676054
stsb@s0__wic@s0,stsb@s0,wic@s0,encoder.layer.0.attention.output.dense,768,0.01331204541,77.71695404,0,0.01331204541,77.71695404
stsb@s0__wic@s0,stsb@s0,wic@s0,encoder.layer.0.attention.self.key,768,0.02112004355,75.10429736,0,0.02112004355,75.10429736
stsb@s0__wic@s0,stsb@s0,wic@s0,encoder.layer.0.attention.self.query,768,0.02390064835,73.88388079,0,0.02390064835,73.88388079
stsb@s0__wic@s0,stsb@s0,wic@s0,encoder.layer.0.attention.self.value,768,0.0211142615,72.68862386,0,0.0211142615,72.68862386
stsb@s0__wic@s0,stsb@s0,wic@s0,encoder.layer.0.intermediate.dense,3072,0.004257597474,83.54506426,0,0.004257597474,83.54506426
stsb@s0__wic@s0,stsb@s0,wic@s0,encoder.layer.0.output.dense,768,0.0184109454,75.6440053,0,0.0184109454,75.6440053
stsb@s0__wic@s0,stsb@s0,wic@s0,encoder.layer.1.attention.output.dense,768,0.01984953166,74.83405065,0,0.01984953166,74.83405065
stsb@s0__wic@s0,stsb@s0,wic@s0,encoder.layer.1.attention.self.key,768,0.01835913727,75.06234456,0,0.01835913727,75.06234456
stsb@s0__wic@s0,stsb@s0,wic@s0,encoder.layer.1.attention.self.query,768,0.02190153366,74.50780561,0,0.02190153366,74.50780561
stsb@s0__wic@s0,stsb@s0,wic@s0,encoder.layer.1.attention.self.value,768,0.01886578418,76.11335148,0,0.01886578418,76.11335148
stsb@s0__wic@s0,stsb@s0,wic@s0,encoder.layer.1.intermediate.dense,3072,0.004026468879,82.59479958,0,0.004026468879,82.59479958
stsb@s0__wic@s0,stsb@s0,wic@s0,encoder.layer.1.output.dense,768,0.01662449352,75.55820639,0,0.01662449352,75.55820639
stsb@s0__wic@s0,stsb@s0,wic@s0,encoder.layer.10.attention.output.dense,768,0.04345727482,66.89454493,0,0.04345727482,66.89454493
stsb@s0__wic@s0,stsb@s0,wic@s0,encoder.layer.10.attention.self.key,768,0.02622231313,74.79929779,0,0.02622231313,74.79929779
stsb@s0__wic@s0,stsb@s0,wic@s0,encoder.layer.10.attention.self.query,768,0.02510040733,74.02031567,0,0.02510040733,74.02031567
stsb@s0__wic@s0,stsb@s0,wic@s0,encoder.layer.10.attention.self.value,768,0.02678065401,73.44917565,0,0.02678065401,73.44917565
stsb@s0__wic@s0,stsb@s0,wic@s0,encoder.layer.10.intermediate.dense,3072,0.002598047671,85.01037767,0,0.002598047671,85.01037767
stsb@s0__wic@s0,stsb@s0,wic@s0,encoder.layer.10.output.dense,768,0.09898023774,53.73445711,0,0.09898023774,53.73445711
stsb@s0__wic@s0,stsb@s0,wic@s0,encoder.layer.11.attention.output.dense,768,0.07061460836,61.61018248,0,0.07061460836,61.61018248
stsb@s0__wic@s0,stsb@s0,wic@s0,encoder.layer.11.attention.self.key,768,0.03077125177,70.24353311,0,0.03077125177,70.24353311
stsb@s0__wic@s0,stsb@s0,wic@s0,encoder.layer.11.attention.self.query,768,0.01822017797,74.71515696,0,0.01822017797,74.71515696
stsb@s0__wic@s0,stsb@s0,wic@s0,encoder.layer.11.attention.self.value,768,0.04986997212,62.10307765,0,0.04986997212,62.10307765
stsb@s0__wic@s0,stsb@s0,wic@s0,encoder.layer.11.intermediate.dense,3072,0.008145483884,78.45728995,0,0.008145483884,78.45728995
stsb@s0__wic@s0,stsb@s0,wic@s0,encoder.layer.11.output.dense,768,0.05364380634,62.30774285,0,0.05364380634,62.30774285
stsb@s0__wic@s0,stsb@s0,wic@s0,encoder.layer.2.attention.output.dense,768,0.01467140812,77.79310642,0,0.01467140812,77.79310642
stsb@s0__wic@s0,stsb@s0,wic@s0,encoder.layer.2.attention.self.key,768,0.01919902842,75.22527787,0,0.01919902842,75.22527787
stsb@s0__wic@s0,stsb@s0,wic@s0,encoder.layer.2.attention.self.query,768,0.0204512209,75.61168132,0,0.0204512209,75.61168132
stsb@s0__wic@s0,stsb@s0,wic@s0,encoder.layer.2.attention.self.value,768,0.02563254471,74.40074353,0,0.02563254471,74.40074353
stsb@s0__wic@s0,stsb@s0,wic@s0,encoder.layer.2.intermediate.dense,3072,0.002416508622,85.1428459,0,0.002416508622,85.1428459
stsb@s0__wic@s0,stsb@s0,wic@s0,encoder.layer.2.output.dense,768,0.0194846909,76.56195054,0,0.0194846909,76.56195054
stsb@s0__wic@s0,stsb@s0,wic@s0,encoder.layer.3.attention.output.dense,768,0.0174754359,75.23204032,0,0.0174754359,75.23204032
stsb@s0__wic@s0,stsb@s0,wic@s0,encoder.layer.3.attention.self.key,768,0.01890088534,76.42739079,0,0.01890088534,76.42739079
stsb@s0__wic@s0,stsb@s0,wic@s0,encoder.layer.3.attention.self.query,768,0.02201188928,75.5531202,0,0.02201188928,75.5531202
stsb@s0__wic@s0,stsb@s0,wic@s0,encoder.layer.3.attention.self.value,768,0.01173304938,78.21954769,0,0.01173304938,78.21954769
stsb@s0__wic@s0,stsb@s0,wic@s0,encoder.layer.3.intermediate.dense,3072,0.003152261293,84.25346301,0,0.003152261293,84.25346301
stsb@s0__wic@s0,stsb@s0,wic@s0,encoder.layer.3.output.dense,768,0.01520870698,78.21782951,0,0.01520870698,78.21782951
stsb@s0__wic@s0,stsb@s0,wic@s0,encoder.layer.4.attention.output.dense,768,0.01557090177,77.69209433,0,0.01557090177,77.69209433
stsb@s0__wic@s0,stsb@s0,wic@s0,encoder.layer.4.attention.self.key,768,0.02381157832,74.34539426,0,0.02381157832,74.34539426
stsb@s0__wic@s0,stsb@s0,wic@s0,encoder.layer.4.attention.self.query,768,0.02761062264,73.90970065,0,0.02761062264,73.90970065
stsb@s0__wic@s0,stsb@s0,wic@s0,encoder.layer.4.attention.self.value,768,0.01786453188,78.65648453,0,0.01786453188,78.65648453
stsb@s0__wic@s0,stsb@s0,wic@s0,encoder.layer.4.intermediate.dense,3072,0.003538025145,84.02020798,0,0.003538025145,84.02020798
stsb@s0__wic@s0,stsb@s0,wic@s0,encoder.layer.4.output.dense,768,0.01586156267,76.21754802,0,0.01586156267,76.21754802
stsb@s0__wic@s0,stsb@s0,wic@s0,encoder.layer.5.attention.output.dense,768,0.01750021831,77.51971576,0,0.01750021831,77.51971576
stsb@s0__wic@s0,stsb@s0,wic@s0,encoder.layer.5.attention.self.key,768,0.02418777964,74.46996834,0,0.02418777964,74.46996834
stsb@s0__wic@s0,stsb@s0,wic@s0,encoder.layer.5.attention.self.query,768,0.02247396006,74.81672212,0,0.02247396006,74.81672212
stsb@s0__wic@s0,stsb@s0,wic@s0,encoder.layer.5.attention.self.value,768,0.01898925414,75.88423604,0,0.01898925414,75.88423604
stsb@s0__wic@s0,stsb@s0,wic@s0,encoder.layer.5.intermediate.dense,3072,0.003527042853,83.93831129,0,0.003527042853,83.93831129
stsb@s0__wic@s0,stsb@s0,wic@s0,encoder.layer.5.output.dense,768,0.01715518495,75.26596217,0,0.01715518495,75.26596217
stsb@s0__wic@s0,stsb@s0,wic@s0,encoder.layer.6.attention.output.dense,768,0.01918195317,76.55297085,0,0.01918195317,76.55297085
stsb@s0__wic@s0,stsb@s0,wic@s0,encoder.layer.6.attention.self.key,768,0.01921048327,75.48370277,0,0.01921048327,75.48370277
stsb@s0__wic@s0,stsb@s0,wic@s0,encoder.layer.6.attention.self.query,768,0.01667845336,77.22482327,0,0.01667845336,77.22482327
stsb@s0__wic@s0,stsb@s0,wic@s0,encoder.layer.6.attention.self.value,768,0.01900800166,78.11182684,0,0.01900800166,78.11182684
stsb@s0__wic@s0,stsb@s0,wic@s0,encoder.layer.6.intermediate.dense,3072,0.004189784236,83.91271294,0,0.004189784236,83.91271294
stsb@s0__wic@s0,stsb@s0,wic@s0,encoder.layer.6.output.dense,768,0.02132979739,74.03999121,0,0.02132979739,74.03999121
stsb@s0__wic@s0,stsb@s0,wic@s0,encoder.layer.7.attention.output.dense,768,0.01851371445,78.02770054,0,0.01851371445,78.02770054
stsb@s0__wic@s0,stsb@s0,wic@s0,encoder.layer.7.attention.self.key,768,0.01950639912,75.53230698,0,0.01950639912,75.53230698
stsb@s0__wic@s0,stsb@s0,wic@s0,encoder.layer.7.attention.self.query,768,0.01928288191,76.43715477,0,0.01928288191,76.43715477
stsb@s0__wic@s0,stsb@s0,wic@s0,encoder.layer.7.attention.self.value,768,0.01493228257,77.36977934,0,0.01493228257,77.36977934
stsb@s0__wic@s0,stsb@s0,wic@s0,encoder.layer.7.intermediate.dense,3072,0.002965270618,84.74709764,0,0.002965270618,84.74709764
stsb@s0__wic@s0,stsb@s0,wic@s0,encoder.layer.7.output.dense,768,0.0237836162,72.50366567,0,0.0237836162,72.50366567
stsb@s0__wic@s0,stsb@s0,wic@s0,encoder.layer.8.attention.output.dense,768,0.022954319,73.1647275,0,0.022954319,73.1647275
stsb@s0__wic@s0,stsb@s0,wic@s0,encoder.layer.8.attention.self.key,768,0.02372244663,74.25144205,0,0.02372244663,74.25144205
stsb@s0__wic@s0,stsb@s0,wic@s0,encoder.layer.8.attention.self.query,768,0.03295769024,71.16358667,0,0.03295769024,71.16358667
stsb@s0__wic@s0,stsb@s0,wic@s0,encoder.layer.8.attention.self.value,768,0.01605579236,77.08232483,0,0.01605579236,77.08232483
stsb@s0__wic@s0,stsb@s0,wic@s0,encoder.layer.8.intermediate.dense,3072,0.003084722944,84.31607258,0,0.003084722944,84.31607258
stsb@s0__wic@s0,stsb@s0,wic@s0,encoder.layer.8.output.dense,768,0.03441720431,71.56241607,0,0.03441720431,71.56241607
stsb@s0__wic@s0,stsb@s0,wic@s0,encoder.layer.9.attention.output.dense,768,0.02562244462,73.14100207,0,0.02562244462,73.14100207
stsb@s0__wic@s0,stsb@s0,wic@s0,encoder.layer.9.attention.self.key,768,0.01852063057,76.13835316,0,0.01852063057,76.13835316
stsb@s0__wic@s0,stsb@s0,wic@s0,encoder.layer.9.attention.self.query,768,0.02689718038,72.71932142,0,0.02689718038,72.71932142
stsb@s0__wic@s0,stsb@s0,wic@s0,encoder.layer.9.attention.self.value,768,0.02048226183,75.52886898,0,0.02048226183,75.52886898
stsb@s0__wic@s0,stsb@s0,wic@s0,encoder.layer.9.intermediate.dense,3072,0.00291025729,84.39432259,0,0.00291025729,84.39432259
stsb@s0__wic@s0,stsb@s0,wic@s0,encoder.layer.9.output.dense,768,0.05326827867,66.60917055,0,0.05326827867,66.60917055
stsb@s0__wic@s0,stsb@s0,wic@s0,pooler.dense,768,0.04931237246,67.08525092,0,0.04931237246,67.08525092
stsb@s0__snli@s0,stsb@s0,snli@s0,encoder.layer.0.attention.output.dense,768,0.01589639582,77.83522737,0,0.01589639582,77.83522737
stsb@s0__snli@s0,stsb@s0,snli@s0,encoder.layer.0.attention.self.key,768,0.0226315645,75.9780974,0,0.0226315645,75.9780974
stsb@s0__snli@s0,stsb@s0,snli@s0,encoder.layer.0.attention.self.query,768,0.03391610673,70.13542837,0,0.03391610673,70.13542837
stsb@s0__snli@s0,stsb@s0,snli@s0,encoder.layer.0.attention.self.value,768,0.02608338107,71.41951163,0,0.02608338107,71.41951163
stsb@s0__snli@s0,stsb@s0,snli@s0,encoder.layer.0.intermediate.dense,3072,0.003396741485,83.77253812,0,0.003396741485,83.77253812
stsb@s0__snli@s0,stsb@s0,snli@s0,encoder.layer.0.output.dense,768,0.02193888788,72.2288281,0,0.02193888788,72.2288281
stsb@s0__snli@s0,stsb@s0,snli@s0,encoder.layer.1.attention.output.dense,768,0.01382680425,78.48449735,0,0.01382680425,78.48449735
stsb@s0__snli@s0,stsb@s0,snli@s0,encoder.layer.1.attention.self.key,768,0.01947453534,76.2836814,0,0.01947453534,76.2836814
stsb@s0__snli@s0,stsb@s0,snli@s0,encoder.layer.1.attention.self.query,768,0.02052846883,76.69092918,0,0.02052846883,76.69092918
stsb@s0__snli@s0,stsb@s0,snli@s0,encoder.layer.1.attention.self.value,768,0.01931138904,74.6527454,0,0.01931138904,74.6527454
stsb@s0__snli@s0,stsb@s0,snli@s0,encoder.layer.1.intermediate.dense,3072,0.003045668135,84.00608438,0,0.003045668135,84.00608438
stsb@s0__snli@s0,stsb@s0,snli@s0,encoder.layer.1.output.dense,768,0.01800716305,75.32747341,0,0.01800716305,75.32747341
stsb@s0__snli@s0,stsb@s0,snli@s0,encoder.layer.10.attention.output.dense,768,0.03563711353,69.50273888,0,0.03563711353,69.50273888
stsb@s0__snli@s0,stsb@s0,snli@s0,encoder.layer.10.attention.self.key,768,0.02688073652,71.94068256,0,0.02688073652,71.94068256
stsb@s0__snli@s0,stsb@s0,snli@s0,encoder.layer.10.attention.self.query,768,0.03610002405,67.16615955,0,0.03610002405,67.16615955
stsb@s0__snli@s0,stsb@s0,snli@s0,encoder.layer.10.attention.self.value,768,0.02734484571,71.61706481,0,0.02734484571,71.61706481
stsb@s0__snli@s0,stsb@s0,snli@s0,encoder.layer.10.intermediate.dense,3072,0.004419529011,83.03918908,0,0.004419529011,83.03918908
stsb@s0__snli@s0,stsb@s0,snli@s0,encoder.layer.10.output.dense,768,0.04608550792,66.47088406,0,0.04608550792,66.47088406
stsb@s0__snli@s0,stsb@s0,snli@s0,encoder.layer.11.attention.output.dense,768,0.02768680356,73.12007995,0,0.02768680356,73.12007995
stsb@s0__snli@s0,stsb@s0,snli@s0,encoder.layer.11.attention.self.key,768,0.03680962091,70.85242827,0,0.03680962091,70.85242827
stsb@s0__snli@s0,stsb@s0,snli@s0,encoder.layer.11.attention.self.query,768,0.02161583643,74.54500918,0,0.02161583643,74.54500918
stsb@s0__snli@s0,stsb@s0,snli@s0,encoder.layer.11.attention.self.value,768,0.03251967217,69.93490756,0,0.03251967217,69.93490756
stsb@s0__snli@s0,stsb@s0,snli@s0,encoder.layer.11.intermediate.dense,3072,0.008761439412,78.8217564,0,0.008761439412,78.8217564
stsb@s0__snli@s0,stsb@s0,snli@s0,encoder.layer.11.output.dense,768,0.02645232453,73.09282803,0,0.02645232453,73.09282803
stsb@s0__snli@s0,stsb@s0,snli@s0,encoder.layer.2.attention.output.dense,768,0.01454788425,78.90994012,0,0.01454788425,78.90994012
stsb@s0__snli@s0,stsb@s0,snli@s0,encoder.layer.2.attention.self.key,768,0.02140947471,75.10774454,0,0.02140947471,75.10774454
stsb@s0__snli@s0,stsb@s0,snli@s0,encoder.layer.2.attention.self.query,768,0.01908849841,76.81982185,0,0.01908849841,76.81982185
stsb@s0__snli@s0,stsb@s0,snli@s0,encoder.layer.2.attention.self.value,768,0.0140658815,77.98671361,0,0.0140658815,77.98671361
stsb@s0__snli@s0,stsb@s0,snli@s0,encoder.layer.2.intermediate.dense,3072,0.00228033413,85.4393178,0,0.00228033413,85.4393178
stsb@s0__snli@s0,stsb@s0,snli@s0,encoder.layer.2.output.dense,768,0.01488564606,77.28613554,0,0.01488564606,77.28613554
stsb@s0__snli@s0,stsb@s0,snli@s0,encoder.layer.3.attention.output.dense,768,0.0176285834,75.75613548,0,0.0176285834,75.75613548
stsb@s0__snli@s0,stsb@s0,snli@s0,encoder.layer.3.attention.self.key,768,0.0190212109,75.74153117,0,0.0190212109,75.74153117
stsb@s0__snli@s0,stsb@s0,snli@s0,encoder.layer.3.attention.self.query,768,0.02200091678,74.63651683,0,0.02200091678,74.63651683
stsb@s0__snli@s0,stsb@s0,snli@s0,encoder.layer.3.attention.self.value,768,0.01477546531,77.0797856,0,0.01477546531,77.0797856
stsb@s0__snli@s0,stsb@s0,snli@s0,encoder.layer.3.intermediate.dense,3072,0.003931465549,83.94051364,0,0.003931465549,83.94051364
stsb@s0__snli@s0,stsb@s0,snli@s0,encoder.layer.3.output.dense,768,0.02192998789,74.65822907,0,0.02192998789,74.65822907
stsb@s0__snli@s0,stsb@s0,snli@s0,encoder.layer.4.attention.output.dense,768,0.01487849514,76.74993543,0,0.01487849514,76.74993543
stsb@s0__snli@s0,stsb@s0,snli@s0,encoder.layer.4.attention.self.key,768,0.01833282041,75.72247784,0,0.01833282041,75.72247784
stsb@s0__snli@s0,stsb@s0,snli@s0,encoder.layer.4.attention.self.query,768,0.0139007746,78.96403483,0,0.0139007746,78.96403483
stsb@s0__snli@s0,stsb@s0,snli@s0,encoder.layer.4.attention.self.value,768,0.01357836857,78.61157875,0,0.01357836857,78.61157875
stsb@s0__snli@s0,stsb@s0,snli@s0,encoder.layer.4.intermediate.dense,3072,0.004716457415,83.22705203,0,0.004716457415,83.22705203
stsb@s0__snli@s0,stsb@s0,snli@s0,encoder.layer.4.output.dense,768,0.01906160356,77.1088046,0,0.01906160356,77.1088046
stsb@s0__snli@s0,stsb@s0,snli@s0,encoder.layer.5.attention.output.dense,768,0.01354833965,76.92612532,0,0.01354833965,76.92612532
stsb@s0__snli@s0,stsb@s0,snli@s0,encoder.layer.5.attention.self.key,768,0.02190783151,75.53967692,0,0.02190783151,75.53967692
stsb@s0__snli@s0,stsb@s0,snli@s0,encoder.layer.5.attention.self.query,768,0.02529296535,73.07781,0,0.02529296535,73.07781
stsb@s0__snli@s0,stsb@s0,snli@s0,encoder.layer.5.attention.self.value,768,0.02175521303,73.63621916,0,0.02175521303,73.63621916
stsb@s0__snli@s0,stsb@s0,snli@s0,encoder.layer.5.intermediate.dense,3072,0.002435857483,84.30270713,0,0.002435857483,84.30270713
stsb@s0__snli@s0,stsb@s0,snli@s0,encoder.layer.5.output.dense,768,0.02008036979,76.67471847,0,0.02008036979,76.67471847
stsb@s0__snli@s0,stsb@s0,snli@s0,encoder.layer.6.attention.output.dense,768,0.02439035505,71.84255173,0,0.02439035505,71.84255173
stsb@s0__snli@s0,stsb@s0,snli@s0,encoder.layer.6.attention.self.key,768,0.01943613556,75.44494182,0,0.01943613556,75.44494182
stsb@s0__snli@s0,stsb@s0,snli@s0,encoder.layer.6.attention.self.query,768,0.02104191473,73.63628402,0,0.02104191473,73.63628402
stsb@s0__snli@s0,stsb@s0,snli@s0,encoder.layer.6.attention.self.value,768,0.01427617978,78.10675276,0,0.01427617978,78.10675276
stsb@s0__snli@s0,stsb@s0,snli@s0,encoder.layer.6.intermediate.dense,3072,0.004367108165,83.05581654,0,0.004367108165,83.05581654
stsb@s0__snli@s0,stsb@s0,snli@s0,encoder.layer.6.output.dense,768,0.01921419898,75.87292241,0,0.01921419898,75.87292241
stsb@s0__snli@s0,stsb@s0,snli@s0,encoder.layer.7.attention.output.dense,768,0.02533454651,72.71781345,0,0.02533454651,72.71781345
stsb@s0__snli@s0,stsb@s0,snli@s0,encoder.layer.7.attention.self.key,768,0.02531214208,73.18125983,0,0.02531214208,73.18125983
stsb@s0__snli@s0,stsb@s0,snli@s0,encoder.layer.7.attention.self.query,768,0.02213540772,76.89995856,0,0.02213540772,76.89995856
stsb@s0__snli@s0,stsb@s0,snli@s0,encoder.layer.7.attention.self.value,768,0.01666357265,78.13675093,0,0.01666357265,78.13675093
stsb@s0__snli@s0,stsb@s0,snli@s0,encoder.layer.7.intermediate.dense,3072,0.004910032766,81.96873479,0,0.004910032766,81.96873479
stsb@s0__snli@s0,stsb@s0,snli@s0,encoder.layer.7.output.dense,768,0.01565823217,77.53805995,0,0.01565823217,77.53805995
stsb@s0__snli@s0,stsb@s0,snli@s0,encoder.layer.8.attention.output.dense,768,0.01763363602,74.91924516,0,0.01763363602,74.91924516
stsb@s0__snli@s0,stsb@s0,snli@s0,encoder.layer.8.attention.self.key,768,0.01636355141,78.0689203,0,0.01636355141,78.0689203
stsb@s0__snli@s0,stsb@s0,snli@s0,encoder.layer.8.attention.self.query,768,0.02968683073,69.06615263,0,0.02968683073,69.06615263
stsb@s0__snli@s0,stsb@s0,snli@s0,encoder.layer.8.attention.self.value,768,0.01460717922,79.00943348,0,0.01460717922,79.00943348
stsb@s0__snli@s0,stsb@s0,snli@s0,encoder.layer.8.intermediate.dense,3072,0.005761843496,80.79263531,0,0.005761843496,80.79263531
stsb@s0__snli@s0,stsb@s0,snli@s0,encoder.layer.8.output.dense,768,0.02384737054,74.2740851,0,0.02384737054,74.2740851
stsb@s0__snli@s0,stsb@s0,snli@s0,encoder.layer.9.attention.output.dense,768,0.02395916929,74.67331342,0,0.02395916929,74.67331342
stsb@s0__snli@s0,stsb@s0,snli@s0,encoder.layer.9.attention.self.key,768,0.02503479546,72.28378497,0,0.02503479546,72.28378497
stsb@s0__snli@s0,stsb@s0,snli@s0,encoder.layer.9.attention.self.query,768,0.02770160686,70.2057502,0,0.02770160686,70.2057502
stsb@s0__snli@s0,stsb@s0,snli@s0,encoder.layer.9.attention.self.value,768,0.01798805158,75.85349502,0,0.01798805158,75.85349502
stsb@s0__snli@s0,stsb@s0,snli@s0,encoder.layer.9.intermediate.dense,3072,0.002592225131,85.22453147,0,0.002592225131,85.22453147
stsb@s0__snli@s0,stsb@s0,snli@s0,encoder.layer.9.output.dense,768,0.02228000776,75.02415589,0,0.02228000776,75.02415589
stsb@s0__snli@s0,stsb@s0,snli@s0,pooler.dense,768,0.08710940592,55.04231687,0,0.08710940592,55.04231687
stsb@s0__scitail@s0,stsb@s0,scitail@s0,encoder.layer.0.attention.output.dense,768,0.01755368769,76.47226631,0,0.01755368769,76.47226631
stsb@s0__scitail@s0,stsb@s0,scitail@s0,encoder.layer.0.attention.self.key,768,0.02089613841,74.51374842,0,0.02089613841,74.51374842
stsb@s0__scitail@s0,stsb@s0,scitail@s0,encoder.layer.0.attention.self.query,768,0.02508227139,71.46812988,0,0.02508227139,71.46812988
stsb@s0__scitail@s0,stsb@s0,scitail@s0,encoder.layer.0.attention.self.value,768,0.01687879761,75.58914718,0,0.01687879761,75.58914718
stsb@s0__scitail@s0,stsb@s0,scitail@s0,encoder.layer.0.intermediate.dense,3072,0.003890184887,83.76125697,0,0.003890184887,83.76125697
stsb@s0__scitail@s0,stsb@s0,scitail@s0,encoder.layer.0.output.dense,768,0.01606606036,76.88822429,0,0.01606606036,76.88822429
stsb@s0__scitail@s0,stsb@s0,scitail@s0,encoder.layer.1.attention.output.dense,768,0.01806473393,76.84031656,0,0.01806473393,76.84031656
stsb@s0__scitail@s0,stsb@s0,scitail@s0,encoder.layer.1.attention.self.key,768,0.01599187133,76.31569071,0,0.01599187133,76.31569071
stsb@s0__scitail@s0,stsb@s0,scitail@s0,encoder.layer.1.attention.self.query,768,0.02387462338,76.31518749,0,0.02387462338,76.31518749
stsb@s0__scitail@s0,stsb@s0,scitail@s0,encoder.layer.1.attention.self.value,768,0.02222570975,73.12311438,0,0.02222570975,73.12311438
stsb@s0__scitail@s0,stsb@s0,scitail@s0,encoder.layer.1.intermediate.dense,3072,0.002959988126,84.73967651,0,0.002959988126,84.73967651
stsb@s0__scitail@s0,stsb@s0,scitail@s0,encoder.layer.1.output.dense,768,0.02514223338,73.41224231,0,0.02514223338,73.41224231
stsb@s0__scitail@s0,stsb@s0,scitail@s0,encoder.layer.10.attention.output.dense,768,0.05938190104,65.39394716,0,0.05938190104,65.39394716
stsb@s0__scitail@s0,stsb@s0,scitail@s0,encoder.layer.10.attention.self.key,768,0.03025752982,73.55191007,0,0.03025752982,73.55191007
stsb@s0__scitail@s0,stsb@s0,scitail@s0,encoder.layer.10.attention.self.query,768,0.03430588139,69.41525753,0,0.03430588139,69.41525753
stsb@s0__scitail@s0,stsb@s0,scitail@s0,encoder.layer.10.attention.self.value,768,0.04534601372,67.59013364,0,0.04534601372,67.59013364
stsb@s0__scitail@s0,stsb@s0,scitail@s0,encoder.layer.10.intermediate.dense,3072,0.006151875317,80.76452084,0,0.006151875317,80.76452084
stsb@s0__scitail@s0,stsb@s0,scitail@s0,encoder.layer.10.output.dense,768,0.0853264292,56.19391877,0,0.0853264292,56.19391877
stsb@s0__scitail@s0,stsb@s0,scitail@s0,encoder.layer.11.attention.output.dense,768,0.0575339925,60.47914845,0,0.0575339925,60.47914845
stsb@s0__scitail@s0,stsb@s0,scitail@s0,encoder.layer.11.attention.self.key,768,0.03707433701,70.75974602,0,0.03707433701,70.75974602
stsb@s0__scitail@s0,stsb@s0,scitail@s0,encoder.layer.11.attention.self.query,768,0.03191097772,72.9846057,0,0.03191097772,72.9846057
stsb@s0__scitail@s0,stsb@s0,scitail@s0,encoder.layer.11.attention.self.value,768,0.04644273938,65.37525531,0,0.04644273938,65.37525531
stsb@s0__scitail@s0,stsb@s0,scitail@s0,encoder.layer.11.intermediate.dense,3072,0.005465787184,82.52128591,0,0.005465787184,82.52128591
stsb@s0__scitail@s0,stsb@s0,scitail@s0,encoder.layer.11.output.dense,768,0.04680572613,64.51947314,0,0.04680572613,64.51947314
stsb@s0__scitail@s0,stsb@s0,scitail@s0,encoder.layer.2.attention.output.dense,768,0.01553653282,77.17982091,0,0.01553653282,77.17982091
stsb@s0__scitail@s0,stsb@s0,scitail@s0,encoder.layer.2.attention.self.key,768,0.02240529021,73.80837574,0,0.02240529021,73.80837574
stsb@s0__scitail@s0,stsb@s0,scitail@s0,encoder.layer.2.attention.self.query,768,0.02493560385,72.38111741,0,0.02493560385,72.38111741
stsb@s0__scitail@s0,stsb@s0,scitail@s0,encoder.layer.2.attention.self.value,768,0.02145823354,75.01811742,0,0.02145823354,75.01811742
stsb@s0__scitail@s0,stsb@s0,scitail@s0,encoder.layer.2.intermediate.dense,3072,0.003516793711,83.9603899,0,0.003516793711,83.9603899
stsb@s0__scitail@s0,stsb@s0,scitail@s0,encoder.layer.2.output.dense,768,0.02208288416,74.28274337,0,0.02208288416,74.28274337
stsb@s0__scitail@s0,stsb@s0,scitail@s0,encoder.layer.3.attention.output.dense,768,0.02016791567,73.87545469,0,0.02016791567,73.87545469
stsb@s0__scitail@s0,stsb@s0,scitail@s0,encoder.layer.3.attention.self.key,768,0.01973879822,75.98727645,0,0.01973879822,75.98727645
stsb@s0__scitail@s0,stsb@s0,scitail@s0,encoder.layer.3.attention.self.query,768,0.02492343229,74.25605578,0,0.02492343229,74.25605578
stsb@s0__scitail@s0,stsb@s0,scitail@s0,encoder.layer.3.attention.self.value,768,0.0172558419,76.97920211,0,0.0172558419,76.97920211
stsb@s0__scitail@s0,stsb@s0,scitail@s0,encoder.layer.3.intermediate.dense,3072,0.004667270529,82.97674797,0,0.004667270529,82.97674797
stsb@s0__scitail@s0,stsb@s0,scitail@s0,encoder.layer.3.output.dense,768,0.01684656025,77.16501015,0,0.01684656025,77.16501015
stsb@s0__scitail@s0,stsb@s0,scitail@s0,encoder.layer.4.attention.output.dense,768,0.01468730921,76.56522515,0,0.01468730921,76.56522515
stsb@s0__scitail@s0,stsb@s0,scitail@s0,encoder.layer.4.attention.self.key,768,0.02701994513,72.77901815,0,0.02701994513,72.77901815
stsb@s0__scitail@s0,stsb@s0,scitail@s0,encoder.layer.4.attention.self.query,768,0.02825053134,71.88629488,0,0.02825053134,71.88629488
stsb@s0__scitail@s0,stsb@s0,scitail@s0,encoder.layer.4.attention.self.value,768,0.01469258263,76.35749491,0,0.01469258263,76.35749491
stsb@s0__scitail@s0,stsb@s0,scitail@s0,encoder.layer.4.intermediate.dense,3072,0.003348238236,83.81302298,0,0.003348238236,83.81302298
stsb@s0__scitail@s0,stsb@s0,scitail@s0,encoder.layer.4.output.dense,768,0.01856720117,76.79225917,0,0.01856720117,76.79225917
stsb@s0__scitail@s0,stsb@s0,scitail@s0,encoder.layer.5.attention.output.dense,768,0.02726095845,72.63265441,0,0.02726095845,72.63265441
stsb@s0__scitail@s0,stsb@s0,scitail@s0,encoder.layer.5.attention.self.key,768,0.01915474645,75.62947396,0,0.01915474645,75.62947396
stsb@s0__scitail@s0,stsb@s0,scitail@s0,encoder.layer.5.attention.self.query,768,0.01656596377,76.83046696,0,0.01656596377,76.83046696
stsb@s0__scitail@s0,stsb@s0,scitail@s0,encoder.layer.5.attention.self.value,768,0.02398427316,73.29494773,0,0.02398427316,73.29494773
stsb@s0__scitail@s0,stsb@s0,scitail@s0,encoder.layer.5.intermediate.dense,3072,0.003196949077,83.89617925,0,0.003196949077,83.89617925
stsb@s0__scitail@s0,stsb@s0,scitail@s0,encoder.layer.5.output.dense,768,0.01639939024,76.65567717,0,0.01639939024,76.65567717
stsb@s0__scitail@s0,stsb@s0,scitail@s0,encoder.layer.6.attention.output.dense,768,0.02134283283,74.20608576,0,0.02134283283,74.20608576
stsb@s0__scitail@s0,stsb@s0,scitail@s0,encoder.layer.6.attention.self.key,768,0.01643765128,76.84394524,0,0.01643765128,76.84394524
stsb@s0__scitail@s0,stsb@s0,scitail@s0,encoder.layer.6.attention.self.query,768,0.01741565223,76.23278008,0,0.01741565223,76.23278008
stsb@s0__scitail@s0,stsb@s0,scitail@s0,encoder.layer.6.attention.self.value,768,0.02010296952,74.48004305,0,0.02010296952,74.48004305
stsb@s0__scitail@s0,stsb@s0,scitail@s0,encoder.layer.6.intermediate.dense,3072,0.004656307428,83.88023523,0,0.004656307428,83.88023523
stsb@s0__scitail@s0,stsb@s0,scitail@s0,encoder.layer.6.output.dense,768,0.01870718856,76.30504021,0,0.01870718856,76.30504021
stsb@s0__scitail@s0,stsb@s0,scitail@s0,encoder.layer.7.attention.output.dense,768,0.02196261549,75.28841704,0,0.02196261549,75.28841704
stsb@s0__scitail@s0,stsb@s0,scitail@s0,encoder.layer.7.attention.self.key,768,0.01868426252,76.4434101,0,0.01868426252,76.4434101
stsb@s0__scitail@s0,stsb@s0,scitail@s0,encoder.layer.7.attention.self.query,768,0.02290198464,74.51454051,0,0.02290198464,74.51454051
stsb@s0__scitail@s0,stsb@s0,scitail@s0,encoder.layer.7.attention.self.value,768,0.02478527346,73.13432854,0,0.02478527346,73.13432854
stsb@s0__scitail@s0,stsb@s0,scitail@s0,encoder.layer.7.intermediate.dense,3072,0.004523164094,83.24392617,0,0.004523164094,83.24392617
stsb@s0__scitail@s0,stsb@s0,scitail@s0,encoder.layer.7.output.dense,768,0.02081168503,75.6620988,0,0.02081168503,75.6620988
stsb@s0__scitail@s0,stsb@s0,scitail@s0,encoder.layer.8.attention.output.dense,768,0.01882628804,74.971755,0,0.01882628804,74.971755
stsb@s0__scitail@s0,stsb@s0,scitail@s0,encoder.layer.8.attention.self.key,768,0.02382524519,75.2926642,0,0.02382524519,75.2926642
stsb@s0__scitail@s0,stsb@s0,scitail@s0,encoder.layer.8.attention.self.query,768,0.01867024938,74.03114884,0,0.01867024938,74.03114884
stsb@s0__scitail@s0,stsb@s0,scitail@s0,encoder.layer.8.attention.self.value,768,0.02150367105,73.30776344,0,0.02150367105,73.30776344
stsb@s0__scitail@s0,stsb@s0,scitail@s0,encoder.layer.8.intermediate.dense,3072,0.004422671365,83.35003338,0,0.004422671365,83.35003338
stsb@s0__scitail@s0,stsb@s0,scitail@s0,encoder.layer.8.output.dense,768,0.03070702491,72.12973722,0,0.03070702491,72.12973722
stsb@s0__scitail@s0,stsb@s0,scitail@s0,encoder.layer.9.attention.output.dense,768,0.03289961293,70.65009326,0,0.03289961293,70.65009326
stsb@s0__scitail@s0,stsb@s0,scitail@s0,encoder.layer.9.attention.self.key,768,0.03034004975,72.97331993,0,0.03034004975,72.97331993
stsb@s0__scitail@s0,stsb@s0,scitail@s0,encoder.layer.9.attention.self.query,768,0.02982165319,74.04905657,0,0.02982165319,74.04905657
stsb@s0__scitail@s0,stsb@s0,scitail@s0,encoder.layer.9.attention.self.value,768,0.01925570068,76.08953818,0,0.01925570068,76.08953818
stsb@s0__scitail@s0,stsb@s0,scitail@s0,encoder.layer.9.intermediate.dense,3072,0.003337204675,84.28051384,0,0.003337204675,84.28051384
stsb@s0__scitail@s0,stsb@s0,scitail@s0,encoder.layer.9.output.dense,768,0.0331198463,71.79274265,0,0.0331198463,71.79274265
stsb@s0__scitail@s0,stsb@s0,scitail@s0,pooler.dense,768,0.06878234636,59.01934412,0,0.06878234636,59.01934412
stsb@s0__ag_news@s0,stsb@s0,ag_news@s0,encoder.layer.0.attention.output.dense,768,0.01451634306,78.71429574,0,0.01451634306,78.71429574
stsb@s0__ag_news@s0,stsb@s0,ag_news@s0,encoder.layer.0.attention.self.key,768,0.01754413133,77.95784001,0,0.01754413133,77.95784001
stsb@s0__ag_news@s0,stsb@s0,ag_news@s0,encoder.layer.0.attention.self.query,768,0.02148313821,75.6536082,0,0.02148313821,75.6536082
stsb@s0__ag_news@s0,stsb@s0,ag_news@s0,encoder.layer.0.attention.self.value,768,0.02474789072,71.0860943,0,0.02474789072,71.0860943
stsb@s0__ag_news@s0,stsb@s0,ag_news@s0,encoder.layer.0.intermediate.dense,3072,0.002646305916,85.10776091,0,0.002646305916,85.10776091
stsb@s0__ag_news@s0,stsb@s0,ag_news@s0,encoder.layer.0.output.dense,768,0.01454463548,77.55355373,0,0.01454463548,77.55355373
stsb@s0__ag_news@s0,stsb@s0,ag_news@s0,encoder.layer.1.attention.output.dense,768,0.01687846098,76.18297295,0,0.01687846098,76.18297295
stsb@s0__ag_news@s0,stsb@s0,ag_news@s0,encoder.layer.1.attention.self.key,768,0.02045858884,77.02437417,0,0.02045858884,77.02437417
stsb@s0__ag_news@s0,stsb@s0,ag_news@s0,encoder.layer.1.attention.self.query,768,0.01308399391,79.20717324,0,0.01308399391,79.20717324
stsb@s0__ag_news@s0,stsb@s0,ag_news@s0,encoder.layer.1.attention.self.value,768,0.01649611404,77.3403446,0,0.01649611404,77.3403446
stsb@s0__ag_news@s0,stsb@s0,ag_news@s0,encoder.layer.1.intermediate.dense,3072,0.003647555076,83.75921335,0,0.003647555076,83.75921335
stsb@s0__ag_news@s0,stsb@s0,ag_news@s0,encoder.layer.1.output.dense,768,0.01633319543,77.83959427,0,0.01633319543,77.83959427
stsb@s0__ag_news@s0,stsb@s0,ag_news@s0,encoder.layer.10.attention.output.dense,768,0.02515571962,72.00693371,0,0.02515571962,72.00693371
stsb@s0__ag_news@s0,stsb@s0,ag_news@s0,encoder.layer.10.attention.self.key,768,0.01954105463,74.07965167,0,0.01954105463,74.07965167
stsb@s0__ag_news@s0,stsb@s0,ag_news@s0,encoder.layer.10.attention.self.query,768,0.01632117114,76.90171358,0,0.01632117114,76.90171358
stsb@s0__ag_news@s0,stsb@s0,ag_news@s0,encoder.layer.10.attention.self.value,768,0.01643832158,77.3493664,0,0.01643832158,77.3493664
stsb@s0__ag_news@s0,stsb@s0,ag_news@s0,encoder.layer.10.intermediate.dense,3072,0.004859176088,82.79762341,0,0.004859176088,82.79762341
stsb@s0__ag_news@s0,stsb@s0,ag_news@s0,encoder.layer.10.output.dense,768,0.03709679611,70.48736548,0,0.03709679611,70.48736548
stsb@s0__ag_news@s0,stsb@s0,ag_news@s0,encoder.layer.11.attention.output.dense,768,0.04102065627,66.28972041,0,0.04102065627,66.28972041
stsb@s0__ag_news@s0,stsb@s0,ag_news@s0,encoder.layer.11.attention.self.key,768,0.01829722953,76.62488406,0,0.01829722953,76.62488406
stsb@s0__ag_news@s0,stsb@s0,ag_news@s0,encoder.layer.11.attention.self.query,768,0.01827691881,75.96672585,0,0.01827691881,75.96672585
stsb@s0__ag_news@s0,stsb@s0,ag_news@s0,encoder.layer.11.attention.self.value,768,0.03123281577,69.69583169,0,0.03123281577,69.69583169
stsb@s0__ag_news@s0,stsb@s0,ag_news@s0,encoder.layer.11.intermediate.dense,3072,0.004148587509,83.61961156,0,0.004148587509,83.61961156
stsb@s0__ag_news@s0,stsb@s0,ag_news@s0,encoder.layer.11.output.dense,768,0.05096179055,66.72554608,0,0.05096179055,66.72554608
stsb@s0__ag_news@s0,stsb@s0,ag_news@s0,encoder.layer.2.attention.output.dense,768,0.01755966543,77.47126365,0,0.01755966543,77.47126365
stsb@s0__ag_news@s0,stsb@s0,ag_news@s0,encoder.layer.2.attention.self.key,768,0.01600150511,77.05575298,0,0.01600150511,77.05575298
stsb@s0__ag_news@s0,stsb@s0,ag_news@s0,encoder.layer.2.attention.self.query,768,0.01648116729,77.53633803,0,0.01648116729,77.53633803
stsb@s0__ag_news@s0,stsb@s0,ag_news@s0,encoder.layer.2.attention.self.value,768,0.01629140994,78.93413048,0,0.01629140994,78.93413048
stsb@s0__ag_news@s0,stsb@s0,ag_news@s0,encoder.layer.2.intermediate.dense,3072,0.002684015881,84.79131457,0,0.002684015881,84.79131457
stsb@s0__ag_news@s0,stsb@s0,ag_news@s0,encoder.layer.2.output.dense,768,0.01442563774,77.92560539,0,0.01442563774,77.92560539
stsb@s0__ag_news@s0,stsb@s0,ag_news@s0,encoder.layer.3.attention.output.dense,768,0.01009637591,80.09184263,0,0.01009637591,80.09184263
stsb@s0__ag_news@s0,stsb@s0,ag_news@s0,encoder.layer.3.attention.self.key,768,0.01950937686,74.62901826,0,0.01950937686,74.62901826
stsb@s0__ag_news@s0,stsb@s0,ag_news@s0,encoder.layer.3.attention.self.query,768,0.0132587847,78.83825861,0,0.0132587847,78.83825861
stsb@s0__ag_news@s0,stsb@s0,ag_news@s0,encoder.layer.3.attention.self.value,768,0.01433293651,77.05529882,0,0.01433293651,77.05529882
stsb@s0__ag_news@s0,stsb@s0,ag_news@s0,encoder.layer.3.intermediate.dense,3072,0.002302269544,85.35871549,0,0.002302269544,85.35871549
stsb@s0__ag_news@s0,stsb@s0,ag_news@s0,encoder.layer.3.output.dense,768,0.01540925779,78.08731818,0,0.01540925779,78.08731818
stsb@s0__ag_news@s0,stsb@s0,ag_news@s0,encoder.layer.4.attention.output.dense,768,0.0110833675,79.84828052,0,0.0110833675,79.84828052
stsb@s0__ag_news@s0,stsb@s0,ag_news@s0,encoder.layer.4.attention.self.key,768,0.0181817172,74.3234753,0,0.0181817172,74.3234753
stsb@s0__ag_news@s0,stsb@s0,ag_news@s0,encoder.layer.4.attention.self.query,768,0.02252469424,75.13345234,0,0.02252469424,75.13345234
stsb@s0__ag_news@s0,stsb@s0,ag_news@s0,encoder.layer.4.attention.self.value,768,0.01632030384,78.43210269,0,0.01632030384,78.43210269
stsb@s0__ag_news@s0,stsb@s0,ag_news@s0,encoder.layer.4.intermediate.dense,3072,0.003013265065,84.57157192,0,0.003013265065,84.57157192
stsb@s0__ag_news@s0,stsb@s0,ag_news@s0,encoder.layer.4.output.dense,768,0.01576658544,77.1136069,0,0.01576658544,77.1136069
stsb@s0__ag_news@s0,stsb@s0,ag_news@s0,encoder.layer.5.attention.output.dense,768,0.01498112713,78.51662069,0,0.01498112713,78.51662069
stsb@s0__ag_news@s0,stsb@s0,ag_news@s0,encoder.layer.5.attention.self.key,768,0.01566634724,77.31241473,0,0.01566634724,77.31241473
stsb@s0__ag_news@s0,stsb@s0,ag_news@s0,encoder.layer.5.attention.self.query,768,0.01887013707,77.53624352,0,0.01887013707,77.53624352
stsb@s0__ag_news@s0,stsb@s0,ag_news@s0,encoder.layer.5.attention.self.value,768,0.01342256599,78.01996224,0,0.01342256599,78.01996224
stsb@s0__ag_news@s0,stsb@s0,ag_news@s0,encoder.layer.5.intermediate.dense,3072,0.00380675635,83.85520452,0,0.00380675635,83.85520452
stsb@s0__ag_news@s0,stsb@s0,ag_news@s0,encoder.layer.5.output.dense,768,0.01584225587,78.29748496,0,0.01584225587,78.29748496
stsb@s0__ag_news@s0,stsb@s0,ag_news@s0,encoder.layer.6.attention.output.dense,768,0.01429393796,78.50197932,0,0.01429393796,78.50197932
stsb@s0__ag_news@s0,stsb@s0,ag_news@s0,encoder.layer.6.attention.self.key,768,0.01651028447,76.89144598,0,0.01651028447,76.89144598
stsb@s0__ag_news@s0,stsb@s0,ag_news@s0,encoder.layer.6.attention.self.query,768,0.01163405209,79.98049874,0,0.01163405209,79.98049874
stsb@s0__ag_news@s0,stsb@s0,ag_news@s0,encoder.layer.6.attention.self.value,768,0.01192716918,77.95434592,0,0.01192716918,77.95434592
stsb@s0__ag_news@s0,stsb@s0,ag_news@s0,encoder.layer.6.intermediate.dense,3072,0.002128488979,85.75523373,0,0.002128488979,85.75523373
stsb@s0__ag_news@s0,stsb@s0,ag_news@s0,encoder.layer.6.output.dense,768,0.01495338918,78.21717904,0,0.01495338918,78.21717904
stsb@s0__ag_news@s0,stsb@s0,ag_news@s0,encoder.layer.7.attention.output.dense,768,0.01477172729,77.94759586,0,0.01477172729,77.94759586
stsb@s0__ag_news@s0,stsb@s0,ag_news@s0,encoder.layer.7.attention.self.key,768,0.01650165387,76.98342333,0,0.01650165387,76.98342333
stsb@s0__ag_news@s0,stsb@s0,ag_news@s0,encoder.layer.7.attention.self.query,768,0.01796636567,77.27171252,0,0.01796636567,77.27171252
stsb@s0__ag_news@s0,stsb@s0,ag_news@s0,encoder.layer.7.attention.self.value,768,0.01143969674,78.09779694,0,0.01143969674,78.09779694
stsb@s0__ag_news@s0,stsb@s0,ag_news@s0,encoder.layer.7.intermediate.dense,3072,0.003915596999,83.722845,0,0.003915596999,83.722845
stsb@s0__ag_news@s0,stsb@s0,ag_news@s0,encoder.layer.7.output.dense,768,0.01850821115,75.29314829,0,0.01850821115,75.29314829
stsb@s0__ag_news@s0,stsb@s0,ag_news@s0,encoder.layer.8.attention.output.dense,768,0.01914865884,76.75916144,0,0.01914865884,76.75916144
stsb@s0__ag_news@s0,stsb@s0,ag_news@s0,encoder.layer.8.attention.self.key,768,0.01654611499,76.97047372,0,0.01654611499,76.97047372
stsb@s0__ag_news@s0,stsb@s0,ag_news@s0,encoder.layer.8.attention.self.query,768,0.02042606353,74.86198995,0,0.02042606353,74.86198995
stsb@s0__ag_news@s0,stsb@s0,ag_news@s0,encoder.layer.8.attention.self.value,768,0.02027897633,75.10204128,0,0.02027897633,75.10204128
stsb@s0__ag_news@s0,stsb@s0,ag_news@s0,encoder.layer.8.intermediate.dense,3072,0.002603495733,84.36852346,0,0.002603495733,84.36852346
stsb@s0__ag_news@s0,stsb@s0,ag_news@s0,encoder.layer.8.output.dense,768,0.01329215509,78.52258702,0,0.01329215509,78.52258702
stsb@s0__ag_news@s0,stsb@s0,ag_news@s0,encoder.layer.9.attention.output.dense,768,0.01546650194,78.10619411,0,0.01546650194,78.10619411
stsb@s0__ag_news@s0,stsb@s0,ag_news@s0,encoder.layer.9.attention.self.key,768,0.02138123196,75.37475469,0,0.02138123196,75.37475469
stsb@s0__ag_news@s0,stsb@s0,ag_news@s0,encoder.layer.9.attention.self.query,768,0.02507965095,76.62332574,0,0.02507965095,76.62332574
stsb@s0__ag_news@s0,stsb@s0,ag_news@s0,encoder.layer.9.attention.self.value,768,0.01517563489,77.21094429,0,0.01517563489,77.21094429
stsb@s0__ag_news@s0,stsb@s0,ag_news@s0,encoder.layer.9.intermediate.dense,3072,0.003568648522,83.49318468,0,0.003568648522,83.49318468
stsb@s0__ag_news@s0,stsb@s0,ag_news@s0,encoder.layer.9.output.dense,768,0.01803010647,76.19011136,0,0.01803010647,76.19011136
stsb@s0__ag_news@s0,stsb@s0,ag_news@s0,pooler.dense,768,0.04035672777,69.55462583,0,0.04035672777,69.55462583
stsb@s0__imdb@s0,stsb@s0,imdb@s0,encoder.layer.0.attention.output.dense,768,0.01237540883,77.84989507,0,0.01237540883,77.84989507
stsb@s0__imdb@s0,stsb@s0,imdb@s0,encoder.layer.0.attention.self.key,768,0.02886267747,71.98636732,0,0.02886267747,71.98636732
stsb@s0__imdb@s0,stsb@s0,imdb@s0,encoder.layer.0.attention.self.query,768,0.02028407496,76.58982394,0,0.02028407496,76.58982394
stsb@s0__imdb@s0,stsb@s0,imdb@s0,encoder.layer.0.attention.self.value,768,0.0168017167,75.5786087,0,0.0168017167,75.5786087
stsb@s0__imdb@s0,stsb@s0,imdb@s0,encoder.layer.0.intermediate.dense,3072,0.00290351024,84.93306917,0,0.00290351024,84.93306917
stsb@s0__imdb@s0,stsb@s0,imdb@s0,encoder.layer.0.output.dense,768,0.01250967477,80.19427619,0,0.01250967477,80.19427619
stsb@s0__imdb@s0,stsb@s0,imdb@s0,encoder.layer.1.attention.output.dense,768,0.00944475167,78.29538265,0,0.00944475167,78.29538265
stsb@s0__imdb@s0,stsb@s0,imdb@s0,encoder.layer.1.attention.self.key,768,0.01305368338,77.30635025,0,0.01305368338,77.30635025
stsb@s0__imdb@s0,stsb@s0,imdb@s0,encoder.layer.1.attention.self.query,768,0.022278074,76.10303895,0,0.022278074,76.10303895
stsb@s0__imdb@s0,stsb@s0,imdb@s0,encoder.layer.1.attention.self.value,768,0.02144888142,75.38496277,0,0.02144888142,75.38496277
stsb@s0__imdb@s0,stsb@s0,imdb@s0,encoder.layer.1.intermediate.dense,3072,0.00275771483,85.18208449,0,0.00275771483,85.18208449
stsb@s0__imdb@s0,stsb@s0,imdb@s0,encoder.layer.1.output.dense,768,0.01414652997,77.9280793,0,0.01414652997,77.9280793
stsb@s0__imdb@s0,stsb@s0,imdb@s0,encoder.layer.10.attention.output.dense,768,0.02242061994,76.13365383,0,0.02242061994,76.13365383
stsb@s0__imdb@s0,stsb@s0,imdb@s0,encoder.layer.10.attention.self.key,768,0.01866236322,77.8230068,0,0.01866236322,77.8230068
stsb@s0__imdb@s0,stsb@s0,imdb@s0,encoder.layer.10.attention.self.query,768,0.0242070481,72.8438317,0,0.0242070481,72.8438317
stsb@s0__imdb@s0,stsb@s0,imdb@s0,encoder.layer.10.attention.self.value,768,0.01768504579,76.92742032,0,0.01768504579,76.92742032
stsb@s0__imdb@s0,stsb@s0,imdb@s0,encoder.layer.10.intermediate.dense,3072,0.003235668032,84.01785152,0,0.003235668032,84.01785152
stsb@s0__imdb@s0,stsb@s0,imdb@s0,encoder.layer.10.output.dense,768,0.02735409803,73.51708302,0,0.02735409803,73.51708302
stsb@s0__imdb@s0,stsb@s0,imdb@s0,encoder.layer.11.attention.output.dense,768,0.05146551533,64.73559714,0,0.05146551533,64.73559714
stsb@s0__imdb@s0,stsb@s0,imdb@s0,encoder.layer.11.attention.self.key,768,0.02102155795,73.23897094,0,0.02102155795,73.23897094
stsb@s0__imdb@s0,stsb@s0,imdb@s0,encoder.layer.11.attention.self.query,768,0.02006965938,76.80627952,0,0.02006965938,76.80627952
stsb@s0__imdb@s0,stsb@s0,imdb@s0,encoder.layer.11.attention.self.value,768,0.0184313583,76.57560805,0,0.0184313583,76.57560805
stsb@s0__imdb@s0,stsb@s0,imdb@s0,encoder.layer.11.intermediate.dense,3072,0.007144826277,79.05507841,0,0.007144826277,79.05507841
stsb@s0__imdb@s0,stsb@s0,imdb@s0,encoder.layer.11.output.dense,768,0.05196737788,65.80115741,0,0.05196737788,65.80115741
stsb@s0__imdb@s0,stsb@s0,imdb@s0,encoder.layer.2.attention.output.dense,768,0.008793368837,79.93108345,0,0.008793368837,79.93108345
stsb@s0__imdb@s0,stsb@s0,imdb@s0,encoder.layer.2.attention.self.key,768,0.01482252562,77.46296008,0,0.01482252562,77.46296008
stsb@s0__imdb@s0,stsb@s0,imdb@s0,encoder.layer.2.attention.self.query,768,0.01306921984,78.66337679,0,0.01306921984,78.66337679
stsb@s0__imdb@s0,stsb@s0,imdb@s0,encoder.layer.2.attention.self.value,768,0.01628728443,76.32050053,0,0.01628728443,76.32050053
stsb@s0__imdb@s0,stsb@s0,imdb@s0,encoder.layer.2.intermediate.dense,3072,0.002667858704,83.80785383,0,0.002667858704,83.80785383
stsb@s0__imdb@s0,stsb@s0,imdb@s0,encoder.layer.2.output.dense,768,0.01725476689,78.24413032,0,0.01725476689,78.24413032
stsb@s0__imdb@s0,stsb@s0,imdb@s0,encoder.layer.3.attention.output.dense,768,0.01510047552,77.2597044,0,0.01510047552,77.2597044
stsb@s0__imdb@s0,stsb@s0,imdb@s0,encoder.layer.3.attention.self.key,768,0.01696219472,76.49681798,0,0.01696219472,76.49681798
stsb@s0__imdb@s0,stsb@s0,imdb@s0,encoder.layer.3.attention.self.query,768,0.02156832277,75.65077352,0,0.02156832277,75.65077352
stsb@s0__imdb@s0,stsb@s0,imdb@s0,encoder.layer.3.attention.self.value,768,0.01306897525,78.26292427,0,0.01306897525,78.26292427
stsb@s0__imdb@s0,stsb@s0,imdb@s0,encoder.layer.3.intermediate.dense,3072,0.002785920499,84.29081346,0,0.002785920499,84.29081346
stsb@s0__imdb@s0,stsb@s0,imdb@s0,encoder.layer.3.output.dense,768,0.01491001495,75.84955229,0,0.01491001495,75.84955229
stsb@s0__imdb@s0,stsb@s0,imdb@s0,encoder.layer.4.attention.output.dense,768,0.01420234597,76.38221444,0,0.01420234597,76.38221444
stsb@s0__imdb@s0,stsb@s0,imdb@s0,encoder.layer.4.attention.self.key,768,0.011841722,79.90349703,0,0.011841722,79.90349703
stsb@s0__imdb@s0,stsb@s0,imdb@s0,encoder.layer.4.attention.self.query,768,0.01475651646,78.0641007,0,0.01475651646,78.0641007
stsb@s0__imdb@s0,stsb@s0,imdb@s0,encoder.layer.4.attention.self.value,768,0.01349438479,78.3410878,0,0.01349438479,78.3410878
stsb@s0__imdb@s0,stsb@s0,imdb@s0,encoder.layer.4.intermediate.dense,3072,0.002468812948,84.60170421,0,0.002468812948,84.60170421
stsb@s0__imdb@s0,stsb@s0,imdb@s0,encoder.layer.4.output.dense,768,0.02078573424,73.64412272,0,0.02078573424,73.64412272
stsb@s0__imdb@s0,stsb@s0,imdb@s0,encoder.layer.5.attention.output.dense,768,0.0108437501,79.83161751,0,0.0108437501,79.83161751
stsb@s0__imdb@s0,stsb@s0,imdb@s0,encoder.layer.5.attention.self.key,768,0.01472067184,78.40542554,0,0.01472067184,78.40542554
stsb@s0__imdb@s0,stsb@s0,imdb@s0,encoder.layer.5.attention.self.query,768,0.02214911756,74.70179961,0,0.02214911756,74.70179961
stsb@s0__imdb@s0,stsb@s0,imdb@s0,encoder.layer.5.attention.self.value,768,0.01856202227,75.21068148,0,0.01856202227,75.21068148
stsb@s0__imdb@s0,stsb@s0,imdb@s0,encoder.layer.5.intermediate.dense,3072,0.00246455482,85.26041517,0,0.00246455482,85.26041517
stsb@s0__imdb@s0,stsb@s0,imdb@s0,encoder.layer.5.output.dense,768,0.02352807522,74.31040248,0,0.02352807522,74.31040248
stsb@s0__imdb@s0,stsb@s0,imdb@s0,encoder.layer.6.attention.output.dense,768,0.0164299286,76.67390459,0,0.0164299286,76.67390459
stsb@s0__imdb@s0,stsb@s0,imdb@s0,encoder.layer.6.attention.self.key,768,0.01855421572,75.76106153,0,0.01855421572,75.76106153
stsb@s0__imdb@s0,stsb@s0,imdb@s0,encoder.layer.6.attention.self.query,768,0.01420695958,79.09472249,0,0.01420695958,79.09472249
stsb@s0__imdb@s0,stsb@s0,imdb@s0,encoder.layer.6.attention.self.value,768,0.01489544203,76.79673672,0,0.01489544203,76.79673672
stsb@s0__imdb@s0,stsb@s0,imdb@s0,encoder.layer.6.intermediate.dense,3072,0.003128704699,84.27995884,0,0.003128704699,84.27995884
stsb@s0__imdb@s0,stsb@s0,imdb@s0,encoder.layer.6.output.dense,768,0.02080812254,74.53734333,0,0.02080812254,74.53734333
stsb@s0__imdb@s0,stsb@s0,imdb@s0,encoder.layer.7.attention.output.dense,768,0.01506842334,78.15784984,0,0.01506842334,78.15784984
stsb@s0__imdb@s0,stsb@s0,imdb@s0,encoder.layer.7.attention.self.key,768,0.02205584445,75.1573127,0,0.02205584445,75.1573127
stsb@s0__imdb@s0,stsb@s0,imdb@s0,encoder.layer.7.attention.self.query,768,0.01741571793,77.14907835,0,0.01741571793,77.14907835
stsb@s0__imdb@s0,stsb@s0,imdb@s0,encoder.layer.7.attention.self.value,768,0.01240938203,78.78384536,0,0.01240938203,78.78384536
stsb@s0__imdb@s0,stsb@s0,imdb@s0,encoder.layer.7.intermediate.dense,3072,0.001977047907,85.66203859,0,0.001977047907,85.66203859
stsb@s0__imdb@s0,stsb@s0,imdb@s0,encoder.layer.7.output.dense,768,0.02096690537,77.0868312,0,0.02096690537,77.0868312
stsb@s0__imdb@s0,stsb@s0,imdb@s0,encoder.layer.8.attention.output.dense,768,0.02132781571,76.01610311,0,0.02132781571,76.01610311
stsb@s0__imdb@s0,stsb@s0,imdb@s0,encoder.layer.8.attention.self.key,768,0.01770495583,76.51748516,0,0.01770495583,76.51748516
stsb@s0__imdb@s0,stsb@s0,imdb@s0,encoder.layer.8.attention.self.query,768,0.01301222887,78.28524706,0,0.01301222887,78.28524706
stsb@s0__imdb@s0,stsb@s0,imdb@s0,encoder.layer.8.attention.self.value,768,0.01090305647,80.16392335,0,0.01090305647,80.16392335
stsb@s0__imdb@s0,stsb@s0,imdb@s0,encoder.layer.8.intermediate.dense,3072,0.002479737289,84.88890807,0,0.002479737289,84.88890807
stsb@s0__imdb@s0,stsb@s0,imdb@s0,encoder.layer.8.output.dense,768,0.02425367685,70.98639407,0,0.02425367685,70.98639407
stsb@s0__imdb@s0,stsb@s0,imdb@s0,encoder.layer.9.attention.output.dense,768,0.02198575381,74.5023636,0,0.02198575381,74.5023636
stsb@s0__imdb@s0,stsb@s0,imdb@s0,encoder.layer.9.attention.self.key,768,0.02957882053,71.9368185,0,0.02957882053,71.9368185
stsb@s0__imdb@s0,stsb@s0,imdb@s0,encoder.layer.9.attention.self.query,768,0.01828119688,75.52672779,0,0.01828119688,75.52672779
stsb@s0__imdb@s0,stsb@s0,imdb@s0,encoder.layer.9.attention.self.value,768,0.01834553225,76.32470366,0,0.01834553225,76.32470366
stsb@s0__imdb@s0,stsb@s0,imdb@s0,encoder.layer.9.intermediate.dense,3072,0.002737093091,84.82016101,0,0.002737093091,84.82016101
stsb@s0__imdb@s0,stsb@s0,imdb@s0,encoder.layer.9.output.dense,768,0.019052741,75.7650171,0,0.019052741,75.7650171
stsb@s0__imdb@s0,stsb@s0,imdb@s0,pooler.dense,768,0.05393488052,67.3723272,0,0.05393488052,67.3723272
stsb@s0__trec@s0,stsb@s0,trec@s0,encoder.layer.0.attention.output.dense,768,0.01416654447,77.79601173,0,0.01416654447,77.79601173
stsb@s0__trec@s0,stsb@s0,trec@s0,encoder.layer.0.attention.self.key,768,0.01903190623,77.06945037,0,0.01903190623,77.06945037
stsb@s0__trec@s0,stsb@s0,trec@s0,encoder.layer.0.attention.self.query,768,0.0311192722,70.94462559,0,0.0311192722,70.94462559
stsb@s0__trec@s0,stsb@s0,trec@s0,encoder.layer.0.attention.self.value,768,0.01810452069,75.11757507,0,0.01810452069,75.11757507
stsb@s0__trec@s0,stsb@s0,trec@s0,encoder.layer.0.intermediate.dense,3072,0.002569635819,84.5202925,0,0.002569635819,84.5202925
stsb@s0__trec@s0,stsb@s0,trec@s0,encoder.layer.0.output.dense,768,0.01520157006,75.8186063,0,0.01520157006,75.8186063
stsb@s0__trec@s0,stsb@s0,trec@s0,encoder.layer.1.attention.output.dense,768,0.01799620447,77.54075755,0,0.01799620447,77.54075755
stsb@s0__trec@s0,stsb@s0,trec@s0,encoder.layer.1.attention.self.key,768,0.01361641871,79.03255677,0,0.01361641871,79.03255677
stsb@s0__trec@s0,stsb@s0,trec@s0,encoder.layer.1.attention.self.query,768,0.02585120313,73.1051891,0,0.02585120313,73.1051891
stsb@s0__trec@s0,stsb@s0,trec@s0,encoder.layer.1.attention.self.value,768,0.01726529838,75.83071934,0,0.01726529838,75.83071934
stsb@s0__trec@s0,stsb@s0,trec@s0,encoder.layer.1.intermediate.dense,3072,0.002597966332,85.44929192,0,0.002597966332,85.44929192
stsb@s0__trec@s0,stsb@s0,trec@s0,encoder.layer.1.output.dense,768,0.01633739111,77.61064213,0,0.01633739111,77.61064213
stsb@s0__trec@s0,stsb@s0,trec@s0,encoder.layer.10.attention.output.dense,768,0.0335247564,71.80192457,0,0.0335247564,71.80192457
stsb@s0__trec@s0,stsb@s0,trec@s0,encoder.layer.10.attention.self.key,768,0.02605040165,75.52964284,0,0.02605040165,75.52964284
stsb@s0__trec@s0,stsb@s0,trec@s0,encoder.layer.10.attention.self.query,768,0.02084134802,74.13739854,0,0.02084134802,74.13739854
stsb@s0__trec@s0,stsb@s0,trec@s0,encoder.layer.10.attention.self.value,768,0.01713744601,77.02900517,0,0.01713744601,77.02900517
stsb@s0__trec@s0,stsb@s0,trec@s0,encoder.layer.10.intermediate.dense,3072,0.003197174958,84.45272542,0,0.003197174958,84.45272542
stsb@s0__trec@s0,stsb@s0,trec@s0,encoder.layer.10.output.dense,768,0.04753603542,63.35140421,0,0.04753603542,63.35140421
stsb@s0__trec@s0,stsb@s0,trec@s0,encoder.layer.11.attention.output.dense,768,0.05272245698,62.85830244,0,0.05272245698,62.85830244
stsb@s0__trec@s0,stsb@s0,trec@s0,encoder.layer.11.attention.self.key,768,0.02177570102,75.03565873,0,0.02177570102,75.03565873
stsb@s0__trec@s0,stsb@s0,trec@s0,encoder.layer.11.attention.self.query,768,0.02027318537,75.58384045,0,0.02027318537,75.58384045
stsb@s0__trec@s0,stsb@s0,trec@s0,encoder.layer.11.attention.self.value,768,0.03940773937,70.12074351,0,0.03940773937,70.12074351
stsb@s0__trec@s0,stsb@s0,trec@s0,encoder.layer.11.intermediate.dense,3072,0.00420602687,82.61871814,0,0.00420602687,82.61871814
stsb@s0__trec@s0,stsb@s0,trec@s0,encoder.layer.11.output.dense,768,0.03835182361,68.3712711,0,0.03835182361,68.3712711
stsb@s0__trec@s0,stsb@s0,trec@s0,encoder.layer.2.attention.output.dense,768,0.01581450732,75.33005975,0,0.01581450732,75.33005975
stsb@s0__trec@s0,stsb@s0,trec@s0,encoder.layer.2.attention.self.key,768,0.0194549024,74.97862238,0,0.0194549024,74.97862238
stsb@s0__trec@s0,stsb@s0,trec@s0,encoder.layer.2.attention.self.query,768,0.02233813889,75.19043934,0,0.02233813889,75.19043934
stsb@s0__trec@s0,stsb@s0,trec@s0,encoder.layer.2.attention.self.value,768,0.02220489297,74.59429401,0,0.02220489297,74.59429401
stsb@s0__trec@s0,stsb@s0,trec@s0,encoder.layer.2.intermediate.dense,3072,0.003318093127,83.42245585,0,0.003318093127,83.42245585
stsb@s0__trec@s0,stsb@s0,trec@s0,encoder.layer.2.output.dense,768,0.0181705261,77.16588252,0,0.0181705261,77.16588252
stsb@s0__trec@s0,stsb@s0,trec@s0,encoder.layer.3.attention.output.dense,768,0.01670692842,74.74747975,0,0.01670692842,74.74747975
stsb@s0__trec@s0,stsb@s0,trec@s0,encoder.layer.3.attention.self.key,768,0.01761204928,77.50721485,0,0.01761204928,77.50721485
stsb@s0__trec@s0,stsb@s0,trec@s0,encoder.layer.3.attention.self.query,768,0.02528106649,73.68466088,0,0.02528106649,73.68466088
stsb@s0__trec@s0,stsb@s0,trec@s0,encoder.layer.3.attention.self.value,768,0.01454718812,78.67524169,0,0.01454718812,78.67524169
stsb@s0__trec@s0,stsb@s0,trec@s0,encoder.layer.3.intermediate.dense,3072,0.003485883027,84.00943645,0,0.003485883027,84.00943645
stsb@s0__trec@s0,stsb@s0,trec@s0,encoder.layer.3.output.dense,768,0.01072495935,79.69725136,0,0.01072495935,79.69725136
stsb@s0__trec@s0,stsb@s0,trec@s0,encoder.layer.4.attention.output.dense,768,0.0120809128,79.2301222,0,0.0120809128,79.2301222
stsb@s0__trec@s0,stsb@s0,trec@s0,encoder.layer.4.attention.self.key,768,0.02054854466,73.42283966,0,0.02054854466,73.42283966
stsb@s0__trec@s0,stsb@s0,trec@s0,encoder.layer.4.attention.self.query,768,0.02478884285,71.31559506,0,0.02478884285,71.31559506
stsb@s0__trec@s0,stsb@s0,trec@s0,encoder.layer.4.attention.self.value,768,0.01214405467,76.64790407,0,0.01214405467,76.64790407
stsb@s0__trec@s0,stsb@s0,trec@s0,encoder.layer.4.intermediate.dense,3072,0.004494734959,83.07512001,0,0.004494734959,83.07512001
stsb@s0__trec@s0,stsb@s0,trec@s0,encoder.layer.4.output.dense,768,0.0187813458,74.94319547,0,0.0187813458,74.94319547
stsb@s0__trec@s0,stsb@s0,trec@s0,encoder.layer.5.attention.output.dense,768,0.01666112705,75.90710651,0,0.01666112705,75.90710651
stsb@s0__trec@s0,stsb@s0,trec@s0,encoder.layer.5.attention.self.key,768,0.01877826065,76.47005698,0,0.01877826065,76.47005698
stsb@s0__trec@s0,stsb@s0,trec@s0,encoder.layer.5.attention.self.query,768,0.02771047705,73.40067719,0,0.02771047705,73.40067719
stsb@s0__trec@s0,stsb@s0,trec@s0,encoder.layer.5.attention.self.value,768,0.01611064502,75.48607488,0,0.01611064502,75.48607488
stsb@s0__trec@s0,stsb@s0,trec@s0,encoder.layer.5.intermediate.dense,3072,0.003192002173,83.84136255,0,0.003192002173,83.84136255
stsb@s0__trec@s0,stsb@s0,trec@s0,encoder.layer.5.output.dense,768,0.01524516514,75.09876422,0,0.01524516514,75.09876422
stsb@s0__trec@s0,stsb@s0,trec@s0,encoder.layer.6.attention.output.dense,768,0.01072190348,78.24978808,0,0.01072190348,78.24978808
stsb@s0__trec@s0,stsb@s0,trec@s0,encoder.layer.6.attention.self.key,768,0.021345191,74.74222841,0,0.021345191,74.74222841
stsb@s0__trec@s0,stsb@s0,trec@s0,encoder.layer.6.attention.self.query,768,0.01891000288,75.53787564,0,0.01891000288,75.53787564
stsb@s0__trec@s0,stsb@s0,trec@s0,encoder.layer.6.attention.self.value,768,0.01312689629,78.32881764,0,0.01312689629,78.32881764
stsb@s0__trec@s0,stsb@s0,trec@s0,encoder.layer.6.intermediate.dense,3072,0.003710714888,83.65116158,0,0.003710714888,83.65116158
stsb@s0__trec@s0,stsb@s0,trec@s0,encoder.layer.6.output.dense,768,0.01565004994,77.32173903,0,0.01565004994,77.32173903
stsb@s0__trec@s0,stsb@s0,trec@s0,encoder.layer.7.attention.output.dense,768,0.02166804954,74.18509632,0,0.02166804954,74.18509632
stsb@s0__trec@s0,stsb@s0,trec@s0,encoder.layer.7.attention.self.key,768,0.01809317143,77.37715404,0,0.01809317143,77.37715404
stsb@s0__trec@s0,stsb@s0,trec@s0,encoder.layer.7.attention.self.query,768,0.02008135446,75.41943753,0,0.02008135446,75.41943753
stsb@s0__trec@s0,stsb@s0,trec@s0,encoder.layer.7.attention.self.value,768,0.01257731126,78.65981744,0,0.01257731126,78.65981744
stsb@s0__trec@s0,stsb@s0,trec@s0,encoder.layer.7.intermediate.dense,3072,0.002650418274,84.83879341,0,0.002650418274,84.83879341
stsb@s0__trec@s0,stsb@s0,trec@s0,encoder.layer.7.output.dense,768,0.01793411021,74.77342696,0,0.01793411021,74.77342696
stsb@s0__trec@s0,stsb@s0,trec@s0,encoder.layer.8.attention.output.dense,768,0.02225675049,75.55666747,0,0.02225675049,75.55666747
stsb@s0__trec@s0,stsb@s0,trec@s0,encoder.layer.8.attention.self.key,768,0.02109820559,74.79923057,0,0.02109820559,74.79923057
stsb@s0__trec@s0,stsb@s0,trec@s0,encoder.layer.8.attention.self.query,768,0.01852879859,76.56657218,0,0.01852879859,76.56657218
stsb@s0__trec@s0,stsb@s0,trec@s0,encoder.layer.8.attention.self.value,768,0.01856763163,77.59483403,0,0.01856763163,77.59483403
stsb@s0__trec@s0,stsb@s0,trec@s0,encoder.layer.8.intermediate.dense,3072,0.003331836892,83.77368415,0,0.003331836892,83.77368415
stsb@s0__trec@s0,stsb@s0,trec@s0,encoder.layer.8.output.dense,768,0.01619511986,78.08771421,0,0.01619511986,78.08771421
stsb@s0__trec@s0,stsb@s0,trec@s0,encoder.layer.9.attention.output.dense,768,0.01933616734,76.20567642,0,0.01933616734,76.20567642
stsb@s0__trec@s0,stsb@s0,trec@s0,encoder.layer.9.attention.self.key,768,0.03065876752,72.43851225,0,0.03065876752,72.43851225
stsb@s0__trec@s0,stsb@s0,trec@s0,encoder.layer.9.attention.self.query,768,0.01662656287,77.13012072,0,0.01662656287,77.13012072
stsb@s0__trec@s0,stsb@s0,trec@s0,encoder.layer.9.attention.self.value,768,0.01698132135,76.12794826,0,0.01698132135,76.12794826
stsb@s0__trec@s0,stsb@s0,trec@s0,encoder.layer.9.intermediate.dense,3072,0.002901712832,84.21935092,0,0.002901712832,84.21935092
stsb@s0__trec@s0,stsb@s0,trec@s0,encoder.layer.9.output.dense,768,0.01652376163,77.60567605,0,0.01652376163,77.60567605
stsb@s0__trec@s0,stsb@s0,trec@s0,pooler.dense,768,0.02932680103,72.18685462,0,0.02932680103,72.18685462
stsb@s0__yelp_polarity@s0,stsb@s0,yelp_polarity@s0,encoder.layer.0.attention.output.dense,768,0.01232540433,79.89674235,0,0.01232540433,79.89674235
stsb@s0__yelp_polarity@s0,stsb@s0,yelp_polarity@s0,encoder.layer.0.attention.self.key,768,0.01398358882,78.19136821,0,0.01398358882,78.19136821
stsb@s0__yelp_polarity@s0,stsb@s0,yelp_polarity@s0,encoder.layer.0.attention.self.query,768,0.01534020886,77.237174,0,0.01534020886,77.237174
stsb@s0__yelp_polarity@s0,stsb@s0,yelp_polarity@s0,encoder.layer.0.attention.self.value,768,0.01564184626,77.20191065,0,0.01564184626,77.20191065
stsb@s0__yelp_polarity@s0,stsb@s0,yelp_polarity@s0,encoder.layer.0.intermediate.dense,3072,0.002467855372,85.28067775,0,0.002467855372,85.28067775
stsb@s0__yelp_polarity@s0,stsb@s0,yelp_polarity@s0,encoder.layer.0.output.dense,768,0.01684275491,77.46191004,0,0.01684275491,77.46191004
stsb@s0__yelp_polarity@s0,stsb@s0,yelp_polarity@s0,encoder.layer.1.attention.output.dense,768,0.01528110963,77.89795437,0,0.01528110963,77.89795437
stsb@s0__yelp_polarity@s0,stsb@s0,yelp_polarity@s0,encoder.layer.1.attention.self.key,768,0.0152100367,77.96422448,0,0.0152100367,77.96422448
stsb@s0__yelp_polarity@s0,stsb@s0,yelp_polarity@s0,encoder.layer.1.attention.self.query,768,0.02006725913,74.9692052,0,0.02006725913,74.9692052
stsb@s0__yelp_polarity@s0,stsb@s0,yelp_polarity@s0,encoder.layer.1.attention.self.value,768,0.01183767144,80.13419078,0,0.01183767144,80.13419078
stsb@s0__yelp_polarity@s0,stsb@s0,yelp_polarity@s0,encoder.layer.1.intermediate.dense,3072,0.00316911365,84.48370033,0,0.00316911365,84.48370033
stsb@s0__yelp_polarity@s0,stsb@s0,yelp_polarity@s0,encoder.layer.1.output.dense,768,0.01182543107,78.58842879,0,0.01182543107,78.58842879
stsb@s0__yelp_polarity@s0,stsb@s0,yelp_polarity@s0,encoder.layer.10.attention.output.dense,768,0.02154137108,74.47316892,0,0.02154137108,74.47316892
stsb@s0__yelp_polarity@s0,stsb@s0,yelp_polarity@s0,encoder.layer.10.attention.self.key,768,0.01576065109,77.86644693,0,0.01576065109,77.86644693
stsb@s0__yelp_polarity@s0,stsb@s0,yelp_polarity@s0,encoder.layer.10.attention.self.query,768,0.02300394192,74.57154914,0,0.02300394192,74.57154914
stsb@s0__yelp_polarity@s0,stsb@s0,yelp_polarity@s0,encoder.layer.10.attention.self.value,768,0.01663444145,76.61109567,0,0.01663444145,76.61109567
stsb@s0__yelp_polarity@s0,stsb@s0,yelp_polarity@s0,encoder.layer.10.intermediate.dense,3072,0.00332028643,84.19704632,0,0.00332028643,84.19704632
stsb@s0__yelp_polarity@s0,stsb@s0,yelp_polarity@s0,encoder.layer.10.output.dense,768,0.0297974394,72.39029201,0,0.0297974394,72.39029201
stsb@s0__yelp_polarity@s0,stsb@s0,yelp_polarity@s0,encoder.layer.11.attention.output.dense,768,0.03656069347,67.42577764,0,0.03656069347,67.42577764
stsb@s0__yelp_polarity@s0,stsb@s0,yelp_polarity@s0,encoder.layer.11.attention.self.key,768,0.01782610574,76.29664294,0,0.01782610574,76.29664294
stsb@s0__yelp_polarity@s0,stsb@s0,yelp_polarity@s0,encoder.layer.11.attention.self.query,768,0.01980988321,76.36498834,0,0.01980988321,76.36498834
stsb@s0__yelp_polarity@s0,stsb@s0,yelp_polarity@s0,encoder.layer.11.attention.self.value,768,0.02302049871,72.55080216,0,0.02302049871,72.55080216
stsb@s0__yelp_polarity@s0,stsb@s0,yelp_polarity@s0,encoder.layer.11.intermediate.dense,3072,0.007533315732,78.80151862,0,0.007533315732,78.80151862
stsb@s0__yelp_polarity@s0,stsb@s0,yelp_polarity@s0,encoder.layer.11.output.dense,768,0.02745577388,72.00489147,0,0.02745577388,72.00489147
stsb@s0__yelp_polarity@s0,stsb@s0,yelp_polarity@s0,encoder.layer.2.attention.output.dense,768,0.01456302528,77.31916928,0,0.01456302528,77.31916928
stsb@s0__yelp_polarity@s0,stsb@s0,yelp_polarity@s0,encoder.layer.2.attention.self.key,768,0.018160038,75.83599714,0,0.018160038,75.83599714
stsb@s0__yelp_polarity@s0,stsb@s0,yelp_polarity@s0,encoder.layer.2.attention.self.query,768,0.0130941389,77.59385244,0,0.0130941389,77.59385244
stsb@s0__yelp_polarity@s0,stsb@s0,yelp_polarity@s0,encoder.layer.2.attention.self.value,768,0.01519046987,77.50163985,0,0.01519046987,77.50163985
stsb@s0__yelp_polarity@s0,stsb@s0,yelp_polarity@s0,encoder.layer.2.intermediate.dense,3072,0.003357671262,84.68105145,0,0.003357671262,84.68105145
stsb@s0__yelp_polarity@s0,stsb@s0,yelp_polarity@s0,encoder.layer.2.output.dense,768,0.01579224358,77.12872681,0,0.01579224358,77.12872681
stsb@s0__yelp_polarity@s0,stsb@s0,yelp_polarity@s0,encoder.layer.3.attention.output.dense,768,0.01195723822,78.99205893,0,0.01195723822,78.99205893
stsb@s0__yelp_polarity@s0,stsb@s0,yelp_polarity@s0,encoder.layer.3.attention.self.key,768,0.01464002796,78.00101714,0,0.01464002796,78.00101714
stsb@s0__yelp_polarity@s0,stsb@s0,yelp_polarity@s0,encoder.layer.3.attention.self.query,768,0.02248446864,74.45415173,0,0.02248446864,74.45415173
stsb@s0__yelp_polarity@s0,stsb@s0,yelp_polarity@s0,encoder.layer.3.attention.self.value,768,0.01562370538,77.74942303,0,0.01562370538,77.74942303
stsb@s0__yelp_polarity@s0,stsb@s0,yelp_polarity@s0,encoder.layer.3.intermediate.dense,3072,0.002324195526,85.01496515,0,0.002324195526,85.01496515
stsb@s0__yelp_polarity@s0,stsb@s0,yelp_polarity@s0,encoder.layer.3.output.dense,768,0.01270791579,78.52085589,0,0.01270791579,78.52085589
stsb@s0__yelp_polarity@s0,stsb@s0,yelp_polarity@s0,encoder.layer.4.attention.output.dense,768,0.011596905,80.0083802,0,0.011596905,80.0083802
stsb@s0__yelp_polarity@s0,stsb@s0,yelp_polarity@s0,encoder.layer.4.attention.self.key,768,0.01703931086,76.87272143,0,0.01703931086,76.87272143
stsb@s0__yelp_polarity@s0,stsb@s0,yelp_polarity@s0,encoder.layer.4.attention.self.query,768,0.01806029092,77.16786707,0,0.01806029092,77.16786707
stsb@s0__yelp_polarity@s0,stsb@s0,yelp_polarity@s0,encoder.layer.4.attention.self.value,768,0.013661455,78.27998863,0,0.013661455,78.27998863
stsb@s0__yelp_polarity@s0,stsb@s0,yelp_polarity@s0,encoder.layer.4.intermediate.dense,3072,0.003367055462,84.27848901,0,0.003367055462,84.27848901
stsb@s0__yelp_polarity@s0,stsb@s0,yelp_polarity@s0,encoder.layer.4.output.dense,768,0.01280210152,77.83290249,0,0.01280210152,77.83290249
stsb@s0__yelp_polarity@s0,stsb@s0,yelp_polarity@s0,encoder.layer.5.attention.output.dense,768,0.01522132672,76.12429572,0,0.01522132672,76.12429572
stsb@s0__yelp_polarity@s0,stsb@s0,yelp_polarity@s0,encoder.layer.5.attention.self.key,768,0.01423601261,77.40253255,0,0.01423601261,77.40253255
stsb@s0__yelp_polarity@s0,stsb@s0,yelp_polarity@s0,encoder.layer.5.attention.self.query,768,0.01256767102,78.63662732,0,0.01256767102,78.63662732
stsb@s0__yelp_polarity@s0,stsb@s0,yelp_polarity@s0,encoder.layer.5.attention.self.value,768,0.01543927248,78.06608401,0,0.01543927248,78.06608401
stsb@s0__yelp_polarity@s0,stsb@s0,yelp_polarity@s0,encoder.layer.5.intermediate.dense,3072,0.001853636662,85.54938261,0,0.001853636662,85.54938261
stsb@s0__yelp_polarity@s0,stsb@s0,yelp_polarity@s0,encoder.layer.5.output.dense,768,0.01369108249,77.7539867,0,0.01369108249,77.7539867
stsb@s0__yelp_polarity@s0,stsb@s0,yelp_polarity@s0,encoder.layer.6.attention.output.dense,768,0.01331520346,77.65463734,0,0.01331520346,77.65463734
stsb@s0__yelp_polarity@s0,stsb@s0,yelp_polarity@s0,encoder.layer.6.attention.self.key,768,0.01073147462,79.61263668,0,0.01073147462,79.61263668
stsb@s0__yelp_polarity@s0,stsb@s0,yelp_polarity@s0,encoder.layer.6.attention.self.query,768,0.01738573463,75.62134564,0,0.01738573463,75.62134564
stsb@s0__yelp_polarity@s0,stsb@s0,yelp_polarity@s0,encoder.layer.6.attention.self.value,768,0.009814752486,80.37041743,0,0.009814752486,80.37041743
stsb@s0__yelp_polarity@s0,stsb@s0,yelp_polarity@s0,encoder.layer.6.intermediate.dense,3072,0.003071279831,84.00009664,0,0.003071279831,84.00009664
stsb@s0__yelp_polarity@s0,stsb@s0,yelp_polarity@s0,encoder.layer.6.output.dense,768,0.01933249624,76.28519781,0,0.01933249624,76.28519781
stsb@s0__yelp_polarity@s0,stsb@s0,yelp_polarity@s0,encoder.layer.7.attention.output.dense,768,0.01644017672,76.96926302,0,0.01644017672,76.96926302
stsb@s0__yelp_polarity@s0,stsb@s0,yelp_polarity@s0,encoder.layer.7.attention.self.key,768,0.01501933627,76.40473976,0,0.01501933627,76.40473976
stsb@s0__yelp_polarity@s0,stsb@s0,yelp_polarity@s0,encoder.layer.7.attention.self.query,768,0.01280387118,78.31362965,0,0.01280387118,78.31362965
stsb@s0__yelp_polarity@s0,stsb@s0,yelp_polarity@s0,encoder.layer.7.attention.self.value,768,0.008934925661,80.14697717,0,0.008934925661,80.14697717
stsb@s0__yelp_polarity@s0,stsb@s0,yelp_polarity@s0,encoder.layer.7.intermediate.dense,3072,0.002757160076,85.26311408,0,0.002757160076,85.26311408
stsb@s0__yelp_polarity@s0,stsb@s0,yelp_polarity@s0,encoder.layer.7.output.dense,768,0.01770706278,77.05451651,0,0.01770706278,77.05451651
stsb@s0__yelp_polarity@s0,stsb@s0,yelp_polarity@s0,encoder.layer.8.attention.output.dense,768,0.0236295823,75.45778669,0,0.0236295823,75.45778669
stsb@s0__yelp_polarity@s0,stsb@s0,yelp_polarity@s0,encoder.layer.8.attention.self.key,768,0.01420691656,77.45752095,0,0.01420691656,77.45752095
stsb@s0__yelp_polarity@s0,stsb@s0,yelp_polarity@s0,encoder.layer.8.attention.self.query,768,0.01528107018,78.43396537,0,0.01528107018,78.43396537
stsb@s0__yelp_polarity@s0,stsb@s0,yelp_polarity@s0,encoder.layer.8.attention.self.value,768,0.01291826762,78.79514311,0,0.01291826762,78.79514311
stsb@s0__yelp_polarity@s0,stsb@s0,yelp_polarity@s0,encoder.layer.8.intermediate.dense,3072,0.002752282929,84.9915791,0,0.002752282929,84.9915791
stsb@s0__yelp_polarity@s0,stsb@s0,yelp_polarity@s0,encoder.layer.8.output.dense,768,0.02149319476,76.10142221,0,0.02149319476,76.10142221
stsb@s0__yelp_polarity@s0,stsb@s0,yelp_polarity@s0,encoder.layer.9.attention.output.dense,768,0.01902713402,75.00827096,0,0.01902713402,75.00827096
stsb@s0__yelp_polarity@s0,stsb@s0,yelp_polarity@s0,encoder.layer.9.attention.self.key,768,0.02065476838,73.40481812,0,0.02065476838,73.40481812
stsb@s0__yelp_polarity@s0,stsb@s0,yelp_polarity@s0,encoder.layer.9.attention.self.query,768,0.01455862312,78.07635272,0,0.01455862312,78.07635272
stsb@s0__yelp_polarity@s0,stsb@s0,yelp_polarity@s0,encoder.layer.9.attention.self.value,768,0.01740628303,75.75182491,0,0.01740628303,75.75182491
stsb@s0__yelp_polarity@s0,stsb@s0,yelp_polarity@s0,encoder.layer.9.intermediate.dense,3072,0.002219113928,85.19842621,0,0.002219113928,85.19842621
stsb@s0__yelp_polarity@s0,stsb@s0,yelp_polarity@s0,encoder.layer.9.output.dense,768,0.02087511454,76.68968774,0,0.02087511454,76.68968774
stsb@s0__yelp_polarity@s0,stsb@s0,yelp_polarity@s0,pooler.dense,768,0.0492379965,65.69965727,0,0.0492379965,65.69965727
mnli@s0__qnli@s0,mnli@s0,qnli@s0,encoder.layer.0.attention.output.dense,768,0.0134732495,77.16393242,0,0.0134732495,77.16393242
mnli@s0__qnli@s0,mnli@s0,qnli@s0,encoder.layer.0.attention.self.key,768,0.02507360271,72.7187082,0,0.02507360271,72.7187082
mnli@s0__qnli@s0,mnli@s0,qnli@s0,encoder.layer.0.attention.self.query,768,0.01780126177,75.94885603,0,0.01780126177,75.94885603
mnli@s0__qnli@s0,mnli@s0,qnli@s0,encoder.layer.0.attention.self.value,768,0.01970822363,74.80780875,0,0.01970822363,74.80780875
mnli@s0__qnli@s0,mnli@s0,qnli@s0,encoder.layer.0.intermediate.dense,3072,0.003199511301,84.1205618,0,0.003199511301,84.1205618
mnli@s0__qnli@s0,mnli@s0,qnli@s0,encoder.layer.0.output.dense,768,0.0149303366,76.37439835,0,0.0149303366,76.37439835
mnli@s0__qnli@s0,mnli@s0,qnli@s0,encoder.layer.1.attention.output.dense,768,0.01175844023,77.32446505,0,0.01175844023,77.32446505
mnli@s0__qnli@s0,mnli@s0,qnli@s0,encoder.layer.1.attention.self.key,768,0.02280250553,72.4732805,0,0.02280250553,72.4732805
mnli@s0__qnli@s0,mnli@s0,qnli@s0,encoder.layer.1.attention.self.query,768,0.01608893793,76.40698703,0,0.01608893793,76.40698703
mnli@s0__qnli@s0,mnli@s0,qnli@s0,encoder.layer.1.attention.self.value,768,0.03097249147,68.24106627,0,0.03097249147,68.24106627
mnli@s0__qnli@s0,mnli@s0,qnli@s0,encoder.layer.1.intermediate.dense,3072,0.002414923255,85.38161446,0,0.002414923255,85.38161446
mnli@s0__qnli@s0,mnli@s0,qnli@s0,encoder.layer.1.output.dense,768,0.01244938446,79.03585144,0,0.01244938446,79.03585144
mnli@s0__qnli@s0,mnli@s0,qnli@s0,encoder.layer.10.attention.output.dense,768,0.03086358709,71.12458152,0,0.03086358709,71.12458152
mnli@s0__qnli@s0,mnli@s0,qnli@s0,encoder.layer.10.attention.self.key,768,0.02951313606,69.29354473,0,0.02951313606,69.29354473
mnli@s0__qnli@s0,mnli@s0,qnli@s0,encoder.layer.10.attention.self.query,768,0.01984567542,77.48263634,0,0.01984567542,77.48263634
mnli@s0__qnli@s0,mnli@s0,qnli@s0,encoder.layer.10.attention.self.value,768,0.02513715412,71.57380759,0,0.02513715412,71.57380759
mnli@s0__qnli@s0,mnli@s0,qnli@s0,encoder.layer.10.intermediate.dense,3072,0.004468248879,82.67541435,0,0.004468248879,82.67541435
mnli@s0__qnli@s0,mnli@s0,qnli@s0,encoder.layer.10.output.dense,768,0.02072414029,75.1529663,0,0.02072414029,75.1529663
mnli@s0__qnli@s0,mnli@s0,qnli@s0,encoder.layer.11.attention.output.dense,768,0.02347409705,71.95863843,0,0.02347409705,71.95863843
mnli@s0__qnli@s0,mnli@s0,qnli@s0,encoder.layer.11.attention.self.key,768,0.02446820873,71.36017081,0,0.02446820873,71.36017081
mnli@s0__qnli@s0,mnli@s0,qnli@s0,encoder.layer.11.attention.self.query,768,0.01776733339,77.38531316,0,0.01776733339,77.38531316
mnli@s0__qnli@s0,mnli@s0,qnli@s0,encoder.layer.11.attention.self.value,768,0.04347105507,67.82148449,0,0.04347105507,67.82148449
mnli@s0__qnli@s0,mnli@s0,qnli@s0,encoder.layer.11.intermediate.dense,3072,0.02639250507,64.39231947,0,0.02639250507,64.39231947
mnli@s0__qnli@s0,mnli@s0,qnli@s0,encoder.layer.11.output.dense,768,0.0528609626,54.09516405,0,0.0528609626,54.09516405
mnli@s0__qnli@s0,mnli@s0,qnli@s0,encoder.layer.2.attention.output.dense,768,0.01308268005,77.47562231,0,0.01308268005,77.47562231
mnli@s0__qnli@s0,mnli@s0,qnli@s0,encoder.layer.2.attention.self.key,768,0.01178016494,80.7459431,0,0.01178016494,80.7459431
mnli@s0__qnli@s0,mnli@s0,qnli@s0,encoder.layer.2.attention.self.query,768,0.01636009972,75.57200478,0,0.01636009972,75.57200478
mnli@s0__qnli@s0,mnli@s0,qnli@s0,encoder.layer.2.attention.self.value,768,0.01580538766,77.06723518,0,0.01580538766,77.06723518
mnli@s0__qnli@s0,mnli@s0,qnli@s0,encoder.layer.2.intermediate.dense,3072,0.00342949905,84.63797051,0,0.00342949905,84.63797051
mnli@s0__qnli@s0,mnli@s0,qnli@s0,encoder.layer.2.output.dense,768,0.01338532838,78.50532832,0,0.01338532838,78.50532832
mnli@s0__qnli@s0,mnli@s0,qnli@s0,encoder.layer.3.attention.output.dense,768,0.01356986328,77.91839961,0,0.01356986328,77.91839961
mnli@s0__qnli@s0,mnli@s0,qnli@s0,encoder.layer.3.attention.self.key,768,0.01777838309,75.33730146,0,0.01777838309,75.33730146
mnli@s0__qnli@s0,mnli@s0,qnli@s0,encoder.layer.3.attention.self.query,768,0.01535863404,77.97439053,0,0.01535863404,77.97439053
mnli@s0__qnli@s0,mnli@s0,qnli@s0,encoder.layer.3.attention.self.value,768,0.01448445306,77.73469373,0,0.01448445306,77.73469373
mnli@s0__qnli@s0,mnli@s0,qnli@s0,encoder.layer.3.intermediate.dense,3072,0.002571455303,84.7227249,0,0.002571455303,84.7227249
mnli@s0__qnli@s0,mnli@s0,qnli@s0,encoder.layer.3.output.dense,768,0.01462765263,77.14529264,0,0.01462765263,77.14529264
mnli@s0__qnli@s0,mnli@s0,qnli@s0,encoder.layer.4.attention.output.dense,768,0.01583569289,77.26270568,0,0.01583569289,77.26270568
mnli@s0__qnli@s0,mnli@s0,qnli@s0,encoder.layer.4.attention.self.key,768,0.01641879795,76.89875934,0,0.01641879795,76.89875934
mnli@s0__qnli@s0,mnli@s0,qnli@s0,encoder.layer.4.attention.self.query,768,0.0124626448,78.97840915,0,0.0124626448,78.97840915
mnli@s0__qnli@s0,mnli@s0,qnli@s0,encoder.layer.4.attention.self.value,768,0.01201805761,80.36253591,0,0.01201805761,80.36253591
mnli@s0__qnli@s0,mnli@s0,qnli@s0,encoder.layer.4.intermediate.dense,3072,0.004402826485,83.25459439,0,0.004402826485,83.25459439
mnli@s0__qnli@s0,mnli@s0,qnli@s0,encoder.layer.4.output.dense,768,0.0110076568,80.17097983,0,0.0110076568,80.17097983
mnli@s0__qnli@s0,mnli@s0,qnli@s0,encoder.layer.5.attention.output.dense,768,0.02067008524,75.59739027,0,0.02067008524,75.59739027
mnli@s0__qnli@s0,mnli@s0,qnli@s0,encoder.layer.5.attention.self.key,768,0.01925233928,75.61720394,0,0.01925233928,75.61720394
mnli@s0__qnli@s0,mnli@s0,qnli@s0,encoder.layer.5.attention.self.query,768,0.01595387926,78.365062,0,0.01595387926,78.365062
mnli@s0__qnli@s0,mnli@s0,qnli@s0,encoder.layer.5.attention.self.value,768,0.01166308236,78.0287064,0,0.01166308236,78.0287064
mnli@s0__qnli@s0,mnli@s0,qnli@s0,encoder.layer.5.intermediate.dense,3072,0.003805510276,83.19089168,0,0.003805510276,83.19089168
mnli@s0__qnli@s0,mnli@s0,qnli@s0,encoder.layer.5.output.dense,768,0.01219110695,77.51066184,0,0.01219110695,77.51066184
mnli@s0__qnli@s0,mnli@s0,qnli@s0,encoder.layer.6.attention.output.dense,768,0.02318476488,71.61825865,0,0.02318476488,71.61825865
mnli@s0__qnli@s0,mnli@s0,qnli@s0,encoder.layer.6.attention.self.key,768,0.010783266,79.24113777,0,0.010783266,79.24113777
mnli@s0__qnli@s0,mnli@s0,qnli@s0,encoder.layer.6.attention.self.query,768,0.0158582155,77.16991433,0,0.0158582155,77.16991433
mnli@s0__qnli@s0,mnli@s0,qnli@s0,encoder.layer.6.attention.self.value,768,0.01124453203,78.28587085,0,0.01124453203,78.28587085
mnli@s0__qnli@s0,mnli@s0,qnli@s0,encoder.layer.6.intermediate.dense,3072,0.005099326006,81.48226052,0,0.005099326006,81.48226052
mnli@s0__qnli@s0,mnli@s0,qnli@s0,encoder.layer.6.output.dense,768,0.01652257004,76.70276998,0,0.01652257004,76.70276998
mnli@s0__qnli@s0,mnli@s0,qnli@s0,encoder.layer.7.attention.output.dense,768,0.01499919847,78.59048676,0,0.01499919847,78.59048676
mnli@s0__qnli@s0,mnli@s0,qnli@s0,encoder.layer.7.attention.self.key,768,0.01279373551,78.84825745,0,0.01279373551,78.84825745
mnli@s0__qnli@s0,mnli@s0,qnli@s0,encoder.layer.7.attention.self.query,768,0.01337964317,77.57463701,0,0.01337964317,77.57463701
mnli@s0__qnli@s0,mnli@s0,qnli@s0,encoder.layer.7.attention.self.value,768,0.01128198442,78.57698321,0,0.01128198442,78.57698321
mnli@s0__qnli@s0,mnli@s0,qnli@s0,encoder.layer.7.intermediate.dense,3072,0.005094706185,81.06466958,0,0.005094706185,81.06466958
mnli@s0__qnli@s0,mnli@s0,qnli@s0,encoder.layer.7.output.dense,768,0.02019031867,73.72842336,0,0.02019031867,73.72842336
mnli@s0__qnli@s0,mnli@s0,qnli@s0,encoder.layer.8.attention.output.dense,768,0.01829647844,73.33234087,0,0.01829647844,73.33234087
mnli@s0__qnli@s0,mnli@s0,qnli@s0,encoder.layer.8.attention.self.key,768,0.01816398836,74.21094396,0,0.01816398836,74.21094396
mnli@s0__qnli@s0,mnli@s0,qnli@s0,encoder.layer.8.attention.self.query,768,0.01657891989,75.81468251,0,0.01657891989,75.81468251
mnli@s0__qnli@s0,mnli@s0,qnli@s0,encoder.layer.8.attention.self.value,768,0.01347635222,77.79118099,0,0.01347635222,77.79118099
mnli@s0__qnli@s0,mnli@s0,qnli@s0,encoder.layer.8.intermediate.dense,3072,0.006720944524,79.67787379,0,0.006720944524,79.67787379
mnli@s0__qnli@s0,mnli@s0,qnli@s0,encoder.layer.8.output.dense,768,0.01781802837,76.08426675,0,0.01781802837,76.08426675
mnli@s0__qnli@s0,mnli@s0,qnli@s0,encoder.layer.9.attention.output.dense,768,0.0174069237,76.59687205,0,0.0174069237,76.59687205
mnli@s0__qnli@s0,mnli@s0,qnli@s0,encoder.layer.9.attention.self.key,768,0.01823782946,75.06783248,0,0.01823782946,75.06783248
mnli@s0__qnli@s0,mnli@s0,qnli@s0,encoder.layer.9.attention.self.query,768,0.02406395824,72.82238253,0,0.02406395824,72.82238253
mnli@s0__qnli@s0,mnli@s0,qnli@s0,encoder.layer.9.attention.self.value,768,0.01541054866,77.55513047,0,0.01541054866,77.55513047
mnli@s0__qnli@s0,mnli@s0,qnli@s0,encoder.layer.9.intermediate.dense,3072,0.003151832341,83.32693939,0,0.003151832341,83.32693939
mnli@s0__qnli@s0,mnli@s0,qnli@s0,encoder.layer.9.output.dense,768,0.01940443765,77.87572275,0,0.01940443765,77.87572275
mnli@s0__qnli@s0,mnli@s0,qnli@s0,pooler.dense,768,0.05997720545,61.85151315,0,0.05997720545,61.85151315
mnli@s0__rte@s0,mnli@s0,rte@s0,encoder.layer.0.attention.output.dense,768,0.009529851724,80.51691751,0,0.009529851724,80.51691751
mnli@s0__rte@s0,mnli@s0,rte@s0,encoder.layer.0.attention.self.key,768,0.01253228798,77.09561059,0,0.01253228798,77.09561059
mnli@s0__rte@s0,mnli@s0,rte@s0,encoder.layer.0.attention.self.query,768,0.01839223762,75.80821812,0,0.01839223762,75.80821812
mnli@s0__rte@s0,mnli@s0,rte@s0,encoder.layer.0.attention.self.value,768,0.0123917387,79.05032593,0,0.0123917387,79.05032593
mnli@s0__rte@s0,mnli@s0,rte@s0,encoder.layer.0.intermediate.dense,3072,0.003587940138,84.1622144,0,0.003587940138,84.1622144
mnli@s0__rte@s0,mnli@s0,rte@s0,encoder.layer.0.output.dense,768,0.0113287479,79.6844844,0,0.0113287479,79.6844844
mnli@s0__rte@s0,mnli@s0,rte@s0,encoder.layer.1.attention.output.dense,768,0.01133186137,79.28093599,0,0.01133186137,79.28093599
mnli@s0__rte@s0,mnli@s0,rte@s0,encoder.layer.1.attention.self.key,768,0.01183039306,79.27242187,0,0.01183039306,79.27242187
mnli@s0__rte@s0,mnli@s0,rte@s0,encoder.layer.1.attention.self.query,768,0.01611580395,76.47605955,0,0.01611580395,76.47605955
mnli@s0__rte@s0,mnli@s0,rte@s0,encoder.layer.1.attention.self.value,768,0.01366485716,79.34675325,0,0.01366485716,79.34675325
mnli@s0__rte@s0,mnli@s0,rte@s0,encoder.layer.1.intermediate.dense,3072,0.001674338586,85.87431879,0,0.001674338586,85.87431879
mnli@s0__rte@s0,mnli@s0,rte@s0,encoder.layer.1.output.dense,768,0.01164151464,77.58472932,0,0.01164151464,77.58472932
mnli@s0__rte@s0,mnli@s0,rte@s0,encoder.layer.10.attention.output.dense,768,0.02634317442,72.91297604,0,0.02634317442,72.91297604
mnli@s0__rte@s0,mnli@s0,rte@s0,encoder.layer.10.attention.self.key,768,0.02250974962,76.38246644,0,0.02250974962,76.38246644
mnli@s0__rte@s0,mnli@s0,rte@s0,encoder.layer.10.attention.self.query,768,0.02208011714,75.63702493,0,0.02208011714,75.63702493
mnli@s0__rte@s0,mnli@s0,rte@s0,encoder.layer.10.attention.self.value,768,0.01571652369,77.00861663,0,0.01571652369,77.00861663
mnli@s0__rte@s0,mnli@s0,rte@s0,encoder.layer.10.intermediate.dense,3072,0.004336184479,82.45584581,0,0.004336184479,82.45584581
mnli@s0__rte@s0,mnli@s0,rte@s0,encoder.layer.10.output.dense,768,0.02487802599,73.43562178,0,0.02487802599,73.43562178
mnli@s0__rte@s0,mnli@s0,rte@s0,encoder.layer.11.attention.output.dense,768,0.01758279353,77.8703685,0,0.01758279353,77.8703685
mnli@s0__rte@s0,mnli@s0,rte@s0,encoder.layer.11.attention.self.key,768,0.02798280437,71.89324421,0,0.02798280437,71.89324421
mnli@s0__rte@s0,mnli@s0,rte@s0,encoder.layer.11.attention.self.query,768,0.02272697131,73.959115,0,0.02272697131,73.959115
mnli@s0__rte@s0,mnli@s0,rte@s0,encoder.layer.11.attention.self.value,768,0.02997523855,71.47948731,0,0.02997523855,71.47948731
mnli@s0__rte@s0,mnli@s0,rte@s0,encoder.layer.11.intermediate.dense,3072,0.01377882283,73.40049137,0,0.01377882283,73.40049137
mnli@s0__rte@s0,mnli@s0,rte@s0,encoder.layer.11.output.dense,768,0.0396869544,63.12238551,0,0.0396869544,63.12238551
mnli@s0__rte@s0,mnli@s0,rte@s0,encoder.layer.2.attention.output.dense,768,0.01375298668,79.05156411,0,0.01375298668,79.05156411
mnli@s0__rte@s0,mnli@s0,rte@s0,encoder.layer.2.attention.self.key,768,0.01865251049,76.42274752,0,0.01865251049,76.42274752
mnli@s0__rte@s0,mnli@s0,rte@s0,encoder.layer.2.attention.self.query,768,0.01370221931,78.17739133,0,0.01370221931,78.17739133
mnli@s0__rte@s0,mnli@s0,rte@s0,encoder.layer.2.attention.self.value,768,0.0116629285,79.63887261,0,0.0116629285,79.63887261
mnli@s0__rte@s0,mnli@s0,rte@s0,encoder.layer.2.intermediate.dense,3072,0.002744223027,84.65705681,0,0.002744223027,84.65705681
mnli@s0__rte@s0,mnli@s0,rte@s0,encoder.layer.2.output.dense,768,0.01155532123,79.37081867,0,0.01155532123,79.37081867
mnli@s0__rte@s0,mnli@s0,rte@s0,encoder.layer.3.attention.output.dense,768,0.01099548916,78.59001539,0,0.01099548916,78.59001539
mnli@s0__rte@s0,mnli@s0,rte@s0,encoder.layer.3.attention.self.key,768,0.009523565071,81.15683757,0,0.009523565071,81.15683757
mnli@s0__rte@s0,mnli@s0,rte@s0,encoder.layer.3.attention.self.query,768,0.01921489094,74.3150158,0,0.01921489094,74.3150158
mnli@s0__rte@s0,mnli@s0,rte@s0,encoder.layer.3.attention.self.value,768,0.01157194608,78.65567367,0,0.01157194608,78.65567367
mnli@s0__rte@s0,mnli@s0,rte@s0,encoder.layer.3.intermediate.dense,3072,0.002547220274,84.92892214,0,0.002547220274,84.92892214
mnli@s0__rte@s0,mnli@s0,rte@s0,encoder.layer.3.output.dense,768,0.006919394494,82.07676829,0,0.006919394494,82.07676829
mnli@s0__rte@s0,mnli@s0,rte@s0,encoder.layer.4.attention.output.dense,768,0.01192422126,78.4603745,0,0.01192422126,78.4603745
mnli@s0__rte@s0,mnli@s0,rte@s0,encoder.layer.4.attention.self.key,768,0.01462162863,79.74994756,0,0.01462162863,79.74994756
mnli@s0__rte@s0,mnli@s0,rte@s0,encoder.layer.4.attention.self.query,768,0.01430885267,78.9805344,0,0.01430885267,78.9805344
mnli@s0__rte@s0,mnli@s0,rte@s0,encoder.layer.4.attention.self.value,768,0.01010087103,80.14384042,0,0.01010087103,80.14384042
mnli@s0__rte@s0,mnli@s0,rte@s0,encoder.layer.4.intermediate.dense,3072,0.002276455282,84.97487545,0,0.002276455282,84.97487545
mnli@s0__rte@s0,mnli@s0,rte@s0,encoder.layer.4.output.dense,768,0.01180666983,78.54059182,0,0.01180666983,78.54059182
mnli@s0__rte@s0,mnli@s0,rte@s0,encoder.layer.5.attention.output.dense,768,0.01630681985,77.00303499,0,0.01630681985,77.00303499
mnli@s0__rte@s0,mnli@s0,rte@s0,encoder.layer.5.attention.self.key,768,0.01246588984,78.61810364,0,0.01246588984,78.61810364
mnli@s0__rte@s0,mnli@s0,rte@s0,encoder.layer.5.attention.self.query,768,0.01441004621,79.26187517,0,0.01441004621,79.26187517
mnli@s0__rte@s0,mnli@s0,rte@s0,encoder.layer.5.attention.self.value,768,0.01063520432,79.728746,0,0.01063520432,79.728746
mnli@s0__rte@s0,mnli@s0,rte@s0,encoder.layer.5.intermediate.dense,3072,0.003767002454,84.0761327,0,0.003767002454,84.0761327
mnli@s0__rte@s0,mnli@s0,rte@s0,encoder.layer.5.output.dense,768,0.01114102027,79.07852546,0,0.01114102027,79.07852546
mnli@s0__rte@s0,mnli@s0,rte@s0,encoder.layer.6.attention.output.dense,768,0.01105811355,78.98776581,0,0.01105811355,78.98776581
mnli@s0__rte@s0,mnli@s0,rte@s0,encoder.layer.6.attention.self.key,768,0.009555910968,79.92850202,0,0.009555910968,79.92850202
mnli@s0__rte@s0,mnli@s0,rte@s0,encoder.layer.6.attention.self.query,768,0.01197692117,80.03093375,0,0.01197692117,80.03093375
mnli@s0__rte@s0,mnli@s0,rte@s0,encoder.layer.6.attention.self.value,768,0.01108410096,78.66680767,0,0.01108410096,78.66680767
mnli@s0__rte@s0,mnli@s0,rte@s0,encoder.layer.6.intermediate.dense,3072,0.003403715261,84.84604176,0,0.003403715261,84.84604176
mnli@s0__rte@s0,mnli@s0,rte@s0,encoder.layer.6.output.dense,768,0.01612252082,75.89372912,0,0.01612252082,75.89372912
mnli@s0__rte@s0,mnli@s0,rte@s0,encoder.layer.7.attention.output.dense,768,0.01270004594,78.87412982,0,0.01270004594,78.87412982
mnli@s0__rte@s0,mnli@s0,rte@s0,encoder.layer.7.attention.self.key,768,0.01351511609,77.46755159,0,0.01351511609,77.46755159
mnli@s0__rte@s0,mnli@s0,rte@s0,encoder.layer.7.attention.self.query,768,0.01916199281,74.67215237,0,0.01916199281,74.67215237
mnli@s0__rte@s0,mnli@s0,rte@s0,encoder.layer.7.attention.self.value,768,0.01283099084,77.27304146,0,0.01283099084,77.27304146
mnli@s0__rte@s0,mnli@s0,rte@s0,encoder.layer.7.intermediate.dense,3072,0.004164983553,82.26470292,0,0.004164983553,82.26470292
mnli@s0__rte@s0,mnli@s0,rte@s0,encoder.layer.7.output.dense,768,0.01343590631,77.88184989,0,0.01343590631,77.88184989
mnli@s0__rte@s0,mnli@s0,rte@s0,encoder.layer.8.attention.output.dense,768,0.01389405287,79.15686608,0,0.01389405287,79.15686608
mnli@s0__rte@s0,mnli@s0,rte@s0,encoder.layer.8.attention.self.key,768,0.0205903551,75.29118836,0,0.0205903551,75.29118836
mnli@s0__rte@s0,mnli@s0,rte@s0,encoder.layer.8.attention.self.query,768,0.01640619255,78.51614554,0,0.01640619255,78.51614554
mnli@s0__rte@s0,mnli@s0,rte@s0,encoder.layer.8.attention.self.value,768,0.01142574521,79.35754258,0,0.01142574521,79.35754258
mnli@s0__rte@s0,mnli@s0,rte@s0,encoder.layer.8.intermediate.dense,3072,0.004833710105,82.51486351,0,0.004833710105,82.51486351
mnli@s0__rte@s0,mnli@s0,rte@s0,encoder.layer.8.output.dense,768,0.01502949235,79.15329246,0,0.01502949235,79.15329246
mnli@s0__rte@s0,mnli@s0,rte@s0,encoder.layer.9.attention.output.dense,768,0.01695793731,75.82871164,0,0.01695793731,75.82871164
mnli@s0__rte@s0,mnli@s0,rte@s0,encoder.layer.9.attention.self.key,768,0.01555744375,78.02425662,0,0.01555744375,78.02425662
mnli@s0__rte@s0,mnli@s0,rte@s0,encoder.layer.9.attention.self.query,768,0.02333069693,75.03590131,0,0.02333069693,75.03590131
mnli@s0__rte@s0,mnli@s0,rte@s0,encoder.layer.9.attention.self.value,768,0.01709251139,77.06639353,0,0.01709251139,77.06639353
mnli@s0__rte@s0,mnli@s0,rte@s0,encoder.layer.9.intermediate.dense,3072,0.002405915134,84.64673781,0,0.002405915134,84.64673781
mnli@s0__rte@s0,mnli@s0,rte@s0,encoder.layer.9.output.dense,768,0.02313867456,74.23848605,0,0.02313867456,74.23848605
mnli@s0__rte@s0,mnli@s0,rte@s0,pooler.dense,768,0.0417175042,68.07589857,0,0.0417175042,68.07589857
mnli@s0__wic@s0,mnli@s0,wic@s0,encoder.layer.0.attention.output.dense,768,0.01234376992,79.40661732,0,0.01234376992,79.40661732
mnli@s0__wic@s0,mnli@s0,wic@s0,encoder.layer.0.attention.self.key,768,0.01929702038,74.76905637,0,0.01929702038,74.76905637
mnli@s0__wic@s0,mnli@s0,wic@s0,encoder.layer.0.attention.self.query,768,0.01661586016,78.35914344,0,0.01661586016,78.35914344
mnli@s0__wic@s0,mnli@s0,wic@s0,encoder.layer.0.attention.self.value,768,0.01282159582,78.41177932,0,0.01282159582,78.41177932
mnli@s0__wic@s0,mnli@s0,wic@s0,encoder.layer.0.intermediate.dense,3072,0.003518980782,84.18424632,0,0.003518980782,84.18424632
mnli@s0__wic@s0,mnli@s0,wic@s0,encoder.layer.0.output.dense,768,0.01275261853,78.58302095,0,0.01275261853,78.58302095
mnli@s0__wic@s0,mnli@s0,wic@s0,encoder.layer.1.attention.output.dense,768,0.01229253251,78.53426879,0,0.01229253251,78.53426879
mnli@s0__wic@s0,mnli@s0,wic@s0,encoder.layer.1.attention.self.key,768,0.01677294474,78.46865498,0,0.01677294474,78.46865498
mnli@s0__wic@s0,mnli@s0,wic@s0,encoder.layer.1.attention.self.query,768,0.01491627747,78.15261446,0,0.01491627747,78.15261446
mnli@s0__wic@s0,mnli@s0,wic@s0,encoder.layer.1.attention.self.value,768,0.015914629,76.66908509,0,0.015914629,76.66908509
mnli@s0__wic@s0,mnli@s0,wic@s0,encoder.layer.1.intermediate.dense,3072,0.001897430102,85.69796684,0,0.001897430102,85.69796684
mnli@s0__wic@s0,mnli@s0,wic@s0,encoder.layer.1.output.dense,768,0.01088676312,78.78393638,0,0.01088676312,78.78393638
mnli@s0__wic@s0,mnli@s0,wic@s0,encoder.layer.10.attention.output.dense,768,0.02331972721,75.34373304,0,0.02331972721,75.34373304
mnli@s0__wic@s0,mnli@s0,wic@s0,encoder.layer.10.attention.self.key,768,0.0147315053,76.13646922,0,0.0147315053,76.13646922
mnli@s0__wic@s0,mnli@s0,wic@s0,encoder.layer.10.attention.self.query,768,0.01403546069,78.22238871,0,0.01403546069,78.22238871
mnli@s0__wic@s0,mnli@s0,wic@s0,encoder.layer.10.attention.self.value,768,0.01449683008,78.87776595,0,0.01449683008,78.87776595
mnli@s0__wic@s0,mnli@s0,wic@s0,encoder.layer.10.intermediate.dense,3072,0.004993451393,81.23288724,0,0.004993451393,81.23288724
mnli@s0__wic@s0,mnli@s0,wic@s0,encoder.layer.10.output.dense,768,0.02355909573,75.84767933,0,0.02355909573,75.84767933
mnli@s0__wic@s0,mnli@s0,wic@s0,encoder.layer.11.attention.output.dense,768,0.0181196541,78.34556478,0,0.0181196541,78.34556478
mnli@s0__wic@s0,mnli@s0,wic@s0,encoder.layer.11.attention.self.key,768,0.01711845992,76.76972516,0,0.01711845992,76.76972516
mnli@s0__wic@s0,mnli@s0,wic@s0,encoder.layer.11.attention.self.query,768,0.01340162435,77.3900892,0,0.01340162435,77.3900892
mnli@s0__wic@s0,mnli@s0,wic@s0,encoder.layer.11.attention.self.value,768,0.03142899914,69.80622062,0,0.03142899914,69.80622062
mnli@s0__wic@s0,mnli@s0,wic@s0,encoder.layer.11.intermediate.dense,3072,0.009657082242,76.81288759,0,0.009657082242,76.81288759
mnli@s0__wic@s0,mnli@s0,wic@s0,encoder.layer.11.output.dense,768,0.06873313608,49.69900826,0,0.06873313608,49.69900826
mnli@s0__wic@s0,mnli@s0,wic@s0,encoder.layer.2.attention.output.dense,768,0.008703097935,81.30088476,0,0.008703097935,81.30088476
mnli@s0__wic@s0,mnli@s0,wic@s0,encoder.layer.2.attention.self.key,768,0.01335680475,76.99824489,0,0.01335680475,76.99824489
mnli@s0__wic@s0,mnli@s0,wic@s0,encoder.layer.2.attention.self.query,768,0.01538025762,77.19254501,0,0.01538025762,77.19254501
mnli@s0__wic@s0,mnli@s0,wic@s0,encoder.layer.2.attention.self.value,768,0.01072094881,79.45948536,0,0.01072094881,79.45948536
mnli@s0__wic@s0,mnli@s0,wic@s0,encoder.layer.2.intermediate.dense,3072,0.003777447701,84.1688777,0,0.003777447701,84.1688777
mnli@s0__wic@s0,mnli@s0,wic@s0,encoder.layer.2.output.dense,768,0.01202664727,78.99358556,0,0.01202664727,78.99358556
mnli@s0__wic@s0,mnli@s0,wic@s0,encoder.layer.3.attention.output.dense,768,0.01123960388,77.91212433,0,0.01123960388,77.91212433
mnli@s0__wic@s0,mnli@s0,wic@s0,encoder.layer.3.attention.self.key,768,0.01381720972,78.64845352,0,0.01381720972,78.64845352
mnli@s0__wic@s0,mnli@s0,wic@s0,encoder.layer.3.attention.self.query,768,0.01567369028,76.86043438,0,0.01567369028,76.86043438
mnli@s0__wic@s0,mnli@s0,wic@s0,encoder.layer.3.attention.self.value,768,0.009255547952,80.13027032,0,0.009255547952,80.13027032
mnli@s0__wic@s0,mnli@s0,wic@s0,encoder.layer.3.intermediate.dense,3072,0.003337551073,83.32484675,0,0.003337551073,83.32484675
mnli@s0__wic@s0,mnli@s0,wic@s0,encoder.layer.3.output.dense,768,0.01080906022,80.54074462,0,0.01080906022,80.54074462
mnli@s0__wic@s0,mnli@s0,wic@s0,encoder.layer.4.attention.output.dense,768,0.01305735795,77.98238474,0,0.01305735795,77.98238474
mnli@s0__wic@s0,mnli@s0,wic@s0,encoder.layer.4.attention.self.key,768,0.01373318815,78.30391139,0,0.01373318815,78.30391139
mnli@s0__wic@s0,mnli@s0,wic@s0,encoder.layer.4.attention.self.query,768,0.01182636418,79.98350289,0,0.01182636418,79.98350289
mnli@s0__wic@s0,mnli@s0,wic@s0,encoder.layer.4.attention.self.value,768,0.01299179501,79.47143446,0,0.01299179501,79.47143446
mnli@s0__wic@s0,mnli@s0,wic@s0,encoder.layer.4.intermediate.dense,3072,0.003213226856,84.55423046,0,0.003213226856,84.55423046
mnli@s0__wic@s0,mnli@s0,wic@s0,encoder.layer.4.output.dense,768,0.01121536664,79.16488619,0,0.01121536664,79.16488619
mnli@s0__wic@s0,mnli@s0,wic@s0,encoder.layer.5.attention.output.dense,768,0.01346971118,78.11653217,0,0.01346971118,78.11653217
mnli@s0__wic@s0,mnli@s0,wic@s0,encoder.layer.5.attention.self.key,768,0.01206643782,79.45050507,0,0.01206643782,79.45050507
mnli@s0__wic@s0,mnli@s0,wic@s0,encoder.layer.5.attention.self.query,768,0.01162855127,78.58686493,0,0.01162855127,78.58686493
mnli@s0__wic@s0,mnli@s0,wic@s0,encoder.layer.5.attention.self.value,768,0.01230591492,78.1084565,0,0.01230591492,78.1084565
mnli@s0__wic@s0,mnli@s0,wic@s0,encoder.layer.5.intermediate.dense,3072,0.003303706387,84.38301244,0,0.003303706387,84.38301244
mnli@s0__wic@s0,mnli@s0,wic@s0,encoder.layer.5.output.dense,768,0.01560290141,78.18871859,0,0.01560290141,78.18871859
mnli@s0__wic@s0,mnli@s0,wic@s0,encoder.layer.6.attention.output.dense,768,0.009351443518,79.75029138,0,0.009351443518,79.75029138
mnli@s0__wic@s0,mnli@s0,wic@s0,encoder.layer.6.attention.self.key,768,0.01267456861,78.94171453,0,0.01267456861,78.94171453
mnli@s0__wic@s0,mnli@s0,wic@s0,encoder.layer.6.attention.self.query,768,0.01403203229,77.48231768,0,0.01403203229,77.48231768
mnli@s0__wic@s0,mnli@s0,wic@s0,encoder.layer.6.attention.self.value,768,0.01249078808,77.89367263,0,0.01249078808,77.89367263
mnli@s0__wic@s0,mnli@s0,wic@s0,encoder.layer.6.intermediate.dense,3072,0.002284659276,85.54041637,0,0.002284659276,85.54041637
mnli@s0__wic@s0,mnli@s0,wic@s0,encoder.layer.6.output.dense,768,0.01594194991,78.04974072,0,0.01594194991,78.04974072
mnli@s0__wic@s0,mnli@s0,wic@s0,encoder.layer.7.attention.output.dense,768,0.01476775785,77.26150081,0,0.01476775785,77.26150081
mnli@s0__wic@s0,mnli@s0,wic@s0,encoder.layer.7.attention.self.key,768,0.01289334141,79.00525668,0,0.01289334141,79.00525668
mnli@s0__wic@s0,mnli@s0,wic@s0,encoder.layer.7.attention.self.query,768,0.01192738672,80.33496219,0,0.01192738672,80.33496219
mnli@s0__wic@s0,mnli@s0,wic@s0,encoder.layer.7.attention.self.value,768,0.01163701167,79.60591233,0,0.01163701167,79.60591233
mnli@s0__wic@s0,mnli@s0,wic@s0,encoder.layer.7.intermediate.dense,3072,0.002744782349,84.767317,0,0.002744782349,84.767317
mnli@s0__wic@s0,mnli@s0,wic@s0,encoder.layer.7.output.dense,768,0.01052852834,77.80540865,0,0.01052852834,77.80540865
mnli@s0__wic@s0,mnli@s0,wic@s0,encoder.layer.8.attention.output.dense,768,0.01529289029,78.68143017,0,0.01529289029,78.68143017
mnli@s0__wic@s0,mnli@s0,wic@s0,encoder.layer.8.attention.self.key,768,0.01462880357,76.73390747,0,0.01462880357,76.73390747
mnli@s0__wic@s0,mnli@s0,wic@s0,encoder.layer.8.attention.self.query,768,0.01740395093,77.58066498,0,0.01740395093,77.58066498
mnli@s0__wic@s0,mnli@s0,wic@s0,encoder.layer.8.attention.self.value,768,0.01204881765,79.87837744,0,0.01204881765,79.87837744
mnli@s0__wic@s0,mnli@s0,wic@s0,encoder.layer.8.intermediate.dense,3072,0.002831647685,84.56850112,0,0.002831647685,84.56850112
mnli@s0__wic@s0,mnli@s0,wic@s0,encoder.layer.8.output.dense,768,0.01542343768,77.47499537,0,0.01542343768,77.47499537
mnli@s0__wic@s0,mnli@s0,wic@s0,encoder.layer.9.attention.output.dense,768,0.01802287109,76.28219402,0,0.01802287109,76.28219402
mnli@s0__wic@s0,mnli@s0,wic@s0,encoder.layer.9.attention.self.key,768,0.01252354188,79.76258489,0,0.01252354188,79.76258489
mnli@s0__wic@s0,mnli@s0,wic@s0,encoder.layer.9.attention.self.query,768,0.01713728346,77.56348892,0,0.01713728346,77.56348892
mnli@s0__wic@s0,mnli@s0,wic@s0,encoder.layer.9.attention.self.value,768,0.01158555665,79.40601508,0,0.01158555665,79.40601508
mnli@s0__wic@s0,mnli@s0,wic@s0,encoder.layer.9.intermediate.dense,3072,0.002340254049,85.15231318,0,0.002340254049,85.15231318
mnli@s0__wic@s0,mnli@s0,wic@s0,encoder.layer.9.output.dense,768,0.02195162784,75.53560961,0,0.02195162784,75.53560961
mnli@s0__wic@s0,mnli@s0,wic@s0,pooler.dense,768,0.05308866457,63.83902076,0,0.05308866457,63.83902076
mnli@s0__snli@s0,mnli@s0,snli@s0,encoder.layer.0.attention.output.dense,768,0.0151718377,78.27280635,0,0.0151718377,78.27280635
mnli@s0__snli@s0,mnli@s0,snli@s0,encoder.layer.0.attention.self.key,768,0.01939681264,72.9571588,0,0.01939681264,72.9571588
mnli@s0__snli@s0,mnli@s0,snli@s0,encoder.layer.0.attention.self.query,768,0.0331109864,68.29106967,0,0.0331109864,68.29106967
mnli@s0__snli@s0,mnli@s0,snli@s0,encoder.layer.0.attention.self.value,768,0.02911883171,70.02839885,0,0.02911883171,70.02839885
mnli@s0__snli@s0,mnli@s0,snli@s0,encoder.layer.0.intermediate.dense,3072,0.004128489235,83.37745076,0,0.004128489235,83.37745076
mnli@s0__snli@s0,mnli@s0,snli@s0,encoder.layer.0.output.dense,768,0.02089540577,74.95149586,0,0.02089540577,74.95149586
mnli@s0__snli@s0,mnli@s0,snli@s0,encoder.layer.1.attention.output.dense,768,0.01446187325,77.59211673,0,0.01446187325,77.59211673
mnli@s0__snli@s0,mnli@s0,snli@s0,encoder.layer.1.attention.self.key,768,0.01274578745,78.80726079,0,0.01274578745,78.80726079
mnli@s0__snli@s0,mnli@s0,snli@s0,encoder.layer.1.attention.self.query,768,0.0187786119,77.1412522,0,0.0187786119,77.1412522
mnli@s0__snli@s0,mnli@s0,snli@s0,encoder.layer.1.attention.self.value,768,0.02667234331,69.30684765,0,0.02667234331,69.30684765
mnli@s0__snli@s0,mnli@s0,snli@s0,encoder.layer.1.intermediate.dense,3072,0.002347250259,85.47717488,0,0.002347250259,85.47717488
mnli@s0__snli@s0,mnli@s0,snli@s0,encoder.layer.1.output.dense,768,0.01398743433,77.72615911,0,0.01398743433,77.72615911
mnli@s0__snli@s0,mnli@s0,snli@s0,encoder.layer.10.attention.output.dense,768,0.02893276723,68.89988771,0,0.02893276723,68.89988771
mnli@s0__snli@s0,mnli@s0,snli@s0,encoder.layer.10.attention.self.key,768,0.03426194224,66.52135864,0,0.03426194224,66.52135864
mnli@s0__snli@s0,mnli@s0,snli@s0,encoder.layer.10.attention.self.query,768,0.02858428317,71.40234611,0,0.02858428317,71.40234611
mnli@s0__snli@s0,mnli@s0,snli@s0,encoder.layer.10.attention.self.value,768,0.02387393183,72.95876993,0,0.02387393183,72.95876993
mnli@s0__snli@s0,mnli@s0,snli@s0,encoder.layer.10.intermediate.dense,3072,0.005788052135,81.60310999,0,0.005788052135,81.60310999
mnli@s0__snli@s0,mnli@s0,snli@s0,encoder.layer.10.output.dense,768,0.0140016387,77.58532193,0,0.0140016387,77.58532193
mnli@s0__snli@s0,mnli@s0,snli@s0,encoder.layer.11.attention.output.dense,768,0.01522645289,77.64458497,0,0.01522645289,77.64458497
mnli@s0__snli@s0,mnli@s0,snli@s0,encoder.layer.11.attention.self.key,768,0.03017715877,72.61048415,0,0.03017715877,72.61048415
mnli@s0__snli@s0,mnli@s0,snli@s0,encoder.layer.11.attention.self.query,768,0.02193924804,75.98777296,0,0.02193924804,75.98777296
mnli@s0__snli@s0,mnli@s0,snli@s0,encoder.layer.11.attention.self.value,768,0.03528237771,68.78952882,0,0.03528237771,68.78952882
mnli@s0__snli@s0,mnli@s0,snli@s0,encoder.layer.11.intermediate.dense,3072,0.01439216321,72.08014197,0,0.01439216321,72.08014197
mnli@s0__snli@s0,mnli@s0,snli@s0,encoder.layer.11.output.dense,768,0.01668861306,74.38264353,0,0.01668861306,74.38264353
mnli@s0__snli@s0,mnli@s0,snli@s0,encoder.layer.2.attention.output.dense,768,0.01608842577,75.96762964,0,0.01608842577,75.96762964
mnli@s0__snli@s0,mnli@s0,snli@s0,encoder.layer.2.attention.self.key,768,0.0126216507,78.44549689,0,0.0126216507,78.44549689
mnli@s0__snli@s0,mnli@s0,snli@s0,encoder.layer.2.attention.self.query,768,0.01799664651,78.06303464,0,0.01799664651,78.06303464
mnli@s0__snli@s0,mnli@s0,snli@s0,encoder.layer.2.attention.self.value,768,0.01298031929,77.62611289,0,0.01298031929,77.62611289
mnli@s0__snli@s0,mnli@s0,snli@s0,encoder.layer.2.intermediate.dense,3072,0.003569241539,84.42542692,0,0.003569241539,84.42542692
mnli@s0__snli@s0,mnli@s0,snli@s0,encoder.layer.2.output.dense,768,0.01680449532,78.10494178,0,0.01680449532,78.10494178
mnli@s0__snli@s0,mnli@s0,snli@s0,encoder.layer.3.attention.output.dense,768,0.02092853154,74.08203291,0,0.02092853154,74.08203291
mnli@s0__snli@s0,mnli@s0,snli@s0,encoder.layer.3.attention.self.key,768,0.01090269889,78.89333033,0,0.01090269889,78.89333033
mnli@s0__snli@s0,mnli@s0,snli@s0,encoder.layer.3.attention.self.query,768,0.02200633061,73.80041878,0,0.02200633061,73.80041878
mnli@s0__snli@s0,mnli@s0,snli@s0,encoder.layer.3.attention.self.value,768,0.01187133015,79.47710153,0,0.01187133015,79.47710153
mnli@s0__snli@s0,mnli@s0,snli@s0,encoder.layer.3.intermediate.dense,3072,0.003723382998,82.74536712,0,0.003723382998,82.74536712
mnli@s0__snli@s0,mnli@s0,snli@s0,encoder.layer.3.output.dense,768,0.01311782387,79.30894342,0,0.01311782387,79.30894342
mnli@s0__snli@s0,mnli@s0,snli@s0,encoder.layer.4.attention.output.dense,768,0.02040538985,75.26233513,0,0.02040538985,75.26233513
mnli@s0__snli@s0,mnli@s0,snli@s0,encoder.layer.4.attention.self.key,768,0.01684871605,77.26214697,0,0.01684871605,77.26214697
mnli@s0__snli@s0,mnli@s0,snli@s0,encoder.layer.4.attention.self.query,768,0.01748256854,75.92388286,0,0.01748256854,75.92388286
mnli@s0__snli@s0,mnli@s0,snli@s0,encoder.layer.4.attention.self.value,768,0.01252865666,78.12243226,0,0.01252865666,78.12243226
mnli@s0__snli@s0,mnli@s0,snli@s0,encoder.layer.4.intermediate.dense,3072,0.004730485282,82.06866822,0,0.004730485282,82.06866822
mnli@s0__snli@s0,mnli@s0,snli@s0,encoder.layer.4.output.dense,768,0.01750391651,77.62209838,0,0.01750391651,77.62209838
mnli@s0__snli@s0,mnli@s0,snli@s0,encoder.layer.5.attention.output.dense,768,0.01872094527,73.38886883,0,0.01872094527,73.38886883
mnli@s0__snli@s0,mnli@s0,snli@s0,encoder.layer.5.attention.self.key,768,0.01254181317,77.77234046,0,0.01254181317,77.77234046
mnli@s0__snli@s0,mnli@s0,snli@s0,encoder.layer.5.attention.self.query,768,0.01783263075,76.06835452,0,0.01783263075,76.06835452
mnli@s0__snli@s0,mnli@s0,snli@s0,encoder.layer.5.attention.self.value,768,0.01411039944,78.45954563,0,0.01411039944,78.45954563
mnli@s0__snli@s0,mnli@s0,snli@s0,encoder.layer.5.intermediate.dense,3072,0.002544544552,83.87754387,0,0.002544544552,83.87754387
mnli@s0__snli@s0,mnli@s0,snli@s0,encoder.layer.5.output.dense,768,0.01795819564,77.70043673,0,0.01795819564,77.70043673
mnli@s0__snli@s0,mnli@s0,snli@s0,encoder.layer.6.attention.output.dense,768,0.02050623447,71.93801171,0,0.02050623447,71.93801171
mnli@s0__snli@s0,mnli@s0,snli@s0,encoder.layer.6.attention.self.key,768,0.009895205324,79.35285836,0,0.009895205324,79.35285836
mnli@s0__snli@s0,mnli@s0,snli@s0,encoder.layer.6.attention.self.query,768,0.01413406216,79.14862923,0,0.01413406216,79.14862923
mnli@s0__snli@s0,mnli@s0,snli@s0,encoder.layer.6.attention.self.value,768,0.01169254556,79.52085181,0,0.01169254556,79.52085181
mnli@s0__snli@s0,mnli@s0,snli@s0,encoder.layer.6.intermediate.dense,3072,0.005038136999,81.81101913,0,0.005038136999,81.81101913
mnli@s0__snli@s0,mnli@s0,snli@s0,encoder.layer.6.output.dense,768,0.01239495556,78.52899663,0,0.01239495556,78.52899663
mnli@s0__snli@s0,mnli@s0,snli@s0,encoder.layer.7.attention.output.dense,768,0.01608497086,77.98564412,0,0.01608497086,77.98564412
mnli@s0__snli@s0,mnli@s0,snli@s0,encoder.layer.7.attention.self.key,768,0.02046095403,75.42439337,0,0.02046095403,75.42439337
mnli@s0__snli@s0,mnli@s0,snli@s0,encoder.layer.7.attention.self.query,768,0.02194966291,76.01724962,0,0.02194966291,76.01724962
mnli@s0__snli@s0,mnli@s0,snli@s0,encoder.layer.7.attention.self.value,768,0.01247315179,78.26373274,0,0.01247315179,78.26373274
mnli@s0__snli@s0,mnli@s0,snli@s0,encoder.layer.7.intermediate.dense,3072,0.00634968133,80.06866344,0,0.00634968133,80.06866344
mnli@s0__snli@s0,mnli@s0,snli@s0,encoder.layer.7.output.dense,768,0.02098770436,75.80819866,0,0.02098770436,75.80819866
mnli@s0__snli@s0,mnli@s0,snli@s0,encoder.layer.8.attention.output.dense,768,0.02183516891,73.87288629,0,0.02183516891,73.87288629
mnli@s0__snli@s0,mnli@s0,snli@s0,encoder.layer.8.attention.self.key,768,0.02107487333,74.31921814,0,0.02107487333,74.31921814
mnli@s0__snli@s0,mnli@s0,snli@s0,encoder.layer.8.attention.self.query,768,0.02567395513,72.52279163,0,0.02567395513,72.52279163
mnli@s0__snli@s0,mnli@s0,snli@s0,encoder.layer.8.attention.self.value,768,0.01498939637,77.99861421,0,0.01498939637,77.99861421
mnli@s0__snli@s0,mnli@s0,snli@s0,encoder.layer.8.intermediate.dense,3072,0.006314706852,81.60114837,0,0.006314706852,81.60114837
mnli@s0__snli@s0,mnli@s0,snli@s0,encoder.layer.8.output.dense,768,0.01542478725,75.49357485,0,0.01542478725,75.49357485
mnli@s0__snli@s0,mnli@s0,snli@s0,encoder.layer.9.attention.output.dense,768,0.02493618417,72.68197046,0,0.02493618417,72.68197046
mnli@s0__snli@s0,mnli@s0,snli@s0,encoder.layer.9.attention.self.key,768,0.01861365224,76.49624793,0,0.01861365224,76.49624793
mnli@s0__snli@s0,mnli@s0,snli@s0,encoder.layer.9.attention.self.query,768,0.0279468864,71.21299458,0,0.0279468864,71.21299458
mnli@s0__snli@s0,mnli@s0,snli@s0,encoder.layer.9.attention.self.value,768,0.01627267383,77.85751488,0,0.01627267383,77.85751488
mnli@s0__snli@s0,mnli@s0,snli@s0,encoder.layer.9.intermediate.dense,3072,0.004029215733,82.40232254,0,0.004029215733,82.40232254
mnli@s0__snli@s0,mnli@s0,snli@s0,encoder.layer.9.output.dense,768,0.01927646839,74.18085031,0,0.01927646839,74.18085031
mnli@s0__snli@s0,mnli@s0,snli@s0,pooler.dense,768,0.06819736916,56.43128597,0,0.06819736916,56.43128597
mnli@s0__scitail@s0,mnli@s0,scitail@s0,encoder.layer.0.attention.output.dense,768,0.01008813346,79.05189907,0,0.01008813346,79.05189907
mnli@s0__scitail@s0,mnli@s0,scitail@s0,encoder.layer.0.attention.self.key,768,0.02022009674,73.58043834,0,0.02022009674,73.58043834
mnli@s0__scitail@s0,mnli@s0,scitail@s0,encoder.layer.0.attention.self.query,768,0.02145135776,75.82905087,0,0.02145135776,75.82905087
mnli@s0__scitail@s0,mnli@s0,scitail@s0,encoder.layer.0.attention.self.value,768,0.01515217683,75.81904541,0,0.01515217683,75.81904541
mnli@s0__scitail@s0,mnli@s0,scitail@s0,encoder.layer.0.intermediate.dense,3072,0.003404868436,84.7607973,0,0.003404868436,84.7607973
mnli@s0__scitail@s0,mnli@s0,scitail@s0,encoder.layer.0.output.dense,768,0.01487379869,78.98373494,0,0.01487379869,78.98373494
mnli@s0__scitail@s0,mnli@s0,scitail@s0,encoder.layer.1.attention.output.dense,768,0.01083458086,79.34175765,0,0.01083458086,79.34175765
mnli@s0__scitail@s0,mnli@s0,scitail@s0,encoder.layer.1.attention.self.key,768,0.01609137167,77.70759896,0,0.01609137167,77.70759896
mnli@s0__scitail@s0,mnli@s0,scitail@s0,encoder.layer.1.attention.self.query,768,0.0186023466,76.37937416,0,0.0186023466,76.37937416
mnli@s0__scitail@s0,mnli@s0,scitail@s0,encoder.layer.1.attention.self.value,768,0.01729250961,76.05901225,0,0.01729250961,76.05901225
mnli@s0__scitail@s0,mnli@s0,scitail@s0,encoder.layer.1.intermediate.dense,3072,0.003123874303,84.19466517,0,0.003123874303,84.19466517
mnli@s0__scitail@s0,mnli@s0,scitail@s0,encoder.layer.1.output.dense,768,0.01365146568,77.16028914,0,0.01365146568,77.16028914
mnli@s0__scitail@s0,mnli@s0,scitail@s0,encoder.layer.10.attention.output.dense,768,0.03072476715,69.57739939,0,0.03072476715,69.57739939
mnli@s0__scitail@s0,mnli@s0,scitail@s0,encoder.layer.10.attention.self.key,768,0.01963833722,72.07924726,0,0.01963833722,72.07924726
mnli@s0__scitail@s0,mnli@s0,scitail@s0,encoder.layer.10.attention.self.query,768,0.0207628531,75.87417646,0,0.0207628531,75.87417646
mnli@s0__scitail@s0,mnli@s0,scitail@s0,encoder.layer.10.attention.self.value,768,0.01644609258,74.69689602,0,0.01644609258,74.69689602
mnli@s0__scitail@s0,mnli@s0,scitail@s0,encoder.layer.10.intermediate.dense,3072,0.004535109294,82.54917486,0,0.004535109294,82.54917486
mnli@s0__scitail@s0,mnli@s0,scitail@s0,encoder.layer.10.output.dense,768,0.01394321342,78.27724713,0,0.01394321342,78.27724713
mnli@s0__scitail@s0,mnli@s0,scitail@s0,encoder.layer.11.attention.output.dense,768,0.01833121776,75.61164841,0,0.01833121776,75.61164841
mnli@s0__scitail@s0,mnli@s0,scitail@s0,encoder.layer.11.attention.self.key,768,0.02319384121,72.17463192,0,0.02319384121,72.17463192
mnli@s0__scitail@s0,mnli@s0,scitail@s0,encoder.layer.11.attention.self.query,768,0.02083087217,74.03012179,0,0.02083087217,74.03012179
mnli@s0__scitail@s0,mnli@s0,scitail@s0,encoder.layer.11.attention.self.value,768,0.02804912576,72.34058042,0,0.02804912576,72.34058042
mnli@s0__scitail@s0,mnli@s0,scitail@s0,encoder.layer.11.intermediate.dense,3072,0.003743111796,83.52856752,0,0.003743111796,83.52856752
mnli@s0__scitail@s0,mnli@s0,scitail@s0,encoder.layer.11.output.dense,768,0.01726838532,74.7328365,0,0.01726838532,74.7328365
mnli@s0__scitail@s0,mnli@s0,scitail@s0,encoder.layer.2.attention.output.dense,768,0.01246698219,78.26604599,0,0.01246698219,78.26604599
mnli@s0__scitail@s0,mnli@s0,scitail@s0,encoder.layer.2.attention.self.key,768,0.01518143139,78.51671627,0,0.01518143139,78.51671627
mnli@s0__scitail@s0,mnli@s0,scitail@s0,encoder.layer.2.attention.self.query,768,0.01825034893,76.96287265,0,0.01825034893,76.96287265
mnli@s0__scitail@s0,mnli@s0,scitail@s0,encoder.layer.2.attention.self.value,768,0.01233193399,79.69018214,0,0.01233193399,79.69018214
mnli@s0__scitail@s0,mnli@s0,scitail@s0,encoder.layer.2.intermediate.dense,3072,0.002863871609,85.40517049,0,0.002863871609,85.40517049
mnli@s0__scitail@s0,mnli@s0,scitail@s0,encoder.layer.2.output.dense,768,0.01173250464,79.14456264,0,0.01173250464,79.14456264
mnli@s0__scitail@s0,mnli@s0,scitail@s0,encoder.layer.3.attention.output.dense,768,0.01398923276,77.35592365,0,0.01398923276,77.35592365
mnli@s0__scitail@s0,mnli@s0,scitail@s0,encoder.layer.3.attention.self.key,768,0.01037795796,80.21713494,0,0.01037795796,80.21713494
mnli@s0__scitail@s0,mnli@s0,scitail@s0,encoder.layer.3.attention.self.query,768,0.01778209325,77.00974222,0,0.01778209325,77.00974222
mnli@s0__scitail@s0,mnli@s0,scitail@s0,encoder.layer.3.attention.self.value,768,0.009745784463,80.38854101,0,0.009745784463,80.38854101
mnli@s0__scitail@s0,mnli@s0,scitail@s0,encoder.layer.3.intermediate.dense,3072,0.00373800744,84.1267601,0,0.00373800744,84.1267601
mnli@s0__scitail@s0,mnli@s0,scitail@s0,encoder.layer.3.output.dense,768,0.0134805252,78.88552809,0,0.0134805252,78.88552809
mnli@s0__scitail@s0,mnli@s0,scitail@s0,encoder.layer.4.attention.output.dense,768,0.01361780089,76.97439711,0,0.01361780089,76.97439711
mnli@s0__scitail@s0,mnli@s0,scitail@s0,encoder.layer.4.attention.self.key,768,0.01299970691,77.17328032,0,0.01299970691,77.17328032
mnli@s0__scitail@s0,mnli@s0,scitail@s0,encoder.layer.4.attention.self.query,768,0.01965336548,76.56671182,0,0.01965336548,76.56671182
mnli@s0__scitail@s0,mnli@s0,scitail@s0,encoder.layer.4.attention.self.value,768,0.0112273219,78.92693866,0,0.0112273219,78.92693866
mnli@s0__scitail@s0,mnli@s0,scitail@s0,encoder.layer.4.intermediate.dense,3072,0.002842517276,84.11270268,0,0.002842517276,84.11270268
mnli@s0__scitail@s0,mnli@s0,scitail@s0,encoder.layer.4.output.dense,768,0.01023383275,80.43558579,0,0.01023383275,80.43558579
mnli@s0__scitail@s0,mnli@s0,scitail@s0,encoder.layer.5.attention.output.dense,768,0.01121764361,79.64451304,0,0.01121764361,79.64451304
mnli@s0__scitail@s0,mnli@s0,scitail@s0,encoder.layer.5.attention.self.key,768,0.01439776387,77.59062582,0,0.01439776387,77.59062582
mnli@s0__scitail@s0,mnli@s0,scitail@s0,encoder.layer.5.attention.self.query,768,0.01268328678,78.37454204,0,0.01268328678,78.37454204
mnli@s0__scitail@s0,mnli@s0,scitail@s0,encoder.layer.5.attention.self.value,768,0.0127566292,77.84857608,0,0.0127566292,77.84857608
mnli@s0__scitail@s0,mnli@s0,scitail@s0,encoder.layer.5.intermediate.dense,3072,0.002994420019,84.552914,0,0.002994420019,84.552914
mnli@s0__scitail@s0,mnli@s0,scitail@s0,encoder.layer.5.output.dense,768,0.01026670365,79.90563865,0,0.01026670365,79.90563865
mnli@s0__scitail@s0,mnli@s0,scitail@s0,encoder.layer.6.attention.output.dense,768,0.01521376039,78.32746832,0,0.01521376039,78.32746832
mnli@s0__scitail@s0,mnli@s0,scitail@s0,encoder.layer.6.attention.self.key,768,0.01169965546,79.61371243,0,0.01169965546,79.61371243
mnli@s0__scitail@s0,mnli@s0,scitail@s0,encoder.layer.6.attention.self.query,768,0.01579460325,76.99230859,0,0.01579460325,76.99230859
mnli@s0__scitail@s0,mnli@s0,scitail@s0,encoder.layer.6.attention.self.value,768,0.01183088832,77.87965156,0,0.01183088832,77.87965156
mnli@s0__scitail@s0,mnli@s0,scitail@s0,encoder.layer.6.intermediate.dense,3072,0.003447368382,83.49407983,0,0.003447368382,83.49407983
mnli@s0__scitail@s0,mnli@s0,scitail@s0,encoder.layer.6.output.dense,768,0.01032857758,80.49456445,0,0.01032857758,80.49456445
mnli@s0__scitail@s0,mnli@s0,scitail@s0,encoder.layer.7.attention.output.dense,768,0.0127970168,77.84204081,0,0.0127970168,77.84204081
mnli@s0__scitail@s0,mnli@s0,scitail@s0,encoder.layer.7.attention.self.key,768,0.01583250875,76.06799825,0,0.01583250875,76.06799825
mnli@s0__scitail@s0,mnli@s0,scitail@s0,encoder.layer.7.attention.self.query,768,0.01987284778,77.01153174,0,0.01987284778,77.01153174
mnli@s0__scitail@s0,mnli@s0,scitail@s0,encoder.layer.7.attention.self.value,768,0.01495577707,78.06585094,0,0.01495577707,78.06585094
mnli@s0__scitail@s0,mnli@s0,scitail@s0,encoder.layer.7.intermediate.dense,3072,0.004560803172,83.44065742,0,0.004560803172,83.44065742
mnli@s0__scitail@s0,mnli@s0,scitail@s0,encoder.layer.7.output.dense,768,0.01595345715,78.0805397,0,0.01595345715,78.0805397
mnli@s0__scitail@s0,mnli@s0,scitail@s0,encoder.layer.8.attention.output.dense,768,0.01422647912,77.68650931,0,0.01422647912,77.68650931
mnli@s0__scitail@s0,mnli@s0,scitail@s0,encoder.layer.8.attention.self.key,768,0.01637280629,76.83382909,0,0.01637280629,76.83382909
mnli@s0__scitail@s0,mnli@s0,scitail@s0,encoder.layer.8.attention.self.query,768,0.01452844867,77.33825135,0,0.01452844867,77.33825135
mnli@s0__scitail@s0,mnli@s0,scitail@s0,encoder.layer.8.attention.self.value,768,0.01717096755,76.87946793,0,0.01717096755,76.87946793
mnli@s0__scitail@s0,mnli@s0,scitail@s0,encoder.layer.8.intermediate.dense,3072,0.003633586674,83.18338166,0,0.003633586674,83.18338166
mnli@s0__scitail@s0,mnli@s0,scitail@s0,encoder.layer.8.output.dense,768,0.01675522089,77.71375501,0,0.01675522089,77.71375501
mnli@s0__scitail@s0,mnli@s0,scitail@s0,encoder.layer.9.attention.output.dense,768,0.01904535218,74.11014191,0,0.01904535218,74.11014191
mnli@s0__scitail@s0,mnli@s0,scitail@s0,encoder.layer.9.attention.self.key,768,0.01838149188,74.10912558,0,0.01838149188,74.10912558
mnli@s0__scitail@s0,mnli@s0,scitail@s0,encoder.layer.9.attention.self.query,768,0.01764342902,75.50953817,0,0.01764342902,75.50953817
mnli@s0__scitail@s0,mnli@s0,scitail@s0,encoder.layer.9.attention.self.value,768,0.01657214721,76.02208788,0,0.01657214721,76.02208788
mnli@s0__scitail@s0,mnli@s0,scitail@s0,encoder.layer.9.intermediate.dense,3072,0.002319844752,85.27662695,0,0.002319844752,85.27662695
mnli@s0__scitail@s0,mnli@s0,scitail@s0,encoder.layer.9.output.dense,768,0.01595581805,77.38161328,0,0.01595581805,77.38161328
mnli@s0__scitail@s0,mnli@s0,scitail@s0,pooler.dense,768,0.05499850925,66.20512475,0,0.05499850925,66.20512475
mnli@s0__ag_news@s0,mnli@s0,ag_news@s0,encoder.layer.0.attention.output.dense,768,0.01801241891,76.15183624,0,0.01801241891,76.15183624
mnli@s0__ag_news@s0,mnli@s0,ag_news@s0,encoder.layer.0.attention.self.key,768,0.01392083473,78.83568124,0,0.01392083473,78.83568124
mnli@s0__ag_news@s0,mnli@s0,ag_news@s0,encoder.layer.0.attention.self.query,768,0.01296917836,78.94677157,0,0.01296917836,78.94677157
mnli@s0__ag_news@s0,mnli@s0,ag_news@s0,encoder.layer.0.attention.self.value,768,0.0181904703,75.90378064,0,0.0181904703,75.90378064
mnli@s0__ag_news@s0,mnli@s0,ag_news@s0,encoder.layer.0.intermediate.dense,3072,0.003070806311,84.18668126,0,0.003070806311,84.18668126
mnli@s0__ag_news@s0,mnli@s0,ag_news@s0,encoder.layer.0.output.dense,768,0.0110442567,78.76338992,0,0.0110442567,78.76338992
mnli@s0__ag_news@s0,mnli@s0,ag_news@s0,encoder.layer.1.attention.output.dense,768,0.01469968567,77.42548447,0,0.01469968567,77.42548447
mnli@s0__ag_news@s0,mnli@s0,ag_news@s0,encoder.layer.1.attention.self.key,768,0.01426084299,78.71723746,0,0.01426084299,78.71723746
mnli@s0__ag_news@s0,mnli@s0,ag_news@s0,encoder.layer.1.attention.self.query,768,0.0100433578,80.83184035,0,0.0100433578,80.83184035
mnli@s0__ag_news@s0,mnli@s0,ag_news@s0,encoder.layer.1.attention.self.value,768,0.02018033182,73.05972067,0,0.02018033182,73.05972067
mnli@s0__ag_news@s0,mnli@s0,ag_news@s0,encoder.layer.1.intermediate.dense,3072,0.002943591554,84.81929869,0,0.002943591554,84.81929869
mnli@s0__ag_news@s0,mnli@s0,ag_news@s0,encoder.layer.1.output.dense,768,0.008485243123,80.33589564,0,0.008485243123,80.33589564
mnli@s0__ag_news@s0,mnli@s0,ag_news@s0,encoder.layer.10.attention.output.dense,768,0.007823628739,81.27402409,0,0.007823628739,81.27402409
mnli@s0__ag_news@s0,mnli@s0,ag_news@s0,encoder.layer.10.attention.self.key,768,0.01472684415,76.77502833,0,0.01472684415,76.77502833
mnli@s0__ag_news@s0,mnli@s0,ag_news@s0,encoder.layer.10.attention.self.query,768,0.01774612327,77.34104025,0,0.01774612327,77.34104025
mnli@s0__ag_news@s0,mnli@s0,ag_news@s0,encoder.layer.10.attention.self.value,768,0.01357130138,78.13166603,0,0.01357130138,78.13166603
mnli@s0__ag_news@s0,mnli@s0,ag_news@s0,encoder.layer.10.intermediate.dense,3072,0.003335071248,83.05627586,0,0.003335071248,83.05627586
mnli@s0__ag_news@s0,mnli@s0,ag_news@s0,encoder.layer.10.output.dense,768,0.01599872815,78.30291504,0,0.01599872815,78.30291504
mnli@s0__ag_news@s0,mnli@s0,ag_news@s0,encoder.layer.11.attention.output.dense,768,0.01247779094,78.91593911,0,0.01247779094,78.91593911
mnli@s0__ag_news@s0,mnli@s0,ag_news@s0,encoder.layer.11.attention.self.key,768,0.02217680263,75.95671239,0,0.02217680263,75.95671239
mnli@s0__ag_news@s0,mnli@s0,ag_news@s0,encoder.layer.11.attention.self.query,768,0.0196844428,74.96552418,0,0.0196844428,74.96552418
mnli@s0__ag_news@s0,mnli@s0,ag_news@s0,encoder.layer.11.attention.self.value,768,0.02032622288,75.0793018,0,0.02032622288,75.0793018
mnli@s0__ag_news@s0,mnli@s0,ag_news@s0,encoder.layer.11.intermediate.dense,3072,0.009299273211,76.34728282,0,0.009299273211,76.34728282
mnli@s0__ag_news@s0,mnli@s0,ag_news@s0,encoder.layer.11.output.dense,768,0.04701234732,60.62907484,0,0.04701234732,60.62907484
mnli@s0__ag_news@s0,mnli@s0,ag_news@s0,encoder.layer.2.attention.output.dense,768,0.008094889718,81.46114711,0,0.008094889718,81.46114711
mnli@s0__ag_news@s0,mnli@s0,ag_news@s0,encoder.layer.2.attention.self.key,768,0.01342662992,77.04676555,0,0.01342662992,77.04676555
mnli@s0__ag_news@s0,mnli@s0,ag_news@s0,encoder.layer.2.attention.self.query,768,0.01404321359,78.55845142,0,0.01404321359,78.55845142
mnli@s0__ag_news@s0,mnli@s0,ag_news@s0,encoder.layer.2.attention.self.value,768,0.01059004045,79.72637493,0,0.01059004045,79.72637493
mnli@s0__ag_news@s0,mnli@s0,ag_news@s0,encoder.layer.2.intermediate.dense,3072,0.003084441567,84.55227308,0,0.003084441567,84.55227308
mnli@s0__ag_news@s0,mnli@s0,ag_news@s0,encoder.layer.2.output.dense,768,0.0120703894,79.1712338,0,0.0120703894,79.1712338
mnli@s0__ag_news@s0,mnli@s0,ag_news@s0,encoder.layer.3.attention.output.dense,768,0.01352703782,77.94746668,0,0.01352703782,77.94746668
mnli@s0__ag_news@s0,mnli@s0,ag_news@s0,encoder.layer.3.attention.self.key,768,0.01329402077,78.56888301,0,0.01329402077,78.56888301
mnli@s0__ag_news@s0,mnli@s0,ag_news@s0,encoder.layer.3.attention.self.query,768,0.01233083966,78.1797738,0,0.01233083966,78.1797738
mnli@s0__ag_news@s0,mnli@s0,ag_news@s0,encoder.layer.3.attention.self.value,768,0.01150648075,78.97643145,0,0.01150648075,78.97643145
mnli@s0__ag_news@s0,mnli@s0,ag_news@s0,encoder.layer.3.intermediate.dense,3072,0.002550832229,84.09998418,0,0.002550832229,84.09998418
mnli@s0__ag_news@s0,mnli@s0,ag_news@s0,encoder.layer.3.output.dense,768,0.008261992951,81.03459309,0,0.008261992951,81.03459309
mnli@s0__ag_news@s0,mnli@s0,ag_news@s0,encoder.layer.4.attention.output.dense,768,0.01035099347,79.2054534,0,0.01035099347,79.2054534
mnli@s0__ag_news@s0,mnli@s0,ag_news@s0,encoder.layer.4.attention.self.key,768,0.01581015798,77.5584027,0,0.01581015798,77.5584027
mnli@s0__ag_news@s0,mnli@s0,ag_news@s0,encoder.layer.4.attention.self.query,768,0.01252668969,80.04669187,0,0.01252668969,80.04669187
mnli@s0__ag_news@s0,mnli@s0,ag_news@s0,encoder.layer.4.attention.self.value,768,0.01007152387,80.48626542,0,0.01007152387,80.48626542
mnli@s0__ag_news@s0,mnli@s0,ag_news@s0,encoder.layer.4.intermediate.dense,3072,0.003119651706,84.58340418,0,0.003119651706,84.58340418
mnli@s0__ag_news@s0,mnli@s0,ag_news@s0,encoder.layer.4.output.dense,768,0.007755637161,80.98459131,0,0.007755637161,80.98459131
mnli@s0__ag_news@s0,mnli@s0,ag_news@s0,encoder.layer.5.attention.output.dense,768,0.01166435947,79.55649106,0,0.01166435947,79.55649106
mnli@s0__ag_news@s0,mnli@s0,ag_news@s0,encoder.layer.5.attention.self.key,768,0.01664639053,76.68335943,0,0.01664639053,76.68335943
mnli@s0__ag_news@s0,mnli@s0,ag_news@s0,encoder.layer.5.attention.self.query,768,0.01213894592,79.00775716,0,0.01213894592,79.00775716
mnli@s0__ag_news@s0,mnli@s0,ag_news@s0,encoder.layer.5.attention.self.value,768,0.01235862043,79.2214755,0,0.01235862043,79.2214755
mnli@s0__ag_news@s0,mnli@s0,ag_news@s0,encoder.layer.5.intermediate.dense,3072,0.003181826501,84.18952842,0,0.003181826501,84.18952842
mnli@s0__ag_news@s0,mnli@s0,ag_news@s0,encoder.layer.5.output.dense,768,0.01556882416,76.19508039,0,0.01556882416,76.19508039
mnli@s0__ag_news@s0,mnli@s0,ag_news@s0,encoder.layer.6.attention.output.dense,768,0.01268118668,78.43934054,0,0.01268118668,78.43934054
mnli@s0__ag_news@s0,mnli@s0,ag_news@s0,encoder.layer.6.attention.self.key,768,0.0141749438,78.20349044,0,0.0141749438,78.20349044
mnli@s0__ag_news@s0,mnli@s0,ag_news@s0,encoder.layer.6.attention.self.query,768,0.01186491109,79.4242309,0,0.01186491109,79.4242309
mnli@s0__ag_news@s0,mnli@s0,ag_news@s0,encoder.layer.6.attention.self.value,768,0.008398157503,79.61073035,0,0.008398157503,79.61073035
mnli@s0__ag_news@s0,mnli@s0,ag_news@s0,encoder.layer.6.intermediate.dense,3072,0.003780902943,83.53431175,0,0.003780902943,83.53431175
mnli@s0__ag_news@s0,mnli@s0,ag_news@s0,encoder.layer.6.output.dense,768,0.01056931043,79.69981181,0,0.01056931043,79.69981181
mnli@s0__ag_news@s0,mnli@s0,ag_news@s0,encoder.layer.7.attention.output.dense,768,0.0143070033,79.23859831,0,0.0143070033,79.23859831
mnli@s0__ag_news@s0,mnli@s0,ag_news@s0,encoder.layer.7.attention.self.key,768,0.01816248908,77.35112135,0,0.01816248908,77.35112135
mnli@s0__ag_news@s0,mnli@s0,ag_news@s0,encoder.layer.7.attention.self.query,768,0.01625090274,78.03768532,0,0.01625090274,78.03768532
mnli@s0__ag_news@s0,mnli@s0,ag_news@s0,encoder.layer.7.attention.self.value,768,0.0109446623,79.57038433,0,0.0109446623,79.57038433
mnli@s0__ag_news@s0,mnli@s0,ag_news@s0,encoder.layer.7.intermediate.dense,3072,0.002716521415,84.5898243,0,0.002716521415,84.5898243
mnli@s0__ag_news@s0,mnli@s0,ag_news@s0,encoder.layer.7.output.dense,768,0.01026210873,80.00793178,0,0.01026210873,80.00793178
mnli@s0__ag_news@s0,mnli@s0,ag_news@s0,encoder.layer.8.attention.output.dense,768,0.01081350013,78.88999907,0,0.01081350013,78.88999907
mnli@s0__ag_news@s0,mnli@s0,ag_news@s0,encoder.layer.8.attention.self.key,768,0.01358715998,79.57779704,0,0.01358715998,79.57779704
mnli@s0__ag_news@s0,mnli@s0,ag_news@s0,encoder.layer.8.attention.self.query,768,0.01269040423,78.75317382,0,0.01269040423,78.75317382
mnli@s0__ag_news@s0,mnli@s0,ag_news@s0,encoder.layer.8.attention.self.value,768,0.01044706867,79.80703523,0,0.01044706867,79.80703523
mnli@s0__ag_news@s0,mnli@s0,ag_news@s0,encoder.layer.8.intermediate.dense,3072,0.003667892691,83.6528211,0,0.003667892691,83.6528211
mnli@s0__ag_news@s0,mnli@s0,ag_news@s0,encoder.layer.8.output.dense,768,0.007515370854,81.71283264,0,0.007515370854,81.71283264
mnli@s0__ag_news@s0,mnli@s0,ag_news@s0,encoder.layer.9.attention.output.dense,768,0.01118364585,78.89655292,0,0.01118364585,78.89655292
mnli@s0__ag_news@s0,mnli@s0,ag_news@s0,encoder.layer.9.attention.self.key,768,0.01180680577,79.4546791,0,0.01180680577,79.4546791
mnli@s0__ag_news@s0,mnli@s0,ag_news@s0,encoder.layer.9.attention.self.query,768,0.01877003974,74.81353586,0,0.01877003974,74.81353586
mnli@s0__ag_news@s0,mnli@s0,ag_news@s0,encoder.layer.9.attention.self.value,768,0.01140359191,79.33650959,0,0.01140359191,79.33650959
mnli@s0__ag_news@s0,mnli@s0,ag_news@s0,encoder.layer.9.intermediate.dense,3072,0.002962760515,84.33909866,0,0.002962760515,84.33909866
mnli@s0__ag_news@s0,mnli@s0,ag_news@s0,encoder.layer.9.output.dense,768,0.01297755451,76.61746047,0,0.01297755451,76.61746047
mnli@s0__ag_news@s0,mnli@s0,ag_news@s0,pooler.dense,768,0.02930536804,70.25662416,0,0.02930536804,70.25662416
mnli@s0__imdb@s0,mnli@s0,imdb@s0,encoder.layer.0.attention.output.dense,768,0.01350289484,78.75983419,0,0.01350289484,78.75983419
mnli@s0__imdb@s0,mnli@s0,imdb@s0,encoder.layer.0.attention.self.key,768,0.01532722675,77.1643667,0,0.01532722675,77.1643667
mnli@s0__imdb@s0,mnli@s0,imdb@s0,encoder.layer.0.attention.self.query,768,0.01516962811,78.15726623,0,0.01516962811,78.15726623
mnli@s0__imdb@s0,mnli@s0,imdb@s0,encoder.layer.0.attention.self.value,768,0.01278320299,79.43608147,0,0.01278320299,79.43608147
mnli@s0__imdb@s0,mnli@s0,imdb@s0,encoder.layer.0.intermediate.dense,3072,0.002903464162,84.39388172,0,0.002903464162,84.39388172
mnli@s0__imdb@s0,mnli@s0,imdb@s0,encoder.layer.0.output.dense,768,0.01255252306,78.20112413,0,0.01255252306,78.20112413
mnli@s0__imdb@s0,mnli@s0,imdb@s0,encoder.layer.1.attention.output.dense,768,0.01288378994,78.74166076,0,0.01288378994,78.74166076
mnli@s0__imdb@s0,mnli@s0,imdb@s0,encoder.layer.1.attention.self.key,768,0.01197064578,78.57760607,0,0.01197064578,78.57760607
mnli@s0__imdb@s0,mnli@s0,imdb@s0,encoder.layer.1.attention.self.query,768,0.01623180945,75.96636765,0,0.01623180945,75.96636765
mnli@s0__imdb@s0,mnli@s0,imdb@s0,encoder.layer.1.attention.self.value,768,0.0238552712,73.66177316,0,0.0238552712,73.66177316
mnli@s0__imdb@s0,mnli@s0,imdb@s0,encoder.layer.1.intermediate.dense,3072,0.005032672015,83.02784088,0,0.005032672015,83.02784088
mnli@s0__imdb@s0,mnli@s0,imdb@s0,encoder.layer.1.output.dense,768,0.0110609927,78.54092217,0,0.0110609927,78.54092217
mnli@s0__imdb@s0,mnli@s0,imdb@s0,encoder.layer.10.attention.output.dense,768,0.02378736152,73.40226504,0,0.02378736152,73.40226504
mnli@s0__imdb@s0,mnli@s0,imdb@s0,encoder.layer.10.attention.self.key,768,0.02410716385,70.83815628,0,0.02410716385,70.83815628
mnli@s0__imdb@s0,mnli@s0,imdb@s0,encoder.layer.10.attention.self.query,768,0.01428646068,78.33074978,0,0.01428646068,78.33074978
mnli@s0__imdb@s0,mnli@s0,imdb@s0,encoder.layer.10.attention.self.value,768,0.01660445699,77.99956295,0,0.01660445699,77.99956295
mnli@s0__imdb@s0,mnli@s0,imdb@s0,encoder.layer.10.intermediate.dense,3072,0.005333890994,81.07749748,0,0.005333890994,81.07749748
mnli@s0__imdb@s0,mnli@s0,imdb@s0,encoder.layer.10.output.dense,768,0.01579929667,78.15090606,0,0.01579929667,78.15090606
mnli@s0__imdb@s0,mnli@s0,imdb@s0,encoder.layer.11.attention.output.dense,768,0.01586990796,76.05027267,0,0.01586990796,76.05027267
mnli@s0__imdb@s0,mnli@s0,imdb@s0,encoder.layer.11.attention.self.key,768,0.02034436379,76.67933321,0,0.02034436379,76.67933321
mnli@s0__imdb@s0,mnli@s0,imdb@s0,encoder.layer.11.attention.self.query,768,0.01506003241,77.26662383,0,0.01506003241,77.26662383
mnli@s0__imdb@s0,mnli@s0,imdb@s0,encoder.layer.11.attention.self.value,768,0.02607033137,70.37732266,0,0.02607033137,70.37732266
mnli@s0__imdb@s0,mnli@s0,imdb@s0,encoder.layer.11.intermediate.dense,3072,0.01011911984,75.91755554,0,0.01011911984,75.91755554
mnli@s0__imdb@s0,mnli@s0,imdb@s0,encoder.layer.11.output.dense,768,0.02333557919,70.9088283,0,0.02333557919,70.9088283
mnli@s0__imdb@s0,mnli@s0,imdb@s0,encoder.layer.2.attention.output.dense,768,0.007719793044,82.12737703,0,0.007719793044,82.12737703
mnli@s0__imdb@s0,mnli@s0,imdb@s0,encoder.layer.2.attention.self.key,768,0.0154539275,77.51571222,0,0.0154539275,77.51571222
mnli@s0__imdb@s0,mnli@s0,imdb@s0,encoder.layer.2.attention.self.query,768,0.01357120223,78.16787611,0,0.01357120223,78.16787611
mnli@s0__imdb@s0,mnli@s0,imdb@s0,encoder.layer.2.attention.self.value,768,0.01651085538,75.95609886,0,0.01651085538,75.95609886
mnli@s0__imdb@s0,mnli@s0,imdb@s0,encoder.layer.2.intermediate.dense,3072,0.002663172799,84.03655534,0,0.002663172799,84.03655534
mnli@s0__imdb@s0,mnli@s0,imdb@s0,encoder.layer.2.output.dense,768,0.01001746271,79.64059458,0,0.01001746271,79.64059458
mnli@s0__imdb@s0,mnli@s0,imdb@s0,encoder.layer.3.attention.output.dense,768,0.01202470038,79.9174222,0,0.01202470038,79.9174222
mnli@s0__imdb@s0,mnli@s0,imdb@s0,encoder.layer.3.attention.self.key,768,0.0159714901,76.88116555,0,0.0159714901,76.88116555
mnli@s0__imdb@s0,mnli@s0,imdb@s0,encoder.layer.3.attention.self.query,768,0.01224356183,77.88349701,0,0.01224356183,77.88349701
mnli@s0__imdb@s0,mnli@s0,imdb@s0,encoder.layer.3.attention.self.value,768,0.01201606224,78.29435789,0,0.01201606224,78.29435789
mnli@s0__imdb@s0,mnli@s0,imdb@s0,encoder.layer.3.intermediate.dense,3072,0.0027905804,84.49855047,0,0.0027905804,84.49855047
mnli@s0__imdb@s0,mnli@s0,imdb@s0,encoder.layer.3.output.dense,768,0.01553906197,76.5511363,0,0.01553906197,76.5511363
mnli@s0__imdb@s0,mnli@s0,imdb@s0,encoder.layer.4.attention.output.dense,768,0.01354972837,77.26104175,0,0.01354972837,77.26104175
mnli@s0__imdb@s0,mnli@s0,imdb@s0,encoder.layer.4.attention.self.key,768,0.014519085,78.31720865,0,0.014519085,78.31720865
mnli@s0__imdb@s0,mnli@s0,imdb@s0,encoder.layer.4.attention.self.query,768,0.01598517807,74.32270645,0,0.01598517807,74.32270645
mnli@s0__imdb@s0,mnli@s0,imdb@s0,encoder.layer.4.attention.self.value,768,0.01453865412,79.08477043,0,0.01453865412,79.08477043
mnli@s0__imdb@s0,mnli@s0,imdb@s0,encoder.layer.4.intermediate.dense,3072,0.004203999343,82.86091732,0,0.004203999343,82.86091732
mnli@s0__imdb@s0,mnli@s0,imdb@s0,encoder.layer.4.output.dense,768,0.01069098626,79.30466799,0,0.01069098626,79.30466799
mnli@s0__imdb@s0,mnli@s0,imdb@s0,encoder.layer.5.attention.output.dense,768,0.01194267276,77.56449693,0,0.01194267276,77.56449693
mnli@s0__imdb@s0,mnli@s0,imdb@s0,encoder.layer.5.attention.self.key,768,0.01318130101,78.02001365,0,0.01318130101,78.02001365
mnli@s0__imdb@s0,mnli@s0,imdb@s0,encoder.layer.5.attention.self.query,768,0.01387090569,78.53903229,0,0.01387090569,78.53903229
mnli@s0__imdb@s0,mnli@s0,imdb@s0,encoder.layer.5.attention.self.value,768,0.01593938892,77.93007271,0,0.01593938892,77.93007271
mnli@s0__imdb@s0,mnli@s0,imdb@s0,encoder.layer.5.intermediate.dense,3072,0.003494609865,83.84202842,0,0.003494609865,83.84202842
mnli@s0__imdb@s0,mnli@s0,imdb@s0,encoder.layer.5.output.dense,768,0.01323958277,78.74765105,0,0.01323958277,78.74765105
mnli@s0__imdb@s0,mnli@s0,imdb@s0,encoder.layer.6.attention.output.dense,768,0.01061757511,79.42410451,0,0.01061757511,79.42410451
mnli@s0__imdb@s0,mnli@s0,imdb@s0,encoder.layer.6.attention.self.key,768,0.01452401548,79.12696046,0,0.01452401548,79.12696046
mnli@s0__imdb@s0,mnli@s0,imdb@s0,encoder.layer.6.attention.self.query,768,0.01155026012,78.880397,0,0.01155026012,78.880397
mnli@s0__imdb@s0,mnli@s0,imdb@s0,encoder.layer.6.attention.self.value,768,0.01355394878,77.26042671,0,0.01355394878,77.26042671
mnli@s0__imdb@s0,mnli@s0,imdb@s0,encoder.layer.6.intermediate.dense,3072,0.003514117812,83.41777504,0,0.003514117812,83.41777504
mnli@s0__imdb@s0,mnli@s0,imdb@s0,encoder.layer.6.output.dense,768,0.01012816267,80.23509648,0,0.01012816267,80.23509648
mnli@s0__imdb@s0,mnli@s0,imdb@s0,encoder.layer.7.attention.output.dense,768,0.01547747177,77.93543248,0,0.01547747177,77.93543248
mnli@s0__imdb@s0,mnli@s0,imdb@s0,encoder.layer.7.attention.self.key,768,0.01685740726,77.54987536,0,0.01685740726,77.54987536
mnli@s0__imdb@s0,mnli@s0,imdb@s0,encoder.layer.7.attention.self.query,768,0.01722903336,76.71338087,0,0.01722903336,76.71338087
mnli@s0__imdb@s0,mnli@s0,imdb@s0,encoder.layer.7.attention.self.value,768,0.01311120987,78.77926762,0,0.01311120987,78.77926762
mnli@s0__imdb@s0,mnli@s0,imdb@s0,encoder.layer.7.intermediate.dense,3072,0.003443556333,83.88656648,0,0.003443556333,83.88656648
mnli@s0__imdb@s0,mnli@s0,imdb@s0,encoder.layer.7.output.dense,768,0.01263377223,78.01341771,0,0.01263377223,78.01341771
mnli@s0__imdb@s0,mnli@s0,imdb@s0,encoder.layer.8.attention.output.dense,768,0.02038983676,76.73033434,0,0.02038983676,76.73033434
mnli@s0__imdb@s0,mnli@s0,imdb@s0,encoder.layer.8.attention.self.key,768,0.01387090632,78.32921914,0,0.01387090632,78.32921914
mnli@s0__imdb@s0,mnli@s0,imdb@s0,encoder.layer.8.attention.self.query,768,0.01583979889,77.45408557,0,0.01583979889,77.45408557
mnli@s0__imdb@s0,mnli@s0,imdb@s0,encoder.layer.8.attention.self.value,768,0.01234016909,78.71945262,0,0.01234016909,78.71945262
mnli@s0__imdb@s0,mnli@s0,imdb@s0,encoder.layer.8.intermediate.dense,3072,0.003789791744,83.28474147,0,0.003789791744,83.28474147
mnli@s0__imdb@s0,mnli@s0,imdb@s0,encoder.layer.8.output.dense,768,0.01168123334,78.07935967,0,0.01168123334,78.07935967
mnli@s0__imdb@s0,mnli@s0,imdb@s0,encoder.layer.9.attention.output.dense,768,0.02093427865,76.52231307,0,0.02093427865,76.52231307
mnli@s0__imdb@s0,mnli@s0,imdb@s0,encoder.layer.9.attention.self.key,768,0.01365728741,79.2782513,0,0.01365728741,79.2782513
mnli@s0__imdb@s0,mnli@s0,imdb@s0,encoder.layer.9.attention.self.query,768,0.01356674652,78.08288899,0,0.01356674652,78.08288899
mnli@s0__imdb@s0,mnli@s0,imdb@s0,encoder.layer.9.attention.self.value,768,0.01348110054,79.46301289,0,0.01348110054,79.46301289
mnli@s0__imdb@s0,mnli@s0,imdb@s0,encoder.layer.9.intermediate.dense,3072,0.00318629286,84.0411919,0,0.00318629286,84.0411919
mnli@s0__imdb@s0,mnli@s0,imdb@s0,encoder.layer.9.output.dense,768,0.01473232195,78.12543894,0,0.01473232195,78.12543894
mnli@s0__imdb@s0,mnli@s0,imdb@s0,pooler.dense,768,0.05234252979,65.19762708,0,0.05234252979,65.19762708
mnli@s0__trec@s0,mnli@s0,trec@s0,encoder.layer.0.attention.output.dense,768,0.01669194158,75.92457881,0,0.01669194158,75.92457881
mnli@s0__trec@s0,mnli@s0,trec@s0,encoder.layer.0.attention.self.key,768,0.01660779535,77.39763103,0,0.01660779535,77.39763103
mnli@s0__trec@s0,mnli@s0,trec@s0,encoder.layer.0.attention.self.query,768,0.01584586524,77.23325896,0,0.01584586524,77.23325896
mnli@s0__trec@s0,mnli@s0,trec@s0,encoder.layer.0.attention.self.value,768,0.01411850998,77.65765791,0,0.01411850998,77.65765791
mnli@s0__trec@s0,mnli@s0,trec@s0,encoder.layer.0.intermediate.dense,3072,0.002553507693,85.12325633,0,0.002553507693,85.12325633
mnli@s0__trec@s0,mnli@s0,trec@s0,encoder.layer.0.output.dense,768,0.01057437737,79.65500728,0,0.01057437737,79.65500728
mnli@s0__trec@s0,mnli@s0,trec@s0,encoder.layer.1.attention.output.dense,768,0.01466249168,77.12974713,0,0.01466249168,77.12974713
mnli@s0__trec@s0,mnli@s0,trec@s0,encoder.layer.1.attention.self.key,768,0.01258904274,79.13743769,0,0.01258904274,79.13743769
mnli@s0__trec@s0,mnli@s0,trec@s0,encoder.layer.1.attention.self.query,768,0.01350377631,77.78823078,0,0.01350377631,77.78823078
mnli@s0__trec@s0,mnli@s0,trec@s0,encoder.layer.1.attention.self.value,768,0.01437772117,78.97528004,0,0.01437772117,78.97528004
mnli@s0__trec@s0,mnli@s0,trec@s0,encoder.layer.1.intermediate.dense,3072,0.003004487449,84.10577439,0,0.003004487449,84.10577439
mnli@s0__trec@s0,mnli@s0,trec@s0,encoder.layer.1.output.dense,768,0.009623818477,81.07242028,0,0.009623818477,81.07242028
mnli@s0__trec@s0,mnli@s0,trec@s0,encoder.layer.10.attention.output.dense,768,0.01993308214,73.73599883,0,0.01993308214,73.73599883
mnli@s0__trec@s0,mnli@s0,trec@s0,encoder.layer.10.attention.self.key,768,0.01509521836,76.7244439,0,0.01509521836,76.7244439
mnli@s0__trec@s0,mnli@s0,trec@s0,encoder.layer.10.attention.self.query,768,0.01456431998,78.9412273,0,0.01456431998,78.9412273
mnli@s0__trec@s0,mnli@s0,trec@s0,encoder.layer.10.attention.self.value,768,0.01326369938,77.86382985,0,0.01326369938,77.86382985
mnli@s0__trec@s0,mnli@s0,trec@s0,encoder.layer.10.intermediate.dense,3072,0.002477204255,85.10981328,0,0.002477204255,85.10981328
mnli@s0__trec@s0,mnli@s0,trec@s0,encoder.layer.10.output.dense,768,0.01312464639,79.61938159,0,0.01312464639,79.61938159
mnli@s0__trec@s0,mnli@s0,trec@s0,encoder.layer.11.attention.output.dense,768,0.01728812986,76.53972786,0,0.01728812986,76.53972786
mnli@s0__trec@s0,mnli@s0,trec@s0,encoder.layer.11.attention.self.key,768,0.01677504767,78.40807519,0,0.01677504767,78.40807519
mnli@s0__trec@s0,mnli@s0,trec@s0,encoder.layer.11.attention.self.query,768,0.01707483695,77.41829686,0,0.01707483695,77.41829686
mnli@s0__trec@s0,mnli@s0,trec@s0,encoder.layer.11.attention.self.value,768,0.01885693434,76.10107536,0,0.01885693434,76.10107536
mnli@s0__trec@s0,mnli@s0,trec@s0,encoder.layer.11.intermediate.dense,3072,0.007348516837,78.81585407,0,0.007348516837,78.81585407
mnli@s0__trec@s0,mnli@s0,trec@s0,encoder.layer.11.output.dense,768,0.02335719585,72.59349972,0,0.02335719585,72.59349972
mnli@s0__trec@s0,mnli@s0,trec@s0,encoder.layer.2.attention.output.dense,768,0.01248753968,79.63690532,0,0.01248753968,79.63690532
mnli@s0__trec@s0,mnli@s0,trec@s0,encoder.layer.2.attention.self.key,768,0.01354448515,80.49303599,0,0.01354448515,80.49303599
mnli@s0__trec@s0,mnli@s0,trec@s0,encoder.layer.2.attention.self.query,768,0.0150744177,78.49587054,0,0.0150744177,78.49587054
mnli@s0__trec@s0,mnli@s0,trec@s0,encoder.layer.2.attention.self.value,768,0.01024100989,79.94324677,0,0.01024100989,79.94324677
mnli@s0__trec@s0,mnli@s0,trec@s0,encoder.layer.2.intermediate.dense,3072,0.00366333657,82.88978508,0,0.00366333657,82.88978508
mnli@s0__trec@s0,mnli@s0,trec@s0,encoder.layer.2.output.dense,768,0.007505957308,81.33630185,0,0.007505957308,81.33630185
mnli@s0__trec@s0,mnli@s0,trec@s0,encoder.layer.3.attention.output.dense,768,0.01640651511,75.91220543,0,0.01640651511,75.91220543
mnli@s0__trec@s0,mnli@s0,trec@s0,encoder.layer.3.attention.self.key,768,0.01254053376,78.55000969,0,0.01254053376,78.55000969
mnli@s0__trec@s0,mnli@s0,trec@s0,encoder.layer.3.attention.self.query,768,0.01619793176,77.36300989,0,0.01619793176,77.36300989
mnli@s0__trec@s0,mnli@s0,trec@s0,encoder.layer.3.attention.self.value,768,0.01140133709,79.49690364,0,0.01140133709,79.49690364
mnli@s0__trec@s0,mnli@s0,trec@s0,encoder.layer.3.intermediate.dense,3072,0.003058888757,84.40642045,0,0.003058888757,84.40642045
mnli@s0__trec@s0,mnli@s0,trec@s0,encoder.layer.3.output.dense,768,0.01396508906,78.48676176,0,0.01396508906,78.48676176
mnli@s0__trec@s0,mnli@s0,trec@s0,encoder.layer.4.attention.output.dense,768,0.01046938799,79.06854841,0,0.01046938799,79.06854841
mnli@s0__trec@s0,mnli@s0,trec@s0,encoder.layer.4.attention.self.key,768,0.01193365525,79.63319459,0,0.01193365525,79.63319459
mnli@s0__trec@s0,mnli@s0,trec@s0,encoder.layer.4.attention.self.query,768,0.0123329549,79.15419863,0,0.0123329549,79.15419863
mnli@s0__trec@s0,mnli@s0,trec@s0,encoder.layer.4.attention.self.value,768,0.009679919404,79.94985742,0,0.009679919404,79.94985742
mnli@s0__trec@s0,mnli@s0,trec@s0,encoder.layer.4.intermediate.dense,3072,0.002518229289,84.87562921,0,0.002518229289,84.87562921
mnli@s0__trec@s0,mnli@s0,trec@s0,encoder.layer.4.output.dense,768,0.008743568816,80.75204471,0,0.008743568816,80.75204471
mnli@s0__trec@s0,mnli@s0,trec@s0,encoder.layer.5.attention.output.dense,768,0.0125032979,77.01513347,0,0.0125032979,77.01513347
mnli@s0__trec@s0,mnli@s0,trec@s0,encoder.layer.5.attention.self.key,768,0.01248431492,79.61868738,0,0.01248431492,79.61868738
mnli@s0__trec@s0,mnli@s0,trec@s0,encoder.layer.5.attention.self.query,768,0.01307469088,78.99807101,0,0.01307469088,78.99807101
mnli@s0__trec@s0,mnli@s0,trec@s0,encoder.layer.5.attention.self.value,768,0.01403270315,79.02244467,0,0.01403270315,79.02244467
mnli@s0__trec@s0,mnli@s0,trec@s0,encoder.layer.5.intermediate.dense,3072,0.00304881234,84.45698014,0,0.00304881234,84.45698014
mnli@s0__trec@s0,mnli@s0,trec@s0,encoder.layer.5.output.dense,768,0.01067505596,79.17182256,0,0.01067505596,79.17182256
mnli@s0__trec@s0,mnli@s0,trec@s0,encoder.layer.6.attention.output.dense,768,0.008766567669,80.53944376,0,0.008766567669,80.53944376
mnli@s0__trec@s0,mnli@s0,trec@s0,encoder.layer.6.attention.self.key,768,0.01418988545,78.97923019,0,0.01418988545,78.97923019
mnli@s0__trec@s0,mnli@s0,trec@s0,encoder.layer.6.attention.self.query,768,0.01595220745,77.16042744,0,0.01595220745,77.16042744
mnli@s0__trec@s0,mnli@s0,trec@s0,encoder.layer.6.attention.self.value,768,0.01183048504,78.52102852,0,0.01183048504,78.52102852
mnli@s0__trec@s0,mnli@s0,trec@s0,encoder.layer.6.intermediate.dense,3072,0.002862881444,84.19984503,0,0.002862881444,84.19984503
mnli@s0__trec@s0,mnli@s0,trec@s0,encoder.layer.6.output.dense,768,0.01106610119,80.18947445,0,0.01106610119,80.18947445
mnli@s0__trec@s0,mnli@s0,trec@s0,encoder.layer.7.attention.output.dense,768,0.01169456661,79.59795693,0,0.01169456661,79.59795693
mnli@s0__trec@s0,mnli@s0,trec@s0,encoder.layer.7.attention.self.key,768,0.01258680101,78.81662681,0,0.01258680101,78.81662681
mnli@s0__trec@s0,mnli@s0,trec@s0,encoder.layer.7.attention.self.query,768,0.01634287406,77.98268651,0,0.01634287406,77.98268651
mnli@s0__trec@s0,mnli@s0,trec@s0,encoder.layer.7.attention.self.value,768,0.008697337408,80.94630727,0,0.008697337408,80.94630727
mnli@s0__trec@s0,mnli@s0,trec@s0,encoder.layer.7.intermediate.dense,3072,0.002114427178,85.87443017,0,0.002114427178,85.87443017
mnli@s0__trec@s0,mnli@s0,trec@s0,encoder.layer.7.output.dense,768,0.01396851448,78.04603209,0,0.01396851448,78.04603209
mnli@s0__trec@s0,mnli@s0,trec@s0,encoder.layer.8.attention.output.dense,768,0.01619430022,76.85660582,0,0.01619430022,76.85660582
mnli@s0__trec@s0,mnli@s0,trec@s0,encoder.layer.8.attention.self.key,768,0.01629295459,78.18119292,0,0.01629295459,78.18119292
mnli@s0__trec@s0,mnli@s0,trec@s0,encoder.layer.8.attention.self.query,768,0.01794836763,76.19489817,0,0.01794836763,76.19489817
mnli@s0__trec@s0,mnli@s0,trec@s0,encoder.layer.8.attention.self.value,768,0.01096771834,78.76525171,0,0.01096771834,78.76525171
mnli@s0__trec@s0,mnli@s0,trec@s0,encoder.layer.8.intermediate.dense,3072,0.002920797893,84.13357226,0,0.002920797893,84.13357226
mnli@s0__trec@s0,mnli@s0,trec@s0,encoder.layer.8.output.dense,768,0.01516178108,78.48737411,0,0.01516178108,78.48737411
mnli@s0__trec@s0,mnli@s0,trec@s0,encoder.layer.9.attention.output.dense,768,0.0141954042,79.10200373,0,0.0141954042,79.10200373
mnli@s0__trec@s0,mnli@s0,trec@s0,encoder.layer.9.attention.self.key,768,0.01876039313,74.25585371,0,0.01876039313,74.25585371
mnli@s0__trec@s0,mnli@s0,trec@s0,encoder.layer.9.attention.self.query,768,0.01149100107,78.54650508,0,0.01149100107,78.54650508
mnli@s0__trec@s0,mnli@s0,trec@s0,encoder.layer.9.attention.self.value,768,0.01438353756,76.26098593,0,0.01438353756,76.26098593
mnli@s0__trec@s0,mnli@s0,trec@s0,encoder.layer.9.intermediate.dense,3072,0.003347356376,84.66159144,0,0.003347356376,84.66159144
mnli@s0__trec@s0,mnli@s0,trec@s0,encoder.layer.9.output.dense,768,0.01135643073,78.04989484,0,0.01135643073,78.04989484
mnli@s0__trec@s0,mnli@s0,trec@s0,pooler.dense,768,0.03045716606,70.35810188,0,0.03045716606,70.35810188
mnli@s0__yelp_polarity@s0,mnli@s0,yelp_polarity@s0,encoder.layer.0.attention.output.dense,768,0.01359746372,77.95752186,0,0.01359746372,77.95752186
mnli@s0__yelp_polarity@s0,mnli@s0,yelp_polarity@s0,encoder.layer.0.attention.self.key,768,0.0152766072,77.70523378,0,0.0152766072,77.70523378
mnli@s0__yelp_polarity@s0,mnli@s0,yelp_polarity@s0,encoder.layer.0.attention.self.query,768,0.01609200107,76.36242992,0,0.01609200107,76.36242992
mnli@s0__yelp_polarity@s0,mnli@s0,yelp_polarity@s0,encoder.layer.0.attention.self.value,768,0.01497027412,76.08203837,0,0.01497027412,76.08203837
mnli@s0__yelp_polarity@s0,mnli@s0,yelp_polarity@s0,encoder.layer.0.intermediate.dense,3072,0.002439636761,85.36256161,0,0.002439636761,85.36256161
mnli@s0__yelp_polarity@s0,mnli@s0,yelp_polarity@s0,encoder.layer.0.output.dense,768,0.0215478216,73.23796498,0,0.0215478216,73.23796498
mnli@s0__yelp_polarity@s0,mnli@s0,yelp_polarity@s0,encoder.layer.1.attention.output.dense,768,0.01071761295,79.5391812,0,0.01071761295,79.5391812
mnli@s0__yelp_polarity@s0,mnli@s0,yelp_polarity@s0,encoder.layer.1.attention.self.key,768,0.01271334827,79.26270249,0,0.01271334827,79.26270249
mnli@s0__yelp_polarity@s0,mnli@s0,yelp_polarity@s0,encoder.layer.1.attention.self.query,768,0.01360860977,77.99459589,0,0.01360860977,77.99459589
mnli@s0__yelp_polarity@s0,mnli@s0,yelp_polarity@s0,encoder.layer.1.attention.self.value,768,0.01468949829,77.15544696,0,0.01468949829,77.15544696
mnli@s0__yelp_polarity@s0,mnli@s0,yelp_polarity@s0,encoder.layer.1.intermediate.dense,3072,0.002766243971,84.97304882,0,0.002766243971,84.97304882
mnli@s0__yelp_polarity@s0,mnli@s0,yelp_polarity@s0,encoder.layer.1.output.dense,768,0.008960109071,79.48288994,0,0.008960109071,79.48288994
mnli@s0__yelp_polarity@s0,mnli@s0,yelp_polarity@s0,encoder.layer.10.attention.output.dense,768,0.01503488938,76.36101135,0,0.01503488938,76.36101135
mnli@s0__yelp_polarity@s0,mnli@s0,yelp_polarity@s0,encoder.layer.10.attention.self.key,768,0.01702136764,76.11947934,0,0.01702136764,76.11947934
mnli@s0__yelp_polarity@s0,mnli@s0,yelp_polarity@s0,encoder.layer.10.attention.self.query,768,0.01730529786,77.52027901,0,0.01730529786,77.52027901
mnli@s0__yelp_polarity@s0,mnli@s0,yelp_polarity@s0,encoder.layer.10.attention.self.value,768,0.0191003885,75.51327157,0,0.0191003885,75.51327157
mnli@s0__yelp_polarity@s0,mnli@s0,yelp_polarity@s0,encoder.layer.10.intermediate.dense,3072,0.00399958238,83.30569225,0,0.00399958238,83.30569225
mnli@s0__yelp_polarity@s0,mnli@s0,yelp_polarity@s0,encoder.layer.10.output.dense,768,0.01210523054,79.39308179,0,0.01210523054,79.39308179
mnli@s0__yelp_polarity@s0,mnli@s0,yelp_polarity@s0,encoder.layer.11.attention.output.dense,768,0.01370496974,77.16882437,0,0.01370496974,77.16882437
mnli@s0__yelp_polarity@s0,mnli@s0,yelp_polarity@s0,encoder.layer.11.attention.self.key,768,0.01384499376,78.90532827,0,0.01384499376,78.90532827
mnli@s0__yelp_polarity@s0,mnli@s0,yelp_polarity@s0,encoder.layer.11.attention.self.query,768,0.01696374992,75.34427777,0,0.01696374992,75.34427777
mnli@s0__yelp_polarity@s0,mnli@s0,yelp_polarity@s0,encoder.layer.11.attention.self.value,768,0.02786567722,70.89128024,0,0.02786567722,70.89128024
mnli@s0__yelp_polarity@s0,mnli@s0,yelp_polarity@s0,encoder.layer.11.intermediate.dense,3072,0.01575200975,72.15451266,0,0.01575200975,72.15451266
mnli@s0__yelp_polarity@s0,mnli@s0,yelp_polarity@s0,encoder.layer.11.output.dense,768,0.01742854228,74.78552171,0,0.01742854228,74.78552171
mnli@s0__yelp_polarity@s0,mnli@s0,yelp_polarity@s0,encoder.layer.2.attention.output.dense,768,0.01515921262,78.12260076,0,0.01515921262,78.12260076
mnli@s0__yelp_polarity@s0,mnli@s0,yelp_polarity@s0,encoder.layer.2.attention.self.key,768,0.0167648159,77.13969785,0,0.0167648159,77.13969785
mnli@s0__yelp_polarity@s0,mnli@s0,yelp_polarity@s0,encoder.layer.2.attention.self.query,768,0.01093581988,80.2458209,0,0.01093581988,80.2458209
mnli@s0__yelp_polarity@s0,mnli@s0,yelp_polarity@s0,encoder.layer.2.attention.self.value,768,0.0117215917,78.83247011,0,0.0117215917,78.83247011
mnli@s0__yelp_polarity@s0,mnli@s0,yelp_polarity@s0,encoder.layer.2.intermediate.dense,3072,0.003651356964,83.67569462,0,0.003651356964,83.67569462
mnli@s0__yelp_polarity@s0,mnli@s0,yelp_polarity@s0,encoder.layer.2.output.dense,768,0.01088299567,78.66975733,0,0.01088299567,78.66975733
mnli@s0__yelp_polarity@s0,mnli@s0,yelp_polarity@s0,encoder.layer.3.attention.output.dense,768,0.01641167101,77.6539768,0,0.01641167101,77.6539768
mnli@s0__yelp_polarity@s0,mnli@s0,yelp_polarity@s0,encoder.layer.3.attention.self.key,768,0.01246062904,79.4564323,0,0.01246062904,79.4564323
mnli@s0__yelp_polarity@s0,mnli@s0,yelp_polarity@s0,encoder.layer.3.attention.self.query,768,0.01499087164,76.42050282,0,0.01499087164,76.42050282
mnli@s0__yelp_polarity@s0,mnli@s0,yelp_polarity@s0,encoder.layer.3.attention.self.value,768,0.01395369352,77.37145499,0,0.01395369352,77.37145499
mnli@s0__yelp_polarity@s0,mnli@s0,yelp_polarity@s0,encoder.layer.3.intermediate.dense,3072,0.002375392267,85.24236591,0,0.002375392267,85.24236591
mnli@s0__yelp_polarity@s0,mnli@s0,yelp_polarity@s0,encoder.layer.3.output.dense,768,0.01307175416,77.357507,0,0.01307175416,77.357507
mnli@s0__yelp_polarity@s0,mnli@s0,yelp_polarity@s0,encoder.layer.4.attention.output.dense,768,0.01761083158,74.83914479,0,0.01761083158,74.83914479
mnli@s0__yelp_polarity@s0,mnli@s0,yelp_polarity@s0,encoder.layer.4.attention.self.key,768,0.01666329243,76.57142683,0,0.01666329243,76.57142683
mnli@s0__yelp_polarity@s0,mnli@s0,yelp_polarity@s0,encoder.layer.4.attention.self.query,768,0.0115082149,80.20586444,0,0.0115082149,80.20586444
mnli@s0__yelp_polarity@s0,mnli@s0,yelp_polarity@s0,encoder.layer.4.attention.self.value,768,0.01556739684,77.18828297,0,0.01556739684,77.18828297
mnli@s0__yelp_polarity@s0,mnli@s0,yelp_polarity@s0,encoder.layer.4.intermediate.dense,3072,0.005479074537,81.6581286,0,0.005479074537,81.6581286
mnli@s0__yelp_polarity@s0,mnli@s0,yelp_polarity@s0,encoder.layer.4.output.dense,768,0.01563620919,77.279644,0,0.01563620919,77.279644
mnli@s0__yelp_polarity@s0,mnli@s0,yelp_polarity@s0,encoder.layer.5.attention.output.dense,768,0.01184728746,78.12825218,0,0.01184728746,78.12825218
mnli@s0__yelp_polarity@s0,mnli@s0,yelp_polarity@s0,encoder.layer.5.attention.self.key,768,0.01763884317,77.13122278,0,0.01763884317,77.13122278
mnli@s0__yelp_polarity@s0,mnli@s0,yelp_polarity@s0,encoder.layer.5.attention.self.query,768,0.01472986185,77.83310642,0,0.01472986185,77.83310642
mnli@s0__yelp_polarity@s0,mnli@s0,yelp_polarity@s0,encoder.layer.5.attention.self.value,768,0.01220155879,79.06738259,0,0.01220155879,79.06738259
mnli@s0__yelp_polarity@s0,mnli@s0,yelp_polarity@s0,encoder.layer.5.intermediate.dense,3072,0.004416499018,82.78812064,0,0.004416499018,82.78812064
mnli@s0__yelp_polarity@s0,mnli@s0,yelp_polarity@s0,encoder.layer.5.output.dense,768,0.01130584548,79.78231376,0,0.01130584548,79.78231376
mnli@s0__yelp_polarity@s0,mnli@s0,yelp_polarity@s0,encoder.layer.6.attention.output.dense,768,0.00972994954,81.31720197,0,0.00972994954,81.31720197
mnli@s0__yelp_polarity@s0,mnli@s0,yelp_polarity@s0,encoder.layer.6.attention.self.key,768,0.01681255231,76.61954626,0,0.01681255231,76.61954626
mnli@s0__yelp_polarity@s0,mnli@s0,yelp_polarity@s0,encoder.layer.6.attention.self.query,768,0.01552967331,76.99781257,0,0.01552967331,76.99781257
mnli@s0__yelp_polarity@s0,mnli@s0,yelp_polarity@s0,encoder.layer.6.attention.self.value,768,0.01304797523,78.40087274,0,0.01304797523,78.40087274
mnli@s0__yelp_polarity@s0,mnli@s0,yelp_polarity@s0,encoder.layer.6.intermediate.dense,3072,0.002857260295,84.28551616,0,0.002857260295,84.28551616
mnli@s0__yelp_polarity@s0,mnli@s0,yelp_polarity@s0,encoder.layer.6.output.dense,768,0.01216631002,78.52293695,0,0.01216631002,78.52293695
mnli@s0__yelp_polarity@s0,mnli@s0,yelp_polarity@s0,encoder.layer.7.attention.output.dense,768,0.01315692299,79.32804404,0,0.01315692299,79.32804404
mnli@s0__yelp_polarity@s0,mnli@s0,yelp_polarity@s0,encoder.layer.7.attention.self.key,768,0.01455987202,77.56049986,0,0.01455987202,77.56049986
mnli@s0__yelp_polarity@s0,mnli@s0,yelp_polarity@s0,encoder.layer.7.attention.self.query,768,0.01648864923,77.18907406,0,0.01648864923,77.18907406
mnli@s0__yelp_polarity@s0,mnli@s0,yelp_polarity@s0,encoder.layer.7.attention.self.value,768,0.01204523921,79.48590662,0,0.01204523921,79.48590662
mnli@s0__yelp_polarity@s0,mnli@s0,yelp_polarity@s0,encoder.layer.7.intermediate.dense,3072,0.004279778552,82.58308739,0,0.004279778552,82.58308739
mnli@s0__yelp_polarity@s0,mnli@s0,yelp_polarity@s0,encoder.layer.7.output.dense,768,0.01295065479,78.83524515,0,0.01295065479,78.83524515
mnli@s0__yelp_polarity@s0,mnli@s0,yelp_polarity@s0,encoder.layer.8.attention.output.dense,768,0.01776599214,74.0289389,0,0.01776599214,74.0289389
mnli@s0__yelp_polarity@s0,mnli@s0,yelp_polarity@s0,encoder.layer.8.attention.self.key,768,0.015422712,77.61388899,0,0.015422712,77.61388899
mnli@s0__yelp_polarity@s0,mnli@s0,yelp_polarity@s0,encoder.layer.8.attention.self.query,768,0.01781777164,75.40365072,0,0.01781777164,75.40365072
mnli@s0__yelp_polarity@s0,mnli@s0,yelp_polarity@s0,encoder.layer.8.attention.self.value,768,0.01364510527,77.76084072,0,0.01364510527,77.76084072
mnli@s0__yelp_polarity@s0,mnli@s0,yelp_polarity@s0,encoder.layer.8.intermediate.dense,3072,0.004462921274,83.29771988,0,0.004462921274,83.29771988
mnli@s0__yelp_polarity@s0,mnli@s0,yelp_polarity@s0,encoder.layer.8.output.dense,768,0.01434021526,78.99737847,0,0.01434021526,78.99737847
mnli@s0__yelp_polarity@s0,mnli@s0,yelp_polarity@s0,encoder.layer.9.attention.output.dense,768,0.01685222714,75.66311341,0,0.01685222714,75.66311341
mnli@s0__yelp_polarity@s0,mnli@s0,yelp_polarity@s0,encoder.layer.9.attention.self.key,768,0.01315983701,78.75184498,0,0.01315983701,78.75184498
mnli@s0__yelp_polarity@s0,mnli@s0,yelp_polarity@s0,encoder.layer.9.attention.self.query,768,0.0128925936,77.84239839,0,0.0128925936,77.84239839
mnli@s0__yelp_polarity@s0,mnli@s0,yelp_polarity@s0,encoder.layer.9.attention.self.value,768,0.01372922087,79.05050365,0,0.01372922087,79.05050365
mnli@s0__yelp_polarity@s0,mnli@s0,yelp_polarity@s0,encoder.layer.9.intermediate.dense,3072,0.003174530437,83.35460519,0,0.003174530437,83.35460519
mnli@s0__yelp_polarity@s0,mnli@s0,yelp_polarity@s0,encoder.layer.9.output.dense,768,0.009761054044,80.74012326,0,0.009761054044,80.74012326
mnli@s0__yelp_polarity@s0,mnli@s0,yelp_polarity@s0,pooler.dense,768,0.06092809516,59.38152775,0,0.06092809516,59.38152775
qnli@s0__rte@s0,qnli@s0,rte@s0,encoder.layer.0.attention.output.dense,768,0.0157610801,78.32792764,0,0.0157610801,78.32792764
qnli@s0__rte@s0,qnli@s0,rte@s0,encoder.layer.0.attention.self.key,768,0.01814723909,77.74567929,0,0.01814723909,77.74567929
qnli@s0__rte@s0,qnli@s0,rte@s0,encoder.layer.0.attention.self.query,768,0.01884919964,75.71258608,0,0.01884919964,75.71258608
qnli@s0__rte@s0,qnli@s0,rte@s0,encoder.layer.0.attention.self.value,768,0.01350069865,77.93408654,0,0.01350069865,77.93408654
qnli@s0__rte@s0,qnli@s0,rte@s0,encoder.layer.0.intermediate.dense,3072,0.002786047835,84.84999732,0,0.002786047835,84.84999732
qnli@s0__rte@s0,qnli@s0,rte@s0,encoder.layer.0.output.dense,768,0.01209744299,78.83684731,0,0.01209744299,78.83684731
qnli@s0__rte@s0,qnli@s0,rte@s0,encoder.layer.1.attention.output.dense,768,0.01451866785,77.57377259,0,0.01451866785,77.57377259
qnli@s0__rte@s0,qnli@s0,rte@s0,encoder.layer.1.attention.self.key,768,0.01904575758,76.62646087,0,0.01904575758,76.62646087
qnli@s0__rte@s0,qnli@s0,rte@s0,encoder.layer.1.attention.self.query,768,0.02748759685,74.08992083,0,0.02748759685,74.08992083
qnli@s0__rte@s0,qnli@s0,rte@s0,encoder.layer.1.attention.self.value,768,0.01306321778,78.86232117,0,0.01306321778,78.86232117
qnli@s0__rte@s0,qnli@s0,rte@s0,encoder.layer.1.intermediate.dense,3072,0.003255455872,83.41434666,0,0.003255455872,83.41434666
qnli@s0__rte@s0,qnli@s0,rte@s0,encoder.layer.1.output.dense,768,0.01353104803,77.68681197,0,0.01353104803,77.68681197
qnli@s0__rte@s0,qnli@s0,rte@s0,encoder.layer.10.attention.output.dense,768,0.04364042144,69.90443227,0,0.04364042144,69.90443227
qnli@s0__rte@s0,qnli@s0,rte@s0,encoder.layer.10.attention.self.key,768,0.02459986381,75.19820663,0,0.02459986381,75.19820663
qnli@s0__rte@s0,qnli@s0,rte@s0,encoder.layer.10.attention.self.query,768,0.02966541314,72.7946797,0,0.02966541314,72.7946797
qnli@s0__rte@s0,qnli@s0,rte@s0,encoder.layer.10.attention.self.value,768,0.0265232902,73.09311885,0,0.0265232902,73.09311885
qnli@s0__rte@s0,qnli@s0,rte@s0,encoder.layer.10.intermediate.dense,3072,0.005481753752,82.3684727,0,0.005481753752,82.3684727
qnli@s0__rte@s0,qnli@s0,rte@s0,encoder.layer.10.output.dense,768,0.06168412296,65.3098313,0,0.06168412296,65.3098313
qnli@s0__rte@s0,qnli@s0,rte@s0,encoder.layer.11.attention.output.dense,768,0.04302659448,66.73922337,0,0.04302659448,66.73922337
qnli@s0__rte@s0,qnli@s0,rte@s0,encoder.layer.11.attention.self.key,768,0.02852114821,73.32827535,0,0.02852114821,73.32827535
qnli@s0__rte@s0,qnli@s0,rte@s0,encoder.layer.11.attention.self.query,768,0.02355563148,74.34497853,0,0.02355563148,74.34497853
qnli@s0__rte@s0,qnli@s0,rte@s0,encoder.layer.11.attention.self.value,768,0.07018241094,53.2094593,0,0.07018241094,53.2094593
qnli@s0__rte@s0,qnli@s0,rte@s0,encoder.layer.11.intermediate.dense,3072,0.02143491498,70.45131103,0,0.02143491498,70.45131103
qnli@s0__rte@s0,qnli@s0,rte@s0,encoder.layer.11.output.dense,768,0.06362409269,61.80028649,0,0.06362409269,61.80028649
qnli@s0__rte@s0,qnli@s0,rte@s0,encoder.layer.2.attention.output.dense,768,0.01311139212,78.69365451,0,0.01311139212,78.69365451
qnli@s0__rte@s0,qnli@s0,rte@s0,encoder.layer.2.attention.self.key,768,0.01727841131,76.68170182,0,0.01727841131,76.68170182
qnli@s0__rte@s0,qnli@s0,rte@s0,encoder.layer.2.attention.self.query,768,0.01763511863,76.64103008,0,0.01763511863,76.64103008
qnli@s0__rte@s0,qnli@s0,rte@s0,encoder.layer.2.attention.self.value,768,0.015142591,76.63569636,0,0.015142591,76.63569636
qnli@s0__rte@s0,qnli@s0,rte@s0,encoder.layer.2.intermediate.dense,3072,0.003176390615,84.19243146,0,0.003176390615,84.19243146
qnli@s0__rte@s0,qnli@s0,rte@s0,encoder.layer.2.output.dense,768,0.01888665241,76.85854062,0,0.01888665241,76.85854062
qnli@s0__rte@s0,qnli@s0,rte@s0,encoder.layer.3.attention.output.dense,768,0.01475012813,79.24828021,0,0.01475012813,79.24828021
qnli@s0__rte@s0,qnli@s0,rte@s0,encoder.layer.3.attention.self.key,768,0.01350298655,77.65981147,0,0.01350298655,77.65981147
qnli@s0__rte@s0,qnli@s0,rte@s0,encoder.layer.3.attention.self.query,768,0.02074665127,74.59084413,0,0.02074665127,74.59084413
qnli@s0__rte@s0,qnli@s0,rte@s0,encoder.layer.3.attention.self.value,768,0.01509579575,77.07279764,0,0.01509579575,77.07279764
qnli@s0__rte@s0,qnli@s0,rte@s0,encoder.layer.3.intermediate.dense,3072,0.002899396057,84.80858518,0,0.002899396057,84.80858518
qnli@s0__rte@s0,qnli@s0,rte@s0,encoder.layer.3.output.dense,768,0.01665545027,77.67574969,0,0.01665545027,77.67574969
qnli@s0__rte@s0,qnli@s0,rte@s0,encoder.layer.4.attention.output.dense,768,0.01356220045,78.88285454,0,0.01356220045,78.88285454
qnli@s0__rte@s0,qnli@s0,rte@s0,encoder.layer.4.attention.self.key,768,0.01681423746,77.97382805,0,0.01681423746,77.97382805
qnli@s0__rte@s0,qnli@s0,rte@s0,encoder.layer.4.attention.self.query,768,0.02365847918,73.69264922,0,0.02365847918,73.69264922
qnli@s0__rte@s0,qnli@s0,rte@s0,encoder.layer.4.attention.self.value,768,0.01579215263,76.39507823,0,0.01579215263,76.39507823
qnli@s0__rte@s0,qnli@s0,rte@s0,encoder.layer.4.intermediate.dense,3072,0.003364410548,83.88282181,0,0.003364410548,83.88282181
qnli@s0__rte@s0,qnli@s0,rte@s0,encoder.layer.4.output.dense,768,0.01310960407,79.21658964,0,0.01310960407,79.21658964
qnli@s0__rte@s0,qnli@s0,rte@s0,encoder.layer.5.attention.output.dense,768,0.01677295779,76.06099116,0,0.01677295779,76.06099116
qnli@s0__rte@s0,qnli@s0,rte@s0,encoder.layer.5.attention.self.key,768,0.02023412807,74.93194995,0,0.02023412807,74.93194995
qnli@s0__rte@s0,qnli@s0,rte@s0,encoder.layer.5.attention.self.query,768,0.02192397421,75.73705984,0,0.02192397421,75.73705984
qnli@s0__rte@s0,qnli@s0,rte@s0,encoder.layer.5.attention.self.value,768,0.01471480876,77.20937363,0,0.01471480876,77.20937363
qnli@s0__rte@s0,qnli@s0,rte@s0,encoder.layer.5.intermediate.dense,3072,0.002829100672,85.24975636,0,0.002829100672,85.24975636
qnli@s0__rte@s0,qnli@s0,rte@s0,encoder.layer.5.output.dense,768,0.0143641754,76.47969572,0,0.0143641754,76.47969572
qnli@s0__rte@s0,qnli@s0,rte@s0,encoder.layer.6.attention.output.dense,768,0.01440967756,76.7865652,0,0.01440967756,76.7865652
qnli@s0__rte@s0,qnli@s0,rte@s0,encoder.layer.6.attention.self.key,768,0.0179671542,76.5898833,0,0.0179671542,76.5898833
qnli@s0__rte@s0,qnli@s0,rte@s0,encoder.layer.6.attention.self.query,768,0.01916947201,76.75684378,0,0.01916947201,76.75684378
qnli@s0__rte@s0,qnli@s0,rte@s0,encoder.layer.6.attention.self.value,768,0.01350914921,77.52544156,0,0.01350914921,77.52544156
qnli@s0__rte@s0,qnli@s0,rte@s0,encoder.layer.6.intermediate.dense,3072,0.002668618707,84.35617163,0,0.002668618707,84.35617163
qnli@s0__rte@s0,qnli@s0,rte@s0,encoder.layer.6.output.dense,768,0.02343073197,74.01166032,0,0.02343073197,74.01166032
qnli@s0__rte@s0,qnli@s0,rte@s0,encoder.layer.7.attention.output.dense,768,0.01897568393,75.71701731,0,0.01897568393,75.71701731
qnli@s0__rte@s0,qnli@s0,rte@s0,encoder.layer.7.attention.self.key,768,0.02117871563,75.26739033,0,0.02117871563,75.26739033
qnli@s0__rte@s0,qnli@s0,rte@s0,encoder.layer.7.attention.self.query,768,0.01690050212,77.41702915,0,0.01690050212,77.41702915
qnli@s0__rte@s0,qnli@s0,rte@s0,encoder.layer.7.attention.self.value,768,0.01741108519,76.63222254,0,0.01741108519,76.63222254
qnli@s0__rte@s0,qnli@s0,rte@s0,encoder.layer.7.intermediate.dense,3072,0.004174504108,82.58497101,0,0.004174504108,82.58497101
qnli@s0__rte@s0,qnli@s0,rte@s0,encoder.layer.7.output.dense,768,0.02464212347,75.38381124,0,0.02464212347,75.38381124
qnli@s0__rte@s0,qnli@s0,rte@s0,encoder.layer.8.attention.output.dense,768,0.02575300784,72.83800472,0,0.02575300784,72.83800472
qnli@s0__rte@s0,qnli@s0,rte@s0,encoder.layer.8.attention.self.key,768,0.02043821119,77.41836214,0,0.02043821119,77.41836214
qnli@s0__rte@s0,qnli@s0,rte@s0,encoder.layer.8.attention.self.query,768,0.02564711172,75.0781033,0,0.02564711172,75.0781033
qnli@s0__rte@s0,qnli@s0,rte@s0,encoder.layer.8.attention.self.value,768,0.02110700052,72.69727299,0,0.02110700052,72.69727299
qnli@s0__rte@s0,qnli@s0,rte@s0,encoder.layer.8.intermediate.dense,3072,0.003938304897,83.08067068,0,0.003938304897,83.08067068
qnli@s0__rte@s0,qnli@s0,rte@s0,encoder.layer.8.output.dense,768,0.03182674174,70.80396229,0,0.03182674174,70.80396229
qnli@s0__rte@s0,qnli@s0,rte@s0,encoder.layer.9.attention.output.dense,768,0.03234360171,73.00107837,0,0.03234360171,73.00107837
qnli@s0__rte@s0,qnli@s0,rte@s0,encoder.layer.9.attention.self.key,768,0.03314211242,69.72144095,0,0.03314211242,69.72144095
qnli@s0__rte@s0,qnli@s0,rte@s0,encoder.layer.9.attention.self.query,768,0.02588487161,73.09127122,0,0.02588487161,73.09127122
qnli@s0__rte@s0,qnli@s0,rte@s0,encoder.layer.9.attention.self.value,768,0.02283302007,73.64351324,0,0.02283302007,73.64351324
qnli@s0__rte@s0,qnli@s0,rte@s0,encoder.layer.9.intermediate.dense,3072,0.002870652295,85.44755238,0,0.002870652295,85.44755238
qnli@s0__rte@s0,qnli@s0,rte@s0,encoder.layer.9.output.dense,768,0.02788232558,72.54271303,0,0.02788232558,72.54271303
qnli@s0__rte@s0,qnli@s0,rte@s0,pooler.dense,768,0.07600988146,59.89880786,0,0.07600988146,59.89880786
qnli@s0__wic@s0,qnli@s0,wic@s0,encoder.layer.0.attention.output.dense,768,0.01244349485,78.71073792,0,0.01244349485,78.71073792
qnli@s0__wic@s0,qnli@s0,wic@s0,encoder.layer.0.attention.self.key,768,0.01929750986,75.70108475,0,0.01929750986,75.70108475
qnli@s0__wic@s0,qnli@s0,wic@s0,encoder.layer.0.attention.self.query,768,0.01953688322,76.32991829,0,0.01953688322,76.32991829
qnli@s0__wic@s0,qnli@s0,wic@s0,encoder.layer.0.attention.self.value,768,0.01795681921,77.3604347,0,0.01795681921,77.3604347
qnli@s0__wic@s0,qnli@s0,wic@s0,encoder.layer.0.intermediate.dense,3072,0.00280886015,84.77275904,0,0.00280886015,84.77275904
qnli@s0__wic@s0,qnli@s0,wic@s0,encoder.layer.0.output.dense,768,0.01417499476,78.59407101,0,0.01417499476,78.59407101
qnli@s0__wic@s0,qnli@s0,wic@s0,encoder.layer.1.attention.output.dense,768,0.01521006601,78.3343057,0,0.01521006601,78.3343057
qnli@s0__wic@s0,qnli@s0,wic@s0,encoder.layer.1.attention.self.key,768,0.01092890201,79.55991426,0,0.01092890201,79.55991426
qnli@s0__wic@s0,qnli@s0,wic@s0,encoder.layer.1.attention.self.query,768,0.01888901051,75.79982437,0,0.01888901051,75.79982437
qnli@s0__wic@s0,qnli@s0,wic@s0,encoder.layer.1.attention.self.value,768,0.01914382277,73.96153475,0,0.01914382277,73.96153475
qnli@s0__wic@s0,qnli@s0,wic@s0,encoder.layer.1.intermediate.dense,3072,0.00304591245,84.19901143,0,0.00304591245,84.19901143
qnli@s0__wic@s0,qnli@s0,wic@s0,encoder.layer.1.output.dense,768,0.0149311596,78.49409971,0,0.0149311596,78.49409971
qnli@s0__wic@s0,qnli@s0,wic@s0,encoder.layer.10.attention.output.dense,768,0.03683149807,66.8608744,0,0.03683149807,66.8608744
qnli@s0__wic@s0,qnli@s0,wic@s0,encoder.layer.10.attention.self.key,768,0.02991951078,69.04685557,0,0.02991951078,69.04685557
qnli@s0__wic@s0,qnli@s0,wic@s0,encoder.layer.10.attention.self.query,768,0.01798886182,75.11364652,0,0.01798886182,75.11364652
qnli@s0__wic@s0,qnli@s0,wic@s0,encoder.layer.10.attention.self.value,768,0.0244831,73.70998598,0,0.0244831,73.70998598
qnli@s0__wic@s0,qnli@s0,wic@s0,encoder.layer.10.intermediate.dense,3072,0.0040332443,83.38370591,0,0.0040332443,83.38370591
qnli@s0__wic@s0,qnli@s0,wic@s0,encoder.layer.10.output.dense,768,0.07283138876,62.52505612,0,0.07283138876,62.52505612
qnli@s0__wic@s0,qnli@s0,wic@s0,encoder.layer.11.attention.output.dense,768,0.05464771136,65.44075742,0,0.05464771136,65.44075742
qnli@s0__wic@s0,qnli@s0,wic@s0,encoder.layer.11.attention.self.key,768,0.03120758208,72.24602256,0,0.03120758208,72.24602256
qnli@s0__wic@s0,qnli@s0,wic@s0,encoder.layer.11.attention.self.query,768,0.0169078784,76.55795017,0,0.0169078784,76.55795017
qnli@s0__wic@s0,qnli@s0,wic@s0,encoder.layer.11.attention.self.value,768,0.04232071481,61.79294921,0,0.04232071481,61.79294921
qnli@s0__wic@s0,qnli@s0,wic@s0,encoder.layer.11.intermediate.dense,3072,0.01088002012,75.07097529,0,0.01088002012,75.07097529
qnli@s0__wic@s0,qnli@s0,wic@s0,encoder.layer.11.output.dense,768,0.07627213592,55.45350537,0,0.07627213592,55.45350537
qnli@s0__wic@s0,qnli@s0,wic@s0,encoder.layer.2.attention.output.dense,768,0.00823590573,81.05857305,0,0.00823590573,81.05857305
qnli@s0__wic@s0,qnli@s0,wic@s0,encoder.layer.2.attention.self.key,768,0.01880263298,75.52565813,0,0.01880263298,75.52565813
qnli@s0__wic@s0,qnli@s0,wic@s0,encoder.layer.2.attention.self.query,768,0.02489376403,74.75619977,0,0.02489376403,74.75619977
qnli@s0__wic@s0,qnli@s0,wic@s0,encoder.layer.2.attention.self.value,768,0.01326667962,77.20774929,0,0.01326667962,77.20774929
qnli@s0__wic@s0,qnli@s0,wic@s0,encoder.layer.2.intermediate.dense,3072,0.002437280774,84.79367408,0,0.002437280774,84.79367408
qnli@s0__wic@s0,qnli@s0,wic@s0,encoder.layer.2.output.dense,768,0.01661771453,75.82594246,0,0.01661771453,75.82594246
qnli@s0__wic@s0,qnli@s0,wic@s0,encoder.layer.3.attention.output.dense,768,0.01262810914,79.0517433,0,0.01262810914,79.0517433
qnli@s0__wic@s0,qnli@s0,wic@s0,encoder.layer.3.attention.self.key,768,0.01378315154,78.84706132,0,0.01378315154,78.84706132
qnli@s0__wic@s0,qnli@s0,wic@s0,encoder.layer.3.attention.self.query,768,0.0180521328,76.91106334,0,0.0180521328,76.91106334
qnli@s0__wic@s0,qnli@s0,wic@s0,encoder.layer.3.attention.self.value,768,0.01742093823,76.60763509,0,0.01742093823,76.60763509
qnli@s0__wic@s0,qnli@s0,wic@s0,encoder.layer.3.intermediate.dense,3072,0.002076524553,85.42292369,0,0.002076524553,85.42292369
qnli@s0__wic@s0,qnli@s0,wic@s0,encoder.layer.3.output.dense,768,0.01328211218,78.52564098,0,0.01328211218,78.52564098
qnli@s0__wic@s0,qnli@s0,wic@s0,encoder.layer.4.attention.output.dense,768,0.01232486464,77.4267386,0,0.01232486464,77.4267386
qnli@s0__wic@s0,qnli@s0,wic@s0,encoder.layer.4.attention.self.key,768,0.01356102336,79.41340159,0,0.01356102336,79.41340159
qnli@s0__wic@s0,qnli@s0,wic@s0,encoder.layer.4.attention.self.query,768,0.02297403589,75.11879501,0,0.02297403589,75.11879501
qnli@s0__wic@s0,qnli@s0,wic@s0,encoder.layer.4.attention.self.value,768,0.01642540932,76.43068223,0,0.01642540932,76.43068223
qnli@s0__wic@s0,qnli@s0,wic@s0,encoder.layer.4.intermediate.dense,3072,0.003433873333,84.18884048,0,0.003433873333,84.18884048
qnli@s0__wic@s0,qnli@s0,wic@s0,encoder.layer.4.output.dense,768,0.01674763123,77.23150655,0,0.01674763123,77.23150655
qnli@s0__wic@s0,qnli@s0,wic@s0,encoder.layer.5.attention.output.dense,768,0.01161767106,79.5958812,0,0.01161767106,79.5958812
qnli@s0__wic@s0,qnli@s0,wic@s0,encoder.layer.5.attention.self.key,768,0.01627920675,77.89796093,0,0.01627920675,77.89796093
qnli@s0__wic@s0,qnli@s0,wic@s0,encoder.layer.5.attention.self.query,768,0.01659085588,76.59166097,0,0.01659085588,76.59166097
qnli@s0__wic@s0,qnli@s0,wic@s0,encoder.layer.5.attention.self.value,768,0.01896936967,75.86940035,0,0.01896936967,75.86940035
qnli@s0__wic@s0,qnli@s0,wic@s0,encoder.layer.5.intermediate.dense,3072,0.003634376994,83.73885983,0,0.003634376994,83.73885983
qnli@s0__wic@s0,qnli@s0,wic@s0,encoder.layer.5.output.dense,768,0.01627946033,76.58770164,0,0.01627946033,76.58770164
qnli@s0__wic@s0,qnli@s0,wic@s0,encoder.layer.6.attention.output.dense,768,0.01214802313,79.21070632,0,0.01214802313,79.21070632
qnli@s0__wic@s0,qnli@s0,wic@s0,encoder.layer.6.attention.self.key,768,0.01548018028,77.76061938,0,0.01548018028,77.76061938
qnli@s0__wic@s0,qnli@s0,wic@s0,encoder.layer.6.attention.self.query,768,0.0157754386,76.82564818,0,0.0157754386,76.82564818
qnli@s0__wic@s0,qnli@s0,wic@s0,encoder.layer.6.attention.self.value,768,0.01425654417,78.70564389,0,0.01425654417,78.70564389
qnli@s0__wic@s0,qnli@s0,wic@s0,encoder.layer.6.intermediate.dense,3072,0.002905386685,84.65195111,0,0.002905386685,84.65195111
qnli@s0__wic@s0,qnli@s0,wic@s0,encoder.layer.6.output.dense,768,0.0140593438,79.19051895,0,0.0140593438,79.19051895
qnli@s0__wic@s0,qnli@s0,wic@s0,encoder.layer.7.attention.output.dense,768,0.01694159069,74.63892825,0,0.01694159069,74.63892825
qnli@s0__wic@s0,qnli@s0,wic@s0,encoder.layer.7.attention.self.key,768,0.01920107982,76.69210292,0,0.01920107982,76.69210292
qnli@s0__wic@s0,qnli@s0,wic@s0,encoder.layer.7.attention.self.query,768,0.0222484316,75.65379405,0,0.0222484316,75.65379405
qnli@s0__wic@s0,qnli@s0,wic@s0,encoder.layer.7.attention.self.value,768,0.01227637547,79.63190535,0,0.01227637547,79.63190535
qnli@s0__wic@s0,qnli@s0,wic@s0,encoder.layer.7.intermediate.dense,3072,0.002916607143,84.9823918,0,0.002916607143,84.9823918
qnli@s0__wic@s0,qnli@s0,wic@s0,encoder.layer.7.output.dense,768,0.02557144593,75.88861847,0,0.02557144593,75.88861847
qnli@s0__wic@s0,qnli@s0,wic@s0,encoder.layer.8.attention.output.dense,768,0.01928231638,76.74648619,0,0.01928231638,76.74648619
qnli@s0__wic@s0,qnli@s0,wic@s0,encoder.layer.8.attention.self.key,768,0.02003607476,75.61560107,0,0.02003607476,75.61560107
qnli@s0__wic@s0,qnli@s0,wic@s0,encoder.layer.8.attention.self.query,768,0.02301308113,74.37842507,0,0.02301308113,74.37842507
qnli@s0__wic@s0,qnli@s0,wic@s0,encoder.layer.8.attention.self.value,768,0.009785040426,79.98003575,0,0.009785040426,79.98003575
qnli@s0__wic@s0,qnli@s0,wic@s0,encoder.layer.8.intermediate.dense,3072,0.003576154027,84.29138454,0,0.003576154027,84.29138454
qnli@s0__wic@s0,qnli@s0,wic@s0,encoder.layer.8.output.dense,768,0.0353262608,67.79256357,0,0.0353262608,67.79256357
qnli@s0__wic@s0,qnli@s0,wic@s0,encoder.layer.9.attention.output.dense,768,0.02722866376,73.12915841,0,0.02722866376,73.12915841
qnli@s0__wic@s0,qnli@s0,wic@s0,encoder.layer.9.attention.self.key,768,0.02398974969,74.83486659,0,0.02398974969,74.83486659
qnli@s0__wic@s0,qnli@s0,wic@s0,encoder.layer.9.attention.self.query,768,0.01595386158,76.84650571,0,0.01595386158,76.84650571
qnli@s0__wic@s0,qnli@s0,wic@s0,encoder.layer.9.attention.self.value,768,0.01425947963,80.05145926,0,0.01425947963,80.05145926
qnli@s0__wic@s0,qnli@s0,wic@s0,encoder.layer.9.intermediate.dense,3072,0.002810364293,84.89389124,0,0.002810364293,84.89389124
qnli@s0__wic@s0,qnli@s0,wic@s0,encoder.layer.9.output.dense,768,0.03058187955,70.44188383,0,0.03058187955,70.44188383
qnli@s0__wic@s0,qnli@s0,wic@s0,pooler.dense,768,0.04675902565,61.76953934,0,0.04675902565,61.76953934
qnli@s0__snli@s0,qnli@s0,snli@s0,encoder.layer.0.attention.output.dense,768,0.01064168362,79.35013842,0,0.01064168362,79.35013842
qnli@s0__snli@s0,qnli@s0,snli@s0,encoder.layer.0.attention.self.key,768,0.01960892195,74.40728554,0,0.01960892195,74.40728554
qnli@s0__snli@s0,qnli@s0,snli@s0,encoder.layer.0.attention.self.query,768,0.02073722697,73.54179922,0,0.02073722697,73.54179922
qnli@s0__snli@s0,qnli@s0,snli@s0,encoder.layer.0.attention.self.value,768,0.0199238807,73.57876895,0,0.0199238807,73.57876895
qnli@s0__snli@s0,qnli@s0,snli@s0,encoder.layer.0.intermediate.dense,3072,0.003727083924,84.2969444,0,0.003727083924,84.2969444
qnli@s0__snli@s0,qnli@s0,snli@s0,encoder.layer.0.output.dense,768,0.01798175167,75.45216861,0,0.01798175167,75.45216861
qnli@s0__snli@s0,qnli@s0,snli@s0,encoder.layer.1.attention.output.dense,768,0.01752967004,76.0153529,0,0.01752967004,76.0153529
qnli@s0__snli@s0,qnli@s0,snli@s0,encoder.layer.1.attention.self.key,768,0.01490753942,77.89455143,0,0.01490753942,77.89455143
qnli@s0__snli@s0,qnli@s0,snli@s0,encoder.layer.1.attention.self.query,768,0.01708692381,76.6167215,0,0.01708692381,76.6167215
qnli@s0__snli@s0,qnli@s0,snli@s0,encoder.layer.1.attention.self.value,768,0.017300818,76.0505941,0,0.017300818,76.0505941
qnli@s0__snli@s0,qnli@s0,snli@s0,encoder.layer.1.intermediate.dense,3072,0.00210811482,85.60488993,0,0.00210811482,85.60488993
qnli@s0__snli@s0,qnli@s0,snli@s0,encoder.layer.1.output.dense,768,0.01278084701,77.83578135,0,0.01278084701,77.83578135
qnli@s0__snli@s0,qnli@s0,snli@s0,encoder.layer.10.attention.output.dense,768,0.02930520013,70.58457188,0,0.02930520013,70.58457188
qnli@s0__snli@s0,qnli@s0,snli@s0,encoder.layer.10.attention.self.key,768,0.02914552574,68.56304302,0,0.02914552574,68.56304302
qnli@s0__snli@s0,qnli@s0,snli@s0,encoder.layer.10.attention.self.query,768,0.01939706175,73.70488626,0,0.01939706175,73.70488626
qnli@s0__snli@s0,qnli@s0,snli@s0,encoder.layer.10.attention.self.value,768,0.03494716614,68.95197055,0,0.03494716614,68.95197055
qnli@s0__snli@s0,qnli@s0,snli@s0,encoder.layer.10.intermediate.dense,3072,0.004072779312,83.28539639,0,0.004072779312,83.28539639
qnli@s0__snli@s0,qnli@s0,snli@s0,encoder.layer.10.output.dense,768,0.02595288115,73.26812123,0,0.02595288115,73.26812123
qnli@s0__snli@s0,qnli@s0,snli@s0,encoder.layer.11.attention.output.dense,768,0.03189247473,70.7273714,0,0.03189247473,70.7273714
qnli@s0__snli@s0,qnli@s0,snli@s0,encoder.layer.11.attention.self.key,768,0.02479898355,72.15261382,0,0.02479898355,72.15261382
qnli@s0__snli@s0,qnli@s0,snli@s0,encoder.layer.11.attention.self.query,768,0.02098282111,75.17795378,0,0.02098282111,75.17795378
qnli@s0__snli@s0,qnli@s0,snli@s0,encoder.layer.11.attention.self.value,768,0.04998688509,61.22353793,0,0.04998688509,61.22353793
qnli@s0__snli@s0,qnli@s0,snli@s0,encoder.layer.11.intermediate.dense,3072,0.01615132176,71.34185551,0,0.01615132176,71.34185551
qnli@s0__snli@s0,qnli@s0,snli@s0,encoder.layer.11.output.dense,768,0.01649810408,77.97411506,0,0.01649810408,77.97411506
qnli@s0__snli@s0,qnli@s0,snli@s0,encoder.layer.2.attention.output.dense,768,0.01690956584,75.79561522,0,0.01690956584,75.79561522
qnli@s0__snli@s0,qnli@s0,snli@s0,encoder.layer.2.attention.self.key,768,0.01268698524,78.56005816,0,0.01268698524,78.56005816
qnli@s0__snli@s0,qnli@s0,snli@s0,encoder.layer.2.attention.self.query,768,0.01699852345,75.74227502,0,0.01699852345,75.74227502
qnli@s0__snli@s0,qnli@s0,snli@s0,encoder.layer.2.attention.self.value,768,0.01190899419,78.74518949,0,0.01190899419,78.74518949
qnli@s0__snli@s0,qnli@s0,snli@s0,encoder.layer.2.intermediate.dense,3072,0.002795801607,83.96268886,0,0.002795801607,83.96268886
qnli@s0__snli@s0,qnli@s0,snli@s0,encoder.layer.2.output.dense,768,0.01843750079,74.28296521,0,0.01843750079,74.28296521
qnli@s0__snli@s0,qnli@s0,snli@s0,encoder.layer.3.attention.output.dense,768,0.0173633469,75.59250127,0,0.0173633469,75.59250127
qnli@s0__snli@s0,qnli@s0,snli@s0,encoder.layer.3.attention.self.key,768,0.01212441514,78.49384165,0,0.01212441514,78.49384165
qnli@s0__snli@s0,qnli@s0,snli@s0,encoder.layer.3.attention.self.query,768,0.01840785621,77.43795777,0,0.01840785621,77.43795777
qnli@s0__snli@s0,qnli@s0,snli@s0,encoder.layer.3.attention.self.value,768,0.01321376968,76.56371522,0,0.01321376968,76.56371522
qnli@s0__snli@s0,qnli@s0,snli@s0,encoder.layer.3.intermediate.dense,3072,0.002653266335,84.70057611,0,0.002653266335,84.70057611
qnli@s0__snli@s0,qnli@s0,snli@s0,encoder.layer.3.output.dense,768,0.01685613712,77.49409912,0,0.01685613712,77.49409912
qnli@s0__snli@s0,qnli@s0,snli@s0,encoder.layer.4.attention.output.dense,768,0.009917165168,80.09490283,0,0.009917165168,80.09490283
qnli@s0__snli@s0,qnli@s0,snli@s0,encoder.layer.4.attention.self.key,768,0.01174940083,78.44856177,0,0.01174940083,78.44856177
qnli@s0__snli@s0,qnli@s0,snli@s0,encoder.layer.4.attention.self.query,768,0.02026751269,76.71216428,0,0.02026751269,76.71216428
qnli@s0__snli@s0,qnli@s0,snli@s0,encoder.layer.4.attention.self.value,768,0.0120106757,80.21612228,0,0.0120106757,80.21612228
qnli@s0__snli@s0,qnli@s0,snli@s0,encoder.layer.4.intermediate.dense,3072,0.003335937789,84.51254244,0,0.003335937789,84.51254244
qnli@s0__snli@s0,qnli@s0,snli@s0,encoder.layer.4.output.dense,768,0.0153691384,77.19003158,0,0.0153691384,77.19003158
qnli@s0__snli@s0,qnli@s0,snli@s0,encoder.layer.5.attention.output.dense,768,0.0147215654,78.35172297,0,0.0147215654,78.35172297
qnli@s0__snli@s0,qnli@s0,snli@s0,encoder.layer.5.attention.self.key,768,0.01735765559,76.95632252,0,0.01735765559,76.95632252
qnli@s0__snli@s0,qnli@s0,snli@s0,encoder.layer.5.attention.self.query,768,0.01708815996,75.58978599,0,0.01708815996,75.58978599
qnli@s0__snli@s0,qnli@s0,snli@s0,encoder.layer.5.attention.self.value,768,0.01168979093,78.90144174,0,0.01168979093,78.90144174
qnli@s0__snli@s0,qnli@s0,snli@s0,encoder.layer.5.intermediate.dense,3072,0.002667032478,84.13779605,0,0.002667032478,84.13779605
qnli@s0__snli@s0,qnli@s0,snli@s0,encoder.layer.5.output.dense,768,0.01158262482,79.54044427,0,0.01158262482,79.54044427
qnli@s0__snli@s0,qnli@s0,snli@s0,encoder.layer.6.attention.output.dense,768,0.0203198163,74.63874668,0,0.0203198163,74.63874668
qnli@s0__snli@s0,qnli@s0,snli@s0,encoder.layer.6.attention.self.key,768,0.01479721423,78.8266339,0,0.01479721423,78.8266339
qnli@s0__snli@s0,qnli@s0,snli@s0,encoder.layer.6.attention.self.query,768,0.02144776117,75.41585253,0,0.02144776117,75.41585253
qnli@s0__snli@s0,qnli@s0,snli@s0,encoder.layer.6.attention.self.value,768,0.01692460702,76.59188199,0,0.01692460702,76.59188199
qnli@s0__snli@s0,qnli@s0,snli@s0,encoder.layer.6.intermediate.dense,3072,0.003399077256,84.30605904,0,0.003399077256,84.30605904
qnli@s0__snli@s0,qnli@s0,snli@s0,encoder.layer.6.output.dense,768,0.01975231859,74.64510754,0,0.01975231859,74.64510754
qnli@s0__snli@s0,qnli@s0,snli@s0,encoder.layer.7.attention.output.dense,768,0.0169133443,74.50695338,0,0.0169133443,74.50695338
qnli@s0__snli@s0,qnli@s0,snli@s0,encoder.layer.7.attention.self.key,768,0.01530919575,75.99901359,0,0.01530919575,75.99901359
qnli@s0__snli@s0,qnli@s0,snli@s0,encoder.layer.7.attention.self.query,768,0.02132731943,75.65833931,0,0.02132731943,75.65833931
qnli@s0__snli@s0,qnli@s0,snli@s0,encoder.layer.7.attention.self.value,768,0.01148684274,78.91293332,0,0.01148684274,78.91293332
qnli@s0__snli@s0,qnli@s0,snli@s0,encoder.layer.7.intermediate.dense,3072,0.004772202977,82.58621301,0,0.004772202977,82.58621301
qnli@s0__snli@s0,qnli@s0,snli@s0,encoder.layer.7.output.dense,768,0.02287855386,75.16792987,0,0.02287855386,75.16792987
qnli@s0__snli@s0,qnli@s0,snli@s0,encoder.layer.8.attention.output.dense,768,0.01950533039,77.17454732,0,0.01950533039,77.17454732
qnli@s0__snli@s0,qnli@s0,snli@s0,encoder.layer.8.attention.self.key,768,0.02059279852,73.17762151,0,0.02059279852,73.17762151
qnli@s0__snli@s0,qnli@s0,snli@s0,encoder.layer.8.attention.self.query,768,0.02895133083,72.27605597,0,0.02895133083,72.27605597
qnli@s0__snli@s0,qnli@s0,snli@s0,encoder.layer.8.attention.self.value,768,0.01335738819,79.03798755,0,0.01335738819,79.03798755
qnli@s0__snli@s0,qnli@s0,snli@s0,encoder.layer.8.intermediate.dense,3072,0.003214038264,84.14413656,0,0.003214038264,84.14413656
qnli@s0__snli@s0,qnli@s0,snli@s0,encoder.layer.8.output.dense,768,0.01998887183,74.20328126,0,0.01998887183,74.20328126
qnli@s0__snli@s0,qnli@s0,snli@s0,encoder.layer.9.attention.output.dense,768,0.01728131953,76.20568379,0,0.01728131953,76.20568379
qnli@s0__snli@s0,qnli@s0,snli@s0,encoder.layer.9.attention.self.key,768,0.02117477534,74.35675069,0,0.02117477534,74.35675069
qnli@s0__snli@s0,qnli@s0,snli@s0,encoder.layer.9.attention.self.query,768,0.02405511952,74.04641138,0,0.02405511952,74.04641138
qnli@s0__snli@s0,qnli@s0,snli@s0,encoder.layer.9.attention.self.value,768,0.01261333455,77.88932213,0,0.01261333455,77.88932213
qnli@s0__snli@s0,qnli@s0,snli@s0,encoder.layer.9.intermediate.dense,3072,0.00369903021,83.71822656,0,0.00369903021,83.71822656
qnli@s0__snli@s0,qnli@s0,snli@s0,encoder.layer.9.output.dense,768,0.02144276108,76.7197531,0,0.02144276108,76.7197531
qnli@s0__snli@s0,qnli@s0,snli@s0,pooler.dense,768,0.06845667391,56.46511129,0,0.06845667391,56.46511129
qnli@s0__scitail@s0,qnli@s0,scitail@s0,encoder.layer.0.attention.output.dense,768,0.01462779855,79.48385077,0,0.01462779855,79.48385077
qnli@s0__scitail@s0,qnli@s0,scitail@s0,encoder.layer.0.attention.self.key,768,0.02414190672,74.36824462,0,0.02414190672,74.36824462
qnli@s0__scitail@s0,qnli@s0,scitail@s0,encoder.layer.0.attention.self.query,768,0.02759536543,73.16735593,0,0.02759536543,73.16735593
qnli@s0__scitail@s0,qnli@s0,scitail@s0,encoder.layer.0.attention.self.value,768,0.01856413682,76.16872464,0,0.01856413682,76.16872464
qnli@s0__scitail@s0,qnli@s0,scitail@s0,encoder.layer.0.intermediate.dense,3072,0.003167306743,83.73648737,0,0.003167306743,83.73648737
qnli@s0__scitail@s0,qnli@s0,scitail@s0,encoder.layer.0.output.dense,768,0.01769774442,75.73356884,0,0.01769774442,75.73356884
qnli@s0__scitail@s0,qnli@s0,scitail@s0,encoder.layer.1.attention.output.dense,768,0.01515331755,76.34979248,0,0.01515331755,76.34979248
qnli@s0__scitail@s0,qnli@s0,scitail@s0,encoder.layer.1.attention.self.key,768,0.01414331059,78.05860373,0,0.01414331059,78.05860373
qnli@s0__scitail@s0,qnli@s0,scitail@s0,encoder.layer.1.attention.self.query,768,0.02006161784,75.60523491,0,0.02006161784,75.60523491
qnli@s0__scitail@s0,qnli@s0,scitail@s0,encoder.layer.1.attention.self.value,768,0.02166914098,73.75369665,0,0.02166914098,73.75369665
qnli@s0__scitail@s0,qnli@s0,scitail@s0,encoder.layer.1.intermediate.dense,3072,0.003554572641,83.85175327,0,0.003554572641,83.85175327
qnli@s0__scitail@s0,qnli@s0,scitail@s0,encoder.layer.1.output.dense,768,0.01538103381,78.35808217,0,0.01538103381,78.35808217
qnli@s0__scitail@s0,qnli@s0,scitail@s0,encoder.layer.10.attention.output.dense,768,0.03796894147,68.32825174,0,0.03796894147,68.32825174
qnli@s0__scitail@s0,qnli@s0,scitail@s0,encoder.layer.10.attention.self.key,768,0.03285197581,68.25900552,0,0.03285197581,68.25900552
qnli@s0__scitail@s0,qnli@s0,scitail@s0,encoder.layer.10.attention.self.query,768,0.03032472279,72.69819369,0,0.03032472279,72.69819369
qnli@s0__scitail@s0,qnli@s0,scitail@s0,encoder.layer.10.attention.self.value,768,0.043136487,67.90165078,0,0.043136487,67.90165078
qnli@s0__scitail@s0,qnli@s0,scitail@s0,encoder.layer.10.intermediate.dense,3072,0.005653624857,82.77848877,0,0.005653624857,82.77848877
qnli@s0__scitail@s0,qnli@s0,scitail@s0,encoder.layer.10.output.dense,768,0.03875651879,68.39638832,0,0.03875651879,68.39638832
qnli@s0__scitail@s0,qnli@s0,scitail@s0,encoder.layer.11.attention.output.dense,768,0.03605900804,69.67970193,0,0.03605900804,69.67970193
qnli@s0__scitail@s0,qnli@s0,scitail@s0,encoder.layer.11.attention.self.key,768,0.03035324391,72.11976845,0,0.03035324391,72.11976845
qnli@s0__scitail@s0,qnli@s0,scitail@s0,encoder.layer.11.attention.self.query,768,0.0202275174,75.94355213,0,0.0202275174,75.94355213
qnli@s0__scitail@s0,qnli@s0,scitail@s0,encoder.layer.11.attention.self.value,768,0.04195072823,66.27209066,0,0.04195072823,66.27209066
qnli@s0__scitail@s0,qnli@s0,scitail@s0,encoder.layer.11.intermediate.dense,3072,0.007552731307,80.84098315,0,0.007552731307,80.84098315
qnli@s0__scitail@s0,qnli@s0,scitail@s0,encoder.layer.11.output.dense,768,0.03242396322,72.09849729,0,0.03242396322,72.09849729
qnli@s0__scitail@s0,qnli@s0,scitail@s0,encoder.layer.2.attention.output.dense,768,0.01491650277,77.86420743,0,0.01491650277,77.86420743
qnli@s0__scitail@s0,qnli@s0,scitail@s0,encoder.layer.2.attention.self.key,768,0.02463964962,72.31779819,0,0.02463964962,72.31779819
qnli@s0__scitail@s0,qnli@s0,scitail@s0,encoder.layer.2.attention.self.query,768,0.0234104843,73.2954683,0,0.0234104843,73.2954683
qnli@s0__scitail@s0,qnli@s0,scitail@s0,encoder.layer.2.attention.self.value,768,0.01124566149,80.06450106,0,0.01124566149,80.06450106
qnli@s0__scitail@s0,qnli@s0,scitail@s0,encoder.layer.2.intermediate.dense,3072,0.00243468652,85.32769454,0,0.00243468652,85.32769454
qnli@s0__scitail@s0,qnli@s0,scitail@s0,encoder.layer.2.output.dense,768,0.01942794302,75.54378889,0,0.01942794302,75.54378889
qnli@s0__scitail@s0,qnli@s0,scitail@s0,encoder.layer.3.attention.output.dense,768,0.01736735807,73.89795239,0,0.01736735807,73.89795239
qnli@s0__scitail@s0,qnli@s0,scitail@s0,encoder.layer.3.attention.self.key,768,0.01589986129,76.48561585,0,0.01589986129,76.48561585
qnli@s0__scitail@s0,qnli@s0,scitail@s0,encoder.layer.3.attention.self.query,768,0.02407747709,73.8572629,0,0.02407747709,73.8572629
qnli@s0__scitail@s0,qnli@s0,scitail@s0,encoder.layer.3.attention.self.value,768,0.01305952328,77.34676458,0,0.01305952328,77.34676458
qnli@s0__scitail@s0,qnli@s0,scitail@s0,encoder.layer.3.intermediate.dense,3072,0.003995432081,84.12360102,0,0.003995432081,84.12360102
qnli@s0__scitail@s0,qnli@s0,scitail@s0,encoder.layer.3.output.dense,768,0.01706296662,75.59956703,0,0.01706296662,75.59956703
qnli@s0__scitail@s0,qnli@s0,scitail@s0,encoder.layer.4.attention.output.dense,768,0.01485734183,78.75875383,0,0.01485734183,78.75875383
qnli@s0__scitail@s0,qnli@s0,scitail@s0,encoder.layer.4.attention.self.key,768,0.01542331211,78.49435145,0,0.01542331211,78.49435145
qnli@s0__scitail@s0,qnli@s0,scitail@s0,encoder.layer.4.attention.self.query,768,0.01760262355,75.82178522,0,0.01760262355,75.82178522
qnli@s0__scitail@s0,qnli@s0,scitail@s0,encoder.layer.4.attention.self.value,768,0.01942554235,75.51336746,0,0.01942554235,75.51336746
qnli@s0__scitail@s0,qnli@s0,scitail@s0,encoder.layer.4.intermediate.dense,3072,0.003717260595,83.48752092,0,0.003717260595,83.48752092
qnli@s0__scitail@s0,qnli@s0,scitail@s0,encoder.layer.4.output.dense,768,0.01774033871,77.70352293,0,0.01774033871,77.70352293
qnli@s0__scitail@s0,qnli@s0,scitail@s0,encoder.layer.5.attention.output.dense,768,0.01974605313,77.39278724,0,0.01974605313,77.39278724
qnli@s0__scitail@s0,qnli@s0,scitail@s0,encoder.layer.5.attention.self.key,768,0.01269281646,79.11293673,0,0.01269281646,79.11293673
qnli@s0__scitail@s0,qnli@s0,scitail@s0,encoder.layer.5.attention.self.query,768,0.02749207063,73.2865304,0,0.02749207063,73.2865304
qnli@s0__scitail@s0,qnli@s0,scitail@s0,encoder.layer.5.attention.self.value,768,0.01187101032,78.3961515,0,0.01187101032,78.3961515
qnli@s0__scitail@s0,qnli@s0,scitail@s0,encoder.layer.5.intermediate.dense,3072,0.003836838098,83.79927431,0,0.003836838098,83.79927431
qnli@s0__scitail@s0,qnli@s0,scitail@s0,encoder.layer.5.output.dense,768,0.01403216357,77.749226,0,0.01403216357,77.749226
qnli@s0__scitail@s0,qnli@s0,scitail@s0,encoder.layer.6.attention.output.dense,768,0.0181379166,76.95486797,0,0.0181379166,76.95486797
qnli@s0__scitail@s0,qnli@s0,scitail@s0,encoder.layer.6.attention.self.key,768,0.01759867399,77.46580079,0,0.01759867399,77.46580079
qnli@s0__scitail@s0,qnli@s0,scitail@s0,encoder.layer.6.attention.self.query,768,0.0225341386,75.87330769,0,0.0225341386,75.87330769
qnli@s0__scitail@s0,qnli@s0,scitail@s0,encoder.layer.6.attention.self.value,768,0.01472202054,79.11359487,0,0.01472202054,79.11359487
qnli@s0__scitail@s0,qnli@s0,scitail@s0,encoder.layer.6.intermediate.dense,3072,0.004116645342,83.49682782,0,0.004116645342,83.49682782
qnli@s0__scitail@s0,qnli@s0,scitail@s0,encoder.layer.6.output.dense,768,0.01715469915,74.83936948,0,0.01715469915,74.83936948
qnli@s0__scitail@s0,qnli@s0,scitail@s0,encoder.layer.7.attention.output.dense,768,0.01561011167,77.80968481,0,0.01561011167,77.80968481
qnli@s0__scitail@s0,qnli@s0,scitail@s0,encoder.layer.7.attention.self.key,768,0.02263031237,73.94044837,0,0.02263031237,73.94044837
qnli@s0__scitail@s0,qnli@s0,scitail@s0,encoder.layer.7.attention.self.query,768,0.01945017859,75.01424007,0,0.01945017859,75.01424007
qnli@s0__scitail@s0,qnli@s0,scitail@s0,encoder.layer.7.attention.self.value,768,0.01443384409,78.43402988,0,0.01443384409,78.43402988
qnli@s0__scitail@s0,qnli@s0,scitail@s0,encoder.layer.7.intermediate.dense,3072,0.003285134701,84.19583421,0,0.003285134701,84.19583421
qnli@s0__scitail@s0,qnli@s0,scitail@s0,encoder.layer.7.output.dense,768,0.01622701753,76.06206052,0,0.01622701753,76.06206052
qnli@s0__scitail@s0,qnli@s0,scitail@s0,encoder.layer.8.attention.output.dense,768,0.02077410959,76.65939836,0,0.02077410959,76.65939836
qnli@s0__scitail@s0,qnli@s0,scitail@s0,encoder.layer.8.attention.self.key,768,0.02132400328,74.36819971,0,0.02132400328,74.36819971
qnli@s0__scitail@s0,qnli@s0,scitail@s0,encoder.layer.8.attention.self.query,768,0.02070048664,75.21318898,0,0.02070048664,75.21318898
qnli@s0__scitail@s0,qnli@s0,scitail@s0,encoder.layer.8.attention.self.value,768,0.01802356111,76.86415915,0,0.01802356111,76.86415915
qnli@s0__scitail@s0,qnli@s0,scitail@s0,encoder.layer.8.intermediate.dense,3072,0.003978468284,83.46573007,0,0.003978468284,83.46573007
qnli@s0__scitail@s0,qnli@s0,scitail@s0,encoder.layer.8.output.dense,768,0.02595436596,75.19905437,0,0.02595436596,75.19905437
qnli@s0__scitail@s0,qnli@s0,scitail@s0,encoder.layer.9.attention.output.dense,768,0.02287266557,75.7159875,0,0.02287266557,75.7159875
qnli@s0__scitail@s0,qnli@s0,scitail@s0,encoder.layer.9.attention.self.key,768,0.02206440765,74.96650385,0,0.02206440765,74.96650385
qnli@s0__scitail@s0,qnli@s0,scitail@s0,encoder.layer.9.attention.self.query,768,0.02368829047,74.24783414,0,0.02368829047,74.24783414
qnli@s0__scitail@s0,qnli@s0,scitail@s0,encoder.layer.9.attention.self.value,768,0.02221493815,74.32495034,0,0.02221493815,74.32495034
qnli@s0__scitail@s0,qnli@s0,scitail@s0,encoder.layer.9.intermediate.dense,3072,0.002608442623,84.40387951,0,0.002608442623,84.40387951
qnli@s0__scitail@s0,qnli@s0,scitail@s0,encoder.layer.9.output.dense,768,0.03132468681,72.72506894,0,0.03132468681,72.72506894
qnli@s0__scitail@s0,qnli@s0,scitail@s0,pooler.dense,768,0.06360884358,60.17432831,0,0.06360884358,60.17432831
qnli@s0__ag_news@s0,qnli@s0,ag_news@s0,encoder.layer.0.attention.output.dense,768,0.01346432421,77.98141373,0,0.01346432421,77.98141373
qnli@s0__ag_news@s0,qnli@s0,ag_news@s0,encoder.layer.0.attention.self.key,768,0.01886985815,77.23671943,0,0.01886985815,77.23671943
qnli@s0__ag_news@s0,qnli@s0,ag_news@s0,encoder.layer.0.attention.self.query,768,0.01661781534,77.55581971,0,0.01661781534,77.55581971
qnli@s0__ag_news@s0,qnli@s0,ag_news@s0,encoder.layer.0.attention.self.value,768,0.01888776216,76.57714325,0,0.01888776216,76.57714325
qnli@s0__ag_news@s0,qnli@s0,ag_news@s0,encoder.layer.0.intermediate.dense,3072,0.002572420085,84.7235992,0,0.002572420085,84.7235992
qnli@s0__ag_news@s0,qnli@s0,ag_news@s0,encoder.layer.0.output.dense,768,0.008460314375,79.56198193,0,0.008460314375,79.56198193
qnli@s0__ag_news@s0,qnli@s0,ag_news@s0,encoder.layer.1.attention.output.dense,768,0.01391151551,79.25762797,0,0.01391151551,79.25762797
qnli@s0__ag_news@s0,qnli@s0,ag_news@s0,encoder.layer.1.attention.self.key,768,0.01570576397,77.21299997,0,0.01570576397,77.21299997
qnli@s0__ag_news@s0,qnli@s0,ag_news@s0,encoder.layer.1.attention.self.query,768,0.01699965404,76.31884425,0,0.01699965404,76.31884425
qnli@s0__ag_news@s0,qnli@s0,ag_news@s0,encoder.layer.1.attention.self.value,768,0.02035810222,76.71084136,0,0.02035810222,76.71084136
qnli@s0__ag_news@s0,qnli@s0,ag_news@s0,encoder.layer.1.intermediate.dense,3072,0.002283929799,84.99474175,0,0.002283929799,84.99474175
qnli@s0__ag_news@s0,qnli@s0,ag_news@s0,encoder.layer.1.output.dense,768,0.01085110678,79.49479727,0,0.01085110678,79.49479727
qnli@s0__ag_news@s0,qnli@s0,ag_news@s0,encoder.layer.10.attention.output.dense,768,0.01243704968,77.62320534,0,0.01243704968,77.62320534
qnli@s0__ag_news@s0,qnli@s0,ag_news@s0,encoder.layer.10.attention.self.key,768,0.01519923975,78.1484257,0,0.01519923975,78.1484257
qnli@s0__ag_news@s0,qnli@s0,ag_news@s0,encoder.layer.10.attention.self.query,768,0.01640413986,77.15669362,0,0.01640413986,77.15669362
qnli@s0__ag_news@s0,qnli@s0,ag_news@s0,encoder.layer.10.attention.self.value,768,0.01437042947,77.19760171,0,0.01437042947,77.19760171
qnli@s0__ag_news@s0,qnli@s0,ag_news@s0,encoder.layer.10.intermediate.dense,3072,0.002999124159,84.06526336,0,0.002999124159,84.06526336
qnli@s0__ag_news@s0,qnli@s0,ag_news@s0,encoder.layer.10.output.dense,768,0.02220737154,74.87515698,0,0.02220737154,74.87515698
qnli@s0__ag_news@s0,qnli@s0,ag_news@s0,encoder.layer.11.attention.output.dense,768,0.02823617089,70.09809334,0,0.02823617089,70.09809334
qnli@s0__ag_news@s0,qnli@s0,ag_news@s0,encoder.layer.11.attention.self.key,768,0.01523565489,76.66597967,0,0.01523565489,76.66597967
qnli@s0__ag_news@s0,qnli@s0,ag_news@s0,encoder.layer.11.attention.self.query,768,0.01453567046,79.04727395,0,0.01453567046,79.04727395
qnli@s0__ag_news@s0,qnli@s0,ag_news@s0,encoder.layer.11.attention.self.value,768,0.02680472586,70.17677924,0,0.02680472586,70.17677924
qnli@s0__ag_news@s0,qnli@s0,ag_news@s0,encoder.layer.11.intermediate.dense,3072,0.005804257242,80.55651509,0,0.005804257242,80.55651509
qnli@s0__ag_news@s0,qnli@s0,ag_news@s0,encoder.layer.11.output.dense,768,0.05266744523,63.67169893,0,0.05266744523,63.67169893
qnli@s0__ag_news@s0,qnli@s0,ag_news@s0,encoder.layer.2.attention.output.dense,768,0.01210181925,78.32565457,0,0.01210181925,78.32565457
qnli@s0__ag_news@s0,qnli@s0,ag_news@s0,encoder.layer.2.attention.self.key,768,0.013450974,78.45342528,0,0.013450974,78.45342528
qnli@s0__ag_news@s0,qnli@s0,ag_news@s0,encoder.layer.2.attention.self.query,768,0.0160047691,77.17014446,0,0.0160047691,77.17014446
qnli@s0__ag_news@s0,qnli@s0,ag_news@s0,encoder.layer.2.attention.self.value,768,0.01153187408,79.18401984,0,0.01153187408,79.18401984
qnli@s0__ag_news@s0,qnli@s0,ag_news@s0,encoder.layer.2.intermediate.dense,3072,0.002455878464,85.18039079,0,0.002455878464,85.18039079
qnli@s0__ag_news@s0,qnli@s0,ag_news@s0,encoder.layer.2.output.dense,768,0.01939200321,76.01083856,0,0.01939200321,76.01083856
qnli@s0__ag_news@s0,qnli@s0,ag_news@s0,encoder.layer.3.attention.output.dense,768,0.0117143938,80.44272815,0,0.0117143938,80.44272815
qnli@s0__ag_news@s0,qnli@s0,ag_news@s0,encoder.layer.3.attention.self.key,768,0.01158073234,79.64791528,0,0.01158073234,79.64791528
qnli@s0__ag_news@s0,qnli@s0,ag_news@s0,encoder.layer.3.attention.self.query,768,0.01454886559,78.05329035,0,0.01454886559,78.05329035
qnli@s0__ag_news@s0,qnli@s0,ag_news@s0,encoder.layer.3.attention.self.value,768,0.01130203232,79.1744161,0,0.01130203232,79.1744161
qnli@s0__ag_news@s0,qnli@s0,ag_news@s0,encoder.layer.3.intermediate.dense,3072,0.002525186128,84.72874456,0,0.002525186128,84.72874456
qnli@s0__ag_news@s0,qnli@s0,ag_news@s0,encoder.layer.3.output.dense,768,0.0140948718,78.69707593,0,0.0140948718,78.69707593
qnli@s0__ag_news@s0,qnli@s0,ag_news@s0,encoder.layer.4.attention.output.dense,768,0.01367428474,79.46876132,0,0.01367428474,79.46876132
qnli@s0__ag_news@s0,qnli@s0,ag_news@s0,encoder.layer.4.attention.self.key,768,0.01733543448,76.34540727,0,0.01733543448,76.34540727
qnli@s0__ag_news@s0,qnli@s0,ag_news@s0,encoder.layer.4.attention.self.query,768,0.01597718949,77.10427826,0,0.01597718949,77.10427826
qnli@s0__ag_news@s0,qnli@s0,ag_news@s0,encoder.layer.4.attention.self.value,768,0.009151095999,79.7634337,0,0.009151095999,79.7634337
qnli@s0__ag_news@s0,qnli@s0,ag_news@s0,encoder.layer.4.intermediate.dense,3072,0.002717921139,85.01490336,0,0.002717921139,85.01490336
qnli@s0__ag_news@s0,qnli@s0,ag_news@s0,encoder.layer.4.output.dense,768,0.01307416624,79.81663729,0,0.01307416624,79.81663729
qnli@s0__ag_news@s0,qnli@s0,ag_news@s0,encoder.layer.5.attention.output.dense,768,0.01549507505,75.29111117,0,0.01549507505,75.29111117
qnli@s0__ag_news@s0,qnli@s0,ag_news@s0,encoder.layer.5.attention.self.key,768,0.0162897761,78.50884092,0,0.0162897761,78.50884092
qnli@s0__ag_news@s0,qnli@s0,ag_news@s0,encoder.layer.5.attention.self.query,768,0.01870438788,76.55293624,0,0.01870438788,76.55293624
qnli@s0__ag_news@s0,qnli@s0,ag_news@s0,encoder.layer.5.attention.self.value,768,0.01577370813,78.65546025,0,0.01577370813,78.65546025
qnli@s0__ag_news@s0,qnli@s0,ag_news@s0,encoder.layer.5.intermediate.dense,3072,0.003352529666,84.04103192,0,0.003352529666,84.04103192
qnli@s0__ag_news@s0,qnli@s0,ag_news@s0,encoder.layer.5.output.dense,768,0.01110140861,80.02275238,0,0.01110140861,80.02275238
qnli@s0__ag_news@s0,qnli@s0,ag_news@s0,encoder.layer.6.attention.output.dense,768,0.01428928232,77.08809079,0,0.01428928232,77.08809079
qnli@s0__ag_news@s0,qnli@s0,ag_news@s0,encoder.layer.6.attention.self.key,768,0.01814208946,75.44349521,0,0.01814208946,75.44349521
qnli@s0__ag_news@s0,qnli@s0,ag_news@s0,encoder.layer.6.attention.self.query,768,0.01548739955,76.42484114,0,0.01548739955,76.42484114
qnli@s0__ag_news@s0,qnli@s0,ag_news@s0,encoder.layer.6.attention.self.value,768,0.0127837919,79.97463675,0,0.0127837919,79.97463675
qnli@s0__ag_news@s0,qnli@s0,ag_news@s0,encoder.layer.6.intermediate.dense,3072,0.002773738628,84.13572228,0,0.002773738628,84.13572228
qnli@s0__ag_news@s0,qnli@s0,ag_news@s0,encoder.layer.6.output.dense,768,0.01615006922,75.91180341,0,0.01615006922,75.91180341
qnli@s0__ag_news@s0,qnli@s0,ag_news@s0,encoder.layer.7.attention.output.dense,768,0.01336803055,79.26830918,0,0.01336803055,79.26830918
qnli@s0__ag_news@s0,qnli@s0,ag_news@s0,encoder.layer.7.attention.self.key,768,0.01244440514,77.76989163,0,0.01244440514,77.76989163
qnli@s0__ag_news@s0,qnli@s0,ag_news@s0,encoder.layer.7.attention.self.query,768,0.01904100294,75.44783106,0,0.01904100294,75.44783106
qnli@s0__ag_news@s0,qnli@s0,ag_news@s0,encoder.layer.7.attention.self.value,768,0.007563214934,81.05932686,0,0.007563214934,81.05932686
qnli@s0__ag_news@s0,qnli@s0,ag_news@s0,encoder.layer.7.intermediate.dense,3072,0.002536477017,85.36682521,0,0.002536477017,85.36682521
qnli@s0__ag_news@s0,qnli@s0,ag_news@s0,encoder.layer.7.output.dense,768,0.01419622179,77.23280791,0,0.01419622179,77.23280791
qnli@s0__ag_news@s0,qnli@s0,ag_news@s0,encoder.layer.8.attention.output.dense,768,0.017562992,75.84579224,0,0.017562992,75.84579224
qnli@s0__ag_news@s0,qnli@s0,ag_news@s0,encoder.layer.8.attention.self.key,768,0.01497532417,77.8233881,0,0.01497532417,77.8233881
qnli@s0__ag_news@s0,qnli@s0,ag_news@s0,encoder.layer.8.attention.self.query,768,0.01441716531,77.75795542,0,0.01441716531,77.75795542
qnli@s0__ag_news@s0,qnli@s0,ag_news@s0,encoder.layer.8.attention.self.value,768,0.01400525469,77.58870529,0,0.01400525469,77.58870529
qnli@s0__ag_news@s0,qnli@s0,ag_news@s0,encoder.layer.8.intermediate.dense,3072,0.002404261465,84.94787766,0,0.002404261465,84.94787766
qnli@s0__ag_news@s0,qnli@s0,ag_news@s0,encoder.layer.8.output.dense,768,0.01756992625,75.43239335,0,0.01756992625,75.43239335
qnli@s0__ag_news@s0,qnli@s0,ag_news@s0,encoder.layer.9.attention.output.dense,768,0.01360950973,79.52723646,0,0.01360950973,79.52723646
qnli@s0__ag_news@s0,qnli@s0,ag_news@s0,encoder.layer.9.attention.self.key,768,0.01545161567,78.13882699,0,0.01545161567,78.13882699
qnli@s0__ag_news@s0,qnli@s0,ag_news@s0,encoder.layer.9.attention.self.query,768,0.01887521558,75.48819769,0,0.01887521558,75.48819769
qnli@s0__ag_news@s0,qnli@s0,ag_news@s0,encoder.layer.9.attention.self.value,768,0.01464512849,77.25567896,0,0.01464512849,77.25567896
qnli@s0__ag_news@s0,qnli@s0,ag_news@s0,encoder.layer.9.intermediate.dense,3072,0.003685486191,83.75500055,0,0.003685486191,83.75500055
qnli@s0__ag_news@s0,qnli@s0,ag_news@s0,encoder.layer.9.output.dense,768,0.02011288632,75.59021981,0,0.02011288632,75.59021981
qnli@s0__ag_news@s0,qnli@s0,ag_news@s0,pooler.dense,768,0.03370425581,67.01602983,0,0.03370425581,67.01602983
qnli@s0__imdb@s0,qnli@s0,imdb@s0,encoder.layer.0.attention.output.dense,768,0.01442113287,78.32017264,0,0.01442113287,78.32017264
qnli@s0__imdb@s0,qnli@s0,imdb@s0,encoder.layer.0.attention.self.key,768,0.01865618021,75.33810001,0,0.01865618021,75.33810001
qnli@s0__imdb@s0,qnli@s0,imdb@s0,encoder.layer.0.attention.self.query,768,0.02202267851,75.03294052,0,0.02202267851,75.03294052
qnli@s0__imdb@s0,qnli@s0,imdb@s0,encoder.layer.0.attention.self.value,768,0.01888854836,76.59474763,0,0.01888854836,76.59474763
qnli@s0__imdb@s0,qnli@s0,imdb@s0,encoder.layer.0.intermediate.dense,3072,0.003395494864,84.31615338,0,0.003395494864,84.31615338
qnli@s0__imdb@s0,qnli@s0,imdb@s0,encoder.layer.0.output.dense,768,0.0120182873,77.92444094,0,0.0120182873,77.92444094
qnli@s0__imdb@s0,qnli@s0,imdb@s0,encoder.layer.1.attention.output.dense,768,0.01606438262,78.36130668,0,0.01606438262,78.36130668
qnli@s0__imdb@s0,qnli@s0,imdb@s0,encoder.layer.1.attention.self.key,768,0.01228511677,79.83246379,0,0.01228511677,79.83246379
qnli@s0__imdb@s0,qnli@s0,imdb@s0,encoder.layer.1.attention.self.query,768,0.02185559041,73.69773561,0,0.02185559041,73.69773561
qnli@s0__imdb@s0,qnli@s0,imdb@s0,encoder.layer.1.attention.self.value,768,0.01841128207,76.1537718,0,0.01841128207,76.1537718
qnli@s0__imdb@s0,qnli@s0,imdb@s0,encoder.layer.1.intermediate.dense,3072,0.002310333679,85.6287801,0,0.002310333679,85.6287801
qnli@s0__imdb@s0,qnli@s0,imdb@s0,encoder.layer.1.output.dense,768,0.01564834693,76.51473567,0,0.01564834693,76.51473567
qnli@s0__imdb@s0,qnli@s0,imdb@s0,encoder.layer.10.attention.output.dense,768,0.02831670473,72.79677316,0,0.02831670473,72.79677316
qnli@s0__imdb@s0,qnli@s0,imdb@s0,encoder.layer.10.attention.self.key,768,0.01695160041,73.19099204,0,0.01695160041,73.19099204
qnli@s0__imdb@s0,qnli@s0,imdb@s0,encoder.layer.10.attention.self.query,768,0.01978969583,76.00142976,0,0.01978969583,76.00142976
qnli@s0__imdb@s0,qnli@s0,imdb@s0,encoder.layer.10.attention.self.value,768,0.01110095799,80.22419124,0,0.01110095799,80.22419124
qnli@s0__imdb@s0,qnli@s0,imdb@s0,encoder.layer.10.intermediate.dense,3072,0.003722610103,83.31271707,0,0.003722610103,83.31271707
qnli@s0__imdb@s0,qnli@s0,imdb@s0,encoder.layer.10.output.dense,768,0.02261354141,73.94361109,0,0.02261354141,73.94361109
qnli@s0__imdb@s0,qnli@s0,imdb@s0,encoder.layer.11.attention.output.dense,768,0.03912859327,68.68450183,0,0.03912859327,68.68450183
qnli@s0__imdb@s0,qnli@s0,imdb@s0,encoder.layer.11.attention.self.key,768,0.01964818019,75.21483922,0,0.01964818019,75.21483922
qnli@s0__imdb@s0,qnli@s0,imdb@s0,encoder.layer.11.attention.self.query,768,0.0155027163,78.90125176,0,0.0155027163,78.90125176
qnli@s0__imdb@s0,qnli@s0,imdb@s0,encoder.layer.11.attention.self.value,768,0.01802790624,75.58848993,0,0.01802790624,75.58848993
qnli@s0__imdb@s0,qnli@s0,imdb@s0,encoder.layer.11.intermediate.dense,3072,0.01223869641,74.3927555,0,0.01223869641,74.3927555
qnli@s0__imdb@s0,qnli@s0,imdb@s0,encoder.layer.11.output.dense,768,0.02945267796,72.49135964,0,0.02945267796,72.49135964
qnli@s0__imdb@s0,qnli@s0,imdb@s0,encoder.layer.2.attention.output.dense,768,0.01696128317,76.80671416,0,0.01696128317,76.80671416
qnli@s0__imdb@s0,qnli@s0,imdb@s0,encoder.layer.2.attention.self.key,768,0.01533601885,78.00055613,0,0.01533601885,78.00055613
qnli@s0__imdb@s0,qnli@s0,imdb@s0,encoder.layer.2.attention.self.query,768,0.02138920421,76.69399855,0,0.02138920421,76.69399855
qnli@s0__imdb@s0,qnli@s0,imdb@s0,encoder.layer.2.attention.self.value,768,0.01632686007,78.10157303,0,0.01632686007,78.10157303
qnli@s0__imdb@s0,qnli@s0,imdb@s0,encoder.layer.2.intermediate.dense,3072,0.002548084111,84.63755778,0,0.002548084111,84.63755778
qnli@s0__imdb@s0,qnli@s0,imdb@s0,encoder.layer.2.output.dense,768,0.01535321287,78.0281458,0,0.01535321287,78.0281458
qnli@s0__imdb@s0,qnli@s0,imdb@s0,encoder.layer.3.attention.output.dense,768,0.01195322525,79.55869495,0,0.01195322525,79.55869495
qnli@s0__imdb@s0,qnli@s0,imdb@s0,encoder.layer.3.attention.self.key,768,0.01461497756,77.96401404,0,0.01461497756,77.96401404
qnli@s0__imdb@s0,qnli@s0,imdb@s0,encoder.layer.3.attention.self.query,768,0.01924319646,76.9127869,0,0.01924319646,76.9127869
qnli@s0__imdb@s0,qnli@s0,imdb@s0,encoder.layer.3.attention.self.value,768,0.01353474138,78.03434923,0,0.01353474138,78.03434923
qnli@s0__imdb@s0,qnli@s0,imdb@s0,encoder.layer.3.intermediate.dense,3072,0.003156660468,84.2181659,0,0.003156660468,84.2181659
qnli@s0__imdb@s0,qnli@s0,imdb@s0,encoder.layer.3.output.dense,768,0.0191255534,77.15998926,0,0.0191255534,77.15998926
qnli@s0__imdb@s0,qnli@s0,imdb@s0,encoder.layer.4.attention.output.dense,768,0.01351112268,77.84604843,0,0.01351112268,77.84604843
qnli@s0__imdb@s0,qnli@s0,imdb@s0,encoder.layer.4.attention.self.key,768,0.01606522287,77.81833852,0,0.01606522287,77.81833852
qnli@s0__imdb@s0,qnli@s0,imdb@s0,encoder.layer.4.attention.self.query,768,0.01873767283,77.3726496,0,0.01873767283,77.3726496
qnli@s0__imdb@s0,qnli@s0,imdb@s0,encoder.layer.4.attention.self.value,768,0.01096229147,79.62337949,0,0.01096229147,79.62337949
qnli@s0__imdb@s0,qnli@s0,imdb@s0,encoder.layer.4.intermediate.dense,3072,0.003407253053,83.99338833,0,0.003407253053,83.99338833
qnli@s0__imdb@s0,qnli@s0,imdb@s0,encoder.layer.4.output.dense,768,0.01350632988,78.66310613,0,0.01350632988,78.66310613
qnli@s0__imdb@s0,qnli@s0,imdb@s0,encoder.layer.5.attention.output.dense,768,0.01019659444,78.31866295,0,0.01019659444,78.31866295
qnli@s0__imdb@s0,qnli@s0,imdb@s0,encoder.layer.5.attention.self.key,768,0.01731074962,77.2907002,0,0.01731074962,77.2907002
qnli@s0__imdb@s0,qnli@s0,imdb@s0,encoder.layer.5.attention.self.query,768,0.01912549064,75.85818676,0,0.01912549064,75.85818676
qnli@s0__imdb@s0,qnli@s0,imdb@s0,encoder.layer.5.attention.self.value,768,0.01467165252,78.87906711,0,0.01467165252,78.87906711
qnli@s0__imdb@s0,qnli@s0,imdb@s0,encoder.layer.5.intermediate.dense,3072,0.00275585481,84.58210429,0,0.00275585481,84.58210429
qnli@s0__imdb@s0,qnli@s0,imdb@s0,encoder.layer.5.output.dense,768,0.01442697108,77.15084152,0,0.01442697108,77.15084152
qnli@s0__imdb@s0,qnli@s0,imdb@s0,encoder.layer.6.attention.output.dense,768,0.01403573982,78.79331155,0,0.01403573982,78.79331155
qnli@s0__imdb@s0,qnli@s0,imdb@s0,encoder.layer.6.attention.self.key,768,0.01379765874,75.49523298,0,0.01379765874,75.49523298
qnli@s0__imdb@s0,qnli@s0,imdb@s0,encoder.layer.6.attention.self.query,768,0.02251632372,75.40579812,0,0.02251632372,75.40579812
qnli@s0__imdb@s0,qnli@s0,imdb@s0,encoder.layer.6.attention.self.value,768,0.01431515076,77.65295232,0,0.01431515076,77.65295232
qnli@s0__imdb@s0,qnli@s0,imdb@s0,encoder.layer.6.intermediate.dense,3072,0.00448525471,82.76600165,0,0.00448525471,82.76600165
qnli@s0__imdb@s0,qnli@s0,imdb@s0,encoder.layer.6.output.dense,768,0.01206187146,76.87753594,0,0.01206187146,76.87753594
qnli@s0__imdb@s0,qnli@s0,imdb@s0,encoder.layer.7.attention.output.dense,768,0.01238889856,78.71250828,0,0.01238889856,78.71250828
qnli@s0__imdb@s0,qnli@s0,imdb@s0,encoder.layer.7.attention.self.key,768,0.0198128565,75.05541762,0,0.0198128565,75.05541762
qnli@s0__imdb@s0,qnli@s0,imdb@s0,encoder.layer.7.attention.self.query,768,0.01707705868,77.84509892,0,0.01707705868,77.84509892
qnli@s0__imdb@s0,qnli@s0,imdb@s0,encoder.layer.7.attention.self.value,768,0.01135551543,79.39603535,0,0.01135551543,79.39603535
qnli@s0__imdb@s0,qnli@s0,imdb@s0,encoder.layer.7.intermediate.dense,3072,0.003022128534,84.7054248,0,0.003022128534,84.7054248
qnli@s0__imdb@s0,qnli@s0,imdb@s0,encoder.layer.7.output.dense,768,0.01890698721,76.02427125,0,0.01890698721,76.02427125
qnli@s0__imdb@s0,qnli@s0,imdb@s0,encoder.layer.8.attention.output.dense,768,0.01802045928,75.90834695,0,0.01802045928,75.90834695
qnli@s0__imdb@s0,qnli@s0,imdb@s0,encoder.layer.8.attention.self.key,768,0.01662311055,77.78049304,0,0.01662311055,77.78049304
qnli@s0__imdb@s0,qnli@s0,imdb@s0,encoder.layer.8.attention.self.query,768,0.01842984692,76.56153451,0,0.01842984692,76.56153451
qnli@s0__imdb@s0,qnli@s0,imdb@s0,encoder.layer.8.attention.self.value,768,0.0191103445,76.21553458,0,0.0191103445,76.21553458
qnli@s0__imdb@s0,qnli@s0,imdb@s0,encoder.layer.8.intermediate.dense,3072,0.002276703913,85.59184775,0,0.002276703913,85.59184775
qnli@s0__imdb@s0,qnli@s0,imdb@s0,encoder.layer.8.output.dense,768,0.02743386527,73.8504568,0,0.02743386527,73.8504568
qnli@s0__imdb@s0,qnli@s0,imdb@s0,encoder.layer.9.attention.output.dense,768,0.02274195368,77.11199754,0,0.02274195368,77.11199754
qnli@s0__imdb@s0,qnli@s0,imdb@s0,encoder.layer.9.attention.self.key,768,0.01686537874,77.42530912,0,0.01686537874,77.42530912
qnli@s0__imdb@s0,qnli@s0,imdb@s0,encoder.layer.9.attention.self.query,768,0.01524646502,78.73441753,0,0.01524646502,78.73441753
qnli@s0__imdb@s0,qnli@s0,imdb@s0,encoder.layer.9.attention.self.value,768,0.01482479767,77.55141369,0,0.01482479767,77.55141369
qnli@s0__imdb@s0,qnli@s0,imdb@s0,encoder.layer.9.intermediate.dense,3072,0.002598416529,84.64108853,0,0.002598416529,84.64108853
qnli@s0__imdb@s0,qnli@s0,imdb@s0,encoder.layer.9.output.dense,768,0.02210275035,74.50692261,0,0.02210275035,74.50692261
qnli@s0__imdb@s0,qnli@s0,imdb@s0,pooler.dense,768,0.05802523031,60.21537143,0,0.05802523031,60.21537143
qnli@s0__trec@s0,qnli@s0,trec@s0,encoder.layer.0.attention.output.dense,768,0.0105274821,79.28365138,0,0.0105274821,79.28365138
qnli@s0__trec@s0,qnli@s0,trec@s0,encoder.layer.0.attention.self.key,768,0.02284538596,74.30541481,0,0.02284538596,74.30541481
qnli@s0__trec@s0,qnli@s0,trec@s0,encoder.layer.0.attention.self.query,768,0.01780327862,75.65853484,0,0.01780327862,75.65853484
qnli@s0__trec@s0,qnli@s0,trec@s0,encoder.layer.0.attention.self.value,768,0.01703460767,77.55252918,0,0.01703460767,77.55252918
qnli@s0__trec@s0,qnli@s0,trec@s0,encoder.layer.0.intermediate.dense,3072,0.002644565591,84.80051672,0,0.002644565591,84.80051672
qnli@s0__trec@s0,qnli@s0,trec@s0,encoder.layer.0.output.dense,768,0.0167442257,77.22252623,0,0.0167442257,77.22252623
qnli@s0__trec@s0,qnli@s0,trec@s0,encoder.layer.1.attention.output.dense,768,0.01652912308,78.55655161,0,0.01652912308,78.55655161
qnli@s0__trec@s0,qnli@s0,trec@s0,encoder.layer.1.attention.self.key,768,0.01959131033,77.53783763,0,0.01959131033,77.53783763
qnli@s0__trec@s0,qnli@s0,trec@s0,encoder.layer.1.attention.self.query,768,0.02438067265,74.24719709,0,0.02438067265,74.24719709
qnli@s0__trec@s0,qnli@s0,trec@s0,encoder.layer.1.attention.self.value,768,0.01296877558,78.27362416,0,0.01296877558,78.27362416
qnli@s0__trec@s0,qnli@s0,trec@s0,encoder.layer.1.intermediate.dense,3072,0.002758230098,84.56240579,0,0.002758230098,84.56240579
qnli@s0__trec@s0,qnli@s0,trec@s0,encoder.layer.1.output.dense,768,0.01475922121,76.77635752,0,0.01475922121,76.77635752
qnli@s0__trec@s0,qnli@s0,trec@s0,encoder.layer.10.attention.output.dense,768,0.02107133409,73.60545287,0,0.02107133409,73.60545287
qnli@s0__trec@s0,qnli@s0,trec@s0,encoder.layer.10.attention.self.key,768,0.02472458305,75.36054646,0,0.02472458305,75.36054646
qnli@s0__trec@s0,qnli@s0,trec@s0,encoder.layer.10.attention.self.query,768,0.02451760796,73.40026056,0,0.02451760796,73.40026056
qnli@s0__trec@s0,qnli@s0,trec@s0,encoder.layer.10.attention.self.value,768,0.01584437656,78.55212127,0,0.01584437656,78.55212127
qnli@s0__trec@s0,qnli@s0,trec@s0,encoder.layer.10.intermediate.dense,3072,0.00322197706,84.47205245,0,0.00322197706,84.47205245
qnli@s0__trec@s0,qnli@s0,trec@s0,encoder.layer.10.output.dense,768,0.02139393509,73.24374435,0,0.02139393509,73.24374435
qnli@s0__trec@s0,qnli@s0,trec@s0,encoder.layer.11.attention.output.dense,768,0.03727281758,69.86575504,0,0.03727281758,69.86575504
qnli@s0__trec@s0,qnli@s0,trec@s0,encoder.layer.11.attention.self.key,768,0.01515814486,76.26792594,0,0.01515814486,76.26792594
qnli@s0__trec@s0,qnli@s0,trec@s0,encoder.layer.11.attention.self.query,768,0.01818662876,75.01315161,0,0.01818662876,75.01315161
qnli@s0__trec@s0,qnli@s0,trec@s0,encoder.layer.11.attention.self.value,768,0.0221732926,74.7381862,0,0.0221732926,74.7381862
qnli@s0__trec@s0,qnli@s0,trec@s0,encoder.layer.11.intermediate.dense,3072,0.004456469456,82.50290951,0,0.004456469456,82.50290951
qnli@s0__trec@s0,qnli@s0,trec@s0,encoder.layer.11.output.dense,768,0.02961467438,69.05074269,0,0.02961467438,69.05074269
qnli@s0__trec@s0,qnli@s0,trec@s0,encoder.layer.2.attention.output.dense,768,0.01122524662,80.34257239,0,0.01122524662,80.34257239
qnli@s0__trec@s0,qnli@s0,trec@s0,encoder.layer.2.attention.self.key,768,0.01695645537,76.05151019,0,0.01695645537,76.05151019
qnli@s0__trec@s0,qnli@s0,trec@s0,encoder.layer.2.attention.self.query,768,0.01499279688,78.80789642,0,0.01499279688,78.80789642
qnli@s0__trec@s0,qnli@s0,trec@s0,encoder.layer.2.attention.self.value,768,0.01475147184,78.58750607,0,0.01475147184,78.58750607
qnli@s0__trec@s0,qnli@s0,trec@s0,encoder.layer.2.intermediate.dense,3072,0.002662920562,85.16663602,0,0.002662920562,85.16663602
qnli@s0__trec@s0,qnli@s0,trec@s0,encoder.layer.2.output.dense,768,0.01828945874,75.65676404,0,0.01828945874,75.65676404
qnli@s0__trec@s0,qnli@s0,trec@s0,encoder.layer.3.attention.output.dense,768,0.01451437263,78.26208029,0,0.01451437263,78.26208029
qnli@s0__trec@s0,qnli@s0,trec@s0,encoder.layer.3.attention.self.key,768,0.01338755028,79.96019242,0,0.01338755028,79.96019242
qnli@s0__trec@s0,qnli@s0,trec@s0,encoder.layer.3.attention.self.query,768,0.0157412785,78.02729051,0,0.0157412785,78.02729051
qnli@s0__trec@s0,qnli@s0,trec@s0,encoder.layer.3.attention.self.value,768,0.01172458542,78.40341993,0,0.01172458542,78.40341993
qnli@s0__trec@s0,qnli@s0,trec@s0,encoder.layer.3.intermediate.dense,3072,0.002726997518,84.38368738,0,0.002726997518,84.38368738
qnli@s0__trec@s0,qnli@s0,trec@s0,encoder.layer.3.output.dense,768,0.01955692558,76.1800682,0,0.01955692558,76.1800682
qnli@s0__trec@s0,qnli@s0,trec@s0,encoder.layer.4.attention.output.dense,768,0.01826119931,76.47373745,0,0.01826119931,76.47373745
qnli@s0__trec@s0,qnli@s0,trec@s0,encoder.layer.4.attention.self.key,768,0.01887710401,77.30069269,0,0.01887710401,77.30069269
qnli@s0__trec@s0,qnli@s0,trec@s0,encoder.layer.4.attention.self.query,768,0.02930829004,71.62095724,0,0.02930829004,71.62095724
qnli@s0__trec@s0,qnli@s0,trec@s0,encoder.layer.4.attention.self.value,768,0.01634618213,76.98892139,0,0.01634618213,76.98892139
qnli@s0__trec@s0,qnli@s0,trec@s0,encoder.layer.4.intermediate.dense,3072,0.003908469922,83.26438384,0,0.003908469922,83.26438384
qnli@s0__trec@s0,qnli@s0,trec@s0,encoder.layer.4.output.dense,768,0.01661984961,78.12166544,0,0.01661984961,78.12166544
qnli@s0__trec@s0,qnli@s0,trec@s0,encoder.layer.5.attention.output.dense,768,0.01080693146,79.29587049,0,0.01080693146,79.29587049
qnli@s0__trec@s0,qnli@s0,trec@s0,encoder.layer.5.attention.self.key,768,0.01467923653,77.05129275,0,0.01467923653,77.05129275
qnli@s0__trec@s0,qnli@s0,trec@s0,encoder.layer.5.attention.self.query,768,0.01942016945,76.71919187,0,0.01942016945,76.71919187
qnli@s0__trec@s0,qnli@s0,trec@s0,encoder.layer.5.attention.self.value,768,0.01590695007,76.1249054,0,0.01590695007,76.1249054
qnli@s0__trec@s0,qnli@s0,trec@s0,encoder.layer.5.intermediate.dense,3072,0.003621514668,83.8462839,0,0.003621514668,83.8462839
qnli@s0__trec@s0,qnli@s0,trec@s0,encoder.layer.5.output.dense,768,0.01798539271,74.85563781,0,0.01798539271,74.85563781
qnli@s0__trec@s0,qnli@s0,trec@s0,encoder.layer.6.attention.output.dense,768,0.01413142717,77.2889957,0,0.01413142717,77.2889957
qnli@s0__trec@s0,qnli@s0,trec@s0,encoder.layer.6.attention.self.key,768,0.01769007385,76.26195631,0,0.01769007385,76.26195631
qnli@s0__trec@s0,qnli@s0,trec@s0,encoder.layer.6.attention.self.query,768,0.01873886727,76.85582713,0,0.01873886727,76.85582713
qnli@s0__trec@s0,qnli@s0,trec@s0,encoder.layer.6.attention.self.value,768,0.01460490076,78.05469292,0,0.01460490076,78.05469292
qnli@s0__trec@s0,qnli@s0,trec@s0,encoder.layer.6.intermediate.dense,3072,0.003485324889,83.58974808,0,0.003485324889,83.58974808
qnli@s0__trec@s0,qnli@s0,trec@s0,encoder.layer.6.output.dense,768,0.01637847199,77.00064405,0,0.01637847199,77.00064405
qnli@s0__trec@s0,qnli@s0,trec@s0,encoder.layer.7.attention.output.dense,768,0.01349167818,76.1601643,0,0.01349167818,76.1601643
qnli@s0__trec@s0,qnli@s0,trec@s0,encoder.layer.7.attention.self.key,768,0.01988794759,74.67502098,0,0.01988794759,74.67502098
qnli@s0__trec@s0,qnli@s0,trec@s0,encoder.layer.7.attention.self.query,768,0.01515386334,78.68700264,0,0.01515386334,78.68700264
qnli@s0__trec@s0,qnli@s0,trec@s0,encoder.layer.7.attention.self.value,768,0.01307088953,78.70863822,0,0.01307088953,78.70863822
qnli@s0__trec@s0,qnli@s0,trec@s0,encoder.layer.7.intermediate.dense,3072,0.003310824152,83.83011787,0,0.003310824152,83.83011787
qnli@s0__trec@s0,qnli@s0,trec@s0,encoder.layer.7.output.dense,768,0.01542521911,76.71163321,0,0.01542521911,76.71163321
qnli@s0__trec@s0,qnli@s0,trec@s0,encoder.layer.8.attention.output.dense,768,0.01669073834,77.13504086,0,0.01669073834,77.13504086
qnli@s0__trec@s0,qnli@s0,trec@s0,encoder.layer.8.attention.self.key,768,0.0166863594,77.30529555,0,0.0166863594,77.30529555
qnli@s0__trec@s0,qnli@s0,trec@s0,encoder.layer.8.attention.self.query,768,0.02521359444,75.19516714,0,0.02521359444,75.19516714
qnli@s0__trec@s0,qnli@s0,trec@s0,encoder.layer.8.attention.self.value,768,0.01174828595,77.88887112,0,0.01174828595,77.88887112
qnli@s0__trec@s0,qnli@s0,trec@s0,encoder.layer.8.intermediate.dense,3072,0.00354822045,84.14679603,0,0.00354822045,84.14679603
qnli@s0__trec@s0,qnli@s0,trec@s0,encoder.layer.8.output.dense,768,0.01498113579,77.19493652,0,0.01498113579,77.19493652
qnli@s0__trec@s0,qnli@s0,trec@s0,encoder.layer.9.attention.output.dense,768,0.01689103742,75.89986073,0,0.01689103742,75.89986073
qnli@s0__trec@s0,qnli@s0,trec@s0,encoder.layer.9.attention.self.key,768,0.02202178874,76.43292057,0,0.02202178874,76.43292057
qnli@s0__trec@s0,qnli@s0,trec@s0,encoder.layer.9.attention.self.query,768,0.02356533813,74.07248366,0,0.02356533813,74.07248366
qnli@s0__trec@s0,qnli@s0,trec@s0,encoder.layer.9.attention.self.value,768,0.01410005381,78.22378332,0,0.01410005381,78.22378332
qnli@s0__trec@s0,qnli@s0,trec@s0,encoder.layer.9.intermediate.dense,3072,0.003320268741,84.43920243,0,0.003320268741,84.43920243
qnli@s0__trec@s0,qnli@s0,trec@s0,encoder.layer.9.output.dense,768,0.01525134182,76.32340363,0,0.01525134182,76.32340363
qnli@s0__trec@s0,qnli@s0,trec@s0,pooler.dense,768,0.02043773035,74.2883762,0,0.02043773035,74.2883762
qnli@s0__yelp_polarity@s0,qnli@s0,yelp_polarity@s0,encoder.layer.0.attention.output.dense,768,0.01242794363,78.7267884,0,0.01242794363,78.7267884
qnli@s0__yelp_polarity@s0,qnli@s0,yelp_polarity@s0,encoder.layer.0.attention.self.key,768,0.02120122156,74.35670408,0,0.02120122156,74.35670408
qnli@s0__yelp_polarity@s0,qnli@s0,yelp_polarity@s0,encoder.layer.0.attention.self.query,768,0.01944999413,75.59286985,0,0.01944999413,75.59286985
qnli@s0__yelp_polarity@s0,qnli@s0,yelp_polarity@s0,encoder.layer.0.attention.self.value,768,0.01683418972,77.75798537,0,0.01683418972,77.75798537
qnli@s0__yelp_polarity@s0,qnli@s0,yelp_polarity@s0,encoder.layer.0.intermediate.dense,3072,0.002176069841,84.9733231,0,0.002176069841,84.9733231
qnli@s0__yelp_polarity@s0,qnli@s0,yelp_polarity@s0,encoder.layer.0.output.dense,768,0.02367356102,74.87672875,0,0.02367356102,74.87672875
qnli@s0__yelp_polarity@s0,qnli@s0,yelp_polarity@s0,encoder.layer.1.attention.output.dense,768,0.01742320323,75.4799571,0,0.01742320323,75.4799571
qnli@s0__yelp_polarity@s0,qnli@s0,yelp_polarity@s0,encoder.layer.1.attention.self.key,768,0.0153471269,76.92054748,0,0.0153471269,76.92054748
qnli@s0__yelp_polarity@s0,qnli@s0,yelp_polarity@s0,encoder.layer.1.attention.self.query,768,0.01596494735,77.253971,0,0.01596494735,77.253971
qnli@s0__yelp_polarity@s0,qnli@s0,yelp_polarity@s0,encoder.layer.1.attention.self.value,768,0.01214402282,78.57945596,0,0.01214402282,78.57945596
qnli@s0__yelp_polarity@s0,qnli@s0,yelp_polarity@s0,encoder.layer.1.intermediate.dense,3072,0.002426417243,85.21411594,0,0.002426417243,85.21411594
qnli@s0__yelp_polarity@s0,qnli@s0,yelp_polarity@s0,encoder.layer.1.output.dense,768,0.01468235008,75.19499782,0,0.01468235008,75.19499782
qnli@s0__yelp_polarity@s0,qnli@s0,yelp_polarity@s0,encoder.layer.10.attention.output.dense,768,0.01834997805,76.76888377,0,0.01834997805,76.76888377
qnli@s0__yelp_polarity@s0,qnli@s0,yelp_polarity@s0,encoder.layer.10.attention.self.key,768,0.01498428449,78.24054425,0,0.01498428449,78.24054425
qnli@s0__yelp_polarity@s0,qnli@s0,yelp_polarity@s0,encoder.layer.10.attention.self.query,768,0.01537538614,76.86744486,0,0.01537538614,76.86744486
qnli@s0__yelp_polarity@s0,qnli@s0,yelp_polarity@s0,encoder.layer.10.attention.self.value,768,0.01824785784,75.66171275,0,0.01824785784,75.66171275
qnli@s0__yelp_polarity@s0,qnli@s0,yelp_polarity@s0,encoder.layer.10.intermediate.dense,3072,0.002423773971,85.36803079,0,0.002423773971,85.36803079
qnli@s0__yelp_polarity@s0,qnli@s0,yelp_polarity@s0,encoder.layer.10.output.dense,768,0.0176241778,76.8764702,0,0.0176241778,76.8764702
qnli@s0__yelp_polarity@s0,qnli@s0,yelp_polarity@s0,encoder.layer.11.attention.output.dense,768,0.0245405481,73.77992408,0,0.0245405481,73.77992408
qnli@s0__yelp_polarity@s0,qnli@s0,yelp_polarity@s0,encoder.layer.11.attention.self.key,768,0.01621151306,74.0717332,0,0.01621151306,74.0717332
qnli@s0__yelp_polarity@s0,qnli@s0,yelp_polarity@s0,encoder.layer.11.attention.self.query,768,0.01783767086,75.53072916,0,0.01783767086,75.53072916
qnli@s0__yelp_polarity@s0,qnli@s0,yelp_polarity@s0,encoder.layer.11.attention.self.value,768,0.02745309799,69.97120216,0,0.02745309799,69.97120216
qnli@s0__yelp_polarity@s0,qnli@s0,yelp_polarity@s0,encoder.layer.11.intermediate.dense,3072,0.01318972271,74.13210871,0,0.01318972271,74.13210871
qnli@s0__yelp_polarity@s0,qnli@s0,yelp_polarity@s0,encoder.layer.11.output.dense,768,0.02995439236,70.2063903,0,0.02995439236,70.2063903
qnli@s0__yelp_polarity@s0,qnli@s0,yelp_polarity@s0,encoder.layer.2.attention.output.dense,768,0.01310615831,78.55181122,0,0.01310615831,78.55181122
qnli@s0__yelp_polarity@s0,qnli@s0,yelp_polarity@s0,encoder.layer.2.attention.self.key,768,0.01614171715,77.81198218,0,0.01614171715,77.81198218
qnli@s0__yelp_polarity@s0,qnli@s0,yelp_polarity@s0,encoder.layer.2.attention.self.query,768,0.01130614236,79.97716071,0,0.01130614236,79.97716071
qnli@s0__yelp_polarity@s0,qnli@s0,yelp_polarity@s0,encoder.layer.2.attention.self.value,768,0.01480787894,77.83980433,0,0.01480787894,77.83980433
qnli@s0__yelp_polarity@s0,qnli@s0,yelp_polarity@s0,encoder.layer.2.intermediate.dense,3072,0.003126536272,84.19044275,0,0.003126536272,84.19044275
qnli@s0__yelp_polarity@s0,qnli@s0,yelp_polarity@s0,encoder.layer.2.output.dense,768,0.01175775765,79.75086081,0,0.01175775765,79.75086081
qnli@s0__yelp_polarity@s0,qnli@s0,yelp_polarity@s0,encoder.layer.3.attention.output.dense,768,0.01545768141,78.38755845,0,0.01545768141,78.38755845
qnli@s0__yelp_polarity@s0,qnli@s0,yelp_polarity@s0,encoder.layer.3.attention.self.key,768,0.01276542151,79.34278108,0,0.01276542151,79.34278108
qnli@s0__yelp_polarity@s0,qnli@s0,yelp_polarity@s0,encoder.layer.3.attention.self.query,768,0.0149319959,78.70636427,0,0.0149319959,78.70636427
qnli@s0__yelp_polarity@s0,qnli@s0,yelp_polarity@s0,encoder.layer.3.attention.self.value,768,0.01436225225,76.67021562,0,0.01436225225,76.67021562
qnli@s0__yelp_polarity@s0,qnli@s0,yelp_polarity@s0,encoder.layer.3.intermediate.dense,3072,0.004380329429,82.68210625,0,0.004380329429,82.68210625
qnli@s0__yelp_polarity@s0,qnli@s0,yelp_polarity@s0,encoder.layer.3.output.dense,768,0.01352282918,79.08967009,0,0.01352282918,79.08967009
qnli@s0__yelp_polarity@s0,qnli@s0,yelp_polarity@s0,encoder.layer.4.attention.output.dense,768,0.01406989649,77.82027593,0,0.01406989649,77.82027593
qnli@s0__yelp_polarity@s0,qnli@s0,yelp_polarity@s0,encoder.layer.4.attention.self.key,768,0.01715303959,75.43455949,0,0.01715303959,75.43455949
qnli@s0__yelp_polarity@s0,qnli@s0,yelp_polarity@s0,encoder.layer.4.attention.self.query,768,0.01737474444,77.53488824,0,0.01737474444,77.53488824
qnli@s0__yelp_polarity@s0,qnli@s0,yelp_polarity@s0,encoder.layer.4.attention.self.value,768,0.01449327739,78.94176179,0,0.01449327739,78.94176179
qnli@s0__yelp_polarity@s0,qnli@s0,yelp_polarity@s0,encoder.layer.4.intermediate.dense,3072,0.00338506402,83.81470824,0,0.00338506402,83.81470824
qnli@s0__yelp_polarity@s0,qnli@s0,yelp_polarity@s0,encoder.layer.4.output.dense,768,0.01457217809,79.24119905,0,0.01457217809,79.24119905
qnli@s0__yelp_polarity@s0,qnli@s0,yelp_polarity@s0,encoder.layer.5.attention.output.dense,768,0.01389877872,77.14276293,0,0.01389877872,77.14276293
qnli@s0__yelp_polarity@s0,qnli@s0,yelp_polarity@s0,encoder.layer.5.attention.self.key,768,0.01589834226,77.94029202,0,0.01589834226,77.94029202
qnli@s0__yelp_polarity@s0,qnli@s0,yelp_polarity@s0,encoder.layer.5.attention.self.query,768,0.01492559289,78.50426224,0,0.01492559289,78.50426224
qnli@s0__yelp_polarity@s0,qnli@s0,yelp_polarity@s0,encoder.layer.5.attention.self.value,768,0.01166344712,78.2183147,0,0.01166344712,78.2183147
qnli@s0__yelp_polarity@s0,qnli@s0,yelp_polarity@s0,encoder.layer.5.intermediate.dense,3072,0.002271260209,85.04591779,0,0.002271260209,85.04591779
qnli@s0__yelp_polarity@s0,qnli@s0,yelp_polarity@s0,encoder.layer.5.output.dense,768,0.01606994248,77.28426532,0,0.01606994248,77.28426532
qnli@s0__yelp_polarity@s0,qnli@s0,yelp_polarity@s0,encoder.layer.6.attention.output.dense,768,0.01380477841,79.57472792,0,0.01380477841,79.57472792
qnli@s0__yelp_polarity@s0,qnli@s0,yelp_polarity@s0,encoder.layer.6.attention.self.key,768,0.01812079923,77.24320643,0,0.01812079923,77.24320643
qnli@s0__yelp_polarity@s0,qnli@s0,yelp_polarity@s0,encoder.layer.6.attention.self.query,768,0.02104932878,74.83721875,0,0.02104932878,74.83721875
qnli@s0__yelp_polarity@s0,qnli@s0,yelp_polarity@s0,encoder.layer.6.attention.self.value,768,0.01207828292,78.33561581,0,0.01207828292,78.33561581
qnli@s0__yelp_polarity@s0,qnli@s0,yelp_polarity@s0,encoder.layer.6.intermediate.dense,3072,0.002609348063,85.04898271,0,0.002609348063,85.04898271
qnli@s0__yelp_polarity@s0,qnli@s0,yelp_polarity@s0,encoder.layer.6.output.dense,768,0.01589459305,78.30696166,0,0.01589459305,78.30696166
qnli@s0__yelp_polarity@s0,qnli@s0,yelp_polarity@s0,encoder.layer.7.attention.output.dense,768,0.01264737349,77.98118265,0,0.01264737349,77.98118265
qnli@s0__yelp_polarity@s0,qnli@s0,yelp_polarity@s0,encoder.layer.7.attention.self.key,768,0.01748682462,75.85354793,0,0.01748682462,75.85354793
qnli@s0__yelp_polarity@s0,qnli@s0,yelp_polarity@s0,encoder.layer.7.attention.self.query,768,0.01401925476,79.07039483,0,0.01401925476,79.07039483
qnli@s0__yelp_polarity@s0,qnli@s0,yelp_polarity@s0,encoder.layer.7.attention.self.value,768,0.01410672865,79.16894762,0,0.01410672865,79.16894762
qnli@s0__yelp_polarity@s0,qnli@s0,yelp_polarity@s0,encoder.layer.7.intermediate.dense,3072,0.003100132781,84.65858754,0,0.003100132781,84.65858754
qnli@s0__yelp_polarity@s0,qnli@s0,yelp_polarity@s0,encoder.layer.7.output.dense,768,0.01616521426,77.60408343,0,0.01616521426,77.60408343
qnli@s0__yelp_polarity@s0,qnli@s0,yelp_polarity@s0,encoder.layer.8.attention.output.dense,768,0.01750348831,76.69661784,0,0.01750348831,76.69661784
qnli@s0__yelp_polarity@s0,qnli@s0,yelp_polarity@s0,encoder.layer.8.attention.self.key,768,0.01780474116,76.45524578,0,0.01780474116,76.45524578
qnli@s0__yelp_polarity@s0,qnli@s0,yelp_polarity@s0,encoder.layer.8.attention.self.query,768,0.01669605269,77.57618529,0,0.01669605269,77.57618529
qnli@s0__yelp_polarity@s0,qnli@s0,yelp_polarity@s0,encoder.layer.8.attention.self.value,768,0.009305034613,80.04754059,0,0.009305034613,80.04754059
qnli@s0__yelp_polarity@s0,qnli@s0,yelp_polarity@s0,encoder.layer.8.intermediate.dense,3072,0.002314645991,85.13365047,0,0.002314645991,85.13365047
qnli@s0__yelp_polarity@s0,qnli@s0,yelp_polarity@s0,encoder.layer.8.output.dense,768,0.02238149726,73.13897382,0,0.02238149726,73.13897382
qnli@s0__yelp_polarity@s0,qnli@s0,yelp_polarity@s0,encoder.layer.9.attention.output.dense,768,0.01182102255,79.41905981,0,0.01182102255,79.41905981
qnli@s0__yelp_polarity@s0,qnli@s0,yelp_polarity@s0,encoder.layer.9.attention.self.key,768,0.02059630806,76.19421264,0,0.02059630806,76.19421264
qnli@s0__yelp_polarity@s0,qnli@s0,yelp_polarity@s0,encoder.layer.9.attention.self.query,768,0.01770018257,77.33337943,0,0.01770018257,77.33337943
qnli@s0__yelp_polarity@s0,qnli@s0,yelp_polarity@s0,encoder.layer.9.attention.self.value,768,0.01411710737,78.23558586,0,0.01411710737,78.23558586
qnli@s0__yelp_polarity@s0,qnli@s0,yelp_polarity@s0,encoder.layer.9.intermediate.dense,3072,0.003783017306,82.9906229,0,0.003783017306,82.9906229
qnli@s0__yelp_polarity@s0,qnli@s0,yelp_polarity@s0,encoder.layer.9.output.dense,768,0.01434034472,78.319349,0,0.01434034472,78.319349
qnli@s0__yelp_polarity@s0,qnli@s0,yelp_polarity@s0,pooler.dense,768,0.04560455345,61.02283306,0,0.04560455345,61.02283306
rte@s0__wic@s0,rte@s0,wic@s0,encoder.layer.0.attention.output.dense,768,0.01214729618,79.50211754,0,0.01214729618,79.50211754
rte@s0__wic@s0,rte@s0,wic@s0,encoder.layer.0.attention.self.key,768,0.01844619033,77.0046643,0,0.01844619033,77.0046643
rte@s0__wic@s0,rte@s0,wic@s0,encoder.layer.0.attention.self.query,768,0.02801336214,74.19001235,0,0.02801336214,74.19001235
rte@s0__wic@s0,rte@s0,wic@s0,encoder.layer.0.attention.self.value,768,0.02132496814,73.69676831,0,0.02132496814,73.69676831
rte@s0__wic@s0,rte@s0,wic@s0,encoder.layer.0.intermediate.dense,3072,0.002728859229,84.78097504,0,0.002728859229,84.78097504
rte@s0__wic@s0,rte@s0,wic@s0,encoder.layer.0.output.dense,768,0.01647779858,77.35772965,0,0.01647779858,77.35772965
rte@s0__wic@s0,rte@s0,wic@s0,encoder.layer.1.attention.output.dense,768,0.01433885302,77.38192575,0,0.01433885302,77.38192575
rte@s0__wic@s0,rte@s0,wic@s0,encoder.layer.1.attention.self.key,768,0.02041907251,76.62517239,0,0.02041907251,76.62517239
rte@s0__wic@s0,rte@s0,wic@s0,encoder.layer.1.attention.self.query,768,0.02783234765,73.29234335,0,0.02783234765,73.29234335
rte@s0__wic@s0,rte@s0,wic@s0,encoder.layer.1.attention.self.value,768,0.02320188077,75.95903797,0,0.02320188077,75.95903797
rte@s0__wic@s0,rte@s0,wic@s0,encoder.layer.1.intermediate.dense,3072,0.003333319422,84.15884933,0,0.003333319422,84.15884933
rte@s0__wic@s0,rte@s0,wic@s0,encoder.layer.1.output.dense,768,0.01588027261,78.57302004,0,0.01588027261,78.57302004
rte@s0__wic@s0,rte@s0,wic@s0,encoder.layer.10.attention.output.dense,768,0.06120150777,63.82063299,0,0.06120150777,63.82063299
rte@s0__wic@s0,rte@s0,wic@s0,encoder.layer.10.attention.self.key,768,0.02954054507,72.41654894,0,0.02954054507,72.41654894
rte@s0__wic@s0,rte@s0,wic@s0,encoder.layer.10.attention.self.query,768,0.02195849443,74.00615616,0,0.02195849443,74.00615616
rte@s0__wic@s0,rte@s0,wic@s0,encoder.layer.10.attention.self.value,768,0.02770112297,72.33244111,0,0.02770112297,72.33244111
rte@s0__wic@s0,rte@s0,wic@s0,encoder.layer.10.intermediate.dense,3072,0.003310399622,84.12370139,0,0.003310399622,84.12370139
rte@s0__wic@s0,rte@s0,wic@s0,encoder.layer.10.output.dense,768,0.1334682521,54.72052682,0,0.1334682521,54.72052682
rte@s0__wic@s0,rte@s0,wic@s0,encoder.layer.11.attention.output.dense,768,0.0789449105,58.01201766,0,0.0789449105,58.01201766
rte@s0__wic@s0,rte@s0,wic@s0,encoder.layer.11.attention.self.key,768,0.03053086115,72.18564211,0,0.03053086115,72.18564211
rte@s0__wic@s0,rte@s0,wic@s0,encoder.layer.11.attention.self.query,768,0.02635944305,73.59062719,0,0.02635944305,73.59062719
rte@s0__wic@s0,rte@s0,wic@s0,encoder.layer.11.attention.self.value,768,0.05103843929,62.80853954,0,0.05103843929,62.80853954
rte@s0__wic@s0,rte@s0,wic@s0,encoder.layer.11.intermediate.dense,3072,0.009383197544,78.74641327,0,0.009383197544,78.74641327
rte@s0__wic@s0,rte@s0,wic@s0,encoder.layer.11.output.dense,768,0.0916741645,53.1428722,0,0.0916741645,53.1428722
rte@s0__wic@s0,rte@s0,wic@s0,encoder.layer.2.attention.output.dense,768,0.0161955403,74.93050482,0,0.0161955403,74.93050482
rte@s0__wic@s0,rte@s0,wic@s0,encoder.layer.2.attention.self.key,768,0.01667203503,76.4226136,0,0.01667203503,76.4226136
rte@s0__wic@s0,rte@s0,wic@s0,encoder.layer.2.attention.self.query,768,0.01877270299,73.2145015,0,0.01877270299,73.2145015
rte@s0__wic@s0,rte@s0,wic@s0,encoder.layer.2.attention.self.value,768,0.01939721843,73.50819853,0,0.01939721843,73.50819853
rte@s0__wic@s0,rte@s0,wic@s0,encoder.layer.2.intermediate.dense,3072,0.002663882228,84.59086718,0,0.002663882228,84.59086718
rte@s0__wic@s0,rte@s0,wic@s0,encoder.layer.2.output.dense,768,0.01891471178,75.76028902,0,0.01891471178,75.76028902
rte@s0__wic@s0,rte@s0,wic@s0,encoder.layer.3.attention.output.dense,768,0.01775474695,76.48519765,0,0.01775474695,76.48519765
rte@s0__wic@s0,rte@s0,wic@s0,encoder.layer.3.attention.self.key,768,0.01776842489,75.96852044,0,0.01776842489,75.96852044
rte@s0__wic@s0,rte@s0,wic@s0,encoder.layer.3.attention.self.query,768,0.02464697407,72.85996676,0,0.02464697407,72.85996676
rte@s0__wic@s0,rte@s0,wic@s0,encoder.layer.3.attention.self.value,768,0.0205462727,75.2853407,0,0.0205462727,75.2853407
rte@s0__wic@s0,rte@s0,wic@s0,encoder.layer.3.intermediate.dense,3072,0.002843095387,84.16518666,0,0.002843095387,84.16518666
rte@s0__wic@s0,rte@s0,wic@s0,encoder.layer.3.output.dense,768,0.01213848737,79.0256794,0,0.01213848737,79.0256794
rte@s0__wic@s0,rte@s0,wic@s0,encoder.layer.4.attention.output.dense,768,0.013012653,77.36628079,0,0.013012653,77.36628079
rte@s0__wic@s0,rte@s0,wic@s0,encoder.layer.4.attention.self.key,768,0.02136654897,76.07725586,0,0.02136654897,76.07725586
rte@s0__wic@s0,rte@s0,wic@s0,encoder.layer.4.attention.self.query,768,0.01786106149,75.4527371,0,0.01786106149,75.4527371
rte@s0__wic@s0,rte@s0,wic@s0,encoder.layer.4.attention.self.value,768,0.01973202531,77.23975086,0,0.01973202531,77.23975086
rte@s0__wic@s0,rte@s0,wic@s0,encoder.layer.4.intermediate.dense,3072,0.002989907969,84.2801047,0,0.002989907969,84.2801047
rte@s0__wic@s0,rte@s0,wic@s0,encoder.layer.4.output.dense,768,0.01913728859,74.62743402,0,0.01913728859,74.62743402
rte@s0__wic@s0,rte@s0,wic@s0,encoder.layer.5.attention.output.dense,768,0.01611759363,76.68909409,0,0.01611759363,76.68909409
rte@s0__wic@s0,rte@s0,wic@s0,encoder.layer.5.attention.self.key,768,0.01337614185,78.69111045,0,0.01337614185,78.69111045
rte@s0__wic@s0,rte@s0,wic@s0,encoder.layer.5.attention.self.query,768,0.01428691786,76.84499478,0,0.01428691786,76.84499478
rte@s0__wic@s0,rte@s0,wic@s0,encoder.layer.5.attention.self.value,768,0.01498382342,77.52658843,0,0.01498382342,77.52658843
rte@s0__wic@s0,rte@s0,wic@s0,encoder.layer.5.intermediate.dense,3072,0.002691135258,84.47282563,0,0.002691135258,84.47282563
rte@s0__wic@s0,rte@s0,wic@s0,encoder.layer.5.output.dense,768,0.01517545216,77.83748224,0,0.01517545216,77.83748224
rte@s0__wic@s0,rte@s0,wic@s0,encoder.layer.6.attention.output.dense,768,0.01405447991,77.61770447,0,0.01405447991,77.61770447
rte@s0__wic@s0,rte@s0,wic@s0,encoder.layer.6.attention.self.key,768,0.01746827122,77.77985677,0,0.01746827122,77.77985677
rte@s0__wic@s0,rte@s0,wic@s0,encoder.layer.6.attention.self.query,768,0.02124921572,74.04928562,0,0.02124921572,74.04928562
rte@s0__wic@s0,rte@s0,wic@s0,encoder.layer.6.attention.self.value,768,0.0132838227,77.38744358,0,0.0132838227,77.38744358
rte@s0__wic@s0,rte@s0,wic@s0,encoder.layer.6.intermediate.dense,3072,0.002666346534,84.92156057,0,0.002666346534,84.92156057
rte@s0__wic@s0,rte@s0,wic@s0,encoder.layer.6.output.dense,768,0.02183083104,75.94475516,0,0.02183083104,75.94475516
rte@s0__wic@s0,rte@s0,wic@s0,encoder.layer.7.attention.output.dense,768,0.02795372546,73.42134176,0,0.02795372546,73.42134176
rte@s0__wic@s0,rte@s0,wic@s0,encoder.layer.7.attention.self.key,768,0.022849146,74.30201652,0,0.022849146,74.30201652
rte@s0__wic@s0,rte@s0,wic@s0,encoder.layer.7.attention.self.query,768,0.01948740846,76.10985959,0,0.01948740846,76.10985959
rte@s0__wic@s0,rte@s0,wic@s0,encoder.layer.7.attention.self.value,768,0.01575737095,78.8061436,0,0.01575737095,78.8061436
rte@s0__wic@s0,rte@s0,wic@s0,encoder.layer.7.intermediate.dense,3072,0.002930139657,84.93007822,0,0.002930139657,84.93007822
rte@s0__wic@s0,rte@s0,wic@s0,encoder.layer.7.output.dense,768,0.02911466611,71.62265963,0,0.02911466611,71.62265963
rte@s0__wic@s0,rte@s0,wic@s0,encoder.layer.8.attention.output.dense,768,0.0210965796,76.04508034,0,0.0210965796,76.04508034
rte@s0__wic@s0,rte@s0,wic@s0,encoder.layer.8.attention.self.key,768,0.01768445251,77.27329338,0,0.01768445251,77.27329338
rte@s0__wic@s0,rte@s0,wic@s0,encoder.layer.8.attention.self.query,768,0.02645527957,73.48944838,0,0.02645527957,73.48944838
rte@s0__wic@s0,rte@s0,wic@s0,encoder.layer.8.attention.self.value,768,0.01855020114,75.67664354,0,0.01855020114,75.67664354
rte@s0__wic@s0,rte@s0,wic@s0,encoder.layer.8.intermediate.dense,3072,0.004012316718,83.71143553,0,0.004012316718,83.71143553
rte@s0__wic@s0,rte@s0,wic@s0,encoder.layer.8.output.dense,768,0.04708682812,66.32735862,0,0.04708682812,66.32735862
rte@s0__wic@s0,rte@s0,wic@s0,encoder.layer.9.attention.output.dense,768,0.02863979224,71.20183836,0,0.02863979224,71.20183836
rte@s0__wic@s0,rte@s0,wic@s0,encoder.layer.9.attention.self.key,768,0.0228206496,73.84237317,0,0.0228206496,73.84237317
rte@s0__wic@s0,rte@s0,wic@s0,encoder.layer.9.attention.self.query,768,0.02137918754,75.33787376,0,0.02137918754,75.33787376
rte@s0__wic@s0,rte@s0,wic@s0,encoder.layer.9.attention.self.value,768,0.02170308029,75.05477193,0,0.02170308029,75.05477193
rte@s0__wic@s0,rte@s0,wic@s0,encoder.layer.9.intermediate.dense,3072,0.00345147059,83.41050744,0,0.00345147059,83.41050744
rte@s0__wic@s0,rte@s0,wic@s0,encoder.layer.9.output.dense,768,0.05861671988,63.59365665,0,0.05861671988,63.59365665
rte@s0__wic@s0,rte@s0,wic@s0,pooler.dense,768,0.07854085056,57.35814123,0,0.07854085056,57.35814123
rte@s0__snli@s0,rte@s0,snli@s0,encoder.layer.0.attention.output.dense,768,0.01404552979,77.73869741,0,0.01404552979,77.73869741
rte@s0__snli@s0,rte@s0,snli@s0,encoder.layer.0.attention.self.key,768,0.01420166849,78.2264119,0,0.01420166849,78.2264119
rte@s0__snli@s0,rte@s0,snli@s0,encoder.layer.0.attention.self.query,768,0.02540720873,74.51827493,0,0.02540720873,74.51827493
rte@s0__snli@s0,rte@s0,snli@s0,encoder.layer.0.attention.self.value,768,0.01759891523,76.53986826,0,0.01759891523,76.53986826
rte@s0__snli@s0,rte@s0,snli@s0,encoder.layer.0.intermediate.dense,3072,0.003691101678,84.13047826,0,0.003691101678,84.13047826
rte@s0__snli@s0,rte@s0,snli@s0,encoder.layer.0.output.dense,768,0.01589441572,77.28034077,0,0.01589441572,77.28034077
rte@s0__snli@s0,rte@s0,snli@s0,encoder.layer.1.attention.output.dense,768,0.01365583211,79.40886103,0,0.01365583211,79.40886103
rte@s0__snli@s0,rte@s0,snli@s0,encoder.layer.1.attention.self.key,768,0.02162510527,76.47093216,0,0.02162510527,76.47093216
rte@s0__snli@s0,rte@s0,snli@s0,encoder.layer.1.attention.self.query,768,0.01527629986,78.01015684,0,0.01527629986,78.01015684
rte@s0__snli@s0,rte@s0,snli@s0,encoder.layer.1.attention.self.value,768,0.01159146611,79.54393454,0,0.01159146611,79.54393454
rte@s0__snli@s0,rte@s0,snli@s0,encoder.layer.1.intermediate.dense,3072,0.002244962428,84.92068222,0,0.002244962428,84.92068222
rte@s0__snli@s0,rte@s0,snli@s0,encoder.layer.1.output.dense,768,0.01524955614,78.50689848,0,0.01524955614,78.50689848
rte@s0__snli@s0,rte@s0,snli@s0,encoder.layer.10.attention.output.dense,768,0.03654393086,70.61433223,0,0.03654393086,70.61433223
rte@s0__snli@s0,rte@s0,snli@s0,encoder.layer.10.attention.self.key,768,0.03204779451,72.47565065,0,0.03204779451,72.47565065
rte@s0__snli@s0,rte@s0,snli@s0,encoder.layer.10.attention.self.query,768,0.02249483162,72.84284165,0,0.02249483162,72.84284165
rte@s0__snli@s0,rte@s0,snli@s0,encoder.layer.10.attention.self.value,768,0.01609202057,77.99744574,0,0.01609202057,77.99744574
rte@s0__snli@s0,rte@s0,snli@s0,encoder.layer.10.intermediate.dense,3072,0.004435606901,83.55869276,0,0.004435606901,83.55869276
rte@s0__snli@s0,rte@s0,snli@s0,encoder.layer.10.output.dense,768,0.0435257421,68.22804183,0,0.0435257421,68.22804183
rte@s0__snli@s0,rte@s0,snli@s0,encoder.layer.11.attention.output.dense,768,0.02724221381,72.52040677,0,0.02724221381,72.52040677
rte@s0__snli@s0,rte@s0,snli@s0,encoder.layer.11.attention.self.key,768,0.03216076551,70.93345981,0,0.03216076551,70.93345981
rte@s0__snli@s0,rte@s0,snli@s0,encoder.layer.11.attention.self.query,768,0.02324400659,74.43699022,0,0.02324400659,74.43699022
rte@s0__snli@s0,rte@s0,snli@s0,encoder.layer.11.attention.self.value,768,0.03401604681,67.03960581,0,0.03401604681,67.03960581
rte@s0__snli@s0,rte@s0,snli@s0,encoder.layer.11.intermediate.dense,3072,0.01204079414,74.57516639,0,0.01204079414,74.57516639
rte@s0__snli@s0,rte@s0,snli@s0,encoder.layer.11.output.dense,768,0.0295549809,72.2884646,0,0.0295549809,72.2884646
rte@s0__snli@s0,rte@s0,snli@s0,encoder.layer.2.attention.output.dense,768,0.01456160249,77.09567704,0,0.01456160249,77.09567704
rte@s0__snli@s0,rte@s0,snli@s0,encoder.layer.2.attention.self.key,768,0.01864542287,75.43233053,0,0.01864542287,75.43233053
rte@s0__snli@s0,rte@s0,snli@s0,encoder.layer.2.attention.self.query,768,0.01493804866,78.08278201,0,0.01493804866,78.08278201
rte@s0__snli@s0,rte@s0,snli@s0,encoder.layer.2.attention.self.value,768,0.01279624522,80.21315847,0,0.01279624522,80.21315847
rte@s0__snli@s0,rte@s0,snli@s0,encoder.layer.2.intermediate.dense,3072,0.002364971055,85.2693034,0,0.002364971055,85.2693034
rte@s0__snli@s0,rte@s0,snli@s0,encoder.layer.2.output.dense,768,0.01381394531,79.12144761,0,0.01381394531,79.12144761
rte@s0__snli@s0,rte@s0,snli@s0,encoder.layer.3.attention.output.dense,768,0.01652244721,77.00110958,0,0.01652244721,77.00110958
rte@s0__snli@s0,rte@s0,snli@s0,encoder.layer.3.attention.self.key,768,0.01772957031,77.28167997,0,0.01772957031,77.28167997
rte@s0__snli@s0,rte@s0,snli@s0,encoder.layer.3.attention.self.query,768,0.01772648987,77.27293917,0,0.01772648987,77.27293917
rte@s0__snli@s0,rte@s0,snli@s0,encoder.layer.3.attention.self.value,768,0.01638761851,77.89833955,0,0.01638761851,77.89833955
rte@s0__snli@s0,rte@s0,snli@s0,encoder.layer.3.intermediate.dense,3072,0.002858467836,84.78223809,0,0.002858467836,84.78223809
rte@s0__snli@s0,rte@s0,snli@s0,encoder.layer.3.output.dense,768,0.01443518498,78.58265039,0,0.01443518498,78.58265039
rte@s0__snli@s0,rte@s0,snli@s0,encoder.layer.4.attention.output.dense,768,0.01572965793,76.90622913,0,0.01572965793,76.90622913
rte@s0__snli@s0,rte@s0,snli@s0,encoder.layer.4.attention.self.key,768,0.01463822033,78.68740887,0,0.01463822033,78.68740887
rte@s0__snli@s0,rte@s0,snli@s0,encoder.layer.4.attention.self.query,768,0.02456886272,74.9077385,0,0.02456886272,74.9077385
rte@s0__snli@s0,rte@s0,snli@s0,encoder.layer.4.attention.self.value,768,0.01250679665,79.61654951,0,0.01250679665,79.61654951
rte@s0__snli@s0,rte@s0,snli@s0,encoder.layer.4.intermediate.dense,3072,0.002330438397,85.14549459,0,0.002330438397,85.14549459
rte@s0__snli@s0,rte@s0,snli@s0,encoder.layer.4.output.dense,768,0.01652249757,76.67760973,0,0.01652249757,76.67760973
rte@s0__snli@s0,rte@s0,snli@s0,encoder.layer.5.attention.output.dense,768,0.01697593938,76.09909057,0,0.01697593938,76.09909057
rte@s0__snli@s0,rte@s0,snli@s0,encoder.layer.5.attention.self.key,768,0.01959379745,76.72093009,0,0.01959379745,76.72093009
rte@s0__snli@s0,rte@s0,snli@s0,encoder.layer.5.attention.self.query,768,0.02077913826,74.69719019,0,0.02077913826,74.69719019
rte@s0__snli@s0,rte@s0,snli@s0,encoder.layer.5.attention.self.value,768,0.01503546445,78.55908864,0,0.01503546445,78.55908864
rte@s0__snli@s0,rte@s0,snli@s0,encoder.layer.5.intermediate.dense,3072,0.002896517156,84.77835981,0,0.002896517156,84.77835981
rte@s0__snli@s0,rte@s0,snli@s0,encoder.layer.5.output.dense,768,0.0192643165,75.08220135,0,0.0192643165,75.08220135
rte@s0__snli@s0,rte@s0,snli@s0,encoder.layer.6.attention.output.dense,768,0.01734320425,74.92518674,0,0.01734320425,74.92518674
rte@s0__snli@s0,rte@s0,snli@s0,encoder.layer.6.attention.self.key,768,0.01583599467,77.38360047,0,0.01583599467,77.38360047
rte@s0__snli@s0,rte@s0,snli@s0,encoder.layer.6.attention.self.query,768,0.0177390245,75.95487673,0,0.0177390245,75.95487673
rte@s0__snli@s0,rte@s0,snli@s0,encoder.layer.6.attention.self.value,768,0.01280194346,78.59271005,0,0.01280194346,78.59271005
rte@s0__snli@s0,rte@s0,snli@s0,encoder.layer.6.intermediate.dense,3072,0.003020349694,84.83031579,0,0.003020349694,84.83031579
rte@s0__snli@s0,rte@s0,snli@s0,encoder.layer.6.output.dense,768,0.01959933968,76.47072637,0,0.01959933968,76.47072637
rte@s0__snli@s0,rte@s0,snli@s0,encoder.layer.7.attention.output.dense,768,0.02017682672,76.26049931,0,0.02017682672,76.26049931
rte@s0__snli@s0,rte@s0,snli@s0,encoder.layer.7.attention.self.key,768,0.02104297947,75.32740524,0,0.02104297947,75.32740524
rte@s0__snli@s0,rte@s0,snli@s0,encoder.layer.7.attention.self.query,768,0.01914869436,75.97317576,0,0.01914869436,75.97317576
rte@s0__snli@s0,rte@s0,snli@s0,encoder.layer.7.attention.self.value,768,0.01048897727,79.00753189,0,0.01048897727,79.00753189
rte@s0__snli@s0,rte@s0,snli@s0,encoder.layer.7.intermediate.dense,3072,0.003167778755,84.35672179,0,0.003167778755,84.35672179
rte@s0__snli@s0,rte@s0,snli@s0,encoder.layer.7.output.dense,768,0.01008807065,79.73375019,0,0.01008807065,79.73375019
rte@s0__snli@s0,rte@s0,snli@s0,encoder.layer.8.attention.output.dense,768,0.01763449423,77.38319641,0,0.01763449423,77.38319641
rte@s0__snli@s0,rte@s0,snli@s0,encoder.layer.8.attention.self.key,768,0.03033003851,69.731106,0,0.03033003851,69.731106
rte@s0__snli@s0,rte@s0,snli@s0,encoder.layer.8.attention.self.query,768,0.03789440471,69.94525923,0,0.03789440471,69.94525923
rte@s0__snli@s0,rte@s0,snli@s0,encoder.layer.8.attention.self.value,768,0.01561579832,76.48675981,0,0.01561579832,76.48675981
rte@s0__snli@s0,rte@s0,snli@s0,encoder.layer.8.intermediate.dense,3072,0.003887920195,83.62247869,0,0.003887920195,83.62247869
rte@s0__snli@s0,rte@s0,snli@s0,encoder.layer.8.output.dense,768,0.02421582493,75.32397683,0,0.02421582493,75.32397683
rte@s0__snli@s0,rte@s0,snli@s0,encoder.layer.9.attention.output.dense,768,0.02274746953,75.04575764,0,0.02274746953,75.04575764
rte@s0__snli@s0,rte@s0,snli@s0,encoder.layer.9.attention.self.key,768,0.01854524824,77.15085904,0,0.01854524824,77.15085904
rte@s0__snli@s0,rte@s0,snli@s0,encoder.layer.9.attention.self.query,768,0.02652547155,72.96423359,0,0.02652547155,72.96423359
rte@s0__snli@s0,rte@s0,snli@s0,encoder.layer.9.attention.self.value,768,0.01664452152,77.63509818,0,0.01664452152,77.63509818
rte@s0__snli@s0,rte@s0,snli@s0,encoder.layer.9.intermediate.dense,3072,0.004398604121,83.62030853,0,0.004398604121,83.62030853
rte@s0__snli@s0,rte@s0,snli@s0,encoder.layer.9.output.dense,768,0.02102608029,75.45738982,0,0.02102608029,75.45738982
rte@s0__snli@s0,rte@s0,snli@s0,pooler.dense,768,0.08483322184,61.1476432,0,0.08483322184,61.1476432
rte@s0__scitail@s0,rte@s0,scitail@s0,encoder.layer.0.attention.output.dense,768,0.0138201494,78.35211565,0,0.0138201494,78.35211565
rte@s0__scitail@s0,rte@s0,scitail@s0,encoder.layer.0.attention.self.key,768,0.01832835534,75.33664129,0,0.01832835534,75.33664129
rte@s0__scitail@s0,rte@s0,scitail@s0,encoder.layer.0.attention.self.query,768,0.0260796883,73.00000478,0,0.0260796883,73.00000478
rte@s0__scitail@s0,rte@s0,scitail@s0,encoder.layer.0.attention.self.value,768,0.01431089828,78.03903222,0,0.01431089828,78.03903222
rte@s0__scitail@s0,rte@s0,scitail@s0,encoder.layer.0.intermediate.dense,3072,0.003033532895,84.12215771,0,0.003033532895,84.12215771
rte@s0__scitail@s0,rte@s0,scitail@s0,encoder.layer.0.output.dense,768,0.02425617651,72.25295822,0,0.02425617651,72.25295822
rte@s0__scitail@s0,rte@s0,scitail@s0,encoder.layer.1.attention.output.dense,768,0.01959669462,76.2041898,0,0.01959669462,76.2041898
rte@s0__scitail@s0,rte@s0,scitail@s0,encoder.layer.1.attention.self.key,768,0.01765203171,76.86024191,0,0.01765203171,76.86024191
rte@s0__scitail@s0,rte@s0,scitail@s0,encoder.layer.1.attention.self.query,768,0.02525956428,73.50505073,0,0.02525956428,73.50505073
rte@s0__scitail@s0,rte@s0,scitail@s0,encoder.layer.1.attention.self.value,768,0.01663316925,77.55238607,0,0.01663316925,77.55238607
rte@s0__scitail@s0,rte@s0,scitail@s0,encoder.layer.1.intermediate.dense,3072,0.002916838695,84.86675967,0,0.002916838695,84.86675967
rte@s0__scitail@s0,rte@s0,scitail@s0,encoder.layer.1.output.dense,768,0.01760222315,76.37249566,0,0.01760222315,76.37249566
rte@s0__scitail@s0,rte@s0,scitail@s0,encoder.layer.10.attention.output.dense,768,0.06182683149,63.30800912,0,0.06182683149,63.30800912
rte@s0__scitail@s0,rte@s0,scitail@s0,encoder.layer.10.attention.self.key,768,0.02944434776,72.33007842,0,0.02944434776,72.33007842
rte@s0__scitail@s0,rte@s0,scitail@s0,encoder.layer.10.attention.self.query,768,0.03212759637,71.31132528,0,0.03212759637,71.31132528
rte@s0__scitail@s0,rte@s0,scitail@s0,encoder.layer.10.attention.self.value,768,0.02751017689,74.37602009,0,0.02751017689,74.37602009
rte@s0__scitail@s0,rte@s0,scitail@s0,encoder.layer.10.intermediate.dense,3072,0.005195781004,82.5045575,0,0.005195781004,82.5045575
rte@s0__scitail@s0,rte@s0,scitail@s0,encoder.layer.10.output.dense,768,0.07967716128,55.67122345,0,0.07967716128,55.67122345
rte@s0__scitail@s0,rte@s0,scitail@s0,encoder.layer.11.attention.output.dense,768,0.05255729394,63.22906581,0,0.05255729394,63.22906581
rte@s0__scitail@s0,rte@s0,scitail@s0,encoder.layer.11.attention.self.key,768,0.0481699069,64.27220387,0,0.0481699069,64.27220387
rte@s0__scitail@s0,rte@s0,scitail@s0,encoder.layer.11.attention.self.query,768,0.03535824005,72.949621,0,0.03535824005,72.949621
rte@s0__scitail@s0,rte@s0,scitail@s0,encoder.layer.11.attention.self.value,768,0.03944291695,67.97598237,0,0.03944291695,67.97598237
rte@s0__scitail@s0,rte@s0,scitail@s0,encoder.layer.11.intermediate.dense,3072,0.00516302382,82.35768323,0,0.00516302382,82.35768323
rte@s0__scitail@s0,rte@s0,scitail@s0,encoder.layer.11.output.dense,768,0.06084727668,64.46031698,0,0.06084727668,64.46031698
rte@s0__scitail@s0,rte@s0,scitail@s0,encoder.layer.2.attention.output.dense,768,0.01461832354,78.14185275,0,0.01461832354,78.14185275
rte@s0__scitail@s0,rte@s0,scitail@s0,encoder.layer.2.attention.self.key,768,0.02249192619,74.29366482,0,0.02249192619,74.29366482
rte@s0__scitail@s0,rte@s0,scitail@s0,encoder.layer.2.attention.self.query,768,0.0276333992,73.21671238,0,0.0276333992,73.21671238
rte@s0__scitail@s0,rte@s0,scitail@s0,encoder.layer.2.attention.self.value,768,0.01605280381,77.20235421,0,0.01605280381,77.20235421
rte@s0__scitail@s0,rte@s0,scitail@s0,encoder.layer.2.intermediate.dense,3072,0.00302255137,85.11865511,0,0.00302255137,85.11865511
rte@s0__scitail@s0,rte@s0,scitail@s0,encoder.layer.2.output.dense,768,0.01796931349,76.15752182,0,0.01796931349,76.15752182
rte@s0__scitail@s0,rte@s0,scitail@s0,encoder.layer.3.attention.output.dense,768,0.01940959475,75.79100353,0,0.01940959475,75.79100353
rte@s0__scitail@s0,rte@s0,scitail@s0,encoder.layer.3.attention.self.key,768,0.01489274599,77.82943971,0,0.01489274599,77.82943971
rte@s0__scitail@s0,rte@s0,scitail@s0,encoder.layer.3.attention.self.query,768,0.02830526421,72.80440106,0,0.02830526421,72.80440106
rte@s0__scitail@s0,rte@s0,scitail@s0,encoder.layer.3.attention.self.value,768,0.01628374403,76.79910602,0,0.01628374403,76.79910602
rte@s0__scitail@s0,rte@s0,scitail@s0,encoder.layer.3.intermediate.dense,3072,0.002438706353,84.40340336,0,0.002438706353,84.40340336
rte@s0__scitail@s0,rte@s0,scitail@s0,encoder.layer.3.output.dense,768,0.02160914021,75.62914066,0,0.02160914021,75.62914066
rte@s0__scitail@s0,rte@s0,scitail@s0,encoder.layer.4.attention.output.dense,768,0.01794343919,76.99886695,0,0.01794343919,76.99886695
rte@s0__scitail@s0,rte@s0,scitail@s0,encoder.layer.4.attention.self.key,768,0.02061970163,75.95398037,0,0.02061970163,75.95398037
rte@s0__scitail@s0,rte@s0,scitail@s0,encoder.layer.4.attention.self.query,768,0.03469807444,69.1291312,0,0.03469807444,69.1291312
rte@s0__scitail@s0,rte@s0,scitail@s0,encoder.layer.4.attention.self.value,768,0.02627265137,73.1301195,0,0.02627265137,73.1301195
rte@s0__scitail@s0,rte@s0,scitail@s0,encoder.layer.4.intermediate.dense,3072,0.003799156838,84.54987976,0,0.003799156838,84.54987976
rte@s0__scitail@s0,rte@s0,scitail@s0,encoder.layer.4.output.dense,768,0.01837234105,77.67424279,0,0.01837234105,77.67424279
rte@s0__scitail@s0,rte@s0,scitail@s0,encoder.layer.5.attention.output.dense,768,0.01783765768,73.98414742,0,0.01783765768,73.98414742
rte@s0__scitail@s0,rte@s0,scitail@s0,encoder.layer.5.attention.self.key,768,0.02324188632,74.88851523,0,0.02324188632,74.88851523
rte@s0__scitail@s0,rte@s0,scitail@s0,encoder.layer.5.attention.self.query,768,0.03078100984,71.46443555,0,0.03078100984,71.46443555
rte@s0__scitail@s0,rte@s0,scitail@s0,encoder.layer.5.attention.self.value,768,0.01576501876,76.8809612,0,0.01576501876,76.8809612
rte@s0__scitail@s0,rte@s0,scitail@s0,encoder.layer.5.intermediate.dense,3072,0.004107124623,83.7495363,0,0.004107124623,83.7495363
rte@s0__scitail@s0,rte@s0,scitail@s0,encoder.layer.5.output.dense,768,0.02069537438,73.72408912,0,0.02069537438,73.72408912
rte@s0__scitail@s0,rte@s0,scitail@s0,encoder.layer.6.attention.output.dense,768,0.01696186973,78.58836159,0,0.01696186973,78.58836159
rte@s0__scitail@s0,rte@s0,scitail@s0,encoder.layer.6.attention.self.key,768,0.0278844664,75.16076735,0,0.0278844664,75.16076735
rte@s0__scitail@s0,rte@s0,scitail@s0,encoder.layer.6.attention.self.query,768,0.02103902595,74.29257304,0,0.02103902595,74.29257304
rte@s0__scitail@s0,rte@s0,scitail@s0,encoder.layer.6.attention.self.value,768,0.01576694388,78.35966399,0,0.01576694388,78.35966399
rte@s0__scitail@s0,rte@s0,scitail@s0,encoder.layer.6.intermediate.dense,3072,0.004873100144,83.47622484,0,0.004873100144,83.47622484
rte@s0__scitail@s0,rte@s0,scitail@s0,encoder.layer.6.output.dense,768,0.01686145321,76.29930756,0,0.01686145321,76.29930756
rte@s0__scitail@s0,rte@s0,scitail@s0,encoder.layer.7.attention.output.dense,768,0.01477597245,77.87701195,0,0.01477597245,77.87701195
rte@s0__scitail@s0,rte@s0,scitail@s0,encoder.layer.7.attention.self.key,768,0.01910827558,75.83290706,0,0.01910827558,75.83290706
rte@s0__scitail@s0,rte@s0,scitail@s0,encoder.layer.7.attention.self.query,768,0.02698039725,71.53072762,0,0.02698039725,71.53072762
rte@s0__scitail@s0,rte@s0,scitail@s0,encoder.layer.7.attention.self.value,768,0.01844318061,75.35432458,0,0.01844318061,75.35432458
rte@s0__scitail@s0,rte@s0,scitail@s0,encoder.layer.7.intermediate.dense,3072,0.004089704423,84.09928089,0,0.004089704423,84.09928089
rte@s0__scitail@s0,rte@s0,scitail@s0,encoder.layer.7.output.dense,768,0.02859082698,74.6931805,0,0.02859082698,74.6931805
rte@s0__scitail@s0,rte@s0,scitail@s0,encoder.layer.8.attention.output.dense,768,0.02910863476,73.44097948,0,0.02910863476,73.44097948
rte@s0__scitail@s0,rte@s0,scitail@s0,encoder.layer.8.attention.self.key,768,0.02587381368,72.15978088,0,0.02587381368,72.15978088
rte@s0__scitail@s0,rte@s0,scitail@s0,encoder.layer.8.attention.self.query,768,0.02227027537,73.8402635,0,0.02227027537,73.8402635
rte@s0__scitail@s0,rte@s0,scitail@s0,encoder.layer.8.attention.self.value,768,0.02118641332,76.4913012,0,0.02118641332,76.4913012
rte@s0__scitail@s0,rte@s0,scitail@s0,encoder.layer.8.intermediate.dense,3072,0.004764338867,82.3685163,0,0.004764338867,82.3685163
rte@s0__scitail@s0,rte@s0,scitail@s0,encoder.layer.8.output.dense,768,0.0316008854,71.72979193,0,0.0316008854,71.72979193
rte@s0__scitail@s0,rte@s0,scitail@s0,encoder.layer.9.attention.output.dense,768,0.02966365983,72.47490015,0,0.02966365983,72.47490015
rte@s0__scitail@s0,rte@s0,scitail@s0,encoder.layer.9.attention.self.key,768,0.02562313186,72.48682542,0,0.02562313186,72.48682542
rte@s0__scitail@s0,rte@s0,scitail@s0,encoder.layer.9.attention.self.query,768,0.02492108242,76.08805546,0,0.02492108242,76.08805546
rte@s0__scitail@s0,rte@s0,scitail@s0,encoder.layer.9.attention.self.value,768,0.01366438615,77.53569753,0,0.01366438615,77.53569753
rte@s0__scitail@s0,rte@s0,scitail@s0,encoder.layer.9.intermediate.dense,3072,0.00331723909,84.67096982,0,0.00331723909,84.67096982
rte@s0__scitail@s0,rte@s0,scitail@s0,encoder.layer.9.output.dense,768,0.0296257689,72.89457737,0,0.0296257689,72.89457737
rte@s0__scitail@s0,rte@s0,scitail@s0,pooler.dense,768,0.104227513,57.38091198,0,0.104227513,57.38091198
rte@s0__ag_news@s0,rte@s0,ag_news@s0,encoder.layer.0.attention.output.dense,768,0.02471978885,72.98959601,0,0.02471978885,72.98959601
rte@s0__ag_news@s0,rte@s0,ag_news@s0,encoder.layer.0.attention.self.key,768,0.01464267906,78.75013259,0,0.01464267906,78.75013259
rte@s0__ag_news@s0,rte@s0,ag_news@s0,encoder.layer.0.attention.self.query,768,0.02340395378,74.32607564,0,0.02340395378,74.32607564
rte@s0__ag_news@s0,rte@s0,ag_news@s0,encoder.layer.0.attention.self.value,768,0.01786458257,75.11770048,0,0.01786458257,75.11770048
rte@s0__ag_news@s0,rte@s0,ag_news@s0,encoder.layer.0.intermediate.dense,3072,0.003345490944,83.68586856,0,0.003345490944,83.68586856
rte@s0__ag_news@s0,rte@s0,ag_news@s0,encoder.layer.0.output.dense,768,0.01910610067,75.28437352,0,0.01910610067,75.28437352
rte@s0__ag_news@s0,rte@s0,ag_news@s0,encoder.layer.1.attention.output.dense,768,0.01345157046,79.52871485,0,0.01345157046,79.52871485
rte@s0__ag_news@s0,rte@s0,ag_news@s0,encoder.layer.1.attention.self.key,768,0.01363086388,79.08852504,0,0.01363086388,79.08852504
rte@s0__ag_news@s0,rte@s0,ag_news@s0,encoder.layer.1.attention.self.query,768,0.01829201266,75.72005087,0,0.01829201266,75.72005087
rte@s0__ag_news@s0,rte@s0,ag_news@s0,encoder.layer.1.attention.self.value,768,0.01639722404,78.68403336,0,0.01639722404,78.68403336
rte@s0__ag_news@s0,rte@s0,ag_news@s0,encoder.layer.1.intermediate.dense,3072,0.002998052547,84.80894121,0,0.002998052547,84.80894121
rte@s0__ag_news@s0,rte@s0,ag_news@s0,encoder.layer.1.output.dense,768,0.01341595487,78.06298019,0,0.01341595487,78.06298019
rte@s0__ag_news@s0,rte@s0,ag_news@s0,encoder.layer.10.attention.output.dense,768,0.02673143589,72.48739354,0,0.02673143589,72.48739354
rte@s0__ag_news@s0,rte@s0,ag_news@s0,encoder.layer.10.attention.self.key,768,0.02597549148,72.56299849,0,0.02597549148,72.56299849
rte@s0__ag_news@s0,rte@s0,ag_news@s0,encoder.layer.10.attention.self.query,768,0.01655362524,77.84177072,0,0.01655362524,77.84177072
rte@s0__ag_news@s0,rte@s0,ag_news@s0,encoder.layer.10.attention.self.value,768,0.02514361231,71.90332768,0,0.02514361231,71.90332768
rte@s0__ag_news@s0,rte@s0,ag_news@s0,encoder.layer.10.intermediate.dense,3072,0.004301216364,83.73039644,0,0.004301216364,83.73039644
rte@s0__ag_news@s0,rte@s0,ag_news@s0,encoder.layer.10.output.dense,768,0.04602725716,67.49895524,0,0.04602725716,67.49895524
rte@s0__ag_news@s0,rte@s0,ag_news@s0,encoder.layer.11.attention.output.dense,768,0.04560106859,68.44920843,0,0.04560106859,68.44920843
rte@s0__ag_news@s0,rte@s0,ag_news@s0,encoder.layer.11.attention.self.key,768,0.02902042853,72.37032934,0,0.02902042853,72.37032934
rte@s0__ag_news@s0,rte@s0,ag_news@s0,encoder.layer.11.attention.self.query,768,0.02293776282,75.41180833,0,0.02293776282,75.41180833
rte@s0__ag_news@s0,rte@s0,ag_news@s0,encoder.layer.11.attention.self.value,768,0.02439205677,73.94433244,0,0.02439205677,73.94433244
rte@s0__ag_news@s0,rte@s0,ag_news@s0,encoder.layer.11.intermediate.dense,3072,0.006627782015,81.11202358,0,0.006627782015,81.11202358
rte@s0__ag_news@s0,rte@s0,ag_news@s0,encoder.layer.11.output.dense,768,0.094776367,51.34422373,0,0.094776367,51.34422373
rte@s0__ag_news@s0,rte@s0,ag_news@s0,encoder.layer.2.attention.output.dense,768,0.009830626277,79.01562344,0,0.009830626277,79.01562344
rte@s0__ag_news@s0,rte@s0,ag_news@s0,encoder.layer.2.attention.self.key,768,0.01751270593,75.97338444,0,0.01751270593,75.97338444
rte@s0__ag_news@s0,rte@s0,ag_news@s0,encoder.layer.2.attention.self.query,768,0.01938917329,76.28899709,0,0.01938917329,76.28899709
rte@s0__ag_news@s0,rte@s0,ag_news@s0,encoder.layer.2.attention.self.value,768,0.01758131027,76.88967063,0,0.01758131027,76.88967063
rte@s0__ag_news@s0,rte@s0,ag_news@s0,encoder.layer.2.intermediate.dense,3072,0.003784596426,83.4133361,0,0.003784596426,83.4133361
rte@s0__ag_news@s0,rte@s0,ag_news@s0,encoder.layer.2.output.dense,768,0.01579880935,78.99433824,0,0.01579880935,78.99433824
rte@s0__ag_news@s0,rte@s0,ag_news@s0,encoder.layer.3.attention.output.dense,768,0.01278116189,79.13588289,0,0.01278116189,79.13588289
rte@s0__ag_news@s0,rte@s0,ag_news@s0,encoder.layer.3.attention.self.key,768,0.01706250726,77.17096342,0,0.01706250726,77.17096342
rte@s0__ag_news@s0,rte@s0,ag_news@s0,encoder.layer.3.attention.self.query,768,0.02278731677,76.1561498,0,0.02278731677,76.1561498
rte@s0__ag_news@s0,rte@s0,ag_news@s0,encoder.layer.3.attention.self.value,768,0.01843419991,75.77773049,0,0.01843419991,75.77773049
rte@s0__ag_news@s0,rte@s0,ag_news@s0,encoder.layer.3.intermediate.dense,3072,0.002911876604,84.93246401,0,0.002911876604,84.93246401
rte@s0__ag_news@s0,rte@s0,ag_news@s0,encoder.layer.3.output.dense,768,0.0135898404,78.6425727,0,0.0135898404,78.6425727
rte@s0__ag_news@s0,rte@s0,ag_news@s0,encoder.layer.4.attention.output.dense,768,0.01210493613,76.86799929,0,0.01210493613,76.86799929
rte@s0__ag_news@s0,rte@s0,ag_news@s0,encoder.layer.4.attention.self.key,768,0.02062094825,76.03688809,0,0.02062094825,76.03688809
rte@s0__ag_news@s0,rte@s0,ag_news@s0,encoder.layer.4.attention.self.query,768,0.0209412236,76.18376163,0,0.0209412236,76.18376163
rte@s0__ag_news@s0,rte@s0,ag_news@s0,encoder.layer.4.attention.self.value,768,0.01327912398,78.76215091,0,0.01327912398,78.76215091
rte@s0__ag_news@s0,rte@s0,ag_news@s0,encoder.layer.4.intermediate.dense,3072,0.004158094906,84.07953419,0,0.004158094906,84.07953419
rte@s0__ag_news@s0,rte@s0,ag_news@s0,encoder.layer.4.output.dense,768,0.0197748677,77.18953988,0,0.0197748677,77.18953988
rte@s0__ag_news@s0,rte@s0,ag_news@s0,encoder.layer.5.attention.output.dense,768,0.01525871369,76.95474315,0,0.01525871369,76.95474315
rte@s0__ag_news@s0,rte@s0,ag_news@s0,encoder.layer.5.attention.self.key,768,0.01971391458,77.59077401,0,0.01971391458,77.59077401
rte@s0__ag_news@s0,rte@s0,ag_news@s0,encoder.layer.5.attention.self.query,768,0.02196809468,75.22791484,0,0.02196809468,75.22791484
rte@s0__ag_news@s0,rte@s0,ag_news@s0,encoder.layer.5.attention.self.value,768,0.01362995299,79.01825351,0,0.01362995299,79.01825351
rte@s0__ag_news@s0,rte@s0,ag_news@s0,encoder.layer.5.intermediate.dense,3072,0.002248607755,85.36630576,0,0.002248607755,85.36630576
rte@s0__ag_news@s0,rte@s0,ag_news@s0,encoder.layer.5.output.dense,768,0.01323761208,77.71409853,0,0.01323761208,77.71409853
rte@s0__ag_news@s0,rte@s0,ag_news@s0,encoder.layer.6.attention.output.dense,768,0.01587073071,77.03558964,0,0.01587073071,77.03558964
rte@s0__ag_news@s0,rte@s0,ag_news@s0,encoder.layer.6.attention.self.key,768,0.01747161209,75.69783166,0,0.01747161209,75.69783166
rte@s0__ag_news@s0,rte@s0,ag_news@s0,encoder.layer.6.attention.self.query,768,0.02452938608,73.90425205,0,0.02452938608,73.90425205
rte@s0__ag_news@s0,rte@s0,ag_news@s0,encoder.layer.6.attention.self.value,768,0.01671775511,76.77703432,0,0.01671775511,76.77703432
rte@s0__ag_news@s0,rte@s0,ag_news@s0,encoder.layer.6.intermediate.dense,3072,0.003801041385,83.5838773,0,0.003801041385,83.5838773
rte@s0__ag_news@s0,rte@s0,ag_news@s0,encoder.layer.6.output.dense,768,0.02044893701,76.9377048,0,0.02044893701,76.9377048
rte@s0__ag_news@s0,rte@s0,ag_news@s0,encoder.layer.7.attention.output.dense,768,0.01790277788,77.98941954,0,0.01790277788,77.98941954
rte@s0__ag_news@s0,rte@s0,ag_news@s0,encoder.layer.7.attention.self.key,768,0.0195741412,75.81459983,0,0.0195741412,75.81459983
rte@s0__ag_news@s0,rte@s0,ag_news@s0,encoder.layer.7.attention.self.query,768,0.01924570011,76.49558834,0,0.01924570011,76.49558834
rte@s0__ag_news@s0,rte@s0,ag_news@s0,encoder.layer.7.attention.self.value,768,0.01351250445,78.52798797,0,0.01351250445,78.52798797
rte@s0__ag_news@s0,rte@s0,ag_news@s0,encoder.layer.7.intermediate.dense,3072,0.002684762436,84.40111683,0,0.002684762436,84.40111683
rte@s0__ag_news@s0,rte@s0,ag_news@s0,encoder.layer.7.output.dense,768,0.02064951426,76.01503569,0,0.02064951426,76.01503569
rte@s0__ag_news@s0,rte@s0,ag_news@s0,encoder.layer.8.attention.output.dense,768,0.01653583641,77.62396299,0,0.01653583641,77.62396299
rte@s0__ag_news@s0,rte@s0,ag_news@s0,encoder.layer.8.attention.self.key,768,0.03253766057,73.27783654,0,0.03253766057,73.27783654
rte@s0__ag_news@s0,rte@s0,ag_news@s0,encoder.layer.8.attention.self.query,768,0.0168719961,76.58109505,0,0.0168719961,76.58109505
rte@s0__ag_news@s0,rte@s0,ag_news@s0,encoder.layer.8.attention.self.value,768,0.01283730252,79.23833756,0,0.01283730252,79.23833756
rte@s0__ag_news@s0,rte@s0,ag_news@s0,encoder.layer.8.intermediate.dense,3072,0.001924093615,85.31242034,0,0.001924093615,85.31242034
rte@s0__ag_news@s0,rte@s0,ag_news@s0,encoder.layer.8.output.dense,768,0.02123750404,74.89983669,0,0.02123750404,74.89983669
rte@s0__ag_news@s0,rte@s0,ag_news@s0,encoder.layer.9.attention.output.dense,768,0.01375015811,78.25167106,0,0.01375015811,78.25167106
rte@s0__ag_news@s0,rte@s0,ag_news@s0,encoder.layer.9.attention.self.key,768,0.02504017552,74.72608416,0,0.02504017552,74.72608416
rte@s0__ag_news@s0,rte@s0,ag_news@s0,encoder.layer.9.attention.self.query,768,0.02526714226,74.37544215,0,0.02526714226,74.37544215
rte@s0__ag_news@s0,rte@s0,ag_news@s0,encoder.layer.9.attention.self.value,768,0.01635512214,77.31267171,0,0.01635512214,77.31267171
rte@s0__ag_news@s0,rte@s0,ag_news@s0,encoder.layer.9.intermediate.dense,3072,0.003953850051,83.96618192,0,0.003953850051,83.96618192
rte@s0__ag_news@s0,rte@s0,ag_news@s0,encoder.layer.9.output.dense,768,0.02091172954,72.8186121,0,0.02091172954,72.8186121
rte@s0__ag_news@s0,rte@s0,ag_news@s0,pooler.dense,768,0.05397382764,65.0942564,0,0.05397382764,65.0942564
rte@s0__imdb@s0,rte@s0,imdb@s0,encoder.layer.0.attention.output.dense,768,0.01212831974,79.0157118,0,0.01212831974,79.0157118
rte@s0__imdb@s0,rte@s0,imdb@s0,encoder.layer.0.attention.self.key,768,0.01937958834,76.61947077,0,0.01937958834,76.61947077
rte@s0__imdb@s0,rte@s0,imdb@s0,encoder.layer.0.attention.self.query,768,0.02565966059,74.83534336,0,0.02565966059,74.83534336
rte@s0__imdb@s0,rte@s0,imdb@s0,encoder.layer.0.attention.self.value,768,0.01774230847,76.49401794,0,0.01774230847,76.49401794
rte@s0__imdb@s0,rte@s0,imdb@s0,encoder.layer.0.intermediate.dense,3072,0.002771869272,85.0627159,0,0.002771869272,85.0627159
rte@s0__imdb@s0,rte@s0,imdb@s0,encoder.layer.0.output.dense,768,0.01629799794,75.300181,0,0.01629799794,75.300181
rte@s0__imdb@s0,rte@s0,imdb@s0,encoder.layer.1.attention.output.dense,768,0.01548975553,76.92926493,0,0.01548975553,76.92926493
rte@s0__imdb@s0,rte@s0,imdb@s0,encoder.layer.1.attention.self.key,768,0.01811588704,77.24316296,0,0.01811588704,77.24316296
rte@s0__imdb@s0,rte@s0,imdb@s0,encoder.layer.1.attention.self.query,768,0.02078315594,74.98250674,0,0.02078315594,74.98250674
rte@s0__imdb@s0,rte@s0,imdb@s0,encoder.layer.1.attention.self.value,768,0.01603512201,77.26243285,0,0.01603512201,77.26243285
rte@s0__imdb@s0,rte@s0,imdb@s0,encoder.layer.1.intermediate.dense,3072,0.00301589738,84.38798791,0,0.00301589738,84.38798791
rte@s0__imdb@s0,rte@s0,imdb@s0,encoder.layer.1.output.dense,768,0.01021003964,79.77607803,0,0.01021003964,79.77607803
rte@s0__imdb@s0,rte@s0,imdb@s0,encoder.layer.10.attention.output.dense,768,0.03512961555,73.38077842,0,0.03512961555,73.38077842
rte@s0__imdb@s0,rte@s0,imdb@s0,encoder.layer.10.attention.self.key,768,0.02712768398,71.67219083,0,0.02712768398,71.67219083
rte@s0__imdb@s0,rte@s0,imdb@s0,encoder.layer.10.attention.self.query,768,0.02364542444,75.85476244,0,0.02364542444,75.85476244
rte@s0__imdb@s0,rte@s0,imdb@s0,encoder.layer.10.attention.self.value,768,0.02440965317,74.5595988,0,0.02440965317,74.5595988
rte@s0__imdb@s0,rte@s0,imdb@s0,encoder.layer.10.intermediate.dense,3072,0.005119010332,82.39454974,0,0.005119010332,82.39454974
rte@s0__imdb@s0,rte@s0,imdb@s0,encoder.layer.10.output.dense,768,0.03658855972,70.23306168,0,0.03658855972,70.23306168
rte@s0__imdb@s0,rte@s0,imdb@s0,encoder.layer.11.attention.output.dense,768,0.09385479068,52.33691344,0,0.09385479068,52.33691344
rte@s0__imdb@s0,rte@s0,imdb@s0,encoder.layer.11.attention.self.key,768,0.021522225,73.75423579,0,0.021522225,73.75423579
rte@s0__imdb@s0,rte@s0,imdb@s0,encoder.layer.11.attention.self.query,768,0.01544774657,77.46750518,0,0.01544774657,77.46750518
rte@s0__imdb@s0,rte@s0,imdb@s0,encoder.layer.11.attention.self.value,768,0.03214478427,70.59082772,0,0.03214478427,70.59082772
rte@s0__imdb@s0,rte@s0,imdb@s0,encoder.layer.11.intermediate.dense,3072,0.01310818661,75.73740238,0,0.01310818661,75.73740238
rte@s0__imdb@s0,rte@s0,imdb@s0,encoder.layer.11.output.dense,768,0.0586405265,65.07933313,0,0.0586405265,65.07933313
rte@s0__imdb@s0,rte@s0,imdb@s0,encoder.layer.2.attention.output.dense,768,0.01579394774,77.64661958,0,0.01579394774,77.64661958
rte@s0__imdb@s0,rte@s0,imdb@s0,encoder.layer.2.attention.self.key,768,0.0180636341,76.10485597,0,0.0180636341,76.10485597
rte@s0__imdb@s0,rte@s0,imdb@s0,encoder.layer.2.attention.self.query,768,0.01092516216,80.49766086,0,0.01092516216,80.49766086
rte@s0__imdb@s0,rte@s0,imdb@s0,encoder.layer.2.attention.self.value,768,0.01666738734,75.79539514,0,0.01666738734,75.79539514
rte@s0__imdb@s0,rte@s0,imdb@s0,encoder.layer.2.intermediate.dense,3072,0.002506912629,84.85871394,0,0.002506912629,84.85871394
rte@s0__imdb@s0,rte@s0,imdb@s0,encoder.layer.2.output.dense,768,0.01862544623,76.85572545,0,0.01862544623,76.85572545
rte@s0__imdb@s0,rte@s0,imdb@s0,encoder.layer.3.attention.output.dense,768,0.01518204133,77.56280984,0,0.01518204133,77.56280984
rte@s0__imdb@s0,rte@s0,imdb@s0,encoder.layer.3.attention.self.key,768,0.017547215,74.73121983,0,0.017547215,74.73121983
rte@s0__imdb@s0,rte@s0,imdb@s0,encoder.layer.3.attention.self.query,768,0.02196782075,75.44516605,0,0.02196782075,75.44516605
rte@s0__imdb@s0,rte@s0,imdb@s0,encoder.layer.3.attention.self.value,768,0.01851001448,75.63814993,0,0.01851001448,75.63814993
rte@s0__imdb@s0,rte@s0,imdb@s0,encoder.layer.3.intermediate.dense,3072,0.002276974201,85.59789235,0,0.002276974201,85.59789235
rte@s0__imdb@s0,rte@s0,imdb@s0,encoder.layer.3.output.dense,768,0.01471782675,78.48866812,0,0.01471782675,78.48866812
rte@s0__imdb@s0,rte@s0,imdb@s0,encoder.layer.4.attention.output.dense,768,0.01648415828,76.72987004,0,0.01648415828,76.72987004
rte@s0__imdb@s0,rte@s0,imdb@s0,encoder.layer.4.attention.self.key,768,0.01363804986,79.14943113,0,0.01363804986,79.14943113
rte@s0__imdb@s0,rte@s0,imdb@s0,encoder.layer.4.attention.self.query,768,0.01399233575,79.43197955,0,0.01399233575,79.43197955
rte@s0__imdb@s0,rte@s0,imdb@s0,encoder.layer.4.attention.self.value,768,0.01442164751,78.05333879,0,0.01442164751,78.05333879
rte@s0__imdb@s0,rte@s0,imdb@s0,encoder.layer.4.intermediate.dense,3072,0.003269918325,84.70008003,0,0.003269918325,84.70008003
rte@s0__imdb@s0,rte@s0,imdb@s0,encoder.layer.4.output.dense,768,0.01927262074,75.87607488,0,0.01927262074,75.87607488
rte@s0__imdb@s0,rte@s0,imdb@s0,encoder.layer.5.attention.output.dense,768,0.01243466482,79.39532247,0,0.01243466482,79.39532247
rte@s0__imdb@s0,rte@s0,imdb@s0,encoder.layer.5.attention.self.key,768,0.01951240095,75.71018982,0,0.01951240095,75.71018982
rte@s0__imdb@s0,rte@s0,imdb@s0,encoder.layer.5.attention.self.query,768,0.01558858711,76.83583164,0,0.01558858711,76.83583164
rte@s0__imdb@s0,rte@s0,imdb@s0,encoder.layer.5.attention.self.value,768,0.01405064199,77.54606082,0,0.01405064199,77.54606082
rte@s0__imdb@s0,rte@s0,imdb@s0,encoder.layer.5.intermediate.dense,3072,0.002595311251,85.05530458,0,0.002595311251,85.05530458
rte@s0__imdb@s0,rte@s0,imdb@s0,encoder.layer.5.output.dense,768,0.02318741809,74.11462636,0,0.02318741809,74.11462636
rte@s0__imdb@s0,rte@s0,imdb@s0,encoder.layer.6.attention.output.dense,768,0.0156245403,77.44406926,0,0.0156245403,77.44406926
rte@s0__imdb@s0,rte@s0,imdb@s0,encoder.layer.6.attention.self.key,768,0.01911103936,76.28746063,0,0.01911103936,76.28746063
rte@s0__imdb@s0,rte@s0,imdb@s0,encoder.layer.6.attention.self.query,768,0.01595195921,76.96877105,0,0.01595195921,76.96877105
rte@s0__imdb@s0,rte@s0,imdb@s0,encoder.layer.6.attention.self.value,768,0.0158172422,79.29116736,0,0.0158172422,79.29116736
rte@s0__imdb@s0,rte@s0,imdb@s0,encoder.layer.6.intermediate.dense,3072,0.003296559253,84.73595897,0,0.003296559253,84.73595897
rte@s0__imdb@s0,rte@s0,imdb@s0,encoder.layer.6.output.dense,768,0.02493163071,74.20688257,0,0.02493163071,74.20688257
rte@s0__imdb@s0,rte@s0,imdb@s0,encoder.layer.7.attention.output.dense,768,0.01449009415,76.86091177,0,0.01449009415,76.86091177
rte@s0__imdb@s0,rte@s0,imdb@s0,encoder.layer.7.attention.self.key,768,0.02177736087,76.14854696,0,0.02177736087,76.14854696
rte@s0__imdb@s0,rte@s0,imdb@s0,encoder.layer.7.attention.self.query,768,0.01690678092,77.01685866,0,0.01690678092,77.01685866
rte@s0__imdb@s0,rte@s0,imdb@s0,encoder.layer.7.attention.self.value,768,0.01558051336,77.94577181,0,0.01558051336,77.94577181
rte@s0__imdb@s0,rte@s0,imdb@s0,encoder.layer.7.intermediate.dense,3072,0.003435997826,84.70614356,0,0.003435997826,84.70614356
rte@s0__imdb@s0,rte@s0,imdb@s0,encoder.layer.7.output.dense,768,0.01839582071,75.0476983,0,0.01839582071,75.0476983
rte@s0__imdb@s0,rte@s0,imdb@s0,encoder.layer.8.attention.output.dense,768,0.02813818555,71.47850128,0,0.02813818555,71.47850128
rte@s0__imdb@s0,rte@s0,imdb@s0,encoder.layer.8.attention.self.key,768,0.02330363427,75.9861616,0,0.02330363427,75.9861616
rte@s0__imdb@s0,rte@s0,imdb@s0,encoder.layer.8.attention.self.query,768,0.02351661405,75.48980087,0,0.02351661405,75.48980087
rte@s0__imdb@s0,rte@s0,imdb@s0,encoder.layer.8.attention.self.value,768,0.02143510029,76.39859742,0,0.02143510029,76.39859742
rte@s0__imdb@s0,rte@s0,imdb@s0,encoder.layer.8.intermediate.dense,3072,0.003548198244,83.10315642,0,0.003548198244,83.10315642
rte@s0__imdb@s0,rte@s0,imdb@s0,encoder.layer.8.output.dense,768,0.02279771754,73.64270308,0,0.02279771754,73.64270308
rte@s0__imdb@s0,rte@s0,imdb@s0,encoder.layer.9.attention.output.dense,768,0.02546587113,74.21511179,0,0.02546587113,74.21511179
rte@s0__imdb@s0,rte@s0,imdb@s0,encoder.layer.9.attention.self.key,768,0.02518446001,73.78563523,0,0.02518446001,73.78563523
rte@s0__imdb@s0,rte@s0,imdb@s0,encoder.layer.9.attention.self.query,768,0.01756367956,76.35943663,0,0.01756367956,76.35943663
rte@s0__imdb@s0,rte@s0,imdb@s0,encoder.layer.9.attention.self.value,768,0.02067015145,73.37959605,0,0.02067015145,73.37959605
rte@s0__imdb@s0,rte@s0,imdb@s0,encoder.layer.9.intermediate.dense,3072,0.003031818389,84.16378152,0,0.003031818389,84.16378152
rte@s0__imdb@s0,rte@s0,imdb@s0,encoder.layer.9.output.dense,768,0.02141752021,74.97388941,0,0.02141752021,74.97388941
rte@s0__imdb@s0,rte@s0,imdb@s0,pooler.dense,768,0.07943072601,63.34822005,0,0.07943072601,63.34822005
rte@s0__trec@s0,rte@s0,trec@s0,encoder.layer.0.attention.output.dense,768,0.0166340947,77.52781576,0,0.0166340947,77.52781576
rte@s0__trec@s0,rte@s0,trec@s0,encoder.layer.0.attention.self.key,768,0.01658121568,77.975435,0,0.01658121568,77.975435
rte@s0__trec@s0,rte@s0,trec@s0,encoder.layer.0.attention.self.query,768,0.02888140245,71.29469665,0,0.02888140245,71.29469665
rte@s0__trec@s0,rte@s0,trec@s0,encoder.layer.0.attention.self.value,768,0.02019348647,75.03530941,0,0.02019348647,75.03530941
rte@s0__trec@s0,rte@s0,trec@s0,encoder.layer.0.intermediate.dense,3072,0.002811126953,84.49018217,0,0.002811126953,84.49018217
rte@s0__trec@s0,rte@s0,trec@s0,encoder.layer.0.output.dense,768,0.01826778161,76.15600374,0,0.01826778161,76.15600374
rte@s0__trec@s0,rte@s0,trec@s0,encoder.layer.1.attention.output.dense,768,0.01773758559,75.40786863,0,0.01773758559,75.40786863
rte@s0__trec@s0,rte@s0,trec@s0,encoder.layer.1.attention.self.key,768,0.01539814845,76.77261853,0,0.01539814845,76.77261853
rte@s0__trec@s0,rte@s0,trec@s0,encoder.layer.1.attention.self.query,768,0.02874118059,73.72940634,0,0.02874118059,73.72940634
rte@s0__trec@s0,rte@s0,trec@s0,encoder.layer.1.attention.self.value,768,0.0183287976,73.58304913,0,0.0183287976,73.58304913
rte@s0__trec@s0,rte@s0,trec@s0,encoder.layer.1.intermediate.dense,3072,0.002328728168,85.46029215,0,0.002328728168,85.46029215
rte@s0__trec@s0,rte@s0,trec@s0,encoder.layer.1.output.dense,768,0.01760073784,77.80489414,0,0.01760073784,77.80489414
rte@s0__trec@s0,rte@s0,trec@s0,encoder.layer.10.attention.output.dense,768,0.0354214776,69.66490604,0,0.0354214776,69.66490604
rte@s0__trec@s0,rte@s0,trec@s0,encoder.layer.10.attention.self.key,768,0.01989376385,75.99739406,0,0.01989376385,75.99739406
rte@s0__trec@s0,rte@s0,trec@s0,encoder.layer.10.attention.self.query,768,0.02330287277,73.87592484,0,0.02330287277,73.87592484
rte@s0__trec@s0,rte@s0,trec@s0,encoder.layer.10.attention.self.value,768,0.03578128015,72.14415302,0,0.03578128015,72.14415302
rte@s0__trec@s0,rte@s0,trec@s0,encoder.layer.10.intermediate.dense,3072,0.003933622359,84.15632344,0,0.003933622359,84.15632344
rte@s0__trec@s0,rte@s0,trec@s0,encoder.layer.10.output.dense,768,0.07440492031,57.08491088,0,0.07440492031,57.08491088
rte@s0__trec@s0,rte@s0,trec@s0,encoder.layer.11.attention.output.dense,768,0.07011777248,61.94828788,0,0.07011777248,61.94828788
rte@s0__trec@s0,rte@s0,trec@s0,encoder.layer.11.attention.self.key,768,0.0295405083,72.09415842,0,0.0295405083,72.09415842
rte@s0__trec@s0,rte@s0,trec@s0,encoder.layer.11.attention.self.query,768,0.01640885102,75.85620465,0,0.01640885102,75.85620465
rte@s0__trec@s0,rte@s0,trec@s0,encoder.layer.11.attention.self.value,768,0.03492416313,71.55725538,0,0.03492416313,71.55725538
rte@s0__trec@s0,rte@s0,trec@s0,encoder.layer.11.intermediate.dense,3072,0.007672127817,80.67656558,0,0.007672127817,80.67656558
rte@s0__trec@s0,rte@s0,trec@s0,encoder.layer.11.output.dense,768,0.04256606768,67.77120032,0,0.04256606768,67.77120032
rte@s0__trec@s0,rte@s0,trec@s0,encoder.layer.2.attention.output.dense,768,0.0181293939,76.63300026,0,0.0181293939,76.63300026
rte@s0__trec@s0,rte@s0,trec@s0,encoder.layer.2.attention.self.key,768,0.02031724348,75.38452867,0,0.02031724348,75.38452867
rte@s0__trec@s0,rte@s0,trec@s0,encoder.layer.2.attention.self.query,768,0.02110321116,76.86004683,0,0.02110321116,76.86004683
rte@s0__trec@s0,rte@s0,trec@s0,encoder.layer.2.attention.self.value,768,0.01291508661,78.83906936,0,0.01291508661,78.83906936
rte@s0__trec@s0,rte@s0,trec@s0,encoder.layer.2.intermediate.dense,3072,0.002360716966,85.57506381,0,0.002360716966,85.57506381
rte@s0__trec@s0,rte@s0,trec@s0,encoder.layer.2.output.dense,768,0.01530237849,77.95985568,0,0.01530237849,77.95985568
rte@s0__trec@s0,rte@s0,trec@s0,encoder.layer.3.attention.output.dense,768,0.01651043498,76.80782033,0,0.01651043498,76.80782033
rte@s0__trec@s0,rte@s0,trec@s0,encoder.layer.3.attention.self.key,768,0.01935749688,75.85296888,0,0.01935749688,75.85296888
rte@s0__trec@s0,rte@s0,trec@s0,encoder.layer.3.attention.self.query,768,0.01462840148,77.25212708,0,0.01462840148,77.25212708
rte@s0__trec@s0,rte@s0,trec@s0,encoder.layer.3.attention.self.value,768,0.01420404488,77.8082591,0,0.01420404488,77.8082591
rte@s0__trec@s0,rte@s0,trec@s0,encoder.layer.3.intermediate.dense,3072,0.002703333336,84.35991516,0,0.002703333336,84.35991516
rte@s0__trec@s0,rte@s0,trec@s0,encoder.layer.3.output.dense,768,0.01854390414,76.00321748,0,0.01854390414,76.00321748
rte@s0__trec@s0,rte@s0,trec@s0,encoder.layer.4.attention.output.dense,768,0.0160654307,76.23133258,0,0.0160654307,76.23133258
rte@s0__trec@s0,rte@s0,trec@s0,encoder.layer.4.attention.self.key,768,0.01504450243,75.88791618,0,0.01504450243,75.88791618
rte@s0__trec@s0,rte@s0,trec@s0,encoder.layer.4.attention.self.query,768,0.02414408745,74.87124436,0,0.02414408745,74.87124436
rte@s0__trec@s0,rte@s0,trec@s0,encoder.layer.4.attention.self.value,768,0.01806307042,77.79255454,0,0.01806307042,77.79255454
rte@s0__trec@s0,rte@s0,trec@s0,encoder.layer.4.intermediate.dense,3072,0.00316383302,83.39514419,0,0.00316383302,83.39514419
rte@s0__trec@s0,rte@s0,trec@s0,encoder.layer.4.output.dense,768,0.01741723588,76.97649534,0,0.01741723588,76.97649534
rte@s0__trec@s0,rte@s0,trec@s0,encoder.layer.5.attention.output.dense,768,0.01358073559,78.96085584,0,0.01358073559,78.96085584
rte@s0__trec@s0,rte@s0,trec@s0,encoder.layer.5.attention.self.key,768,0.02350258642,75.17456267,0,0.02350258642,75.17456267
rte@s0__trec@s0,rte@s0,trec@s0,encoder.layer.5.attention.self.query,768,0.01959491211,75.95724898,0,0.01959491211,75.95724898
rte@s0__trec@s0,rte@s0,trec@s0,encoder.layer.5.attention.self.value,768,0.01466658712,77.38025186,0,0.01466658712,77.38025186
rte@s0__trec@s0,rte@s0,trec@s0,encoder.layer.5.intermediate.dense,3072,0.003433825528,83.97974042,0,0.003433825528,83.97974042
rte@s0__trec@s0,rte@s0,trec@s0,encoder.layer.5.output.dense,768,0.01643425278,75.05997135,0,0.01643425278,75.05997135
rte@s0__trec@s0,rte@s0,trec@s0,encoder.layer.6.attention.output.dense,768,0.01788459477,77.50567941,0,0.01788459477,77.50567941
rte@s0__trec@s0,rte@s0,trec@s0,encoder.layer.6.attention.self.key,768,0.02234635301,75.36352372,0,0.02234635301,75.36352372
rte@s0__trec@s0,rte@s0,trec@s0,encoder.layer.6.attention.self.query,768,0.02171628443,75.64538114,0,0.02171628443,75.64538114
rte@s0__trec@s0,rte@s0,trec@s0,encoder.layer.6.attention.self.value,768,0.01388107312,78.42183087,0,0.01388107312,78.42183087
rte@s0__trec@s0,rte@s0,trec@s0,encoder.layer.6.intermediate.dense,3072,0.003363165499,84.89726294,0,0.003363165499,84.89726294
rte@s0__trec@s0,rte@s0,trec@s0,encoder.layer.6.output.dense,768,0.02243616366,75.42372371,0,0.02243616366,75.42372371
rte@s0__trec@s0,rte@s0,trec@s0,encoder.layer.7.attention.output.dense,768,0.01979697956,75.47854635,0,0.01979697956,75.47854635
rte@s0__trec@s0,rte@s0,trec@s0,encoder.layer.7.attention.self.key,768,0.01920812942,76.25052257,0,0.01920812942,76.25052257
rte@s0__trec@s0,rte@s0,trec@s0,encoder.layer.7.attention.self.query,768,0.01554374008,78.47363676,0,0.01554374008,78.47363676
rte@s0__trec@s0,rte@s0,trec@s0,encoder.layer.7.attention.self.value,768,0.01560545467,78.10355739,0,0.01560545467,78.10355739
rte@s0__trec@s0,rte@s0,trec@s0,encoder.layer.7.intermediate.dense,3072,0.003374276028,83.98737096,0,0.003374276028,83.98737096
rte@s0__trec@s0,rte@s0,trec@s0,encoder.layer.7.output.dense,768,0.01319763215,78.66136735,0,0.01319763215,78.66136735
rte@s0__trec@s0,rte@s0,trec@s0,encoder.layer.8.attention.output.dense,768,0.016963186,76.3675523,0,0.016963186,76.3675523
rte@s0__trec@s0,rte@s0,trec@s0,encoder.layer.8.attention.self.key,768,0.02294656091,73.81842184,0,0.02294656091,73.81842184
rte@s0__trec@s0,rte@s0,trec@s0,encoder.layer.8.attention.self.query,768,0.01910313183,75.34978677,0,0.01910313183,75.34978677
rte@s0__trec@s0,rte@s0,trec@s0,encoder.layer.8.attention.self.value,768,0.01595598209,77.18605991,0,0.01595598209,77.18605991
rte@s0__trec@s0,rte@s0,trec@s0,encoder.layer.8.intermediate.dense,3072,0.003291679562,84.11056766,0,0.003291679562,84.11056766
rte@s0__trec@s0,rte@s0,trec@s0,encoder.layer.8.output.dense,768,0.01450851244,78.03912678,0,0.01450851244,78.03912678
rte@s0__trec@s0,rte@s0,trec@s0,encoder.layer.9.attention.output.dense,768,0.02446992677,72.99697031,0,0.02446992677,72.99697031
rte@s0__trec@s0,rte@s0,trec@s0,encoder.layer.9.attention.self.key,768,0.01771880019,78.02047478,0,0.01771880019,78.02047478
rte@s0__trec@s0,rte@s0,trec@s0,encoder.layer.9.attention.self.query,768,0.01871405402,75.81022929,0,0.01871405402,75.81022929
rte@s0__trec@s0,rte@s0,trec@s0,encoder.layer.9.attention.self.value,768,0.01171322317,77.71156145,0,0.01171322317,77.71156145
rte@s0__trec@s0,rte@s0,trec@s0,encoder.layer.9.intermediate.dense,3072,0.002967932331,84.61410841,0,0.002967932331,84.61410841
rte@s0__trec@s0,rte@s0,trec@s0,encoder.layer.9.output.dense,768,0.02614503359,74.49285932,0,0.02614503359,74.49285932
rte@s0__trec@s0,rte@s0,trec@s0,pooler.dense,768,0.02867671183,68.40326989,0,0.02867671183,68.40326989
rte@s0__yelp_polarity@s0,rte@s0,yelp_polarity@s0,encoder.layer.0.attention.output.dense,768,0.01076230143,80.24377744,0,0.01076230143,80.24377744
rte@s0__yelp_polarity@s0,rte@s0,yelp_polarity@s0,encoder.layer.0.attention.self.key,768,0.017890551,75.49093901,0,0.017890551,75.49093901
rte@s0__yelp_polarity@s0,rte@s0,yelp_polarity@s0,encoder.layer.0.attention.self.query,768,0.01947211649,76.51658942,0,0.01947211649,76.51658942
rte@s0__yelp_polarity@s0,rte@s0,yelp_polarity@s0,encoder.layer.0.attention.self.value,768,0.01392444715,77.3110341,0,0.01392444715,77.3110341
rte@s0__yelp_polarity@s0,rte@s0,yelp_polarity@s0,encoder.layer.0.intermediate.dense,3072,0.002481229846,85.28782791,0,0.002481229846,85.28782791
rte@s0__yelp_polarity@s0,rte@s0,yelp_polarity@s0,encoder.layer.0.output.dense,768,0.01552432036,78.15965618,0,0.01552432036,78.15965618
rte@s0__yelp_polarity@s0,rte@s0,yelp_polarity@s0,encoder.layer.1.attention.output.dense,768,0.01252614367,78.64531963,0,0.01252614367,78.64531963
rte@s0__yelp_polarity@s0,rte@s0,yelp_polarity@s0,encoder.layer.1.attention.self.key,768,0.0153380475,77.78883689,0,0.0153380475,77.78883689
rte@s0__yelp_polarity@s0,rte@s0,yelp_polarity@s0,encoder.layer.1.attention.self.query,768,0.03023042743,73.04898123,0,0.03023042743,73.04898123
rte@s0__yelp_polarity@s0,rte@s0,yelp_polarity@s0,encoder.layer.1.attention.self.value,768,0.01531405861,77.55758967,0,0.01531405861,77.55758967
rte@s0__yelp_polarity@s0,rte@s0,yelp_polarity@s0,encoder.layer.1.intermediate.dense,3072,0.002588985991,85.10282353,0,0.002588985991,85.10282353
rte@s0__yelp_polarity@s0,rte@s0,yelp_polarity@s0,encoder.layer.1.output.dense,768,0.009825392598,80.15197437,0,0.009825392598,80.15197437
rte@s0__yelp_polarity@s0,rte@s0,yelp_polarity@s0,encoder.layer.10.attention.output.dense,768,0.03549681825,69.17067517,0,0.03549681825,69.17067517
rte@s0__yelp_polarity@s0,rte@s0,yelp_polarity@s0,encoder.layer.10.attention.self.key,768,0.02239728775,73.63759301,0,0.02239728775,73.63759301
rte@s0__yelp_polarity@s0,rte@s0,yelp_polarity@s0,encoder.layer.10.attention.self.query,768,0.01425659277,76.77527919,0,0.01425659277,76.77527919
rte@s0__yelp_polarity@s0,rte@s0,yelp_polarity@s0,encoder.layer.10.attention.self.value,768,0.0185508237,74.79531835,0,0.0185508237,74.79531835
rte@s0__yelp_polarity@s0,rte@s0,yelp_polarity@s0,encoder.layer.10.intermediate.dense,3072,0.004753664145,82.80409068,0,0.004753664145,82.80409068
rte@s0__yelp_polarity@s0,rte@s0,yelp_polarity@s0,encoder.layer.10.output.dense,768,0.02538003897,72.04100273,0,0.02538003897,72.04100273
rte@s0__yelp_polarity@s0,rte@s0,yelp_polarity@s0,encoder.layer.11.attention.output.dense,768,0.06054803724,61.91466857,0,0.06054803724,61.91466857
rte@s0__yelp_polarity@s0,rte@s0,yelp_polarity@s0,encoder.layer.11.attention.self.key,768,0.02674389935,70.40270543,0,0.02674389935,70.40270543
rte@s0__yelp_polarity@s0,rte@s0,yelp_polarity@s0,encoder.layer.11.attention.self.query,768,0.01405422996,79.41113215,0,0.01405422996,79.41113215
rte@s0__yelp_polarity@s0,rte@s0,yelp_polarity@s0,encoder.layer.11.attention.self.value,768,0.02798990764,70.23137713,0,0.02798990764,70.23137713
rte@s0__yelp_polarity@s0,rte@s0,yelp_polarity@s0,encoder.layer.11.intermediate.dense,3072,0.0125779855,75.40056485,0,0.0125779855,75.40056485
rte@s0__yelp_polarity@s0,rte@s0,yelp_polarity@s0,encoder.layer.11.output.dense,768,0.04856003463,64.34543135,0,0.04856003463,64.34543135
rte@s0__yelp_polarity@s0,rte@s0,yelp_polarity@s0,encoder.layer.2.attention.output.dense,768,0.01453854338,77.57734653,0,0.01453854338,77.57734653
rte@s0__yelp_polarity@s0,rte@s0,yelp_polarity@s0,encoder.layer.2.attention.self.key,768,0.01241346955,78.86684875,0,0.01241346955,78.86684875
rte@s0__yelp_polarity@s0,rte@s0,yelp_polarity@s0,encoder.layer.2.attention.self.query,768,0.01611470437,75.54099292,0,0.01611470437,75.54099292
rte@s0__yelp_polarity@s0,rte@s0,yelp_polarity@s0,encoder.layer.2.attention.self.value,768,0.01433562425,77.62240708,0,0.01433562425,77.62240708
rte@s0__yelp_polarity@s0,rte@s0,yelp_polarity@s0,encoder.layer.2.intermediate.dense,3072,0.002347795759,85.37828075,0,0.002347795759,85.37828075
rte@s0__yelp_polarity@s0,rte@s0,yelp_polarity@s0,encoder.layer.2.output.dense,768,0.01551983493,75.63602404,0,0.01551983493,75.63602404
rte@s0__yelp_polarity@s0,rte@s0,yelp_polarity@s0,encoder.layer.3.attention.output.dense,768,0.01713889114,77.15023774,0,0.01713889114,77.15023774
rte@s0__yelp_polarity@s0,rte@s0,yelp_polarity@s0,encoder.layer.3.attention.self.key,768,0.01190453092,80.1384313,0,0.01190453092,80.1384313
rte@s0__yelp_polarity@s0,rte@s0,yelp_polarity@s0,encoder.layer.3.attention.self.query,768,0.01786997558,76.92395403,0,0.01786997558,76.92395403
rte@s0__yelp_polarity@s0,rte@s0,yelp_polarity@s0,encoder.layer.3.attention.self.value,768,0.01557285103,77.32692495,0,0.01557285103,77.32692495
rte@s0__yelp_polarity@s0,rte@s0,yelp_polarity@s0,encoder.layer.3.intermediate.dense,3072,0.002732493449,84.64185246,0,0.002732493449,84.64185246
rte@s0__yelp_polarity@s0,rte@s0,yelp_polarity@s0,encoder.layer.3.output.dense,768,0.01284212201,79.26395842,0,0.01284212201,79.26395842
rte@s0__yelp_polarity@s0,rte@s0,yelp_polarity@s0,encoder.layer.4.attention.output.dense,768,0.01252080603,80.23988771,0,0.01252080603,80.23988771
rte@s0__yelp_polarity@s0,rte@s0,yelp_polarity@s0,encoder.layer.4.attention.self.key,768,0.01124597575,80.427746,0,0.01124597575,80.427746
rte@s0__yelp_polarity@s0,rte@s0,yelp_polarity@s0,encoder.layer.4.attention.self.query,768,0.01814414339,77.36313461,0,0.01814414339,77.36313461
rte@s0__yelp_polarity@s0,rte@s0,yelp_polarity@s0,encoder.layer.4.attention.self.value,768,0.0140898812,77.19152765,0,0.0140898812,77.19152765
rte@s0__yelp_polarity@s0,rte@s0,yelp_polarity@s0,encoder.layer.4.intermediate.dense,3072,0.00217714805,85.37614392,0,0.00217714805,85.37614392
rte@s0__yelp_polarity@s0,rte@s0,yelp_polarity@s0,encoder.layer.4.output.dense,768,0.01645514495,76.98148989,0,0.01645514495,76.98148989
rte@s0__yelp_polarity@s0,rte@s0,yelp_polarity@s0,encoder.layer.5.attention.output.dense,768,0.01135922454,79.54724045,0,0.01135922454,79.54724045
rte@s0__yelp_polarity@s0,rte@s0,yelp_polarity@s0,encoder.layer.5.attention.self.key,768,0.01216852713,78.26639603,0,0.01216852713,78.26639603
rte@s0__yelp_polarity@s0,rte@s0,yelp_polarity@s0,encoder.layer.5.attention.self.query,768,0.0189059087,78.01612601,0,0.0189059087,78.01612601
rte@s0__yelp_polarity@s0,rte@s0,yelp_polarity@s0,encoder.layer.5.attention.self.value,768,0.0103534191,81.07119181,0,0.0103534191,81.07119181
rte@s0__yelp_polarity@s0,rte@s0,yelp_polarity@s0,encoder.layer.5.intermediate.dense,3072,0.00307753599,84.31228826,0,0.00307753599,84.31228826
rte@s0__yelp_polarity@s0,rte@s0,yelp_polarity@s0,encoder.layer.5.output.dense,768,0.01914937268,75.88215475,0,0.01914937268,75.88215475
rte@s0__yelp_polarity@s0,rte@s0,yelp_polarity@s0,encoder.layer.6.attention.output.dense,768,0.01520034759,78.34859977,0,0.01520034759,78.34859977
rte@s0__yelp_polarity@s0,rte@s0,yelp_polarity@s0,encoder.layer.6.attention.self.key,768,0.01706790143,76.95241045,0,0.01706790143,76.95241045
rte@s0__yelp_polarity@s0,rte@s0,yelp_polarity@s0,encoder.layer.6.attention.self.query,768,0.02628497013,72.33949398,0,0.02628497013,72.33949398
rte@s0__yelp_polarity@s0,rte@s0,yelp_polarity@s0,encoder.layer.6.attention.self.value,768,0.01666103241,76.24411773,0,0.01666103241,76.24411773
rte@s0__yelp_polarity@s0,rte@s0,yelp_polarity@s0,encoder.layer.6.intermediate.dense,3072,0.004325644953,83.31898921,0,0.004325644953,83.31898921
rte@s0__yelp_polarity@s0,rte@s0,yelp_polarity@s0,encoder.layer.6.output.dense,768,0.01457879699,77.98238313,0,0.01457879699,77.98238313
rte@s0__yelp_polarity@s0,rte@s0,yelp_polarity@s0,encoder.layer.7.attention.output.dense,768,0.01646911555,76.9939865,0,0.01646911555,76.9939865
rte@s0__yelp_polarity@s0,rte@s0,yelp_polarity@s0,encoder.layer.7.attention.self.key,768,0.02423750646,76.50297091,0,0.02423750646,76.50297091
rte@s0__yelp_polarity@s0,rte@s0,yelp_polarity@s0,encoder.layer.7.attention.self.query,768,0.01839457566,77.07139588,0,0.01839457566,77.07139588
rte@s0__yelp_polarity@s0,rte@s0,yelp_polarity@s0,encoder.layer.7.attention.self.value,768,0.01204367952,78.61199949,0,0.01204367952,78.61199949
rte@s0__yelp_polarity@s0,rte@s0,yelp_polarity@s0,encoder.layer.7.intermediate.dense,3072,0.003540047313,84.02228668,0,0.003540047313,84.02228668
rte@s0__yelp_polarity@s0,rte@s0,yelp_polarity@s0,encoder.layer.7.output.dense,768,0.01308806244,78.58330064,0,0.01308806244,78.58330064
rte@s0__yelp_polarity@s0,rte@s0,yelp_polarity@s0,encoder.layer.8.attention.output.dense,768,0.02272692954,74.69203117,0,0.02272692954,74.69203117
rte@s0__yelp_polarity@s0,rte@s0,yelp_polarity@s0,encoder.layer.8.attention.self.key,768,0.019386757,74.3962818,0,0.019386757,74.3962818
rte@s0__yelp_polarity@s0,rte@s0,yelp_polarity@s0,encoder.layer.8.attention.self.query,768,0.02370905574,75.36906997,0,0.02370905574,75.36906997
rte@s0__yelp_polarity@s0,rte@s0,yelp_polarity@s0,encoder.layer.8.attention.self.value,768,0.01903003556,75.72278156,0,0.01903003556,75.72278156
rte@s0__yelp_polarity@s0,rte@s0,yelp_polarity@s0,encoder.layer.8.intermediate.dense,3072,0.004020821396,83.04998457,0,0.004020821396,83.04998457
rte@s0__yelp_polarity@s0,rte@s0,yelp_polarity@s0,encoder.layer.8.output.dense,768,0.02268898102,72.52230498,0,0.02268898102,72.52230498
rte@s0__yelp_polarity@s0,rte@s0,yelp_polarity@s0,encoder.layer.9.attention.output.dense,768,0.02287622711,75.23333364,0,0.02287622711,75.23333364
rte@s0__yelp_polarity@s0,rte@s0,yelp_polarity@s0,encoder.layer.9.attention.self.key,768,0.01820548214,77.14724767,0,0.01820548214,77.14724767
rte@s0__yelp_polarity@s0,rte@s0,yelp_polarity@s0,encoder.layer.9.attention.self.query,768,0.02110457276,73.90720119,0,0.02110457276,73.90720119
rte@s0__yelp_polarity@s0,rte@s0,yelp_polarity@s0,encoder.layer.9.attention.self.value,768,0.01333189101,79.54194887,0,0.01333189101,79.54194887
rte@s0__yelp_polarity@s0,rte@s0,yelp_polarity@s0,encoder.layer.9.intermediate.dense,3072,0.003142392739,84.58642796,0,0.003142392739,84.58642796
rte@s0__yelp_polarity@s0,rte@s0,yelp_polarity@s0,encoder.layer.9.output.dense,768,0.02359248269,75.0103651,0,0.02359248269,75.0103651
rte@s0__yelp_polarity@s0,rte@s0,yelp_polarity@s0,pooler.dense,768,0.05927906771,66.72848,0,0.05927906771,66.72848
wic@s0__snli@s0,wic@s0,snli@s0,encoder.layer.0.attention.output.dense,768,0.01530130543,76.94504836,0,0.01530130543,76.94504836
wic@s0__snli@s0,wic@s0,snli@s0,encoder.layer.0.attention.self.key,768,0.02067573609,73.60699351,0,0.02067573609,73.60699351
wic@s0__snli@s0,wic@s0,snli@s0,encoder.layer.0.attention.self.query,768,0.02178168931,72.5026166,0,0.02178168931,72.5026166
wic@s0__snli@s0,wic@s0,snli@s0,encoder.layer.0.attention.self.value,768,0.018901566,75.25626635,0,0.018901566,75.25626635
wic@s0__snli@s0,wic@s0,snli@s0,encoder.layer.0.intermediate.dense,3072,0.003099129587,84.11834986,0,0.003099129587,84.11834986
wic@s0__snli@s0,wic@s0,snli@s0,encoder.layer.0.output.dense,768,0.01733935658,78.01256716,0,0.01733935658,78.01256716
wic@s0__snli@s0,wic@s0,snli@s0,encoder.layer.1.attention.output.dense,768,0.01364031335,78.5326194,0,0.01364031335,78.5326194
wic@s0__snli@s0,wic@s0,snli@s0,encoder.layer.1.attention.self.key,768,0.01552590514,75.42913288,0,0.01552590514,75.42913288
wic@s0__snli@s0,wic@s0,snli@s0,encoder.layer.1.attention.self.query,768,0.022728558,74.92839953,0,0.022728558,74.92839953
wic@s0__snli@s0,wic@s0,snli@s0,encoder.layer.1.attention.self.value,768,0.01568236674,77.7034009,0,0.01568236674,77.7034009
wic@s0__snli@s0,wic@s0,snli@s0,encoder.layer.1.intermediate.dense,3072,0.003572251564,84.39705629,0,0.003572251564,84.39705629
wic@s0__snli@s0,wic@s0,snli@s0,encoder.layer.1.output.dense,768,0.01253968202,78.61004231,0,0.01253968202,78.61004231
wic@s0__snli@s0,wic@s0,snli@s0,encoder.layer.10.attention.output.dense,768,0.02451382343,74.31732267,0,0.02451382343,74.31732267
wic@s0__snli@s0,wic@s0,snli@s0,encoder.layer.10.attention.self.key,768,0.02461476839,73.49960143,0,0.02461476839,73.49960143
wic@s0__snli@s0,wic@s0,snli@s0,encoder.layer.10.attention.self.query,768,0.01995763576,73.51376748,0,0.01995763576,73.51376748
wic@s0__snli@s0,wic@s0,snli@s0,encoder.layer.10.attention.self.value,768,0.01936855052,74.68196491,0,0.01936855052,74.68196491
wic@s0__snli@s0,wic@s0,snli@s0,encoder.layer.10.intermediate.dense,3072,0.00222489622,85.39513342,0,0.00222489622,85.39513342
wic@s0__snli@s0,wic@s0,snli@s0,encoder.layer.10.output.dense,768,0.03402186254,69.26206817,0,0.03402186254,69.26206817
wic@s0__snli@s0,wic@s0,snli@s0,encoder.layer.11.attention.output.dense,768,0.02998434286,73.08704918,0,0.02998434286,73.08704918
wic@s0__snli@s0,wic@s0,snli@s0,encoder.layer.11.attention.self.key,768,0.02402174881,74.72266975,0,0.02402174881,74.72266975
wic@s0__snli@s0,wic@s0,snli@s0,encoder.layer.11.attention.self.query,768,0.02464347464,74.24084245,0,0.02464347464,74.24084245
wic@s0__snli@s0,wic@s0,snli@s0,encoder.layer.11.attention.self.value,768,0.02303120581,73.3148648,0,0.02303120581,73.3148648
wic@s0__snli@s0,wic@s0,snli@s0,encoder.layer.11.intermediate.dense,3072,0.005802699141,80.33927318,0,0.005802699141,80.33927318
wic@s0__snli@s0,wic@s0,snli@s0,encoder.layer.11.output.dense,768,0.02071925887,74.70385769,0,0.02071925887,74.70385769
wic@s0__snli@s0,wic@s0,snli@s0,encoder.layer.2.attention.output.dense,768,0.01036269881,79.68792636,0,0.01036269881,79.68792636
wic@s0__snli@s0,wic@s0,snli@s0,encoder.layer.2.attention.self.key,768,0.02082220348,75.47617078,0,0.02082220348,75.47617078
wic@s0__snli@s0,wic@s0,snli@s0,encoder.layer.2.attention.self.query,768,0.0225258899,75.74538901,0,0.0225258899,75.74538901
wic@s0__snli@s0,wic@s0,snli@s0,encoder.layer.2.attention.self.value,768,0.0188498232,75.30090512,0,0.0188498232,75.30090512
wic@s0__snli@s0,wic@s0,snli@s0,encoder.layer.2.intermediate.dense,3072,0.003250871106,84.66609949,0,0.003250871106,84.66609949
wic@s0__snli@s0,wic@s0,snli@s0,encoder.layer.2.output.dense,768,0.01665240516,78.04226768,0,0.01665240516,78.04226768
wic@s0__snli@s0,wic@s0,snli@s0,encoder.layer.3.attention.output.dense,768,0.01339701754,79.21845904,0,0.01339701754,79.21845904
wic@s0__snli@s0,wic@s0,snli@s0,encoder.layer.3.attention.self.key,768,0.01573327749,77.59806309,0,0.01573327749,77.59806309
wic@s0__snli@s0,wic@s0,snli@s0,encoder.layer.3.attention.self.query,768,0.01892128658,75.65986596,0,0.01892128658,75.65986596
wic@s0__snli@s0,wic@s0,snli@s0,encoder.layer.3.attention.self.value,768,0.01757648355,75.79684652,0,0.01757648355,75.79684652
wic@s0__snli@s0,wic@s0,snli@s0,encoder.layer.3.intermediate.dense,3072,0.002745109247,84.94843236,0,0.002745109247,84.94843236
wic@s0__snli@s0,wic@s0,snli@s0,encoder.layer.3.output.dense,768,0.01145498148,79.08759877,0,0.01145498148,79.08759877
wic@s0__snli@s0,wic@s0,snli@s0,encoder.layer.4.attention.output.dense,768,0.0132038137,77.91020214,0,0.0132038137,77.91020214
wic@s0__snli@s0,wic@s0,snli@s0,encoder.layer.4.attention.self.key,768,0.01522481539,77.96182636,0,0.01522481539,77.96182636
wic@s0__snli@s0,wic@s0,snli@s0,encoder.layer.4.attention.self.query,768,0.02577806741,72.5253029,0,0.02577806741,72.5253029
wic@s0__snli@s0,wic@s0,snli@s0,encoder.layer.4.attention.self.value,768,0.01324110166,79.76468589,0,0.01324110166,79.76468589
wic@s0__snli@s0,wic@s0,snli@s0,encoder.layer.4.intermediate.dense,3072,0.00295494439,84.78167909,0,0.00295494439,84.78167909
wic@s0__snli@s0,wic@s0,snli@s0,encoder.layer.4.output.dense,768,0.01102859852,79.16709786,0,0.01102859852,79.16709786
wic@s0__snli@s0,wic@s0,snli@s0,encoder.layer.5.attention.output.dense,768,0.0133872083,78.35477556,0,0.0133872083,78.35477556
wic@s0__snli@s0,wic@s0,snli@s0,encoder.layer.5.attention.self.key,768,0.01483834456,78.57741653,0,0.01483834456,78.57741653
wic@s0__snli@s0,wic@s0,snli@s0,encoder.layer.5.attention.self.query,768,0.02638352169,74.88264938,0,0.02638352169,74.88264938
wic@s0__snli@s0,wic@s0,snli@s0,encoder.layer.5.attention.self.value,768,0.01848938067,76.07824811,0,0.01848938067,76.07824811
wic@s0__snli@s0,wic@s0,snli@s0,encoder.layer.5.intermediate.dense,3072,0.003466158414,84.95660874,0,0.003466158414,84.95660874
wic@s0__snli@s0,wic@s0,snli@s0,encoder.layer.5.output.dense,768,0.01249330085,79.09154377,0,0.01249330085,79.09154377
wic@s0__snli@s0,wic@s0,snli@s0,encoder.layer.6.attention.output.dense,768,0.01397086013,77.48635937,0,0.01397086013,77.48635937
wic@s0__snli@s0,wic@s0,snli@s0,encoder.layer.6.attention.self.key,768,0.0141383712,79.51002413,0,0.0141383712,79.51002413
wic@s0__snli@s0,wic@s0,snli@s0,encoder.layer.6.attention.self.query,768,0.01575522569,76.36345979,0,0.01575522569,76.36345979
wic@s0__snli@s0,wic@s0,snli@s0,encoder.layer.6.attention.self.value,768,0.01565654953,78.24194767,0,0.01565654953,78.24194767
wic@s0__snli@s0,wic@s0,snli@s0,encoder.layer.6.intermediate.dense,3072,0.002476715498,84.45715792,0,0.002476715498,84.45715792
wic@s0__snli@s0,wic@s0,snli@s0,encoder.layer.6.output.dense,768,0.01813516049,75.52347684,0,0.01813516049,75.52347684
wic@s0__snli@s0,wic@s0,snli@s0,encoder.layer.7.attention.output.dense,768,0.01725065173,77.17956497,0,0.01725065173,77.17956497
wic@s0__snli@s0,wic@s0,snli@s0,encoder.layer.7.attention.self.key,768,0.02716105065,74.7790949,0,0.02716105065,74.7790949
wic@s0__snli@s0,wic@s0,snli@s0,encoder.layer.7.attention.self.query,768,0.01525584659,76.09717322,0,0.01525584659,76.09717322
wic@s0__snli@s0,wic@s0,snli@s0,encoder.layer.7.attention.self.value,768,0.007508023508,81.52472327,0,0.007508023508,81.52472327
wic@s0__snli@s0,wic@s0,snli@s0,encoder.layer.7.intermediate.dense,3072,0.003025058558,84.38049339,0,0.003025058558,84.38049339
wic@s0__snli@s0,wic@s0,snli@s0,encoder.layer.7.output.dense,768,0.01326971869,77.87877439,0,0.01326971869,77.87877439
wic@s0__snli@s0,wic@s0,snli@s0,encoder.layer.8.attention.output.dense,768,0.0155672211,78.08940213,0,0.0155672211,78.08940213
wic@s0__snli@s0,wic@s0,snli@s0,encoder.layer.8.attention.self.key,768,0.01594170511,78.39385255,0,0.01594170511,78.39385255
wic@s0__snli@s0,wic@s0,snli@s0,encoder.layer.8.attention.self.query,768,0.02629555343,72.77196371,0,0.02629555343,72.77196371
wic@s0__snli@s0,wic@s0,snli@s0,encoder.layer.8.attention.self.value,768,0.02248981798,75.61131805,0,0.02248981798,75.61131805
wic@s0__snli@s0,wic@s0,snli@s0,encoder.layer.8.intermediate.dense,3072,0.002631358028,85.09720251,0,0.002631358028,85.09720251
wic@s0__snli@s0,wic@s0,snli@s0,encoder.layer.8.output.dense,768,0.02016154622,76.82318267,0,0.02016154622,76.82318267
wic@s0__snli@s0,wic@s0,snli@s0,encoder.layer.9.attention.output.dense,768,0.01862427313,75.88200371,0,0.01862427313,75.88200371
wic@s0__snli@s0,wic@s0,snli@s0,encoder.layer.9.attention.self.key,768,0.01963205703,74.37375005,0,0.01963205703,74.37375005
wic@s0__snli@s0,wic@s0,snli@s0,encoder.layer.9.attention.self.query,768,0.03568150622,70.19935521,0,0.03568150622,70.19935521
wic@s0__snli@s0,wic@s0,snli@s0,encoder.layer.9.attention.self.value,768,0.01549105139,77.70370692,0,0.01549105139,77.70370692
wic@s0__snli@s0,wic@s0,snli@s0,encoder.layer.9.intermediate.dense,3072,0.00322291024,84.61967207,0,0.00322291024,84.61967207
wic@s0__snli@s0,wic@s0,snli@s0,encoder.layer.9.output.dense,768,0.02448579101,74.30646087,0,0.02448579101,74.30646087
wic@s0__snli@s0,wic@s0,snli@s0,pooler.dense,768,0.0546175707,64.84793901,0,0.0546175707,64.84793901
wic@s0__scitail@s0,wic@s0,scitail@s0,encoder.layer.0.attention.output.dense,768,0.0168337715,77.27718581,0,0.0168337715,77.27718581
wic@s0__scitail@s0,wic@s0,scitail@s0,encoder.layer.0.attention.self.key,768,0.01893699198,77.73309197,0,0.01893699198,77.73309197
wic@s0__scitail@s0,wic@s0,scitail@s0,encoder.layer.0.attention.self.query,768,0.02421156923,72.22772439,0,0.02421156923,72.22772439
wic@s0__scitail@s0,wic@s0,scitail@s0,encoder.layer.0.attention.self.value,768,0.01861380477,76.59222657,0,0.01861380477,76.59222657
wic@s0__scitail@s0,wic@s0,scitail@s0,encoder.layer.0.intermediate.dense,3072,0.003590616351,83.8189756,0,0.003590616351,83.8189756
wic@s0__scitail@s0,wic@s0,scitail@s0,encoder.layer.0.output.dense,768,0.01552461862,78.78063051,0,0.01552461862,78.78063051
wic@s0__scitail@s0,wic@s0,scitail@s0,encoder.layer.1.attention.output.dense,768,0.01705122407,75.04537864,0,0.01705122407,75.04537864
wic@s0__scitail@s0,wic@s0,scitail@s0,encoder.layer.1.attention.self.key,768,0.01250808609,78.55875988,0,0.01250808609,78.55875988
wic@s0__scitail@s0,wic@s0,scitail@s0,encoder.layer.1.attention.self.query,768,0.01834094369,78.00954791,0,0.01834094369,78.00954791
wic@s0__scitail@s0,wic@s0,scitail@s0,encoder.layer.1.attention.self.value,768,0.01884261568,76.8161025,0,0.01884261568,76.8161025
wic@s0__scitail@s0,wic@s0,scitail@s0,encoder.layer.1.intermediate.dense,3072,0.003453141656,84.47684484,0,0.003453141656,84.47684484
wic@s0__scitail@s0,wic@s0,scitail@s0,encoder.layer.1.output.dense,768,0.02177872137,76.23420702,0,0.02177872137,76.23420702
wic@s0__scitail@s0,wic@s0,scitail@s0,encoder.layer.10.attention.output.dense,768,0.04189292617,69.50512391,0,0.04189292617,69.50512391
wic@s0__scitail@s0,wic@s0,scitail@s0,encoder.layer.10.attention.self.key,768,0.02337039828,73.32552614,0,0.02337039828,73.32552614
wic@s0__scitail@s0,wic@s0,scitail@s0,encoder.layer.10.attention.self.query,768,0.02559328532,74.36652925,0,0.02559328532,74.36652925
wic@s0__scitail@s0,wic@s0,scitail@s0,encoder.layer.10.attention.self.value,768,0.03615935684,71.04191769,0,0.03615935684,71.04191769
wic@s0__scitail@s0,wic@s0,scitail@s0,encoder.layer.10.intermediate.dense,3072,0.00421978565,83.63609238,0,0.00421978565,83.63609238
wic@s0__scitail@s0,wic@s0,scitail@s0,encoder.layer.10.output.dense,768,0.08317278691,59.26392384,0,0.08317278691,59.26392384
wic@s0__scitail@s0,wic@s0,scitail@s0,encoder.layer.11.attention.output.dense,768,0.05932484949,62.17859912,0,0.05932484949,62.17859912
wic@s0__scitail@s0,wic@s0,scitail@s0,encoder.layer.11.attention.self.key,768,0.04028034706,66.19670174,0,0.04028034706,66.19670174
wic@s0__scitail@s0,wic@s0,scitail@s0,encoder.layer.11.attention.self.query,768,0.01954126809,74.42809091,0,0.01954126809,74.42809091
wic@s0__scitail@s0,wic@s0,scitail@s0,encoder.layer.11.attention.self.value,768,0.03024039633,68.95923039,0,0.03024039633,68.95923039
wic@s0__scitail@s0,wic@s0,scitail@s0,encoder.layer.11.intermediate.dense,3072,0.005726076974,82.04448609,0,0.005726076974,82.04448609
wic@s0__scitail@s0,wic@s0,scitail@s0,encoder.layer.11.output.dense,768,0.06399344903,63.05987476,0,0.06399344903,63.05987476
wic@s0__scitail@s0,wic@s0,scitail@s0,encoder.layer.2.attention.output.dense,768,0.01231250613,78.64627604,0,0.01231250613,78.64627604
wic@s0__scitail@s0,wic@s0,scitail@s0,encoder.layer.2.attention.self.key,768,0.0198916089,75.57582395,0,0.0198916089,75.57582395
wic@s0__scitail@s0,wic@s0,scitail@s0,encoder.layer.2.attention.self.query,768,0.02426603494,73.7389064,0,0.02426603494,73.7389064
wic@s0__scitail@s0,wic@s0,scitail@s0,encoder.layer.2.attention.self.value,768,0.01711824905,75.66964201,0,0.01711824905,75.66964201
wic@s0__scitail@s0,wic@s0,scitail@s0,encoder.layer.2.intermediate.dense,3072,0.002305495951,85.70878426,0,0.002305495951,85.70878426
wic@s0__scitail@s0,wic@s0,scitail@s0,encoder.layer.2.output.dense,768,0.01956587311,77.21689459,0,0.01956587311,77.21689459
wic@s0__scitail@s0,wic@s0,scitail@s0,encoder.layer.3.attention.output.dense,768,0.01571053401,77.86328719,0,0.01571053401,77.86328719
wic@s0__scitail@s0,wic@s0,scitail@s0,encoder.layer.3.attention.self.key,768,0.02103351175,74.48887293,0,0.02103351175,74.48887293
wic@s0__scitail@s0,wic@s0,scitail@s0,encoder.layer.3.attention.self.query,768,0.02221717153,75.71529842,0,0.02221717153,75.71529842
wic@s0__scitail@s0,wic@s0,scitail@s0,encoder.layer.3.attention.self.value,768,0.01665066593,76.3947513,0,0.01665066593,76.3947513
wic@s0__scitail@s0,wic@s0,scitail@s0,encoder.layer.3.intermediate.dense,3072,0.002567596219,84.9379089,0,0.002567596219,84.9379089
wic@s0__scitail@s0,wic@s0,scitail@s0,encoder.layer.3.output.dense,768,0.01408539514,76.88157424,0,0.01408539514,76.88157424
wic@s0__scitail@s0,wic@s0,scitail@s0,encoder.layer.4.attention.output.dense,768,0.014954329,78.31156957,0,0.014954329,78.31156957
wic@s0__scitail@s0,wic@s0,scitail@s0,encoder.layer.4.attention.self.key,768,0.01538663943,79.41974075,0,0.01538663943,79.41974075
wic@s0__scitail@s0,wic@s0,scitail@s0,encoder.layer.4.attention.self.query,768,0.02074254921,76.0018114,0,0.02074254921,76.0018114
wic@s0__scitail@s0,wic@s0,scitail@s0,encoder.layer.4.attention.self.value,768,0.01123216051,79.19780297,0,0.01123216051,79.19780297
wic@s0__scitail@s0,wic@s0,scitail@s0,encoder.layer.4.intermediate.dense,3072,0.002689912905,84.6934974,0,0.002689912905,84.6934974
wic@s0__scitail@s0,wic@s0,scitail@s0,encoder.layer.4.output.dense,768,0.01548161785,79.06204269,0,0.01548161785,79.06204269
wic@s0__scitail@s0,wic@s0,scitail@s0,encoder.layer.5.attention.output.dense,768,0.01535118007,77.17168656,0,0.01535118007,77.17168656
wic@s0__scitail@s0,wic@s0,scitail@s0,encoder.layer.5.attention.self.key,768,0.015053686,77.39125995,0,0.015053686,77.39125995
wic@s0__scitail@s0,wic@s0,scitail@s0,encoder.layer.5.attention.self.query,768,0.02055283449,75.2642539,0,0.02055283449,75.2642539
wic@s0__scitail@s0,wic@s0,scitail@s0,encoder.layer.5.attention.self.value,768,0.0128260331,79.45659599,0,0.0128260331,79.45659599
wic@s0__scitail@s0,wic@s0,scitail@s0,encoder.layer.5.intermediate.dense,3072,0.002686383883,84.65291835,0,0.002686383883,84.65291835
wic@s0__scitail@s0,wic@s0,scitail@s0,encoder.layer.5.output.dense,768,0.01836268498,76.99063932,0,0.01836268498,76.99063932
wic@s0__scitail@s0,wic@s0,scitail@s0,encoder.layer.6.attention.output.dense,768,0.0152978634,77.40569299,0,0.0152978634,77.40569299
wic@s0__scitail@s0,wic@s0,scitail@s0,encoder.layer.6.attention.self.key,768,0.01396151929,78.53508177,0,0.01396151929,78.53508177
wic@s0__scitail@s0,wic@s0,scitail@s0,encoder.layer.6.attention.self.query,768,0.01550554286,78.01360768,0,0.01550554286,78.01360768
wic@s0__scitail@s0,wic@s0,scitail@s0,encoder.layer.6.attention.self.value,768,0.01886461826,77.05494469,0,0.01886461826,77.05494469
wic@s0__scitail@s0,wic@s0,scitail@s0,encoder.layer.6.intermediate.dense,3072,0.003607337669,84.38160007,0,0.003607337669,84.38160007
wic@s0__scitail@s0,wic@s0,scitail@s0,encoder.layer.6.output.dense,768,0.02200445733,75.58072926,0,0.02200445733,75.58072926
wic@s0__scitail@s0,wic@s0,scitail@s0,encoder.layer.7.attention.output.dense,768,0.016396384,78.20355581,0,0.016396384,78.20355581
wic@s0__scitail@s0,wic@s0,scitail@s0,encoder.layer.7.attention.self.key,768,0.0243290695,74.64398959,0,0.0243290695,74.64398959
wic@s0__scitail@s0,wic@s0,scitail@s0,encoder.layer.7.attention.self.query,768,0.01451772525,77.82527383,0,0.01451772525,77.82527383
wic@s0__scitail@s0,wic@s0,scitail@s0,encoder.layer.7.attention.self.value,768,0.01319775858,77.96046776,0,0.01319775858,77.96046776
wic@s0__scitail@s0,wic@s0,scitail@s0,encoder.layer.7.intermediate.dense,3072,0.00290045991,85.38766007,0,0.00290045991,85.38766007
wic@s0__scitail@s0,wic@s0,scitail@s0,encoder.layer.7.output.dense,768,0.02469534598,71.91196963,0,0.02469534598,71.91196963
wic@s0__scitail@s0,wic@s0,scitail@s0,encoder.layer.8.attention.output.dense,768,0.02668251332,73.6878604,0,0.02668251332,73.6878604
wic@s0__scitail@s0,wic@s0,scitail@s0,encoder.layer.8.attention.self.key,768,0.02178258275,76.28459786,0,0.02178258275,76.28459786
wic@s0__scitail@s0,wic@s0,scitail@s0,encoder.layer.8.attention.self.query,768,0.02244464863,72.68196009,0,0.02244464863,72.68196009
wic@s0__scitail@s0,wic@s0,scitail@s0,encoder.layer.8.attention.self.value,768,0.01606785991,78.48466922,0,0.01606785991,78.48466922
wic@s0__scitail@s0,wic@s0,scitail@s0,encoder.layer.8.intermediate.dense,3072,0.003314142449,84.14339415,0,0.003314142449,84.14339415
wic@s0__scitail@s0,wic@s0,scitail@s0,encoder.layer.8.output.dense,768,0.02527105805,72.20778918,0,0.02527105805,72.20778918
wic@s0__scitail@s0,wic@s0,scitail@s0,encoder.layer.9.attention.output.dense,768,0.02386913666,71.31465835,0,0.02386913666,71.31465835
wic@s0__scitail@s0,wic@s0,scitail@s0,encoder.layer.9.attention.self.key,768,0.02363795552,74.68584312,0,0.02363795552,74.68584312
wic@s0__scitail@s0,wic@s0,scitail@s0,encoder.layer.9.attention.self.query,768,0.0249181522,74.32594988,0,0.0249181522,74.32594988
wic@s0__scitail@s0,wic@s0,scitail@s0,encoder.layer.9.attention.self.value,768,0.02213785421,74.40406147,0,0.02213785421,74.40406147
wic@s0__scitail@s0,wic@s0,scitail@s0,encoder.layer.9.intermediate.dense,3072,0.00270498558,84.53005569,0,0.00270498558,84.53005569
wic@s0__scitail@s0,wic@s0,scitail@s0,encoder.layer.9.output.dense,768,0.02704579669,73.73037994,0,0.02704579669,73.73037994
wic@s0__scitail@s0,wic@s0,scitail@s0,pooler.dense,768,0.0892053732,60.05590425,0,0.0892053732,60.05590425
wic@s0__ag_news@s0,wic@s0,ag_news@s0,encoder.layer.0.attention.output.dense,768,0.0153882066,75.2506122,0,0.0153882066,75.2506122
wic@s0__ag_news@s0,wic@s0,ag_news@s0,encoder.layer.0.attention.self.key,768,0.01854047199,76.29260813,0,0.01854047199,76.29260813
wic@s0__ag_news@s0,wic@s0,ag_news@s0,encoder.layer.0.attention.self.query,768,0.01670824537,75.63892007,0,0.01670824537,75.63892007
wic@s0__ag_news@s0,wic@s0,ag_news@s0,encoder.layer.0.attention.self.value,768,0.01825955233,77.84869763,0,0.01825955233,77.84869763
wic@s0__ag_news@s0,wic@s0,ag_news@s0,encoder.layer.0.intermediate.dense,3072,0.002384293222,85.86564229,0,0.002384293222,85.86564229
wic@s0__ag_news@s0,wic@s0,ag_news@s0,encoder.layer.0.output.dense,768,0.01223657468,78.62588167,0,0.01223657468,78.62588167
wic@s0__ag_news@s0,wic@s0,ag_news@s0,encoder.layer.1.attention.output.dense,768,0.01082640498,78.86888056,0,0.01082640498,78.86888056
wic@s0__ag_news@s0,wic@s0,ag_news@s0,encoder.layer.1.attention.self.key,768,0.01947286634,77.59514238,0,0.01947286634,77.59514238
wic@s0__ag_news@s0,wic@s0,ag_news@s0,encoder.layer.1.attention.self.query,768,0.01049851726,79.57112977,0,0.01049851726,79.57112977
wic@s0__ag_news@s0,wic@s0,ag_news@s0,encoder.layer.1.attention.self.value,768,0.02599324463,74.05937492,0,0.02599324463,74.05937492
wic@s0__ag_news@s0,wic@s0,ag_news@s0,encoder.layer.1.intermediate.dense,3072,0.002091851888,85.3673332,0,0.002091851888,85.3673332
wic@s0__ag_news@s0,wic@s0,ag_news@s0,encoder.layer.1.output.dense,768,0.01188636789,78.88794812,0,0.01188636789,78.88794812
wic@s0__ag_news@s0,wic@s0,ag_news@s0,encoder.layer.10.attention.output.dense,768,0.01924221953,75.60204996,0,0.01924221953,75.60204996
wic@s0__ag_news@s0,wic@s0,ag_news@s0,encoder.layer.10.attention.self.key,768,0.02341100128,73.70853778,0,0.02341100128,73.70853778
wic@s0__ag_news@s0,wic@s0,ag_news@s0,encoder.layer.10.attention.self.query,768,0.01774588081,76.73789372,0,0.01774588081,76.73789372
wic@s0__ag_news@s0,wic@s0,ag_news@s0,encoder.layer.10.attention.self.value,768,0.01774281491,77.52060225,0,0.01774281491,77.52060225
wic@s0__ag_news@s0,wic@s0,ag_news@s0,encoder.layer.10.intermediate.dense,3072,0.002816129149,85.36634588,0,0.002816129149,85.36634588
wic@s0__ag_news@s0,wic@s0,ag_news@s0,encoder.layer.10.output.dense,768,0.03555930369,71.15754401,0,0.03555930369,71.15754401
wic@s0__ag_news@s0,wic@s0,ag_news@s0,encoder.layer.11.attention.output.dense,768,0.03793266327,66.50322598,0,0.03793266327,66.50322598
wic@s0__ag_news@s0,wic@s0,ag_news@s0,encoder.layer.11.attention.self.key,768,0.02229282668,74.8042678,0,0.02229282668,74.8042678
wic@s0__ag_news@s0,wic@s0,ag_news@s0,encoder.layer.11.attention.self.query,768,0.01871759515,75.69467414,0,0.01871759515,75.69467414
wic@s0__ag_news@s0,wic@s0,ag_news@s0,encoder.layer.11.attention.self.value,768,0.03174617491,70.14423331,0,0.03174617491,70.14423331
wic@s0__ag_news@s0,wic@s0,ag_news@s0,encoder.layer.11.intermediate.dense,3072,0.004340740107,82.60577437,0,0.004340740107,82.60577437
wic@s0__ag_news@s0,wic@s0,ag_news@s0,encoder.layer.11.output.dense,768,0.08870112893,52.14880618,0,0.08870112893,52.14880618
wic@s0__ag_news@s0,wic@s0,ag_news@s0,encoder.layer.2.attention.output.dense,768,0.01537698658,77.83426012,0,0.01537698658,77.83426012
wic@s0__ag_news@s0,wic@s0,ag_news@s0,encoder.layer.2.attention.self.key,768,0.01146901415,79.24558856,0,0.01146901415,79.24558856
wic@s0__ag_news@s0,wic@s0,ag_news@s0,encoder.layer.2.attention.self.query,768,0.01325976766,80.02250628,0,0.01325976766,80.02250628
wic@s0__ag_news@s0,wic@s0,ag_news@s0,encoder.layer.2.attention.self.value,768,0.01893091983,75.98684719,0,0.01893091983,75.98684719
wic@s0__ag_news@s0,wic@s0,ag_news@s0,encoder.layer.2.intermediate.dense,3072,0.003072856885,84.09552844,0,0.003072856885,84.09552844
wic@s0__ag_news@s0,wic@s0,ag_news@s0,encoder.layer.2.output.dense,768,0.01414677743,78.41823249,0,0.01414677743,78.41823249
wic@s0__ag_news@s0,wic@s0,ag_news@s0,encoder.layer.3.attention.output.dense,768,0.01131204822,79.00393776,0,0.01131204822,79.00393776
wic@s0__ag_news@s0,wic@s0,ag_news@s0,encoder.layer.3.attention.self.key,768,0.01254621548,79.8262872,0,0.01254621548,79.8262872
wic@s0__ag_news@s0,wic@s0,ag_news@s0,encoder.layer.3.attention.self.query,768,0.01866976099,75.6655376,0,0.01866976099,75.6655376
wic@s0__ag_news@s0,wic@s0,ag_news@s0,encoder.layer.3.attention.self.value,768,0.01764089423,77.7502549,0,0.01764089423,77.7502549
wic@s0__ag_news@s0,wic@s0,ag_news@s0,encoder.layer.3.intermediate.dense,3072,0.002623282297,84.63080535,0,0.002623282297,84.63080535
wic@s0__ag_news@s0,wic@s0,ag_news@s0,encoder.layer.3.output.dense,768,0.01186115341,78.56384858,0,0.01186115341,78.56384858
wic@s0__ag_news@s0,wic@s0,ag_news@s0,encoder.layer.4.attention.output.dense,768,0.01139994078,78.90810404,0,0.01139994078,78.90810404
wic@s0__ag_news@s0,wic@s0,ag_news@s0,encoder.layer.4.attention.self.key,768,0.01602305214,77.97339087,0,0.01602305214,77.97339087
wic@s0__ag_news@s0,wic@s0,ag_news@s0,encoder.layer.4.attention.self.query,768,0.02120825351,73.23075511,0,0.02120825351,73.23075511
wic@s0__ag_news@s0,wic@s0,ag_news@s0,encoder.layer.4.attention.self.value,768,0.01459757311,77.98098933,0,0.01459757311,77.98098933
wic@s0__ag_news@s0,wic@s0,ag_news@s0,encoder.layer.4.intermediate.dense,3072,0.002830246356,84.26861694,0,0.002830246356,84.26861694
wic@s0__ag_news@s0,wic@s0,ag_news@s0,encoder.layer.4.output.dense,768,0.0181876618,76.47403582,0,0.0181876618,76.47403582
wic@s0__ag_news@s0,wic@s0,ag_news@s0,encoder.layer.5.attention.output.dense,768,0.01003747164,78.96370541,0,0.01003747164,78.96370541
wic@s0__ag_news@s0,wic@s0,ag_news@s0,encoder.layer.5.attention.self.key,768,0.01411109721,78.61861359,0,0.01411109721,78.61861359
wic@s0__ag_news@s0,wic@s0,ag_news@s0,encoder.layer.5.attention.self.query,768,0.01813829755,75.28464995,0,0.01813829755,75.28464995
wic@s0__ag_news@s0,wic@s0,ag_news@s0,encoder.layer.5.attention.self.value,768,0.01174110661,77.81446983,0,0.01174110661,77.81446983
wic@s0__ag_news@s0,wic@s0,ag_news@s0,encoder.layer.5.intermediate.dense,3072,0.002637515012,84.45331738,0,0.002637515012,84.45331738
wic@s0__ag_news@s0,wic@s0,ag_news@s0,encoder.layer.5.output.dense,768,0.01108954886,79.26704087,0,0.01108954886,79.26704087
wic@s0__ag_news@s0,wic@s0,ag_news@s0,encoder.layer.6.attention.output.dense,768,0.01266348333,79.49609289,0,0.01266348333,79.49609289
wic@s0__ag_news@s0,wic@s0,ag_news@s0,encoder.layer.6.attention.self.key,768,0.01810690124,77.37195524,0,0.01810690124,77.37195524
wic@s0__ag_news@s0,wic@s0,ag_news@s0,encoder.layer.6.attention.self.query,768,0.02319275811,74.28212307,0,0.02319275811,74.28212307
wic@s0__ag_news@s0,wic@s0,ag_news@s0,encoder.layer.6.attention.self.value,768,0.01329556749,78.58365818,0,0.01329556749,78.58365818
wic@s0__ag_news@s0,wic@s0,ag_news@s0,encoder.layer.6.intermediate.dense,3072,0.002811618604,84.23006274,0,0.002811618604,84.23006274
wic@s0__ag_news@s0,wic@s0,ag_news@s0,encoder.layer.6.output.dense,768,0.01685641871,76.94457921,0,0.01685641871,76.94457921
wic@s0__ag_news@s0,wic@s0,ag_news@s0,encoder.layer.7.attention.output.dense,768,0.01666525931,76.22563195,0,0.01666525931,76.22563195
wic@s0__ag_news@s0,wic@s0,ag_news@s0,encoder.layer.7.attention.self.key,768,0.01444463158,78.4132303,0,0.01444463158,78.4132303
wic@s0__ag_news@s0,wic@s0,ag_news@s0,encoder.layer.7.attention.self.query,768,0.01626498218,77.0172504,0,0.01626498218,77.0172504
wic@s0__ag_news@s0,wic@s0,ag_news@s0,encoder.layer.7.attention.self.value,768,0.01040191217,79.50898062,0,0.01040191217,79.50898062
wic@s0__ag_news@s0,wic@s0,ag_news@s0,encoder.layer.7.intermediate.dense,3072,0.002172072517,85.82556653,0,0.002172072517,85.82556653
wic@s0__ag_news@s0,wic@s0,ag_news@s0,encoder.layer.7.output.dense,768,0.02045889236,75.75482878,0,0.02045889236,75.75482878
wic@s0__ag_news@s0,wic@s0,ag_news@s0,encoder.layer.8.attention.output.dense,768,0.01895792535,76.790472,0,0.01895792535,76.790472
wic@s0__ag_news@s0,wic@s0,ag_news@s0,encoder.layer.8.attention.self.key,768,0.01890044519,77.08096153,0,0.01890044519,77.08096153
wic@s0__ag_news@s0,wic@s0,ag_news@s0,encoder.layer.8.attention.self.query,768,0.02115740573,74.35824441,0,0.02115740573,74.35824441
wic@s0__ag_news@s0,wic@s0,ag_news@s0,encoder.layer.8.attention.self.value,768,0.02018204665,75.95592677,0,0.02018204665,75.95592677
wic@s0__ag_news@s0,wic@s0,ag_news@s0,encoder.layer.8.intermediate.dense,3072,0.002960638325,84.48011772,0,0.002960638325,84.48011772
wic@s0__ag_news@s0,wic@s0,ag_news@s0,encoder.layer.8.output.dense,768,0.0302469355,73.6467995,0,0.0302469355,73.6467995
wic@s0__ag_news@s0,wic@s0,ag_news@s0,encoder.layer.9.attention.output.dense,768,0.02356932891,74.47940372,0,0.02356932891,74.47940372
wic@s0__ag_news@s0,wic@s0,ag_news@s0,encoder.layer.9.attention.self.key,768,0.02065354091,75.55911137,0,0.02065354091,75.55911137
wic@s0__ag_news@s0,wic@s0,ag_news@s0,encoder.layer.9.attention.self.query,768,0.02067918174,75.66018666,0,0.02067918174,75.66018666
wic@s0__ag_news@s0,wic@s0,ag_news@s0,encoder.layer.9.attention.self.value,768,0.01468997314,78.81091953,0,0.01468997314,78.81091953
wic@s0__ag_news@s0,wic@s0,ag_news@s0,encoder.layer.9.intermediate.dense,3072,0.003241608629,84.46975838,0,0.003241608629,84.46975838
wic@s0__ag_news@s0,wic@s0,ag_news@s0,encoder.layer.9.output.dense,768,0.01678869821,75.714335,0,0.01678869821,75.714335
wic@s0__ag_news@s0,wic@s0,ag_news@s0,pooler.dense,768,0.03168468079,71.50617084,0,0.03168468079,71.50617084
wic@s0__imdb@s0,wic@s0,imdb@s0,encoder.layer.0.attention.output.dense,768,0.01543679396,77.83048699,0,0.01543679396,77.83048699
wic@s0__imdb@s0,wic@s0,imdb@s0,encoder.layer.0.attention.self.key,768,0.01828988426,77.36247192,0,0.01828988426,77.36247192
wic@s0__imdb@s0,wic@s0,imdb@s0,encoder.layer.0.attention.self.query,768,0.01582168284,77.73698319,0,0.01582168284,77.73698319
wic@s0__imdb@s0,wic@s0,imdb@s0,encoder.layer.0.attention.self.value,768,0.01331853633,78.02661867,0,0.01331853633,78.02661867
wic@s0__imdb@s0,wic@s0,imdb@s0,encoder.layer.0.intermediate.dense,3072,0.002119462149,85.02560988,0,0.002119462149,85.02560988
wic@s0__imdb@s0,wic@s0,imdb@s0,encoder.layer.0.output.dense,768,0.01569098107,77.24762725,0,0.01569098107,77.24762725
wic@s0__imdb@s0,wic@s0,imdb@s0,encoder.layer.1.attention.output.dense,768,0.01788108082,76.74999788,0,0.01788108082,76.74999788
wic@s0__imdb@s0,wic@s0,imdb@s0,encoder.layer.1.attention.self.key,768,0.01530993593,77.79030695,0,0.01530993593,77.79030695
wic@s0__imdb@s0,wic@s0,imdb@s0,encoder.layer.1.attention.self.query,768,0.0232829365,73.30282804,0,0.0232829365,73.30282804
wic@s0__imdb@s0,wic@s0,imdb@s0,encoder.layer.1.attention.self.value,768,0.02073761611,76.93929422,0,0.02073761611,76.93929422
wic@s0__imdb@s0,wic@s0,imdb@s0,encoder.layer.1.intermediate.dense,3072,0.003070608971,84.57846474,0,0.003070608971,84.57846474
wic@s0__imdb@s0,wic@s0,imdb@s0,encoder.layer.1.output.dense,768,0.01742913727,75.55465957,0,0.01742913727,75.55465957
wic@s0__imdb@s0,wic@s0,imdb@s0,encoder.layer.10.attention.output.dense,768,0.02183271186,75.45475745,0,0.02183271186,75.45475745
wic@s0__imdb@s0,wic@s0,imdb@s0,encoder.layer.10.attention.self.key,768,0.0240268789,72.07149256,0,0.0240268789,72.07149256
wic@s0__imdb@s0,wic@s0,imdb@s0,encoder.layer.10.attention.self.query,768,0.01930926782,76.43777423,0,0.01930926782,76.43777423
wic@s0__imdb@s0,wic@s0,imdb@s0,encoder.layer.10.attention.self.value,768,0.01591925987,77.9725921,0,0.01591925987,77.9725921
wic@s0__imdb@s0,wic@s0,imdb@s0,encoder.layer.10.intermediate.dense,3072,0.003681915956,84.02178132,0,0.003681915956,84.02178132
wic@s0__imdb@s0,wic@s0,imdb@s0,encoder.layer.10.output.dense,768,0.02470842429,73.77746986,0,0.02470842429,73.77746986
wic@s0__imdb@s0,wic@s0,imdb@s0,encoder.layer.11.attention.output.dense,768,0.07502908329,57.65515875,0,0.07502908329,57.65515875
wic@s0__imdb@s0,wic@s0,imdb@s0,encoder.layer.11.attention.self.key,768,0.016353212,76.85455671,0,0.016353212,76.85455671
wic@s0__imdb@s0,wic@s0,imdb@s0,encoder.layer.11.attention.self.query,768,0.01976772526,75.71547167,0,0.01976772526,75.71547167
wic@s0__imdb@s0,wic@s0,imdb@s0,encoder.layer.11.attention.self.value,768,0.02356391334,76.02089398,0,0.02356391334,76.02089398
wic@s0__imdb@s0,wic@s0,imdb@s0,encoder.layer.11.intermediate.dense,3072,0.006183183513,79.77216456,0,0.006183183513,79.77216456
wic@s0__imdb@s0,wic@s0,imdb@s0,encoder.layer.11.output.dense,768,0.05958143215,63.34446108,0,0.05958143215,63.34446108
wic@s0__imdb@s0,wic@s0,imdb@s0,encoder.layer.2.attention.output.dense,768,0.01187368027,78.99192088,0,0.01187368027,78.99192088
wic@s0__imdb@s0,wic@s0,imdb@s0,encoder.layer.2.attention.self.key,768,0.01789915027,77.83115725,0,0.01789915027,77.83115725
wic@s0__imdb@s0,wic@s0,imdb@s0,encoder.layer.2.attention.self.query,768,0.01539824372,77.15682927,0,0.01539824372,77.15682927
wic@s0__imdb@s0,wic@s0,imdb@s0,encoder.layer.2.attention.self.value,768,0.01880223795,76.5694003,0,0.01880223795,76.5694003
wic@s0__imdb@s0,wic@s0,imdb@s0,encoder.layer.2.intermediate.dense,3072,0.003442380502,84.18179797,0,0.003442380502,84.18179797
wic@s0__imdb@s0,wic@s0,imdb@s0,encoder.layer.2.output.dense,768,0.01142857259,80.62702133,0,0.01142857259,80.62702133
wic@s0__imdb@s0,wic@s0,imdb@s0,encoder.layer.3.attention.output.dense,768,0.01287339839,80.07096866,0,0.01287339839,80.07096866
wic@s0__imdb@s0,wic@s0,imdb@s0,encoder.layer.3.attention.self.key,768,0.01607378986,76.99248713,0,0.01607378986,76.99248713
wic@s0__imdb@s0,wic@s0,imdb@s0,encoder.layer.3.attention.self.query,768,0.01705298638,77.22580227,0,0.01705298638,77.22580227
wic@s0__imdb@s0,wic@s0,imdb@s0,encoder.layer.3.attention.self.value,768,0.01239205986,79.08040211,0,0.01239205986,79.08040211
wic@s0__imdb@s0,wic@s0,imdb@s0,encoder.layer.3.intermediate.dense,3072,0.002675118464,85.17232269,0,0.002675118464,85.17232269
wic@s0__imdb@s0,wic@s0,imdb@s0,encoder.layer.3.output.dense,768,0.01612983621,76.80798346,0,0.01612983621,76.80798346
wic@s0__imdb@s0,wic@s0,imdb@s0,encoder.layer.4.attention.output.dense,768,0.0135650832,79.28443485,0,0.0135650832,79.28443485
wic@s0__imdb@s0,wic@s0,imdb@s0,encoder.layer.4.attention.self.key,768,0.01374808916,76.70105295,0,0.01374808916,76.70105295
wic@s0__imdb@s0,wic@s0,imdb@s0,encoder.layer.4.attention.self.query,768,0.01723337435,76.83321464,0,0.01723337435,76.83321464
wic@s0__imdb@s0,wic@s0,imdb@s0,encoder.layer.4.attention.self.value,768,0.0149905101,77.72836779,0,0.0149905101,77.72836779
wic@s0__imdb@s0,wic@s0,imdb@s0,encoder.layer.4.intermediate.dense,3072,0.003571970192,84.30585522,0,0.003571970192,84.30585522
wic@s0__imdb@s0,wic@s0,imdb@s0,encoder.layer.4.output.dense,768,0.01736648565,75.96653614,0,0.01736648565,75.96653614
wic@s0__imdb@s0,wic@s0,imdb@s0,encoder.layer.5.attention.output.dense,768,0.01174001999,78.64046639,0,0.01174001999,78.64046639
wic@s0__imdb@s0,wic@s0,imdb@s0,encoder.layer.5.attention.self.key,768,0.01210056586,79.42487684,0,0.01210056586,79.42487684
wic@s0__imdb@s0,wic@s0,imdb@s0,encoder.layer.5.attention.self.query,768,0.01573294842,75.89658014,0,0.01573294842,75.89658014
wic@s0__imdb@s0,wic@s0,imdb@s0,encoder.layer.5.attention.self.value,768,0.01885992134,75.23241429,0,0.01885992134,75.23241429
wic@s0__imdb@s0,wic@s0,imdb@s0,encoder.layer.5.intermediate.dense,3072,0.00254768303,85.18831543,0,0.00254768303,85.18831543
wic@s0__imdb@s0,wic@s0,imdb@s0,encoder.layer.5.output.dense,768,0.0139811707,77.15125206,0,0.0139811707,77.15125206
wic@s0__imdb@s0,wic@s0,imdb@s0,encoder.layer.6.attention.output.dense,768,0.01996493359,75.45902871,0,0.01996493359,75.45902871
wic@s0__imdb@s0,wic@s0,imdb@s0,encoder.layer.6.attention.self.key,768,0.01496838239,78.62878818,0,0.01496838239,78.62878818
wic@s0__imdb@s0,wic@s0,imdb@s0,encoder.layer.6.attention.self.query,768,0.01358796883,78.70135287,0,0.01358796883,78.70135287
wic@s0__imdb@s0,wic@s0,imdb@s0,encoder.layer.6.attention.self.value,768,0.01492730325,76.98169838,0,0.01492730325,76.98169838
wic@s0__imdb@s0,wic@s0,imdb@s0,encoder.layer.6.intermediate.dense,3072,0.0035068156,84.5660246,0,0.0035068156,84.5660246
wic@s0__imdb@s0,wic@s0,imdb@s0,encoder.layer.6.output.dense,768,0.01893692744,77.16055159,0,0.01893692744,77.16055159
wic@s0__imdb@s0,wic@s0,imdb@s0,encoder.layer.7.attention.output.dense,768,0.01720281838,76.45201684,0,0.01720281838,76.45201684
wic@s0__imdb@s0,wic@s0,imdb@s0,encoder.layer.7.attention.self.key,768,0.02174538406,74.9739369,0,0.02174538406,74.9739369
wic@s0__imdb@s0,wic@s0,imdb@s0,encoder.layer.7.attention.self.query,768,0.01477182886,77.4653076,0,0.01477182886,77.4653076
wic@s0__imdb@s0,wic@s0,imdb@s0,encoder.layer.7.attention.self.value,768,0.01060907802,79.1178622,0,0.01060907802,79.1178622
wic@s0__imdb@s0,wic@s0,imdb@s0,encoder.layer.7.intermediate.dense,3072,0.002627113748,84.17351336,0,0.002627113748,84.17351336
wic@s0__imdb@s0,wic@s0,imdb@s0,encoder.layer.7.output.dense,768,0.01641351038,77.18283314,0,0.01641351038,77.18283314
wic@s0__imdb@s0,wic@s0,imdb@s0,encoder.layer.8.attention.output.dense,768,0.01341076704,79.24051092,0,0.01341076704,79.24051092
wic@s0__imdb@s0,wic@s0,imdb@s0,encoder.layer.8.attention.self.key,768,0.0141936883,78.80096175,0,0.0141936883,78.80096175
wic@s0__imdb@s0,wic@s0,imdb@s0,encoder.layer.8.attention.self.query,768,0.01739140104,76.94277707,0,0.01739140104,76.94277707
wic@s0__imdb@s0,wic@s0,imdb@s0,encoder.layer.8.attention.self.value,768,0.01349920209,78.20763005,0,0.01349920209,78.20763005
wic@s0__imdb@s0,wic@s0,imdb@s0,encoder.layer.8.intermediate.dense,3072,0.002985994285,84.99016349,0,0.002985994285,84.99016349
wic@s0__imdb@s0,wic@s0,imdb@s0,encoder.layer.8.output.dense,768,0.01935101525,74.88717539,0,0.01935101525,74.88717539
wic@s0__imdb@s0,wic@s0,imdb@s0,encoder.layer.9.attention.output.dense,768,0.02139841695,75.94344149,0,0.02139841695,75.94344149
wic@s0__imdb@s0,wic@s0,imdb@s0,encoder.layer.9.attention.self.key,768,0.01400606042,77.78912803,0,0.01400606042,77.78912803
wic@s0__imdb@s0,wic@s0,imdb@s0,encoder.layer.9.attention.self.query,768,0.02234739996,74.89937861,0,0.02234739996,74.89937861
wic@s0__imdb@s0,wic@s0,imdb@s0,encoder.layer.9.attention.self.value,768,0.01740693867,75.73004923,0,0.01740693867,75.73004923
wic@s0__imdb@s0,wic@s0,imdb@s0,encoder.layer.9.intermediate.dense,3072,0.003330790745,84.36702258,0,0.003330790745,84.36702258
wic@s0__imdb@s0,wic@s0,imdb@s0,encoder.layer.9.output.dense,768,0.01937820017,77.97377375,0,0.01937820017,77.97377375
wic@s0__imdb@s0,wic@s0,imdb@s0,pooler.dense,768,0.05307418274,65.54459573,0,0.05307418274,65.54459573
wic@s0__trec@s0,wic@s0,trec@s0,encoder.layer.0.attention.output.dense,768,0.0176079253,76.02120831,0,0.0176079253,76.02120831
wic@s0__trec@s0,wic@s0,trec@s0,encoder.layer.0.attention.self.key,768,0.02235027898,75.9160355,0,0.02235027898,75.9160355
wic@s0__trec@s0,wic@s0,trec@s0,encoder.layer.0.attention.self.query,768,0.02218156042,75.05647598,0,0.02218156042,75.05647598
wic@s0__trec@s0,wic@s0,trec@s0,encoder.layer.0.attention.self.value,768,0.01386428879,77.59233369,0,0.01386428879,77.59233369
wic@s0__trec@s0,wic@s0,trec@s0,encoder.layer.0.intermediate.dense,3072,0.002345383921,85.19251863,0,0.002345383921,85.19251863
wic@s0__trec@s0,wic@s0,trec@s0,encoder.layer.0.output.dense,768,0.01606408725,76.50141579,0,0.01606408725,76.50141579
wic@s0__trec@s0,wic@s0,trec@s0,encoder.layer.1.attention.output.dense,768,0.0195067841,76.44978369,0,0.0195067841,76.44978369
wic@s0__trec@s0,wic@s0,trec@s0,encoder.layer.1.attention.self.key,768,0.01416802122,77.98053295,0,0.01416802122,77.98053295
wic@s0__trec@s0,wic@s0,trec@s0,encoder.layer.1.attention.self.query,768,0.03105682979,72.51256741,0,0.03105682979,72.51256741
wic@s0__trec@s0,wic@s0,trec@s0,encoder.layer.1.attention.self.value,768,0.01743229836,74.00529142,0,0.01743229836,74.00529142
wic@s0__trec@s0,wic@s0,trec@s0,encoder.layer.1.intermediate.dense,3072,0.004130282315,83.62201735,0,0.004130282315,83.62201735
wic@s0__trec@s0,wic@s0,trec@s0,encoder.layer.1.output.dense,768,0.01533431339,76.84184906,0,0.01533431339,76.84184906
wic@s0__trec@s0,wic@s0,trec@s0,encoder.layer.10.attention.output.dense,768,0.02562431601,73.57543592,0,0.02562431601,73.57543592
wic@s0__trec@s0,wic@s0,trec@s0,encoder.layer.10.attention.self.key,768,0.02654579848,73.40134797,0,0.02654579848,73.40134797
wic@s0__trec@s0,wic@s0,trec@s0,encoder.layer.10.attention.self.query,768,0.02800470146,72.76343664,0,0.02800470146,72.76343664
wic@s0__trec@s0,wic@s0,trec@s0,encoder.layer.10.attention.self.value,768,0.01641142903,74.7606076,0,0.01641142903,74.7606076
wic@s0__trec@s0,wic@s0,trec@s0,encoder.layer.10.intermediate.dense,3072,0.003453570544,84.40686547,0,0.003453570544,84.40686547
wic@s0__trec@s0,wic@s0,trec@s0,encoder.layer.10.output.dense,768,0.03999491774,65.95190915,0,0.03999491774,65.95190915
wic@s0__trec@s0,wic@s0,trec@s0,encoder.layer.11.attention.output.dense,768,0.05729128752,62.74102952,0,0.05729128752,62.74102952
wic@s0__trec@s0,wic@s0,trec@s0,encoder.layer.11.attention.self.key,768,0.02735891822,74.38182747,0,0.02735891822,74.38182747
wic@s0__trec@s0,wic@s0,trec@s0,encoder.layer.11.attention.self.query,768,0.01814377377,76.23827763,0,0.01814377377,76.23827763
wic@s0__trec@s0,wic@s0,trec@s0,encoder.layer.11.attention.self.value,768,0.04315648902,68.23854993,0,0.04315648902,68.23854993
wic@s0__trec@s0,wic@s0,trec@s0,encoder.layer.11.intermediate.dense,3072,0.004756911378,82.87974241,0,0.004756911378,82.87974241
wic@s0__trec@s0,wic@s0,trec@s0,encoder.layer.11.output.dense,768,0.04681763209,65.27291052,0,0.04681763209,65.27291052
wic@s0__trec@s0,wic@s0,trec@s0,encoder.layer.2.attention.output.dense,768,0.01227381652,79.01243395,0,0.01227381652,79.01243395
wic@s0__trec@s0,wic@s0,trec@s0,encoder.layer.2.attention.self.key,768,0.02142523923,75.5803163,0,0.02142523923,75.5803163
wic@s0__trec@s0,wic@s0,trec@s0,encoder.layer.2.attention.self.query,768,0.02250623766,76.07214897,0,0.02250623766,76.07214897
wic@s0__trec@s0,wic@s0,trec@s0,encoder.layer.2.attention.self.value,768,0.01900351934,74.59832022,0,0.01900351934,74.59832022
wic@s0__trec@s0,wic@s0,trec@s0,encoder.layer.2.intermediate.dense,3072,0.002732979912,84.82637664,0,0.002732979912,84.82637664
wic@s0__trec@s0,wic@s0,trec@s0,encoder.layer.2.output.dense,768,0.01555570688,77.98736818,0,0.01555570688,77.98736818
wic@s0__trec@s0,wic@s0,trec@s0,encoder.layer.3.attention.output.dense,768,0.01600849617,76.66760147,0,0.01600849617,76.66760147
wic@s0__trec@s0,wic@s0,trec@s0,encoder.layer.3.attention.self.key,768,0.0213241529,74.65690491,0,0.0213241529,74.65690491
wic@s0__trec@s0,wic@s0,trec@s0,encoder.layer.3.attention.self.query,768,0.01565581925,77.99303318,0,0.01565581925,77.99303318
wic@s0__trec@s0,wic@s0,trec@s0,encoder.layer.3.attention.self.value,768,0.01826238313,77.05447205,0,0.01826238313,77.05447205
wic@s0__trec@s0,wic@s0,trec@s0,encoder.layer.3.intermediate.dense,3072,0.003031759858,83.86602192,0,0.003031759858,83.86602192
wic@s0__trec@s0,wic@s0,trec@s0,encoder.layer.3.output.dense,768,0.0172845907,73.98770463,0,0.0172845907,73.98770463
wic@s0__trec@s0,wic@s0,trec@s0,encoder.layer.4.attention.output.dense,768,0.01395970666,77.33160089,0,0.01395970666,77.33160089
wic@s0__trec@s0,wic@s0,trec@s0,encoder.layer.4.attention.self.key,768,0.01553064129,77.72830944,0,0.01553064129,77.72830944
wic@s0__trec@s0,wic@s0,trec@s0,encoder.layer.4.attention.self.query,768,0.0203476901,73.66001568,0,0.0203476901,73.66001568
wic@s0__trec@s0,wic@s0,trec@s0,encoder.layer.4.attention.self.value,768,0.01420909878,77.10183605,0,0.01420909878,77.10183605
wic@s0__trec@s0,wic@s0,trec@s0,encoder.layer.4.intermediate.dense,3072,0.002082386727,85.96113774,0,0.002082386727,85.96113774
wic@s0__trec@s0,wic@s0,trec@s0,encoder.layer.4.output.dense,768,0.01725878079,76.96655405,0,0.01725878079,76.96655405
wic@s0__trec@s0,wic@s0,trec@s0,encoder.layer.5.attention.output.dense,768,0.01570441608,77.07293454,0,0.01570441608,77.07293454
wic@s0__trec@s0,wic@s0,trec@s0,encoder.layer.5.attention.self.key,768,0.01595923487,77.44502507,0,0.01595923487,77.44502507
wic@s0__trec@s0,wic@s0,trec@s0,encoder.layer.5.attention.self.query,768,0.0209277045,73.9507743,0,0.0209277045,73.9507743
wic@s0__trec@s0,wic@s0,trec@s0,encoder.layer.5.attention.self.value,768,0.0136882196,79.03939253,0,0.0136882196,79.03939253
wic@s0__trec@s0,wic@s0,trec@s0,encoder.layer.5.intermediate.dense,3072,0.003688207137,83.99992897,0,0.003688207137,83.99992897
wic@s0__trec@s0,wic@s0,trec@s0,encoder.layer.5.output.dense,768,0.02283411537,74.52929973,0,0.02283411537,74.52929973
wic@s0__trec@s0,wic@s0,trec@s0,encoder.layer.6.attention.output.dense,768,0.01411159724,77.92638825,0,0.01411159724,77.92638825
wic@s0__trec@s0,wic@s0,trec@s0,encoder.layer.6.attention.self.key,768,0.01287738884,77.93672565,0,0.01287738884,77.93672565
wic@s0__trec@s0,wic@s0,trec@s0,encoder.layer.6.attention.self.query,768,0.01665585497,77.9948575,0,0.01665585497,77.9948575
wic@s0__trec@s0,wic@s0,trec@s0,encoder.layer.6.attention.self.value,768,0.0136576904,77.05380955,0,0.0136576904,77.05380955
wic@s0__trec@s0,wic@s0,trec@s0,encoder.layer.6.intermediate.dense,3072,0.002957160144,84.21947129,0,0.002957160144,84.21947129
wic@s0__trec@s0,wic@s0,trec@s0,encoder.layer.6.output.dense,768,0.02489415011,73.79889876,0,0.02489415011,73.79889876
wic@s0__trec@s0,wic@s0,trec@s0,encoder.layer.7.attention.output.dense,768,0.01818023836,76.98729752,0,0.01818023836,76.98729752
wic@s0__trec@s0,wic@s0,trec@s0,encoder.layer.7.attention.self.key,768,0.02621506308,70.98900532,0,0.02621506308,70.98900532
wic@s0__trec@s0,wic@s0,trec@s0,encoder.layer.7.attention.self.query,768,0.01600294713,78.2492913,0,0.01600294713,78.2492913
wic@s0__trec@s0,wic@s0,trec@s0,encoder.layer.7.attention.self.value,768,0.02016142191,75.78936376,0,0.02016142191,75.78936376
wic@s0__trec@s0,wic@s0,trec@s0,encoder.layer.7.intermediate.dense,3072,0.002962625224,84.31885244,0,0.002962625224,84.31885244
wic@s0__trec@s0,wic@s0,trec@s0,encoder.layer.7.output.dense,768,0.02212096741,75.22805622,0,0.02212096741,75.22805622
wic@s0__trec@s0,wic@s0,trec@s0,encoder.layer.8.attention.output.dense,768,0.02088064359,75.11404986,0,0.02088064359,75.11404986
wic@s0__trec@s0,wic@s0,trec@s0,encoder.layer.8.attention.self.key,768,0.01736758188,78.21908411,0,0.01736758188,78.21908411
wic@s0__trec@s0,wic@s0,trec@s0,encoder.layer.8.attention.self.query,768,0.0227179643,75.52767056,0,0.0227179643,75.52767056
wic@s0__trec@s0,wic@s0,trec@s0,encoder.layer.8.attention.self.value,768,0.01192344392,79.72336811,0,0.01192344392,79.72336811
wic@s0__trec@s0,wic@s0,trec@s0,encoder.layer.8.intermediate.dense,3072,0.003522107082,83.56920042,0,0.003522107082,83.56920042
wic@s0__trec@s0,wic@s0,trec@s0,encoder.layer.8.output.dense,768,0.01889009946,77.10511806,0,0.01889009946,77.10511806
wic@s0__trec@s0,wic@s0,trec@s0,encoder.layer.9.attention.output.dense,768,0.02441244296,76.57225917,0,0.02441244296,76.57225917
wic@s0__trec@s0,wic@s0,trec@s0,encoder.layer.9.attention.self.key,768,0.02204269308,75.71962867,0,0.02204269308,75.71962867
wic@s0__trec@s0,wic@s0,trec@s0,encoder.layer.9.attention.self.query,768,0.01901841986,75.0600447,0,0.01901841986,75.0600447
wic@s0__trec@s0,wic@s0,trec@s0,encoder.layer.9.attention.self.value,768,0.01880678001,77.585575,0,0.01880678001,77.585575
wic@s0__trec@s0,wic@s0,trec@s0,encoder.layer.9.intermediate.dense,3072,0.003399483599,83.81932183,0,0.003399483599,83.81932183
wic@s0__trec@s0,wic@s0,trec@s0,encoder.layer.9.output.dense,768,0.02284864707,74.15046965,0,0.02284864707,74.15046965
wic@s0__trec@s0,wic@s0,trec@s0,pooler.dense,768,0.03657218247,66.41271847,0,0.03657218247,66.41271847
wic@s0__yelp_polarity@s0,wic@s0,yelp_polarity@s0,encoder.layer.0.attention.output.dense,768,0.01233411909,79.88862592,0,0.01233411909,79.88862592
wic@s0__yelp_polarity@s0,wic@s0,yelp_polarity@s0,encoder.layer.0.attention.self.key,768,0.02083803314,75.55237393,0,0.02083803314,75.55237393
wic@s0__yelp_polarity@s0,wic@s0,yelp_polarity@s0,encoder.layer.0.attention.self.query,768,0.01738208642,76.41633303,0,0.01738208642,76.41633303
wic@s0__yelp_polarity@s0,wic@s0,yelp_polarity@s0,encoder.layer.0.attention.self.value,768,0.01463013468,75.73362399,0,0.01463013468,75.73362399
wic@s0__yelp_polarity@s0,wic@s0,yelp_polarity@s0,encoder.layer.0.intermediate.dense,3072,0.003206401546,83.77109464,0,0.003206401546,83.77109464
wic@s0__yelp_polarity@s0,wic@s0,yelp_polarity@s0,encoder.layer.0.output.dense,768,0.01660220572,75.69384256,0,0.01660220572,75.69384256
wic@s0__yelp_polarity@s0,wic@s0,yelp_polarity@s0,encoder.layer.1.attention.output.dense,768,0.0115688515,79.50621222,0,0.0115688515,79.50621222
wic@s0__yelp_polarity@s0,wic@s0,yelp_polarity@s0,encoder.layer.1.attention.self.key,768,0.01452502476,77.65958155,0,0.01452502476,77.65958155
wic@s0__yelp_polarity@s0,wic@s0,yelp_polarity@s0,encoder.layer.1.attention.self.query,768,0.02281008967,74.29937706,0,0.02281008967,74.29937706
wic@s0__yelp_polarity@s0,wic@s0,yelp_polarity@s0,encoder.layer.1.attention.self.value,768,0.01463311578,76.64349456,0,0.01463311578,76.64349456
wic@s0__yelp_polarity@s0,wic@s0,yelp_polarity@s0,encoder.layer.1.intermediate.dense,3072,0.001881574262,85.1573593,0,0.001881574262,85.1573593
wic@s0__yelp_polarity@s0,wic@s0,yelp_polarity@s0,encoder.layer.1.output.dense,768,0.01546874526,78.36920744,0,0.01546874526,78.36920744
wic@s0__yelp_polarity@s0,wic@s0,yelp_polarity@s0,encoder.layer.10.attention.output.dense,768,0.01988601221,75.28219301,0,0.01988601221,75.28219301
wic@s0__yelp_polarity@s0,wic@s0,yelp_polarity@s0,encoder.layer.10.attention.self.key,768,0.01917347002,75.66981814,0,0.01917347002,75.66981814
wic@s0__yelp_polarity@s0,wic@s0,yelp_polarity@s0,encoder.layer.10.attention.self.query,768,0.0117949771,79.44748802,0,0.0117949771,79.44748802
wic@s0__yelp_polarity@s0,wic@s0,yelp_polarity@s0,encoder.layer.10.attention.self.value,768,0.01457395848,77.69858658,0,0.01457395848,77.69858658
wic@s0__yelp_polarity@s0,wic@s0,yelp_polarity@s0,encoder.layer.10.intermediate.dense,3072,0.004213688225,82.59669674,0,0.004213688225,82.59669674
wic@s0__yelp_polarity@s0,wic@s0,yelp_polarity@s0,encoder.layer.10.output.dense,768,0.02227147777,73.34491069,0,0.02227147777,73.34491069
wic@s0__yelp_polarity@s0,wic@s0,yelp_polarity@s0,encoder.layer.11.attention.output.dense,768,0.05326741506,61.19545819,0,0.05326741506,61.19545819
wic@s0__yelp_polarity@s0,wic@s0,yelp_polarity@s0,encoder.layer.11.attention.self.key,768,0.02474132717,73.70040947,0,0.02474132717,73.70040947
wic@s0__yelp_polarity@s0,wic@s0,yelp_polarity@s0,encoder.layer.11.attention.self.query,768,0.01597484918,77.58312895,0,0.01597484918,77.58312895
wic@s0__yelp_polarity@s0,wic@s0,yelp_polarity@s0,encoder.layer.11.attention.self.value,768,0.02000894536,76.24414968,0,0.02000894536,76.24414968
wic@s0__yelp_polarity@s0,wic@s0,yelp_polarity@s0,encoder.layer.11.intermediate.dense,3072,0.007070228521,78.73646979,0,0.007070228521,78.73646979
wic@s0__yelp_polarity@s0,wic@s0,yelp_polarity@s0,encoder.layer.11.output.dense,768,0.03413837147,70.34010692,0,0.03413837147,70.34010692
wic@s0__yelp_polarity@s0,wic@s0,yelp_polarity@s0,encoder.layer.2.attention.output.dense,768,0.01208866751,78.62073619,0,0.01208866751,78.62073619
wic@s0__yelp_polarity@s0,wic@s0,yelp_polarity@s0,encoder.layer.2.attention.self.key,768,0.01201246653,78.34854036,0,0.01201246653,78.34854036
wic@s0__yelp_polarity@s0,wic@s0,yelp_polarity@s0,encoder.layer.2.attention.self.query,768,0.0158671865,76.51141296,0,0.0158671865,76.51141296
wic@s0__yelp_polarity@s0,wic@s0,yelp_polarity@s0,encoder.layer.2.attention.self.value,768,0.01638961317,77.55655682,0,0.01638961317,77.55655682
wic@s0__yelp_polarity@s0,wic@s0,yelp_polarity@s0,encoder.layer.2.intermediate.dense,3072,0.002515942094,84.60330899,0,0.002515942094,84.60330899
wic@s0__yelp_polarity@s0,wic@s0,yelp_polarity@s0,encoder.layer.2.output.dense,768,0.01212211857,79.65480679,0,0.01212211857,79.65480679
wic@s0__yelp_polarity@s0,wic@s0,yelp_polarity@s0,encoder.layer.3.attention.output.dense,768,0.009425747273,80.04836986,0,0.009425747273,80.04836986
wic@s0__yelp_polarity@s0,wic@s0,yelp_polarity@s0,encoder.layer.3.attention.self.key,768,0.01687881026,77.97221535,0,0.01687881026,77.97221535
wic@s0__yelp_polarity@s0,wic@s0,yelp_polarity@s0,encoder.layer.3.attention.self.query,768,0.01631686759,77.68003269,0,0.01631686759,77.68003269
wic@s0__yelp_polarity@s0,wic@s0,yelp_polarity@s0,encoder.layer.3.attention.self.value,768,0.01366335679,76.99507138,0,0.01366335679,76.99507138
wic@s0__yelp_polarity@s0,wic@s0,yelp_polarity@s0,encoder.layer.3.intermediate.dense,3072,0.002484805065,84.47035764,0,0.002484805065,84.47035764
wic@s0__yelp_polarity@s0,wic@s0,yelp_polarity@s0,encoder.layer.3.output.dense,768,0.01173959262,78.87928323,0,0.01173959262,78.87928323
wic@s0__yelp_polarity@s0,wic@s0,yelp_polarity@s0,encoder.layer.4.attention.output.dense,768,0.0168449314,78.13824331,0,0.0168449314,78.13824331
wic@s0__yelp_polarity@s0,wic@s0,yelp_polarity@s0,encoder.layer.4.attention.self.key,768,0.01547471065,76.05780555,0,0.01547471065,76.05780555
wic@s0__yelp_polarity@s0,wic@s0,yelp_polarity@s0,encoder.layer.4.attention.self.query,768,0.01539451672,78.60807865,0,0.01539451672,78.60807865
wic@s0__yelp_polarity@s0,wic@s0,yelp_polarity@s0,encoder.layer.4.attention.self.value,768,0.01214325715,79.85040257,0,0.01214325715,79.85040257
wic@s0__yelp_polarity@s0,wic@s0,yelp_polarity@s0,encoder.layer.4.intermediate.dense,3072,0.003386888905,84.41088673,0,0.003386888905,84.41088673
wic@s0__yelp_polarity@s0,wic@s0,yelp_polarity@s0,encoder.layer.4.output.dense,768,0.01402546376,76.84013885,0,0.01402546376,76.84013885
wic@s0__yelp_polarity@s0,wic@s0,yelp_polarity@s0,encoder.layer.5.attention.output.dense,768,0.00860351231,80.0044356,0,0.00860351231,80.0044356
wic@s0__yelp_polarity@s0,wic@s0,yelp_polarity@s0,encoder.layer.5.attention.self.key,768,0.01373677587,78.35655811,0,0.01373677587,78.35655811
wic@s0__yelp_polarity@s0,wic@s0,yelp_polarity@s0,encoder.layer.5.attention.self.query,768,0.02186776897,76.43387278,0,0.02186776897,76.43387278
wic@s0__yelp_polarity@s0,wic@s0,yelp_polarity@s0,encoder.layer.5.attention.self.value,768,0.01341285286,77.8296292,0,0.01341285286,77.8296292
wic@s0__yelp_polarity@s0,wic@s0,yelp_polarity@s0,encoder.layer.5.intermediate.dense,3072,0.003182717513,84.62943722,0,0.003182717513,84.62943722
wic@s0__yelp_polarity@s0,wic@s0,yelp_polarity@s0,encoder.layer.5.output.dense,768,0.01598072027,77.85275813,0,0.01598072027,77.85275813
wic@s0__yelp_polarity@s0,wic@s0,yelp_polarity@s0,encoder.layer.6.attention.output.dense,768,0.01444750501,77.5328626,0,0.01444750501,77.5328626
wic@s0__yelp_polarity@s0,wic@s0,yelp_polarity@s0,encoder.layer.6.attention.self.key,768,0.01855869684,75.74860942,0,0.01855869684,75.74860942
wic@s0__yelp_polarity@s0,wic@s0,yelp_polarity@s0,encoder.layer.6.attention.self.query,768,0.01672882019,77.66932515,0,0.01672882019,77.66932515
wic@s0__yelp_polarity@s0,wic@s0,yelp_polarity@s0,encoder.layer.6.attention.self.value,768,0.01551527991,78.33741367,0,0.01551527991,78.33741367
wic@s0__yelp_polarity@s0,wic@s0,yelp_polarity@s0,encoder.layer.6.intermediate.dense,3072,0.003045950243,84.5946152,0,0.003045950243,84.5946152
wic@s0__yelp_polarity@s0,wic@s0,yelp_polarity@s0,encoder.layer.6.output.dense,768,0.01545910427,77.94043904,0,0.01545910427,77.94043904
wic@s0__yelp_polarity@s0,wic@s0,yelp_polarity@s0,encoder.layer.7.attention.output.dense,768,0.01559177471,76.06732321,0,0.01559177471,76.06732321
wic@s0__yelp_polarity@s0,wic@s0,yelp_polarity@s0,encoder.layer.7.attention.self.key,768,0.01887175597,76.96868294,0,0.01887175597,76.96868294
wic@s0__yelp_polarity@s0,wic@s0,yelp_polarity@s0,encoder.layer.7.attention.self.query,768,0.01651794489,76.49145264,0,0.01651794489,76.49145264
wic@s0__yelp_polarity@s0,wic@s0,yelp_polarity@s0,encoder.layer.7.attention.self.value,768,0.01350700274,77.70929954,0,0.01350700274,77.70929954
wic@s0__yelp_polarity@s0,wic@s0,yelp_polarity@s0,encoder.layer.7.intermediate.dense,3072,0.002435565295,85.08860705,0,0.002435565295,85.08860705
wic@s0__yelp_polarity@s0,wic@s0,yelp_polarity@s0,encoder.layer.7.output.dense,768,0.01454851,79.61678232,0,0.01454851,79.61678232
wic@s0__yelp_polarity@s0,wic@s0,yelp_polarity@s0,encoder.layer.8.attention.output.dense,768,0.01408674809,77.53895505,0,0.01408674809,77.53895505
wic@s0__yelp_polarity@s0,wic@s0,yelp_polarity@s0,encoder.layer.8.attention.self.key,768,0.01355431597,78.15511905,0,0.01355431597,78.15511905
wic@s0__yelp_polarity@s0,wic@s0,yelp_polarity@s0,encoder.layer.8.attention.self.query,768,0.01815439631,77.88186864,0,0.01815439631,77.88186864
wic@s0__yelp_polarity@s0,wic@s0,yelp_polarity@s0,encoder.layer.8.attention.self.value,768,0.01716189211,76.10187942,0,0.01716189211,76.10187942
wic@s0__yelp_polarity@s0,wic@s0,yelp_polarity@s0,encoder.layer.8.intermediate.dense,3072,0.0025510842,85.05750713,0,0.0025510842,85.05750713
wic@s0__yelp_polarity@s0,wic@s0,yelp_polarity@s0,encoder.layer.8.output.dense,768,0.02519918443,75.39560403,0,0.02519918443,75.39560403
wic@s0__yelp_polarity@s0,wic@s0,yelp_polarity@s0,encoder.layer.9.attention.output.dense,768,0.0175339371,77.32367418,0,0.0175339371,77.32367418
wic@s0__yelp_polarity@s0,wic@s0,yelp_polarity@s0,encoder.layer.9.attention.self.key,768,0.01474136828,77.08434587,0,0.01474136828,77.08434587
wic@s0__yelp_polarity@s0,wic@s0,yelp_polarity@s0,encoder.layer.9.attention.self.query,768,0.01697807744,77.15541144,0,0.01697807744,77.15541144
wic@s0__yelp_polarity@s0,wic@s0,yelp_polarity@s0,encoder.layer.9.attention.self.value,768,0.0159905769,77.41098727,0,0.0159905769,77.41098727
wic@s0__yelp_polarity@s0,wic@s0,yelp_polarity@s0,encoder.layer.9.intermediate.dense,3072,0.002518139545,85.55652759,0,0.002518139545,85.55652759
wic@s0__yelp_polarity@s0,wic@s0,yelp_polarity@s0,encoder.layer.9.output.dense,768,0.02248297187,74.49157555,0,0.02248297187,74.49157555
wic@s0__yelp_polarity@s0,wic@s0,yelp_polarity@s0,pooler.dense,768,0.04349987858,69.5817546,0,0.04349987858,69.5817546
snli@s0__scitail@s0,snli@s0,scitail@s0,encoder.layer.0.attention.output.dense,768,0.01052767479,78.82945311,0,0.01052767479,78.82945311
snli@s0__scitail@s0,snli@s0,scitail@s0,encoder.layer.0.attention.self.key,768,0.02205581011,74.7149247,0,0.02205581011,74.7149247
snli@s0__scitail@s0,snli@s0,scitail@s0,encoder.layer.0.attention.self.query,768,0.0211904879,74.62595605,0,0.0211904879,74.62595605
snli@s0__scitail@s0,snli@s0,scitail@s0,encoder.layer.0.attention.self.value,768,0.02012505055,74.81627302,0,0.02012505055,74.81627302
snli@s0__scitail@s0,snli@s0,scitail@s0,encoder.layer.0.intermediate.dense,3072,0.003687219183,84.04598871,0,0.003687219183,84.04598871
snli@s0__scitail@s0,snli@s0,scitail@s0,encoder.layer.0.output.dense,768,0.01471146569,76.98017462,0,0.01471146569,76.98017462
snli@s0__scitail@s0,snli@s0,scitail@s0,encoder.layer.1.attention.output.dense,768,0.01522458203,77.32753415,0,0.01522458203,77.32753415
snli@s0__scitail@s0,snli@s0,scitail@s0,encoder.layer.1.attention.self.key,768,0.01938986879,76.36805546,0,0.01938986879,76.36805546
snli@s0__scitail@s0,snli@s0,scitail@s0,encoder.layer.1.attention.self.query,768,0.02389295182,74.55256931,0,0.02389295182,74.55256931
snli@s0__scitail@s0,snli@s0,scitail@s0,encoder.layer.1.attention.self.value,768,0.01887501838,76.01867276,0,0.01887501838,76.01867276
snli@s0__scitail@s0,snli@s0,scitail@s0,encoder.layer.1.intermediate.dense,3072,0.003185471437,84.39785522,0,0.003185471437,84.39785522
snli@s0__scitail@s0,snli@s0,scitail@s0,encoder.layer.1.output.dense,768,0.01672615025,77.12051843,0,0.01672615025,77.12051843
snli@s0__scitail@s0,snli@s0,scitail@s0,encoder.layer.10.attention.output.dense,768,0.04023778936,71.80159771,0,0.04023778936,71.80159771
snli@s0__scitail@s0,snli@s0,scitail@s0,encoder.layer.10.attention.self.key,768,0.03177027922,70.86883528,0,0.03177027922,70.86883528
snli@s0__scitail@s0,snli@s0,scitail@s0,encoder.layer.10.attention.self.query,768,0.03662207054,70.73350563,0,0.03662207054,70.73350563
snli@s0__scitail@s0,snli@s0,scitail@s0,encoder.layer.10.attention.self.value,768,0.02083529507,73.5345402,0,0.02083529507,73.5345402
snli@s0__scitail@s0,snli@s0,scitail@s0,encoder.layer.10.intermediate.dense,3072,0.004056909651,83.44939517,0,0.004056909651,83.44939517
snli@s0__scitail@s0,snli@s0,scitail@s0,encoder.layer.10.output.dense,768,0.02693801161,73.44796891,0,0.02693801161,73.44796891
snli@s0__scitail@s0,snli@s0,scitail@s0,encoder.layer.11.attention.output.dense,768,0.02033151845,75.55889622,0,0.02033151845,75.55889622
snli@s0__scitail@s0,snli@s0,scitail@s0,encoder.layer.11.attention.self.key,768,0.02640721635,72.82984617,0,0.02640721635,72.82984617
snli@s0__scitail@s0,snli@s0,scitail@s0,encoder.layer.11.attention.self.query,768,0.03050077287,73.74576518,0,0.03050077287,73.74576518
snli@s0__scitail@s0,snli@s0,scitail@s0,encoder.layer.11.attention.self.value,768,0.0290947211,70.95927245,0,0.0290947211,70.95927245
snli@s0__scitail@s0,snli@s0,scitail@s0,encoder.layer.11.intermediate.dense,3072,0.004417144685,83.39632979,0,0.004417144685,83.39632979
snli@s0__scitail@s0,snli@s0,scitail@s0,encoder.layer.11.output.dense,768,0.01816653905,77.28709261,0,0.01816653905,77.28709261
snli@s0__scitail@s0,snli@s0,scitail@s0,encoder.layer.2.attention.output.dense,768,0.01506678271,77.18259886,0,0.01506678271,77.18259886
snli@s0__scitail@s0,snli@s0,scitail@s0,encoder.layer.2.attention.self.key,768,0.01812203867,77.35427164,0,0.01812203867,77.35427164
snli@s0__scitail@s0,snli@s0,scitail@s0,encoder.layer.2.attention.self.query,768,0.02371900272,74.86650036,0,0.02371900272,74.86650036
snli@s0__scitail@s0,snli@s0,scitail@s0,encoder.layer.2.attention.self.value,768,0.01810051149,73.96456357,0,0.01810051149,73.96456357
snli@s0__scitail@s0,snli@s0,scitail@s0,encoder.layer.2.intermediate.dense,3072,0.002892082376,84.54528064,0,0.002892082376,84.54528064
snli@s0__scitail@s0,snli@s0,scitail@s0,encoder.layer.2.output.dense,768,0.01798837136,77.41801368,0,0.01798837136,77.41801368
snli@s0__scitail@s0,snli@s0,scitail@s0,encoder.layer.3.attention.output.dense,768,0.01518873351,76.76708326,0,0.01518873351,76.76708326
snli@s0__scitail@s0,snli@s0,scitail@s0,encoder.layer.3.attention.self.key,768,0.01837630899,78.51968081,0,0.01837630899,78.51968081
snli@s0__scitail@s0,snli@s0,scitail@s0,encoder.layer.3.attention.self.query,768,0.02001075932,76.54719352,0,0.02001075932,76.54719352
snli@s0__scitail@s0,snli@s0,scitail@s0,encoder.layer.3.attention.self.value,768,0.01556105088,77.25490034,0,0.01556105088,77.25490034
snli@s0__scitail@s0,snli@s0,scitail@s0,encoder.layer.3.intermediate.dense,3072,0.002422595285,84.88925757,0,0.002422595285,84.88925757
snli@s0__scitail@s0,snli@s0,scitail@s0,encoder.layer.3.output.dense,768,0.01767962537,75.23411584,0,0.01767962537,75.23411584
snli@s0__scitail@s0,snli@s0,scitail@s0,encoder.layer.4.attention.output.dense,768,0.01088212245,78.88751191,0,0.01088212245,78.88751191
snli@s0__scitail@s0,snli@s0,scitail@s0,encoder.layer.4.attention.self.key,768,0.01327702847,79.33064247,0,0.01327702847,79.33064247
snli@s0__scitail@s0,snli@s0,scitail@s0,encoder.layer.4.attention.self.query,768,0.02137940069,75.59883586,0,0.02137940069,75.59883586
snli@s0__scitail@s0,snli@s0,scitail@s0,encoder.layer.4.attention.self.value,768,0.0108500236,80.59693608,0,0.0108500236,80.59693608
snli@s0__scitail@s0,snli@s0,scitail@s0,encoder.layer.4.intermediate.dense,3072,0.002022543144,85.89412345,0,0.002022543144,85.89412345
snli@s0__scitail@s0,snli@s0,scitail@s0,encoder.layer.4.output.dense,768,0.01209350223,79.41018515,0,0.01209350223,79.41018515
snli@s0__scitail@s0,snli@s0,scitail@s0,encoder.layer.5.attention.output.dense,768,0.01881616656,77.08144327,0,0.01881616656,77.08144327
snli@s0__scitail@s0,snli@s0,scitail@s0,encoder.layer.5.attention.self.key,768,0.01981287009,76.9843895,0,0.01981287009,76.9843895
snli@s0__scitail@s0,snli@s0,scitail@s0,encoder.layer.5.attention.self.query,768,0.01885151779,75.15197289,0,0.01885151779,75.15197289
snli@s0__scitail@s0,snli@s0,scitail@s0,encoder.layer.5.attention.self.value,768,0.01612194293,75.93456814,0,0.01612194293,75.93456814
snli@s0__scitail@s0,snli@s0,scitail@s0,encoder.layer.5.intermediate.dense,3072,0.002518516936,84.98643145,0,0.002518516936,84.98643145
snli@s0__scitail@s0,snli@s0,scitail@s0,encoder.layer.5.output.dense,768,0.01340839954,78.6227131,0,0.01340839954,78.6227131
snli@s0__scitail@s0,snli@s0,scitail@s0,encoder.layer.6.attention.output.dense,768,0.01743968888,76.27239781,0,0.01743968888,76.27239781
snli@s0__scitail@s0,snli@s0,scitail@s0,encoder.layer.6.attention.self.key,768,0.02235470945,75.59397097,0,0.02235470945,75.59397097
snli@s0__scitail@s0,snli@s0,scitail@s0,encoder.layer.6.attention.self.query,768,0.01558872839,78.36628105,0,0.01558872839,78.36628105
snli@s0__scitail@s0,snli@s0,scitail@s0,encoder.layer.6.attention.self.value,768,0.01525431406,78.29647123,0,0.01525431406,78.29647123
snli@s0__scitail@s0,snli@s0,scitail@s0,encoder.layer.6.intermediate.dense,3072,0.004273593118,82.75373391,0,0.004273593118,82.75373391
snli@s0__scitail@s0,snli@s0,scitail@s0,encoder.layer.6.output.dense,768,0.01657868348,75.8239988,0,0.01657868348,75.8239988
snli@s0__scitail@s0,snli@s0,scitail@s0,encoder.layer.7.attention.output.dense,768,0.02403546602,75.61249763,0,0.02403546602,75.61249763
snli@s0__scitail@s0,snli@s0,scitail@s0,encoder.layer.7.attention.self.key,768,0.01839881282,76.79601953,0,0.01839881282,76.79601953
snli@s0__scitail@s0,snli@s0,scitail@s0,encoder.layer.7.attention.self.query,768,0.02530818193,74.38135273,0,0.02530818193,74.38135273
snli@s0__scitail@s0,snli@s0,scitail@s0,encoder.layer.7.attention.self.value,768,0.01447007932,78.68350707,0,0.01447007932,78.68350707
snli@s0__scitail@s0,snli@s0,scitail@s0,encoder.layer.7.intermediate.dense,3072,0.003675791011,83.38252197,0,0.003675791011,83.38252197
snli@s0__scitail@s0,snli@s0,scitail@s0,encoder.layer.7.output.dense,768,0.01725744294,76.97877157,0,0.01725744294,76.97877157
snli@s0__scitail@s0,snli@s0,scitail@s0,encoder.layer.8.attention.output.dense,768,0.01414904307,79.0526759,0,0.01414904307,79.0526759
snli@s0__scitail@s0,snli@s0,scitail@s0,encoder.layer.8.attention.self.key,768,0.02661304575,72.20035558,0,0.02661304575,72.20035558
snli@s0__scitail@s0,snli@s0,scitail@s0,encoder.layer.8.attention.self.query,768,0.02861254629,71.06773846,0,0.02861254629,71.06773846
snli@s0__scitail@s0,snli@s0,scitail@s0,encoder.layer.8.attention.self.value,768,0.01533557296,76.35827431,0,0.01533557296,76.35827431
snli@s0__scitail@s0,snli@s0,scitail@s0,encoder.layer.8.intermediate.dense,3072,0.004616491933,82.40774568,0,0.004616491933,82.40774568
snli@s0__scitail@s0,snli@s0,scitail@s0,encoder.layer.8.output.dense,768,0.02032653061,76.55801114,0,0.02032653061,76.55801114
snli@s0__scitail@s0,snli@s0,scitail@s0,encoder.layer.9.attention.output.dense,768,0.02272219638,75.47627762,0,0.02272219638,75.47627762
snli@s0__scitail@s0,snli@s0,scitail@s0,encoder.layer.9.attention.self.key,768,0.01822643254,75.33076151,0,0.01822643254,75.33076151
snli@s0__scitail@s0,snli@s0,scitail@s0,encoder.layer.9.attention.self.query,768,0.03122291644,71.68981148,0,0.03122291644,71.68981148
snli@s0__scitail@s0,snli@s0,scitail@s0,encoder.layer.9.attention.self.value,768,0.01427013682,78.34177858,0,0.01427013682,78.34177858
snli@s0__scitail@s0,snli@s0,scitail@s0,encoder.layer.9.intermediate.dense,3072,0.003422551433,84.28224129,0,0.003422551433,84.28224129
snli@s0__scitail@s0,snli@s0,scitail@s0,encoder.layer.9.output.dense,768,0.02171630869,75.33026348,0,0.02171630869,75.33026348
snli@s0__scitail@s0,snli@s0,scitail@s0,pooler.dense,768,0.08369122157,61.15466424,0,0.08369122157,61.15466424
snli@s0__ag_news@s0,snli@s0,ag_news@s0,encoder.layer.0.attention.output.dense,768,0.01469683093,77.95513542,0,0.01469683093,77.95513542
snli@s0__ag_news@s0,snli@s0,ag_news@s0,encoder.layer.0.attention.self.key,768,0.01777479193,77.45896443,0,0.01777479193,77.45896443
snli@s0__ag_news@s0,snli@s0,ag_news@s0,encoder.layer.0.attention.self.query,768,0.0207595482,75.00297313,0,0.0207595482,75.00297313
snli@s0__ag_news@s0,snli@s0,ag_news@s0,encoder.layer.0.attention.self.value,768,0.01632205696,78.14891779,0,0.01632205696,78.14891779
snli@s0__ag_news@s0,snli@s0,ag_news@s0,encoder.layer.0.intermediate.dense,3072,0.00240882069,85.35585002,0,0.00240882069,85.35585002
snli@s0__ag_news@s0,snli@s0,ag_news@s0,encoder.layer.0.output.dense,768,0.012905527,78.42544109,0,0.012905527,78.42544109
snli@s0__ag_news@s0,snli@s0,ag_news@s0,encoder.layer.1.attention.output.dense,768,0.01528352464,77.49146287,0,0.01528352464,77.49146287
snli@s0__ag_news@s0,snli@s0,ag_news@s0,encoder.layer.1.attention.self.key,768,0.0179330535,76.72827165,0,0.0179330535,76.72827165
snli@s0__ag_news@s0,snli@s0,ag_news@s0,encoder.layer.1.attention.self.query,768,0.01752559774,75.78740941,0,0.01752559774,75.78740941
snli@s0__ag_news@s0,snli@s0,ag_news@s0,encoder.layer.1.attention.self.value,768,0.02234329041,74.87309074,0,0.02234329041,74.87309074
snli@s0__ag_news@s0,snli@s0,ag_news@s0,encoder.layer.1.intermediate.dense,3072,0.002026962,85.83482796,0,0.002026962,85.83482796
snli@s0__ag_news@s0,snli@s0,ag_news@s0,encoder.layer.1.output.dense,768,0.01526889569,77.96810988,0,0.01526889569,77.96810988
snli@s0__ag_news@s0,snli@s0,ag_news@s0,encoder.layer.10.attention.output.dense,768,0.02139413361,73.95119293,0,0.02139413361,73.95119293
snli@s0__ag_news@s0,snli@s0,ag_news@s0,encoder.layer.10.attention.self.key,768,0.01874456621,75.85177045,0,0.01874456621,75.85177045
snli@s0__ag_news@s0,snli@s0,ag_news@s0,encoder.layer.10.attention.self.query,768,0.01795423544,76.1226529,0,0.01795423544,76.1226529
snli@s0__ag_news@s0,snli@s0,ag_news@s0,encoder.layer.10.attention.self.value,768,0.01422093214,77.35212969,0,0.01422093214,77.35212969
snli@s0__ag_news@s0,snli@s0,ag_news@s0,encoder.layer.10.intermediate.dense,3072,0.004378008214,83.2266214,0,0.004378008214,83.2266214
snli@s0__ag_news@s0,snli@s0,ag_news@s0,encoder.layer.10.output.dense,768,0.02354413822,73.64981796,0,0.02354413822,73.64981796
snli@s0__ag_news@s0,snli@s0,ag_news@s0,encoder.layer.11.attention.output.dense,768,0.02807367862,73.04254727,0,0.02807367862,73.04254727
snli@s0__ag_news@s0,snli@s0,ag_news@s0,encoder.layer.11.attention.self.key,768,0.02058412986,74.62696292,0,0.02058412986,74.62696292
snli@s0__ag_news@s0,snli@s0,ag_news@s0,encoder.layer.11.attention.self.query,768,0.0152114806,77.94697499,0,0.0152114806,77.94697499
snli@s0__ag_news@s0,snli@s0,ag_news@s0,encoder.layer.11.attention.self.value,768,0.0232695901,71.46002129,0,0.0232695901,71.46002129
snli@s0__ag_news@s0,snli@s0,ag_news@s0,encoder.layer.11.intermediate.dense,3072,0.004210828298,82.30863374,0,0.004210828298,82.30863374
snli@s0__ag_news@s0,snli@s0,ag_news@s0,encoder.layer.11.output.dense,768,0.02338873835,74.57903277,0,0.02338873835,74.57903277
snli@s0__ag_news@s0,snli@s0,ag_news@s0,encoder.layer.2.attention.output.dense,768,0.01071163526,80.09292527,0,0.01071163526,80.09292527
snli@s0__ag_news@s0,snli@s0,ag_news@s0,encoder.layer.2.attention.self.key,768,0.01825710382,76.62618642,0,0.01825710382,76.62618642
snli@s0__ag_news@s0,snli@s0,ag_news@s0,encoder.layer.2.attention.self.query,768,0.01126225101,79.51384544,0,0.01126225101,79.51384544
snli@s0__ag_news@s0,snli@s0,ag_news@s0,encoder.layer.2.attention.self.value,768,0.01253999635,78.70934432,0,0.01253999635,78.70934432
snli@s0__ag_news@s0,snli@s0,ag_news@s0,encoder.layer.2.intermediate.dense,3072,0.001963372108,85.92259698,0,0.001963372108,85.92259698
snli@s0__ag_news@s0,snli@s0,ag_news@s0,encoder.layer.2.output.dense,768,0.01346830872,78.04801793,0,0.01346830872,78.04801793
snli@s0__ag_news@s0,snli@s0,ag_news@s0,encoder.layer.3.attention.output.dense,768,0.012832616,79.11894586,0,0.012832616,79.11894586
snli@s0__ag_news@s0,snli@s0,ag_news@s0,encoder.layer.3.attention.self.key,768,0.0163921961,77.4640245,0,0.0163921961,77.4640245
snli@s0__ag_news@s0,snli@s0,ag_news@s0,encoder.layer.3.attention.self.query,768,0.01631080248,76.30927581,0,0.01631080248,76.30927581
snli@s0__ag_news@s0,snli@s0,ag_news@s0,encoder.layer.3.attention.self.value,768,0.01447847178,78.19305733,0,0.01447847178,78.19305733
snli@s0__ag_news@s0,snli@s0,ag_news@s0,encoder.layer.3.intermediate.dense,3072,0.001824094374,85.89306566,0,0.001824094374,85.89306566
snli@s0__ag_news@s0,snli@s0,ag_news@s0,encoder.layer.3.output.dense,768,0.01581997297,77.19679105,0,0.01581997297,77.19679105
snli@s0__ag_news@s0,snli@s0,ag_news@s0,encoder.layer.4.attention.output.dense,768,0.01120772936,79.24222971,0,0.01120772936,79.24222971
snli@s0__ag_news@s0,snli@s0,ag_news@s0,encoder.layer.4.attention.self.key,768,0.01330841517,79.06967212,0,0.01330841517,79.06967212
snli@s0__ag_news@s0,snli@s0,ag_news@s0,encoder.layer.4.attention.self.query,768,0.0152659764,77.9284261,0,0.0152659764,77.9284261
snli@s0__ag_news@s0,snli@s0,ag_news@s0,encoder.layer.4.attention.self.value,768,0.01358898304,77.71503441,0,0.01358898304,77.71503441
snli@s0__ag_news@s0,snli@s0,ag_news@s0,encoder.layer.4.intermediate.dense,3072,0.003817138443,84.09862572,0,0.003817138443,84.09862572
snli@s0__ag_news@s0,snli@s0,ag_news@s0,encoder.layer.4.output.dense,768,0.01066942073,78.74860047,0,0.01066942073,78.74860047
snli@s0__ag_news@s0,snli@s0,ag_news@s0,encoder.layer.5.attention.output.dense,768,0.01585433663,76.53172038,0,0.01585433663,76.53172038
snli@s0__ag_news@s0,snli@s0,ag_news@s0,encoder.layer.5.attention.self.key,768,0.01393394732,76.60101805,0,0.01393394732,76.60101805
snli@s0__ag_news@s0,snli@s0,ag_news@s0,encoder.layer.5.attention.self.query,768,0.01594934076,79.03076367,0,0.01594934076,79.03076367
snli@s0__ag_news@s0,snli@s0,ag_news@s0,encoder.layer.5.attention.self.value,768,0.01145764321,78.66109203,0,0.01145764321,78.66109203
snli@s0__ag_news@s0,snli@s0,ag_news@s0,encoder.layer.5.intermediate.dense,3072,0.003110054466,84.49532403,0,0.003110054466,84.49532403
snli@s0__ag_news@s0,snli@s0,ag_news@s0,encoder.layer.5.output.dense,768,0.01490372771,77.40899793,0,0.01490372771,77.40899793
snli@s0__ag_news@s0,snli@s0,ag_news@s0,encoder.layer.6.attention.output.dense,768,0.01479376168,78.64040887,0,0.01479376168,78.64040887
snli@s0__ag_news@s0,snli@s0,ag_news@s0,encoder.layer.6.attention.self.key,768,0.01415842744,78.15696827,0,0.01415842744,78.15696827
snli@s0__ag_news@s0,snli@s0,ag_news@s0,encoder.layer.6.attention.self.query,768,0.01807107088,74.64504512,0,0.01807107088,74.64504512
snli@s0__ag_news@s0,snli@s0,ag_news@s0,encoder.layer.6.attention.self.value,768,0.01310964355,76.80936727,0,0.01310964355,76.80936727
snli@s0__ag_news@s0,snli@s0,ag_news@s0,encoder.layer.6.intermediate.dense,3072,0.002978577644,84.56548087,0,0.002978577644,84.56548087
snli@s0__ag_news@s0,snli@s0,ag_news@s0,encoder.layer.6.output.dense,768,0.01434688361,78.25199479,0,0.01434688361,78.25199479
snli@s0__ag_news@s0,snli@s0,ag_news@s0,encoder.layer.7.attention.output.dense,768,0.01596144057,76.80267633,0,0.01596144057,76.80267633
snli@s0__ag_news@s0,snli@s0,ag_news@s0,encoder.layer.7.attention.self.key,768,0.01501069231,77.27824217,0,0.01501069231,77.27824217
snli@s0__ag_news@s0,snli@s0,ag_news@s0,encoder.layer.7.attention.self.query,768,0.01564275101,78.20286084,0,0.01564275101,78.20286084
snli@s0__ag_news@s0,snli@s0,ag_news@s0,encoder.layer.7.attention.self.value,768,0.01651374226,76.74667824,0,0.01651374226,76.74667824
snli@s0__ag_news@s0,snli@s0,ag_news@s0,encoder.layer.7.intermediate.dense,3072,0.002639784735,84.73817799,0,0.002639784735,84.73817799
snli@s0__ag_news@s0,snli@s0,ag_news@s0,encoder.layer.7.output.dense,768,0.01828699902,75.26913848,0,0.01828699902,75.26913848
snli@s0__ag_news@s0,snli@s0,ag_news@s0,encoder.layer.8.attention.output.dense,768,0.01693916618,76.93184799,0,0.01693916618,76.93184799
snli@s0__ag_news@s0,snli@s0,ag_news@s0,encoder.layer.8.attention.self.key,768,0.0178723,76.7759988,0,0.0178723,76.7759988
snli@s0__ag_news@s0,snli@s0,ag_news@s0,encoder.layer.8.attention.self.query,768,0.01936253406,75.72152452,0,0.01936253406,75.72152452
snli@s0__ag_news@s0,snli@s0,ag_news@s0,encoder.layer.8.attention.self.value,768,0.01248371968,80.45586397,0,0.01248371968,80.45586397
snli@s0__ag_news@s0,snli@s0,ag_news@s0,encoder.layer.8.intermediate.dense,3072,0.003454929137,83.74044882,0,0.003454929137,83.74044882
snli@s0__ag_news@s0,snli@s0,ag_news@s0,encoder.layer.8.output.dense,768,0.01855359499,74.55451133,0,0.01855359499,74.55451133
snli@s0__ag_news@s0,snli@s0,ag_news@s0,encoder.layer.9.attention.output.dense,768,0.0152742994,78.09415603,0,0.0152742994,78.09415603
snli@s0__ag_news@s0,snli@s0,ag_news@s0,encoder.layer.9.attention.self.key,768,0.02143604096,74.27491228,0,0.02143604096,74.27491228
snli@s0__ag_news@s0,snli@s0,ag_news@s0,encoder.layer.9.attention.self.query,768,0.01562984298,77.36286518,0,0.01562984298,77.36286518
snli@s0__ag_news@s0,snli@s0,ag_news@s0,encoder.layer.9.attention.self.value,768,0.01402640944,78.88718966,0,0.01402640944,78.88718966
snli@s0__ag_news@s0,snli@s0,ag_news@s0,encoder.layer.9.intermediate.dense,3072,0.003239361973,83.86289456,0,0.003239361973,83.86289456
snli@s0__ag_news@s0,snli@s0,ag_news@s0,encoder.layer.9.output.dense,768,0.02183139811,76.44681345,0,0.02183139811,76.44681345
snli@s0__ag_news@s0,snli@s0,ag_news@s0,pooler.dense,768,0.08256584211,57.08812308,0,0.08256584211,57.08812308
snli@s0__imdb@s0,snli@s0,imdb@s0,encoder.layer.0.attention.output.dense,768,0.01478449079,76.17968422,0,0.01478449079,76.17968422
snli@s0__imdb@s0,snli@s0,imdb@s0,encoder.layer.0.attention.self.key,768,0.01424232226,77.98012575,0,0.01424232226,77.98012575
snli@s0__imdb@s0,snli@s0,imdb@s0,encoder.layer.0.attention.self.query,768,0.02314773542,73.62161384,0,0.02314773542,73.62161384
snli@s0__imdb@s0,snli@s0,imdb@s0,encoder.layer.0.attention.self.value,768,0.01417914259,78.07881527,0,0.01417914259,78.07881527
snli@s0__imdb@s0,snli@s0,imdb@s0,encoder.layer.0.intermediate.dense,3072,0.002018119397,85.24876737,0,0.002018119397,85.24876737
snli@s0__imdb@s0,snli@s0,imdb@s0,encoder.layer.0.output.dense,768,0.01924697326,75.44597127,0,0.01924697326,75.44597127
snli@s0__imdb@s0,snli@s0,imdb@s0,encoder.layer.1.attention.output.dense,768,0.0147326604,76.69677315,0,0.0147326604,76.69677315
snli@s0__imdb@s0,snli@s0,imdb@s0,encoder.layer.1.attention.self.key,768,0.01247700363,78.78438813,0,0.01247700363,78.78438813
snli@s0__imdb@s0,snli@s0,imdb@s0,encoder.layer.1.attention.self.query,768,0.01474551617,77.86648224,0,0.01474551617,77.86648224
snli@s0__imdb@s0,snli@s0,imdb@s0,encoder.layer.1.attention.self.value,768,0.01519237642,76.9085512,0,0.01519237642,76.9085512
snli@s0__imdb@s0,snli@s0,imdb@s0,encoder.layer.1.intermediate.dense,3072,0.00307424314,84.00386826,0,0.00307424314,84.00386826
snli@s0__imdb@s0,snli@s0,imdb@s0,encoder.layer.1.output.dense,768,0.008529622566,80.90971487,0,0.008529622566,80.90971487
snli@s0__imdb@s0,snli@s0,imdb@s0,encoder.layer.10.attention.output.dense,768,0.03478163234,68.64923017,0,0.03478163234,68.64923017
snli@s0__imdb@s0,snli@s0,imdb@s0,encoder.layer.10.attention.self.key,768,0.02073973569,74.54297301,0,0.02073973569,74.54297301
snli@s0__imdb@s0,snli@s0,imdb@s0,encoder.layer.10.attention.self.query,768,0.01870962014,74.49911631,0,0.01870962014,74.49911631
snli@s0__imdb@s0,snli@s0,imdb@s0,encoder.layer.10.attention.self.value,768,0.01906096721,76.31338025,0,0.01906096721,76.31338025
snli@s0__imdb@s0,snli@s0,imdb@s0,encoder.layer.10.intermediate.dense,3072,0.003980868828,83.3499807,0,0.003980868828,83.3499807
snli@s0__imdb@s0,snli@s0,imdb@s0,encoder.layer.10.output.dense,768,0.01986565853,75.77893745,0,0.01986565853,75.77893745
snli@s0__imdb@s0,snli@s0,imdb@s0,encoder.layer.11.attention.output.dense,768,0.03140301871,73.71384326,0,0.03140301871,73.71384326
snli@s0__imdb@s0,snli@s0,imdb@s0,encoder.layer.11.attention.self.key,768,0.02500378585,73.53845797,0,0.02500378585,73.53845797
snli@s0__imdb@s0,snli@s0,imdb@s0,encoder.layer.11.attention.self.query,768,0.0190343741,77.03026376,0,0.0190343741,77.03026376
snli@s0__imdb@s0,snli@s0,imdb@s0,encoder.layer.11.attention.self.value,768,0.0294825433,70.07487701,0,0.0294825433,70.07487701
snli@s0__imdb@s0,snli@s0,imdb@s0,encoder.layer.11.intermediate.dense,3072,0.009682012289,75.5190907,0,0.009682012289,75.5190907
snli@s0__imdb@s0,snli@s0,imdb@s0,encoder.layer.11.output.dense,768,0.0222371051,75.41271229,0,0.0222371051,75.41271229
snli@s0__imdb@s0,snli@s0,imdb@s0,encoder.layer.2.attention.output.dense,768,0.0114506912,79.42780787,0,0.0114506912,79.42780787
snli@s0__imdb@s0,snli@s0,imdb@s0,encoder.layer.2.attention.self.key,768,0.01039729384,79.98772757,0,0.01039729384,79.98772757
snli@s0__imdb@s0,snli@s0,imdb@s0,encoder.layer.2.attention.self.query,768,0.01801858101,77.87745919,0,0.01801858101,77.87745919
snli@s0__imdb@s0,snli@s0,imdb@s0,encoder.layer.2.attention.self.value,768,0.01187729071,78.91974238,0,0.01187729071,78.91974238
snli@s0__imdb@s0,snli@s0,imdb@s0,encoder.layer.2.intermediate.dense,3072,0.002948407407,84.51964948,0,0.002948407407,84.51964948
snli@s0__imdb@s0,snli@s0,imdb@s0,encoder.layer.2.output.dense,768,0.01639862813,75.83928924,0,0.01639862813,75.83928924
snli@s0__imdb@s0,snli@s0,imdb@s0,encoder.layer.3.attention.output.dense,768,0.01337557025,78.93376851,0,0.01337557025,78.93376851
snli@s0__imdb@s0,snli@s0,imdb@s0,encoder.layer.3.attention.self.key,768,0.0134554153,78.13840935,0,0.0134554153,78.13840935
snli@s0__imdb@s0,snli@s0,imdb@s0,encoder.layer.3.attention.self.query,768,0.02395857921,75.24370395,0,0.02395857921,75.24370395
snli@s0__imdb@s0,snli@s0,imdb@s0,encoder.layer.3.attention.self.value,768,0.01463845684,77.40838937,0,0.01463845684,77.40838937
snli@s0__imdb@s0,snli@s0,imdb@s0,encoder.layer.3.intermediate.dense,3072,0.002625357606,84.96306448,0,0.002625357606,84.96306448
snli@s0__imdb@s0,snli@s0,imdb@s0,encoder.layer.3.output.dense,768,0.0162398488,78.56427837,0,0.0162398488,78.56427837
snli@s0__imdb@s0,snli@s0,imdb@s0,encoder.layer.4.attention.output.dense,768,0.00913625121,79.88967055,0,0.00913625121,79.88967055
snli@s0__imdb@s0,snli@s0,imdb@s0,encoder.layer.4.attention.self.key,768,0.01303033558,78.13165694,0,0.01303033558,78.13165694
snli@s0__imdb@s0,snli@s0,imdb@s0,encoder.layer.4.attention.self.query,768,0.01678684709,77.73407127,0,0.01678684709,77.73407127
snli@s0__imdb@s0,snli@s0,imdb@s0,encoder.layer.4.attention.self.value,768,0.01193728899,78.35622236,0,0.01193728899,78.35622236
snli@s0__imdb@s0,snli@s0,imdb@s0,encoder.layer.4.intermediate.dense,3072,0.003255976195,84.44914341,0,0.003255976195,84.44914341
snli@s0__imdb@s0,snli@s0,imdb@s0,encoder.layer.4.output.dense,768,0.01161957626,80.21313703,0,0.01161957626,80.21313703
snli@s0__imdb@s0,snli@s0,imdb@s0,encoder.layer.5.attention.output.dense,768,0.01325764792,77.60392209,0,0.01325764792,77.60392209
snli@s0__imdb@s0,snli@s0,imdb@s0,encoder.layer.5.attention.self.key,768,0.01155312591,79.25203775,0,0.01155312591,79.25203775
snli@s0__imdb@s0,snli@s0,imdb@s0,encoder.layer.5.attention.self.query,768,0.01863697401,76.73004772,0,0.01863697401,76.73004772
snli@s0__imdb@s0,snli@s0,imdb@s0,encoder.layer.5.attention.self.value,768,0.01464661659,78.1398993,0,0.01464661659,78.1398993
snli@s0__imdb@s0,snli@s0,imdb@s0,encoder.layer.5.intermediate.dense,3072,0.003459738363,83.32829353,0,0.003459738363,83.32829353
snli@s0__imdb@s0,snli@s0,imdb@s0,encoder.layer.5.output.dense,768,0.009313303323,79.94438335,0,0.009313303323,79.94438335
snli@s0__imdb@s0,snli@s0,imdb@s0,encoder.layer.6.attention.output.dense,768,0.01218808015,79.40876973,0,0.01218808015,79.40876973
snli@s0__imdb@s0,snli@s0,imdb@s0,encoder.layer.6.attention.self.key,768,0.01077097854,79.54698979,0,0.01077097854,79.54698979
snli@s0__imdb@s0,snli@s0,imdb@s0,encoder.layer.6.attention.self.query,768,0.01168265567,79.23112604,0,0.01168265567,79.23112604
snli@s0__imdb@s0,snli@s0,imdb@s0,encoder.layer.6.attention.self.value,768,0.01075245418,78.86732202,0,0.01075245418,78.86732202
snli@s0__imdb@s0,snli@s0,imdb@s0,encoder.layer.6.intermediate.dense,3072,0.002458060478,85.16060326,0,0.002458060478,85.16060326
snli@s0__imdb@s0,snli@s0,imdb@s0,encoder.layer.6.output.dense,768,0.0101982531,80.734276,0,0.0101982531,80.734276
snli@s0__imdb@s0,snli@s0,imdb@s0,encoder.layer.7.attention.output.dense,768,0.01701371114,75.94905243,0,0.01701371114,75.94905243
snli@s0__imdb@s0,snli@s0,imdb@s0,encoder.layer.7.attention.self.key,768,0.02020643016,77.07596655,0,0.02020643016,77.07596655
snli@s0__imdb@s0,snli@s0,imdb@s0,encoder.layer.7.attention.self.query,768,0.01878938387,75.80549095,0,0.01878938387,75.80549095
snli@s0__imdb@s0,snli@s0,imdb@s0,encoder.layer.7.attention.self.value,768,0.01416914299,79.10539501,0,0.01416914299,79.10539501
snli@s0__imdb@s0,snli@s0,imdb@s0,encoder.layer.7.intermediate.dense,3072,0.002956378887,83.75227035,0,0.002956378887,83.75227035
snli@s0__imdb@s0,snli@s0,imdb@s0,encoder.layer.7.output.dense,768,0.01657133676,75.04307934,0,0.01657133676,75.04307934
snli@s0__imdb@s0,snli@s0,imdb@s0,encoder.layer.8.attention.output.dense,768,0.01674219619,76.86748938,0,0.01674219619,76.86748938
snli@s0__imdb@s0,snli@s0,imdb@s0,encoder.layer.8.attention.self.key,768,0.0133221767,79.39651887,0,0.0133221767,79.39651887
snli@s0__imdb@s0,snli@s0,imdb@s0,encoder.layer.8.attention.self.query,768,0.01376807234,76.06576749,0,0.01376807234,76.06576749
snli@s0__imdb@s0,snli@s0,imdb@s0,encoder.layer.8.attention.self.value,768,0.01095122034,79.98596468,0,0.01095122034,79.98596468
snli@s0__imdb@s0,snli@s0,imdb@s0,encoder.layer.8.intermediate.dense,3072,0.003367287375,83.83503373,0,0.003367287375,83.83503373
snli@s0__imdb@s0,snli@s0,imdb@s0,encoder.layer.8.output.dense,768,0.01892543866,76.0590066,0,0.01892543866,76.0590066
snli@s0__imdb@s0,snli@s0,imdb@s0,encoder.layer.9.attention.output.dense,768,0.01791043045,76.68621504,0,0.01791043045,76.68621504
snli@s0__imdb@s0,snli@s0,imdb@s0,encoder.layer.9.attention.self.key,768,0.01814595278,77.09385192,0,0.01814595278,77.09385192
snli@s0__imdb@s0,snli@s0,imdb@s0,encoder.layer.9.attention.self.query,768,0.01931850035,77.04564835,0,0.01931850035,77.04564835
snli@s0__imdb@s0,snli@s0,imdb@s0,encoder.layer.9.attention.self.value,768,0.01143404273,80.17974344,0,0.01143404273,80.17974344
snli@s0__imdb@s0,snli@s0,imdb@s0,encoder.layer.9.intermediate.dense,3072,0.003597580761,83.72657106,0,0.003597580761,83.72657106
snli@s0__imdb@s0,snli@s0,imdb@s0,encoder.layer.9.output.dense,768,0.01248401891,79.96286938,0,0.01248401891,79.96286938
snli@s0__imdb@s0,snli@s0,imdb@s0,pooler.dense,768,0.06955333559,59.45168522,0,0.06955333559,59.45168522
snli@s0__trec@s0,snli@s0,trec@s0,encoder.layer.0.attention.output.dense,768,0.01363745478,77.30509769,0,0.01363745478,77.30509769
snli@s0__trec@s0,snli@s0,trec@s0,encoder.layer.0.attention.self.key,768,0.01609547486,76.75987339,0,0.01609547486,76.75987339
snli@s0__trec@s0,snli@s0,trec@s0,encoder.layer.0.attention.self.query,768,0.0264795149,69.32345859,0,0.0264795149,69.32345859
snli@s0__trec@s0,snli@s0,trec@s0,encoder.layer.0.attention.self.value,768,0.01628055852,75.53422827,0,0.01628055852,75.53422827
snli@s0__trec@s0,snli@s0,trec@s0,encoder.layer.0.intermediate.dense,3072,0.00218002156,85.49218594,0,0.00218002156,85.49218594
snli@s0__trec@s0,snli@s0,trec@s0,encoder.layer.0.output.dense,768,0.01390775064,78.26674996,0,0.01390775064,78.26674996
snli@s0__trec@s0,snli@s0,trec@s0,encoder.layer.1.attention.output.dense,768,0.01555298508,77.42293408,0,0.01555298508,77.42293408
snli@s0__trec@s0,snli@s0,trec@s0,encoder.layer.1.attention.self.key,768,0.01646604595,77.4046272,0,0.01646604595,77.4046272
snli@s0__trec@s0,snli@s0,trec@s0,encoder.layer.1.attention.self.query,768,0.02187356208,75.39636357,0,0.02187356208,75.39636357
snli@s0__trec@s0,snli@s0,trec@s0,encoder.layer.1.attention.self.value,768,0.01555337349,77.70594514,0,0.01555337349,77.70594514
snli@s0__trec@s0,snli@s0,trec@s0,encoder.layer.1.intermediate.dense,3072,0.002718360085,84.81225824,0,0.002718360085,84.81225824
snli@s0__trec@s0,snli@s0,trec@s0,encoder.layer.1.output.dense,768,0.0102233312,79.1544752,0,0.0102233312,79.1544752
snli@s0__trec@s0,snli@s0,trec@s0,encoder.layer.10.attention.output.dense,768,0.02990003864,70.97636316,0,0.02990003864,70.97636316
snli@s0__trec@s0,snli@s0,trec@s0,encoder.layer.10.attention.self.key,768,0.01781412637,76.2521213,0,0.01781412637,76.2521213
snli@s0__trec@s0,snli@s0,trec@s0,encoder.layer.10.attention.self.query,768,0.01536341016,76.28702046,0,0.01536341016,76.28702046
snli@s0__trec@s0,snli@s0,trec@s0,encoder.layer.10.attention.self.value,768,0.0125991299,79.73129421,0,0.0125991299,79.73129421
snli@s0__trec@s0,snli@s0,trec@s0,encoder.layer.10.intermediate.dense,3072,0.003259134527,83.7590428,0,0.003259134527,83.7590428
snli@s0__trec@s0,snli@s0,trec@s0,encoder.layer.10.output.dense,768,0.02320741936,75.95244965,0,0.02320741936,75.95244965
snli@s0__trec@s0,snli@s0,trec@s0,encoder.layer.11.attention.output.dense,768,0.02950427883,74.91065396,0,0.02950427883,74.91065396
snli@s0__trec@s0,snli@s0,trec@s0,encoder.layer.11.attention.self.key,768,0.02708422744,72.90494824,0,0.02708422744,72.90494824
snli@s0__trec@s0,snli@s0,trec@s0,encoder.layer.11.attention.self.query,768,0.01918185938,76.62085738,0,0.01918185938,76.62085738
snli@s0__trec@s0,snli@s0,trec@s0,encoder.layer.11.attention.self.value,768,0.02529405554,73.14919256,0,0.02529405554,73.14919256
snli@s0__trec@s0,snli@s0,trec@s0,encoder.layer.11.intermediate.dense,3072,0.004572778694,82.718246,0,0.004572778694,82.718246
snli@s0__trec@s0,snli@s0,trec@s0,encoder.layer.11.output.dense,768,0.02472100906,73.11293533,0,0.02472100906,73.11293533
snli@s0__trec@s0,snli@s0,trec@s0,encoder.layer.2.attention.output.dense,768,0.01635095328,76.9001297,0,0.01635095328,76.9001297
snli@s0__trec@s0,snli@s0,trec@s0,encoder.layer.2.attention.self.key,768,0.0155011156,77.28763661,0,0.0155011156,77.28763661
snli@s0__trec@s0,snli@s0,trec@s0,encoder.layer.2.attention.self.query,768,0.02043987187,76.35111987,0,0.02043987187,76.35111987
snli@s0__trec@s0,snli@s0,trec@s0,encoder.layer.2.attention.self.value,768,0.01318803187,78.69801778,0,0.01318803187,78.69801778
snli@s0__trec@s0,snli@s0,trec@s0,encoder.layer.2.intermediate.dense,3072,0.002884890194,84.49160858,0,0.002884890194,84.49160858
snli@s0__trec@s0,snli@s0,trec@s0,encoder.layer.2.output.dense,768,0.01278274853,80.05105625,0,0.01278274853,80.05105625
snli@s0__trec@s0,snli@s0,trec@s0,encoder.layer.3.attention.output.dense,768,0.01358040297,77.86575726,0,0.01358040297,77.86575726
snli@s0__trec@s0,snli@s0,trec@s0,encoder.layer.3.attention.self.key,768,0.01902578727,74.64679825,0,0.01902578727,74.64679825
snli@s0__trec@s0,snli@s0,trec@s0,encoder.layer.3.attention.self.query,768,0.01970580714,76.68613118,0,0.01970580714,76.68613118
snli@s0__trec@s0,snli@s0,trec@s0,encoder.layer.3.attention.self.value,768,0.01544006329,77.05967742,0,0.01544006329,77.05967742
snli@s0__trec@s0,snli@s0,trec@s0,encoder.layer.3.intermediate.dense,3072,0.002367004529,85.49398328,0,0.002367004529,85.49398328
snli@s0__trec@s0,snli@s0,trec@s0,encoder.layer.3.output.dense,768,0.01527960407,77.99001834,0,0.01527960407,77.99001834
snli@s0__trec@s0,snli@s0,trec@s0,encoder.layer.4.attention.output.dense,768,0.01243997271,78.33717473,0,0.01243997271,78.33717473
snli@s0__trec@s0,snli@s0,trec@s0,encoder.layer.4.attention.self.key,768,0.01397844956,78.91449464,0,0.01397844956,78.91449464
snli@s0__trec@s0,snli@s0,trec@s0,encoder.layer.4.attention.self.query,768,0.01417348138,78.03819231,0,0.01417348138,78.03819231
snli@s0__trec@s0,snli@s0,trec@s0,encoder.layer.4.attention.self.value,768,0.01941238662,75.19099376,0,0.01941238662,75.19099376
snli@s0__trec@s0,snli@s0,trec@s0,encoder.layer.4.intermediate.dense,3072,0.002509879201,84.69213071,0,0.002509879201,84.69213071
snli@s0__trec@s0,snli@s0,trec@s0,encoder.layer.4.output.dense,768,0.01533371187,77.58846671,0,0.01533371187,77.58846671
snli@s0__trec@s0,snli@s0,trec@s0,encoder.layer.5.attention.output.dense,768,0.01182586398,78.67662889,0,0.01182586398,78.67662889
snli@s0__trec@s0,snli@s0,trec@s0,encoder.layer.5.attention.self.key,768,0.01906533123,75.42568265,0,0.01906533123,75.42568265
snli@s0__trec@s0,snli@s0,trec@s0,encoder.layer.5.attention.self.query,768,0.01744406052,77.61355611,0,0.01744406052,77.61355611
snli@s0__trec@s0,snli@s0,trec@s0,encoder.layer.5.attention.self.value,768,0.01273009686,79.12782173,0,0.01273009686,79.12782173
snli@s0__trec@s0,snli@s0,trec@s0,encoder.layer.5.intermediate.dense,3072,0.002536855321,84.8286481,0,0.002536855321,84.8286481
snli@s0__trec@s0,snli@s0,trec@s0,encoder.layer.5.output.dense,768,0.01618475998,78.2223245,0,0.01618475998,78.2223245
snli@s0__trec@s0,snli@s0,trec@s0,encoder.layer.6.attention.output.dense,768,0.01136919451,79.41649488,0,0.01136919451,79.41649488
snli@s0__trec@s0,snli@s0,trec@s0,encoder.layer.6.attention.self.key,768,0.01267021227,77.96392934,0,0.01267021227,77.96392934
snli@s0__trec@s0,snli@s0,trec@s0,encoder.layer.6.attention.self.query,768,0.01873516567,74.5995877,0,0.01873516567,74.5995877
snli@s0__trec@s0,snli@s0,trec@s0,encoder.layer.6.attention.self.value,768,0.01347247482,77.62364479,0,0.01347247482,77.62364479
snli@s0__trec@s0,snli@s0,trec@s0,encoder.layer.6.intermediate.dense,3072,0.00315479912,84.58944988,0,0.00315479912,84.58944988
snli@s0__trec@s0,snli@s0,trec@s0,encoder.layer.6.output.dense,768,0.01835264546,77.68916298,0,0.01835264546,77.68916298
snli@s0__trec@s0,snli@s0,trec@s0,encoder.layer.7.attention.output.dense,768,0.01381390682,76.80455148,0,0.01381390682,76.80455148
snli@s0__trec@s0,snli@s0,trec@s0,encoder.layer.7.attention.self.key,768,0.01377784921,77.61669212,0,0.01377784921,77.61669212
snli@s0__trec@s0,snli@s0,trec@s0,encoder.layer.7.attention.self.query,768,0.01903000029,75.4339072,0,0.01903000029,75.4339072
snli@s0__trec@s0,snli@s0,trec@s0,encoder.layer.7.attention.self.value,768,0.01801847551,75.394005,0,0.01801847551,75.394005
snli@s0__trec@s0,snli@s0,trec@s0,encoder.layer.7.intermediate.dense,3072,0.003754973779,83.44333278,0,0.003754973779,83.44333278
snli@s0__trec@s0,snli@s0,trec@s0,encoder.layer.7.output.dense,768,0.02106999163,77.31621161,0,0.02106999163,77.31621161
snli@s0__trec@s0,snli@s0,trec@s0,encoder.layer.8.attention.output.dense,768,0.01427393656,76.41931303,0,0.01427393656,76.41931303
snli@s0__trec@s0,snli@s0,trec@s0,encoder.layer.8.attention.self.key,768,0.01616033243,77.33965853,0,0.01616033243,77.33965853
snli@s0__trec@s0,snli@s0,trec@s0,encoder.layer.8.attention.self.query,768,0.029794556,72.34796489,0,0.029794556,72.34796489
snli@s0__trec@s0,snli@s0,trec@s0,encoder.layer.8.attention.self.value,768,0.01250174352,79.74702168,0,0.01250174352,79.74702168
snli@s0__trec@s0,snli@s0,trec@s0,encoder.layer.8.intermediate.dense,3072,0.002801377473,84.95144741,0,0.002801377473,84.95144741
snli@s0__trec@s0,snli@s0,trec@s0,encoder.layer.8.output.dense,768,0.01344214075,76.66553518,0,0.01344214075,76.66553518
snli@s0__trec@s0,snli@s0,trec@s0,encoder.layer.9.attention.output.dense,768,0.01703350665,76.02481925,0,0.01703350665,76.02481925
snli@s0__trec@s0,snli@s0,trec@s0,encoder.layer.9.attention.self.key,768,0.02102718889,75.33309641,0,0.02102718889,75.33309641
snli@s0__trec@s0,snli@s0,trec@s0,encoder.layer.9.attention.self.query,768,0.01850241147,77.85579081,0,0.01850241147,77.85579081
snli@s0__trec@s0,snli@s0,trec@s0,encoder.layer.9.attention.self.value,768,0.01745022674,77.15827306,0,0.01745022674,77.15827306
snli@s0__trec@s0,snli@s0,trec@s0,encoder.layer.9.intermediate.dense,3072,0.002530611085,84.4257184,0,0.002530611085,84.4257184
snli@s0__trec@s0,snli@s0,trec@s0,encoder.layer.9.output.dense,768,0.01333120675,77.98490285,0,0.01333120675,77.98490285
snli@s0__trec@s0,snli@s0,trec@s0,pooler.dense,768,0.07897922878,54.16868089,0,0.07897922878,54.16868089
snli@s0__yelp_polarity@s0,snli@s0,yelp_polarity@s0,encoder.layer.0.attention.output.dense,768,0.01243132135,79.12799335,0,0.01243132135,79.12799335
snli@s0__yelp_polarity@s0,snli@s0,yelp_polarity@s0,encoder.layer.0.attention.self.key,768,0.01414861457,78.48827033,0,0.01414861457,78.48827033
snli@s0__yelp_polarity@s0,snli@s0,yelp_polarity@s0,encoder.layer.0.attention.self.query,768,0.0182786384,76.34133019,0,0.0182786384,76.34133019
snli@s0__yelp_polarity@s0,snli@s0,yelp_polarity@s0,encoder.layer.0.attention.self.value,768,0.01429300398,75.71857946,0,0.01429300398,75.71857946
snli@s0__yelp_polarity@s0,snli@s0,yelp_polarity@s0,encoder.layer.0.intermediate.dense,3072,0.003558910315,84.09772772,0,0.003558910315,84.09772772
snli@s0__yelp_polarity@s0,snli@s0,yelp_polarity@s0,encoder.layer.0.output.dense,768,0.01876431483,75.33820974,0,0.01876431483,75.33820974
snli@s0__yelp_polarity@s0,snli@s0,yelp_polarity@s0,encoder.layer.1.attention.output.dense,768,0.01426634144,78.02722673,0,0.01426634144,78.02722673
snli@s0__yelp_polarity@s0,snli@s0,yelp_polarity@s0,encoder.layer.1.attention.self.key,768,0.01281144441,78.28712965,0,0.01281144441,78.28712965
snli@s0__yelp_polarity@s0,snli@s0,yelp_polarity@s0,encoder.layer.1.attention.self.query,768,0.02332069265,73.85633499,0,0.02332069265,73.85633499
snli@s0__yelp_polarity@s0,snli@s0,yelp_polarity@s0,encoder.layer.1.attention.self.value,768,0.01606246973,77.09299721,0,0.01606246973,77.09299721
snli@s0__yelp_polarity@s0,snli@s0,yelp_polarity@s0,encoder.layer.1.intermediate.dense,3072,0.003424812124,84.54418798,0,0.003424812124,84.54418798
snli@s0__yelp_polarity@s0,snli@s0,yelp_polarity@s0,encoder.layer.1.output.dense,768,0.01071573349,79.63121036,0,0.01071573349,79.63121036
snli@s0__yelp_polarity@s0,snli@s0,yelp_polarity@s0,encoder.layer.10.attention.output.dense,768,0.01796875867,74.85437221,0,0.01796875867,74.85437221
snli@s0__yelp_polarity@s0,snli@s0,yelp_polarity@s0,encoder.layer.10.attention.self.key,768,0.01943796096,78.18480899,0,0.01943796096,78.18480899
snli@s0__yelp_polarity@s0,snli@s0,yelp_polarity@s0,encoder.layer.10.attention.self.query,768,0.01501354474,78.77993708,0,0.01501354474,78.77993708
snli@s0__yelp_polarity@s0,snli@s0,yelp_polarity@s0,encoder.layer.10.attention.self.value,768,0.01755236784,74.83460882,0,0.01755236784,74.83460882
snli@s0__yelp_polarity@s0,snli@s0,yelp_polarity@s0,encoder.layer.10.intermediate.dense,3072,0.004942568405,82.6239401,0,0.004942568405,82.6239401
snli@s0__yelp_polarity@s0,snli@s0,yelp_polarity@s0,encoder.layer.10.output.dense,768,0.02067108769,75.20126412,0,0.02067108769,75.20126412
snli@s0__yelp_polarity@s0,snli@s0,yelp_polarity@s0,encoder.layer.11.attention.output.dense,768,0.03639839162,68.0628425,0,0.03639839162,68.0628425
snli@s0__yelp_polarity@s0,snli@s0,yelp_polarity@s0,encoder.layer.11.attention.self.key,768,0.02596481602,71.80275962,0,0.02596481602,71.80275962
snli@s0__yelp_polarity@s0,snli@s0,yelp_polarity@s0,encoder.layer.11.attention.self.query,768,0.02206348789,73.92087359,0,0.02206348789,73.92087359
snli@s0__yelp_polarity@s0,snli@s0,yelp_polarity@s0,encoder.layer.11.attention.self.value,768,0.03915157525,63.80904631,0,0.03915157525,63.80904631
snli@s0__yelp_polarity@s0,snli@s0,yelp_polarity@s0,encoder.layer.11.intermediate.dense,3072,0.01028056877,75.18669919,0,0.01028056877,75.18669919
snli@s0__yelp_polarity@s0,snli@s0,yelp_polarity@s0,encoder.layer.11.output.dense,768,0.02820942274,71.69944134,0,0.02820942274,71.69944134
snli@s0__yelp_polarity@s0,snli@s0,yelp_polarity@s0,encoder.layer.2.attention.output.dense,768,0.01390588325,77.62109512,0,0.01390588325,77.62109512
snli@s0__yelp_polarity@s0,snli@s0,yelp_polarity@s0,encoder.layer.2.attention.self.key,768,0.01366915817,75.96964831,0,0.01366915817,75.96964831
snli@s0__yelp_polarity@s0,snli@s0,yelp_polarity@s0,encoder.layer.2.attention.self.query,768,0.0142424905,79.32158152,0,0.0142424905,79.32158152
snli@s0__yelp_polarity@s0,snli@s0,yelp_polarity@s0,encoder.layer.2.attention.self.value,768,0.0127880557,78.41054593,0,0.0127880557,78.41054593
snli@s0__yelp_polarity@s0,snli@s0,yelp_polarity@s0,encoder.layer.2.intermediate.dense,3072,0.00332288889,84.17600874,0,0.00332288889,84.17600874
snli@s0__yelp_polarity@s0,snli@s0,yelp_polarity@s0,encoder.layer.2.output.dense,768,0.01077220417,80.41073172,0,0.01077220417,80.41073172
snli@s0__yelp_polarity@s0,snli@s0,yelp_polarity@s0,encoder.layer.3.attention.output.dense,768,0.01106884256,77.53757701,0,0.01106884256,77.53757701
snli@s0__yelp_polarity@s0,snli@s0,yelp_polarity@s0,encoder.layer.3.attention.self.key,768,0.0147818896,76.96789741,0,0.0147818896,76.96789741
snli@s0__yelp_polarity@s0,snli@s0,yelp_polarity@s0,encoder.layer.3.attention.self.query,768,0.01503073738,76.98603893,0,0.01503073738,76.98603893
snli@s0__yelp_polarity@s0,snli@s0,yelp_polarity@s0,encoder.layer.3.attention.self.value,768,0.01224029559,79.21757436,0,0.01224029559,79.21757436
snli@s0__yelp_polarity@s0,snli@s0,yelp_polarity@s0,encoder.layer.3.intermediate.dense,3072,0.003615716371,83.72617399,0,0.003615716371,83.72617399
snli@s0__yelp_polarity@s0,snli@s0,yelp_polarity@s0,encoder.layer.3.output.dense,768,0.01652120581,76.70692538,0,0.01652120581,76.70692538
snli@s0__yelp_polarity@s0,snli@s0,yelp_polarity@s0,encoder.layer.4.attention.output.dense,768,0.0115058747,79.42025958,0,0.0115058747,79.42025958
snli@s0__yelp_polarity@s0,snli@s0,yelp_polarity@s0,encoder.layer.4.attention.self.key,768,0.01348404572,79.00129744,0,0.01348404572,79.00129744
snli@s0__yelp_polarity@s0,snli@s0,yelp_polarity@s0,encoder.layer.4.attention.self.query,768,0.01479365717,78.57969823,0,0.01479365717,78.57969823
snli@s0__yelp_polarity@s0,snli@s0,yelp_polarity@s0,encoder.layer.4.attention.self.value,768,0.01644660715,78.03095123,0,0.01644660715,78.03095123
snli@s0__yelp_polarity@s0,snli@s0,yelp_polarity@s0,encoder.layer.4.intermediate.dense,3072,0.002512509232,85.16874887,0,0.002512509232,85.16874887
snli@s0__yelp_polarity@s0,snli@s0,yelp_polarity@s0,encoder.layer.4.output.dense,768,0.01400066384,78.1319428,0,0.01400066384,78.1319428
snli@s0__yelp_polarity@s0,snli@s0,yelp_polarity@s0,encoder.layer.5.attention.output.dense,768,0.01159363704,78.10500702,0,0.01159363704,78.10500702
snli@s0__yelp_polarity@s0,snli@s0,yelp_polarity@s0,encoder.layer.5.attention.self.key,768,0.01371511502,78.68076668,0,0.01371511502,78.68076668
snli@s0__yelp_polarity@s0,snli@s0,yelp_polarity@s0,encoder.layer.5.attention.self.query,768,0.01205802389,78.70921666,0,0.01205802389,78.70921666
snli@s0__yelp_polarity@s0,snli@s0,yelp_polarity@s0,encoder.layer.5.attention.self.value,768,0.01228518354,77.88203166,0,0.01228518354,77.88203166
snli@s0__yelp_polarity@s0,snli@s0,yelp_polarity@s0,encoder.layer.5.intermediate.dense,3072,0.003153067457,84.19465154,0,0.003153067457,84.19465154
snli@s0__yelp_polarity@s0,snli@s0,yelp_polarity@s0,encoder.layer.5.output.dense,768,0.01579331081,75.16082368,0,0.01579331081,75.16082368
snli@s0__yelp_polarity@s0,snli@s0,yelp_polarity@s0,encoder.layer.6.attention.output.dense,768,0.01073444817,78.17442978,0,0.01073444817,78.17442978
snli@s0__yelp_polarity@s0,snli@s0,yelp_polarity@s0,encoder.layer.6.attention.self.key,768,0.01373444775,77.15095448,0,0.01373444775,77.15095448
snli@s0__yelp_polarity@s0,snli@s0,yelp_polarity@s0,encoder.layer.6.attention.self.query,768,0.01634287166,76.52278541,0,0.01634287166,76.52278541
snli@s0__yelp_polarity@s0,snli@s0,yelp_polarity@s0,encoder.layer.6.attention.self.value,768,0.01186119681,79.06200648,0,0.01186119681,79.06200648
snli@s0__yelp_polarity@s0,snli@s0,yelp_polarity@s0,encoder.layer.6.intermediate.dense,3072,0.004485119955,82.78881807,0,0.004485119955,82.78881807
snli@s0__yelp_polarity@s0,snli@s0,yelp_polarity@s0,encoder.layer.6.output.dense,768,0.0165001259,76.86980908,0,0.0165001259,76.86980908
snli@s0__yelp_polarity@s0,snli@s0,yelp_polarity@s0,encoder.layer.7.attention.output.dense,768,0.01941475464,76.090151,0,0.01941475464,76.090151
snli@s0__yelp_polarity@s0,snli@s0,yelp_polarity@s0,encoder.layer.7.attention.self.key,768,0.01339427912,78.69804744,0,0.01339427912,78.69804744
snli@s0__yelp_polarity@s0,snli@s0,yelp_polarity@s0,encoder.layer.7.attention.self.query,768,0.01698598233,78.63727387,0,0.01698598233,78.63727387
snli@s0__yelp_polarity@s0,snli@s0,yelp_polarity@s0,encoder.layer.7.attention.self.value,768,0.01234090283,78.88930794,0,0.01234090283,78.88930794
snli@s0__yelp_polarity@s0,snli@s0,yelp_polarity@s0,encoder.layer.7.intermediate.dense,3072,0.003399277685,83.31340319,0,0.003399277685,83.31340319
snli@s0__yelp_polarity@s0,snli@s0,yelp_polarity@s0,encoder.layer.7.output.dense,768,0.01576068108,75.60405592,0,0.01576068108,75.60405592
snli@s0__yelp_polarity@s0,snli@s0,yelp_polarity@s0,encoder.layer.8.attention.output.dense,768,0.01619704463,77.03876789,0,0.01619704463,77.03876789
snli@s0__yelp_polarity@s0,snli@s0,yelp_polarity@s0,encoder.layer.8.attention.self.key,768,0.01240599317,79.40497043,0,0.01240599317,79.40497043
snli@s0__yelp_polarity@s0,snli@s0,yelp_polarity@s0,encoder.layer.8.attention.self.query,768,0.0179068302,76.88467466,0,0.0179068302,76.88467466
snli@s0__yelp_polarity@s0,snli@s0,yelp_polarity@s0,encoder.layer.8.attention.self.value,768,0.01224277685,77.97497977,0,0.01224277685,77.97497977
snli@s0__yelp_polarity@s0,snli@s0,yelp_polarity@s0,encoder.layer.8.intermediate.dense,3072,0.0036238215,84.10922091,0,0.0036238215,84.10922091
snli@s0__yelp_polarity@s0,snli@s0,yelp_polarity@s0,encoder.layer.8.output.dense,768,0.01960745139,73.1842612,0,0.01960745139,73.1842612
snli@s0__yelp_polarity@s0,snli@s0,yelp_polarity@s0,encoder.layer.9.attention.output.dense,768,0.0200856194,76.95491532,0,0.0200856194,76.95491532
snli@s0__yelp_polarity@s0,snli@s0,yelp_polarity@s0,encoder.layer.9.attention.self.key,768,0.01812712241,74.80728068,0,0.01812712241,74.80728068
snli@s0__yelp_polarity@s0,snli@s0,yelp_polarity@s0,encoder.layer.9.attention.self.query,768,0.01398155636,79.08203067,0,0.01398155636,79.08203067
snli@s0__yelp_polarity@s0,snli@s0,yelp_polarity@s0,encoder.layer.9.attention.self.value,768,0.01434388578,77.4934908,0,0.01434388578,77.4934908
snli@s0__yelp_polarity@s0,snli@s0,yelp_polarity@s0,encoder.layer.9.intermediate.dense,3072,0.002812241111,83.4228957,0,0.002812241111,83.4228957
snli@s0__yelp_polarity@s0,snli@s0,yelp_polarity@s0,encoder.layer.9.output.dense,768,0.01595262165,76.4971737,0,0.01595262165,76.4971737
snli@s0__yelp_polarity@s0,snli@s0,yelp_polarity@s0,pooler.dense,768,0.07223352261,62.88544993,0,0.07223352261,62.88544993
scitail@s0__ag_news@s0,scitail@s0,ag_news@s0,encoder.layer.0.attention.output.dense,768,0.01505086556,76.56193198,0,0.01505086556,76.56193198
scitail@s0__ag_news@s0,scitail@s0,ag_news@s0,encoder.layer.0.attention.self.key,768,0.02107480693,76.75688285,0,0.02107480693,76.75688285
scitail@s0__ag_news@s0,scitail@s0,ag_news@s0,encoder.layer.0.attention.self.query,768,0.0174402175,75.06575285,0,0.0174402175,75.06575285
scitail@s0__ag_news@s0,scitail@s0,ag_news@s0,encoder.layer.0.attention.self.value,768,0.02071426736,74.25132682,0,0.02071426736,74.25132682
scitail@s0__ag_news@s0,scitail@s0,ag_news@s0,encoder.layer.0.intermediate.dense,3072,0.003422782418,84.57824068,0,0.003422782418,84.57824068
scitail@s0__ag_news@s0,scitail@s0,ag_news@s0,encoder.layer.0.output.dense,768,0.02136838631,74.72432762,0,0.02136838631,74.72432762
scitail@s0__ag_news@s0,scitail@s0,ag_news@s0,encoder.layer.1.attention.output.dense,768,0.0138023732,78.3619975,0,0.0138023732,78.3619975
scitail@s0__ag_news@s0,scitail@s0,ag_news@s0,encoder.layer.1.attention.self.key,768,0.01426508661,77.7584555,0,0.01426508661,77.7584555
scitail@s0__ag_news@s0,scitail@s0,ag_news@s0,encoder.layer.1.attention.self.query,768,0.0222364961,73.84440483,0,0.0222364961,73.84440483
scitail@s0__ag_news@s0,scitail@s0,ag_news@s0,encoder.layer.1.attention.self.value,768,0.02106608826,74.51370939,0,0.02106608826,74.51370939
scitail@s0__ag_news@s0,scitail@s0,ag_news@s0,encoder.layer.1.intermediate.dense,3072,0.003645217042,84.09317365,0,0.003645217042,84.09317365
scitail@s0__ag_news@s0,scitail@s0,ag_news@s0,encoder.layer.1.output.dense,768,0.01418595168,78.05497541,0,0.01418595168,78.05497541
scitail@s0__ag_news@s0,scitail@s0,ag_news@s0,encoder.layer.10.attention.output.dense,768,0.01568128378,76.88726402,0,0.01568128378,76.88726402
scitail@s0__ag_news@s0,scitail@s0,ag_news@s0,encoder.layer.10.attention.self.key,768,0.01684947025,76.8801412,0,0.01684947025,76.8801412
scitail@s0__ag_news@s0,scitail@s0,ag_news@s0,encoder.layer.10.attention.self.query,768,0.02038857617,74.8342784,0,0.02038857617,74.8342784
scitail@s0__ag_news@s0,scitail@s0,ag_news@s0,encoder.layer.10.attention.self.value,768,0.01658536458,77.77528662,0,0.01658536458,77.77528662
scitail@s0__ag_news@s0,scitail@s0,ag_news@s0,encoder.layer.10.intermediate.dense,3072,0.003774405806,83.72388352,0,0.003774405806,83.72388352
scitail@s0__ag_news@s0,scitail@s0,ag_news@s0,encoder.layer.10.output.dense,768,0.0297791686,72.27544832,0,0.0297791686,72.27544832
scitail@s0__ag_news@s0,scitail@s0,ag_news@s0,encoder.layer.11.attention.output.dense,768,0.03702667693,68.49333795,0,0.03702667693,68.49333795
scitail@s0__ag_news@s0,scitail@s0,ag_news@s0,encoder.layer.11.attention.self.key,768,0.01589151306,76.69445217,0,0.01589151306,76.69445217
scitail@s0__ag_news@s0,scitail@s0,ag_news@s0,encoder.layer.11.attention.self.query,768,0.01363880313,77.37370364,0,0.01363880313,77.37370364
scitail@s0__ag_news@s0,scitail@s0,ag_news@s0,encoder.layer.11.attention.self.value,768,0.01735720405,75.61288044,0,0.01735720405,75.61288044
scitail@s0__ag_news@s0,scitail@s0,ag_news@s0,encoder.layer.11.intermediate.dense,3072,0.00342708043,83.48078509,0,0.00342708043,83.48078509
scitail@s0__ag_news@s0,scitail@s0,ag_news@s0,encoder.layer.11.output.dense,768,0.06766598737,61.58257493,0,0.06766598737,61.58257493
scitail@s0__ag_news@s0,scitail@s0,ag_news@s0,encoder.layer.2.attention.output.dense,768,0.01036565386,80.63995709,0,0.01036565386,80.63995709
scitail@s0__ag_news@s0,scitail@s0,ag_news@s0,encoder.layer.2.attention.self.key,768,0.01619798534,77.5708898,0,0.01619798534,77.5708898
scitail@s0__ag_news@s0,scitail@s0,ag_news@s0,encoder.layer.2.attention.self.query,768,0.01845176264,75.69720034,0,0.01845176264,75.69720034
scitail@s0__ag_news@s0,scitail@s0,ag_news@s0,encoder.layer.2.attention.self.value,768,0.01232338647,78.65706286,0,0.01232338647,78.65706286
scitail@s0__ag_news@s0,scitail@s0,ag_news@s0,encoder.layer.2.intermediate.dense,3072,0.003710371708,84.26773953,0,0.003710371708,84.26773953
scitail@s0__ag_news@s0,scitail@s0,ag_news@s0,encoder.layer.2.output.dense,768,0.01317001255,77.80728741,0,0.01317001255,77.80728741
scitail@s0__ag_news@s0,scitail@s0,ag_news@s0,encoder.layer.3.attention.output.dense,768,0.01517325363,77.58048113,0,0.01517325363,77.58048113
scitail@s0__ag_news@s0,scitail@s0,ag_news@s0,encoder.layer.3.attention.self.key,768,0.01423169959,78.74421966,0,0.01423169959,78.74421966
scitail@s0__ag_news@s0,scitail@s0,ag_news@s0,encoder.layer.3.attention.self.query,768,0.01836885921,77.48354009,0,0.01836885921,77.48354009
scitail@s0__ag_news@s0,scitail@s0,ag_news@s0,encoder.layer.3.attention.self.value,768,0.01787267467,78.23118819,0,0.01787267467,78.23118819
scitail@s0__ag_news@s0,scitail@s0,ag_news@s0,encoder.layer.3.intermediate.dense,3072,0.003478677932,84.50668653,0,0.003478677932,84.50668653
scitail@s0__ag_news@s0,scitail@s0,ag_news@s0,encoder.layer.3.output.dense,768,0.01309032368,78.00986939,0,0.01309032368,78.00986939
scitail@s0__ag_news@s0,scitail@s0,ag_news@s0,encoder.layer.4.attention.output.dense,768,0.01064110221,80.01378091,0,0.01064110221,80.01378091
scitail@s0__ag_news@s0,scitail@s0,ag_news@s0,encoder.layer.4.attention.self.key,768,0.01881983548,76.77208851,0,0.01881983548,76.77208851
scitail@s0__ag_news@s0,scitail@s0,ag_news@s0,encoder.layer.4.attention.self.query,768,0.01704088407,75.99478899,0,0.01704088407,75.99478899
scitail@s0__ag_news@s0,scitail@s0,ag_news@s0,encoder.layer.4.attention.self.value,768,0.01268841879,78.44460514,0,0.01268841879,78.44460514
scitail@s0__ag_news@s0,scitail@s0,ag_news@s0,encoder.layer.4.intermediate.dense,3072,0.002307865419,85.15508509,0,0.002307865419,85.15508509
scitail@s0__ag_news@s0,scitail@s0,ag_news@s0,encoder.layer.4.output.dense,768,0.0131511257,77.99647031,0,0.0131511257,77.99647031
scitail@s0__ag_news@s0,scitail@s0,ag_news@s0,encoder.layer.5.attention.output.dense,768,0.01321508894,79.29089179,0,0.01321508894,79.29089179
scitail@s0__ag_news@s0,scitail@s0,ag_news@s0,encoder.layer.5.attention.self.key,768,0.01640406279,75.95852156,0,0.01640406279,75.95852156
scitail@s0__ag_news@s0,scitail@s0,ag_news@s0,encoder.layer.5.attention.self.query,768,0.02236808577,74.91770635,0,0.02236808577,74.91770635
scitail@s0__ag_news@s0,scitail@s0,ag_news@s0,encoder.layer.5.attention.self.value,768,0.01647792947,76.61716746,0,0.01647792947,76.61716746
scitail@s0__ag_news@s0,scitail@s0,ag_news@s0,encoder.layer.5.intermediate.dense,3072,0.002723708675,84.67503338,0,0.002723708675,84.67503338
scitail@s0__ag_news@s0,scitail@s0,ag_news@s0,encoder.layer.5.output.dense,768,0.02081528803,73.87531257,0,0.02081528803,73.87531257
scitail@s0__ag_news@s0,scitail@s0,ag_news@s0,encoder.layer.6.attention.output.dense,768,0.01382480396,78.98951881,0,0.01382480396,78.98951881
scitail@s0__ag_news@s0,scitail@s0,ag_news@s0,encoder.layer.6.attention.self.key,768,0.01680209881,75.96291176,0,0.01680209881,75.96291176
scitail@s0__ag_news@s0,scitail@s0,ag_news@s0,encoder.layer.6.attention.self.query,768,0.01872102527,77.20253321,0,0.01872102527,77.20253321
scitail@s0__ag_news@s0,scitail@s0,ag_news@s0,encoder.layer.6.attention.self.value,768,0.01035735988,80.43349214,0,0.01035735988,80.43349214
scitail@s0__ag_news@s0,scitail@s0,ag_news@s0,encoder.layer.6.intermediate.dense,3072,0.002364287107,85.46867492,0,0.002364287107,85.46867492
scitail@s0__ag_news@s0,scitail@s0,ag_news@s0,encoder.layer.6.output.dense,768,0.01246567317,79.20627442,0,0.01246567317,79.20627442
scitail@s0__ag_news@s0,scitail@s0,ag_news@s0,encoder.layer.7.attention.output.dense,768,0.01443403698,77.67873497,0,0.01443403698,77.67873497
scitail@s0__ag_news@s0,scitail@s0,ag_news@s0,encoder.layer.7.attention.self.key,768,0.01452630142,79.34853144,0,0.01452630142,79.34853144
scitail@s0__ag_news@s0,scitail@s0,ag_news@s0,encoder.layer.7.attention.self.query,768,0.02152373543,76.59660187,0,0.02152373543,76.59660187
scitail@s0__ag_news@s0,scitail@s0,ag_news@s0,encoder.layer.7.attention.self.value,768,0.01325188503,76.53203889,0,0.01325188503,76.53203889
scitail@s0__ag_news@s0,scitail@s0,ag_news@s0,encoder.layer.7.intermediate.dense,3072,0.003370400856,84.4147399,0,0.003370400856,84.4147399
scitail@s0__ag_news@s0,scitail@s0,ag_news@s0,encoder.layer.7.output.dense,768,0.01416518553,77.9431874,0,0.01416518553,77.9431874
scitail@s0__ag_news@s0,scitail@s0,ag_news@s0,encoder.layer.8.attention.output.dense,768,0.02155347189,75.32704773,0,0.02155347189,75.32704773
scitail@s0__ag_news@s0,scitail@s0,ag_news@s0,encoder.layer.8.attention.self.key,768,0.01870388527,74.62235953,0,0.01870388527,74.62235953
scitail@s0__ag_news@s0,scitail@s0,ag_news@s0,encoder.layer.8.attention.self.query,768,0.01501259335,78.53866812,0,0.01501259335,78.53866812
scitail@s0__ag_news@s0,scitail@s0,ag_news@s0,encoder.layer.8.attention.self.value,768,0.01259610853,78.96325189,0,0.01259610853,78.96325189
scitail@s0__ag_news@s0,scitail@s0,ag_news@s0,encoder.layer.8.intermediate.dense,3072,0.003083740549,84.22393075,0,0.003083740549,84.22393075
scitail@s0__ag_news@s0,scitail@s0,ag_news@s0,encoder.layer.8.output.dense,768,0.01851818264,75.60540068,0,0.01851818264,75.60540068
scitail@s0__ag_news@s0,scitail@s0,ag_news@s0,encoder.layer.9.attention.output.dense,768,0.01793243776,76.14881493,0,0.01793243776,76.14881493
scitail@s0__ag_news@s0,scitail@s0,ag_news@s0,encoder.layer.9.attention.self.key,768,0.02091350635,74.25766484,0,0.02091350635,74.25766484
scitail@s0__ag_news@s0,scitail@s0,ag_news@s0,encoder.layer.9.attention.self.query,768,0.02043575246,75.40567025,0,0.02043575246,75.40567025
scitail@s0__ag_news@s0,scitail@s0,ag_news@s0,encoder.layer.9.attention.self.value,768,0.01166371126,79.13782081,0,0.01166371126,79.13782081
scitail@s0__ag_news@s0,scitail@s0,ag_news@s0,encoder.layer.9.intermediate.dense,3072,0.002825042184,85.10100587,0,0.002825042184,85.10100587
scitail@s0__ag_news@s0,scitail@s0,ag_news@s0,encoder.layer.9.output.dense,768,0.018928643,76.89270054,0,0.018928643,76.89270054
scitail@s0__ag_news@s0,scitail@s0,ag_news@s0,pooler.dense,768,0.06771912009,58.98784134,0,0.06771912009,58.98784134
scitail@s0__imdb@s0,scitail@s0,imdb@s0,encoder.layer.0.attention.output.dense,768,0.01621785076,76.66831172,0,0.01621785076,76.66831172
scitail@s0__imdb@s0,scitail@s0,imdb@s0,encoder.layer.0.attention.self.key,768,0.01999438917,75.39397195,0,0.01999438917,75.39397195
scitail@s0__imdb@s0,scitail@s0,imdb@s0,encoder.layer.0.attention.self.query,768,0.02174265071,75.38918713,0,0.02174265071,75.38918713
scitail@s0__imdb@s0,scitail@s0,imdb@s0,encoder.layer.0.attention.self.value,768,0.01733482393,75.24967445,0,0.01733482393,75.24967445
scitail@s0__imdb@s0,scitail@s0,imdb@s0,encoder.layer.0.intermediate.dense,3072,0.002027878218,85.09864397,0,0.002027878218,85.09864397
scitail@s0__imdb@s0,scitail@s0,imdb@s0,encoder.layer.0.output.dense,768,0.01720678404,77.06034021,0,0.01720678404,77.06034021
scitail@s0__imdb@s0,scitail@s0,imdb@s0,encoder.layer.1.attention.output.dense,768,0.009684768609,79.89978169,0,0.009684768609,79.89978169
scitail@s0__imdb@s0,scitail@s0,imdb@s0,encoder.layer.1.attention.self.key,768,0.01299535423,78.26658506,0,0.01299535423,78.26658506
scitail@s0__imdb@s0,scitail@s0,imdb@s0,encoder.layer.1.attention.self.query,768,0.02517330456,75.87038326,0,0.02517330456,75.87038326
scitail@s0__imdb@s0,scitail@s0,imdb@s0,encoder.layer.1.attention.self.value,768,0.01816979385,76.10990399,0,0.01816979385,76.10990399
scitail@s0__imdb@s0,scitail@s0,imdb@s0,encoder.layer.1.intermediate.dense,3072,0.003080225344,84.8197369,0,0.003080225344,84.8197369
scitail@s0__imdb@s0,scitail@s0,imdb@s0,encoder.layer.1.output.dense,768,0.01370039374,79.30921557,0,0.01370039374,79.30921557
scitail@s0__imdb@s0,scitail@s0,imdb@s0,encoder.layer.10.attention.output.dense,768,0.0242963205,73.50691385,0,0.0242963205,73.50691385
scitail@s0__imdb@s0,scitail@s0,imdb@s0,encoder.layer.10.attention.self.key,768,0.01879402738,75.08089454,0,0.01879402738,75.08089454
scitail@s0__imdb@s0,scitail@s0,imdb@s0,encoder.layer.10.attention.self.query,768,0.02432807838,72.43694933,0,0.02432807838,72.43694933
scitail@s0__imdb@s0,scitail@s0,imdb@s0,encoder.layer.10.attention.self.value,768,0.01462673527,77.74496188,0,0.01462673527,77.74496188
scitail@s0__imdb@s0,scitail@s0,imdb@s0,encoder.layer.10.intermediate.dense,3072,0.00329267059,83.96575402,0,0.00329267059,83.96575402
scitail@s0__imdb@s0,scitail@s0,imdb@s0,encoder.layer.10.output.dense,768,0.02378240966,73.49874804,0,0.02378240966,73.49874804
scitail@s0__imdb@s0,scitail@s0,imdb@s0,encoder.layer.11.attention.output.dense,768,0.05675024212,63.06779431,0,0.05675024212,63.06779431
scitail@s0__imdb@s0,scitail@s0,imdb@s0,encoder.layer.11.attention.self.key,768,0.02467634133,74.4288914,0,0.02467634133,74.4288914
scitail@s0__imdb@s0,scitail@s0,imdb@s0,encoder.layer.11.attention.self.query,768,0.01730935685,77.38391907,0,0.01730935685,77.38391907
scitail@s0__imdb@s0,scitail@s0,imdb@s0,encoder.layer.11.attention.self.value,768,0.01730339027,77.03241659,0,0.01730339027,77.03241659
scitail@s0__imdb@s0,scitail@s0,imdb@s0,encoder.layer.11.intermediate.dense,3072,0.004654720228,82.94117186,0,0.004654720228,82.94117186
scitail@s0__imdb@s0,scitail@s0,imdb@s0,encoder.layer.11.output.dense,768,0.06149912562,61.96898549,0,0.06149912562,61.96898549
scitail@s0__imdb@s0,scitail@s0,imdb@s0,encoder.layer.2.attention.output.dense,768,0.01373813726,79.22210719,0,0.01373813726,79.22210719
scitail@s0__imdb@s0,scitail@s0,imdb@s0,encoder.layer.2.attention.self.key,768,0.01372968338,76.46504265,0,0.01372968338,76.46504265
scitail@s0__imdb@s0,scitail@s0,imdb@s0,encoder.layer.2.attention.self.query,768,0.01580605924,77.19377259,0,0.01580605924,77.19377259
scitail@s0__imdb@s0,scitail@s0,imdb@s0,encoder.layer.2.attention.self.value,768,0.01615032273,77.18387931,0,0.01615032273,77.18387931
scitail@s0__imdb@s0,scitail@s0,imdb@s0,encoder.layer.2.intermediate.dense,3072,0.0027632712,85.1578151,0,0.0027632712,85.1578151
scitail@s0__imdb@s0,scitail@s0,imdb@s0,encoder.layer.2.output.dense,768,0.01306444932,78.11018168,0,0.01306444932,78.11018168
scitail@s0__imdb@s0,scitail@s0,imdb@s0,encoder.layer.3.attention.output.dense,768,0.01379084425,79.52921691,0,0.01379084425,79.52921691
scitail@s0__imdb@s0,scitail@s0,imdb@s0,encoder.layer.3.attention.self.key,768,0.01560780884,77.91046432,0,0.01560780884,77.91046432
scitail@s0__imdb@s0,scitail@s0,imdb@s0,encoder.layer.3.attention.self.query,768,0.01997273203,74.78816015,0,0.01997273203,74.78816015
scitail@s0__imdb@s0,scitail@s0,imdb@s0,encoder.layer.3.attention.self.value,768,0.015613114,78.20777135,0,0.015613114,78.20777135
scitail@s0__imdb@s0,scitail@s0,imdb@s0,encoder.layer.3.intermediate.dense,3072,0.002461316626,85.1601592,0,0.002461316626,85.1601592
scitail@s0__imdb@s0,scitail@s0,imdb@s0,encoder.layer.3.output.dense,768,0.01352194191,76.67170948,0,0.01352194191,76.67170948
scitail@s0__imdb@s0,scitail@s0,imdb@s0,encoder.layer.4.attention.output.dense,768,0.01267036666,78.77012202,0,0.01267036666,78.77012202
scitail@s0__imdb@s0,scitail@s0,imdb@s0,encoder.layer.4.attention.self.key,768,0.0116577456,78.59851245,0,0.0116577456,78.59851245
scitail@s0__imdb@s0,scitail@s0,imdb@s0,encoder.layer.4.attention.self.query,768,0.01654975404,76.22906474,0,0.01654975404,76.22906474
scitail@s0__imdb@s0,scitail@s0,imdb@s0,encoder.layer.4.attention.self.value,768,0.01660425394,77.90738805,0,0.01660425394,77.90738805
scitail@s0__imdb@s0,scitail@s0,imdb@s0,encoder.layer.4.intermediate.dense,3072,0.002640149676,84.33157075,0,0.002640149676,84.33157075
scitail@s0__imdb@s0,scitail@s0,imdb@s0,encoder.layer.4.output.dense,768,0.01363302256,78.62241882,0,0.01363302256,78.62241882
scitail@s0__imdb@s0,scitail@s0,imdb@s0,encoder.layer.5.attention.output.dense,768,0.0110091471,78.43993047,0,0.0110091471,78.43993047
scitail@s0__imdb@s0,scitail@s0,imdb@s0,encoder.layer.5.attention.self.key,768,0.01702930071,77.70788935,0,0.01702930071,77.70788935
scitail@s0__imdb@s0,scitail@s0,imdb@s0,encoder.layer.5.attention.self.query,768,0.0148498938,78.13362055,0,0.0148498938,78.13362055
scitail@s0__imdb@s0,scitail@s0,imdb@s0,encoder.layer.5.attention.self.value,768,0.01931395206,75.47968884,0,0.01931395206,75.47968884
scitail@s0__imdb@s0,scitail@s0,imdb@s0,encoder.layer.5.intermediate.dense,3072,0.003525604238,83.60918268,0,0.003525604238,83.60918268
scitail@s0__imdb@s0,scitail@s0,imdb@s0,encoder.layer.5.output.dense,768,0.01529023197,78.57950141,0,0.01529023197,78.57950141
scitail@s0__imdb@s0,scitail@s0,imdb@s0,encoder.layer.6.attention.output.dense,768,0.01901267888,75.53502554,0,0.01901267888,75.53502554
scitail@s0__imdb@s0,scitail@s0,imdb@s0,encoder.layer.6.attention.self.key,768,0.01675332893,75.2228647,0,0.01675332893,75.2228647
scitail@s0__imdb@s0,scitail@s0,imdb@s0,encoder.layer.6.attention.self.query,768,0.01585095743,77.80883248,0,0.01585095743,77.80883248
scitail@s0__imdb@s0,scitail@s0,imdb@s0,encoder.layer.6.attention.self.value,768,0.00959174573,79.22833674,0,0.00959174573,79.22833674
scitail@s0__imdb@s0,scitail@s0,imdb@s0,encoder.layer.6.intermediate.dense,3072,0.00322603935,84.48334631,0,0.00322603935,84.48334631
scitail@s0__imdb@s0,scitail@s0,imdb@s0,encoder.layer.6.output.dense,768,0.01450386595,76.81073267,0,0.01450386595,76.81073267
scitail@s0__imdb@s0,scitail@s0,imdb@s0,encoder.layer.7.attention.output.dense,768,0.01456127524,79.36267578,0,0.01456127524,79.36267578
scitail@s0__imdb@s0,scitail@s0,imdb@s0,encoder.layer.7.attention.self.key,768,0.01658639725,76.80744571,0,0.01658639725,76.80744571
scitail@s0__imdb@s0,scitail@s0,imdb@s0,encoder.layer.7.attention.self.query,768,0.01388869604,76.86428254,0,0.01388869604,76.86428254
scitail@s0__imdb@s0,scitail@s0,imdb@s0,encoder.layer.7.attention.self.value,768,0.0129634292,77.41472328,0,0.0129634292,77.41472328
scitail@s0__imdb@s0,scitail@s0,imdb@s0,encoder.layer.7.intermediate.dense,3072,0.003648869086,83.77083892,0,0.003648869086,83.77083892
scitail@s0__imdb@s0,scitail@s0,imdb@s0,encoder.layer.7.output.dense,768,0.01465076809,78.44399944,0,0.01465076809,78.44399944
scitail@s0__imdb@s0,scitail@s0,imdb@s0,encoder.layer.8.attention.output.dense,768,0.02104474534,75.72258568,0,0.02104474534,75.72258568
scitail@s0__imdb@s0,scitail@s0,imdb@s0,encoder.layer.8.attention.self.key,768,0.02244840674,75.31139208,0,0.02244840674,75.31139208
scitail@s0__imdb@s0,scitail@s0,imdb@s0,encoder.layer.8.attention.self.query,768,0.01327782941,76.54474726,0,0.01327782941,76.54474726
scitail@s0__imdb@s0,scitail@s0,imdb@s0,encoder.layer.8.attention.self.value,768,0.01830230911,73.80881888,0,0.01830230911,73.80881888
scitail@s0__imdb@s0,scitail@s0,imdb@s0,encoder.layer.8.intermediate.dense,3072,0.004093060035,83.36638895,0,0.004093060035,83.36638895
scitail@s0__imdb@s0,scitail@s0,imdb@s0,encoder.layer.8.output.dense,768,0.02077768403,75.42811768,0,0.02077768403,75.42811768
scitail@s0__imdb@s0,scitail@s0,imdb@s0,encoder.layer.9.attention.output.dense,768,0.0255360566,71.71193658,0,0.0255360566,71.71193658
scitail@s0__imdb@s0,scitail@s0,imdb@s0,encoder.layer.9.attention.self.key,768,0.02555356769,72.66900141,0,0.02555356769,72.66900141
scitail@s0__imdb@s0,scitail@s0,imdb@s0,encoder.layer.9.attention.self.query,768,0.0148876119,77.13425577,0,0.0148876119,77.13425577
scitail@s0__imdb@s0,scitail@s0,imdb@s0,encoder.layer.9.attention.self.value,768,0.01880202237,74.79942434,0,0.01880202237,74.79942434
scitail@s0__imdb@s0,scitail@s0,imdb@s0,encoder.layer.9.intermediate.dense,3072,0.002548282948,85.04614425,0,0.002548282948,85.04614425
scitail@s0__imdb@s0,scitail@s0,imdb@s0,encoder.layer.9.output.dense,768,0.0176400193,76.68548878,0,0.0176400193,76.68548878
scitail@s0__imdb@s0,scitail@s0,imdb@s0,pooler.dense,768,0.0833577207,54.59834278,0,0.0833577207,54.59834278
scitail@s0__trec@s0,scitail@s0,trec@s0,encoder.layer.0.attention.output.dense,768,0.01360315148,78.64120265,0,0.01360315148,78.64120265
scitail@s0__trec@s0,scitail@s0,trec@s0,encoder.layer.0.attention.self.key,768,0.0162333895,77.82806938,0,0.0162333895,77.82806938
scitail@s0__trec@s0,scitail@s0,trec@s0,encoder.layer.0.attention.self.query,768,0.02898200064,72.81028396,0,0.02898200064,72.81028396
scitail@s0__trec@s0,scitail@s0,trec@s0,encoder.layer.0.attention.self.value,768,0.02084395591,75.64715644,0,0.02084395591,75.64715644
scitail@s0__trec@s0,scitail@s0,trec@s0,encoder.layer.0.intermediate.dense,3072,0.002051561266,85.19265833,0,0.002051561266,85.19265833
scitail@s0__trec@s0,scitail@s0,trec@s0,encoder.layer.0.output.dense,768,0.01651950707,76.92654718,0,0.01651950707,76.92654718
scitail@s0__trec@s0,scitail@s0,trec@s0,encoder.layer.1.attention.output.dense,768,0.01423358224,76.20329656,0,0.01423358224,76.20329656
scitail@s0__trec@s0,scitail@s0,trec@s0,encoder.layer.1.attention.self.key,768,0.02489592823,74.63614287,0,0.02489592823,74.63614287
scitail@s0__trec@s0,scitail@s0,trec@s0,encoder.layer.1.attention.self.query,768,0.0313304588,69.33719376,0,0.0313304588,69.33719376
scitail@s0__trec@s0,scitail@s0,trec@s0,encoder.layer.1.attention.self.value,768,0.01827430622,76.87981926,0,0.01827430622,76.87981926
scitail@s0__trec@s0,scitail@s0,trec@s0,encoder.layer.1.intermediate.dense,3072,0.002946622874,84.8141602,0,0.002946622874,84.8141602
scitail@s0__trec@s0,scitail@s0,trec@s0,encoder.layer.1.output.dense,768,0.0123720462,77.87592586,0,0.0123720462,77.87592586
scitail@s0__trec@s0,scitail@s0,trec@s0,encoder.layer.10.attention.output.dense,768,0.0192078707,74.43026543,0,0.0192078707,74.43026543
scitail@s0__trec@s0,scitail@s0,trec@s0,encoder.layer.10.attention.self.key,768,0.0301124408,74.21699575,0,0.0301124408,74.21699575
scitail@s0__trec@s0,scitail@s0,trec@s0,encoder.layer.10.attention.self.query,768,0.0214016152,75.2114394,0,0.0214016152,75.2114394
scitail@s0__trec@s0,scitail@s0,trec@s0,encoder.layer.10.attention.self.value,768,0.0195185766,76.92340332,0,0.0195185766,76.92340332
scitail@s0__trec@s0,scitail@s0,trec@s0,encoder.layer.10.intermediate.dense,3072,0.003253322546,84.28159197,0,0.003253322546,84.28159197
scitail@s0__trec@s0,scitail@s0,trec@s0,encoder.layer.10.output.dense,768,0.03690101839,66.93067417,0,0.03690101839,66.93067417
scitail@s0__trec@s0,scitail@s0,trec@s0,encoder.layer.11.attention.output.dense,768,0.04831837731,64.47354713,0,0.04831837731,64.47354713
scitail@s0__trec@s0,scitail@s0,trec@s0,encoder.layer.11.attention.self.key,768,0.0261359427,73.49479253,0,0.0261359427,73.49479253
scitail@s0__trec@s0,scitail@s0,trec@s0,encoder.layer.11.attention.self.query,768,0.01391478359,77.51142632,0,0.01391478359,77.51142632
scitail@s0__trec@s0,scitail@s0,trec@s0,encoder.layer.11.attention.self.value,768,0.02313312796,74.11724315,0,0.02313312796,74.11724315
scitail@s0__trec@s0,scitail@s0,trec@s0,encoder.layer.11.intermediate.dense,3072,0.003208799545,83.48418914,0,0.003208799545,83.48418914
scitail@s0__trec@s0,scitail@s0,trec@s0,encoder.layer.11.output.dense,768,0.04111189879,68.97387819,0,0.04111189879,68.97387819
scitail@s0__trec@s0,scitail@s0,trec@s0,encoder.layer.2.attention.output.dense,768,0.009810980948,80.34944166,0,0.009810980948,80.34944166
scitail@s0__trec@s0,scitail@s0,trec@s0,encoder.layer.2.attention.self.key,768,0.02165736818,75.45787149,0,0.02165736818,75.45787149
scitail@s0__trec@s0,scitail@s0,trec@s0,encoder.layer.2.attention.self.query,768,0.02490903438,71.99707799,0,0.02490903438,71.99707799
scitail@s0__trec@s0,scitail@s0,trec@s0,encoder.layer.2.attention.self.value,768,0.01729743369,77.94073871,0,0.01729743369,77.94073871
scitail@s0__trec@s0,scitail@s0,trec@s0,encoder.layer.2.intermediate.dense,3072,0.003555287794,84.67247729,0,0.003555287794,84.67247729
scitail@s0__trec@s0,scitail@s0,trec@s0,encoder.layer.2.output.dense,768,0.01818490916,75.68825096,0,0.01818490916,75.68825096
scitail@s0__trec@s0,scitail@s0,trec@s0,encoder.layer.3.attention.output.dense,768,0.01318391902,77.73730781,0,0.01318391902,77.73730781
scitail@s0__trec@s0,scitail@s0,trec@s0,encoder.layer.3.attention.self.key,768,0.02550312106,74.5043736,0,0.02550312106,74.5043736
scitail@s0__trec@s0,scitail@s0,trec@s0,encoder.layer.3.attention.self.query,768,0.02149639314,74.48863825,0,0.02149639314,74.48863825
scitail@s0__trec@s0,scitail@s0,trec@s0,encoder.layer.3.attention.self.value,768,0.01373827165,79.17853175,0,0.01373827165,79.17853175
scitail@s0__trec@s0,scitail@s0,trec@s0,encoder.layer.3.intermediate.dense,3072,0.001440109652,86.29363441,0,0.001440109652,86.29363441
scitail@s0__trec@s0,scitail@s0,trec@s0,encoder.layer.3.output.dense,768,0.01436803988,78.6253248,0,0.01436803988,78.6253248
scitail@s0__trec@s0,scitail@s0,trec@s0,encoder.layer.4.attention.output.dense,768,0.01553697532,76.9841069,0,0.01553697532,76.9841069
scitail@s0__trec@s0,scitail@s0,trec@s0,encoder.layer.4.attention.self.key,768,0.008745752987,81.03473441,0,0.008745752987,81.03473441
scitail@s0__trec@s0,scitail@s0,trec@s0,encoder.layer.4.attention.self.query,768,0.01939557099,75.62554236,0,0.01939557099,75.62554236
scitail@s0__trec@s0,scitail@s0,trec@s0,encoder.layer.4.attention.self.value,768,0.01061391576,79.9141951,0,0.01061391576,79.9141951
scitail@s0__trec@s0,scitail@s0,trec@s0,encoder.layer.4.intermediate.dense,3072,0.003977915946,82.67625936,0,0.003977915946,82.67625936
scitail@s0__trec@s0,scitail@s0,trec@s0,encoder.layer.4.output.dense,768,0.01483618192,78.00327442,0,0.01483618192,78.00327442
scitail@s0__trec@s0,scitail@s0,trec@s0,encoder.layer.5.attention.output.dense,768,0.01040309574,80.5373233,0,0.01040309574,80.5373233
scitail@s0__trec@s0,scitail@s0,trec@s0,encoder.layer.5.attention.self.key,768,0.02526515906,73.49576715,0,0.02526515906,73.49576715
scitail@s0__trec@s0,scitail@s0,trec@s0,encoder.layer.5.attention.self.query,768,0.01585483676,76.5779094,0,0.01585483676,76.5779094
scitail@s0__trec@s0,scitail@s0,trec@s0,encoder.layer.5.attention.self.value,768,0.01632352751,78.01290809,0,0.01632352751,78.01290809
scitail@s0__trec@s0,scitail@s0,trec@s0,encoder.layer.5.intermediate.dense,3072,0.003103465197,84.07993674,0,0.003103465197,84.07993674
scitail@s0__trec@s0,scitail@s0,trec@s0,encoder.layer.5.output.dense,768,0.01289648174,77.89240129,0,0.01289648174,77.89240129
scitail@s0__trec@s0,scitail@s0,trec@s0,encoder.layer.6.attention.output.dense,768,0.01356050263,77.1718943,0,0.01356050263,77.1718943
scitail@s0__trec@s0,scitail@s0,trec@s0,encoder.layer.6.attention.self.key,768,0.02227146792,76.04743706,0,0.02227146792,76.04743706
scitail@s0__trec@s0,scitail@s0,trec@s0,encoder.layer.6.attention.self.query,768,0.01576408836,78.67948775,0,0.01576408836,78.67948775
scitail@s0__trec@s0,scitail@s0,trec@s0,encoder.layer.6.attention.self.value,768,0.01494441594,76.27037018,0,0.01494441594,76.27037018
scitail@s0__trec@s0,scitail@s0,trec@s0,encoder.layer.6.intermediate.dense,3072,0.002740101824,84.58964068,0,0.002740101824,84.58964068
scitail@s0__trec@s0,scitail@s0,trec@s0,encoder.layer.6.output.dense,768,0.01498373954,76.28564835,0,0.01498373954,76.28564835
scitail@s0__trec@s0,scitail@s0,trec@s0,encoder.layer.7.attention.output.dense,768,0.01925361913,76.14986901,0,0.01925361913,76.14986901
scitail@s0__trec@s0,scitail@s0,trec@s0,encoder.layer.7.attention.self.key,768,0.01835006334,75.36998734,0,0.01835006334,75.36998734
scitail@s0__trec@s0,scitail@s0,trec@s0,encoder.layer.7.attention.self.query,768,0.01916747572,74.44154056,0,0.01916747572,74.44154056
scitail@s0__trec@s0,scitail@s0,trec@s0,encoder.layer.7.attention.self.value,768,0.01518126945,78.24686166,0,0.01518126945,78.24686166
scitail@s0__trec@s0,scitail@s0,trec@s0,encoder.layer.7.intermediate.dense,3072,0.003214630402,84.61747532,0,0.003214630402,84.61747532
scitail@s0__trec@s0,scitail@s0,trec@s0,encoder.layer.7.output.dense,768,0.01485404558,77.28961159,0,0.01485404558,77.28961159
scitail@s0__trec@s0,scitail@s0,trec@s0,encoder.layer.8.attention.output.dense,768,0.01710142533,78.07655452,0,0.01710142533,78.07655452
scitail@s0__trec@s0,scitail@s0,trec@s0,encoder.layer.8.attention.self.key,768,0.02051709457,76.14538847,0,0.02051709457,76.14538847
scitail@s0__trec@s0,scitail@s0,trec@s0,encoder.layer.8.attention.self.query,768,0.02237692542,75.35635624,0,0.02237692542,75.35635624
scitail@s0__trec@s0,scitail@s0,trec@s0,encoder.layer.8.attention.self.value,768,0.01458288443,77.86543843,0,0.01458288443,77.86543843
scitail@s0__trec@s0,scitail@s0,trec@s0,encoder.layer.8.intermediate.dense,3072,0.00281198455,84.80013862,0,0.00281198455,84.80013862
scitail@s0__trec@s0,scitail@s0,trec@s0,encoder.layer.8.output.dense,768,0.02013532982,75.78762602,0,0.02013532982,75.78762602
scitail@s0__trec@s0,scitail@s0,trec@s0,encoder.layer.9.attention.output.dense,768,0.02410428533,75.10610177,0,0.02410428533,75.10610177
scitail@s0__trec@s0,scitail@s0,trec@s0,encoder.layer.9.attention.self.key,768,0.0236018249,73.73536431,0,0.0236018249,73.73536431
scitail@s0__trec@s0,scitail@s0,trec@s0,encoder.layer.9.attention.self.query,768,0.02085907999,74.70566845,0,0.02085907999,74.70566845
scitail@s0__trec@s0,scitail@s0,trec@s0,encoder.layer.9.attention.self.value,768,0.01827142643,76.64879247,0,0.01827142643,76.64879247
scitail@s0__trec@s0,scitail@s0,trec@s0,encoder.layer.9.intermediate.dense,3072,0.003086196849,84.58506077,0,0.003086196849,84.58506077
scitail@s0__trec@s0,scitail@s0,trec@s0,encoder.layer.9.output.dense,768,0.02255449001,75.09107078,0,0.02255449001,75.09107078
scitail@s0__trec@s0,scitail@s0,trec@s0,pooler.dense,768,0.05702400865,53.72134262,0,0.05702400865,53.72134262
scitail@s0__yelp_polarity@s0,scitail@s0,yelp_polarity@s0,encoder.layer.0.attention.output.dense,768,0.01162315385,79.60932163,0,0.01162315385,79.60932163
scitail@s0__yelp_polarity@s0,scitail@s0,yelp_polarity@s0,encoder.layer.0.attention.self.key,768,0.01953488022,75.42005434,0,0.01953488022,75.42005434
scitail@s0__yelp_polarity@s0,scitail@s0,yelp_polarity@s0,encoder.layer.0.attention.self.query,768,0.02009464247,75.02731488,0,0.02009464247,75.02731488
scitail@s0__yelp_polarity@s0,scitail@s0,yelp_polarity@s0,encoder.layer.0.attention.self.value,768,0.01326334924,78.86077331,0,0.01326334924,78.86077331
scitail@s0__yelp_polarity@s0,scitail@s0,yelp_polarity@s0,encoder.layer.0.intermediate.dense,3072,0.002141344942,85.74506839,0,0.002141344942,85.74506839
scitail@s0__yelp_polarity@s0,scitail@s0,yelp_polarity@s0,encoder.layer.0.output.dense,768,0.01227685528,79.16984411,0,0.01227685528,79.16984411
scitail@s0__yelp_polarity@s0,scitail@s0,yelp_polarity@s0,encoder.layer.1.attention.output.dense,768,0.0125033026,78.27707788,0,0.0125033026,78.27707788
scitail@s0__yelp_polarity@s0,scitail@s0,yelp_polarity@s0,encoder.layer.1.attention.self.key,768,0.01442621545,77.41804359,0,0.01442621545,77.41804359
scitail@s0__yelp_polarity@s0,scitail@s0,yelp_polarity@s0,encoder.layer.1.attention.self.query,768,0.02158942188,76.63010965,0,0.02158942188,76.63010965
scitail@s0__yelp_polarity@s0,scitail@s0,yelp_polarity@s0,encoder.layer.1.attention.self.value,768,0.01547055753,76.29196943,0,0.01547055753,76.29196943
scitail@s0__yelp_polarity@s0,scitail@s0,yelp_polarity@s0,encoder.layer.1.intermediate.dense,3072,0.002509667923,84.92860672,0,0.002509667923,84.92860672
scitail@s0__yelp_polarity@s0,scitail@s0,yelp_polarity@s0,encoder.layer.1.output.dense,768,0.01321577101,78.86087342,0,0.01321577101,78.86087342
scitail@s0__yelp_polarity@s0,scitail@s0,yelp_polarity@s0,encoder.layer.10.attention.output.dense,768,0.02303107118,73.33199876,0,0.02303107118,73.33199876
scitail@s0__yelp_polarity@s0,scitail@s0,yelp_polarity@s0,encoder.layer.10.attention.self.key,768,0.01889674373,74.93203416,0,0.01889674373,74.93203416
scitail@s0__yelp_polarity@s0,scitail@s0,yelp_polarity@s0,encoder.layer.10.attention.self.query,768,0.01975936223,75.23784466,0,0.01975936223,75.23784466
scitail@s0__yelp_polarity@s0,scitail@s0,yelp_polarity@s0,encoder.layer.10.attention.self.value,768,0.0155024262,77.47797506,0,0.0155024262,77.47797506
scitail@s0__yelp_polarity@s0,scitail@s0,yelp_polarity@s0,encoder.layer.10.intermediate.dense,3072,0.003375189515,83.69767665,0,0.003375189515,83.69767665
scitail@s0__yelp_polarity@s0,scitail@s0,yelp_polarity@s0,encoder.layer.10.output.dense,768,0.02190590464,73.35406575,0,0.02190590464,73.35406575
scitail@s0__yelp_polarity@s0,scitail@s0,yelp_polarity@s0,encoder.layer.11.attention.output.dense,768,0.03610004239,67.31529887,0,0.03610004239,67.31529887
scitail@s0__yelp_polarity@s0,scitail@s0,yelp_polarity@s0,encoder.layer.11.attention.self.key,768,0.02142233261,72.25128814,0,0.02142233261,72.25128814
scitail@s0__yelp_polarity@s0,scitail@s0,yelp_polarity@s0,encoder.layer.11.attention.self.query,768,0.01837600864,76.80702477,0,0.01837600864,76.80702477
scitail@s0__yelp_polarity@s0,scitail@s0,yelp_polarity@s0,encoder.layer.11.attention.self.value,768,0.02469266259,74.16372851,0,0.02469266259,74.16372851
scitail@s0__yelp_polarity@s0,scitail@s0,yelp_polarity@s0,encoder.layer.11.intermediate.dense,3072,0.003755460033,84.15272322,0,0.003755460033,84.15272322
scitail@s0__yelp_polarity@s0,scitail@s0,yelp_polarity@s0,encoder.layer.11.output.dense,768,0.0381966902,66.80203856,0,0.0381966902,66.80203856
scitail@s0__yelp_polarity@s0,scitail@s0,yelp_polarity@s0,encoder.layer.2.attention.output.dense,768,0.0149570833,76.91467531,0,0.0149570833,76.91467531
scitail@s0__yelp_polarity@s0,scitail@s0,yelp_polarity@s0,encoder.layer.2.attention.self.key,768,0.01667276582,76.92273157,0,0.01667276582,76.92273157
scitail@s0__yelp_polarity@s0,scitail@s0,yelp_polarity@s0,encoder.layer.2.attention.self.query,768,0.01847648202,77.27711883,0,0.01847648202,77.27711883
scitail@s0__yelp_polarity@s0,scitail@s0,yelp_polarity@s0,encoder.layer.2.attention.self.value,768,0.01568842348,77.07569428,0,0.01568842348,77.07569428
scitail@s0__yelp_polarity@s0,scitail@s0,yelp_polarity@s0,encoder.layer.2.intermediate.dense,3072,0.003292518052,83.74596713,0,0.003292518052,83.74596713
scitail@s0__yelp_polarity@s0,scitail@s0,yelp_polarity@s0,encoder.layer.2.output.dense,768,0.0168832358,76.37855488,0,0.0168832358,76.37855488
scitail@s0__yelp_polarity@s0,scitail@s0,yelp_polarity@s0,encoder.layer.3.attention.output.dense,768,0.01257445528,79.99438364,0,0.01257445528,79.99438364
scitail@s0__yelp_polarity@s0,scitail@s0,yelp_polarity@s0,encoder.layer.3.attention.self.key,768,0.01388507822,78.38592579,0,0.01388507822,78.38592579
scitail@s0__yelp_polarity@s0,scitail@s0,yelp_polarity@s0,encoder.layer.3.attention.self.query,768,0.0126289404,79.01840696,0,0.0126289404,79.01840696
scitail@s0__yelp_polarity@s0,scitail@s0,yelp_polarity@s0,encoder.layer.3.attention.self.value,768,0.01426945525,78.74039341,0,0.01426945525,78.74039341
scitail@s0__yelp_polarity@s0,scitail@s0,yelp_polarity@s0,encoder.layer.3.intermediate.dense,3072,0.00273775167,84.03822092,0,0.00273775167,84.03822092
scitail@s0__yelp_polarity@s0,scitail@s0,yelp_polarity@s0,encoder.layer.3.output.dense,768,0.01484887601,78.29265072,0,0.01484887601,78.29265072
scitail@s0__yelp_polarity@s0,scitail@s0,yelp_polarity@s0,encoder.layer.4.attention.output.dense,768,0.01555912144,77.98811826,0,0.01555912144,77.98811826
scitail@s0__yelp_polarity@s0,scitail@s0,yelp_polarity@s0,encoder.layer.4.attention.self.key,768,0.01458220061,78.09845158,0,0.01458220061,78.09845158
scitail@s0__yelp_polarity@s0,scitail@s0,yelp_polarity@s0,encoder.layer.4.attention.self.query,768,0.01279544681,78.49832231,0,0.01279544681,78.49832231
scitail@s0__yelp_polarity@s0,scitail@s0,yelp_polarity@s0,encoder.layer.4.attention.self.value,768,0.01304416429,77.61518751,0,0.01304416429,77.61518751
scitail@s0__yelp_polarity@s0,scitail@s0,yelp_polarity@s0,encoder.layer.4.intermediate.dense,3072,0.003846383381,82.8988631,0,0.003846383381,82.8988631
scitail@s0__yelp_polarity@s0,scitail@s0,yelp_polarity@s0,encoder.layer.4.output.dense,768,0.01302145367,78.580695,0,0.01302145367,78.580695
scitail@s0__yelp_polarity@s0,scitail@s0,yelp_polarity@s0,encoder.layer.5.attention.output.dense,768,0.01873308081,77.02477524,0,0.01873308081,77.02477524
scitail@s0__yelp_polarity@s0,scitail@s0,yelp_polarity@s0,encoder.layer.5.attention.self.key,768,0.01886275717,75.39318751,0,0.01886275717,75.39318751
scitail@s0__yelp_polarity@s0,scitail@s0,yelp_polarity@s0,encoder.layer.5.attention.self.query,768,0.01532782828,77.01701846,0,0.01532782828,77.01701846
scitail@s0__yelp_polarity@s0,scitail@s0,yelp_polarity@s0,encoder.layer.5.attention.self.value,768,0.01696709835,76.64000621,0,0.01696709835,76.64000621
scitail@s0__yelp_polarity@s0,scitail@s0,yelp_polarity@s0,encoder.layer.5.intermediate.dense,3072,0.002826994891,84.67990412,0,0.002826994891,84.67990412
scitail@s0__yelp_polarity@s0,scitail@s0,yelp_polarity@s0,encoder.layer.5.output.dense,768,0.01200683932,78.80676889,0,0.01200683932,78.80676889
scitail@s0__yelp_polarity@s0,scitail@s0,yelp_polarity@s0,encoder.layer.6.attention.output.dense,768,0.0137212654,77.74134304,0,0.0137212654,77.74134304
scitail@s0__yelp_polarity@s0,scitail@s0,yelp_polarity@s0,encoder.layer.6.attention.self.key,768,0.01887393583,75.66525502,0,0.01887393583,75.66525502
scitail@s0__yelp_polarity@s0,scitail@s0,yelp_polarity@s0,encoder.layer.6.attention.self.query,768,0.01192984748,78.64752132,0,0.01192984748,78.64752132
scitail@s0__yelp_polarity@s0,scitail@s0,yelp_polarity@s0,encoder.layer.6.attention.self.value,768,0.008435054174,80.7221412,0,0.008435054174,80.7221412
scitail@s0__yelp_polarity@s0,scitail@s0,yelp_polarity@s0,encoder.layer.6.intermediate.dense,3072,0.002961641469,85.09667214,0,0.002961641469,85.09667214
scitail@s0__yelp_polarity@s0,scitail@s0,yelp_polarity@s0,encoder.layer.6.output.dense,768,0.01663047019,77.75459493,0,0.01663047019,77.75459493
scitail@s0__yelp_polarity@s0,scitail@s0,yelp_polarity@s0,encoder.layer.7.attention.output.dense,768,0.01881695066,75.62738321,0,0.01881695066,75.62738321
scitail@s0__yelp_polarity@s0,scitail@s0,yelp_polarity@s0,encoder.layer.7.attention.self.key,768,0.01331531382,78.65475032,0,0.01331531382,78.65475032
scitail@s0__yelp_polarity@s0,scitail@s0,yelp_polarity@s0,encoder.layer.7.attention.self.query,768,0.01442981333,77.6606181,0,0.01442981333,77.6606181
scitail@s0__yelp_polarity@s0,scitail@s0,yelp_polarity@s0,encoder.layer.7.attention.self.value,768,0.01415915229,77.81007772,0,0.01415915229,77.81007772
scitail@s0__yelp_polarity@s0,scitail@s0,yelp_polarity@s0,encoder.layer.7.intermediate.dense,3072,0.003526087311,83.56140284,0,0.003526087311,83.56140284
scitail@s0__yelp_polarity@s0,scitail@s0,yelp_polarity@s0,encoder.layer.7.output.dense,768,0.01554603283,77.53741999,0,0.01554603283,77.53741999
scitail@s0__yelp_polarity@s0,scitail@s0,yelp_polarity@s0,encoder.layer.8.attention.output.dense,768,0.01645422917,75.77762709,0,0.01645422917,75.77762709
scitail@s0__yelp_polarity@s0,scitail@s0,yelp_polarity@s0,encoder.layer.8.attention.self.key,768,0.01600962218,78.43160346,0,0.01600962218,78.43160346
scitail@s0__yelp_polarity@s0,scitail@s0,yelp_polarity@s0,encoder.layer.8.attention.self.query,768,0.01871351342,75.78303572,0,0.01871351342,75.78303572
scitail@s0__yelp_polarity@s0,scitail@s0,yelp_polarity@s0,encoder.layer.8.attention.self.value,768,0.01308103495,78.35715977,0,0.01308103495,78.35715977
scitail@s0__yelp_polarity@s0,scitail@s0,yelp_polarity@s0,encoder.layer.8.intermediate.dense,3072,0.002968660223,84.4990005,0,0.002968660223,84.4990005
scitail@s0__yelp_polarity@s0,scitail@s0,yelp_polarity@s0,encoder.layer.8.output.dense,768,0.01745332787,76.29430955,0,0.01745332787,76.29430955
scitail@s0__yelp_polarity@s0,scitail@s0,yelp_polarity@s0,encoder.layer.9.attention.output.dense,768,0.01691229841,75.17961587,0,0.01691229841,75.17961587
scitail@s0__yelp_polarity@s0,scitail@s0,yelp_polarity@s0,encoder.layer.9.attention.self.key,768,0.01935562887,75.94041044,0,0.01935562887,75.94041044
scitail@s0__yelp_polarity@s0,scitail@s0,yelp_polarity@s0,encoder.layer.9.attention.self.query,768,0.01840268928,76.79597974,0,0.01840268928,76.79597974
scitail@s0__yelp_polarity@s0,scitail@s0,yelp_polarity@s0,encoder.layer.9.attention.self.value,768,0.01445592632,77.48663033,0,0.01445592632,77.48663033
scitail@s0__yelp_polarity@s0,scitail@s0,yelp_polarity@s0,encoder.layer.9.intermediate.dense,3072,0.002364530983,85.35456395,0,0.002364530983,85.35456395
scitail@s0__yelp_polarity@s0,scitail@s0,yelp_polarity@s0,encoder.layer.9.output.dense,768,0.01989831567,77.77671596,0,0.01989831567,77.77671596
scitail@s0__yelp_polarity@s0,scitail@s0,yelp_polarity@s0,pooler.dense,768,0.06708099307,61.71034493,0,0.06708099307,61.71034493
ag_news@s0__imdb@s0,ag_news@s0,imdb@s0,encoder.layer.0.attention.output.dense,768,0.01213882423,79.20316258,0,0.01213882423,79.20316258
ag_news@s0__imdb@s0,ag_news@s0,imdb@s0,encoder.layer.0.attention.self.key,768,0.02026769514,75.2561795,0,0.02026769514,75.2561795
ag_news@s0__imdb@s0,ag_news@s0,imdb@s0,encoder.layer.0.attention.self.query,768,0.01546015064,78.47543911,0,0.01546015064,78.47543911
ag_news@s0__imdb@s0,ag_news@s0,imdb@s0,encoder.layer.0.attention.self.value,768,0.01715959953,76.76585913,0,0.01715959953,76.76585913
ag_news@s0__imdb@s0,ag_news@s0,imdb@s0,encoder.layer.0.intermediate.dense,3072,0.002937191386,84.59585022,0,0.002937191386,84.59585022
ag_news@s0__imdb@s0,ag_news@s0,imdb@s0,encoder.layer.0.output.dense,768,0.01353936287,77.49958467,0,0.01353936287,77.49958467
ag_news@s0__imdb@s0,ag_news@s0,imdb@s0,encoder.layer.1.attention.output.dense,768,0.01187299333,77.63139992,0,0.01187299333,77.63139992
ag_news@s0__imdb@s0,ag_news@s0,imdb@s0,encoder.layer.1.attention.self.key,768,0.01993154038,76.69924916,0,0.01993154038,76.69924916
ag_news@s0__imdb@s0,ag_news@s0,imdb@s0,encoder.layer.1.attention.self.query,768,0.01950529382,74.59514962,0,0.01950529382,74.59514962
ag_news@s0__imdb@s0,ag_news@s0,imdb@s0,encoder.layer.1.attention.self.value,768,0.01505473406,78.29567147,0,0.01505473406,78.29567147
ag_news@s0__imdb@s0,ag_news@s0,imdb@s0,encoder.layer.1.intermediate.dense,3072,0.002536868664,84.72878397,0,0.002536868664,84.72878397
ag_news@s0__imdb@s0,ag_news@s0,imdb@s0,encoder.layer.1.output.dense,768,0.01413947691,79.04946359,0,0.01413947691,79.04946359
ag_news@s0__imdb@s0,ag_news@s0,imdb@s0,encoder.layer.10.attention.output.dense,768,0.02112544538,74.69459649,0,0.02112544538,74.69459649
ag_news@s0__imdb@s0,ag_news@s0,imdb@s0,encoder.layer.10.attention.self.key,768,0.0231333308,73.2224039,0,0.0231333308,73.2224039
ag_news@s0__imdb@s0,ag_news@s0,imdb@s0,encoder.layer.10.attention.self.query,768,0.01978611688,76.14906076,0,0.01978611688,76.14906076
ag_news@s0__imdb@s0,ag_news@s0,imdb@s0,encoder.layer.10.attention.self.value,768,0.01481650373,78.66155908,0,0.01481650373,78.66155908
ag_news@s0__imdb@s0,ag_news@s0,imdb@s0,encoder.layer.10.intermediate.dense,3072,0.003091949431,84.47696831,0,0.003091949431,84.47696831
ag_news@s0__imdb@s0,ag_news@s0,imdb@s0,encoder.layer.10.output.dense,768,0.02353955045,76.33281706,0,0.02353955045,76.33281706
ag_news@s0__imdb@s0,ag_news@s0,imdb@s0,encoder.layer.11.attention.output.dense,768,0.04810740877,67.46327568,0,0.04810740877,67.46327568
ag_news@s0__imdb@s0,ag_news@s0,imdb@s0,encoder.layer.11.attention.self.key,768,0.01855268493,77.65255024,0,0.01855268493,77.65255024
ag_news@s0__imdb@s0,ag_news@s0,imdb@s0,encoder.layer.11.attention.self.query,768,0.01859635795,76.01813741,0,0.01859635795,76.01813741
ag_news@s0__imdb@s0,ag_news@s0,imdb@s0,encoder.layer.11.attention.self.value,768,0.03017010741,68.26591687,0,0.03017010741,68.26591687
ag_news@s0__imdb@s0,ag_news@s0,imdb@s0,encoder.layer.11.intermediate.dense,3072,0.0041694234,82.87328503,0,0.0041694234,82.87328503
ag_news@s0__imdb@s0,ag_news@s0,imdb@s0,encoder.layer.11.output.dense,768,0.06860599318,56.95937403,0,0.06860599318,56.95937403
ag_news@s0__imdb@s0,ag_news@s0,imdb@s0,encoder.layer.2.attention.output.dense,768,0.01124733671,79.21223087,0,0.01124733671,79.21223087
ag_news@s0__imdb@s0,ag_news@s0,imdb@s0,encoder.layer.2.attention.self.key,768,0.02240145577,72.82802284,0,0.02240145577,72.82802284
ag_news@s0__imdb@s0,ag_news@s0,imdb@s0,encoder.layer.2.attention.self.query,768,0.01810703948,77.53579683,0,0.01810703948,77.53579683
ag_news@s0__imdb@s0,ag_news@s0,imdb@s0,encoder.layer.2.attention.self.value,768,0.01665195679,78.33754267,0,0.01665195679,78.33754267
ag_news@s0__imdb@s0,ag_news@s0,imdb@s0,encoder.layer.2.intermediate.dense,3072,0.003553574361,84.38832071,0,0.003553574361,84.38832071
ag_news@s0__imdb@s0,ag_news@s0,imdb@s0,encoder.layer.2.output.dense,768,0.01636009683,78.16060798,0,0.01636009683,78.16060798
ag_news@s0__imdb@s0,ag_news@s0,imdb@s0,encoder.layer.3.attention.output.dense,768,0.01943832672,77.02794195,0,0.01943832672,77.02794195
ag_news@s0__imdb@s0,ag_news@s0,imdb@s0,encoder.layer.3.attention.self.key,768,0.01663111445,77.24140602,0,0.01663111445,77.24140602
ag_news@s0__imdb@s0,ag_news@s0,imdb@s0,encoder.layer.3.attention.self.query,768,0.01647063017,77.09063082,0,0.01647063017,77.09063082
ag_news@s0__imdb@s0,ag_news@s0,imdb@s0,encoder.layer.3.attention.self.value,768,0.01223238098,80.10062624,0,0.01223238098,80.10062624
ag_news@s0__imdb@s0,ag_news@s0,imdb@s0,encoder.layer.3.intermediate.dense,3072,0.003519877136,84.35183661,0,0.003519877136,84.35183661
ag_news@s0__imdb@s0,ag_news@s0,imdb@s0,encoder.layer.3.output.dense,768,0.01394166685,76.45832066,0,0.01394166685,76.45832066
ag_news@s0__imdb@s0,ag_news@s0,imdb@s0,encoder.layer.4.attention.output.dense,768,0.01669571004,77.46101256,0,0.01669571004,77.46101256
ag_news@s0__imdb@s0,ag_news@s0,imdb@s0,encoder.layer.4.attention.self.key,768,0.01383743407,78.5892457,0,0.01383743407,78.5892457
ag_news@s0__imdb@s0,ag_news@s0,imdb@s0,encoder.layer.4.attention.self.query,768,0.01315888197,78.46242174,0,0.01315888197,78.46242174
ag_news@s0__imdb@s0,ag_news@s0,imdb@s0,encoder.layer.4.attention.self.value,768,0.01923135708,76.21079415,0,0.01923135708,76.21079415
ag_news@s0__imdb@s0,ag_news@s0,imdb@s0,encoder.layer.4.intermediate.dense,3072,0.002720108481,84.85905448,0,0.002720108481,84.85905448
ag_news@s0__imdb@s0,ag_news@s0,imdb@s0,encoder.layer.4.output.dense,768,0.01202650218,77.09204637,0,0.01202650218,77.09204637
ag_news@s0__imdb@s0,ag_news@s0,imdb@s0,encoder.layer.5.attention.output.dense,768,0.01342546874,77.4589805,0,0.01342546874,77.4589805
ag_news@s0__imdb@s0,ag_news@s0,imdb@s0,encoder.layer.5.attention.self.key,768,0.01735154105,77.37137747,0,0.01735154105,77.37137747
ag_news@s0__imdb@s0,ag_news@s0,imdb@s0,encoder.layer.5.attention.self.query,768,0.02441398503,73.62067178,0,0.02441398503,73.62067178
ag_news@s0__imdb@s0,ag_news@s0,imdb@s0,encoder.layer.5.attention.self.value,768,0.01671722526,78.33330907,0,0.01671722526,78.33330907
ag_news@s0__imdb@s0,ag_news@s0,imdb@s0,encoder.layer.5.intermediate.dense,3072,0.003072182371,84.51631304,0,0.003072182371,84.51631304
ag_news@s0__imdb@s0,ag_news@s0,imdb@s0,encoder.layer.5.output.dense,768,0.01652843495,76.02584035,0,0.01652843495,76.02584035
ag_news@s0__imdb@s0,ag_news@s0,imdb@s0,encoder.layer.6.attention.output.dense,768,0.01233139128,79.31633993,0,0.01233139128,79.31633993
ag_news@s0__imdb@s0,ag_news@s0,imdb@s0,encoder.layer.6.attention.self.key,768,0.01669988848,77.51787425,0,0.01669988848,77.51787425
ag_news@s0__imdb@s0,ag_news@s0,imdb@s0,encoder.layer.6.attention.self.query,768,0.02326875016,74.44675906,0,0.02326875016,74.44675906
ag_news@s0__imdb@s0,ag_news@s0,imdb@s0,encoder.layer.6.attention.self.value,768,0.0118703068,79.97034705,0,0.0118703068,79.97034705
ag_news@s0__imdb@s0,ag_news@s0,imdb@s0,encoder.layer.6.intermediate.dense,3072,0.002268375397,85.39112089,0,0.002268375397,85.39112089
ag_news@s0__imdb@s0,ag_news@s0,imdb@s0,encoder.layer.6.output.dense,768,0.01425644125,78.45711541,0,0.01425644125,78.45711541
ag_news@s0__imdb@s0,ag_news@s0,imdb@s0,encoder.layer.7.attention.output.dense,768,0.0154778423,77.67547956,0,0.0154778423,77.67547956
ag_news@s0__imdb@s0,ag_news@s0,imdb@s0,encoder.layer.7.attention.self.key,768,0.02228070338,75.91413119,0,0.02228070338,75.91413119
ag_news@s0__imdb@s0,ag_news@s0,imdb@s0,encoder.layer.7.attention.self.query,768,0.016514347,77.68347628,0,0.016514347,77.68347628
ag_news@s0__imdb@s0,ag_news@s0,imdb@s0,encoder.layer.7.attention.self.value,768,0.009730497912,79.92921855,0,0.009730497912,79.92921855
ag_news@s0__imdb@s0,ag_news@s0,imdb@s0,encoder.layer.7.intermediate.dense,3072,0.002418378673,84.59180441,0,0.002418378673,84.59180441
ag_news@s0__imdb@s0,ag_news@s0,imdb@s0,encoder.layer.7.output.dense,768,0.01928077063,74.98491951,0,0.01928077063,74.98491951
ag_news@s0__imdb@s0,ag_news@s0,imdb@s0,encoder.layer.8.attention.output.dense,768,0.02377187477,73.63274128,0,0.02377187477,73.63274128
ag_news@s0__imdb@s0,ag_news@s0,imdb@s0,encoder.layer.8.attention.self.key,768,0.01889752973,75.19481276,0,0.01889752973,75.19481276
ag_news@s0__imdb@s0,ag_news@s0,imdb@s0,encoder.layer.8.attention.self.query,768,0.01220394933,79.45206722,0,0.01220394933,79.45206722
ag_news@s0__imdb@s0,ag_news@s0,imdb@s0,encoder.layer.8.attention.self.value,768,0.01058634446,81.17843022,0,0.01058634446,81.17843022
ag_news@s0__imdb@s0,ag_news@s0,imdb@s0,encoder.layer.8.intermediate.dense,3072,0.002725588429,84.04356619,0,0.002725588429,84.04356619
ag_news@s0__imdb@s0,ag_news@s0,imdb@s0,encoder.layer.8.output.dense,768,0.02437866065,74.5517902,0,0.02437866065,74.5517902
ag_news@s0__imdb@s0,ag_news@s0,imdb@s0,encoder.layer.9.attention.output.dense,768,0.02021160661,74.43710617,0,0.02021160661,74.43710617
ag_news@s0__imdb@s0,ag_news@s0,imdb@s0,encoder.layer.9.attention.self.key,768,0.01832247777,78.28537,0,0.01832247777,78.28537
ag_news@s0__imdb@s0,ag_news@s0,imdb@s0,encoder.layer.9.attention.self.query,768,0.01980462007,76.86656575,0,0.01980462007,76.86656575
ag_news@s0__imdb@s0,ag_news@s0,imdb@s0,encoder.layer.9.attention.self.value,768,0.01839605626,75.48130034,0,0.01839605626,75.48130034
ag_news@s0__imdb@s0,ag_news@s0,imdb@s0,encoder.layer.9.intermediate.dense,3072,0.004072615956,83.06823864,0,0.004072615956,83.06823864
ag_news@s0__imdb@s0,ag_news@s0,imdb@s0,encoder.layer.9.output.dense,768,0.02049084908,75.33265792,0,0.02049084908,75.33265792
ag_news@s0__imdb@s0,ag_news@s0,imdb@s0,pooler.dense,768,0.06176843536,58.70237047,0,0.06176843536,58.70237047
ag_news@s0__trec@s0,ag_news@s0,trec@s0,encoder.layer.0.attention.output.dense,768,0.01720070438,76.20047387,0,0.01720070438,76.20047387
ag_news@s0__trec@s0,ag_news@s0,trec@s0,encoder.layer.0.attention.self.key,768,0.015450031,75.38245982,0,0.015450031,75.38245982
ag_news@s0__trec@s0,ag_news@s0,trec@s0,encoder.layer.0.attention.self.query,768,0.01444584224,78.06774362,0,0.01444584224,78.06774362
ag_news@s0__trec@s0,ag_news@s0,trec@s0,encoder.layer.0.attention.self.value,768,0.01753213996,76.43324961,0,0.01753213996,76.43324961
ag_news@s0__trec@s0,ag_news@s0,trec@s0,encoder.layer.0.intermediate.dense,3072,0.003501704657,84.35919243,0,0.003501704657,84.35919243
ag_news@s0__trec@s0,ag_news@s0,trec@s0,encoder.layer.0.output.dense,768,0.01574458328,77.44159048,0,0.01574458328,77.44159048
ag_news@s0__trec@s0,ag_news@s0,trec@s0,encoder.layer.1.attention.output.dense,768,0.01281921094,78.73896688,0,0.01281921094,78.73896688
ag_news@s0__trec@s0,ag_news@s0,trec@s0,encoder.layer.1.attention.self.key,768,0.01571323295,76.71561708,0,0.01571323295,76.71561708
ag_news@s0__trec@s0,ag_news@s0,trec@s0,encoder.layer.1.attention.self.query,768,0.02240024107,73.45053404,0,0.02240024107,73.45053404
ag_news@s0__trec@s0,ag_news@s0,trec@s0,encoder.layer.1.attention.self.value,768,0.01685687565,78.63557095,0,0.01685687565,78.63557095
ag_news@s0__trec@s0,ag_news@s0,trec@s0,encoder.layer.1.intermediate.dense,3072,0.0026427398,84.75460916,0,0.0026427398,84.75460916
ag_news@s0__trec@s0,ag_news@s0,trec@s0,encoder.layer.1.output.dense,768,0.009812967766,80.27482053,0,0.009812967766,80.27482053
ag_news@s0__trec@s0,ag_news@s0,trec@s0,encoder.layer.10.attention.output.dense,768,0.03793983381,68.50515138,0,0.03793983381,68.50515138
ag_news@s0__trec@s0,ag_news@s0,trec@s0,encoder.layer.10.attention.self.key,768,0.01870409814,75.29742427,0,0.01870409814,75.29742427
ag_news@s0__trec@s0,ag_news@s0,trec@s0,encoder.layer.10.attention.self.query,768,0.01811026681,77.99519589,0,0.01811026681,77.99519589
ag_news@s0__trec@s0,ag_news@s0,trec@s0,encoder.layer.10.attention.self.value,768,0.02057797996,75.17171005,0,0.02057797996,75.17171005
ag_news@s0__trec@s0,ag_news@s0,trec@s0,encoder.layer.10.intermediate.dense,3072,0.003168904002,84.15621154,0,0.003168904002,84.15621154
ag_news@s0__trec@s0,ag_news@s0,trec@s0,encoder.layer.10.output.dense,768,0.02517829461,75.05975716,0,0.02517829461,75.05975716
ag_news@s0__trec@s0,ag_news@s0,trec@s0,encoder.layer.11.attention.output.dense,768,0.0539788393,63.04256828,0,0.0539788393,63.04256828
ag_news@s0__trec@s0,ag_news@s0,trec@s0,encoder.layer.11.attention.self.key,768,0.01889075671,74.20838995,0,0.01889075671,74.20838995
ag_news@s0__trec@s0,ag_news@s0,trec@s0,encoder.layer.11.attention.self.query,768,0.01654982197,77.96477626,0,0.01654982197,77.96477626
ag_news@s0__trec@s0,ag_news@s0,trec@s0,encoder.layer.11.attention.self.value,768,0.03478263901,68.33933165,0,0.03478263901,68.33933165
ag_news@s0__trec@s0,ag_news@s0,trec@s0,encoder.layer.11.intermediate.dense,3072,0.002933315492,84.68272784,0,0.002933315492,84.68272784
ag_news@s0__trec@s0,ag_news@s0,trec@s0,encoder.layer.11.output.dense,768,0.05863296706,65.50674743,0,0.05863296706,65.50674743
ag_news@s0__trec@s0,ag_news@s0,trec@s0,encoder.layer.2.attention.output.dense,768,0.01479791021,77.94154797,0,0.01479791021,77.94154797
ag_news@s0__trec@s0,ag_news@s0,trec@s0,encoder.layer.2.attention.self.key,768,0.01760793774,76.05994603,0,0.01760793774,76.05994603
ag_news@s0__trec@s0,ag_news@s0,trec@s0,encoder.layer.2.attention.self.query,768,0.01517714146,76.50909552,0,0.01517714146,76.50909552
ag_news@s0__trec@s0,ag_news@s0,trec@s0,encoder.layer.2.attention.self.value,768,0.01494105607,78.82134464,0,0.01494105607,78.82134464
ag_news@s0__trec@s0,ag_news@s0,trec@s0,encoder.layer.2.intermediate.dense,3072,0.002523583296,84.94130795,0,0.002523583296,84.94130795
ag_news@s0__trec@s0,ag_news@s0,trec@s0,encoder.layer.2.output.dense,768,0.0199783999,75.27079671,0,0.0199783999,75.27079671
ag_news@s0__trec@s0,ag_news@s0,trec@s0,encoder.layer.3.attention.output.dense,768,0.01248410497,79.59512473,0,0.01248410497,79.59512473
ag_news@s0__trec@s0,ag_news@s0,trec@s0,encoder.layer.3.attention.self.key,768,0.01274440977,77.67917953,0,0.01274440977,77.67917953
ag_news@s0__trec@s0,ag_news@s0,trec@s0,encoder.layer.3.attention.self.query,768,0.02283247955,73.03169867,0,0.02283247955,73.03169867
ag_news@s0__trec@s0,ag_news@s0,trec@s0,encoder.layer.3.attention.self.value,768,0.02033377905,74.56365881,0,0.02033377905,74.56365881
ag_news@s0__trec@s0,ag_news@s0,trec@s0,encoder.layer.3.intermediate.dense,3072,0.002819125245,84.41581317,0,0.002819125245,84.41581317
ag_news@s0__trec@s0,ag_news@s0,trec@s0,encoder.layer.3.output.dense,768,0.02043196267,75.7721307,0,0.02043196267,75.7721307
ag_news@s0__trec@s0,ag_news@s0,trec@s0,encoder.layer.4.attention.output.dense,768,0.00766365747,81.90861038,0,0.00766365747,81.90861038
ag_news@s0__trec@s0,ag_news@s0,trec@s0,encoder.layer.4.attention.self.key,768,0.01969822465,76.30294947,0,0.01969822465,76.30294947
ag_news@s0__trec@s0,ag_news@s0,trec@s0,encoder.layer.4.attention.self.query,768,0.01439348209,78.63273813,0,0.01439348209,78.63273813
ag_news@s0__trec@s0,ag_news@s0,trec@s0,encoder.layer.4.attention.self.value,768,0.01537470778,77.40817997,0,0.01537470778,77.40817997
ag_news@s0__trec@s0,ag_news@s0,trec@s0,encoder.layer.4.intermediate.dense,3072,0.002639504224,85.38403552,0,0.002639504224,85.38403552
ag_news@s0__trec@s0,ag_news@s0,trec@s0,encoder.layer.4.output.dense,768,0.01196596744,79.08337838,0,0.01196596744,79.08337838
ag_news@s0__trec@s0,ag_news@s0,trec@s0,encoder.layer.5.attention.output.dense,768,0.01657541196,76.24857379,0,0.01657541196,76.24857379
ag_news@s0__trec@s0,ag_news@s0,trec@s0,encoder.layer.5.attention.self.key,768,0.01301020473,76.99123048,0,0.01301020473,76.99123048
ag_news@s0__trec@s0,ag_news@s0,trec@s0,encoder.layer.5.attention.self.query,768,0.01822827148,76.40191214,0,0.01822827148,76.40191214
ag_news@s0__trec@s0,ag_news@s0,trec@s0,encoder.layer.5.attention.self.value,768,0.009562986787,79.8957761,0,0.009562986787,79.8957761
ag_news@s0__trec@s0,ag_news@s0,trec@s0,encoder.layer.5.intermediate.dense,3072,0.003242775785,84.77163143,0,0.003242775785,84.77163143
ag_news@s0__trec@s0,ag_news@s0,trec@s0,encoder.layer.5.output.dense,768,0.01302195278,79.36377359,0,0.01302195278,79.36377359
ag_news@s0__trec@s0,ag_news@s0,trec@s0,encoder.layer.6.attention.output.dense,768,0.01870563631,76.72239085,0,0.01870563631,76.72239085
ag_news@s0__trec@s0,ag_news@s0,trec@s0,encoder.layer.6.attention.self.key,768,0.0170192358,75.67110981,0,0.0170192358,75.67110981
ag_news@s0__trec@s0,ag_news@s0,trec@s0,encoder.layer.6.attention.self.query,768,0.01776603992,76.27598213,0,0.01776603992,76.27598213
ag_news@s0__trec@s0,ag_news@s0,trec@s0,encoder.layer.6.attention.self.value,768,0.01680605643,77.35893385,0,0.01680605643,77.35893385
ag_news@s0__trec@s0,ag_news@s0,trec@s0,encoder.layer.6.intermediate.dense,3072,0.002770019251,84.54924594,0,0.002770019251,84.54924594
ag_news@s0__trec@s0,ag_news@s0,trec@s0,encoder.layer.6.output.dense,768,0.01504989355,78.04335025,0,0.01504989355,78.04335025
ag_news@s0__trec@s0,ag_news@s0,trec@s0,encoder.layer.7.attention.output.dense,768,0.01723260897,77.6811893,0,0.01723260897,77.6811893
ag_news@s0__trec@s0,ag_news@s0,trec@s0,encoder.layer.7.attention.self.key,768,0.01539400939,78.0608112,0,0.01539400939,78.0608112
ag_news@s0__trec@s0,ag_news@s0,trec@s0,encoder.layer.7.attention.self.query,768,0.01693658022,75.07010772,0,0.01693658022,75.07010772
ag_news@s0__trec@s0,ag_news@s0,trec@s0,encoder.layer.7.attention.self.value,768,0.01864576027,75.71879537,0,0.01864576027,75.71879537
ag_news@s0__trec@s0,ag_news@s0,trec@s0,encoder.layer.7.intermediate.dense,3072,0.002861374579,83.56795783,0,0.002861374579,83.56795783
ag_news@s0__trec@s0,ag_news@s0,trec@s0,encoder.layer.7.output.dense,768,0.02030261427,75.76012437,0,0.02030261427,75.76012437
ag_news@s0__trec@s0,ag_news@s0,trec@s0,encoder.layer.8.attention.output.dense,768,0.0188226083,74.69362583,0,0.0188226083,74.69362583
ag_news@s0__trec@s0,ag_news@s0,trec@s0,encoder.layer.8.attention.self.key,768,0.01681729185,76.86449023,0,0.01681729185,76.86449023
ag_news@s0__trec@s0,ag_news@s0,trec@s0,encoder.layer.8.attention.self.query,768,0.02497982048,71.44183313,0,0.02497982048,71.44183313
ag_news@s0__trec@s0,ag_news@s0,trec@s0,encoder.layer.8.attention.self.value,768,0.01636060435,77.20466586,0,0.01636060435,77.20466586
ag_news@s0__trec@s0,ag_news@s0,trec@s0,encoder.layer.8.intermediate.dense,3072,0.003023172518,84.03749032,0,0.003023172518,84.03749032
ag_news@s0__trec@s0,ag_news@s0,trec@s0,encoder.layer.8.output.dense,768,0.01761701144,77.60627919,0,0.01761701144,77.60627919
ag_news@s0__trec@s0,ag_news@s0,trec@s0,encoder.layer.9.attention.output.dense,768,0.01647635682,76.95747745,0,0.01647635682,76.95747745
ag_news@s0__trec@s0,ag_news@s0,trec@s0,encoder.layer.9.attention.self.key,768,0.02521049727,74.16693084,0,0.02521049727,74.16693084
ag_news@s0__trec@s0,ag_news@s0,trec@s0,encoder.layer.9.attention.self.query,768,0.01851527151,75.62447174,0,0.01851527151,75.62447174
ag_news@s0__trec@s0,ag_news@s0,trec@s0,encoder.layer.9.attention.self.value,768,0.0177726196,78.07037228,0,0.0177726196,78.07037228
ag_news@s0__trec@s0,ag_news@s0,trec@s0,encoder.layer.9.intermediate.dense,3072,0.002591838156,85.15073081,0,0.002591838156,85.15073081
ag_news@s0__trec@s0,ag_news@s0,trec@s0,encoder.layer.9.output.dense,768,0.01961129277,76.2245662,0,0.01961129277,76.2245662
ag_news@s0__trec@s0,ag_news@s0,trec@s0,pooler.dense,768,0.1462808969,46.04754607,0,0.1462808969,46.04754607
ag_news@s0__yelp_polarity@s0,ag_news@s0,yelp_polarity@s0,encoder.layer.0.attention.output.dense,768,0.01202102611,79.6223998,0,0.01202102611,79.6223998
ag_news@s0__yelp_polarity@s0,ag_news@s0,yelp_polarity@s0,encoder.layer.0.attention.self.key,768,0.01532073942,78.34101691,0,0.01532073942,78.34101691
ag_news@s0__yelp_polarity@s0,ag_news@s0,yelp_polarity@s0,encoder.layer.0.attention.self.query,768,0.01925446843,76.07916523,0,0.01925446843,76.07916523
ag_news@s0__yelp_polarity@s0,ag_news@s0,yelp_polarity@s0,encoder.layer.0.attention.self.value,768,0.01150086799,79.57256938,0,0.01150086799,79.57256938
ag_news@s0__yelp_polarity@s0,ag_news@s0,yelp_polarity@s0,encoder.layer.0.intermediate.dense,3072,0.002596030406,84.49925337,0,0.002596030406,84.49925337
ag_news@s0__yelp_polarity@s0,ag_news@s0,yelp_polarity@s0,encoder.layer.0.output.dense,768,0.01586490071,77.12834705,0,0.01586490071,77.12834705
ag_news@s0__yelp_polarity@s0,ag_news@s0,yelp_polarity@s0,encoder.layer.1.attention.output.dense,768,0.01482256182,77.36645438,0,0.01482256182,77.36645438
ag_news@s0__yelp_polarity@s0,ag_news@s0,yelp_polarity@s0,encoder.layer.1.attention.self.key,768,0.01505470258,79.03360177,0,0.01505470258,79.03360177
ag_news@s0__yelp_polarity@s0,ag_news@s0,yelp_polarity@s0,encoder.layer.1.attention.self.query,768,0.02004337089,76.71822786,0,0.02004337089,76.71822786
ag_news@s0__yelp_polarity@s0,ag_news@s0,yelp_polarity@s0,encoder.layer.1.attention.self.value,768,0.01184303615,80.51412082,0,0.01184303615,80.51412082
ag_news@s0__yelp_polarity@s0,ag_news@s0,yelp_polarity@s0,encoder.layer.1.intermediate.dense,3072,0.002025640172,85.63600231,0,0.002025640172,85.63600231
ag_news@s0__yelp_polarity@s0,ag_news@s0,yelp_polarity@s0,encoder.layer.1.output.dense,768,0.01269683285,78.52967123,0,0.01269683285,78.52967123
ag_news@s0__yelp_polarity@s0,ag_news@s0,yelp_polarity@s0,encoder.layer.10.attention.output.dense,768,0.01655183385,76.81376827,0,0.01655183385,76.81376827
ag_news@s0__yelp_polarity@s0,ag_news@s0,yelp_polarity@s0,encoder.layer.10.attention.self.key,768,0.02482609662,73.78349997,0,0.02482609662,73.78349997
ag_news@s0__yelp_polarity@s0,ag_news@s0,yelp_polarity@s0,encoder.layer.10.attention.self.query,768,0.01989866084,73.48304153,0,0.01989866084,73.48304153
ag_news@s0__yelp_polarity@s0,ag_news@s0,yelp_polarity@s0,encoder.layer.10.attention.self.value,768,0.01788492863,77.9592007,0,0.01788492863,77.9592007
ag_news@s0__yelp_polarity@s0,ag_news@s0,yelp_polarity@s0,encoder.layer.10.intermediate.dense,3072,0.002823255338,85.27143218,0,0.002823255338,85.27143218
ag_news@s0__yelp_polarity@s0,ag_news@s0,yelp_polarity@s0,encoder.layer.10.output.dense,768,0.01846771118,78.67352343,0,0.01846771118,78.67352343
ag_news@s0__yelp_polarity@s0,ag_news@s0,yelp_polarity@s0,encoder.layer.11.attention.output.dense,768,0.04159090886,68.13719719,0,0.04159090886,68.13719719
ag_news@s0__yelp_polarity@s0,ag_news@s0,yelp_polarity@s0,encoder.layer.11.attention.self.key,768,0.02412481658,74.32491033,0,0.02412481658,74.32491033
ag_news@s0__yelp_polarity@s0,ag_news@s0,yelp_polarity@s0,encoder.layer.11.attention.self.query,768,0.0231635595,74.86097048,0,0.0231635595,74.86097048
ag_news@s0__yelp_polarity@s0,ag_news@s0,yelp_polarity@s0,encoder.layer.11.attention.self.value,768,0.02563161086,70.48341359,0,0.02563161086,70.48341359
ag_news@s0__yelp_polarity@s0,ag_news@s0,yelp_polarity@s0,encoder.layer.11.intermediate.dense,3072,0.004005020627,82.37197593,0,0.004005020627,82.37197593
ag_news@s0__yelp_polarity@s0,ag_news@s0,yelp_polarity@s0,encoder.layer.11.output.dense,768,0.03897774518,68.56388306,0,0.03897774518,68.56388306
ag_news@s0__yelp_polarity@s0,ag_news@s0,yelp_polarity@s0,encoder.layer.2.attention.output.dense,768,0.01324189323,79.97350401,0,0.01324189323,79.97350401
ag_news@s0__yelp_polarity@s0,ag_news@s0,yelp_polarity@s0,encoder.layer.2.attention.self.key,768,0.01507917094,76.0574582,0,0.01507917094,76.0574582
ag_news@s0__yelp_polarity@s0,ag_news@s0,yelp_polarity@s0,encoder.layer.2.attention.self.query,768,0.01577233824,76.06416483,0,0.01577233824,76.06416483
ag_news@s0__yelp_polarity@s0,ag_news@s0,yelp_polarity@s0,encoder.layer.2.attention.self.value,768,0.01545455809,78.56804073,0,0.01545455809,78.56804073
ag_news@s0__yelp_polarity@s0,ag_news@s0,yelp_polarity@s0,encoder.layer.2.intermediate.dense,3072,0.004223575026,84.60147698,0,0.004223575026,84.60147698
ag_news@s0__yelp_polarity@s0,ag_news@s0,yelp_polarity@s0,encoder.layer.2.output.dense,768,0.01504647512,75.79271467,0,0.01504647512,75.79271467
ag_news@s0__yelp_polarity@s0,ag_news@s0,yelp_polarity@s0,encoder.layer.3.attention.output.dense,768,0.01817030688,75.6694362,0,0.01817030688,75.6694362
ag_news@s0__yelp_polarity@s0,ag_news@s0,yelp_polarity@s0,encoder.layer.3.attention.self.key,768,0.01773262077,76.2743521,0,0.01773262077,76.2743521
ag_news@s0__yelp_polarity@s0,ag_news@s0,yelp_polarity@s0,encoder.layer.3.attention.self.query,768,0.01409218528,79.52314511,0,0.01409218528,79.52314511
ag_news@s0__yelp_polarity@s0,ag_news@s0,yelp_polarity@s0,encoder.layer.3.attention.self.value,768,0.02042962368,74.32952719,0,0.02042962368,74.32952719
ag_news@s0__yelp_polarity@s0,ag_news@s0,yelp_polarity@s0,encoder.layer.3.intermediate.dense,3072,0.002683108106,84.76216226,0,0.002683108106,84.76216226
ag_news@s0__yelp_polarity@s0,ag_news@s0,yelp_polarity@s0,encoder.layer.3.output.dense,768,0.01127882779,79.27943219,0,0.01127882779,79.27943219
ag_news@s0__yelp_polarity@s0,ag_news@s0,yelp_polarity@s0,encoder.layer.4.attention.output.dense,768,0.01039852346,79.22077192,0,0.01039852346,79.22077192
ag_news@s0__yelp_polarity@s0,ag_news@s0,yelp_polarity@s0,encoder.layer.4.attention.self.key,768,0.01772578018,75.11929427,0,0.01772578018,75.11929427
ag_news@s0__yelp_polarity@s0,ag_news@s0,yelp_polarity@s0,encoder.layer.4.attention.self.query,768,0.01553263406,77.69393522,0,0.01553263406,77.69393522
ag_news@s0__yelp_polarity@s0,ag_news@s0,yelp_polarity@s0,encoder.layer.4.attention.self.value,768,0.02058767568,74.99667201,0,0.02058767568,74.99667201
ag_news@s0__yelp_polarity@s0,ag_news@s0,yelp_polarity@s0,encoder.layer.4.intermediate.dense,3072,0.001910731111,85.63218274,0,0.001910731111,85.63218274
ag_news@s0__yelp_polarity@s0,ag_news@s0,yelp_polarity@s0,encoder.layer.4.output.dense,768,0.01351626516,78.20005346,0,0.01351626516,78.20005346
ag_news@s0__yelp_polarity@s0,ag_news@s0,yelp_polarity@s0,encoder.layer.5.attention.output.dense,768,0.01722781488,76.54913031,0,0.01722781488,76.54913031
ag_news@s0__yelp_polarity@s0,ag_news@s0,yelp_polarity@s0,encoder.layer.5.attention.self.key,768,0.0159224744,77.26574647,0,0.0159224744,77.26574647
ag_news@s0__yelp_polarity@s0,ag_news@s0,yelp_polarity@s0,encoder.layer.5.attention.self.query,768,0.01648183644,77.7047759,0,0.01648183644,77.7047759
ag_news@s0__yelp_polarity@s0,ag_news@s0,yelp_polarity@s0,encoder.layer.5.attention.self.value,768,0.01588831936,77.86867324,0,0.01588831936,77.86867324
ag_news@s0__yelp_polarity@s0,ag_news@s0,yelp_polarity@s0,encoder.layer.5.intermediate.dense,3072,0.002824876082,84.47266202,0,0.002824876082,84.47266202
ag_news@s0__yelp_polarity@s0,ag_news@s0,yelp_polarity@s0,encoder.layer.5.output.dense,768,0.01747372197,76.14408935,0,0.01747372197,76.14408935
ag_news@s0__yelp_polarity@s0,ag_news@s0,yelp_polarity@s0,encoder.layer.6.attention.output.dense,768,0.01147136223,79.7711334,0,0.01147136223,79.7711334
ag_news@s0__yelp_polarity@s0,ag_news@s0,yelp_polarity@s0,encoder.layer.6.attention.self.key,768,0.02313182696,75.10770181,0,0.02313182696,75.10770181
ag_news@s0__yelp_polarity@s0,ag_news@s0,yelp_polarity@s0,encoder.layer.6.attention.self.query,768,0.02099378432,76.31302637,0,0.02099378432,76.31302637
ag_news@s0__yelp_polarity@s0,ag_news@s0,yelp_polarity@s0,encoder.layer.6.attention.self.value,768,0.01242913816,79.12121772,0,0.01242913816,79.12121772
ag_news@s0__yelp_polarity@s0,ag_news@s0,yelp_polarity@s0,encoder.layer.6.intermediate.dense,3072,0.001833231707,84.96781903,0,0.001833231707,84.96781903
ag_news@s0__yelp_polarity@s0,ag_news@s0,yelp_polarity@s0,encoder.layer.6.output.dense,768,0.01221468859,78.53589593,0,0.01221468859,78.53589593
ag_news@s0__yelp_polarity@s0,ag_news@s0,yelp_polarity@s0,encoder.layer.7.attention.output.dense,768,0.01551355428,78.30339336,0,0.01551355428,78.30339336
ag_news@s0__yelp_polarity@s0,ag_news@s0,yelp_polarity@s0,encoder.layer.7.attention.self.key,768,0.02157240935,75.08913575,0,0.02157240935,75.08913575
ag_news@s0__yelp_polarity@s0,ag_news@s0,yelp_polarity@s0,encoder.layer.7.attention.self.query,768,0.01196974219,77.40870316,0,0.01196974219,77.40870316
ag_news@s0__yelp_polarity@s0,ag_news@s0,yelp_polarity@s0,encoder.layer.7.attention.self.value,768,0.01348585702,76.57575613,0,0.01348585702,76.57575613
ag_news@s0__yelp_polarity@s0,ag_news@s0,yelp_polarity@s0,encoder.layer.7.intermediate.dense,3072,0.003375357589,84.34762998,0,0.003375357589,84.34762998
ag_news@s0__yelp_polarity@s0,ag_news@s0,yelp_polarity@s0,encoder.layer.7.output.dense,768,0.02234815188,76.86195047,0,0.02234815188,76.86195047
ag_news@s0__yelp_polarity@s0,ag_news@s0,yelp_polarity@s0,encoder.layer.8.attention.output.dense,768,0.01945195231,74.63736035,0,0.01945195231,74.63736035
ag_news@s0__yelp_polarity@s0,ag_news@s0,yelp_polarity@s0,encoder.layer.8.attention.self.key,768,0.01608307721,78.76547163,0,0.01608307721,78.76547163
ag_news@s0__yelp_polarity@s0,ag_news@s0,yelp_polarity@s0,encoder.layer.8.attention.self.query,768,0.01489762737,77.92816469,0,0.01489762737,77.92816469
ag_news@s0__yelp_polarity@s0,ag_news@s0,yelp_polarity@s0,encoder.layer.8.attention.self.value,768,0.01365608853,78.55094871,0,0.01365608853,78.55094871
ag_news@s0__yelp_polarity@s0,ag_news@s0,yelp_polarity@s0,encoder.layer.8.intermediate.dense,3072,0.003314146665,83.2471338,0,0.003314146665,83.2471338
ag_news@s0__yelp_polarity@s0,ag_news@s0,yelp_polarity@s0,encoder.layer.8.output.dense,768,0.01901858319,73.98727766,0,0.01901858319,73.98727766
ag_news@s0__yelp_polarity@s0,ag_news@s0,yelp_polarity@s0,encoder.layer.9.attention.output.dense,768,0.02206314256,74.77949746,0,0.02206314256,74.77949746
ag_news@s0__yelp_polarity@s0,ag_news@s0,yelp_polarity@s0,encoder.layer.9.attention.self.key,768,0.01948402315,76.47740642,0,0.01948402315,76.47740642
ag_news@s0__yelp_polarity@s0,ag_news@s0,yelp_polarity@s0,encoder.layer.9.attention.self.query,768,0.01806930222,75.72056841,0,0.01806930222,75.72056841
ag_news@s0__yelp_polarity@s0,ag_news@s0,yelp_polarity@s0,encoder.layer.9.attention.self.value,768,0.01892295846,75.70211256,0,0.01892295846,75.70211256
ag_news@s0__yelp_polarity@s0,ag_news@s0,yelp_polarity@s0,encoder.layer.9.intermediate.dense,3072,0.002791991158,85.05008081,0,0.002791991158,85.05008081
ag_news@s0__yelp_polarity@s0,ag_news@s0,yelp_polarity@s0,encoder.layer.9.output.dense,768,0.01381397718,78.73767676,0,0.01381397718,78.73767676
ag_news@s0__yelp_polarity@s0,ag_news@s0,yelp_polarity@s0,pooler.dense,768,0.04001764319,64.60324301,0,0.04001764319,64.60324301
imdb@s0__trec@s0,imdb@s0,trec@s0,encoder.layer.0.attention.output.dense,768,0.0109089643,79.78169643,0,0.0109089643,79.78169643
imdb@s0__trec@s0,imdb@s0,trec@s0,encoder.layer.0.attention.self.key,768,0.0160953063,78.74898568,0,0.0160953063,78.74898568
imdb@s0__trec@s0,imdb@s0,trec@s0,encoder.layer.0.attention.self.query,768,0.01816232739,76.11791703,0,0.01816232739,76.11791703
imdb@s0__trec@s0,imdb@s0,trec@s0,encoder.layer.0.attention.self.value,768,0.0157196364,76.59171337,0,0.0157196364,76.59171337
imdb@s0__trec@s0,imdb@s0,trec@s0,encoder.layer.0.intermediate.dense,3072,0.002622295735,84.60030593,0,0.002622295735,84.60030593
imdb@s0__trec@s0,imdb@s0,trec@s0,encoder.layer.0.output.dense,768,0.01134600339,79.75447923,0,0.01134600339,79.75447923
imdb@s0__trec@s0,imdb@s0,trec@s0,encoder.layer.1.attention.output.dense,768,0.01405821013,78.30322371,0,0.01405821013,78.30322371
imdb@s0__trec@s0,imdb@s0,trec@s0,encoder.layer.1.attention.self.key,768,0.01588276241,78.38018239,0,0.01588276241,78.38018239
imdb@s0__trec@s0,imdb@s0,trec@s0,encoder.layer.1.attention.self.query,768,0.02422004038,74.955315,0,0.02422004038,74.955315
imdb@s0__trec@s0,imdb@s0,trec@s0,encoder.layer.1.attention.self.value,768,0.01638195802,77.34870301,0,0.01638195802,77.34870301
imdb@s0__trec@s0,imdb@s0,trec@s0,encoder.layer.1.intermediate.dense,3072,0.002266824636,85.50574332,0,0.002266824636,85.50574332
imdb@s0__trec@s0,imdb@s0,trec@s0,encoder.layer.1.output.dense,768,0.01072474132,78.82253981,0,0.01072474132,78.82253981
imdb@s0__trec@s0,imdb@s0,trec@s0,encoder.layer.10.attention.output.dense,768,0.02695990801,72.96570063,0,0.02695990801,72.96570063
imdb@s0__trec@s0,imdb@s0,trec@s0,encoder.layer.10.attention.self.key,768,0.02277527286,76.2769216,0,0.02277527286,76.2769216
imdb@s0__trec@s0,imdb@s0,trec@s0,encoder.layer.10.attention.self.query,768,0.03505431169,70.28642333,0,0.03505431169,70.28642333
imdb@s0__trec@s0,imdb@s0,trec@s0,encoder.layer.10.attention.self.value,768,0.02822167635,74.45383112,0,0.02822167635,74.45383112
imdb@s0__trec@s0,imdb@s0,trec@s0,encoder.layer.10.intermediate.dense,3072,0.003966386281,83.93031094,0,0.003966386281,83.93031094
imdb@s0__trec@s0,imdb@s0,trec@s0,encoder.layer.10.output.dense,768,0.02109331133,74.77314002,0,0.02109331133,74.77314002
imdb@s0__trec@s0,imdb@s0,trec@s0,encoder.layer.11.attention.output.dense,768,0.0775101834,60.22228847,0,0.0775101834,60.22228847
imdb@s0__trec@s0,imdb@s0,trec@s0,encoder.layer.11.attention.self.key,768,0.02423689329,75.22860086,0,0.02423689329,75.22860086
imdb@s0__trec@s0,imdb@s0,trec@s0,encoder.layer.11.attention.self.query,768,0.01978575663,73.40086988,0,0.01978575663,73.40086988
imdb@s0__trec@s0,imdb@s0,trec@s0,encoder.layer.11.attention.self.value,768,0.03281882229,69.51005174,0,0.03281882229,69.51005174
imdb@s0__trec@s0,imdb@s0,trec@s0,encoder.layer.11.intermediate.dense,3072,0.004353236592,83.71357595,0,0.004353236592,83.71357595
imdb@s0__trec@s0,imdb@s0,trec@s0,encoder.layer.11.output.dense,768,0.03128475704,71.77485513,0,0.03128475704,71.77485513
imdb@s0__trec@s0,imdb@s0,trec@s0,encoder.layer.2.attention.output.dense,768,0.009458694348,80.84787478,0,0.009458694348,80.84787478
imdb@s0__trec@s0,imdb@s0,trec@s0,encoder.layer.2.attention.self.key,768,0.01744740165,76.12451203,0,0.01744740165,76.12451203
imdb@s0__trec@s0,imdb@s0,trec@s0,encoder.layer.2.attention.self.query,768,0.02713326973,75.21818073,0,0.02713326973,75.21818073
imdb@s0__trec@s0,imdb@s0,trec@s0,encoder.layer.2.attention.self.value,768,0.0141341619,77.66545376,0,0.0141341619,77.66545376
imdb@s0__trec@s0,imdb@s0,trec@s0,encoder.layer.2.intermediate.dense,3072,0.002697996645,84.95998835,0,0.002697996645,84.95998835
imdb@s0__trec@s0,imdb@s0,trec@s0,encoder.layer.2.output.dense,768,0.01701651342,76.54753633,0,0.01701651342,76.54753633
imdb@s0__trec@s0,imdb@s0,trec@s0,encoder.layer.3.attention.output.dense,768,0.0149939104,78.53539822,0,0.0149939104,78.53539822
imdb@s0__trec@s0,imdb@s0,trec@s0,encoder.layer.3.attention.self.key,768,0.01360729766,77.49215867,0,0.01360729766,77.49215867
imdb@s0__trec@s0,imdb@s0,trec@s0,encoder.layer.3.attention.self.query,768,0.01946709468,77.73679071,0,0.01946709468,77.73679071
imdb@s0__trec@s0,imdb@s0,trec@s0,encoder.layer.3.attention.self.value,768,0.01506195887,77.92171807,0,0.01506195887,77.92171807
imdb@s0__trec@s0,imdb@s0,trec@s0,encoder.layer.3.intermediate.dense,3072,0.002613707863,85.47398,0,0.002613707863,85.47398
imdb@s0__trec@s0,imdb@s0,trec@s0,encoder.layer.3.output.dense,768,0.01372385722,79.27907451,0,0.01372385722,79.27907451
imdb@s0__trec@s0,imdb@s0,trec@s0,encoder.layer.4.attention.output.dense,768,0.01904454704,75.30403295,0,0.01904454704,75.30403295
imdb@s0__trec@s0,imdb@s0,trec@s0,encoder.layer.4.attention.self.key,768,0.01238166023,78.99611591,0,0.01238166023,78.99611591
imdb@s0__trec@s0,imdb@s0,trec@s0,encoder.layer.4.attention.self.query,768,0.01351062867,76.81137221,0,0.01351062867,76.81137221
imdb@s0__trec@s0,imdb@s0,trec@s0,encoder.layer.4.attention.self.value,768,0.01667535988,78.57203968,0,0.01667535988,78.57203968
imdb@s0__trec@s0,imdb@s0,trec@s0,encoder.layer.4.intermediate.dense,3072,0.002614918064,84.36097943,0,0.002614918064,84.36097943
imdb@s0__trec@s0,imdb@s0,trec@s0,encoder.layer.4.output.dense,768,0.01291970439,78.32610019,0,0.01291970439,78.32610019
imdb@s0__trec@s0,imdb@s0,trec@s0,encoder.layer.5.attention.output.dense,768,0.01511882427,77.35945797,0,0.01511882427,77.35945797
imdb@s0__trec@s0,imdb@s0,trec@s0,encoder.layer.5.attention.self.key,768,0.01799749596,77.30921066,0,0.01799749596,77.30921066
imdb@s0__trec@s0,imdb@s0,trec@s0,encoder.layer.5.attention.self.query,768,0.02148541861,74.73418583,0,0.02148541861,74.73418583
imdb@s0__trec@s0,imdb@s0,trec@s0,encoder.layer.5.attention.self.value,768,0.01350353272,78.13255497,0,0.01350353272,78.13255497
imdb@s0__trec@s0,imdb@s0,trec@s0,encoder.layer.5.intermediate.dense,3072,0.003609553041,83.16053392,0,0.003609553041,83.16053392
imdb@s0__trec@s0,imdb@s0,trec@s0,encoder.layer.5.output.dense,768,0.01604908784,78.29603598,0,0.01604908784,78.29603598
imdb@s0__trec@s0,imdb@s0,trec@s0,encoder.layer.6.attention.output.dense,768,0.0150244796,77.86309835,0,0.0150244796,77.86309835
imdb@s0__trec@s0,imdb@s0,trec@s0,encoder.layer.6.attention.self.key,768,0.01986759387,75.44023059,0,0.01986759387,75.44023059
imdb@s0__trec@s0,imdb@s0,trec@s0,encoder.layer.6.attention.self.query,768,0.01402585505,78.14759507,0,0.01402585505,78.14759507
imdb@s0__trec@s0,imdb@s0,trec@s0,encoder.layer.6.attention.self.value,768,0.01119434493,78.42681803,0,0.01119434493,78.42681803
imdb@s0__trec@s0,imdb@s0,trec@s0,encoder.layer.6.intermediate.dense,3072,0.00270199616,84.24677389,0,0.00270199616,84.24677389
imdb@s0__trec@s0,imdb@s0,trec@s0,encoder.layer.6.output.dense,768,0.01829308066,77.88248281,0,0.01829308066,77.88248281
imdb@s0__trec@s0,imdb@s0,trec@s0,encoder.layer.7.attention.output.dense,768,0.01972680693,75.00741103,0,0.01972680693,75.00741103
imdb@s0__trec@s0,imdb@s0,trec@s0,encoder.layer.7.attention.self.key,768,0.01105631753,80.20712168,0,0.01105631753,80.20712168
imdb@s0__trec@s0,imdb@s0,trec@s0,encoder.layer.7.attention.self.query,768,0.01980178618,77.33950336,0,0.01980178618,77.33950336
imdb@s0__trec@s0,imdb@s0,trec@s0,encoder.layer.7.attention.self.value,768,0.01360305895,79.63542698,0,0.01360305895,79.63542698
imdb@s0__trec@s0,imdb@s0,trec@s0,encoder.layer.7.intermediate.dense,3072,0.002342074305,85.34053108,0,0.002342074305,85.34053108
imdb@s0__trec@s0,imdb@s0,trec@s0,encoder.layer.7.output.dense,768,0.01678931419,77.44449259,0,0.01678931419,77.44449259
imdb@s0__trec@s0,imdb@s0,trec@s0,encoder.layer.8.attention.output.dense,768,0.02079762667,75.33280839,0,0.02079762667,75.33280839
imdb@s0__trec@s0,imdb@s0,trec@s0,encoder.layer.8.attention.self.key,768,0.01629448025,77.58348776,0,0.01629448025,77.58348776
imdb@s0__trec@s0,imdb@s0,trec@s0,encoder.layer.8.attention.self.query,768,0.01620922896,76.83128161,0,0.01620922896,76.83128161
imdb@s0__trec@s0,imdb@s0,trec@s0,encoder.layer.8.attention.self.value,768,0.01405481236,78.40671193,0,0.01405481236,78.40671193
imdb@s0__trec@s0,imdb@s0,trec@s0,encoder.layer.8.intermediate.dense,3072,0.003454184888,84.51698622,0,0.003454184888,84.51698622
imdb@s0__trec@s0,imdb@s0,trec@s0,encoder.layer.8.output.dense,768,0.01768242991,77.58257562,0,0.01768242991,77.58257562
imdb@s0__trec@s0,imdb@s0,trec@s0,encoder.layer.9.attention.output.dense,768,0.02036567099,75.60633049,0,0.02036567099,75.60633049
imdb@s0__trec@s0,imdb@s0,trec@s0,encoder.layer.9.attention.self.key,768,0.03276796311,70.92120917,0,0.03276796311,70.92120917
imdb@s0__trec@s0,imdb@s0,trec@s0,encoder.layer.9.attention.self.query,768,0.01640637344,75.06540145,0,0.01640637344,75.06540145
imdb@s0__trec@s0,imdb@s0,trec@s0,encoder.layer.9.attention.self.value,768,0.01816259599,76.93411074,0,0.01816259599,76.93411074
imdb@s0__trec@s0,imdb@s0,trec@s0,encoder.layer.9.intermediate.dense,3072,0.003717908219,83.88523359,0,0.003717908219,83.88523359
imdb@s0__trec@s0,imdb@s0,trec@s0,encoder.layer.9.output.dense,768,0.01542167217,76.88388387,0,0.01542167217,76.88388387
imdb@s0__trec@s0,imdb@s0,trec@s0,pooler.dense,768,0.05850181618,54.54671254,0,0.05850181618,54.54671254
imdb@s0__yelp_polarity@s0,imdb@s0,yelp_polarity@s0,encoder.layer.0.attention.output.dense,768,0.01602313324,77.3377096,0,0.01602313324,77.3377096
imdb@s0__yelp_polarity@s0,imdb@s0,yelp_polarity@s0,encoder.layer.0.attention.self.key,768,0.02865691016,74.90136058,0,0.02865691016,74.90136058
imdb@s0__yelp_polarity@s0,imdb@s0,yelp_polarity@s0,encoder.layer.0.attention.self.query,768,0.01939200358,75.75328629,0,0.01939200358,75.75328629
imdb@s0__yelp_polarity@s0,imdb@s0,yelp_polarity@s0,encoder.layer.0.attention.self.value,768,0.02244986916,72.14224296,0,0.02244986916,72.14224296
imdb@s0__yelp_polarity@s0,imdb@s0,yelp_polarity@s0,encoder.layer.0.intermediate.dense,3072,0.002937659329,83.92706199,0,0.002937659329,83.92706199
imdb@s0__yelp_polarity@s0,imdb@s0,yelp_polarity@s0,encoder.layer.0.output.dense,768,0.03141179883,70.38522941,0,0.03141179883,70.38522941
imdb@s0__yelp_polarity@s0,imdb@s0,yelp_polarity@s0,encoder.layer.1.attention.output.dense,768,0.01752451782,77.51022425,0,0.01752451782,77.51022425
imdb@s0__yelp_polarity@s0,imdb@s0,yelp_polarity@s0,encoder.layer.1.attention.self.key,768,0.01399346324,78.87159225,0,0.01399346324,78.87159225
imdb@s0__yelp_polarity@s0,imdb@s0,yelp_polarity@s0,encoder.layer.1.attention.self.query,768,0.0249508003,72.6473089,0,0.0249508003,72.6473089
imdb@s0__yelp_polarity@s0,imdb@s0,yelp_polarity@s0,encoder.layer.1.attention.self.value,768,0.01665715658,75.8262851,0,0.01665715658,75.8262851
imdb@s0__yelp_polarity@s0,imdb@s0,yelp_polarity@s0,encoder.layer.1.intermediate.dense,3072,0.003230277752,83.68551956,0,0.003230277752,83.68551956
imdb@s0__yelp_polarity@s0,imdb@s0,yelp_polarity@s0,encoder.layer.1.output.dense,768,0.0168140232,77.58960398,0,0.0168140232,77.58960398
imdb@s0__yelp_polarity@s0,imdb@s0,yelp_polarity@s0,encoder.layer.10.attention.output.dense,768,0.04548159932,67.6018607,0,0.04548159932,67.6018607
imdb@s0__yelp_polarity@s0,imdb@s0,yelp_polarity@s0,encoder.layer.10.attention.self.key,768,0.040221744,70.37658011,0,0.040221744,70.37658011
imdb@s0__yelp_polarity@s0,imdb@s0,yelp_polarity@s0,encoder.layer.10.attention.self.query,768,0.03576766366,69.96199975,0,0.03576766366,69.96199975
imdb@s0__yelp_polarity@s0,imdb@s0,yelp_polarity@s0,encoder.layer.10.attention.self.value,768,0.03665431765,70.20267186,0,0.03665431765,70.20267186
imdb@s0__yelp_polarity@s0,imdb@s0,yelp_polarity@s0,encoder.layer.10.intermediate.dense,3072,0.01181456645,76.44770456,0,0.01181456645,76.44770456
imdb@s0__yelp_polarity@s0,imdb@s0,yelp_polarity@s0,encoder.layer.10.output.dense,768,0.03198150597,72.22079049,0,0.03198150597,72.22079049
imdb@s0__yelp_polarity@s0,imdb@s0,yelp_polarity@s0,encoder.layer.11.attention.output.dense,768,0.1190493328,52.7693931,0,0.1190493328,52.7693931
imdb@s0__yelp_polarity@s0,imdb@s0,yelp_polarity@s0,encoder.layer.11.attention.self.key,768,0.04393566445,70.37611918,0,0.04393566445,70.37611918
imdb@s0__yelp_polarity@s0,imdb@s0,yelp_polarity@s0,encoder.layer.11.attention.self.query,768,0.05338385718,66.61186396,0,0.05338385718,66.61186396
imdb@s0__yelp_polarity@s0,imdb@s0,yelp_polarity@s0,encoder.layer.11.attention.self.value,768,0.0693502715,62.57956743,0,0.0693502715,62.57956743
imdb@s0__yelp_polarity@s0,imdb@s0,yelp_polarity@s0,encoder.layer.11.intermediate.dense,3072,0.02249257861,71.39240744,0,0.02249257861,71.39240744
imdb@s0__yelp_polarity@s0,imdb@s0,yelp_polarity@s0,encoder.layer.11.output.dense,768,0.05613014858,61.82029754,0,0.05613014858,61.82029754
imdb@s0__yelp_polarity@s0,imdb@s0,yelp_polarity@s0,encoder.layer.2.attention.output.dense,768,0.01131710124,77.77216338,0,0.01131710124,77.77216338
imdb@s0__yelp_polarity@s0,imdb@s0,yelp_polarity@s0,encoder.layer.2.attention.self.key,768,0.0221495218,74.85076562,0,0.0221495218,74.85076562
imdb@s0__yelp_polarity@s0,imdb@s0,yelp_polarity@s0,encoder.layer.2.attention.self.query,768,0.02474901943,74.44387074,0,0.02474901943,74.44387074
imdb@s0__yelp_polarity@s0,imdb@s0,yelp_polarity@s0,encoder.layer.2.attention.self.value,768,0.01469806882,77.71417879,0,0.01469806882,77.71417879
imdb@s0__yelp_polarity@s0,imdb@s0,yelp_polarity@s0,encoder.layer.2.intermediate.dense,3072,0.003387285284,83.69338297,0,0.003387285284,83.69338297
imdb@s0__yelp_polarity@s0,imdb@s0,yelp_polarity@s0,encoder.layer.2.output.dense,768,0.01856192506,76.2883204,0,0.01856192506,76.2883204
imdb@s0__yelp_polarity@s0,imdb@s0,yelp_polarity@s0,encoder.layer.3.attention.output.dense,768,0.01733111469,74.97669613,0,0.01733111469,74.97669613
imdb@s0__yelp_polarity@s0,imdb@s0,yelp_polarity@s0,encoder.layer.3.attention.self.key,768,0.02064807214,75.15340009,0,0.02064807214,75.15340009
imdb@s0__yelp_polarity@s0,imdb@s0,yelp_polarity@s0,encoder.layer.3.attention.self.query,768,0.02568648862,74.59142353,0,0.02568648862,74.59142353
imdb@s0__yelp_polarity@s0,imdb@s0,yelp_polarity@s0,encoder.layer.3.attention.self.value,768,0.008826578547,79.50492579,0,0.008826578547,79.50492579
imdb@s0__yelp_polarity@s0,imdb@s0,yelp_polarity@s0,encoder.layer.3.intermediate.dense,3072,0.00225225746,84.92451526,0,0.00225225746,84.92451526
imdb@s0__yelp_polarity@s0,imdb@s0,yelp_polarity@s0,encoder.layer.3.output.dense,768,0.02143324581,75.63691212,0,0.02143324581,75.63691212
imdb@s0__yelp_polarity@s0,imdb@s0,yelp_polarity@s0,encoder.layer.4.attention.output.dense,768,0.02328713873,74.33080668,0,0.02328713873,74.33080668
imdb@s0__yelp_polarity@s0,imdb@s0,yelp_polarity@s0,encoder.layer.4.attention.self.key,768,0.01681153557,76.79598162,0,0.01681153557,76.79598162
imdb@s0__yelp_polarity@s0,imdb@s0,yelp_polarity@s0,encoder.layer.4.attention.self.query,768,0.01513741219,77.99514319,0,0.01513741219,77.99514319
imdb@s0__yelp_polarity@s0,imdb@s0,yelp_polarity@s0,encoder.layer.4.attention.self.value,768,0.02104190009,74.86424803,0,0.02104190009,74.86424803
imdb@s0__yelp_polarity@s0,imdb@s0,yelp_polarity@s0,encoder.layer.4.intermediate.dense,3072,0.003549697657,82.75022023,0,0.003549697657,82.75022023
imdb@s0__yelp_polarity@s0,imdb@s0,yelp_polarity@s0,encoder.layer.4.output.dense,768,0.02148316615,75.38391173,0,0.02148316615,75.38391173
imdb@s0__yelp_polarity@s0,imdb@s0,yelp_polarity@s0,encoder.layer.5.attention.output.dense,768,0.02200216737,73.91790623,0,0.02200216737,73.91790623
imdb@s0__yelp_polarity@s0,imdb@s0,yelp_polarity@s0,encoder.layer.5.attention.self.key,768,0.02226760927,75.93370948,0,0.02226760927,75.93370948
imdb@s0__yelp_polarity@s0,imdb@s0,yelp_polarity@s0,encoder.layer.5.attention.self.query,768,0.01389692232,78.10418718,0,0.01389692232,78.10418718
imdb@s0__yelp_polarity@s0,imdb@s0,yelp_polarity@s0,encoder.layer.5.attention.self.value,768,0.01655418265,77.03230163,0,0.01655418265,77.03230163
imdb@s0__yelp_polarity@s0,imdb@s0,yelp_polarity@s0,encoder.layer.5.intermediate.dense,3072,0.007249650299,79.86771905,0,0.007249650299,79.86771905
imdb@s0__yelp_polarity@s0,imdb@s0,yelp_polarity@s0,encoder.layer.5.output.dense,768,0.02867646891,72.5132641,0,0.02867646891,72.5132641
imdb@s0__yelp_polarity@s0,imdb@s0,yelp_polarity@s0,encoder.layer.6.attention.output.dense,768,0.02083716609,76.06729635,0,0.02083716609,76.06729635
imdb@s0__yelp_polarity@s0,imdb@s0,yelp_polarity@s0,encoder.layer.6.attention.self.key,768,0.02507303773,74.02075323,0,0.02507303773,74.02075323
imdb@s0__yelp_polarity@s0,imdb@s0,yelp_polarity@s0,encoder.layer.6.attention.self.query,768,0.01964620214,76.83240041,0,0.01964620214,76.83240041
imdb@s0__yelp_polarity@s0,imdb@s0,yelp_polarity@s0,encoder.layer.6.attention.self.value,768,0.02284807032,74.67838394,0,0.02284807032,74.67838394
imdb@s0__yelp_polarity@s0,imdb@s0,yelp_polarity@s0,encoder.layer.6.intermediate.dense,3072,0.005963819117,81.2823018,0,0.005963819117,81.2823018
imdb@s0__yelp_polarity@s0,imdb@s0,yelp_polarity@s0,encoder.layer.6.output.dense,768,0.02878629928,72.53844355,0,0.02878629928,72.53844355
imdb@s0__yelp_polarity@s0,imdb@s0,yelp_polarity@s0,encoder.layer.7.attention.output.dense,768,0.03185412992,70.80974571,0,0.03185412992,70.80974571
imdb@s0__yelp_polarity@s0,imdb@s0,yelp_polarity@s0,encoder.layer.7.attention.self.key,768,0.02533561767,71.41458747,0,0.02533561767,71.41458747
imdb@s0__yelp_polarity@s0,imdb@s0,yelp_polarity@s0,encoder.layer.7.attention.self.query,768,0.02560812052,74.6855472,0,0.02560812052,74.6855472
imdb@s0__yelp_polarity@s0,imdb@s0,yelp_polarity@s0,encoder.layer.7.attention.self.value,768,0.02061241984,75.60103592,0,0.02061241984,75.60103592
imdb@s0__yelp_polarity@s0,imdb@s0,yelp_polarity@s0,encoder.layer.7.intermediate.dense,3072,0.008570407788,78.08625552,0,0.008570407788,78.08625552
imdb@s0__yelp_polarity@s0,imdb@s0,yelp_polarity@s0,encoder.layer.7.output.dense,768,0.04358333004,67.81524334,0,0.04358333004,67.81524334
imdb@s0__yelp_polarity@s0,imdb@s0,yelp_polarity@s0,encoder.layer.8.attention.output.dense,768,0.07631591787,55.25869178,0,0.07631591787,55.25869178
imdb@s0__yelp_polarity@s0,imdb@s0,yelp_polarity@s0,encoder.layer.8.attention.self.key,768,0.03177748118,73.34390871,0,0.03177748118,73.34390871
imdb@s0__yelp_polarity@s0,imdb@s0,yelp_polarity@s0,encoder.layer.8.attention.self.query,768,0.02663493329,72.74637839,0,0.02663493329,72.74637839
imdb@s0__yelp_polarity@s0,imdb@s0,yelp_polarity@s0,encoder.layer.8.attention.self.value,768,0.02551606883,71.82187722,0,0.02551606883,71.82187722
imdb@s0__yelp_polarity@s0,imdb@s0,yelp_polarity@s0,encoder.layer.8.intermediate.dense,3072,0.01066027831,77.88827645,0,0.01066027831,77.88827645
imdb@s0__yelp_polarity@s0,imdb@s0,yelp_polarity@s0,encoder.layer.8.output.dense,768,0.04341324499,64.93333685,0,0.04341324499,64.93333685
imdb@s0__yelp_polarity@s0,imdb@s0,yelp_polarity@s0,encoder.layer.9.attention.output.dense,768,0.06014400527,61.8752648,0,0.06014400527,61.8752648
imdb@s0__yelp_polarity@s0,imdb@s0,yelp_polarity@s0,encoder.layer.9.attention.self.key,768,0.05170160032,69.78710557,0,0.05170160032,69.78710557
imdb@s0__yelp_polarity@s0,imdb@s0,yelp_polarity@s0,encoder.layer.9.attention.self.query,768,0.03916645456,66.83919575,0,0.03916645456,66.83919575
imdb@s0__yelp_polarity@s0,imdb@s0,yelp_polarity@s0,encoder.layer.9.attention.self.value,768,0.02972106017,72.14966055,0,0.02972106017,72.14966055
imdb@s0__yelp_polarity@s0,imdb@s0,yelp_polarity@s0,encoder.layer.9.intermediate.dense,3072,0.01433592976,74.5701516,0,0.01433592976,74.5701516
imdb@s0__yelp_polarity@s0,imdb@s0,yelp_polarity@s0,encoder.layer.9.output.dense,768,0.02902071895,72.42561166,0,0.02902071895,72.42561166
imdb@s0__yelp_polarity@s0,imdb@s0,yelp_polarity@s0,pooler.dense,768,0.1192087336,51.91443379,0,0.1192087336,51.91443379
trec@s0__yelp_polarity@s0,trec@s0,yelp_polarity@s0,encoder.layer.0.attention.output.dense,768,0.01313161561,78.6778404,0,0.01313161561,78.6778404
trec@s0__yelp_polarity@s0,trec@s0,yelp_polarity@s0,encoder.layer.0.attention.self.key,768,0.02040219141,76.86168305,0,0.02040219141,76.86168305
trec@s0__yelp_polarity@s0,trec@s0,yelp_polarity@s0,encoder.layer.0.attention.self.query,768,0.01672520232,75.72203796,0,0.01672520232,75.72203796
trec@s0__yelp_polarity@s0,trec@s0,yelp_polarity@s0,encoder.layer.0.attention.self.value,768,0.01463409582,78.38673921,0,0.01463409582,78.38673921
trec@s0__yelp_polarity@s0,trec@s0,yelp_polarity@s0,encoder.layer.0.intermediate.dense,3072,0.001752472859,86.03169457,0,0.001752472859,86.03169457
trec@s0__yelp_polarity@s0,trec@s0,yelp_polarity@s0,encoder.layer.0.output.dense,768,0.01994248359,75.07721663,0,0.01994248359,75.07721663
trec@s0__yelp_polarity@s0,trec@s0,yelp_polarity@s0,encoder.layer.1.attention.output.dense,768,0.01062993945,79.11339424,0,0.01062993945,79.11339424
trec@s0__yelp_polarity@s0,trec@s0,yelp_polarity@s0,encoder.layer.1.attention.self.key,768,0.01911449702,76.27247669,0,0.01911449702,76.27247669
trec@s0__yelp_polarity@s0,trec@s0,yelp_polarity@s0,encoder.layer.1.attention.self.query,768,0.01890051192,76.55312701,0,0.01890051192,76.55312701
trec@s0__yelp_polarity@s0,trec@s0,yelp_polarity@s0,encoder.layer.1.attention.self.value,768,0.01354645454,77.39662159,0,0.01354645454,77.39662159
trec@s0__yelp_polarity@s0,trec@s0,yelp_polarity@s0,encoder.layer.1.intermediate.dense,3072,0.002757397975,84.21725139,0,0.002757397975,84.21725139
trec@s0__yelp_polarity@s0,trec@s0,yelp_polarity@s0,encoder.layer.1.output.dense,768,0.01407135997,77.05860355,0,0.01407135997,77.05860355
trec@s0__yelp_polarity@s0,trec@s0,yelp_polarity@s0,encoder.layer.10.attention.output.dense,768,0.02336418066,74.48275096,0,0.02336418066,74.48275096
trec@s0__yelp_polarity@s0,trec@s0,yelp_polarity@s0,encoder.layer.10.attention.self.key,768,0.02454564339,72.74586573,0,0.02454564339,72.74586573
trec@s0__yelp_polarity@s0,trec@s0,yelp_polarity@s0,encoder.layer.10.attention.self.query,768,0.02713302403,72.10787202,0,0.02713302403,72.10787202
trec@s0__yelp_polarity@s0,trec@s0,yelp_polarity@s0,encoder.layer.10.attention.self.value,768,0.02274642992,73.9874211,0,0.02274642992,73.9874211
trec@s0__yelp_polarity@s0,trec@s0,yelp_polarity@s0,encoder.layer.10.intermediate.dense,3072,0.004240286814,83.00365043,0,0.004240286814,83.00365043
trec@s0__yelp_polarity@s0,trec@s0,yelp_polarity@s0,encoder.layer.10.output.dense,768,0.01271287771,79.58890815,0,0.01271287771,79.58890815
trec@s0__yelp_polarity@s0,trec@s0,yelp_polarity@s0,encoder.layer.11.attention.output.dense,768,0.05197904477,65.36776425,0,0.05197904477,65.36776425
trec@s0__yelp_polarity@s0,trec@s0,yelp_polarity@s0,encoder.layer.11.attention.self.key,768,0.0265622243,73.13812676,0,0.0265622243,73.13812676
trec@s0__yelp_polarity@s0,trec@s0,yelp_polarity@s0,encoder.layer.11.attention.self.query,768,0.01915922157,76.92459503,0,0.01915922157,76.92459503
trec@s0__yelp_polarity@s0,trec@s0,yelp_polarity@s0,encoder.layer.11.attention.self.value,768,0.02150034951,73.71100863,0,0.02150034951,73.71100863
trec@s0__yelp_polarity@s0,trec@s0,yelp_polarity@s0,encoder.layer.11.intermediate.dense,3072,0.003824115026,84.35951895,0,0.003824115026,84.35951895
trec@s0__yelp_polarity@s0,trec@s0,yelp_polarity@s0,encoder.layer.11.output.dense,768,0.02471323847,71.85425425,0,0.02471323847,71.85425425
trec@s0__yelp_polarity@s0,trec@s0,yelp_polarity@s0,encoder.layer.2.attention.output.dense,768,0.0126913348,79.2714124,0,0.0126913348,79.2714124
trec@s0__yelp_polarity@s0,trec@s0,yelp_polarity@s0,encoder.layer.2.attention.self.key,768,0.01389946396,77.67966426,0,0.01389946396,77.67966426
trec@s0__yelp_polarity@s0,trec@s0,yelp_polarity@s0,encoder.layer.2.attention.self.query,768,0.01790301225,74.6179412,0,0.01790301225,74.6179412
trec@s0__yelp_polarity@s0,trec@s0,yelp_polarity@s0,encoder.layer.2.attention.self.value,768,0.01507718722,76.97346907,0,0.01507718722,76.97346907
trec@s0__yelp_polarity@s0,trec@s0,yelp_polarity@s0,encoder.layer.2.intermediate.dense,3072,0.003914019854,83.17614024,0,0.003914019854,83.17614024
trec@s0__yelp_polarity@s0,trec@s0,yelp_polarity@s0,encoder.layer.2.output.dense,768,0.01275889526,79.38968361,0,0.01275889526,79.38968361
trec@s0__yelp_polarity@s0,trec@s0,yelp_polarity@s0,encoder.layer.3.attention.output.dense,768,0.011084964,79.19308657,0,0.011084964,79.19308657
trec@s0__yelp_polarity@s0,trec@s0,yelp_polarity@s0,encoder.layer.3.attention.self.key,768,0.01480711437,78.51380623,0,0.01480711437,78.51380623
trec@s0__yelp_polarity@s0,trec@s0,yelp_polarity@s0,encoder.layer.3.attention.self.query,768,0.01753163911,77.15539671,0,0.01753163911,77.15539671
trec@s0__yelp_polarity@s0,trec@s0,yelp_polarity@s0,encoder.layer.3.attention.self.value,768,0.01553402131,77.31176761,0,0.01553402131,77.31176761
trec@s0__yelp_polarity@s0,trec@s0,yelp_polarity@s0,encoder.layer.3.intermediate.dense,3072,0.003018810678,83.84613519,0,0.003018810678,83.84613519
trec@s0__yelp_polarity@s0,trec@s0,yelp_polarity@s0,encoder.layer.3.output.dense,768,0.01674534915,77.61435228,0,0.01674534915,77.61435228
trec@s0__yelp_polarity@s0,trec@s0,yelp_polarity@s0,encoder.layer.4.attention.output.dense,768,0.009614118552,80.1093859,0,0.009614118552,80.1093859
trec@s0__yelp_polarity@s0,trec@s0,yelp_polarity@s0,encoder.layer.4.attention.self.key,768,0.01683000709,77.17897273,0,0.01683000709,77.17897273
trec@s0__yelp_polarity@s0,trec@s0,yelp_polarity@s0,encoder.layer.4.attention.self.query,768,0.01842031206,76.71146869,0,0.01842031206,76.71146869
trec@s0__yelp_polarity@s0,trec@s0,yelp_polarity@s0,encoder.layer.4.attention.self.value,768,0.01194728002,79.93747284,0,0.01194728002,79.93747284
trec@s0__yelp_polarity@s0,trec@s0,yelp_polarity@s0,encoder.layer.4.intermediate.dense,3072,0.003468538473,83.57709724,0,0.003468538473,83.57709724
trec@s0__yelp_polarity@s0,trec@s0,yelp_polarity@s0,encoder.layer.4.output.dense,768,0.01011672053,80.02107441,0,0.01011672053,80.02107441
trec@s0__yelp_polarity@s0,trec@s0,yelp_polarity@s0,encoder.layer.5.attention.output.dense,768,0.01542577079,78.47895144,0,0.01542577079,78.47895144
trec@s0__yelp_polarity@s0,trec@s0,yelp_polarity@s0,encoder.layer.5.attention.self.key,768,0.020871717,76.53097058,0,0.020871717,76.53097058
trec@s0__yelp_polarity@s0,trec@s0,yelp_polarity@s0,encoder.layer.5.attention.self.query,768,0.01408095749,78.48243916,0,0.01408095749,78.48243916
trec@s0__yelp_polarity@s0,trec@s0,yelp_polarity@s0,encoder.layer.5.attention.self.value,768,0.01514211616,78.20324115,0,0.01514211616,78.20324115
trec@s0__yelp_polarity@s0,trec@s0,yelp_polarity@s0,encoder.layer.5.intermediate.dense,3072,0.003322610915,84.50692573,0,0.003322610915,84.50692573
trec@s0__yelp_polarity@s0,trec@s0,yelp_polarity@s0,encoder.layer.5.output.dense,768,0.01375052613,77.46851281,0,0.01375052613,77.46851281
trec@s0__yelp_polarity@s0,trec@s0,yelp_polarity@s0,encoder.layer.6.attention.output.dense,768,0.0172369832,76.49567669,0,0.0172369832,76.49567669
trec@s0__yelp_polarity@s0,trec@s0,yelp_polarity@s0,encoder.layer.6.attention.self.key,768,0.01322713929,78.30602913,0,0.01322713929,78.30602913
trec@s0__yelp_polarity@s0,trec@s0,yelp_polarity@s0,encoder.layer.6.attention.self.query,768,0.0200418815,74.22906203,0,0.0200418815,74.22906203
trec@s0__yelp_polarity@s0,trec@s0,yelp_polarity@s0,encoder.layer.6.attention.self.value,768,0.01326961715,77.21273165,0,0.01326961715,77.21273165
trec@s0__yelp_polarity@s0,trec@s0,yelp_polarity@s0,encoder.layer.6.intermediate.dense,3072,0.002835211752,84.42242468,0,0.002835211752,84.42242468
trec@s0__yelp_polarity@s0,trec@s0,yelp_polarity@s0,encoder.layer.6.output.dense,768,0.01795275923,77.75165396,0,0.01795275923,77.75165396
trec@s0__yelp_polarity@s0,trec@s0,yelp_polarity@s0,encoder.layer.7.attention.output.dense,768,0.01092562929,77.93261622,0,0.01092562929,77.93261622
trec@s0__yelp_polarity@s0,trec@s0,yelp_polarity@s0,encoder.layer.7.attention.self.key,768,0.01923787234,74.99388974,0,0.01923787234,74.99388974
trec@s0__yelp_polarity@s0,trec@s0,yelp_polarity@s0,encoder.layer.7.attention.self.query,768,0.01507817186,77.71266164,0,0.01507817186,77.71266164
trec@s0__yelp_polarity@s0,trec@s0,yelp_polarity@s0,encoder.layer.7.attention.self.value,768,0.0181085859,76.82614521,0,0.0181085859,76.82614521
trec@s0__yelp_polarity@s0,trec@s0,yelp_polarity@s0,encoder.layer.7.intermediate.dense,3072,0.002401792665,84.64014376,0,0.002401792665,84.64014376
trec@s0__yelp_polarity@s0,trec@s0,yelp_polarity@s0,encoder.layer.7.output.dense,768,0.014803753,76.54029326,0,0.014803753,76.54029326
trec@s0__yelp_polarity@s0,trec@s0,yelp_polarity@s0,encoder.layer.8.attention.output.dense,768,0.01307819986,79.98683921,0,0.01307819986,79.98683921
trec@s0__yelp_polarity@s0,trec@s0,yelp_polarity@s0,encoder.layer.8.attention.self.key,768,0.01758566086,75.00468828,0,0.01758566086,75.00468828
trec@s0__yelp_polarity@s0,trec@s0,yelp_polarity@s0,encoder.layer.8.attention.self.query,768,0.01559535648,77.53846233,0,0.01559535648,77.53846233
trec@s0__yelp_polarity@s0,trec@s0,yelp_polarity@s0,encoder.layer.8.attention.self.value,768,0.01584880202,76.17864279,0,0.01584880202,76.17864279
trec@s0__yelp_polarity@s0,trec@s0,yelp_polarity@s0,encoder.layer.8.intermediate.dense,3072,0.002393569695,85.39862483,0,0.002393569695,85.39862483
trec@s0__yelp_polarity@s0,trec@s0,yelp_polarity@s0,encoder.layer.8.output.dense,768,0.01709978497,78.24895742,0,0.01709978497,78.24895742
trec@s0__yelp_polarity@s0,trec@s0,yelp_polarity@s0,encoder.layer.9.attention.output.dense,768,0.01725613655,77.07138368,0,0.01725613655,77.07138368
trec@s0__yelp_polarity@s0,trec@s0,yelp_polarity@s0,encoder.layer.9.attention.self.key,768,0.02008435256,74.52825451,0,0.02008435256,74.52825451
trec@s0__yelp_polarity@s0,trec@s0,yelp_polarity@s0,encoder.layer.9.attention.self.query,768,0.01410059432,77.30313271,0,0.01410059432,77.30313271
trec@s0__yelp_polarity@s0,trec@s0,yelp_polarity@s0,encoder.layer.9.attention.self.value,768,0.01980844918,76.07097726,0,0.01980844918,76.07097726
trec@s0__yelp_polarity@s0,trec@s0,yelp_polarity@s0,encoder.layer.9.intermediate.dense,3072,0.002854783423,84.67354673,0,0.002854783423,84.67354673
trec@s0__yelp_polarity@s0,trec@s0,yelp_polarity@s0,encoder.layer.9.output.dense,768,0.01931482989,74.78933698,0,0.01931482989,74.78933698
trec@s0__yelp_polarity@s0,trec@s0,yelp_polarity@s0,pooler.dense,768,0.04157466251,62.76039911,0,0.04157466251,62.76039911
