backbone,pop,pair,task1,task2,lam_sel,D,lam_np,lam_pp,lam_W1,lam_W2,lam_W3,lam_W4,lam_F1_within,lam_F1_lobo,lam_F2_within,lam_F2_lobo,lam_F3_within,lam_F3_lobo,lam_evalopt,regret_W1,regret_W2,regret_W3,regret_W4,regret_F1_within,regret_F1_lobo,regret_F2_within,regret_F2_lobo,regret_F3_within,regret_F3_lobo,regret_evalopt,regret_sel,U_lam_W1,U_lam_W2,U_lam_W3,U_lam_W4,U_lam_U1_agree,U_lam_Lcal_labeled_ref,U_lam_evalopt_test,U_lam_F1_within,U_lam_F2_within,U_lam_F3_within,U_lam_F1_lobo,U_lam_F2_lobo,U_lam_F3_lobo,U_regret_W1,U_regret_W2,U_regret_W3,U_regret_W4,U_regret_U1_agree,U_regret_Lcal_labeled_ref,U_regret_evalopt_test,U_regret_F1_within,U_regret_F2_within,U_regret_F3_within,U_regret_F1_lobo,U_regret_F2_lobo,U_regret_F3_lobo,M1_within_p_tau0.02,M1_lobo_p_tau0.02,M1_within_p_tau0.05,M1_lobo_p_tau0.05,M1_within_p_tau0.1,M1_lobo_p_tau0.1,M3_Dhat_U
bert,R0,cola-sst2,cola,sst2,0.7,0.0630062247568885,0.6936790763799824,0.9986894199398828,1.0,0.5,0.7,1.0,0.7,0.7,0.7,0.7,0.7,0.7,1.0,-0.1999101821209999,2.32567265307191,0.0,-0.1999101821209999,0.0,0.0,0.0,0.0,0.0,0.0,-0.1999101821209999,0.0,1.0,0.5,0.7,1.0,0.7,1.0,0.7,0.7,0.7,0.7,0.7,0.7,0.7,0.16359822885107997,2.35574458168259,0.0,0.16359822885107997,0.0,0.16359822885107997,0.0,0.0,0.0,0.0,0.0,0.0,0.0,0.772358622322709,0.2770494811398872,0.33554685473969664,0.03964972803422291,0.049323239015415715,0.008867553363661605,0.11499999999999999
bert,R0,cola-mrpc,cola,mrpc,0.7,0.0389904486484853,0.6882998007114087,0.9982551926147832,1.0,0.5,0.7,1.0,0.7,0.7,0.7,0.7,0.7,0.7,0.7,4.853173551445451,4.672009876775161,0.0,4.853173551445451,0.0,0.0,0.0,0.0,0.0,0.0,0.0,0.0,1.0,0.5,0.7,1.0,0.7,0.7,0.7,0.7,0.7,0.7,0.7,0.7,0.7,3.56812551610238,4.11436829066887,0.0,3.56812551610238,0.0,0.0,0.0,0.0,0.0,0.0,0.0,0.0,0.0,0.7273386912705259,0.3275575484189585,0.2541848972787918,0.033932175145453644,0.03892771474622105,0.006003383005475677,0.09750000000000003
bert,R0,cola-stsb,cola,stsb,0.7,0.0284433897435865,0.7010335001945875,0.9995750417509182,1.0,0.5,0.7,1.0,0.7,0.7,0.7,0.7,0.7,0.7,0.7,2.8977214127559696,0.3018293619687796,0.0,2.8977214127559696,0.0,0.0,0.0,0.0,0.0,0.0,0.0,0.0,1.0,0.5,0.7,1.0,0.7,0.7,0.7,0.7,0.7,0.7,0.7,0.7,0.7,2.84356122719836,0.23863378533229007,0.0,2.84356122719836,0.0,0.0,0.0,0.0,0.0,0.0,0.0,0.0,0.0,0.8177977545952676,0.23485338170293177,0.33744305618294224,0.030451838748625008,0.0658333200892614,0.005097518547201718,0.06548882472061801
bert,R0,cola-mnli,cola,mnli,0.7,0.0967825843428703,0.6543054537966505,0.9986605352232472,1.0,0.5,0.7,1.0,0.7,0.7,0.5,0.7,0.7,0.7,0.7,0.7803438869462387,7.942056280655989,0.0,0.7803438869462387,0.0,0.0,7.942056280655989,0.0,0.0,0.0,0.0,0.0,1.0,0.5,0.7,1.0,1.0,1.0,0.7,0.7,0.5,0.7,0.7,0.7,0.7,0.8130010990396799,7.9354359223825695,0.0,0.8130010990396799,0.8130010990396799,0.8130010990396799,0.0,0.0,7.9354359223825695,0.0,0.0,0.0,0.0,0.7440664959608525,0.5006252223037637,0.14026302524650766,0.034589857011399876,0.0001419316637147718,0.004786054560829847,0.19500000000000006
bert,R0,cola-qnli,cola,qnli,0.7,0.0476096821487104,0.6942883506038566,0.9991431175446142,1.0,0.5,0.7,1.0,0.7,0.7,0.7,0.7,0.7,0.7,0.7,2.8564859742444804,3.1888392170417106,0.0,2.8564859742444804,0.0,0.0,0.0,0.0,0.0,0.0,0.0,0.0,1.0,0.5,0.7,1.0,0.7,0.7,0.7,0.7,0.7,0.7,0.7,0.7,0.7,2.74207440539152,3.086388225694339,0.0,2.74207440539152,0.0,0.0,0.0,0.0,0.0,0.0,0.0,0.0,0.0,0.8034574212594825,0.2139988583066616,0.25669007700278346,0.01551464752790685,0.0417037907676409,0.002651320797414985,0.10750000000000004
bert,R0,cola-rte,cola,rte,0.7,0.0340119815306536,0.6596561310449622,0.9980495786189588,1.0,0.5,0.7,1.0,0.7,0.7,0.7,0.7,0.7,0.7,0.7,3.2063020758394303,4.10982197747577,0.0,3.2063020758394303,0.0,0.0,0.0,0.0,0.0,0.0,0.0,0.0,1.0,0.5,0.7,1.0,0.7,0.7,0.7,0.7,0.7,0.7,0.7,0.7,0.7,3.8013937282229895,3.82926829268292,0.0,3.8013937282229895,0.0,0.0,0.0,0.0,0.0,0.0,0.0,0.0,0.0,0.8750398891075052,0.544463481992901,0.5861326816889423,0.0899448244598003,0.0864349638707109,0.011786583816532416,0.11221014492753623
bert,R0,cola-wic,cola,wic,0.7,0.0382384713001708,0.7043335993767473,0.999066552664592,1.0,0.5,0.7,1.0,0.7,0.7,0.7,0.7,0.7,1.0,0.7,1.45255849563184,1.7740091663258197,0.0,1.45255849563184,0.0,0.0,0.0,0.0,0.0,1.45255849563184,0.0,0.0,1.0,0.5,0.7,1.0,0.7,0.7,0.7,0.7,0.7,0.7,0.7,0.7,1.0,1.0091282519397504,0.7688270196257403,0.0,1.0091282519397504,0.0,0.0,0.0,0.0,0.0,0.0,0.0,0.0,1.0091282519397504,0.7582599404540162,0.08353183244448206,0.1927472883286285,0.006427343399303421,0.010846505060065613,0.002236763056520953,0.1499999999999999
bert,R0,cola-snli,cola,snli,0.7,0.0541473916846249,0.6957016904014848,0.9990950117913668,1.0,0.5,0.7,1.0,0.7,0.7,0.7,0.7,0.7,0.7,0.7,4.10821989212126,4.19442637857321,0.0,4.10821989212126,0.0,0.0,0.0,0.0,0.0,0.0,0.0,0.0,1.0,0.5,0.7,1.0,0.7,1.0,0.7,0.7,0.7,0.7,0.7,0.7,0.7,4.497514639793001,4.34835898134277,0.0,4.497514639793001,0.0,4.497514639793001,0.0,0.0,0.0,0.0,0.0,0.0,0.0,0.7613964606221701,0.19067313629703073,0.1983453255347182,0.017859620998197906,0.06383198690475571,0.005388131802155743,0.14749999999999996
bert,R0,cola-scitail,cola,scitail,1.0,0.0341700760376619,0.7061538850331798,0.9995142851730486,1.0,0.5,0.7,1.0,0.7,0.7,0.7,0.7,0.7,1.0,1.0,0.0,9.98017032665873,1.4755553599903701,0.0,1.4755553599903701,1.4755553599903701,1.4755553599903701,1.4755553599903701,1.4755553599903701,0.0,0.0,0.0,1.0,0.5,0.7,1.0,1.0,1.0,1.0,0.7,0.7,0.7,0.7,0.7,1.0,0.0,9.984555984555989,1.5579150579150596,0.0,0.0,0.0,0.0,1.5579150579150596,1.5579150579150596,1.5579150579150596,1.5579150579150596,1.5579150579150596,0.0,0.7397362157234201,0.10487711968941973,0.14824854168116358,0.012938426752357545,0.021708968519444392,0.006766975256433851,0.08999999999999997
bert,R0,cola-ag_news,cola,ag_news,0.7,0.0535043780247926,0.6922795568951349,0.9993374834798764,1.0,0.5,0.7,1.0,0.7,0.7,0.7,0.7,0.7,0.7,1.0,-0.2038476488494194,1.488926594938151,0.0,-0.2038476488494194,0.0,0.0,0.0,0.0,0.0,0.0,-0.2038476488494194,0.0,1.0,0.5,0.7,1.0,0.7,1.0,0.7,0.7,0.7,0.7,0.7,0.7,0.7,0.20425794507867995,1.4508896431142602,0.0,0.20425794507867995,0.0,0.20425794507867995,0.0,0.0,0.0,0.0,0.0,0.0,0.0,0.824206099380331,0.23209674113256828,0.27121417376338236,0.03641409852877066,0.05784805457631199,0.005432229833769869,0.09750000000000003
bert,R0,cola-imdb,cola,imdb,1.0,0.079940725192068,0.7053271134241165,0.9992702794280198,1.0,0.5,0.7,1.0,0.7,0.7,0.7,0.7,0.7,0.7,1.0,0.0,6.161774983901121,2.743890073791949,0.0,2.743890073791949,2.743890073791949,2.743890073791949,2.743890073791949,2.743890073791949,2.743890073791949,0.0,0.0,1.0,0.5,0.7,1.0,1.0,1.0,1.0,0.7,0.7,0.7,0.7,0.7,0.7,0.0,6.0416967154002394,2.6193863502261703,0.0,0.0,0.0,0.0,2.6193863502261703,2.6193863502261703,2.6193863502261703,2.6193863502261703,2.6193863502261703,2.6193863502261703,0.8046173268990042,0.15194974058212213,0.31252782593399003,0.021703956827137993,0.06248933932086367,0.007927522313758106,0.14500000000000002
bert,R0,cola-trec,cola,trec,0.7,0.0361547564817292,0.6954342439104947,0.9986784613180252,1.0,0.5,0.7,1.0,0.7,0.7,0.7,0.7,0.7,0.7,0.7,1.1000320561488697,1.9923017037963695,0.0,1.1000320561488697,0.0,0.0,0.0,0.0,0.0,0.0,0.0,0.0,1.0,0.5,0.7,1.0,0.7,0.7,0.7,0.7,0.7,0.7,0.7,0.7,0.7,1.2713791398912495,1.2444389520514096,0.0,1.2713791398912495,0.0,0.0,0.0,0.0,0.0,0.0,0.0,0.0,0.0,0.8087701507140831,0.34629585794887635,0.38373622759179776,0.049943332136245876,0.05902193080959255,0.012398199075987689,0.08250000000000002
bert,R0,cola-yelp_polarity,cola,yelp_polarity,0.7,0.0646348241154476,0.6982099593590423,0.9992051930347584,1.0,0.5,0.7,1.0,0.7,0.7,0.7,0.7,0.7,0.7,1.0,-0.9251030831448105,0.8168625325826101,0.0,-0.9251030831448105,0.0,0.0,0.0,0.0,0.0,0.0,-0.9251030831448105,0.0,1.0,0.5,0.7,1.0,0.7,1.0,1.0,0.7,0.7,0.7,0.7,0.7,0.7,-0.7730203505943896,0.6771571165083201,0.0,-0.7730203505943896,0.0,-0.7730203505943896,-0.7730203505943896,0.0,0.0,0.0,0.0,0.0,0.0,0.8386820982223762,0.24999147809956065,0.33361156724258284,0.03200648355843916,0.06913428189359132,0.007658671405566736,0.11499999999999999
bert,R0,sst2-mrpc,sst2,mrpc,0.7,0.0147474158742493,0.6543579911861976,0.9987169319594572,1.0,0.5,0.7,1.0,0.7,0.7,0.7,0.7,0.7,0.7,0.7,17.348271433043,4.90381259736568,0.0,17.348271433043,0.0,0.0,0.0,0.0,0.0,0.0,0.0,0.0,1.0,0.5,0.7,1.0,0.7,0.7,0.7,0.7,0.7,0.7,0.7,0.7,0.7,17.94217767258531,4.90622259521541,0.0,17.94217767258531,0.0,0.0,0.0,0.0,0.0,0.0,0.0,0.0,0.0,0.8183086079350126,0.5545702793928231,0.4364800945795779,0.05192536792601738,0.05157032623437159,0.0058229990010005925,0.08499999999999996
bert,R0,sst2-stsb,sst2,stsb,0.5,0.0241027075361259,0.673656390099019,0.998338330226424,1.0,0.5,0.7,1.0,0.7,0.7,0.7,0.7,0.7,0.7,0.5,21.01964756272189,0.0,4.42833614324319,21.01964756272189,4.42833614324319,4.42833614324319,4.42833614324319,4.42833614324319,4.42833614324319,4.42833614324319,0.0,0.0,1.0,0.5,0.7,1.0,0.5,0.5,0.5,0.7,0.7,0.7,0.7,0.7,0.7,21.03040390810801,0.0,4.295161243613059,21.03040390810801,0.0,0.0,0.0,4.295161243613059,4.295161243613059,4.295161243613059,4.295161243613059,4.295161243613059,4.295161243613059,0.8164451671769613,0.527346907901147,0.430494172960222,0.06389302356966091,0.05864493600843269,0.0064654324426758935,0.06257781444536104
bert,R0,sst2-mnli,sst2,mnli,0.7,0.0624187298344601,0.6884037737094287,0.9987345242396356,1.0,0.5,0.7,1.0,0.7,0.7,0.7,0.7,0.7,0.7,0.7,8.372558420712512,1.9666048237476899,0.0,8.372558420712512,0.0,0.0,0.0,0.0,0.0,0.0,0.0,0.0,1.0,0.5,0.7,1.0,0.7,0.7,0.7,0.7,0.7,0.7,0.7,0.7,0.7,8.202415112755391,2.2121594238590196,0.0,8.202415112755391,0.0,0.0,0.0,0.0,0.0,0.0,0.0,0.0,0.0,0.7862245861477208,0.39296407921133186,0.19477324126777415,0.02044550771063477,0.0012387014321516901,0.003933716867641598,0.12749999999999995
bert,R0,sst2-qnli,sst2,qnli,0.5,0.0294928545680053,0.706850780233405,0.9992884739578966,1.0,0.5,0.7,1.0,0.7,0.7,0.7,1.0,0.7,1.0,0.5,13.56095714370088,0.0,0.5441174673582898,13.56095714370088,0.5441174673582898,0.5441174673582898,0.5441174673582898,13.56095714370088,0.5441174673582898,13.56095714370088,0.0,0.0,1.0,0.5,0.7,1.0,0.5,0.5,0.5,0.7,0.7,0.7,0.7,1.0,1.0,13.487321281962519,0.0,0.4623572680077702,13.487321281962519,0.0,0.0,0.0,0.4623572680077702,0.4623572680077702,0.4623572680077702,0.4623572680077702,13.487321281962519,13.487321281962519,0.8000500330093699,0.19103150755802192,0.17398961339635233,0.008653247661707277,0.048657203133376764,0.0013146104931828714,0.07250000000000001
bert,R0,sst2-rte,sst2,rte,0.7,0.0714731585518102,0.6222368019855306,0.9977416311123928,1.0,0.5,0.7,1.0,0.7,0.7,0.7,0.7,0.7,0.7,0.5,7.927590511860179,-1.2172284644194704,0.0,7.927590511860179,0.0,0.0,0.0,0.0,0.0,0.0,-1.2172284644194704,0.0,1.0,0.5,0.7,1.0,0.5,0.5,0.7,0.7,0.7,0.7,0.7,0.7,0.7,11.74849799068952,5.0411809175187905,0.0,11.74849799068952,5.0411809175187905,5.0411809175187905,0.0,0.0,0.0,0.0,0.0,0.0,0.0,0.97667307616148,0.6658268826732592,0.7822740009537931,0.10983297618885154,0.13514567517947945,0.003454754775346754,0.15268115942028992
bert,R0,sst2-wic,sst2,wic,0.5,0.0435393258426966,0.6817808288770498,0.9993307541264648,1.0,0.5,0.7,1.0,0.7,0.7,0.7,0.7,0.7,1.0,0.5,3.3893444005803604,0.0,0.77605695583223,3.3893444005803604,0.77605695583223,0.77605695583223,0.77605695583223,0.77605695583223,0.77605695583223,3.3893444005803604,0.0,0.0,1.0,0.5,0.7,1.0,0.7,0.7,0.5,0.7,0.7,0.7,0.7,0.7,1.0,4.4931698189910705,0.0,1.51926574902669,4.4931698189910705,1.51926574902669,1.51926574902669,0.0,1.51926574902669,1.51926574902669,1.51926574902669,1.51926574902669,1.51926574902669,4.4931698189910705,0.8780964686580572,0.35740656753247835,0.39495506794512064,0.010021542237635019,0.03992735113933922,0.0011006243870527353,0.11250000000000004
bert,R0,sst2-snli,sst2,snli,0.7,0.044497136897617,0.7066379432876927,0.9989180893408962,1.0,0.5,0.7,1.0,0.7,0.7,0.7,1.0,0.7,1.0,0.7,10.27983846811451,0.14906935507498012,0.0,10.27983846811451,0.0,0.0,0.0,10.27983846811451,0.0,10.27983846811451,0.0,0.0,1.0,0.5,0.7,1.0,0.7,0.5,0.7,0.7,0.7,0.7,0.7,1.0,1.0,10.22837721624105,0.23194621771375004,0.0,10.22837721624105,0.0,0.23194621771375004,0.0,0.0,0.0,0.0,0.0,10.22837721624105,10.22837721624105,0.7254924559234395,0.2231648854933934,0.18670108170897032,0.012976964606290449,0.088806120438753,0.003273522390457568,0.09499999999999997
bert,R0,sst2-scitail,sst2,scitail,0.7,0.0351512129969009,0.6872549256261253,0.9985741076222036,1.0,0.5,0.7,1.0,0.7,0.7,0.7,0.7,0.7,0.7,0.7,12.678584801044709,2.07556905552529,0.0,12.678584801044709,0.0,0.0,0.0,0.0,0.0,0.0,0.0,0.0,1.0,0.5,0.7,1.0,0.5,0.5,0.7,0.7,0.7,0.7,0.7,0.7,0.7,12.744698205546493,2.64286659066431,0.0,12.744698205546493,2.64286659066431,2.64286659066431,0.0,0.0,0.0,0.0,0.0,0.0,0.0,0.8529295469625742,0.4154413964518372,0.3303217213105932,0.03579784101153151,0.05716652844053872,0.0062870670167456755,0.12749999999999995
bert,R0,sst2-ag_news,sst2,ag_news,0.7,0.0240663216395822,0.7068627767989099,0.999469952013998,1.0,0.5,0.7,1.0,0.7,0.7,0.7,1.0,0.7,1.0,0.7,0.9923991142274796,0.68619545164843,0.0,0.9923991142274796,0.0,0.0,0.0,0.9923991142274796,0.0,0.9923991142274796,0.0,0.0,1.0,0.5,0.7,1.0,0.7,0.7,0.7,0.7,0.7,0.7,0.7,1.0,1.0,0.8660566534775097,0.5375843994470799,0.0,0.8660566534775097,0.0,0.0,0.0,0.0,0.0,0.0,0.0,0.8660566534775097,0.8660566534775097,0.7881526324942503,0.20291434521124596,0.20031724134705572,0.01713358118141281,0.07909900969386148,0.002195221803857063,0.04500000000000004
bert,R0,sst2-imdb,sst2,imdb,0.7,0.0141726920917295,0.6827382597165932,0.9917550371143168,1.0,0.5,0.7,1.0,0.7,0.7,0.5,0.7,0.5,0.7,0.5,2.05015982213738,-0.23417710330057,0.0,2.05015982213738,0.0,0.0,-0.23417710330057,0.0,-0.23417710330057,0.0,-0.23417710330057,0.0,1.0,0.5,0.7,1.0,0.3,0.3,0.5,0.7,0.5,0.5,0.7,0.7,0.7,1.9654839649119997,-0.09250580395544009,0.0,1.9654839649119997,0.7129357271358698,0.7129357271358698,-0.09250580395544009,0.0,-0.09250580395544009,-0.09250580395544009,0.0,0.0,0.0,0.8848019591496324,0.6634963902155299,0.6701126033429207,0.10496523223226951,0.06866747207694655,0.015804263895170843,0.057499999999999996
bert,R0,sst2-trec,sst2,trec,0.7,0.0149657648436349,0.6645342724571986,0.9991453149407098,1.0,0.5,0.7,1.0,0.7,0.7,0.7,0.7,0.7,0.7,0.7,0.6804382720357302,1.38995510270547,0.0,0.6804382720357302,0.0,0.0,0.0,0.0,0.0,0.0,0.0,0.0,1.0,0.5,0.7,1.0,1.0,1.0,0.7,0.7,0.7,0.7,0.7,0.7,0.7,1.23082915154356,1.42613613913083,0.0,1.23082915154356,1.23082915154356,1.23082915154356,0.0,0.0,0.0,0.0,0.0,0.0,0.0,0.8727572171379632,0.6548454356953163,0.5502319314207981,0.08131401640394811,0.04695839416466792,0.008641909828685235,0.050000000000000044
bert,R0,sst2-yelp_polarity,sst2,yelp_polarity,0.5,0.0094066269613286,0.7045526203936774,0.9941211047055902,1.0,0.5,0.7,1.0,0.7,0.7,0.7,0.7,0.5,0.7,0.5,1.8303898058754202,0.0,0.34795588112924003,1.8303898058754202,0.34795588112924003,0.34795588112924003,0.34795588112924003,0.34795588112924003,0.0,0.34795588112924003,0.0,0.0,1.0,0.5,0.7,1.0,0.5,0.5,0.5,0.7,0.7,0.5,0.7,0.7,0.7,1.4019239928488798,0.0,0.2991404810707799,1.4019239928488798,0.0,0.0,0.0,0.2991404810707799,0.2991404810707799,0.0,0.2991404810707799,0.2991404810707799,0.2991404810707799,0.9094276496911423,0.4437465153806626,0.5354996712988427,0.06335679832470878,0.09703945961122203,0.01212266991306006,0.030000000000000027
bert,R0,mrpc-stsb,mrpc,stsb,0.7,0.0403468982275438,0.7010572697644938,0.993603540550158,1.0,0.5,0.7,1.0,0.7,0.7,0.5,0.7,0.5,0.7,0.7,3.2235792101803504,3.1490535137694904,0.0,3.2235792101803504,0.0,0.0,3.1490535137694904,0.0,3.1490535137694904,0.0,0.0,0.0,1.0,0.5,0.7,1.0,0.7,0.7,0.7,0.7,0.5,0.5,0.7,0.7,0.7,1.5585884917390502,2.3398943146484403,0.0,1.5585884917390502,0.0,0.0,0.0,0.0,2.3398943146484403,2.3398943146484403,0.0,0.0,0.0,0.3192801636460727,0.38651760555835973,0.23232742047013494,0.04432806940687624,0.011530420860888208,0.0055083742582172435,0.09049351233780845
bert,R0,mrpc-mnli,mrpc,mnli,0.5,0.0652007934428684,0.60996354697382,0.9975928115918716,1.0,0.5,0.7,1.0,0.7,0.7,0.5,0.7,0.5,1.0,0.5,19.07025319952449,0.0,6.1446019329922095,19.07025319952449,6.1446019329922095,6.1446019329922095,0.0,6.1446019329922095,0.0,19.07025319952449,0.0,0.0,1.0,0.5,0.7,1.0,0.5,0.5,0.5,0.7,0.5,0.5,0.7,0.7,1.0,19.574336397376417,0.0,6.473930118238671,19.574336397376417,0.0,0.0,0.0,6.473930118238671,0.0,0.0,6.473930118238671,6.473930118238671,19.574336397376417,0.7343989556915724,0.6850409427920487,0.5258425843815204,0.10995027721291234,3.481021666765354e-07,0.017823904130508862,0.1975
bert,R0,mrpc-qnli,mrpc,qnli,0.7,0.0588013196308606,0.6549016720562408,0.997777301130778,1.0,0.5,0.7,1.0,0.7,0.7,0.7,0.7,0.7,0.7,0.5,13.578311652899949,-0.6824987894373101,0.0,13.578311652899949,0.0,0.0,0.0,0.0,0.0,0.0,-0.6824987894373101,0.0,1.0,0.5,0.7,1.0,0.5,0.5,0.5,0.7,0.7,0.7,0.7,0.7,0.7,12.89872103559555,-1.5303183898670802,0.0,12.89872103559555,-1.5303183898670802,-1.5303183898670802,-1.5303183898670802,0.0,0.0,0.0,0.0,0.0,0.0,0.6487734876423575,0.5888258207123654,0.33909065833351854,0.05265335192714371,0.04623979235376682,0.003818754300654921,0.11749999999999994
bert,R0,mrpc-rte,mrpc,rte,0.5,0.078085030599359,0.6956425562640604,0.9941863897376888,1.0,0.5,0.7,1.0,0.7,0.7,0.7,0.7,0.5,0.7,0.5,12.353884013858748,0.0,1.5267299161350696,12.353884013858748,1.5267299161350696,1.5267299161350696,1.5267299161350696,1.5267299161350696,0.0,1.5267299161350696,0.0,0.0,1.0,0.5,0.7,1.0,0.5,0.5,0.7,0.7,0.7,0.5,0.7,0.7,0.7,7.384040603411821,0.0,-2.0865642182433404,7.384040603411821,0.0,0.0,-2.0865642182433404,-2.0865642182433404,-2.0865642182433404,0.0,-2.0865642182433404,-2.0865642182433404,-2.0865642182433404,0.32030861576301356,0.4101436131483196,0.21154970566661116,0.054877209345147504,0.02315021599798146,0.013482234657654139,0.19405797101449274
bert,R0,mrpc-wic,mrpc,wic,1.0,0.0862021964327439,0.6984368715492322,0.9978046505678676,1.0,0.5,0.7,1.0,0.7,0.7,0.7,0.7,0.5,0.7,0.7,0.0,1.6333696809201201,-0.28948256613963025,0.0,-0.28948256613963025,-0.28948256613963025,-0.28948256613963025,-0.28948256613963025,1.6333696809201201,-0.28948256613963025,-0.28948256613963025,0.0,1.0,0.5,0.7,1.0,0.5,0.7,1.0,0.7,0.7,0.5,0.7,0.7,0.7,0.0,1.3684463240318399,0.08310402777521042,0.0,1.3684463240318399,0.08310402777521042,0.0,0.08310402777521042,0.08310402777521042,1.3684463240318399,0.08310402777521042,0.08310402777521042,0.08310402777521042,0.5907953124940114,0.37276327350781224,0.13707430132031956,0.012010658319714412,0.0019082718711985313,0.0033062756285685323,0.17999999999999994
bert,R0,mrpc-snli,mrpc,snli,0.5,0.0759928736177493,0.6572045187461732,0.998010995954929,1.0,0.5,0.7,1.0,0.7,0.7,0.7,0.7,0.7,0.7,0.5,16.527015819020853,0.0,2.17405128774535,16.527015819020853,2.17405128774535,2.17405128774535,2.17405128774535,2.17405128774535,2.17405128774535,2.17405128774535,0.0,0.0,1.0,0.5,0.7,1.0,0.5,0.7,0.5,0.7,0.7,0.7,0.7,0.7,0.7,15.67719325313951,0.0,2.3744400116819304,15.67719325313951,0.0,2.3744400116819304,0.0,2.3744400116819304,2.3744400116819304,2.3744400116819304,2.3744400116819304,2.3744400116819304,2.3744400116819304,0.8161729495762144,0.5581123353412534,0.4027696990416242,0.04323640998940596,0.04530051356426378,0.006724987459022624,0.135
bert,R0,mrpc-scitail,mrpc,scitail,0.7,0.0324627811100666,0.6932147403877951,0.9937939006153688,1.0,0.5,0.7,1.0,0.7,0.7,0.5,0.7,0.3,0.7,0.7,11.082668914678932,3.9333505407306006,0.0,11.082668914678932,0.0,0.0,3.9333505407306006,0.0,17.089313495887982,0.0,0.0,0.0,1.0,0.5,0.7,1.0,0.7,0.7,0.7,0.7,0.5,0.3,0.7,0.7,0.7,11.04263842703149,4.52607851451782,0.0,11.04263842703149,0.0,0.0,0.0,0.0,4.52607851451782,17.30784252460552,0.0,0.0,0.0,0.5232096185601474,0.5166093140168199,0.2425278326076018,0.05318228118140231,0.1566587564392364,0.00418205085799602,0.11499999999999999
bert,R0,mrpc-ag_news,mrpc,ag_news,0.7,0.0806110528063444,0.6521778775205065,0.9999128487867672,1.0,0.5,0.7,1.0,0.7,0.7,0.7,0.7,0.7,0.7,0.7,14.450223752957992,0.7414871674305503,0.0,14.450223752957992,0.0,0.0,0.0,0.0,0.0,0.0,0.0,0.0,1.0,0.5,0.7,1.0,0.5,0.5,0.7,0.7,0.7,0.7,0.7,0.7,0.7,15.492702780309358,3.19358959953724,0.0,15.492702780309358,3.19358959953724,3.19358959953724,0.0,0.0,0.0,0.0,0.0,0.0,0.0,0.7949617425158315,0.551102502704218,0.3577600380438262,0.06606563880783388,0.04901886300570023,0.006575583451362771,0.14500000000000002
bert,R0,mrpc-imdb,mrpc,imdb,0.7,0.0480321971132327,0.696758757900773,0.9986239815144904,1.0,0.5,0.7,1.0,0.7,0.7,0.7,0.7,0.7,0.7,0.7,0.7164612324240802,3.6372192566020507,0.0,0.7164612324240802,0.0,0.0,0.0,0.0,0.0,0.0,0.0,0.0,1.0,0.5,0.7,1.0,0.7,0.7,0.7,0.7,0.7,0.7,0.7,0.7,0.7,0.28735937097941966,3.3635901816339393,0.0,0.28735937097941966,0.0,0.0,0.0,0.0,0.0,0.0,0.0,0.0,0.0,0.8388986644857791,0.43421960195699705,0.30958799280349886,0.03192548092673295,0.029940275784046937,0.004931705384712049,0.11250000000000004
bert,R0,mrpc-trec,mrpc,trec,1.0,-0.0005877053239538,0.7059785163555786,0.9997630441148436,1.0,0.5,0.7,1.0,0.7,0.7,0.7,0.7,0.7,0.7,1.0,0.0,9.88776916605507,4.46685878962534,0.0,4.46685878962534,4.46685878962534,4.46685878962534,4.46685878962534,4.46685878962534,4.46685878962534,0.0,0.0,1.0,0.5,0.7,1.0,1.0,1.0,1.0,0.7,0.7,0.7,0.7,0.7,0.7,0.0,9.18955137308237,4.2212532751964895,0.0,0.0,0.0,0.0,4.2212532751964895,4.2212532751964895,4.2212532751964895,4.2212532751964895,4.2212532751964895,4.2212532751964895,0.8353865525460099,0.31795747239597766,0.2642420865800432,0.022403005600761812,0.04917998004932778,0.0033983014648168654,0.04500000000000004
bert,R0,mrpc-yelp_polarity,mrpc,yelp_polarity,0.7,0.0306139673411394,0.6615792211655893,0.9987782486087634,1.0,0.5,0.7,1.0,0.7,0.7,0.7,0.7,0.7,0.7,0.7,14.680296633600149,5.3196175881042596,0.0,14.680296633600149,0.0,0.0,0.0,0.0,0.0,0.0,0.0,0.0,1.0,0.5,0.7,1.0,0.7,0.7,0.7,0.7,0.7,0.7,0.7,0.7,0.7,13.28786779392942,4.023038604839891,0.0,13.28786779392942,0.0,0.0,0.0,0.0,0.0,0.0,0.0,0.0,0.0,0.8239928400242943,0.5532114864885079,0.40118299440064753,0.050262832613444004,0.04594067433984701,0.006509044757626107,0.08999999999999997
bert,R0,stsb-mnli,stsb,mnli,0.7,0.0757443507538211,0.6290342987782899,0.9956545641826352,1.0,0.5,0.7,1.0,0.7,0.7,0.5,0.7,0.5,0.7,0.7,6.891427884573528,1.9805239499339296,0.0,6.891427884573528,0.0,0.0,1.9805239499339296,0.0,1.9805239499339296,0.0,0.0,0.0,1.0,0.5,0.7,1.0,0.7,0.5,0.7,0.7,0.5,0.5,0.7,0.7,0.7,6.961810689899848,2.185946446336319,0.0,6.961810689899848,0.0,2.185946446336319,0.0,0.0,2.185946446336319,2.185946446336319,0.0,0.0,0.0,0.5924711421707527,0.7977759631943443,0.25126096680554705,0.11510916140219525,1.4706395369169125e-05,0.02519400853184612,0.14646272406810157
bert,R0,stsb-qnli,stsb,qnli,0.7,0.0423101203919701,0.6738401615417277,0.996115181794764,1.0,0.5,0.7,1.0,0.7,0.7,0.7,0.7,0.7,0.7,0.7,3.22727866751408,0.4697108814896399,0.0,3.22727866751408,0.0,0.0,0.0,0.0,0.0,0.0,0.0,0.0,1.0,0.5,0.7,1.0,0.7,0.5,0.7,0.7,0.7,0.7,0.7,0.7,0.7,3.1959168520287795,0.5203272507307101,0.0,3.1959168520287795,0.0,0.5203272507307101,0.0,0.0,0.0,0.0,0.0,0.0,0.0,0.6153231246224808,0.5861354681633256,0.4006312303520783,0.07360338397909887,0.03324894590474467,0.0051021631027961725,0.07961205280132
bert,R0,stsb-rte,stsb,rte,1.0,0.0228854389976911,0.6816703620507698,0.9947768355529216,1.0,0.5,0.7,1.0,0.7,0.7,0.7,0.7,0.5,0.7,1.0,0.0,1.28706435245147,0.0008405304531399621,0.0,0.0008405304531399621,0.0008405304531399621,0.0008405304531399621,0.0008405304531399621,1.28706435245147,0.0008405304531399621,0.0,0.0,1.0,0.5,0.7,1.0,1.0,1.0,0.7,0.7,0.7,0.5,0.7,0.7,0.7,0.0,2.3957474322682604,-0.55810314733294,0.0,0.0,0.0,-0.55810314733294,-0.55810314733294,-0.55810314733294,2.3957474322682604,-0.55810314733294,-0.55810314733294,-0.55810314733294,0.5871351476390582,0.5286655632165307,0.5378185821695871,0.11243324204625402,0.079452627668524,0.01599953714622529,0.13210584612441378
bert,R0,stsb-wic,stsb,wic,0.7,0.0160857993046096,0.7055384216739373,0.9977602443842376,1.0,0.5,0.7,1.0,0.7,0.7,0.7,0.7,0.5,1.0,0.7,2.8746267153250002,1.1376855933166001,0.0,2.8746267153250002,0.0,0.0,0.0,0.0,1.1376855933166001,2.8746267153250002,0.0,0.0,1.0,0.5,0.7,1.0,0.7,1.0,0.7,0.7,0.7,0.5,0.7,0.7,1.0,4.45853819907681,0.2536837238060301,0.0,4.45853819907681,0.0,4.45853819907681,0.0,0.0,0.0,0.2536837238060301,0.0,0.0,4.45853819907681,0.6159517789020515,0.25801271808921594,0.2630326792676397,0.014726933500371159,0.003346461028128807,0.0013325504336942978,0.09661835295882382
bert,R0,stsb-snli,stsb,snli,0.7,0.0713866910197758,0.6757157844334235,0.9957134048360206,1.0,0.5,0.7,1.0,0.7,0.7,0.7,0.7,0.5,0.7,0.5,4.916645331886231,-0.8388576165281894,0.0,4.916645331886231,0.0,0.0,0.0,0.0,-0.8388576165281894,0.0,-0.8388576165281894,0.0,1.0,0.5,0.7,1.0,0.5,0.5,0.5,0.7,0.7,0.5,0.7,0.7,0.7,5.0156980451908595,-0.8080693521313999,0.0,5.0156980451908595,-0.8080693521313999,-0.8080693521313999,-0.8080693521313999,0.0,0.0,-0.8080693521313999,0.0,0.0,0.0,0.6214013329073022,0.5726820501339643,0.4641297061107648,0.08123727998243453,0.06399670391729072,0.011165355078402028,0.12097558688967225
bert,R0,stsb-scitail,stsb,scitail,0.7,0.0135479218596458,0.7028677882480531,0.9948532936166018,1.0,0.5,0.7,1.0,0.7,0.7,0.5,0.7,0.5,0.7,0.7,7.741950368292419,0.8485985403215601,0.0,7.741950368292419,0.0,0.0,0.8485985403215601,0.0,0.8485985403215601,0.0,0.0,0.0,1.0,0.5,0.7,1.0,0.7,0.7,0.7,0.7,0.5,0.5,0.7,0.7,0.7,7.911337948000679,0.7164295326494201,0.0,7.911337948000679,0.0,0.0,0.0,0.0,0.7164295326494201,0.7164295326494201,0.0,0.0,0.0,0.5216129284922449,0.37006960478507334,0.3425648261454981,0.04940841526983725,0.017783568760652933,0.0069326329163343315,0.062117302932573226
bert,R0,stsb-ag_news,stsb,ag_news,0.5,0.0307688388746542,0.6716051279626689,0.9990419956283556,1.0,0.5,0.7,1.0,0.7,0.7,0.7,0.7,0.7,0.7,0.5,9.27986107966162,0.0,1.0246425947706899,9.27986107966162,1.0246425947706899,1.0246425947706899,1.0246425947706899,1.0246425947706899,1.0246425947706899,1.0246425947706899,0.0,0.0,1.0,0.5,0.7,1.0,0.5,0.7,0.5,0.7,0.7,0.7,0.7,0.7,0.7,9.118139904388281,0.0,1.06587486382856,9.118139904388281,0.0,1.06587486382856,0.0,1.06587486382856,1.06587486382856,1.06587486382856,1.06587486382856,1.06587486382856,1.06587486382856,0.8447252007250869,0.5279766906087081,0.37312933280916555,0.07413313051975635,0.05520220267403148,0.005581503150125071,0.06850015000374998
bert,R0,stsb-imdb,stsb,imdb,0.7,0.0031600330390084,0.7054024933719053,0.999393288717269,1.0,0.5,0.7,1.0,0.7,0.7,0.7,0.7,0.7,1.0,0.7,1.25990188007064,0.55177066461397,0.0,1.25990188007064,0.0,0.0,0.0,0.0,0.0,1.25990188007064,0.0,0.0,1.0,0.5,0.7,1.0,0.7,0.5,0.7,0.7,0.7,0.7,0.7,0.7,1.0,1.25194666880219,0.5578068519317001,0.0,1.25194666880219,0.0,0.5578068519317001,0.0,0.0,0.0,0.0,0.0,0.0,1.25194666880219,0.8797199215721732,0.262170112655592,0.2822186415889901,0.02514561817995347,0.05164232084058132,0.003098623688482326,0.04044982374559358
bert,R0,stsb-trec,stsb,trec,0.7,0.0662440958153672,0.7059155281544623,0.999344233910918,1.0,0.5,0.7,1.0,0.7,0.7,0.7,0.7,0.7,1.0,0.7,13.01663298908386,2.8842315921068504,0.0,13.01663298908386,0.0,0.0,0.0,0.0,0.0,13.01663298908386,0.0,0.0,1.0,0.5,0.7,1.0,0.7,0.7,0.7,0.7,0.7,0.7,0.7,0.7,1.0,13.87269838998586,2.21486730887287,0.0,13.87269838998586,0.0,0.0,0.0,0.0,0.0,0.0,0.0,0.0,13.87269838998586,0.8576700548417039,0.3495740230120176,0.4192822502891062,0.0336480898088851,0.06530675597789888,0.004236759789282587,0.10553645091127273
bert,R0,stsb-yelp_polarity,stsb,yelp_polarity,0.5,0.0204506920343365,0.6803560678532801,0.999375055119083,1.0,0.5,0.7,1.0,0.7,0.7,0.7,0.7,0.7,0.7,0.5,16.49233168132846,0.0,4.043638989002201,16.49233168132846,4.043638989002201,4.043638989002201,4.043638989002201,4.043638989002201,4.043638989002201,4.043638989002201,0.0,0.0,1.0,0.5,0.7,1.0,0.5,0.5,0.5,0.7,0.7,0.7,0.7,0.7,0.7,16.71062896000245,0.0,3.98309448488958,16.71062896000245,0.0,0.0,0.0,3.98309448488958,3.98309448488958,3.98309448488958,3.98309448488958,3.98309448488958,3.98309448488958,0.8872446581014747,0.49914725764703927,0.38585861915259406,0.0489411814828297,0.06551458097960888,0.004772170836710653,0.06551507537688439
bert,R0,mnli-qnli,mnli,qnli,0.5,0.1892581977177643,0.6870073342230149,0.9939347399991644,1.0,0.5,0.7,1.0,0.7,0.7,0.5,0.7,0.5,0.7,0.5,8.79492313015966,0.0,5.108914914030269,8.79492313015966,5.108914914030269,5.108914914030269,0.0,5.108914914030269,0.0,5.108914914030269,0.0,0.0,1.0,0.5,0.7,1.0,0.7,0.7,0.5,0.7,0.5,0.5,0.7,0.7,0.7,8.980359138806032,0.0,5.264536651079579,8.980359138806032,5.264536651079579,5.264536651079579,0.0,5.264536651079579,0.0,0.0,5.264536651079579,5.264536651079579,5.264536651079579,0.3968914898341205,0.5265749760505589,0.1288554648161956,0.023943504478520294,0.00090728753715517,0.0035950185082248383,0.2925
bert,R0,mnli-rte,mnli,rte,0.7,-0.0420438042428412,0.5829403822881979,0.993402821360146,1.0,0.5,0.5,1.0,0.7,0.7,0.3,0.7,0.5,0.7,0.7,2.9674873013557,2.2299236344180304,2.2299236344180304,2.9674873013557,0.0,0.0,28.88950268565036,0.0,2.2299236344180304,0.0,0.0,0.0,1.0,0.5,0.5,1.0,0.7,1.0,0.7,0.7,0.3,0.5,0.7,0.7,0.7,5.5396368379120995,1.29026205131519,1.29026205131519,5.5396368379120995,0.0,5.5396368379120995,0.0,0.0,32.625065751225044,1.29026205131519,0.0,0.0,0.0,0.7023277189351551,0.8842709103685328,0.4476818128411058,0.0525397118007479,2.547846066934795e-06,0.0009909179712980743,0.16170289855072462
bert,R0,mnli-wic,mnli,wic,0.7,0.1032580354008925,0.6382012387180165,0.9985292514294508,1.0,0.5,0.7,1.0,0.7,0.7,0.5,1.0,0.5,1.0,0.7,2.1645439502582295,8.87688244831102,0.0,2.1645439502582295,0.0,0.0,8.87688244831102,2.1645439502582295,8.87688244831102,2.1645439502582295,0.0,0.0,1.0,0.5,0.7,1.0,1.0,0.7,0.7,0.7,0.5,0.5,0.7,1.0,1.0,2.0870730931909014,9.0701743146141,0.0,2.0870730931909014,2.0870730931909014,0.0,0.0,0.0,9.0701743146141,9.0701743146141,0.0,2.0870730931909014,2.0870730931909014,0.7200277792299898,0.6677320530303883,0.34669018879023644,0.016535963233527847,0.001856748442917042,0.0012467481667129243,0.2825
bert,R0,mnli-snli,mnli,snli,0.5,0.0498789676673088,0.6849973696405056,0.9943232537305278,1.0,0.5,0.7,1.0,0.7,0.7,0.5,0.7,0.5,0.7,0.5,9.376599549229018,0.0,2.1690726919648697,9.376599549229018,2.1690726919648697,2.1690726919648697,0.0,2.1690726919648697,0.0,2.1690726919648697,0.0,0.0,1.0,0.5,0.7,1.0,0.7,0.5,0.5,0.7,0.5,0.5,0.7,0.7,0.7,9.42733568090782,0.0,2.16051227883887,9.42733568090782,2.16051227883887,0.0,0.0,2.16051227883887,0.0,0.0,2.16051227883887,2.16051227883887,2.16051227883887,0.467497071660708,0.5384174998866831,0.08724099010909676,0.03879753722406013,0.0006708163994335302,0.00795697807062316,0.15500000000000003
bert,R0,mnli-scitail,mnli,scitail,0.5,0.0961434816699519,0.6450142159684017,0.997258231622736,1.0,0.5,0.7,1.0,0.7,0.7,0.5,1.0,0.5,0.7,0.5,17.417725288367368,0.0,8.395636135981249,17.417725288367368,8.395636135981249,8.395636135981249,0.0,17.417725288367368,0.0,8.395636135981249,0.0,0.0,1.0,0.5,0.7,1.0,0.5,0.5,0.5,0.7,0.5,0.5,0.7,1.0,0.7,17.73027486705127,0.0,8.48703211075516,17.73027486705127,0.0,0.0,0.0,8.48703211075516,0.0,0.0,8.48703211075516,17.73027486705127,8.48703211075516,0.6504717993829232,0.6870748835748811,0.2738343807354018,0.04557192615585326,0.000868061414611909,0.007544156848031739,0.20500000000000007
bert,R0,mnli-ag_news,mnli,ag_news,0.7,0.0724959469222354,0.6902308296926964,0.9991356451700104,1.0,0.5,0.7,1.0,0.7,0.7,0.7,0.7,0.7,0.7,0.7,2.44066278549038,10.29601381037162,0.0,2.44066278549038,0.0,0.0,0.0,0.0,0.0,0.0,0.0,0.0,1.0,0.5,0.7,1.0,0.7,1.0,0.7,0.7,0.7,0.7,0.7,0.7,0.7,2.4924253505803406,10.34688530252425,0.0,2.4924253505803406,0.0,2.4924253505803406,0.0,0.0,0.0,0.0,0.0,0.0,0.0,0.7984612405923086,0.37889130974270935,0.08308884044427865,0.01669373436174122,0.0005759431952686826,0.0022278930417899273,0.16249999999999998
bert,R0,mnli-imdb,mnli,imdb,0.7,0.0477317868850476,0.6417193188882936,0.9993114621085049,1.0,0.5,0.7,1.0,0.7,0.7,0.5,1.0,0.7,1.0,0.7,1.30727507088165,8.09671223359693,0.0,1.30727507088165,0.0,0.0,8.09671223359693,1.30727507088165,0.0,1.30727507088165,0.0,0.0,1.0,0.5,0.7,1.0,0.7,1.0,0.7,0.7,0.5,0.7,0.7,1.0,1.0,1.34563268628166,8.16233936790206,0.0,1.34563268628166,0.0,1.34563268628166,0.0,0.0,8.16233936790206,0.0,0.0,1.34563268628166,1.34563268628166,0.7844591878162491,0.5991318402993382,0.35275218285184295,0.04061307017439373,2.3341266987096886e-05,0.00603876644670101,0.14249999999999996
bert,R0,mnli-trec,mnli,trec,0.7,0.1381463257239654,0.619617905103092,0.998472146709847,1.0,0.5,0.7,1.0,0.7,0.7,0.5,1.0,0.5,1.0,0.7,1.190610631604419,15.379527304993152,0.0,1.190610631604419,0.0,0.0,15.379527304993152,1.190610631604419,15.379527304993152,1.190610631604419,0.0,0.0,1.0,0.5,0.7,1.0,1.0,1.0,0.7,0.7,0.5,0.5,0.7,1.0,1.0,2.30346662267764,16.28477390822789,0.0,2.30346662267764,2.30346662267764,2.30346662267764,0.0,0.0,16.28477390822789,16.28477390822789,0.0,2.30346662267764,2.30346662267764,0.8251401491111353,0.83069089275591,0.24678815994693323,0.0439590334105593,1.4471540954745285e-05,0.005673229692161985,0.19500000000000006
bert,R0,mnli-yelp_polarity,mnli,yelp_polarity,0.7,0.0611152473397913,0.682478631572599,0.9980893592646796,1.0,0.5,0.7,1.0,0.7,0.7,0.5,0.7,0.7,0.7,0.7,2.88328820516097,5.003494483213241,0.0,2.88328820516097,0.0,0.0,5.003494483213241,0.0,0.0,0.0,0.0,0.0,1.0,0.5,0.7,1.0,0.7,0.7,0.7,0.7,0.5,0.7,0.7,0.7,0.7,2.86571476349729,4.975075598037409,0.0,2.86571476349729,0.0,0.0,0.0,0.0,4.975075598037409,0.0,0.0,0.0,0.0,0.8036323572090418,0.48361241038414093,0.20300840917787516,0.022247330501391653,0.0005071564543881885,0.004290215909685561,0.15500000000000003
bert,R0,qnli-rte,qnli,rte,0.5,0.0541452059314111,0.6224319223813195,0.993452463389764,1.0,0.5,0.7,1.0,0.7,0.7,0.7,0.7,0.5,0.7,0.5,16.619773814542587,0.0,5.79279469179024,16.619773814542587,5.79279469179024,5.79279469179024,5.79279469179024,5.79279469179024,0.0,5.79279469179024,0.0,0.0,1.0,0.5,0.7,1.0,0.5,0.5,0.5,0.7,0.7,0.5,0.7,0.7,0.7,10.98193047722735,0.0,1.4740179663273296,10.98193047722735,0.0,0.0,0.0,1.4740179663273296,1.4740179663273296,0.0,1.4740179663273296,1.4740179663273296,1.4740179663273296,0.8539120670666409,0.7156560435841494,0.8536700458772409,0.14308557312343423,0.1327072106070715,0.005925058866898399,0.1971739130434782
bert,R0,qnli-wic,qnli,wic,0.7,0.078783820525256,0.6822933857153396,0.998837710710586,1.0,0.5,0.7,1.0,0.7,0.7,0.7,0.7,0.7,0.7,0.7,1.6441808856164504,1.65639742515762,0.0,1.6441808856164504,0.0,0.0,0.0,0.0,0.0,0.0,0.0,0.0,1.0,0.5,0.7,1.0,0.5,0.7,0.7,0.7,0.7,0.7,0.7,0.7,0.7,2.1615341411009195,2.0561305423064002,0.0,2.1615341411009195,2.0561305423064002,0.0,0.0,0.0,0.0,0.0,0.0,0.0,0.0,0.8033741359482833,0.4521368068702753,0.36383226433375254,0.01918810530100281,0.0031895275653184164,0.0020873384590700044,0.17999999999999994
bert,R0,qnli-snli,qnli,snli,0.5,0.0679984601011933,0.7063154409347797,0.9978484738356916,1.0,0.5,0.7,1.0,0.7,0.7,0.7,0.7,0.7,1.0,0.5,21.52446410664442,0.0,7.05965155623106,21.52446410664442,7.05965155623106,7.05965155623106,7.05965155623106,7.05965155623106,7.05965155623106,21.52446410664442,0.0,0.0,1.0,0.5,0.7,1.0,0.5,0.5,0.5,0.7,0.7,0.7,0.7,0.7,1.0,21.64962934266226,0.0,7.069724800614989,21.64962934266226,0.0,0.0,0.0,7.069724800614989,7.069724800614989,7.069724800614989,7.069724800614989,7.069724800614989,21.64962934266226,0.5572763929075241,0.21987560323522726,0.17661733682633396,0.007262418469173009,0.036049538842935235,0.0016779356776484696,0.12749999999999995
bert,R0,qnli-scitail,qnli,scitail,0.5,0.0430870076043434,0.6873571943500477,0.996891023577228,1.0,0.5,0.7,1.0,0.7,0.7,0.7,0.7,0.7,0.7,0.5,20.90466454697658,0.0,9.04755027003263,20.90466454697658,9.04755027003263,9.04755027003263,9.04755027003263,9.04755027003263,9.04755027003263,9.04755027003263,0.0,0.0,1.0,0.5,0.7,1.0,0.5,0.5,0.5,0.7,0.7,0.7,0.7,0.7,0.7,20.960219489942357,0.0,8.95559723040154,20.960219489942357,0.0,0.0,0.0,8.95559723040154,8.95559723040154,8.95559723040154,8.95559723040154,8.95559723040154,8.95559723040154,0.7346179472630574,0.4885415044726981,0.35391817703804224,0.03791183552174711,0.006322897377411511,0.004602088347963354,0.10749999999999993
bert,R0,qnli-ag_news,qnli,ag_news,0.7,0.0664054014253366,0.7067343644050967,0.9991837076824354,1.0,0.5,0.7,1.0,0.7,0.7,0.7,1.0,0.7,1.0,0.7,1.0278679494057197,3.68123193804364,0.0,1.0278679494057197,0.0,0.0,0.0,1.0278679494057197,0.0,1.0278679494057197,0.0,0.0,1.0,0.5,0.7,1.0,0.7,0.7,0.7,0.7,0.7,0.7,0.7,1.0,1.0,1.0390899635581499,3.5304638290244204,0.0,1.0390899635581499,0.0,0.0,0.0,0.0,0.0,0.0,0.0,1.0390899635581499,1.0390899635581499,0.8332442112685782,0.15354175566868156,0.15324882466228862,0.007793918769150265,0.046975168386932414,0.0005308705944424317,0.11499999999999999
bert,R0,qnli-imdb,qnli,imdb,0.7,0.0186472151118513,0.6851293430315679,0.9990467256383512,1.0,0.5,0.7,1.0,0.7,0.7,0.7,0.7,0.7,0.7,0.7,0.7571490853196798,3.7589898677672697,0.0,0.7571490853196798,0.0,0.0,0.0,0.0,0.0,0.0,0.0,0.0,1.0,0.5,0.7,1.0,0.7,0.7,0.7,0.7,0.7,0.7,0.7,0.7,0.7,0.6867678310561499,3.70085512488042,0.0,0.6867678310561499,0.0,0.0,0.0,0.0,0.0,0.0,0.0,0.0,0.0,0.885377111692436,0.4349929863864151,0.36228394788353685,0.0280594505874144,0.03543109967985461,0.0026867790943271193,0.050000000000000044
bert,R0,qnli-trec,qnli,trec,0.7,0.069613177564096,0.6649945366718285,0.9982885195562612,1.0,0.5,0.7,1.0,0.7,0.7,0.7,0.7,0.7,0.7,0.7,6.6938426906332404,0.08929204705500904,0.0,6.6938426906332404,0.0,0.0,0.0,0.0,0.0,0.0,0.0,0.0,1.0,0.5,0.7,1.0,0.7,0.7,0.5,0.7,0.7,0.7,0.7,0.7,0.7,7.205496218074341,-0.21993217202508908,0.0,7.205496218074341,0.0,0.0,-0.21993217202508908,0.0,0.0,0.0,0.0,0.0,0.0,0.8882917269041813,0.6401325246994183,0.4764789512304328,0.044889690689077784,0.03269620307369897,0.003538944196473455,0.11250000000000004
bert,R0,qnli-yelp_polarity,qnli,yelp_polarity,0.5,0.0485669382818771,0.70651644800396,0.9995084571924012,1.0,0.5,0.7,1.0,0.7,0.7,0.7,1.0,0.7,1.0,0.5,6.232116507248509,0.0,0.1567125050572299,6.232116507248509,0.1567125050572299,0.1567125050572299,0.1567125050572299,6.232116507248509,0.1567125050572299,6.232116507248509,0.0,0.0,1.0,0.5,0.7,1.0,0.5,0.5,0.5,0.7,0.7,0.7,0.7,1.0,1.0,6.250521158979991,0.0,0.14074190178334015,6.250521158979991,0.0,0.0,0.0,0.14074190178334015,0.14074190178334015,0.14074190178334015,0.14074190178334015,6.250521158979991,6.250521158979991,0.8099983312937356,0.20191470865858407,0.19996709602473237,0.010554035801496699,0.05075275696264025,0.0014777888217252266,0.10750000000000004
bert,R0,rte-wic,rte,wic,0.7,0.0556736511792691,0.6744602542603284,0.9967985455162024,1.0,0.5,0.7,1.0,0.7,0.7,0.7,0.7,0.5,0.7,0.7,3.326500657961331,2.528089887640451,0.0,3.326500657961331,0.0,0.0,0.0,0.0,2.528089887640451,0.0,0.0,0.0,1.0,0.5,0.7,1.0,0.7,0.7,0.7,0.7,0.7,0.5,0.7,0.7,0.7,4.50206498870099,2.7292916699135,0.0,4.50206498870099,0.0,0.0,0.0,0.0,0.0,2.7292916699135,0.0,0.0,0.0,0.8370095169999098,0.5213582938732727,0.45282476889124573,0.047686335580992424,0.003204894070253499,0.005932189921306504,0.24757246376811604
bert,R0,rte-snli,rte,snli,0.5,0.0115619486150193,0.6248186455713752,0.995435545278224,1.0,0.5,0.7,1.0,0.7,0.7,0.7,0.7,0.7,0.7,0.7,5.48951507638219,0.0,-0.33757059367560993,5.48951507638219,-0.33757059367560993,-0.33757059367560993,-0.33757059367560993,-0.33757059367560993,-0.33757059367560993,-0.33757059367560993,-0.33757059367560993,0.0,1.0,0.5,0.7,1.0,0.5,0.7,0.5,0.7,0.7,0.7,0.7,0.7,0.7,8.95132414145873,0.0,2.27205352368106,8.95132414145873,0.0,2.27205352368106,0.0,2.27205352368106,2.27205352368106,2.27205352368106,2.27205352368106,2.27205352368106,2.27205352368106,0.9097094759446512,0.6671409206969034,0.7151562239615646,0.12169072868440194,0.152914481332771,0.007607431391760263,0.18619565217391298
bert,R0,rte-scitail,rte,scitail,0.7,0.0053317699629777,0.6675346282215597,0.9953664387067526,1.0,0.5,0.7,1.0,0.7,0.7,0.7,0.7,0.7,0.7,0.7,11.060306703719771,0.35729783128524994,0.0,11.060306703719771,0.0,0.0,0.0,0.0,0.0,0.0,0.0,0.0,1.0,0.5,0.7,1.0,0.7,0.5,0.7,0.7,0.7,0.7,0.7,0.7,0.7,9.23109520670496,2.4343158489499803,0.0,9.23109520670496,0.0,2.4343158489499803,0.0,0.0,0.0,0.0,0.0,0.0,0.0,0.645220620111337,0.6101737395644602,0.429919989792545,0.12238199146244087,0.025439542880433548,0.014369974142183405,0.11246376811594194
bert,R0,rte-ag_news,rte,ag_news,1.0,0.0863021832465515,0.6200916190816745,0.9991045974092794,1.0,0.5,0.7,1.0,0.7,0.7,0.7,0.7,0.7,0.7,0.7,0.0,-0.6890566774710699,-3.3777952076305002,0.0,-3.3777952076305002,-3.3777952076305002,-3.3777952076305002,-3.3777952076305002,-3.3777952076305002,-3.3777952076305002,-3.3777952076305002,0.0,1.0,0.5,0.7,1.0,0.7,0.7,0.7,0.7,0.7,0.7,0.7,0.7,0.7,0.0,-2.6312138931324496,-6.09036155156368,0.0,-6.09036155156368,-6.09036155156368,-6.09036155156368,-6.09036155156368,-6.09036155156368,-6.09036155156368,-6.09036155156368,-6.09036155156368,-6.09036155156368,0.929804998638038,0.6816401516854966,0.867234480972653,0.17487328000201846,0.13894842033261073,0.007693932970008287,0.18166666666666664
bert,R0,rte-imdb,rte,imdb,0.7,0.0205058073901217,0.6714106392505196,0.9970187317309678,1.0,0.5,0.7,1.0,0.7,0.7,0.7,0.7,0.5,0.7,1.0,-0.08416232911825985,3.00566217379995,0.0,-0.08416232911825985,0.0,0.0,0.0,0.0,3.00566217379995,0.0,-0.08416232911825985,0.0,1.0,0.5,0.7,1.0,0.7,0.7,1.0,0.7,0.7,0.5,0.7,0.7,0.7,-3.2053470488812104,2.04152161989726,0.0,-3.2053470488812104,0.0,0.0,-3.2053470488812104,0.0,0.0,2.04152161989726,0.0,0.0,0.0,0.9189996390158973,0.5622085985413613,0.6498237126505313,0.07256774428317656,0.06251311757890646,0.009277222062718823,0.10721014492753622
bert,R0,rte-trec,rte,trec,0.7,0.0484914043780677,0.6905313220666585,0.9990529622491184,1.0,0.5,0.7,1.0,0.7,0.7,0.7,0.7,0.7,0.7,0.7,2.528089887640451,0.36987926582457004,0.0,2.528089887640451,0.0,0.0,0.0,0.0,0.0,0.0,0.0,0.0,1.0,0.5,0.7,1.0,0.7,0.7,1.0,0.7,0.7,0.7,0.7,0.7,0.7,-1.82926829268292,0.5190311418685096,0.0,-1.82926829268292,0.0,0.0,-1.82926829268292,0.0,0.0,0.0,0.0,0.0,0.0,0.9059527757968528,0.5279373236087007,0.5321244679442844,0.05289720910846346,0.06370316568856019,0.011570806859487968,0.1139492753623188
bert,R0,rte-yelp_polarity,rte,yelp_polarity,0.5,0.0639850434113731,0.6294763653284356,0.999122408105742,1.0,0.5,0.7,1.0,0.7,0.7,0.7,0.7,0.7,0.7,0.5,4.292404771488591,0.0,2.134765767304521,4.292404771488591,2.134765767304521,2.134765767304521,2.134765767304521,2.134765767304521,2.134765767304521,2.134765767304521,0.0,0.0,1.0,0.5,0.7,1.0,0.7,0.5,1.0,0.7,0.7,0.7,0.7,0.7,0.7,-0.20071606813496026,0.0,0.8397790932450001,-0.20071606813496026,0.8397790932450001,0.0,-0.20071606813496026,0.8397790932450001,0.8397790932450001,0.8397790932450001,0.8397790932450001,0.8397790932450001,0.8397790932450001,0.9432028886663452,0.7019555446652244,0.6555725533551161,0.12354184524605011,0.09107403228598558,0.004296511590180294,0.16217391304347828
bert,R0,wic-snli,wic,snli,0.7,0.0718456635269244,0.6839861068022896,0.9984039999259704,1.0,0.5,0.7,1.0,0.7,0.7,0.7,0.7,0.7,0.7,0.7,1.3624745586216598,6.295301431028219,0.0,1.3624745586216598,0.0,0.0,0.0,0.0,0.0,0.0,0.0,0.0,1.0,0.5,0.7,1.0,0.7,0.7,0.7,0.7,0.7,0.7,0.7,0.7,0.7,1.4357961484694302,5.068154061223691,0.0,1.4357961484694302,0.0,0.0,0.0,0.0,0.0,0.0,0.0,0.0,0.0,0.8208369164216283,0.38669685824733535,0.3173772403043076,0.015570603302482161,0.02078183144391946,0.0017043984195685216,0.1725
bert,R0,wic-scitail,wic,scitail,1.0,0.1388299762375358,0.7061416775640676,0.99838513152771,1.0,0.5,0.7,1.0,0.7,0.7,0.7,0.7,0.7,0.7,0.7,0.0,-0.34931192490765817,-2.6953000658834796,0.0,-2.6953000658834796,-2.6953000658834796,-2.6953000658834796,-2.6953000658834796,-2.6953000658834796,-2.6953000658834796,-2.6953000658834796,0.0,1.0,0.5,0.7,1.0,0.7,0.7,0.7,0.7,0.7,0.7,0.7,0.7,0.7,0.0,0.09436638829610211,-1.7735330035649506,0.0,-1.7735330035649506,-1.7735330035649506,-1.7735330035649506,-1.7735330035649506,-1.7735330035649506,-1.7735330035649506,-1.7735330035649506,-1.7735330035649506,-1.7735330035649506,0.8081108457361688,0.21965288411543524,0.20752965582276756,0.0104310707913764,0.004560866183820526,0.0034691528134082393,0.23750000000000004
bert,R0,wic-ag_news,wic,ag_news,0.7,0.0119526591351654,0.6799126622664433,0.999992713766346,1.0,0.5,0.7,1.0,0.7,0.7,0.7,0.7,0.7,0.7,0.7,3.1466180225641907,2.2227968085831797,0.0,3.1466180225641907,0.0,0.0,0.0,0.0,0.0,0.0,0.0,0.0,1.0,0.5,0.7,1.0,0.7,0.7,0.7,0.7,0.7,0.7,0.7,0.7,0.7,4.17630998465809,1.9070193234381398,0.0,4.17630998465809,0.0,0.0,0.0,0.0,0.0,0.0,0.0,0.0,0.0,0.850858540148996,0.39897387941448775,0.31835406045564635,0.01660695368407491,0.01098142354260467,0.0012781458440826923,0.1200000000000001
bert,R0,wic-imdb,wic,imdb,0.7,0.0428307606325137,0.7068447551311469,0.999564201775884,1.0,0.5,0.7,1.0,0.7,0.7,0.7,0.7,0.7,0.7,1.0,-0.10972705679380967,0.4891017112864805,0.0,-0.10972705679380967,0.0,0.0,0.0,0.0,0.0,0.0,-0.10972705679380967,0.0,1.0,0.5,0.7,1.0,1.0,0.7,0.5,0.7,0.7,0.7,0.7,0.7,0.7,0.3552095444901801,-0.2603635926436997,0.0,0.3552095444901801,0.3552095444901801,0.0,-0.2603635926436997,0.0,0.0,0.0,0.0,0.0,0.0,0.8775170965604318,0.15695524755760557,0.1909241485877856,0.008398601159286524,0.004769536132289429,0.0015564574685217956,0.12749999999999995
bert,R0,wic-trec,wic,trec,0.7,0.0334200660287616,0.7033180346104952,0.9989215645858956,1.0,0.5,0.7,1.0,0.7,0.7,0.7,0.7,0.7,0.7,0.7,0.9281797325275599,1.7199653069218397,0.0,0.9281797325275599,0.0,0.0,0.0,0.0,0.0,0.0,0.0,0.0,1.0,0.5,0.7,1.0,1.0,0.7,0.7,0.7,0.7,0.7,0.7,0.7,0.7,1.25142332821118,1.18454072100556,0.0,1.25142332821118,1.25142332821118,0.0,0.0,0.0,0.0,0.0,0.0,0.0,0.0,0.8568281216581697,0.3537855623168419,0.3245689311503281,0.014586903494526324,0.010470709218979123,0.0035434516944293304,0.09750000000000003
bert,R0,wic-yelp_polarity,wic,yelp_polarity,0.5,0.0468457455010021,0.6875918236701651,0.9990549070214046,1.0,0.5,0.7,1.0,0.7,0.7,0.7,0.7,0.7,1.0,0.7,3.026582179075,0.0,-0.3826937387052205,3.026582179075,-0.3826937387052205,-0.3826937387052205,-0.3826937387052205,-0.3826937387052205,-0.3826937387052205,3.026582179075,-0.3826937387052205,0.0,1.0,0.5,0.7,1.0,0.7,0.7,0.7,0.7,0.7,0.7,0.7,0.7,1.0,3.4462815446246298,0.0,-0.5232032350279094,3.4462815446246298,-0.5232032350279094,-0.5232032350279094,-0.5232032350279094,-0.5232032350279094,-0.5232032350279094,-0.5232032350279094,-0.5232032350279094,-0.5232032350279094,3.4462815446246298,0.8697275596634638,0.35610913628810104,0.37096176381845136,0.010544237830475702,0.030169009812463995,0.0013644000020673602,0.11499999999999999
bert,R0,snli-scitail,snli,scitail,0.5,0.0517718677942995,0.689209616970233,0.9977699133935672,1.0,0.5,0.7,1.0,0.7,0.7,0.7,0.7,0.7,0.7,0.5,20.4298177070217,0.0,5.157706954551709,20.4298177070217,5.157706954551709,5.157706954551709,5.157706954551709,5.157706954551709,5.157706954551709,5.157706954551709,0.0,0.0,1.0,0.5,0.7,1.0,0.5,0.5,0.5,0.7,0.7,0.7,0.7,0.7,0.7,20.42437456522301,0.0,4.95429550481982,20.42437456522301,0.0,0.0,0.0,4.95429550481982,4.95429550481982,4.95429550481982,4.95429550481982,4.95429550481982,4.95429550481982,0.7922268780166702,0.4418241453586636,0.23814797512239716,0.03895061026886118,0.026954190242600908,0.009223805062034253,0.12
bert,R0,snli-ag_news,snli,ag_news,0.7,0.040771505879199,0.7065016459832768,0.9990267832220054,1.0,0.5,0.7,1.0,0.7,0.7,0.7,1.0,0.7,1.0,0.7,5.26692433117943,4.7019232043881605,0.0,5.26692433117943,0.0,0.0,0.0,5.26692433117943,0.0,5.26692433117943,0.0,0.0,1.0,0.5,0.7,1.0,0.7,0.7,0.7,0.7,0.7,0.7,0.7,1.0,1.0,5.22000537383129,4.70885656125585,0.0,5.22000537383129,0.0,0.0,0.0,0.0,0.0,0.0,0.0,5.22000537383129,5.22000537383129,0.7492508955258711,0.1930213005239348,0.10713783852217527,0.01119989985003117,0.08072774353992981,0.0017898427556091603,0.09499999999999997
bert,R0,snli-imdb,snli,imdb,0.7,0.0214582351688469,0.6868644310311216,0.9990049354096524,1.0,0.5,0.7,1.0,0.7,0.7,0.7,0.7,0.7,0.7,0.7,2.37833606717738,4.3180623836049605,0.0,2.37833606717738,0.0,0.0,0.0,0.0,0.0,0.0,0.0,0.0,1.0,0.5,0.7,1.0,0.7,0.5,0.7,0.7,0.7,0.7,0.7,0.7,0.7,2.3984412699259896,4.41737711258039,0.0,2.3984412699259896,0.0,4.41737711258039,0.0,0.0,0.0,0.0,0.0,0.0,0.0,0.8828503940528057,0.3927656823853754,0.30654267128337753,0.027522561397338465,0.056141948920628064,0.0047794060725926965,0.09250000000000003
bert,R0,snli-trec,snli,trec,0.7,0.0201089222714137,0.6674362269154966,0.999609399617478,1.0,0.5,0.7,1.0,0.7,0.7,0.7,0.7,0.7,0.7,0.7,3.0807163343522,5.784374512768631,0.0,3.0807163343522,0.0,0.0,0.0,0.0,0.0,0.0,0.0,0.0,1.0,0.5,0.7,1.0,0.7,0.7,0.7,0.7,0.7,0.7,0.7,0.7,0.7,3.4941417266732904,5.6789338008517,0.0,3.4941417266732904,0.0,0.0,0.0,0.0,0.0,0.0,0.0,0.0,0.0,0.9100020671225255,0.6283666334043853,0.4754788756338365,0.056076608772414105,0.049464630226427046,0.007473410462536135,0.07999999999999996
bert,R0,snli-yelp_polarity,snli,yelp_polarity,0.5,0.0915713423031909,0.7064362833086814,0.998575311478998,1.0,0.5,0.7,1.0,0.7,0.7,0.7,1.0,0.7,1.0,0.5,4.7612300238963305,0.0,1.57956983381915,4.7612300238963305,1.57956983381915,1.57956983381915,1.57956983381915,4.7612300238963305,1.57956983381915,4.7612300238963305,0.0,0.0,1.0,0.5,0.7,1.0,0.5,0.5,0.5,0.7,0.7,0.7,0.7,1.0,1.0,4.77543593804833,0.0,1.5758510018944794,4.77543593804833,0.0,0.0,0.0,1.5758510018944794,1.5758510018944794,1.5758510018944794,1.5758510018944794,4.77543593804833,4.77543593804833,0.7528346696034416,0.2206532208765783,0.2267841243023572,0.014896190080472434,0.10057329009237857,0.0037932623965323486,0.13749999999999996
bert,R0,scitail-ag_news,scitail,ag_news,0.7,0.0646093020587927,0.6856207750126758,0.9995175527519248,1.0,0.5,0.7,1.0,0.7,0.7,0.7,0.7,0.7,0.7,0.7,2.4392144369124695,6.63928612481944,0.0,2.4392144369124695,0.0,0.0,0.0,0.0,0.0,0.0,0.0,0.0,1.0,0.5,0.7,1.0,1.0,0.7,0.7,0.7,0.7,0.7,0.7,0.7,0.7,2.609909353969829,6.563442492168189,0.0,2.609909353969829,2.609909353969829,0.0,0.0,0.0,0.0,0.0,0.0,0.0,0.0,0.8566525142384821,0.43426561558688437,0.32051089687942996,0.0446342480734867,0.03515286021225829,0.006170491446475688,0.09499999999999997
bert,R0,scitail-imdb,scitail,imdb,1.0,0.0249124885283464,0.7066346160705925,0.99896271033877,1.0,0.5,0.7,1.0,0.7,0.7,0.7,0.7,0.7,1.0,1.0,0.0,6.29847114185363,0.029749190727819744,0.0,0.029749190727819744,0.029749190727819744,0.029749190727819744,0.029749190727819744,0.029749190727819744,0.0,0.0,0.0,1.0,0.5,0.7,1.0,1.0,1.0,1.0,0.7,0.7,0.7,0.7,0.7,1.0,0.0,6.038688002891751,0.004496235565520229,0.0,0.0,0.0,0.0,0.004496235565520229,0.004496235565520229,0.004496235565520229,0.004496235565520229,0.004496235565520229,0.0,0.8235223411434708,0.2064101171197924,0.23269438228659217,0.024401429133364377,0.01620711829348394,0.006700258830401986,0.07499999999999996
bert,R0,scitail-trec,scitail,trec,1.0,0.0283807210140674,0.7006711961859791,0.9996656116790142,1.0,0.5,0.7,1.0,0.7,0.7,0.7,0.7,0.7,0.7,0.7,0.0,7.682486377424031,-0.2827439432062401,0.0,-0.2827439432062401,-0.2827439432062401,-0.2827439432062401,-0.2827439432062401,-0.2827439432062401,-0.2827439432062401,-0.2827439432062401,0.0,1.0,0.5,0.7,1.0,1.0,0.7,0.7,0.7,0.7,0.7,0.7,0.7,0.7,0.0,6.82589410963114,-0.4744425592176502,0.0,0.0,-0.4744425592176502,-0.4744425592176502,-0.4744425592176502,-0.4744425592176502,-0.4744425592176502,-0.4744425592176502,-0.4744425592176502,-0.4744425592176502,0.8874246336069113,0.44560270664583657,0.3740788984219835,0.04123858686008728,0.021125065174063287,0.011177542836782593,0.08250000000000002
bert,R0,scitail-yelp_polarity,scitail,yelp_polarity,0.7,0.0330990078106663,0.6926204829384865,0.9989696567413682,1.0,0.5,0.7,1.0,0.7,0.7,0.7,0.7,0.7,0.7,0.7,10.108689319366459,3.5380216082378597,0.0,10.108689319366459,0.0,0.0,0.0,0.0,0.0,0.0,0.0,0.0,1.0,0.5,0.7,1.0,0.7,0.7,0.7,0.7,0.7,0.7,0.7,0.7,0.7,10.08368894476088,3.66589058408524,0.0,10.08368894476088,0.0,0.0,0.0,0.0,0.0,0.0,0.0,0.0,0.0,0.8748133370430825,0.42123191795040515,0.3574878620605559,0.03463287097351717,0.057542616193498236,0.006502251017732708,0.09499999999999997
bert,R0,ag_news-imdb,ag_news,imdb,0.7,0.0327855023033686,0.6826509095286682,0.9990193995770462,1.0,0.5,0.7,1.0,0.7,0.7,0.7,0.7,0.7,0.7,0.7,2.76466621712744,0.6648048029995496,0.0,2.76466621712744,0.0,0.0,0.0,0.0,0.0,0.0,0.0,0.0,1.0,0.5,0.7,1.0,0.7,0.7,0.7,0.7,0.7,0.7,0.7,0.7,0.7,2.7406206769176897,0.6717832467849704,0.0,2.7406206769176897,0.0,0.0,0.0,0.0,0.0,0.0,0.0,0.0,0.0,0.8902020740355924,0.45197368164750895,0.36825740623168496,0.0573830781489939,0.041066485214460706,0.006362189491283703,0.06999999999999995
bert,R0,ag_news-trec,ag_news,trec,0.7,0.0372235485044933,0.6622073046321649,0.999036652618384,1.0,0.5,0.7,1.0,0.7,0.7,0.7,0.7,0.7,0.7,0.7,3.0964047592928297,2.12589698182269,0.0,3.0964047592928297,0.0,0.0,0.0,0.0,0.0,0.0,0.0,0.0,1.0,0.5,0.7,1.0,0.7,0.7,0.7,0.7,0.7,0.7,0.7,0.7,0.7,2.7173217146088504,1.5204236948241294,0.0,2.7173217146088504,0.0,0.0,0.0,0.0,0.0,0.0,0.0,0.0,0.0,0.8752096623193041,0.6666237025203641,0.5132034409787954,0.10110430132593534,0.049975486048610726,0.01061286115141345,0.07750000000000001
bert,R0,ag_news-yelp_polarity,ag_news,yelp_polarity,0.7,0.0459886938872982,0.7060619701465989,0.9995898939352276,1.0,0.5,0.7,1.0,0.7,0.7,0.7,1.0,0.7,1.0,1.0,-0.30829969355474984,0.5292548728319302,0.0,-0.30829969355474984,0.0,0.0,0.0,-0.30829969355474984,0.0,-0.30829969355474984,-0.30829969355474984,0.0,1.0,0.5,0.7,1.0,1.0,0.7,1.0,0.7,0.7,0.7,0.7,1.0,1.0,-0.31988188476655965,0.5021623657977703,0.0,-0.31988188476655965,-0.31988188476655965,0.0,-0.31988188476655965,0.0,0.0,0.0,0.0,-0.31988188476655965,-0.31988188476655965,0.8410543478308175,0.23591640397020858,0.2242948673478734,0.02209011832571062,0.07546725669468281,0.0028563312130565565,0.07999999999999996
bert,R0,imdb-trec,imdb,trec,0.7,0.0430346550065685,0.7021539298898152,0.99950693447087,1.0,0.5,0.7,1.0,0.7,0.7,0.7,0.7,0.7,0.7,0.7,1.0667831001174202,2.094859756327409,0.0,1.0667831001174202,0.0,0.0,0.0,0.0,0.0,0.0,0.0,0.0,1.0,0.5,0.7,1.0,0.7,0.7,0.7,0.7,0.7,0.7,0.7,0.7,0.7,1.3565712979034097,1.8450933811421197,0.0,1.3565712979034097,0.0,0.0,0.0,0.0,0.0,0.0,0.0,0.0,0.0,0.9278207113591334,0.41017265674300374,0.3445272866105242,0.038332272675164376,0.052553497631116004,0.007921886350952444,0.09750000000000003
bert,R0,imdb-yelp_polarity,imdb,yelp_polarity,0.5,0.0053108003172053,0.6862433254570651,0.9855159871292908,1.0,0.5,0.7,1.0,0.7,0.7,0.3,0.7,0.5,0.5,0.5,1.6776977484545998,0.0,0.3228754415318,1.6776977484545998,0.3228754415318,0.3228754415318,1.3519168126402799,0.3228754415318,0.0,0.0,0.0,0.0,1.0,0.5,0.7,1.0,0.5,0.5,0.5,0.7,0.3,0.5,0.7,0.7,0.5,1.67725868002453,0.0,0.32960325371991,1.67725868002453,0.0,0.0,0.0,0.32960325371991,1.3404195103496899,0.0,0.32960325371991,0.32960325371991,0.0,0.8273506058049939,0.8070360563977681,0.8373301164831569,0.16669662002087476,0.03159311611579771,0.02836251585272008,0.057499999999999996
bert,R0,trec-yelp_polarity,trec,yelp_polarity,0.7,0.0121895042698699,0.6713738000809365,0.9989001096062708,1.0,0.5,0.7,1.0,0.7,0.7,0.7,0.7,0.7,0.7,0.7,1.3591702227824198,1.5882296364915602,0.0,1.3591702227824198,0.0,0.0,0.0,0.0,0.0,0.0,0.0,0.0,1.0,0.5,0.7,1.0,0.7,0.7,0.7,0.7,0.7,0.7,0.7,0.7,0.7,1.5142772513405198,1.43523345045057,0.0,1.5142772513405198,0.0,0.0,0.0,0.0,0.0,0.0,0.0,0.0,0.0,0.9044187399263623,0.654716811413572,0.5122346734645324,0.0623405829615709,0.048397670347493885,0.007358055825125018,0.04749999999999999
bert,S1,cola@s1__sst2@s1,cola,sst2,1.0,0.057901376146789,0.6915509801817574,0.9986108316667288,1.0,0.5,0.7,1.0,0.7,0.7,0.7,0.7,0.7,0.7,0.7,0.0,0.45412844036695976,-0.9529816513761502,0.0,-0.9529816513761502,-0.9529816513761502,-0.9529816513761502,-0.9529816513761502,-0.9529816513761502,-0.9529816513761502,-0.9529816513761502,0.0,1.0,0.5,0.7,1.0,1.0,1.0,0.7,0.7,0.7,0.7,0.7,0.7,0.7,0.0,0.19672730978009048,-1.2987012987013096,0.0,0.0,0.0,-1.2987012987013096,-1.2987012987013096,-1.2987012987013096,-1.2987012987013096,-1.2987012987013096,-1.2987012987013096,-1.2987012987013096,0.7690343966774227,0.25560250438513826,0.27711824286934106,0.03605963562275348,0.05013218064998577,0.007566928128616072,0.11250000000000004
bert,S1,cola@s1__mrpc@s1,cola,mrpc,0.7,0.0680823579036169,0.6870559575824533,0.9989071571493288,1.0,0.5,0.7,1.0,0.7,0.7,0.7,0.7,0.7,0.7,0.7,1.1118580617947904,4.2207107455446495,0.0,1.1118580617947904,0.0,0.0,0.0,0.0,0.0,0.0,0.0,0.0,1.0,0.5,0.7,1.0,0.7,0.7,0.7,0.7,0.7,0.7,0.7,0.7,0.7,1.4232728754839892,5.14041165681679,0.0,1.4232728754839892,0.0,0.0,0.0,0.0,0.0,0.0,0.0,0.0,0.0,0.7264324713457196,0.34450371400064433,0.23330644866954528,0.03963070573216771,0.031241346360733134,0.007007886536135027,0.1725
bert,S1,cola@s1__stsb@s1,cola,stsb,0.7,0.056262325604826,0.702802381663993,0.9996306284615972,1.0,0.5,0.7,1.0,0.7,0.7,0.7,0.7,0.7,0.7,0.7,4.052119902104791,0.5273094965234704,0.0,4.052119902104791,0.0,0.0,0.0,0.0,0.0,0.0,0.0,0.0,1.0,0.5,0.7,1.0,0.7,0.7,0.7,0.7,0.7,0.7,0.7,0.7,0.7,3.8394951679681792,0.41259342446508945,0.0,3.8394951679681792,0.0,0.0,0.0,0.0,0.0,0.0,0.0,0.0,0.0,0.8029714610819583,0.19842098482172849,0.313678474669359,0.026663005091613883,0.05756588661008954,0.004800231583282992,0.10807732693317329
bert,S1,cola@s1__mnli@s1,cola,mnli,1.0,0.1145753319277451,0.6538081840492365,0.9988595293266296,1.0,0.5,0.7,1.0,0.7,0.7,0.5,0.7,0.7,1.0,0.7,0.0,7.68270271810359,-0.733902216650531,0.0,-0.733902216650531,-0.733902216650531,7.68270271810359,-0.733902216650531,-0.733902216650531,0.0,-0.733902216650531,0.0,1.0,0.5,0.7,1.0,1.0,1.0,0.7,0.7,0.5,0.7,0.7,0.7,1.0,0.0,7.495091322715989,-0.7475660765413992,0.0,0.0,0.0,-0.7475660765413992,-0.7475660765413992,7.495091322715989,-0.7475660765413992,-0.7475660765413992,-0.7475660765413992,0.0,0.7311250321264909,0.4706155112928148,0.10775598845165588,0.029437741196966134,9.194333838410998e-05,0.004138856678102353,0.1875
bert,S1,cola@s1__qnli@s1,cola,qnli,1.0,0.0567638221097344,0.6937996381312985,0.99878669942571,1.0,0.5,0.7,1.0,0.7,0.7,0.7,0.7,0.7,0.7,1.0,0.0,6.7580517326644305,0.6392778637523501,0.0,0.6392778637523501,0.6392778637523501,0.6392778637523501,0.6392778637523501,0.6392778637523501,0.6392778637523501,0.0,0.0,1.0,0.5,0.7,1.0,1.0,1.0,1.0,0.7,0.7,0.7,0.7,0.7,0.7,0.0,6.38933904957395,0.23235365903575,0.0,0.0,0.0,0.0,0.23235365903575,0.23235365903575,0.23235365903575,0.23235365903575,0.23235365903575,0.23235365903575,0.7519404931580177,0.2101708513475483,0.2168762906545314,0.01668470975731474,0.038894649829880924,0.002964907828142737,0.125
bert,S1,cola@s1__rte@s1,cola,rte,0.7,0.0404463655610445,0.6702771477665788,0.9971623719998678,1.0,0.5,0.7,1.0,0.7,0.7,0.7,0.7,0.7,0.7,0.7,1.4404173807843403,5.77427159995967,0.0,1.4404173807843403,0.0,0.0,0.0,0.0,0.0,0.0,0.0,0.0,1.0,0.5,0.7,1.0,0.7,0.7,0.7,0.7,0.7,0.7,0.7,0.7,0.7,0.13779016988717946,5.40866943327715,0.0,0.13779016988717946,0.0,0.0,0.0,0.0,0.0,0.0,0.0,0.0,0.0,0.8216017817703706,0.44988862630736937,0.4398009164847581,0.06273734734740176,0.05996347319005311,0.010296174147942155,0.11047101449275365
bert,S1,cola@s1__wic@s1,cola,wic,0.7,0.041891224750072,0.7053015565379082,0.9990641909028978,1.0,0.5,0.7,1.0,0.7,0.7,0.7,0.7,0.7,1.0,0.7,2.7975480314312593,2.288435430123,0.0,2.7975480314312593,0.0,0.0,0.0,0.0,0.0,2.7975480314312593,0.0,0.0,1.0,0.5,0.7,1.0,0.7,0.7,0.7,0.7,0.7,0.7,0.7,0.7,1.0,2.0773616684665,1.3740939734513797,0.0,2.0773616684665,0.0,0.0,0.0,0.0,0.0,0.0,0.0,0.0,2.0773616684665,0.7269449336941878,0.09178335674411765,0.18071112267753045,0.008594943885844359,0.0061362607439578165,0.0031327525641599314,0.14250000000000007
bert,S1,cola@s1__snli@s1,cola,snli,1.0,0.0826368962603634,0.6942827518230944,0.9989734468377488,1.0,0.5,0.7,1.0,0.7,0.7,0.7,0.7,0.7,0.7,0.7,0.0,4.526626521009989,-1.3828484544351094,0.0,-1.3828484544351094,-1.3828484544351094,-1.3828484544351094,-1.3828484544351094,-1.3828484544351094,-1.3828484544351094,-1.3828484544351094,0.0,1.0,0.5,0.7,1.0,0.7,0.7,0.7,0.7,0.7,0.7,0.7,0.7,0.7,0.0,4.267223669738341,-1.5345655792857502,0.0,-1.5345655792857502,-1.5345655792857502,-1.5345655792857502,-1.5345655792857502,-1.5345655792857502,-1.5345655792857502,-1.5345655792857502,-1.5345655792857502,-1.5345655792857502,0.7685321523082279,0.19363738769959857,0.18403832756174845,0.018382624259093677,0.06358714056460409,0.005077860329870464,0.14749999999999996
bert,S1,cola@s1__scitail@s1,cola,scitail,1.0,0.0485069238674638,0.7051893882974882,0.9990907376836822,1.0,0.5,0.7,1.0,0.7,0.7,0.7,0.7,0.7,1.0,1.0,0.0,9.866979978545759,2.4879601221241097,0.0,2.4879601221241097,2.4879601221241097,2.4879601221241097,2.4879601221241097,2.4879601221241097,0.0,0.0,0.0,1.0,0.5,0.7,1.0,1.0,1.0,1.0,0.7,0.7,0.7,0.7,0.7,1.0,0.0,9.17332657703557,1.8903634631166706,0.0,0.0,0.0,0.0,1.8903634631166706,1.8903634631166706,1.8903634631166706,1.8903634631166706,1.8903634631166706,0.0,0.7274115833728212,0.12842098580140565,0.17330859884210767,0.01552381695131821,0.022075711844701987,0.007717130313935143,0.10250000000000004
bert,S1,cola@s1__ag_news@s1,cola,ag_news,1.0,0.0470193112335265,0.6905405471883699,0.9997134177675788,1.0,0.5,0.7,1.0,0.7,0.7,0.7,0.7,0.7,0.7,0.7,0.0,1.80293583115569,-0.058719190073069916,0.0,-0.058719190073069916,-0.058719190073069916,-0.058719190073069916,-0.058719190073069916,-0.058719190073069916,-0.058719190073069916,-0.058719190073069916,0.0,1.0,0.5,0.7,1.0,0.7,0.7,1.0,0.7,0.7,0.7,0.7,0.7,0.7,0.0,2.3517204486202004,0.34277796907538005,0.0,0.34277796907538005,0.34277796907538005,0.0,0.34277796907538005,0.34277796907538005,0.34277796907538005,0.34277796907538005,0.34277796907538005,0.34277796907538005,0.821947968235965,0.2244849312989996,0.24086389533278202,0.03416495278440135,0.06243623945326124,0.005020982088140922,0.10000000000000009
bert,S1,cola@s1__imdb@s1,cola,imdb,1.0,0.0363990155503453,0.7059888005057753,0.9983081237303812,1.0,0.5,0.7,1.0,0.7,0.7,0.7,0.7,0.7,0.7,1.0,0.0,7.24332960092052,1.7152473187459902,0.0,1.7152473187459902,1.7152473187459902,1.7152473187459902,1.7152473187459902,1.7152473187459902,1.7152473187459902,0.0,0.0,1.0,0.5,0.7,1.0,1.0,1.0,1.0,0.7,0.7,0.7,0.7,0.7,0.7,0.0,7.379234724817141,1.79723097374413,0.0,0.0,0.0,0.0,1.79723097374413,1.79723097374413,1.79723097374413,1.79723097374413,1.79723097374413,1.79723097374413,0.8068815526728611,0.10280924246535174,0.203233193894219,0.014903009765471409,0.045065232844223285,0.005632157177093468,0.09250000000000003
bert,S1,cola@s1__trec@s1,cola,trec,1.0,0.0395442862235229,0.6990366696175663,0.9986027851000306,1.0,0.5,0.7,1.0,0.7,0.7,0.7,0.7,0.7,0.7,1.0,0.0,4.12644697097616,0.5533432768616002,0.0,0.5533432768616002,0.5533432768616002,0.5533432768616002,0.5533432768616002,0.5533432768616002,0.5533432768616002,0.0,0.0,1.0,0.5,0.7,1.0,1.0,1.0,1.0,0.7,0.7,0.7,0.7,0.7,0.7,0.0,2.9650474943157805,0.058668016923649896,0.0,0.0,0.0,0.0,0.058668016923649896,0.058668016923649896,0.058668016923649896,0.058668016923649896,0.058668016923649896,0.058668016923649896,0.8063938720695508,0.29107602450269326,0.31970935908341225,0.04241773540166372,0.05396491254527777,0.01121777456331094,0.07250000000000001
bert,S1,cola@s1__yelp_polarity@s1,cola,yelp_polarity,1.0,0.0361788571283613,0.6966399482972591,0.999003853226508,1.0,0.5,0.7,1.0,0.7,0.7,0.7,0.7,0.7,0.7,1.0,0.0,2.5222284123649796,0.8543291375873695,0.0,0.8543291375873695,0.8543291375873695,0.8543291375873695,0.8543291375873695,0.8543291375873695,0.8543291375873695,0.0,0.0,1.0,0.5,0.7,1.0,0.7,1.0,1.0,0.7,0.7,0.7,0.7,0.7,0.7,0.0,2.4064394614836,0.8319820271635799,0.0,0.8319820271635799,0.0,0.0,0.8319820271635799,0.8319820271635799,0.8319820271635799,0.8319820271635799,0.8319820271635799,0.8319820271635799,0.8281740875760158,0.24312702097609615,0.3024400260655903,0.029733351308902208,0.05883761443146342,0.006931829201729986,0.10750000000000004
bert,S1,sst2@s1__mrpc@s1,sst2,mrpc,0.7,0.0426652298850575,0.6492954931220257,0.9988464586285228,1.0,0.5,0.7,1.0,0.7,0.7,0.7,0.7,0.7,0.7,0.7,13.224856321839079,2.1925287356321697,0.0,13.224856321839079,0.0,0.0,0.0,0.0,0.0,0.0,0.0,0.0,1.0,0.5,0.7,1.0,0.7,0.7,0.7,0.7,0.7,0.7,0.7,0.7,0.7,11.83441558441559,0.32792207792209094,0.0,11.83441558441559,0.0,0.0,0.0,0.0,0.0,0.0,0.0,0.0,0.0,0.7747196835228878,0.5896723260595778,0.41835916701702913,0.06634745318432599,0.03301171031645569,0.007603712353165997,0.08250000000000002
bert,S1,sst2@s1__stsb@s1,sst2,stsb,0.5,0.0305323101342407,0.6747860099195924,0.9993719503710224,1.0,0.5,0.7,1.0,0.7,0.7,0.7,0.7,0.7,0.7,0.5,16.92671306684892,0.0,3.7004924595124304,16.92671306684892,3.7004924595124304,3.7004924595124304,3.7004924595124304,3.7004924595124304,3.7004924595124304,3.7004924595124304,0.0,0.0,1.0,0.5,0.7,1.0,0.5,0.5,0.5,0.7,0.7,0.7,0.7,0.7,0.7,16.692472410424237,0.0,3.7525052852818597,16.692472410424237,0.0,0.0,0.0,3.7525052852818597,3.7525052852818597,3.7525052852818597,3.7525052852818597,3.7525052852818597,3.7525052852818597,0.8528421878006032,0.5182338724111456,0.4505187281812214,0.062245918398194926,0.05606068750977702,0.0062199449398890735,0.07595289882247058
bert,S1,sst2@s1__mnli@s1,sst2,mnli,0.7,0.050042701863354,0.6902752725136208,0.9985498270778178,1.0,0.5,0.7,1.0,0.7,0.7,0.7,0.7,0.7,0.7,0.7,5.5302795031056,2.4095496894409894,0.0,5.5302795031056,0.0,0.0,0.0,0.0,0.0,0.0,0.0,0.0,1.0,0.5,0.7,1.0,0.7,0.7,0.7,0.7,0.7,0.7,0.7,0.7,0.7,5.51717785760338,2.5444413742286094,0.0,5.51717785760338,0.0,0.0,0.0,0.0,0.0,0.0,0.0,0.0,0.0,0.7712508191164421,0.4352102471625806,0.2537587819219568,0.025584248014220164,0.0024932706787031715,0.0050649425072391355,0.12
bert,S1,sst2@s1__qnli@s1,sst2,qnli,0.7,0.0263360832137733,0.7067329221032111,0.9992576616181708,1.0,0.5,0.7,1.0,0.7,0.7,0.7,1.0,0.7,1.0,0.7,8.05884914941586,1.9583803033408398,0.0,8.05884914941586,0.0,0.0,0.0,8.05884914941586,0.0,8.05884914941586,0.0,0.0,1.0,0.5,0.7,1.0,0.7,0.7,0.7,0.7,0.7,0.7,0.7,1.0,1.0,8.36271857791519,1.9234856535600402,0.0,8.36271857791519,0.0,0.0,0.0,0.0,0.0,0.0,0.0,8.36271857791519,8.36271857791519,0.8119799160405805,0.18976330745417622,0.1617870836231064,0.00811902339930619,0.04710575935858396,0.0011963535980520025,0.05500000000000005
bert,S1,sst2@s1__rte@s1,sst2,rte,0.5,0.0504532967032966,0.6303813463873787,0.9995780623305623,1.0,0.5,0.7,1.0,0.7,0.7,0.7,0.7,0.7,0.7,0.7,2.9972527472527593,0.0,-0.5872252747252602,2.9972527472527593,-0.5872252747252602,-0.5872252747252602,-0.5872252747252602,-0.5872252747252602,-0.5872252747252602,-0.5872252747252602,-0.5872252747252602,0.0,1.0,0.5,0.7,1.0,0.7,0.5,0.7,0.7,0.7,0.7,0.7,0.7,0.7,-3.3279220779220804,0.0,-3.4090909090909003,-3.3279220779220804,-3.4090909090909003,0.0,-3.4090909090909003,-3.4090909090909003,-3.4090909090909003,-3.4090909090909003,-3.4090909090909003,-3.4090909090909003,-3.4090909090909003,0.9762467329173073,0.6521644886219174,0.7876689105085114,0.10294862677311606,0.11568127899118798,0.003795051087915723,0.13094202898550722
bert,S1,sst2@s1__wic@s1,sst2,wic,0.5,0.0292769058295965,0.6822059414861574,0.9993622212454129,1.0,0.5,0.7,1.0,0.7,0.7,0.7,0.7,0.7,1.0,0.5,6.09248878923765,0.0,1.3839686098654498,6.09248878923765,1.3839686098654498,1.3839686098654498,1.3839686098654498,1.3839686098654498,1.3839686098654498,6.09248878923765,0.0,0.0,1.0,0.5,0.7,1.0,0.7,0.7,0.5,0.7,0.7,0.7,0.7,0.7,1.0,5.9190031152647995,0.0,2.11266537201117,5.9190031152647995,2.11266537201117,2.11266537201117,0.0,2.11266537201117,2.11266537201117,2.11266537201117,2.11266537201117,2.11266537201117,5.9190031152647995,0.8599886418976016,0.40012723950502316,0.4018791180049248,0.015177192115957604,0.014782437918464153,0.0017903010895765072,0.10250000000000004
bert,S1,sst2@s1__snli@s1,sst2,snli,0.7,0.0357465521271622,0.7067821245830012,0.999509391748784,1.0,0.5,0.7,1.0,0.7,0.7,0.7,1.0,0.7,1.0,0.7,9.270541140719969,1.4640310892940704,0.0,9.270541140719969,0.0,0.0,0.0,9.270541140719969,0.0,9.270541140719969,0.0,0.0,1.0,0.5,0.7,1.0,0.7,0.5,0.7,0.7,0.7,0.7,0.7,1.0,1.0,9.468409497479268,1.7435181097971701,0.0,9.468409497479268,0.0,1.7435181097971701,0.0,0.0,0.0,0.0,0.0,9.468409497479268,9.468409497479268,0.7632335756986195,0.220591244855255,0.19654607298258975,0.013046644033065592,0.08252998391961941,0.0032782272877796563,0.10750000000000004
bert,S1,sst2@s1__scitail@s1,sst2,scitail,0.7,0.0545906582174979,0.6816242516254398,0.9988675843535212,1.0,0.5,0.7,1.0,0.7,0.7,0.7,0.7,0.7,0.7,0.7,12.05299468520033,0.8923753066230604,0.0,12.05299468520033,0.0,0.0,0.0,0.0,0.0,0.0,0.0,0.0,1.0,0.5,0.7,1.0,0.7,0.7,0.7,0.7,0.7,0.7,0.7,0.7,0.7,11.701474201474209,0.6405756405756496,0.0,11.701474201474209,0.0,0.0,0.0,0.0,0.0,0.0,0.0,0.0,0.0,0.8765602498244957,0.48391442817589486,0.4479303189923286,0.049382071973757415,0.044372183801640964,0.007794083941906456,0.09499999999999997
bert,S1,sst2@s1__ag_news@s1,sst2,ag_news,0.7,0.0143641578063794,0.7068010495635215,0.9992043576719456,1.0,0.5,0.7,1.0,0.7,0.7,0.7,1.0,0.7,1.0,0.7,1.92532876329042,0.8996222719641702,0.0,1.92532876329042,0.0,0.0,0.0,1.92532876329042,0.0,1.92532876329042,0.0,0.0,1.0,0.5,0.7,1.0,0.7,0.7,0.7,0.7,0.7,0.7,0.7,1.0,1.0,2.19948872966113,1.0186221824152801,0.0,2.19948872966113,0.0,0.0,0.0,0.0,0.0,0.0,0.0,2.19948872966113,2.19948872966113,0.7652824319344312,0.20803891523257328,0.20312200789800178,0.018891569319316775,0.06916719362595235,0.00246323796216147,0.03500000000000003
bert,S1,sst2@s1__imdb@s1,sst2,imdb,0.7,0.0091455945156215,0.6843063338247167,0.9921959044621994,1.0,0.5,0.7,1.0,0.7,0.7,0.5,0.7,0.5,0.7,0.5,1.2572207237581499,-0.416512137559,0.0,1.2572207237581499,0.0,0.0,-0.416512137559,0.0,-0.416512137559,0.0,-0.416512137559,0.0,1.0,0.5,0.7,1.0,0.5,0.5,0.5,0.7,0.5,0.5,0.7,0.7,0.7,1.10953081101051,-0.48924750404448003,0.0,1.10953081101051,-0.48924750404448003,-0.48924750404448003,-0.48924750404448003,0.0,-0.48924750404448003,-0.48924750404448003,0.0,0.0,0.0,0.9481410704755202,0.6389423548815706,0.6612215319314562,0.09797594837826709,0.10384977487349024,0.012881628717893804,0.04500000000000004
bert,S1,sst2@s1__trec@s1,sst2,trec,0.7,0.01482745398773,0.667729916775051,0.9992689403977948,1.0,0.5,0.7,1.0,0.7,0.7,0.7,0.7,0.7,0.7,0.7,0.8464979550102302,0.7612474437627901,0.0,0.8464979550102302,0.0,0.0,0.0,0.0,0.0,0.0,0.0,0.0,1.0,0.5,0.7,1.0,1.0,0.7,0.7,0.7,0.7,0.7,0.7,0.7,0.7,1.4297349408270903,0.49532378883915,0.0,1.4297349408270903,1.4297349408270903,0.0,0.0,0.0,0.0,0.0,0.0,0.0,0.0,0.8924041790272049,0.6448373227806914,0.5606897197362875,0.07991125682132635,0.052584901710075245,0.009072741860930817,0.03500000000000003
bert,S1,sst2@s1__yelp_polarity@s1,sst2,yelp_polarity,0.5,0.0132289561841965,0.7044399011525315,0.994069400999568,1.0,0.5,0.7,1.0,0.7,0.7,0.7,0.7,0.7,0.7,0.5,1.56634850579603,0.0,0.1290080293523399,1.56634850579603,0.1290080293523399,0.1290080293523399,0.1290080293523399,0.1290080293523399,0.1290080293523399,0.1290080293523399,0.0,0.0,1.0,0.5,0.7,1.0,0.7,1.0,0.5,0.7,0.7,0.7,0.7,0.7,0.7,1.8410246437590199,0.0,0.25957115800865005,1.8410246437590199,0.25957115800865005,1.8410246437590199,0.0,0.25957115800865005,0.25957115800865005,0.25957115800865005,0.25957115800865005,0.25957115800865005,0.25957115800865005,0.9797695456011696,0.4195024597572275,0.6026594735408829,0.06221989777686732,0.20579558040526205,0.00988865576541195,0.025000000000000022
bert,S1,mrpc@s1__stsb@s1,mrpc,stsb,0.7,0.0555791455873115,0.698362123928397,0.9931645755950198,1.0,0.5,0.7,1.0,0.7,0.7,0.5,0.7,0.5,0.7,0.7,4.99765070946063,0.9474060255083405,0.0,4.99765070946063,0.0,0.0,0.9474060255083405,0.0,0.9474060255083405,0.0,0.0,0.0,1.0,0.5,0.7,1.0,0.7,0.7,0.7,0.7,0.5,0.5,0.7,0.7,0.7,4.24873220009807,0.3032255395680597,0.0,4.24873220009807,0.0,0.0,0.0,0.0,0.3032255395680597,0.3032255395680597,0.0,0.0,0.0,0.2884725813813578,0.41440423274051447,0.22561167128380594,0.04890321990514169,0.012990714877627416,0.006304725405335755,0.12121878046951173
bert,S1,mrpc@s1__mnli@s1,mrpc,mnli,0.5,0.0598125937031484,0.6078705848971783,1.0000436830167148,1.0,0.5,0.7,1.0,0.7,0.7,0.5,1.0,0.7,1.0,0.5,14.09216820161347,0.0,2.733526094095801,14.09216820161347,2.733526094095801,2.733526094095801,0.0,14.09216820161347,2.733526094095801,14.09216820161347,0.0,0.0,1.0,0.5,0.7,1.0,0.7,0.5,0.5,0.7,0.5,0.7,0.7,1.0,1.0,13.27608915906788,0.0,2.6076494427558305,13.27608915906788,2.6076494427558305,0.0,0.0,2.6076494427558305,0.0,2.6076494427558305,2.6076494427558305,13.27608915906788,13.27608915906788,0.7157848595972954,0.675179031306854,0.48678821588554916,0.1140272026571254,5.59839802674057e-07,0.01731254884143118,0.1825
bert,S1,mrpc@s1__qnli@s1,mrpc,qnli,0.5,0.0474935979438031,0.6521742127050688,0.9958829086215448,1.0,0.5,0.7,1.0,0.7,0.7,0.7,0.7,0.7,0.7,0.5,25.42561599913306,0.0,2.8704711489305805,25.42561599913306,2.8704711489305805,2.8704711489305805,2.8704711489305805,2.8704711489305805,2.8704711489305805,2.8704711489305805,0.0,0.0,1.0,0.5,0.7,1.0,0.5,0.5,0.5,0.7,0.7,0.7,0.7,0.7,0.7,25.79231820252012,0.0,4.95066039168059,25.79231820252012,0.0,0.0,0.0,4.95066039168059,4.95066039168059,4.95066039168059,4.95066039168059,4.95066039168059,4.95066039168059,0.5047149115802945,0.6154004374813551,0.34440308360823413,0.06404894430472603,0.04985678771847914,0.004801063654681971,0.14250000000000007
bert,S1,mrpc@s1__rte@s1,mrpc,rte,0.7,0.0956012378426172,0.7030038992069534,0.9986039137680854,1.0,0.5,0.7,1.0,0.7,0.7,0.7,0.7,0.3,0.7,0.7,4.28981937602626,2.256220790703539,0.0,4.28981937602626,0.0,0.0,0.0,0.0,4.043513957307049,0.0,0.0,0.0,1.0,0.5,0.7,1.0,0.5,0.5,0.7,0.7,0.7,0.3,0.7,0.7,0.7,1.7110389610389602,4.85389610389611,0.0,1.7110389610389602,4.85389610389611,4.85389610389611,0.0,0.0,0.0,4.301948051948049,0.0,0.0,0.0,0.4611942762473726,0.4354043429569252,0.11885019529778275,0.06489774646216846,0.15903637932852785,0.012242546970506555,0.21032608695652177
bert,S1,mrpc@s1__wic@s1,mrpc,wic,1.0,0.0980039688675842,0.6952808579453128,0.997708722939394,1.0,0.5,0.7,1.0,0.7,0.7,0.7,0.7,0.5,0.7,0.7,0.0,1.0276532137518501,-0.1217720736044689,0.0,-0.1217720736044689,-0.1217720736044689,-0.1217720736044689,-0.1217720736044689,1.0276532137518501,-0.1217720736044689,-0.1217720736044689,0.0,1.0,0.5,0.7,1.0,0.5,1.0,0.7,0.7,0.7,0.5,0.7,0.7,0.7,0.0,0.027592345349360115,-1.5825545171339508,0.0,0.027592345349360115,0.0,-1.5825545171339508,-1.5825545171339508,-1.5825545171339508,0.027592345349360115,-1.5825545171339508,-1.5825545171339508,-1.5825545171339508,0.5565248332029097,0.3940158725356754,0.09746171620584432,0.01774656436080786,0.0005767190012017141,0.004844730436949114,0.20999999999999996
bert,S1,mrpc@s1__snli@s1,mrpc,snli,0.7,0.0703640115426158,0.6530504973540264,0.997865908172096,1.0,0.5,0.7,1.0,0.7,0.7,0.7,0.7,0.7,0.7,0.5,15.37537682771517,-1.4406103399913002,0.0,15.37537682771517,0.0,0.0,0.0,0.0,0.0,0.0,-1.4406103399913002,0.0,1.0,0.5,0.7,1.0,0.7,0.5,0.5,0.7,0.7,0.7,0.7,0.7,0.7,15.009455660618448,-2.56648777579011,0.0,15.009455660618448,0.0,-2.56648777579011,-2.56648777579011,0.0,0.0,0.0,0.0,0.0,0.0,0.8013851867526308,0.5542282049008257,0.37829548211902964,0.05114324002030419,0.0415437312524789,0.0076173837183701795,0.15500000000000003
bert,S1,mrpc@s1__scitail@s1,mrpc,scitail,0.5,0.0545272130901024,0.6944126986767853,0.9938325212793964,1.0,0.5,0.7,1.0,0.7,0.7,0.7,0.7,0.5,0.7,0.5,14.38626046747682,0.0,1.3175393088410896,14.38626046747682,1.3175393088410896,1.3175393088410896,1.3175393088410896,1.3175393088410896,0.0,1.3175393088410896,0.0,0.0,1.0,0.5,0.7,1.0,0.5,0.5,0.5,0.7,0.7,0.5,0.7,0.7,0.7,13.9054054054054,0.0,1.4343629343629303,13.9054054054054,0.0,0.0,0.0,1.4343629343629303,1.4343629343629303,0.0,1.4343629343629303,1.4343629343629303,1.4343629343629303,0.45098257945410386,0.4684256560893505,0.17773760133005737,0.05492042426218742,0.010022800483770904,0.005596405182861903,0.14749999999999996
bert,S1,mrpc@s1__ag_news@s1,mrpc,ag_news,0.7,0.0867801619615485,0.6476396660432537,1.0000158240155514,1.0,0.5,0.7,1.0,0.7,0.7,0.7,0.7,0.7,0.7,0.7,23.916665058629057,2.2046999723417504,0.0,23.916665058629057,0.0,0.0,0.0,0.0,0.0,0.0,0.0,0.0,1.0,0.5,0.7,1.0,0.7,0.7,0.7,0.7,0.7,0.7,0.7,0.7,0.7,23.94211822660099,2.04864532019705,0.0,23.94211822660099,0.0,0.0,0.0,0.0,0.0,0.0,0.0,0.0,0.0,0.7775512301467108,0.5914395154921941,0.40489643351580445,0.07933460182038596,0.04442178018637882,0.00871127841045246,0.12749999999999995
bert,S1,mrpc@s1__imdb@s1,mrpc,imdb,0.7,0.1124710318475287,0.6921609813976378,0.9981200786289112,1.0,0.5,0.7,1.0,0.7,0.7,0.7,0.7,0.7,0.7,0.7,7.863836119701441,1.6258012261569712,0.0,7.863836119701441,0.0,0.0,0.0,0.0,0.0,0.0,0.0,0.0,1.0,0.5,0.7,1.0,0.7,0.7,0.7,0.7,0.7,0.7,0.7,0.7,0.7,8.73011503293678,0.57863861305016,0.0,8.73011503293678,0.0,0.0,0.0,0.0,0.0,0.0,0.0,0.0,0.0,0.8282619095344648,0.46870032831755815,0.30489731264353787,0.03795171948682662,0.021366142660879713,0.005643885623905548,0.16749999999999998
bert,S1,mrpc@s1__trec@s1,mrpc,trec,1.0,0.0340420280657217,0.7035033840257693,0.9995836918209254,1.0,0.5,0.7,1.0,0.7,0.7,0.7,0.7,0.7,1.0,1.0,0.0,5.7471264367816,0.4944996826739996,0.0,0.4944996826739996,0.4944996826739996,0.4944996826739996,0.4944996826739996,0.4944996826739996,0.0,0.0,0.0,1.0,0.5,0.7,1.0,1.0,0.7,1.0,0.7,0.7,0.7,0.7,0.7,1.0,0.0,5.944417357386629,1.7737688932228097,0.0,0.0,1.7737688932228097,0.0,1.7737688932228097,1.7737688932228097,1.7737688932228097,1.7737688932228097,1.7737688932228097,0.0,0.82195504614054,0.37755781226785157,0.25297537763304606,0.028246275576921536,0.04427873231558945,0.0043366986096218,0.0625
bert,S1,mrpc@s1__yelp_polarity@s1,mrpc,yelp_polarity,0.7,0.0692025105707275,0.6571007316802648,0.9989028916585336,1.0,0.5,0.7,1.0,0.7,0.7,0.7,0.7,0.7,0.7,0.7,21.129475674796875,1.9970393405870799,0.0,21.129475674796875,0.0,0.0,0.0,0.0,0.0,0.0,0.0,0.0,1.0,0.5,0.7,1.0,0.7,0.7,0.7,0.7,0.7,0.7,0.7,0.7,0.7,22.20141989087302,1.4049169146825593,0.0,22.20141989087302,0.0,0.0,0.0,0.0,0.0,0.0,0.0,0.0,0.0,0.814999931449436,0.5634016791287475,0.37901720648285,0.055548905267632225,0.03477737693065841,0.007090612210108454,0.13250000000000006
bert,S1,stsb@s1__mnli@s1,stsb,mnli,0.7,0.0870150653826535,0.6327044886997152,0.9974165092635228,1.0,0.5,0.7,1.0,0.7,0.7,0.5,1.0,0.5,0.7,0.7,19.26282242530337,2.2943578047450104,0.0,19.26282242530337,0.0,0.0,2.2943578047450104,19.26282242530337,2.2943578047450104,0.0,0.0,0.0,1.0,0.5,0.7,1.0,0.7,0.7,0.7,0.7,0.5,0.5,0.7,1.0,0.7,19.18463705376191,2.225415817713089,0.0,19.18463705376191,0.0,0.0,0.0,0.0,2.225415817713089,2.225415817713089,0.0,19.18463705376191,0.0,0.6163008844985776,0.7875377833340637,0.22502208140452826,0.10145132626345743,9.920244130267092e-06,0.019273993802422576,0.13644509862746557
bert,S1,stsb@s1__qnli@s1,stsb,qnli,0.7,0.0424518028620382,0.676989276014082,0.9961225317091896,1.0,0.5,0.7,1.0,0.7,0.7,0.7,0.7,0.7,0.7,0.7,5.550696806105909,1.0301843529685197,0.0,5.550696806105909,0.0,0.0,0.0,0.0,0.0,0.0,0.0,0.0,1.0,0.5,0.7,1.0,0.7,0.7,0.7,0.7,0.7,0.7,0.7,0.7,0.7,5.5929885531623205,1.1335471193148297,0.0,5.5929885531623205,0.0,0.0,0.0,0.0,0.0,0.0,0.0,0.0,0.0,0.5980472432709752,0.5594742414717182,0.3765253168878548,0.068778936281016,0.02926766605228211,0.00478010763859571,0.08744487362184039
bert,S1,stsb@s1__rte@s1,stsb,rte,0.5,0.0395686538592501,0.6882215929322809,0.9980110091660028,1.0,0.5,0.7,1.0,0.7,0.7,0.7,0.7,0.5,0.7,0.5,11.291029672289701,0.0,3.47186979257422,11.291029672289701,3.47186979257422,3.47186979257422,3.47186979257422,3.47186979257422,0.0,3.47186979257422,0.0,0.0,1.0,0.5,0.7,1.0,0.5,0.3,0.5,0.7,0.7,0.5,0.7,0.7,0.7,10.72948579878057,0.0,5.26239436667873,10.72948579878057,0.0,3.53519074494293,0.0,5.26239436667873,5.26239436667873,0.0,5.26239436667873,5.26239436667873,5.26239436667873,0.8065491014301889,0.5148461527830859,0.6639801342588944,0.08452667628645794,0.0915245670500597,0.013847333045959299,0.14180492555792146
bert,S1,stsb@s1__wic@s1,stsb,wic,0.7,0.0093026906828865,0.7056244767286282,0.9977704946128942,1.0,0.5,0.7,1.0,0.7,0.7,0.5,0.7,0.5,1.0,0.7,2.58883837289392,1.1032237917491,0.0,2.58883837289392,0.0,0.0,1.1032237917491,0.0,1.1032237917491,2.58883837289392,0.0,0.0,1.0,0.5,0.7,1.0,0.7,0.7,0.7,0.7,0.5,0.5,0.7,0.7,1.0,3.20304183897804,1.5888673637118897,0.0,3.20304183897804,0.0,0.0,0.0,0.0,1.5888673637118897,1.5888673637118897,0.0,0.0,3.20304183897804,0.5414928663441598,0.2611701748940014,0.29098045851516835,0.017188761440590908,0.0019012341827369494,0.0016650812867399422,0.09806570164254103
bert,S1,stsb@s1__snli@s1,stsb,snli,0.5,0.0684313504982532,0.6773427670749809,0.9954625498020874,1.0,0.5,0.7,1.0,0.7,0.7,0.7,0.7,0.7,0.7,0.5,5.20505040581451,0.0,0.41215996211814016,5.20505040581451,0.41215996211814016,0.41215996211814016,0.41215996211814016,0.41215996211814016,0.41215996211814016,0.41215996211814016,0.0,0.0,1.0,0.5,0.7,1.0,0.5,0.5,0.5,0.7,0.7,0.7,0.7,0.7,0.7,5.2177266515762195,0.0,0.3739006394008801,5.2177266515762195,0.0,0.0,0.0,0.3739006394008801,0.3739006394008801,0.3739006394008801,0.3739006394008801,0.3739006394008801,0.3739006394008801,0.6472542495614961,0.5483414663925396,0.3819267271457473,0.06845886429504737,0.06820160218186964,0.008684922729787426,0.1460434635865897
bert,S1,stsb@s1__scitail@s1,stsb,scitail,0.7,0.0194261490967629,0.7046318730890103,0.9947230231058596,1.0,0.5,0.7,1.0,0.7,0.7,0.5,0.7,0.5,0.7,0.7,8.186987129476739,0.12220563005111984,0.0,8.186987129476739,0.0,0.0,0.12220563005111984,0.0,0.12220563005111984,0.0,0.0,0.0,1.0,0.5,0.7,1.0,0.5,0.5,0.7,0.7,0.5,0.5,0.7,0.7,0.7,7.98168357134548,0.21431527036166986,0.0,7.98168357134548,0.21431527036166986,0.21431527036166986,0.0,0.0,0.21431527036166986,0.21431527036166986,0.0,0.0,0.0,0.4586342149027165,0.2870412730049699,0.2260576217668535,0.04196544832051886,0.008754392171331657,0.006640589600217864,0.04817407935198381
bert,S1,stsb@s1__ag_news@s1,stsb,ag_news,0.5,0.0423058013861481,0.6729852523964299,0.9988798688674642,1.0,0.5,0.7,1.0,0.7,0.7,0.7,0.7,0.7,0.7,0.5,8.808073068113742,0.0,0.3605188296861503,8.808073068113742,0.3605188296861503,0.3605188296861503,0.3605188296861503,0.3605188296861503,0.3605188296861503,0.3605188296861503,0.0,0.0,1.0,0.5,0.7,1.0,0.7,0.5,0.5,0.7,0.7,0.7,0.7,0.7,0.7,8.53307587097947,0.0,0.3332455882282301,8.53307587097947,0.3332455882282301,0.0,0.0,0.3332455882282301,0.3332455882282301,0.3332455882282301,0.3332455882282301,0.3332455882282301,0.3332455882282301,0.8384106195014518,0.5187707802859696,0.3579666909170336,0.06886188999159712,0.056057629157975276,0.005237878177580465,0.07635790894772376
bert,S1,stsb@s1__imdb@s1,stsb,imdb,0.7,0.0380554165465349,0.7051483006313445,0.9994184691558528,1.0,0.5,0.7,1.0,0.7,0.7,0.7,0.7,0.7,1.0,0.7,1.4509505727165897,0.08561682546791988,0.0,1.4509505727165897,0.0,0.0,0.0,0.0,0.0,1.4509505727165897,0.0,0.0,1.0,0.5,0.7,1.0,0.5,0.5,0.7,0.7,0.7,0.7,0.7,0.7,1.0,1.47003897653602,0.03179154220689026,0.0,1.47003897653602,0.03179154220689026,0.03179154220689026,0.0,0.0,0.0,0.0,0.0,0.0,1.47003897653602,0.8780258835928966,0.2793773480793426,0.2948666195976166,0.027137736628127847,0.04830969292938725,0.003310499594394598,0.08242987324683115
bert,S1,stsb@s1__trec@s1,stsb,trec,0.7,0.0488539614294227,0.7063034119884105,0.9992920964659132,1.0,0.5,0.7,1.0,0.7,0.7,0.7,0.7,0.7,1.0,0.7,4.12312360068812,1.82877269032903,0.0,4.12312360068812,0.0,0.0,0.0,0.0,0.0,4.12312360068812,0.0,0.0,1.0,0.5,0.7,1.0,0.7,0.7,0.7,0.7,0.7,0.7,0.7,0.7,1.0,4.957721407922651,2.9866119018603094,0.0,4.957721407922651,0.0,0.0,0.0,0.0,0.0,0.0,0.0,0.0,4.957721407922651,0.865211491024837,0.3103730685673659,0.2947981255665671,0.026419232522900366,0.056529717616565764,0.0032500607547066053,0.07871878046951175
bert,S1,stsb@s1__yelp_polarity@s1,stsb,yelp_polarity,0.7,0.0223558117207045,0.6815350414779108,0.9992191127568164,1.0,0.5,0.7,1.0,0.7,0.7,0.7,0.7,0.7,0.7,0.5,2.68022656348744,-0.25700895512012,0.0,2.68022656348744,0.0,0.0,0.0,0.0,0.0,0.0,-0.25700895512012,0.0,1.0,0.5,0.7,1.0,0.7,0.7,0.5,0.7,0.7,0.7,0.7,0.7,0.7,2.6963124639241896,-0.33238723917830004,0.0,2.6963124639241896,0.0,0.0,-0.33238723917830004,0.0,0.0,0.0,0.0,0.0,0.0,0.8623593433556708,0.49530007459680175,0.3960822600686099,0.0511391968731209,0.05487174951042965,0.005318812706911856,0.04685854646366161
bert,S1,mnli@s1__qnli@s1,mnli,qnli,0.5,0.1705100831424828,0.6877033077137702,0.9979030612123042,1.0,0.5,0.7,1.0,0.7,0.7,0.7,0.7,0.7,0.7,0.5,9.966065747614008,0.0,5.72605754921269,9.966065747614008,5.72605754921269,5.72605754921269,5.72605754921269,5.72605754921269,5.72605754921269,5.72605754921269,0.0,0.0,1.0,0.5,0.7,1.0,0.7,0.5,0.5,0.7,0.7,0.7,0.7,0.7,0.7,10.014892055811634,0.0,5.816597435094051,10.014892055811634,5.816597435094051,0.0,0.0,5.816597435094051,5.816597435094051,5.816597435094051,5.816597435094051,5.816597435094051,5.816597435094051,0.6642889861291841,0.4584479275194639,0.15618555689939606,0.014017861041063876,0.0016280086917889198,0.0021228765956869656,0.2775000000000001
bert,S1,mnli@s1__rte@s1,mnli,rte,0.7,-0.0175346392737698,0.5914591823518877,0.9959478390924184,1.0,0.5,0.5,1.0,0.7,0.7,0.3,1.0,0.5,1.0,0.7,5.20831342570474,0.8609651218346899,0.8609651218346899,5.20831342570474,0.0,0.0,24.18776875298615,5.20831342570474,0.8609651218346899,5.20831342570474,0.0,0.0,1.0,0.5,0.5,1.0,0.7,0.7,0.7,0.7,0.3,0.5,0.7,1.0,1.0,4.47004236897853,0.22220687114304,0.22220687114304,4.47004236897853,0.0,0.0,0.0,0.0,22.56781339228147,0.22220687114304,0.0,4.47004236897853,4.47004236897853,0.7166451307046592,0.8543165590050664,0.44105433658096194,0.040136824852261804,6.6817539726413865e-06,0.0009190072088243896,0.1467028985507246
bert,S1,mnli@s1__wic@s1,mnli,wic,0.7,0.1219719800573767,0.6414902498044877,1.000426335849319,1.0,0.5,0.7,1.0,0.7,0.7,0.7,1.0,0.7,1.0,0.7,1.629696682728471,5.27039523159625,0.0,1.629696682728471,0.0,0.0,0.0,1.629696682728471,0.0,1.629696682728471,0.0,0.0,1.0,0.5,0.7,1.0,1.0,0.7,0.7,0.7,0.7,0.7,0.7,1.0,1.0,1.913366758514909,5.401883362213439,0.0,1.913366758514909,1.913366758514909,0.0,0.0,0.0,0.0,0.0,0.0,1.913366758514909,1.913366758514909,0.7155628901857175,0.6276801760033408,0.32106257353079687,0.010832626664209977,0.0014809912524532027,0.0009118040050734476,0.3075
bert,S1,mnli@s1__snli@s1,mnli,snli,0.7,0.0540552995391705,0.6864604271467726,0.9951166482254458,1.0,0.5,0.7,1.0,0.7,0.7,0.5,0.7,0.5,0.7,0.5,5.089861751152069,-1.3446203165698298,0.0,5.089861751152069,0.0,0.0,-1.3446203165698298,0.0,-1.3446203165698298,0.0,-1.3446203165698298,0.0,1.0,0.5,0.7,1.0,0.7,0.7,0.5,0.7,0.5,0.5,0.7,0.7,0.7,5.07764172162983,-1.4647324883594097,0.0,5.07764172162983,0.0,0.0,-1.4647324883594097,0.0,-1.4647324883594097,-1.4647324883594097,0.0,0.0,0.0,0.5127374775938434,0.5229641046597095,0.10768068748277074,0.03608319336746479,0.001082150790845186,0.0077314246045446225,0.135
bert,S1,mnli@s1__scitail@s1,mnli,scitail,0.5,0.0618628461729886,0.6406011058121416,0.9964161937061732,1.0,0.5,0.7,1.0,0.7,0.7,0.5,1.0,0.5,0.7,0.5,15.72318349644242,0.0,6.0395880204974,15.72318349644242,6.0395880204974,6.0395880204974,0.0,15.72318349644242,0.0,6.0395880204974,0.0,0.0,1.0,0.5,0.7,1.0,0.5,0.5,0.5,0.7,0.5,0.5,0.7,1.0,0.7,16.009645663901,0.0,5.8004052684903895,16.009645663901,0.0,0.0,0.0,5.8004052684903895,0.0,0.0,5.8004052684903895,16.009645663901,5.8004052684903895,0.6166174022648104,0.7250208058297256,0.25925030909146235,0.04961549527399984,0.0008421653133892231,0.00863423920115554,0.16999999999999993
bert,S1,mnli@s1__ag_news@s1,mnli,ag_news,0.7,0.061293833657158,0.6917683161052681,0.9991531106008176,1.0,0.5,0.7,1.0,0.7,0.7,0.7,0.7,0.7,0.7,0.7,1.9077777044006705,8.80629946438565,0.0,1.9077777044006705,0.0,0.0,0.0,0.0,0.0,0.0,0.0,0.0,1.0,0.5,0.7,1.0,0.7,0.7,0.7,0.7,0.7,0.7,0.7,0.7,0.7,1.9263791356601396,8.816249170247708,0.0,1.9263791356601396,0.0,0.0,0.0,0.0,0.0,0.0,0.0,0.0,0.0,0.815301745815147,0.3817537651044549,0.104237699513714,0.018009425486646396,0.001029770053901187,0.0024822169292688444,0.12250000000000005
bert,S1,mnli@s1__imdb@s1,mnli,imdb,0.7,0.0372362272769789,0.6462304924712763,0.9963307920725906,1.0,0.5,0.7,1.0,0.7,0.7,0.5,0.7,0.5,0.7,0.7,1.5594725034169297,7.58474302969892,0.0,1.5594725034169297,0.0,0.0,7.58474302969892,0.0,7.58474302969892,0.0,0.0,0.0,1.0,0.5,0.7,1.0,0.7,0.7,0.7,0.7,0.5,0.5,0.7,0.7,0.7,1.5770876522110198,7.54501394940838,0.0,1.5770876522110198,0.0,0.0,0.0,0.0,7.54501394940838,7.54501394940838,0.0,0.0,0.0,0.8491565827917107,0.6356360848992029,0.3433407867232345,0.03682593123812939,1.1800934757276539e-05,0.006657987041910309,0.10749999999999993
bert,S1,mnli@s1__trec@s1,mnli,trec,0.7,0.0341666984211662,0.6253952225931045,0.998410532415573,1.0,0.5,0.7,1.0,0.7,0.7,0.5,1.0,0.5,1.0,0.7,3.2934877872194392,8.958922379301148,0.0,3.2934877872194392,0.0,0.0,8.958922379301148,3.2934877872194392,8.958922379301148,3.2934877872194392,0.0,0.0,1.0,0.5,0.7,1.0,0.7,0.7,0.7,0.7,0.5,0.5,0.7,1.0,1.0,3.02734611381405,8.83326244592675,0.0,3.02734611381405,0.0,0.0,0.0,0.0,8.83326244592675,8.83326244592675,0.0,3.02734611381405,3.02734611381405,0.8293659540602574,0.8194379640376563,0.2857583382132876,0.046210190118904836,3.342384885718956e-05,0.006366550708794559,0.10000000000000009
bert,S1,mnli@s1__yelp_polarity@s1,mnli,yelp_polarity,0.7,0.038941807259874,0.6840948137287687,0.9969525963987004,1.0,0.5,0.7,1.0,0.7,0.7,0.5,0.7,0.5,0.7,0.7,2.89194871730511,6.111042266806621,0.0,2.89194871730511,0.0,0.0,6.111042266806621,0.0,6.111042266806621,0.0,0.0,0.0,1.0,0.5,0.7,1.0,0.7,0.7,0.7,0.7,0.5,0.5,0.7,0.7,0.7,2.92528455863727,6.134253762453559,0.0,2.92528455863727,0.0,0.0,0.0,0.0,6.134253762453559,6.134253762453559,0.0,0.0,0.0,0.7855348725539144,0.5249965835882348,0.22752642258366074,0.025386136529244787,0.0005884593908267159,0.005329134202172208,0.1200000000000001
bert,S1,qnli@s1__rte@s1,qnli,rte,0.5,0.0698874296435272,0.6331861813327716,0.996291447796674,1.0,0.5,0.7,1.0,0.7,0.7,0.7,0.7,0.5,0.7,0.5,20.703328235609426,0.0,9.29257256373468,20.703328235609426,9.29257256373468,9.29257256373468,9.29257256373468,9.29257256373468,0.0,9.29257256373468,0.0,0.0,1.0,0.5,0.7,1.0,0.3,0.5,0.5,0.7,0.7,0.5,0.7,0.7,0.7,19.33677905516376,0.0,6.11402279972951,19.33677905516376,9.551492609409728,0.0,0.0,6.11402279972951,6.11402279972951,0.0,6.11402279972951,6.11402279972951,6.11402279972951,0.8678500477053098,0.6512563156622835,0.7575813399472331,0.09972201743667691,0.13431719252493135,0.0045140126972234495,0.23206521739130426
bert,S1,qnli@s1__wic@s1,qnli,wic,0.7,0.0724536013683609,0.6845559162566138,0.9979446138655969,1.0,0.5,0.7,1.0,0.7,0.7,0.7,0.7,0.7,0.7,0.7,2.89710546802118,1.9486598095434196,0.0,2.89710546802118,0.0,0.0,0.0,0.0,0.0,0.0,0.0,0.0,1.0,0.5,0.7,1.0,0.7,0.7,0.7,0.7,0.7,0.7,0.7,0.7,0.7,1.2558390523768503,0.7991101135201406,0.0,1.2558390523768503,0.0,0.0,0.0,0.0,0.0,0.0,0.0,0.0,0.0,0.7652199868222505,0.45053629226461117,0.35354635833895465,0.024633004067227723,0.0025579510179771603,0.0029032257475806044,0.21500000000000008
bert,S1,qnli@s1__snli@s1,qnli,snli,0.5,0.0615884297138963,0.7066173035011512,0.9986088866979038,1.0,0.5,0.7,1.0,0.7,0.7,0.7,1.0,0.7,1.0,0.5,21.87949667603504,0.0,6.954378234720149,21.87949667603504,6.954378234720149,6.954378234720149,6.954378234720149,21.87949667603504,6.954378234720149,21.87949667603504,0.0,0.0,1.0,0.5,0.7,1.0,0.5,0.5,0.5,0.7,0.7,0.7,0.7,1.0,1.0,22.00109375009902,0.0,6.950832574488761,22.00109375009902,0.0,0.0,0.0,6.950832574488761,6.950832574488761,6.950832574488761,6.950832574488761,22.00109375009902,22.00109375009902,0.6112007845170657,0.19236824485952955,0.1564509596581379,0.0058057656656922895,0.04355494875947308,0.001318442925578173,0.15749999999999997
bert,S1,qnli@s1__scitail@s1,qnli,scitail,0.5,0.0678603731144054,0.6838072544773449,0.9966246678939517,1.0,0.5,0.7,1.0,0.7,0.7,0.7,0.7,0.7,0.7,0.5,25.09248758634339,0.0,10.799340776136548,25.09248758634339,10.799340776136548,10.799340776136548,10.799340776136548,10.799340776136548,10.799340776136548,10.799340776136548,0.0,0.0,1.0,0.5,0.7,1.0,0.5,0.5,0.5,0.7,0.7,0.7,0.7,0.7,0.7,25.510803425256135,0.0,11.07345959896437,25.510803425256135,0.0,0.0,0.0,11.07345959896437,11.07345959896437,11.07345959896437,11.07345959896437,11.07345959896437,11.07345959896437,0.6982421520748116,0.5111209844802478,0.32875334298134,0.04563057751454977,0.0054412157983851584,0.005592017431333571,0.13250000000000006
bert,S1,qnli@s1__ag_news@s1,qnli,ag_news,0.7,0.0359434033894447,0.7066135039045142,0.9993243687835816,1.0,0.5,0.7,1.0,0.7,0.7,0.7,1.0,0.7,1.0,0.7,9.66256805860183,5.494414179609921,0.0,9.66256805860183,0.0,0.0,0.0,9.66256805860183,0.0,9.66256805860183,0.0,0.0,1.0,0.5,0.7,1.0,0.7,0.7,0.7,0.7,0.7,0.7,0.7,1.0,1.0,9.689565087275701,5.529738783636869,0.0,9.689565087275701,0.0,0.0,0.0,0.0,0.0,0.0,0.0,9.689565087275701,9.689565087275701,0.839152142324956,0.16987310256885835,0.1695400443865397,0.009434892082317334,0.05149699857216422,0.0006619479401644259,0.08750000000000002
bert,S1,qnli@s1__imdb@s1,qnli,imdb,0.7,0.0396065223451354,0.6887506380996017,0.9992694365234128,1.0,0.5,0.7,1.0,0.7,0.7,0.7,1.0,0.7,0.7,0.7,2.5895380272727904,3.43348249945834,0.0,2.5895380272727904,0.0,0.0,0.0,2.5895380272727904,0.0,0.0,0.0,0.0,1.0,0.5,0.7,1.0,0.7,0.7,0.7,0.7,0.7,0.7,0.7,1.0,0.7,2.6221890824534104,3.4989732603998305,0.0,2.6221890824534104,0.0,0.0,0.0,0.0,0.0,0.0,0.0,2.6221890824534104,0.0,0.8954720231520311,0.4046419128748769,0.3530684858421084,0.02290422435742825,0.039388816350761725,0.0022684124940038613,0.09499999999999997
bert,S1,qnli@s1__trec@s1,qnli,trec,0.7,0.0533528988432123,0.6706453154968265,0.998440573153315,1.0,0.5,0.7,1.0,0.7,0.7,0.7,0.7,0.7,0.7,0.7,3.7516907106999593,2.0284127417239493,0.0,3.7516907106999593,0.0,0.0,0.0,0.0,0.0,0.0,0.0,0.0,1.0,0.5,0.7,1.0,0.7,0.7,0.7,0.7,0.7,0.7,0.7,0.7,0.7,3.4831872272979396,2.09475070090999,0.0,3.4831872272979396,0.0,0.0,0.0,0.0,0.0,0.0,0.0,0.0,0.0,0.8794924759502021,0.6182892108948792,0.457964972605961,0.04472039669957452,0.03906852557711864,0.003967384495307576,0.10750000000000004
bert,S1,qnli@s1__yelp_polarity@s1,qnli,yelp_polarity,0.7,0.0356593728606629,0.7067124465033506,0.9994196716099488,1.0,0.5,0.7,1.0,0.7,0.7,0.7,1.0,0.7,1.0,0.7,2.11004642672791,3.1827734089566,0.0,2.11004642672791,0.0,0.0,0.0,2.11004642672791,0.0,2.11004642672791,0.0,0.0,1.0,0.5,0.7,1.0,0.7,0.7,0.7,0.7,0.7,0.7,0.7,1.0,1.0,2.1352955909050597,3.1560495907869903,0.0,2.1352955909050597,0.0,0.0,0.0,0.0,0.0,0.0,0.0,2.1352955909050597,2.1352955909050597,0.7864301393303834,0.19322655784177462,0.1900020606195195,0.010970991945987678,0.05026225046429434,0.0015817474078532432,0.09750000000000003
bert,S1,rte@s1__wic@s1,rte,wic,0.7,0.027694278815355,0.6816988665552538,0.9990040038916888,1.0,0.5,0.7,1.0,0.7,0.7,0.7,0.7,0.5,0.7,0.7,0.9079485536884597,2.8987828315182593,0.0,0.9079485536884597,0.0,0.0,0.0,0.0,2.8987828315182593,0.0,0.0,0.0,1.0,0.5,0.7,1.0,0.7,1.0,1.0,0.7,0.7,0.5,0.7,0.7,0.7,-0.03717077315208983,0.35754743698669034,0.0,-0.03717077315208983,0.0,-0.03717077315208983,-0.03717077315208983,0.0,0.0,0.35754743698669034,0.0,0.0,0.0,0.8896606242263961,0.4814857562167396,0.45310977534961994,0.03307113293534248,0.0021698481698602355,0.005123420563194945,0.1794565217391304
bert,S1,rte@s1__snli@s1,rte,snli,0.5,0.0136733299426147,0.6339069745799043,0.9966813745368852,1.0,0.5,0.7,1.0,0.7,0.7,0.7,0.7,0.7,0.7,0.5,6.177850900852301,0.0,1.9113250003853,6.177850900852301,1.9113250003853,1.9113250003853,1.9113250003853,1.9113250003853,1.9113250003853,1.9113250003853,0.0,0.0,1.0,0.5,0.7,1.0,0.5,0.5,0.5,0.7,0.7,0.7,0.7,0.7,0.7,6.3326692687157795,0.0,0.8305551038109201,6.3326692687157795,0.0,0.0,0.0,0.8305551038109201,0.8305551038109201,0.8305551038109201,0.8305551038109201,0.8305551038109201,0.8305551038109201,0.9095257960063144,0.6537287632044305,0.7190302935348529,0.10571702401472832,0.1330782431273716,0.007810940548994462,0.14358695652173914
bert,S1,rte@s1__scitail@s1,rte,scitail,0.7,-0.0046768440063615,0.6820316728281414,0.9984620023080432,1.0,0.5,0.7,1.0,0.7,0.7,0.7,0.7,0.5,0.7,0.7,5.53875805306712,3.06623058053964,0.0,5.53875805306712,0.0,0.0,0.0,0.0,3.06623058053964,0.0,0.0,0.0,1.0,0.5,0.7,1.0,0.7,0.7,0.7,0.7,0.7,0.5,0.7,0.7,0.7,3.3674096174096104,3.2708845208845103,0.0,3.3674096174096104,0.0,0.0,0.0,0.0,0.0,3.2708845208845103,0.0,0.0,0.0,0.7709279089159982,0.5559892091672625,0.42967862443688026,0.07790227867726565,0.017514371757330137,0.01255973636568458,0.09721014492753621
bert,S1,rte@s1__ag_news@s1,rte,ag_news,0.7,0.0737369094252138,0.6285261430939516,0.9990912566193596,1.0,0.5,0.7,1.0,0.7,0.7,0.7,0.7,0.7,0.7,0.5,5.10593910845729,-1.7920943074832199,0.0,5.10593910845729,0.0,0.0,0.0,0.0,0.0,0.0,-1.7920943074832199,0.0,1.0,0.5,0.7,1.0,0.7,0.5,0.5,0.7,0.7,0.7,0.7,0.7,0.7,-0.9783176593521306,-3.0139759665621604,0.0,-0.9783176593521306,0.0,-3.0139759665621604,-3.0139759665621604,0.0,0.0,0.0,0.0,0.0,0.0,0.9277906365008841,0.6561940135281028,0.8188543039821238,0.14230424560755953,0.12371682324600665,0.007061010075451533,0.16804347826086952
bert,S1,rte@s1__imdb@s1,rte,imdb,0.7,0.0100646150882159,0.6774268553357337,0.9993256552358076,1.0,0.5,0.7,1.0,0.7,0.7,0.7,0.7,0.7,0.7,0.7,3.4640455072012704,6.54153668314153,0.0,3.4640455072012704,0.0,0.0,0.0,0.0,0.0,0.0,0.0,0.0,1.0,0.5,0.7,1.0,1.0,0.7,0.7,0.7,0.7,0.7,0.7,0.7,0.7,0.7463659304678,8.131165404909389,0.0,0.7463659304678,0.7463659304678,0.0,0.0,0.0,0.0,0.0,0.0,0.0,0.0,0.8539821152391882,0.5370701181015749,0.4847142248681601,0.06570818574192261,0.04716330836082933,0.008983790264223348,0.09771739130434798
bert,S1,rte@s1__trec@s1,rte,trec,0.7,0.017506011371042,0.6936097053226467,0.998365641024532,1.0,0.5,0.7,1.0,0.7,0.7,0.7,0.7,0.7,0.7,0.7,0.9264253129283799,2.8815254275377002,0.0,0.9264253129283799,0.0,0.0,0.0,0.0,0.0,0.0,0.0,0.0,1.0,0.5,0.7,1.0,0.7,1.0,0.7,0.7,0.7,0.7,0.7,0.7,0.7,2.2727272727272703,4.14792119143656,0.0,2.2727272727272703,0.0,2.2727272727272703,0.0,0.0,0.0,0.0,0.0,0.0,0.0,0.867422935308811,0.5241852130322493,0.4700492450035808,0.05239857678770866,0.06034053930746484,0.011965280235941966,0.08333333333333315
bert,S1,rte@s1__yelp_polarity@s1,rte,yelp_polarity,0.7,0.0304503005236813,0.6380734407933588,0.9991154902763244,1.0,0.5,0.7,1.0,0.7,0.7,0.7,0.7,0.7,0.7,0.7,1.20525013644232,4.53564036728985,0.0,1.20525013644232,0.0,0.0,0.0,0.0,0.0,0.0,0.0,0.0,1.0,0.5,0.7,1.0,0.7,0.7,1.0,0.7,0.7,0.7,0.7,0.7,0.7,-2.16964567550506,4.37332307449495,0.0,-2.16964567550506,0.0,0.0,-2.16964567550506,0.0,0.0,0.0,0.0,0.0,0.0,0.936877623738676,0.652544197338698,0.6199313927033787,0.09329438380852385,0.08368654209730388,0.004198929270378598,0.0802173913043478
bert,S1,wic@s1__snli@s1,wic,snli,0.7,0.0571756740608431,0.6852604374094601,0.9989417794731076,1.0,0.5,0.7,1.0,0.7,0.7,0.7,0.7,0.7,0.7,0.7,3.6741583280397996,7.493495766220762,0.0,3.6741583280397996,0.0,0.0,0.0,0.0,0.0,0.0,0.0,0.0,1.0,0.5,0.7,1.0,0.7,0.7,0.7,0.7,0.7,0.7,0.7,0.7,0.7,4.408183282341069,7.205512736918948,0.0,4.408183282341069,0.0,0.0,0.0,0.0,0.0,0.0,0.0,0.0,0.0,0.8389400218469175,0.370039708228868,0.29994070161767306,0.015973092390991785,0.0138164058017922,0.0018088474116882745,0.1625000000000001
bert,S1,wic@s1__scitail@s1,wic,scitail,1.0,0.1417001858988226,0.7065156001668141,0.9982642692441146,1.0,0.5,0.7,1.0,0.7,0.7,0.7,0.7,0.5,0.7,0.7,0.0,0.18406550091848994,-2.4401512123756604,0.0,-2.4401512123756604,-2.4401512123756604,-2.4401512123756604,-2.4401512123756604,0.18406550091848994,-2.4401512123756604,-2.4401512123756604,0.0,1.0,0.5,0.7,1.0,0.7,0.7,0.7,0.7,0.7,0.5,0.7,0.7,0.7,0.0,1.2721165758548925,-0.8139982439047788,0.0,-0.8139982439047788,-0.8139982439047788,-0.8139982439047788,-0.8139982439047788,-0.8139982439047788,1.2721165758548925,-0.8139982439047788,-0.8139982439047788,-0.8139982439047788,0.8098756040778339,0.227817851930326,0.25414810541757965,0.016273538967039144,0.002104388587586149,0.00509814519154488,0.2749999999999999
bert,S1,wic@s1__ag_news@s1,wic,ag_news,0.7,0.0393643930630036,0.6806121215508755,0.9991373872279186,1.0,0.5,0.7,1.0,0.7,0.7,0.7,0.7,0.7,0.7,0.7,2.56467361436985,1.1622931937435501,0.0,2.56467361436985,0.0,0.0,0.0,0.0,0.0,0.0,0.0,0.0,1.0,0.5,0.7,1.0,0.7,0.5,0.7,0.7,0.7,0.7,0.7,0.7,0.7,3.9205338919325405,2.20190138575571,0.0,3.9205338919325405,0.0,2.20190138575571,0.0,0.0,0.0,0.0,0.0,0.0,0.0,0.8423288398224346,0.3903858254048554,0.33156666001355295,0.014207048468643672,0.020400117350907788,0.0010896494016513294,0.06999999999999995
bert,S1,wic@s1__imdb@s1,wic,imdb,0.7,0.0208085759182039,0.7068054481710413,0.9998226252796232,1.0,0.5,0.7,1.0,0.7,0.7,0.7,0.7,0.7,1.0,0.7,0.5742712374524599,0.09524990248224972,0.0,0.5742712374524599,0.0,0.0,0.0,0.0,0.0,0.5742712374524599,0.0,0.0,1.0,0.5,0.7,1.0,0.7,0.7,0.5,0.7,0.7,0.7,0.7,0.7,1.0,0.5421161073983799,-0.32873226089324,0.0,0.5421161073983799,0.0,0.0,-0.32873226089324,0.0,0.0,0.0,0.0,0.0,0.5421161073983799,0.8695142054129529,0.18100044541220275,0.18896480821751246,0.01061873799741438,0.0013846824715983079,0.0021509135909822154,0.07999999999999996
bert,S1,wic@s1__trec@s1,wic,trec,0.7,0.023246856859886,0.7044780695467976,0.9995235744449132,1.0,0.5,0.7,1.0,0.7,0.7,0.7,0.7,0.7,1.0,0.7,1.00896860986548,1.3982502957440504,0.0,1.00896860986548,0.0,0.0,0.0,0.0,0.0,1.00896860986548,0.0,0.0,1.0,0.5,0.7,1.0,0.7,1.0,0.7,0.7,0.7,0.7,0.7,0.7,1.0,1.5576323987539102,0.97923511211764,0.0,1.5576323987539102,0.0,1.5576323987539102,0.0,0.0,0.0,0.0,0.0,0.0,1.5576323987539102,0.863982250928075,0.3346685708055234,0.31177406454749523,0.013678204377284767,0.008134635993584294,0.0035810229504516754,0.05500000000000005
bert,S1,wic@s1__yelp_polarity@s1,wic,yelp_polarity,0.5,0.0280004377955895,0.6884606788631135,0.9995625486305494,1.0,0.5,0.7,1.0,0.7,0.7,0.7,0.7,0.7,1.0,0.7,2.39635857080246,0.0,-0.6823983758642099,2.39635857080246,-0.6823983758642099,-0.6823983758642099,-0.6823983758642099,-0.6823983758642099,-0.6823983758642099,2.39635857080246,-0.6823983758642099,0.0,1.0,0.5,0.7,1.0,0.7,0.7,0.7,0.7,0.7,0.7,0.7,0.7,1.0,3.1059859326323895,0.0,-0.23871527777778007,3.1059859326323895,-0.23871527777778007,-0.23871527777778007,-0.23871527777778007,-0.23871527777778007,-0.23871527777778007,-0.23871527777778007,-0.23871527777778007,-0.23871527777778007,3.1059859326323895,0.872980292577833,0.37172688986401176,0.367859827503873,0.012333598970008337,0.013729771388709244,0.0016774660951192051,0.09499999999999997
bert,S1,snli@s1__scitail@s1,snli,scitail,0.5,0.0597134190138597,0.6843637981973231,0.9969937614196744,1.0,0.5,0.7,1.0,0.7,0.7,0.7,0.7,0.7,0.7,0.5,25.12950129529965,0.0,9.86021772960749,25.12950129529965,9.86021772960749,9.86021772960749,9.86021772960749,9.86021772960749,9.86021772960749,9.86021772960749,0.0,0.0,1.0,0.5,0.7,1.0,0.5,0.5,0.5,0.7,0.7,0.7,0.7,0.7,0.7,25.500428232986376,0.0,9.78447908680466,25.500428232986376,0.0,0.0,0.0,9.78447908680466,9.78447908680466,9.78447908680466,9.78447908680466,9.78447908680466,9.78447908680466,0.7690884302108301,0.49145216444984224,0.269693063281809,0.04600773212047833,0.03171547951492136,0.010149074075934413,0.14749999999999996
bert,S1,snli@s1__ag_news@s1,snli,ag_news,0.7,0.0289129414479358,0.7066657552945195,0.9996690411026832,1.0,0.5,0.7,1.0,0.7,0.7,0.7,1.0,0.7,1.0,0.7,5.0525416931226195,3.9611605870981905,0.0,5.0525416931226195,0.0,0.0,0.0,5.0525416931226195,0.0,5.0525416931226195,0.0,0.0,1.0,0.5,0.7,1.0,0.7,0.7,0.7,0.7,0.7,0.7,0.7,1.0,1.0,5.019791088355641,3.9347125408673107,0.0,5.019791088355641,0.0,0.0,0.0,0.0,0.0,0.0,0.0,5.019791088355641,5.019791088355641,0.7758642096743098,0.20664142704727964,0.1400526514682778,0.012384415482056248,0.07532056969230864,0.002024169899902997,0.08250000000000002
bert,S1,snli@s1__imdb@s1,snli,imdb,0.7,0.0178082630100779,0.6890899302035413,0.9987467035216928,1.0,0.5,0.7,1.0,0.7,0.7,0.7,0.7,0.7,0.7,0.7,1.8889592410416198,3.9637001806668697,0.0,1.8889592410416198,0.0,0.0,0.0,0.0,0.0,0.0,0.0,0.0,1.0,0.5,0.7,1.0,0.7,0.7,0.7,0.7,0.7,0.7,0.7,0.7,0.7,1.8473961097082598,4.008481208660481,0.0,1.8473961097082598,0.0,0.0,0.0,0.0,0.0,0.0,0.0,0.0,0.0,0.8666638276487336,0.41162760408439325,0.34194204789562505,0.031235574197412748,0.0573553894046097,0.005881105408759006,0.07750000000000001
bert,S1,snli@s1__trec@s1,snli,trec,1.0,0.0261492670446885,0.6713557212252199,0.9990703657317506,1.0,0.5,0.7,1.0,0.7,0.7,0.7,0.7,0.7,0.7,0.7,0.0,4.8883644957652,-0.7859085003312501,0.0,-0.7859085003312501,-0.7859085003312501,-0.7859085003312501,-0.7859085003312501,-0.7859085003312501,-0.7859085003312501,-0.7859085003312501,0.0,1.0,0.5,0.7,1.0,0.7,0.7,0.7,0.7,0.7,0.7,0.7,0.7,0.7,0.0,4.653442173880311,-1.09772651879169,0.0,-1.09772651879169,-1.09772651879169,-1.09772651879169,-1.09772651879169,-1.09772651879169,-1.09772651879169,-1.09772651879169,-1.09772651879169,-1.09772651879169,0.9008399977355142,0.5951589442049754,0.407244628238054,0.05284513992214452,0.048042991985069006,0.0073740098759885785,0.07250000000000001
bert,S1,snli@s1__yelp_polarity@s1,snli,yelp_polarity,0.7,0.0229384967456647,0.7065598971311927,0.9988662424882556,1.0,0.5,0.7,1.0,0.7,0.7,0.7,1.0,0.7,1.0,0.7,2.3230689359035503,4.6815589625365694,0.0,2.3230689359035503,0.0,0.0,0.0,2.3230689359035503,0.0,2.3230689359035503,0.0,0.0,1.0,0.5,0.7,1.0,0.7,0.7,0.7,0.7,0.7,0.7,0.7,1.0,1.0,2.33408337060228,4.6946140957314695,0.0,2.33408337060228,0.0,0.0,0.0,0.0,0.0,0.0,0.0,2.33408337060228,2.33408337060228,0.7572254913373375,0.20841902741043997,0.22885601224642965,0.013096203903184406,0.10228689748231125,0.0033922051484281688,0.0675
bert,S1,scitail@s1__ag_news@s1,scitail,ag_news,0.7,0.0428321698319973,0.6802293196854137,0.999518193613773,1.0,0.5,0.7,1.0,0.7,0.7,0.7,0.7,0.7,0.7,0.7,13.821127283858479,3.61835798748203,0.0,13.821127283858479,0.0,0.0,0.0,0.0,0.0,0.0,0.0,0.0,1.0,0.5,0.7,1.0,0.7,0.7,0.7,0.7,0.7,0.7,0.7,0.7,0.7,13.864803843252133,3.3481449429725294,0.0,13.864803843252133,0.0,0.0,0.0,0.0,0.0,0.0,0.0,0.0,0.0,0.8579106821116136,0.4545292766036144,0.3277074148815221,0.04951578765881856,0.037355399012537385,0.00648007864854529,0.07999999999999996
bert,S1,scitail@s1__imdb@s1,scitail,imdb,0.7,0.0183664156341141,0.7063977650611974,0.9988482522202062,1.0,0.5,0.7,1.0,0.7,0.7,0.7,0.7,0.7,1.0,0.7,1.2947225822885502,5.34329560769302,0.0,1.2947225822885502,0.0,0.0,0.0,0.0,0.0,1.2947225822885502,0.0,0.0,1.0,0.5,0.7,1.0,0.7,0.7,0.7,0.7,0.7,0.7,0.7,0.7,1.0,1.16176667277838,5.07049055741417,0.0,1.16176667277838,0.0,0.0,0.0,0.0,0.0,0.0,0.0,0.0,1.16176667277838,0.8142041692244955,0.22118511586161851,0.22317353649067892,0.026258296348308164,0.01523424558816788,0.007017985409188088,0.050000000000000044
bert,S1,scitail@s1__trec@s1,scitail,trec,1.0,0.0308688113141608,0.7045310529469649,0.9992117788575996,1.0,0.5,0.7,1.0,0.7,0.7,0.7,0.7,0.7,1.0,1.0,0.0,8.40176440982064,1.73748885957125,0.0,1.73748885957125,1.73748885957125,1.73748885957125,1.73748885957125,1.73748885957125,0.0,0.0,0.0,1.0,0.5,0.7,1.0,1.0,1.0,1.0,0.7,0.7,0.7,0.7,0.7,1.0,0.0,7.699605993121339,1.1772437966977196,0.0,0.0,0.0,0.0,1.1772437966977196,1.1772437966977196,1.1772437966977196,1.1772437966977196,1.1772437966977196,0.0,0.8403464738678041,0.37900336748075647,0.3411735032133257,0.032669890831456216,0.024051334605129985,0.009960556527839927,0.05500000000000005
bert,S1,scitail@s1__yelp_polarity@s1,scitail,yelp_polarity,0.7,0.0262314292449765,0.6878323455544764,0.9987800016160268,1.0,0.5,0.7,1.0,0.7,0.7,0.7,0.7,0.7,0.7,0.7,7.60756492095694,4.891325283792371,0.0,7.60756492095694,0.0,0.0,0.0,0.0,0.0,0.0,0.0,0.0,1.0,0.5,0.7,1.0,0.7,0.7,0.7,0.7,0.7,0.7,0.7,0.7,0.7,7.851650478603611,4.581213467932221,0.0,7.851650478603611,0.0,0.0,0.0,0.0,0.0,0.0,0.0,0.0,0.0,0.837415367652174,0.4384484560529891,0.3234313157269104,0.03931592195532657,0.042941677935637385,0.007140672690324214,0.07999999999999996
bert,S1,ag_news@s1__imdb@s1,ag_news,imdb,0.7,0.0390064264990164,0.6846977807560578,0.9989172177911746,1.0,0.5,0.7,1.0,0.7,0.7,0.7,0.7,0.7,0.7,0.7,0.9964466402351699,1.9438876564504,0.0,0.9964466402351699,0.0,0.0,0.0,0.0,0.0,0.0,0.0,0.0,1.0,0.5,0.7,1.0,0.7,1.0,0.7,0.7,0.7,0.7,0.7,0.7,0.7,1.02782293471295,1.9623490044379002,0.0,1.02782293471295,0.0,1.02782293471295,0.0,0.0,0.0,0.0,0.0,0.0,0.0,0.8916570054217555,0.42891599136148184,0.3749714542086897,0.04928800812189385,0.05794868256583696,0.005749644677122148,0.08499999999999996
bert,S1,ag_news@s1__trec@s1,ag_news,trec,0.7,0.022908434352624,0.6658820368415357,0.998763938220837,1.0,0.5,0.7,1.0,0.7,0.7,0.7,0.7,0.7,0.7,0.7,2.30277349592547,1.2936534366013002,0.0,2.30277349592547,0.0,0.0,0.0,0.0,0.0,0.0,0.0,0.0,1.0,0.5,0.7,1.0,0.7,0.7,0.7,0.7,0.7,0.7,0.7,0.7,0.7,1.9974942136440403,1.3130124357616402,0.0,1.9974942136440403,0.0,0.0,0.0,0.0,0.0,0.0,0.0,0.0,0.0,0.8802964641055191,0.6352294481595906,0.45566384994028586,0.09076222956474128,0.04492679343617939,0.009760293006870438,0.03749999999999998
bert,S1,ag_news@s1__yelp_polarity@s1,ag_news,yelp_polarity,0.7,0.0273658628873459,0.7059880640405234,0.9993450471860332,1.0,0.5,0.7,1.0,0.7,0.7,0.7,1.0,0.7,1.0,0.7,0.7066512663897098,1.4823014550655105,0.0,0.7066512663897098,0.0,0.0,0.0,0.7066512663897098,0.0,0.7066512663897098,0.0,0.0,1.0,0.5,0.7,1.0,0.7,1.0,0.7,0.7,0.7,0.7,0.7,1.0,1.0,0.7286054238505802,1.4678370450191598,0.0,0.7286054238505802,0.0,0.7286054238505802,0.0,0.0,0.0,0.0,0.0,0.7286054238505802,0.7286054238505802,0.835928324810248,0.2501601042192812,0.24586832914612117,0.023993417693730264,0.07385958878338136,0.0031675394497885953,0.057499999999999996
bert,S1,imdb@s1__trec@s1,imdb,trec,0.7,0.0169018473855708,0.7024564918389363,0.998716705628464,1.0,0.5,0.7,1.0,0.7,0.7,0.7,0.7,0.7,0.7,0.7,1.2665353901821403,1.3855391781705904,0.0,1.2665353901821403,0.0,0.0,0.0,0.0,0.0,0.0,0.0,0.0,1.0,0.5,0.7,1.0,0.7,0.7,0.7,0.7,0.7,0.7,0.7,0.7,0.7,1.25461267613906,1.2733256758798999,0.0,1.25461267613906,0.0,0.0,0.0,0.0,0.0,0.0,0.0,0.0,0.0,0.913425480026153,0.4065663128898175,0.3332321325276931,0.03731422125846129,0.04468457839322851,0.007807953400850053,0.0675
bert,S1,imdb@s1__yelp_polarity@s1,imdb,yelp_polarity,0.5,0.0081010584537959,0.6878980820100049,0.9856522169661912,1.0,0.5,0.7,1.0,0.7,0.7,0.3,0.7,0.5,0.5,0.5,2.2285687028288397,0.0,0.41020454034615006,2.2285687028288397,0.41020454034615006,0.41020454034615006,1.14593836914313,0.41020454034615006,0.0,0.0,0.0,0.0,1.0,0.5,0.7,1.0,0.5,0.5,0.5,0.7,0.3,0.5,0.7,0.7,0.5,2.2122684089909703,0.0,0.4132486605777299,2.2122684089909703,0.0,0.0,0.0,0.4132486605777299,1.1651987984629402,0.0,0.4132486605777299,0.4132486605777299,0.0,0.9088703626082737,0.8017497129393248,0.8200419281957141,0.16295576965545708,0.048852360139659955,0.02338701959388786,0.06499999999999995
bert,S1,trec@s1__yelp_polarity@s1,trec,yelp_polarity,0.7,0.0120251618778064,0.6749262742308209,0.9991246261551942,1.0,0.5,0.7,1.0,0.7,0.7,0.7,0.7,0.7,0.7,0.7,0.31084801504633003,0.9342077877508199,0.0,0.31084801504633003,0.0,0.0,0.0,0.0,0.0,0.0,0.0,0.0,1.0,0.5,0.7,1.0,1.0,1.0,0.7,0.7,0.7,0.7,0.7,0.7,0.7,0.9834506541524399,0.6184895833333299,0.0,0.9834506541524399,0.9834506541524399,0.9834506541524399,0.0,0.0,0.0,0.0,0.0,0.0,0.0,0.9028311762552949,0.642750634851397,0.5210927593123783,0.061308330326871906,0.05450714062413528,0.008035313734387635,0.025000000000000022
bert,P,ag_news@s0__cola@s1,ag_news,cola,0.7,0.0573785117398786,0.6914606713788995,0.9999304426897444,1.0,0.5,0.7,1.0,0.7,0.7,0.7,0.7,0.7,0.7,0.7,0.06622891284273,2.5281601479412394,0.0,0.06622891284273,0.0,0.0,0.0,0.0,0.0,0.0,0.0,0.0,1.0,0.5,0.7,1.0,1.0,1.0,0.7,0.7,0.7,0.7,0.7,0.7,0.7,0.13211610688834002,2.3907325645046806,0.0,0.13211610688834002,0.13211610688834002,0.13211610688834002,0.0,0.0,0.0,0.0,0.0,0.0,0.0,0.836200597234202,0.19239621135453058,0.20935038190733865,0.02726944677218384,0.06940606259321276,0.004039144051591974,0.11250000000000004
bert,P,ag_news@s0__imdb@s1,ag_news,imdb,0.7,0.0126105865541645,0.6857833166765074,0.9995059285070428,1.0,0.5,0.7,1.0,0.7,0.7,0.7,0.7,0.7,0.7,0.7,1.4174380007338698,0.9133179491861999,0.0,1.4174380007338698,0.0,0.0,0.0,0.0,0.0,0.0,0.0,0.0,1.0,0.5,0.7,1.0,1.0,0.7,0.7,0.7,0.7,0.7,0.7,0.7,0.7,1.42234457444369,0.9084776314935398,0.0,1.42234457444369,1.42234457444369,0.0,0.0,0.0,0.0,0.0,0.0,0.0,0.0,0.9124129295958318,0.3986385827239861,0.3589204813654795,0.04185831407386753,0.06628839226264395,0.004567145586061466,0.050000000000000044
bert,P,ag_news@s0__mnli@s1,ag_news,mnli,1.0,0.072748503796882,0.6909412547850438,0.9992266119769316,1.0,0.5,0.7,1.0,0.7,0.7,0.7,1.0,0.7,0.7,0.7,0.0,9.60528968964995,-0.6817758368202698,0.0,-0.6817758368202698,-0.6817758368202698,-0.6817758368202698,0.0,-0.6817758368202698,-0.6817758368202698,-0.6817758368202698,0.0,1.0,0.5,0.7,1.0,1.0,0.7,0.7,0.7,0.7,0.7,0.7,1.0,0.7,0.0,9.63589842903753,-0.6851543061965393,0.0,0.0,-0.6851543061965393,-0.6851543061965393,-0.6851543061965393,-0.6851543061965393,-0.6851543061965393,-0.6851543061965393,0.0,-0.6851543061965393,0.7850652114974175,0.3897506201604411,0.09149294276505208,0.016917767359737646,0.0008444567776097762,0.0023825265938318668,0.14500000000000002
bert,P,ag_news@s0__mrpc@s1,ag_news,mrpc,0.7,0.0530908326324642,0.6487913293775274,0.9996072600024344,1.0,0.5,0.7,1.0,0.7,0.7,0.7,0.7,0.7,0.7,0.7,21.28539388842164,4.0475189234651,0.0,21.28539388842164,0.0,0.0,0.0,0.0,0.0,0.0,0.0,0.0,1.0,0.5,0.7,1.0,0.7,0.7,0.7,0.7,0.7,0.7,0.7,0.7,0.7,22.30978093181117,5.31831739175152,0.0,22.30978093181117,0.0,0.0,0.0,0.0,0.0,0.0,0.0,0.0,0.0,0.8040734111062685,0.5661156466520071,0.4063713604380068,0.06628459067318665,0.04905609531093013,0.0066795019286964895,0.14249999999999996
bert,P,ag_news@s0__qnli@s1,ag_news,qnli,0.7,0.0583653141660365,0.7068916605503986,0.9998204253975824,1.0,0.5,0.7,1.0,0.7,0.7,0.7,1.0,0.7,1.0,0.7,2.6590030461301297,5.1120448179271705,0.0,2.6590030461301297,0.0,0.0,0.0,2.6590030461301297,0.0,2.6590030461301297,0.0,0.0,1.0,0.5,0.7,1.0,0.7,0.7,0.7,0.7,0.7,0.7,0.7,1.0,1.0,2.56043193483948,5.0156115034708,0.0,2.56043193483948,0.0,0.0,0.0,0.0,0.0,0.0,0.0,2.56043193483948,2.56043193483948,0.8288306785017137,0.16439452076972516,0.16785183106319898,0.00968615402613356,0.0608614224071894,0.0007251726896546925,0.11749999999999994
bert,P,ag_news@s0__rte@s1,ag_news,rte,0.7,0.0653456439831545,0.6297624226999166,0.9996016849521906,1.0,0.5,0.7,1.0,0.7,0.7,0.7,0.7,0.7,0.7,0.7,5.4174098959633,0.73029017520186,0.0,5.4174098959633,0.0,0.0,0.0,0.0,0.0,0.0,0.0,0.0,1.0,0.5,0.7,1.0,0.7,0.7,0.7,0.7,0.7,0.7,0.7,0.7,0.7,4.48785915308594,0.4679625629949599,0.0,4.48785915308594,0.0,0.0,0.0,0.0,0.0,0.0,0.0,0.0,0.0,0.930747305894703,0.6389376014772418,0.7927745378401416,0.13170865905588985,0.11905403806712163,0.006576332324012198,0.12619565217391304
bert,P,ag_news@s0__scitail@s1,ag_news,scitail,0.7,0.0566406514151136,0.6812781594881682,0.9996424651186504,1.0,0.5,0.7,1.0,0.7,0.7,0.7,0.7,0.7,0.7,0.7,2.2602483334445194,5.8521307222263905,0.0,2.2602483334445194,0.0,0.0,0.0,0.0,0.0,0.0,0.0,0.0,1.0,0.5,0.7,1.0,0.7,0.7,0.7,0.7,0.7,0.7,0.7,0.7,0.7,2.16754783169471,5.53553013056254,0.0,2.16754783169471,0.0,0.0,0.0,0.0,0.0,0.0,0.0,0.0,0.0,0.8682997384158087,0.44551134958585514,0.33925946268342577,0.04467898758812527,0.047955723354889644,0.005846244692432104,0.08499999999999996
bert,P,ag_news@s0__snli@s1,ag_news,snli,0.7,0.0301296047491597,0.7067187362176106,0.9994667438409732,1.0,0.5,0.7,1.0,0.7,0.7,0.7,1.0,0.7,1.0,0.7,4.06260284491899,4.51706188605145,0.0,4.06260284491899,0.0,0.0,0.0,4.06260284491899,0.0,4.06260284491899,0.0,0.0,1.0,0.5,0.7,1.0,0.7,0.7,0.7,0.7,0.7,0.7,0.7,1.0,1.0,4.06249718269409,4.5715441154689795,0.0,4.06249718269409,0.0,0.0,0.0,0.0,0.0,0.0,0.0,4.06249718269409,4.06249718269409,0.7736454777888186,0.1816512500604253,0.10078129900207969,0.009553077773529888,0.09452954848020445,0.0014650354901928281,0.07999999999999996
bert,P,ag_news@s0__sst2@s1,ag_news,sst2,0.7,0.0184805158396411,0.706972955868863,0.9996270134319108,1.0,0.5,0.7,1.0,0.7,0.7,0.7,1.0,0.7,1.0,0.7,1.1138737033922101,0.06828216989067,0.0,1.1138737033922101,0.0,0.0,0.0,1.1138737033922101,0.0,1.1138737033922101,0.0,0.0,1.0,0.5,0.7,1.0,0.7,0.5,0.7,0.7,0.7,0.7,0.7,1.0,1.0,1.1952329527923597,0.07256692191898,0.0,1.1952329527923597,0.0,0.07256692191898,0.0,0.0,0.0,0.0,0.0,1.1952329527923597,1.1952329527923597,0.8050185282575251,0.18385402382455507,0.19623115215472495,0.014684305720361458,0.09200344151348275,0.0017614329090294043,0.04500000000000004
bert,P,ag_news@s0__stsb@s1,ag_news,stsb,0.5,0.0507267683877742,0.6742926557908832,0.9998398871101164,1.0,0.5,0.7,1.0,0.7,0.7,0.7,0.7,0.7,0.7,0.5,8.121108661253118,0.0,1.04582680148173,8.121108661253118,1.04582680148173,1.04582680148173,1.04582680148173,1.04582680148173,1.04582680148173,1.04582680148173,0.0,0.0,1.0,0.5,0.7,1.0,0.5,0.5,0.5,0.7,0.7,0.7,0.7,0.7,0.7,7.6771871756567895,0.0,0.9773127610218104,7.6771871756567895,0.0,0.0,0.0,0.9773127610218104,0.9773127610218104,0.9773127610218104,0.9773127610218104,0.9773127610218104,0.9773127610218104,0.8640856952270871,0.5349334042778847,0.4421739978028158,0.07248786529012788,0.05917904368145669,0.005472374436995377,0.09937542188554704
bert,P,ag_news@s0__trec@s1,ag_news,trec,0.7,0.0226389311703567,0.6672305952638173,0.999858741731725,1.0,0.5,0.7,1.0,0.7,0.7,0.7,0.7,0.7,0.7,0.7,0.8893297627708598,2.02310374066297,0.0,0.8893297627708598,0.0,0.0,0.0,0.0,0.0,0.0,0.0,0.0,1.0,0.5,0.7,1.0,0.7,0.7,0.7,0.7,0.7,0.7,0.7,0.7,0.7,0.6948549918054298,1.9000828056622399,0.0,0.6948549918054298,0.0,0.0,0.0,0.0,0.0,0.0,0.0,0.0,0.0,0.9058530863759768,0.6467828711112593,0.528759684210764,0.08422497475692761,0.05530421961338324,0.008729119363028682,0.04249999999999998
bert,P,ag_news@s0__wic@s1,ag_news,wic,0.7,0.0046254216214651,0.6817959545547999,0.9999014765954376,1.0,0.5,0.7,1.0,0.7,0.7,0.7,0.7,0.7,0.7,0.7,1.1140675424073199,2.27732163667702,0.0,1.1140675424073199,0.0,0.0,0.0,0.0,0.0,0.0,0.0,0.0,1.0,0.5,0.7,1.0,0.7,1.0,0.7,0.7,0.7,0.7,0.7,0.7,0.7,2.01052327028792,2.4784858332828703,0.0,2.01052327028792,0.0,2.01052327028792,0.0,0.0,0.0,0.0,0.0,0.0,0.0,0.8566817289077985,0.3942227314859795,0.34134622776113266,0.014644729323681441,0.01298082063366634,0.0011682920725479345,0.09250000000000003
bert,P,ag_news@s0__yelp_polarity@s1,ag_news,yelp_polarity,0.7,0.014228536717445,0.7061789184682687,0.9993138550759368,1.0,0.5,0.7,1.0,0.7,0.7,0.7,1.0,0.7,1.0,0.7,0.62963803074974,0.8739374525145002,0.0,0.62963803074974,0.0,0.0,0.0,0.62963803074974,0.0,0.62963803074974,0.0,0.0,1.0,0.5,0.7,1.0,0.7,0.7,0.7,0.7,0.7,0.7,0.7,1.0,1.0,0.6097223159647199,0.8777930578053801,0.0,0.6097223159647199,0.0,0.0,0.0,0.0,0.0,0.0,0.0,0.6097223159647199,0.6097223159647199,0.8602332514478137,0.23382578474898263,0.2539254129132082,0.01989457716180403,0.09135140645449395,0.0024316819732864547,0.05500000000000005
bert,P,cola@s0__imdb@s1,cola,imdb,1.0,0.0483202985275366,0.7063459852484243,0.9999660073657628,1.0,0.5,0.7,1.0,0.7,0.7,0.7,0.7,0.7,0.7,1.0,0.0,6.400537092088299,1.9507267856035495,0.0,1.9507267856035495,1.9507267856035495,1.9507267856035495,1.9507267856035495,1.9507267856035495,1.9507267856035495,0.0,0.0,1.0,0.5,0.7,1.0,1.0,1.0,1.0,0.7,0.7,0.7,0.7,0.7,0.7,0.0,6.394782551699279,1.99742732605774,0.0,0.0,0.0,0.0,1.99742732605774,1.99742732605774,1.99742732605774,1.99742732605774,1.99742732605774,1.99742732605774,0.8153624936789992,0.10868441566398304,0.25761442521657896,0.015424571675979167,0.06695208151859854,0.006276926060995633,0.12749999999999995
bert,P,cola@s0__mnli@s1,cola,mnli,1.0,0.0921467978799557,0.6552586288991827,0.9990929017006486,1.0,0.5,0.7,1.0,0.7,0.7,0.5,0.7,0.7,1.0,1.0,0.0,8.677908010903913,0.43868719224289116,0.0,0.43868719224289116,0.43868719224289116,8.677908010903913,0.43868719224289116,0.43868719224289116,0.0,0.0,0.0,1.0,0.5,0.7,1.0,1.0,1.0,1.0,0.7,0.5,0.7,0.7,0.7,1.0,0.0,8.527102330293811,0.29407294832826114,0.0,0.0,0.0,0.0,0.29407294832826114,8.527102330293811,0.29407294832826114,0.29407294832826114,0.29407294832826114,0.0,0.7327039839865449,0.46019384680510655,0.10782586711074481,0.028315463707695415,0.00010656178970298821,0.004121690497029593,0.1775
bert,P,cola@s0__mrpc@s1,cola,mrpc,1.0,0.0703872452597914,0.6861507995285526,0.9997761978270212,1.0,0.5,0.7,1.0,0.7,0.7,0.7,0.7,0.7,0.7,0.7,0.0,3.76657567607349,-0.49660123372538,0.0,-0.49660123372538,-0.49660123372538,-0.49660123372538,-0.49660123372538,-0.49660123372538,-0.49660123372538,-0.49660123372538,0.0,1.0,0.5,0.7,1.0,1.0,1.0,0.7,0.7,0.7,0.7,0.7,0.7,0.7,0.0,3.5714285714285796,-0.5714285714285603,0.0,0.0,0.0,-0.5714285714285603,-0.5714285714285603,-0.5714285714285603,-0.5714285714285603,-0.5714285714285603,-0.5714285714285603,-0.5714285714285603,0.7910635707580826,0.33481872217691294,0.26850063020704507,0.03369709838174697,0.03664549477726475,0.005944605061356444,0.13749999999999996
bert,P,cola@s0__qnli@s1,cola,qnli,0.7,0.0355804890456139,0.6950832509687853,1.0000286226468036,1.0,0.5,0.7,1.0,0.7,0.7,0.7,0.7,0.7,0.7,0.7,0.9501889855575998,4.33284077707292,0.0,0.9501889855575998,0.0,0.0,0.0,0.0,0.0,0.0,0.0,0.0,1.0,0.5,0.7,1.0,0.7,0.7,0.7,0.7,0.7,0.7,0.7,0.7,0.7,0.8123576742067804,4.3835585243661805,0.0,0.8123576742067804,0.0,0.0,0.0,0.0,0.0,0.0,0.0,0.0,0.0,0.815327404171078,0.20185075957561788,0.25797779129652315,0.015014924500239007,0.05331059724136743,0.0027353006267741707,0.10499999999999998
bert,P,cola@s0__rte@s1,cola,rte,0.7,0.0252849595108035,0.6695058019193418,0.9998061886880952,1.0,0.5,0.7,1.0,0.7,0.7,0.7,0.7,0.7,0.7,0.7,5.878609167316971,4.926505392163129,0.0,5.878609167316971,0.0,0.0,0.0,0.0,0.0,0.0,0.0,0.0,1.0,0.5,0.7,1.0,0.7,0.7,0.7,0.7,0.7,0.7,0.7,0.7,0.7,5.389610389610371,4.837662337662341,0.0,5.389610389610371,0.0,0.0,0.0,0.0,0.0,0.0,0.0,0.0,0.0,0.8798506270356746,0.462277240553021,0.5384737615674668,0.06042830566558239,0.06894351025631061,0.009430619234628956,0.11021739130434782
bert,P,cola@s0__scitail@s1,cola,scitail,1.0,0.0380907461470438,0.7050283408759074,0.999720138259114,1.0,0.5,0.7,1.0,0.7,0.7,0.7,0.7,0.7,1.0,1.0,0.0,7.55784788450318,0.37765680491397974,0.0,0.37765680491397974,0.37765680491397974,0.37765680491397974,0.37765680491397974,0.37765680491397974,0.0,0.0,0.0,1.0,0.5,0.7,1.0,1.0,1.0,1.0,0.7,0.7,0.7,0.7,0.7,1.0,0.0,7.503861003861001,0.3996138996138897,0.0,0.0,0.0,0.0,0.3996138996138897,0.3996138996138897,0.3996138996138897,0.3996138996138897,0.3996138996138897,0.0,0.7825983108033207,0.126939691686352,0.19657395440218262,0.014399296322521401,0.026401386383914417,0.007125989500742472,0.08499999999999996
bert,P,cola@s0__snli@s1,cola,snli,0.7,0.0660142369575286,0.6954745183181075,1.000069402638825,1.0,0.5,0.7,1.0,0.7,0.7,0.7,0.7,0.7,0.7,0.7,0.5205654617582101,5.55495915154068,0.0,0.5205654617582101,0.0,0.0,0.0,0.0,0.0,0.0,0.0,0.0,1.0,0.5,0.7,1.0,0.7,0.7,0.7,0.7,0.7,0.7,0.7,0.7,0.7,0.28090126927335923,5.4314251639833095,0.0,0.28090126927335923,0.0,0.0,0.0,0.0,0.0,0.0,0.0,0.0,0.0,0.791489319365165,0.18478831987979155,0.2152006409759046,0.016256079020148837,0.06443794132080884,0.004952489406676695,0.1100000000000001
bert,P,cola@s0__sst2@s1,cola,sst2,1.0,0.0309356810244469,0.6927471032067642,0.9994390012359966,1.0,0.5,0.7,1.0,0.7,0.7,0.7,0.7,0.7,0.7,1.0,0.0,2.2247526193248,0.16174330616999,0.0,0.16174330616999,0.16174330616999,0.16174330616999,0.16174330616999,0.16174330616999,0.16174330616999,0.0,0.0,1.0,0.5,0.7,1.0,1.0,0.7,1.0,0.7,0.7,0.7,0.7,0.7,0.7,0.0,2.5487012987013005,0.4285714285714399,0.0,0.0,0.4285714285714399,0.0,0.4285714285714399,0.4285714285714399,0.4285714285714399,0.4285714285714399,0.4285714285714399,0.4285714285714399,0.8089768932152943,0.24691979744170428,0.3087298355018163,0.03300027213207269,0.05649943032725167,0.007132578341798148,0.09499999999999997
bert,P,cola@s0__stsb@s1,cola,stsb,0.7,0.0431989701902948,0.7023743879883215,1.0000366586178668,1.0,0.5,0.7,1.0,0.7,0.7,0.7,0.7,0.7,1.0,0.5,3.1472763547644207,-0.07742352888785997,0.0,3.1472763547644207,0.0,0.0,0.0,0.0,0.0,3.1472763547644207,-0.07742352888785997,0.0,1.0,0.5,0.7,1.0,0.7,0.7,0.5,0.7,0.7,0.7,0.7,0.7,1.0,3.44211131446766,-0.25001587739828035,0.0,3.44211131446766,0.0,0.0,-0.25001587739828035,0.0,0.0,0.0,0.0,0.0,3.44211131446766,0.8106832396153256,0.2062632198276143,0.35617831035435377,0.02501236786405381,0.06637729309785992,0.0047564173179696625,0.08343864846621163
bert,P,cola@s0__trec@s1,cola,trec,1.0,0.0256575987201553,0.698544407489952,0.9993732589771496,1.0,0.5,0.7,1.0,0.7,0.7,0.7,0.7,0.7,0.7,1.0,0.0,2.2417515968299004,0.056659786549730085,0.0,0.056659786549730085,0.056659786549730085,0.056659786549730085,0.056659786549730085,0.056659786549730085,0.056659786549730085,0.0,0.0,1.0,0.5,0.7,1.0,1.0,1.0,0.7,0.7,0.7,0.7,0.7,0.7,0.7,0.0,2.2420770355923803,-0.08337396392003975,0.0,0.0,0.0,-0.08337396392003975,-0.08337396392003975,-0.08337396392003975,-0.08337396392003975,-0.08337396392003975,-0.08337396392003975,-0.08337396392003975,0.8459481198627323,0.2661954500077996,0.311498980164703,0.033970984497911166,0.05507813654475047,0.009178960579302687,0.09250000000000003
bert,P,cola@s0__wic@s1,cola,wic,0.7,0.0346450403796259,0.7053044476556357,1.0000995672927395,1.0,0.5,0.7,1.0,0.7,0.7,0.7,0.7,0.7,1.0,0.7,3.18208157363082,0.6575066429313394,0.0,3.18208157363082,0.0,0.0,0.0,0.0,0.0,3.18208157363082,0.0,0.0,1.0,0.5,0.7,1.0,0.7,0.5,0.7,0.7,0.7,0.7,0.7,0.7,1.0,3.576546506453039,0.80551846906987,0.0,3.576546506453039,0.0,0.80551846906987,0.0,0.0,0.0,0.0,0.0,0.0,3.576546506453039,0.7793883588722644,0.07516477499991243,0.20031300497784504,0.006417362240942454,0.005834699370874927,0.0024909402912539824,0.10999999999999999
bert,P,cola@s0__yelp_polarity@s1,cola,yelp_polarity,1.0,0.0389266571724254,0.6975918958731816,0.9994452210883544,1.0,0.5,0.7,1.0,0.7,0.7,0.7,0.7,0.7,0.7,1.0,0.0,1.4622064119679403,0.10521002573053023,0.0,0.10521002573053023,0.10521002573053023,0.10521002573053023,0.10521002573053023,0.10521002573053023,0.10521002573053023,0.0,0.0,1.0,0.5,0.7,1.0,0.7,0.7,1.0,0.7,0.7,0.7,0.7,0.7,0.7,0.0,1.6329365079365104,0.24863591269842014,0.0,0.24863591269842014,0.24863591269842014,0.0,0.24863591269842014,0.24863591269842014,0.24863591269842014,0.24863591269842014,0.24863591269842014,0.24863591269842014,0.8146223696492343,0.22604470386215478,0.28542379862591827,0.027680714384502973,0.05993570083320152,0.006862253908128923,0.1100000000000001
bert,P,imdb@s0__mnli@s1,imdb,mnli,0.7,0.034926419364251,0.6426720942661787,0.9989728157567987,1.0,0.5,0.7,1.0,0.7,0.7,0.5,1.0,0.5,1.0,0.7,3.06460381214844,7.220959696435381,0.0,3.06460381214844,0.0,0.0,7.220959696435381,3.06460381214844,7.220959696435381,3.06460381214844,0.0,0.0,1.0,0.5,0.7,1.0,0.7,0.7,0.7,0.7,0.5,0.5,0.7,1.0,1.0,3.0898990688031205,7.22330289169949,0.0,3.0898990688031205,0.0,0.0,0.0,0.0,7.22330289169949,7.22330289169949,0.0,3.0898990688031205,3.0898990688031205,0.7888933990272263,0.6155011222929393,0.36089952634587014,0.03958989865531216,2.678912343641389e-05,0.0063847794016981116,0.12749999999999995
bert,P,imdb@s0__mrpc@s1,imdb,mrpc,0.7,0.0543428976678215,0.6950701761301746,0.9997303210064312,1.0,0.5,0.7,1.0,0.7,0.7,0.7,0.7,0.7,1.0,0.7,2.7865618775238197,3.540508909402339,0.0,2.7865618775238197,0.0,0.0,0.0,0.0,0.0,2.7865618775238197,0.0,0.0,1.0,0.5,0.7,1.0,0.7,0.7,0.7,0.7,0.7,0.7,0.7,0.7,1.0,3.63108896610503,3.8199370615616597,0.0,3.63108896610503,0.0,0.0,0.0,0.0,0.0,0.0,0.0,0.0,3.63108896610503,0.885999342456937,0.4175760887902767,0.29133185241522375,0.026685615399952164,0.0323271834088387,0.004036750042184481,0.14
bert,P,imdb@s0__qnli@s1,imdb,qnli,0.7,0.0256416794634239,0.685950075268266,0.9994427933665992,1.0,0.5,0.7,1.0,0.7,0.7,0.7,1.0,0.7,0.7,0.7,2.10885284989118,3.52672457236764,0.0,2.10885284989118,0.0,0.0,0.0,2.10885284989118,0.0,0.0,0.0,0.0,1.0,0.5,0.7,1.0,0.7,0.7,0.7,0.7,0.7,0.7,0.7,1.0,0.7,2.06488098402342,3.4525667430243003,0.0,2.06488098402342,0.0,0.0,0.0,0.0,0.0,0.0,0.0,2.06488098402342,0.0,0.8994465714131735,0.4171787492354458,0.3732982345392023,0.02300647933982587,0.04734805796224517,0.0021563711809111353,0.07999999999999996
bert,P,imdb@s0__rte@s1,imdb,rte,0.7,0.0162649218616852,0.6808059514444542,0.9997609436939848,1.0,0.5,0.7,1.0,0.7,0.7,0.7,0.7,0.7,0.7,0.7,1.3854823531155298,3.4765189856221594,0.0,1.3854823531155298,0.0,0.0,0.0,0.0,0.0,0.0,0.0,0.0,1.0,0.5,0.7,1.0,0.7,0.7,1.0,0.7,0.7,0.7,0.7,0.7,0.7,-0.3042993032667196,3.5926613542492407,0.0,-0.3042993032667196,0.0,0.0,-0.3042993032667196,0.0,0.0,0.0,0.0,0.0,0.0,0.8898715063822386,0.4815978146452849,0.4445446230956018,0.04728245140297097,0.04812667300743351,0.00707134621871821,0.08184782608695662
bert,P,imdb@s0__scitail@s1,imdb,scitail,1.0,0.0173319792021027,0.7070551414486772,0.9999623089420054,1.0,0.5,0.7,1.0,0.7,0.7,0.7,1.0,0.7,1.0,1.0,0.0,6.712391568879031,0.6777548107221198,0.0,0.6777548107221198,0.6777548107221198,0.6777548107221198,0.0,0.6777548107221198,0.0,0.0,0.0,1.0,0.5,0.7,1.0,0.7,0.7,1.0,0.7,0.7,0.7,0.7,1.0,1.0,0.0,6.69427458665641,0.85999918491888,0.0,0.85999918491888,0.85999918491888,0.0,0.85999918491888,0.85999918491888,0.85999918491888,0.85999918491888,0.0,0.0,0.8300263223940194,0.17564281613570873,0.20167569155347853,0.020405060765233934,0.015987270912600098,0.005946706634005153,0.0675
bert,P,imdb@s0__snli@s1,imdb,snli,0.7,0.025693128953762,0.6863983311003855,0.99931830540879,1.0,0.5,0.7,1.0,0.7,0.7,0.7,0.7,0.7,0.7,0.7,2.02449484369685,3.3379430018312797,0.0,2.02449484369685,0.0,0.0,0.0,0.0,0.0,0.0,0.0,0.0,1.0,0.5,0.7,1.0,0.7,0.7,0.7,0.7,0.7,0.7,0.7,0.7,0.7,2.0556571742575596,3.3632251039425203,0.0,2.0556571742575596,0.0,0.0,0.0,0.0,0.0,0.0,0.0,0.0,0.0,0.8822805925291122,0.3959137040241064,0.32286126742016436,0.02569814200584616,0.06354858752578213,0.004457490861920396,0.06999999999999995
bert,P,imdb@s0__sst2@s1,imdb,sst2,0.5,0.0043130478759272,0.6824838259172359,0.9961150102759386,1.0,0.5,0.7,1.0,0.7,0.7,0.7,0.7,0.5,0.7,0.5,2.30928298494044,0.0,0.8441503708698499,2.30928298494044,0.8441503708698499,0.8441503708698499,0.8441503708698499,0.8441503708698499,0.0,0.8441503708698499,0.0,0.0,1.0,0.5,0.7,1.0,0.7,0.3,0.5,0.7,0.7,0.5,0.7,0.7,0.7,1.96302664751494,0.0,0.7976448746297301,1.96302664751494,0.7976448746297301,0.8139978424512498,0.0,0.7976448746297301,0.7976448746297301,0.0,0.7976448746297301,0.7976448746297301,0.7976448746297301,0.813247552172573,0.5817475284692281,0.5435017533186353,0.0800384348447274,0.039352960295387845,0.012576253920572126,0.057499999999999996
bert,P,imdb@s0__stsb@s1,imdb,stsb,0.7,0.0103406088826387,0.7060979906763523,0.9997706840164342,1.0,0.5,0.7,1.0,0.7,0.7,0.7,0.7,0.7,1.0,0.7,1.7099264887052001,0.4677688945377,0.0,1.7099264887052001,0.0,0.0,0.0,0.0,0.0,1.7099264887052001,0.0,0.0,1.0,0.5,0.7,1.0,0.7,0.7,0.7,0.7,0.7,0.7,0.7,0.7,1.0,1.7027344372261999,0.3953643972106399,0.0,1.7027344372261999,0.0,0.0,0.0,0.0,0.0,0.0,0.0,0.0,1.7027344372261999,0.8904752396307002,0.23245750122776163,0.24957924508174695,0.020720728840396642,0.052589120032172997,0.0024951749189884493,0.04242856071401779
bert,P,imdb@s0__trec@s1,imdb,trec,0.7,0.0101015324323243,0.7041546974515358,0.9997872802611673,1.0,0.5,0.7,1.0,0.7,0.7,0.7,0.7,0.7,0.7,0.7,0.38552125175989,0.6495221232592401,0.0,0.38552125175989,0.0,0.0,0.0,0.0,0.0,0.0,0.0,0.0,1.0,0.5,0.7,1.0,0.7,1.0,0.7,0.7,0.7,0.7,0.7,0.7,0.7,0.60234052317576,0.52057962524688,0.0,0.60234052317576,0.0,0.60234052317576,0.0,0.0,0.0,0.0,0.0,0.0,0.0,0.9344392688182751,0.34789988319753345,0.31547340605919777,0.02960478228411556,0.05323840449578953,0.0064436075131945065,0.03500000000000003
bert,P,imdb@s0__wic@s1,imdb,wic,0.7,0.0172767700102911,0.7069944007718477,0.9997367557096296,1.0,0.5,0.7,1.0,0.7,0.7,0.7,1.0,0.7,1.0,0.7,1.2935339931278798,0.9190607654060199,0.0,1.2935339931278798,0.0,0.0,0.0,1.2935339931278798,0.0,1.2935339931278798,0.0,0.0,1.0,0.5,0.7,1.0,0.7,0.7,0.7,0.7,0.7,0.7,0.7,1.0,1.0,1.42665617284215,0.39271422628059,0.0,1.42665617284215,0.0,0.0,0.0,0.0,0.0,0.0,0.0,1.42665617284215,1.42665617284215,0.8772652769510487,0.15131812558635824,0.21717749420341212,0.008309372815639001,0.003320447846226113,0.0016404394448419535,0.07999999999999996
bert,P,imdb@s0__yelp_polarity@s1,imdb,yelp_polarity,0.5,0.0029759025606643,0.6875604812335042,0.9930474811711814,1.0,0.5,0.7,1.0,0.7,0.7,0.5,0.7,0.5,0.7,0.5,2.07239469897498,0.0,0.35812243582946,2.07239469897498,0.35812243582946,0.35812243582946,0.0,0.35812243582946,0.0,0.35812243582946,0.0,0.0,1.0,0.5,0.7,1.0,0.5,0.5,0.5,0.7,0.5,0.5,0.7,0.7,0.7,2.0757144427872,0.0,0.34961993189409,2.0757144427872,0.0,0.0,0.0,0.34961993189409,0.0,0.0,0.34961993189409,0.34961993189409,0.34961993189409,0.7825409837722812,0.6870809647691976,0.6761740040991735,0.10684718094622814,0.026991026074955116,0.020451844873960637,0.05500000000000005
bert,P,mnli@s0__mrpc@s1,mnli,mrpc,0.5,0.0754414304906916,0.6069874560606012,0.9986177001862038,1.0,0.5,0.7,1.0,0.7,0.7,0.5,1.0,0.5,1.0,0.5,18.88927984987098,0.0,7.100366792485,18.88927984987098,7.100366792485,7.100366792485,0.0,18.88927984987098,0.0,18.88927984987098,0.0,0.0,1.0,0.5,0.7,1.0,0.5,0.5,0.5,0.7,0.5,0.5,0.7,1.0,1.0,20.57431129848836,0.0,7.5071978091274385,20.57431129848836,0.0,0.0,0.0,7.5071978091274385,0.0,0.0,7.5071978091274385,20.57431129848836,20.57431129848836,0.7420761107379434,0.6679041482280894,0.5048156837458269,0.10647268338121792,2.1542125830444735e-07,0.01635744175189043,0.22249999999999992
bert,P,mnli@s0__qnli@s1,mnli,qnli,0.5,0.1778324633622849,0.6863517200902354,0.9942005574117184,1.0,0.5,0.7,1.0,0.7,0.7,0.5,0.7,0.5,0.7,0.5,10.997738341456328,0.0,6.603208911058892,10.997738341456328,6.603208911058892,6.603208911058892,0.0,6.603208911058892,0.0,6.603208911058892,0.0,0.0,1.0,0.5,0.7,1.0,0.5,0.5,0.5,0.7,0.5,0.5,0.7,0.7,0.7,11.133654434970081,0.0,6.717815350877709,11.133654434970081,0.0,0.0,0.0,6.717815350877709,0.0,0.0,6.717815350877709,6.717815350877709,6.717815350877709,0.4290231613383049,0.5222443711389494,0.12116880632748482,0.022281448679959234,0.0006674672602630049,0.003227112931380413,0.27249999999999996
bert,P,mnli@s0__rte@s1,mnli,rte,0.5,0.0591646448789304,0.5907510862335198,0.997149624554051,1.0,0.5,0.5,1.0,0.7,0.7,0.3,1.0,0.5,1.0,0.5,10.96141953284812,0.0,0.0,10.96141953284812,7.253698682270131,7.253698682270131,13.732220160791597,10.96141953284812,0.0,10.96141953284812,0.0,0.0,1.0,0.5,0.5,1.0,0.5,0.5,0.5,0.7,0.3,0.5,0.7,1.0,1.0,9.717779382932621,0.0,0.0,9.717779382932621,0.0,0.0,0.0,6.468917323060341,15.04975980004357,0.0,6.468917323060341,9.717779382932621,9.717779382932621,0.7374826688294829,0.837553250410312,0.38211876220234403,0.03345496429291937,4.904751461717912e-06,0.0007250834994121113,0.29054347826086957
bert,P,mnli@s0__scitail@s1,mnli,scitail,0.5,0.0851518842874993,0.6396708909716382,0.996645755220724,1.0,0.5,0.7,1.0,0.7,0.7,0.5,1.0,0.5,0.7,0.5,18.06487286805006,0.0,7.688687903616061,18.06487286805006,7.688687903616061,7.688687903616061,0.0,18.06487286805006,0.0,7.688687903616061,0.0,0.0,1.0,0.5,0.7,1.0,0.5,0.5,0.5,0.7,0.5,0.5,0.7,1.0,0.7,18.496979223426457,0.0,7.796869757709729,18.496979223426457,0.0,0.0,0.0,7.796869757709729,0.0,0.0,7.796869757709729,18.496979223426457,7.796869757709729,0.6278821756399883,0.7306175502431119,0.2954442954421732,0.051867165312652896,0.0009586669474989203,0.00889288775881371,0.20750000000000002
bert,P,mnli@s0__snli@s1,mnli,snli,0.5,0.0772881446343678,0.6860656226327259,0.996236160818754,1.0,0.5,0.7,1.0,0.7,0.7,0.5,0.7,0.5,0.7,0.5,7.22420269905744,0.0,1.7699478108213804,7.22420269905744,1.7699478108213804,1.7699478108213804,0.0,1.7699478108213804,0.0,1.7699478108213804,0.0,0.0,1.0,0.5,0.7,1.0,0.7,0.5,0.5,0.7,0.5,0.5,0.7,0.7,0.7,7.261776080243471,0.0,1.7965661705597795,7.261776080243471,1.7965661705597795,0.0,0.0,1.7965661705597795,0.0,0.0,1.7965661705597795,1.7965661705597795,1.7965661705597795,0.5745391763618564,0.5013174856165187,0.10263410347227898,0.030156653359487903,0.0016792325602476045,0.006703073413265061,0.1825
bert,P,mnli@s0__sst2@s1,mnli,sst2,0.7,0.0480886672850958,0.6897005699807168,0.9991374440860868,1.0,0.5,0.7,1.0,0.7,0.7,0.7,0.7,0.7,0.7,0.7,5.13334879406308,3.91137136672851,0.0,5.13334879406308,0.0,0.0,0.0,0.0,0.0,0.0,0.0,0.0,1.0,0.5,0.7,1.0,0.7,0.7,0.7,0.7,0.7,0.7,0.7,0.7,0.7,5.009198929460001,3.97518438806747,0.0,5.009198929460001,0.0,0.0,0.0,0.0,0.0,0.0,0.0,0.0,0.0,0.7859802343405532,0.3754259077973299,0.18451913788585597,0.018930197367083682,0.001206510885316238,0.0036310688238437327,0.11499999999999999
bert,P,mnli@s0__stsb@s1,mnli,stsb,0.7,0.0670195526471337,0.631819081903382,0.9974347430846126,1.0,0.5,0.7,1.0,0.7,0.7,0.5,1.0,0.5,0.7,0.7,5.2881233117522495,3.18831431121932,0.0,5.2881233117522495,0.0,0.0,3.18831431121932,5.2881233117522495,3.18831431121932,0.0,0.0,0.0,1.0,0.5,0.7,1.0,0.7,0.7,0.7,0.7,0.5,0.5,0.7,1.0,0.7,5.32065940340098,3.21925905020312,0.0,5.32065940340098,0.0,0.0,0.0,0.0,3.21925905020312,3.21925905020312,0.0,5.32065940340098,0.0,0.6412765705024455,0.7739860619568438,0.2388542005694361,0.10077891008563596,1.41183261183002e-05,0.0200572264125178,0.12704323858096445
bert,P,mnli@s0__trec@s1,mnli,trec,0.7,0.0473804022445565,0.6244892040849299,0.9982192123851372,1.0,0.5,0.7,1.0,0.7,0.7,0.5,1.0,0.5,1.0,0.7,0.7083480352542595,11.77576440503696,0.0,0.7083480352542595,0.0,0.0,11.77576440503696,0.7083480352542595,11.77576440503696,0.7083480352542595,0.0,0.0,1.0,0.5,0.7,1.0,1.0,1.0,0.7,0.7,0.5,0.5,0.7,1.0,1.0,0.14736158836295005,11.89139362697181,0.0,0.14736158836295005,0.14736158836295005,0.14736158836295005,0.0,0.0,11.89139362697181,11.89139362697181,0.0,0.14736158836295005,0.14736158836295005,0.8163424711906856,0.8211535975078389,0.24554813627888397,0.042424110126230284,2.143413208151453e-05,0.005822013275315477,0.10999999999999999
bert,P,mnli@s0__wic@s1,mnli,wic,1.0,0.134881624888031,0.6404137315107856,0.9981044023109448,1.0,0.5,0.7,1.0,0.7,0.7,0.5,1.0,0.5,0.7,0.7,0.0,5.580144817812982,-1.521890452063429,0.0,-1.521890452063429,-1.521890452063429,5.580144817812982,0.0,5.580144817812982,-1.521890452063429,-1.521890452063429,0.0,1.0,0.5,0.7,1.0,1.0,1.0,0.7,0.7,0.5,0.5,0.7,1.0,0.7,0.0,5.51553919540598,-2.474001152754039,0.0,0.0,0.0,-2.474001152754039,-2.474001152754039,5.51553919540598,5.51553919540598,-2.474001152754039,0.0,-2.474001152754039,0.7077128818226736,0.659919003801919,0.30449486177622587,0.014665825443498879,0.0016613272760399446,0.001180036673652039,0.3025
bert,P,mnli@s0__yelp_polarity@s1,mnli,yelp_polarity,0.7,0.0465453301098459,0.6835587096538115,0.9983585818359052,1.0,0.5,0.7,1.0,0.7,0.7,0.5,0.7,0.7,0.7,0.7,0.902517920339,7.359540182803281,0.0,0.902517920339,0.0,0.0,7.359540182803281,0.0,0.0,0.0,0.0,0.0,1.0,0.5,0.7,1.0,1.0,1.0,0.7,0.7,0.5,0.7,0.7,0.7,0.7,0.9792351455101502,7.403486706236601,0.0,0.9792351455101502,0.9792351455101502,0.9792351455101502,0.0,0.0,7.403486706236601,0.0,0.0,0.0,0.0,0.8130658723032738,0.47569832209042673,0.19556876457564573,0.02089447736706092,0.0005014079253117488,0.004070585804822219,0.11499999999999999
bert,P,mrpc@s0__qnli@s1,mrpc,qnli,0.5,0.0528235754834723,0.65591340206658,0.9988254074252104,1.0,0.5,0.7,1.0,0.7,0.7,0.7,0.7,0.7,0.7,0.5,23.33585152624346,0.0,0.7142591344543696,23.33585152624346,0.7142591344543696,0.7142591344543696,0.7142591344543696,0.7142591344543696,0.7142591344543696,0.7142591344543696,0.0,0.0,1.0,0.5,0.7,1.0,0.5,0.5,0.5,0.7,0.7,0.7,0.7,0.7,0.7,23.014134514383304,0.0,0.25732064646514996,23.014134514383304,0.0,0.0,0.0,0.25732064646514996,0.25732064646514996,0.25732064646514996,0.25732064646514996,0.25732064646514996,0.25732064646514996,0.6829736660262987,0.5942712643736487,0.3280047207002668,0.05641263991795263,0.041276841241237754,0.004300927740599071,0.125
bert,P,mrpc@s0__rte@s1,mrpc,rte,0.7,0.0521978021978022,0.7020417627365748,0.9990527452334468,1.0,0.5,0.7,1.0,0.7,0.7,0.7,0.7,0.5,0.7,0.7,8.93925958767457,4.1018779491402,0.0,8.93925958767457,0.0,0.0,0.0,0.0,4.1018779491402,0.0,0.0,0.0,1.0,0.5,0.7,1.0,0.5,0.7,0.7,0.7,0.7,0.5,0.7,0.7,0.7,7.17616920651603,6.35838150289017,0.0,7.17616920651603,6.35838150289017,0.0,0.0,0.0,0.0,6.35838150289017,0.0,0.0,0.0,0.6185919654660647,0.39748399095890563,0.27365395394690517,0.047444409417429924,0.029955220916376233,0.011988255415048327,0.17057971014492757
bert,P,mrpc@s0__scitail@s1,mrpc,scitail,0.7,0.0560298411097575,0.6977821033165452,0.9986578721707696,1.0,0.5,0.7,1.0,0.7,0.7,0.7,0.7,0.5,0.7,0.7,10.254818194028479,1.54271751091589,0.0,10.254818194028479,0.0,0.0,0.0,0.0,1.54271751091589,0.0,0.0,0.0,1.0,0.5,0.7,1.0,0.5,0.7,0.7,0.7,0.7,0.5,0.7,0.7,0.7,11.234572723012029,2.6921016805409996,0.0,11.234572723012029,2.6921016805409996,0.0,0.0,0.0,0.0,2.6921016805409996,0.0,0.0,0.0,0.7026749884011133,0.42791499477797756,0.16310567135719356,0.047489657382663204,0.0006751169885520869,0.007091841920426116,0.14
bert,P,mrpc@s0__snli@s1,mrpc,snli,0.7,0.071496922125532,0.656602078886258,0.9991765183224642,1.0,0.5,0.7,1.0,0.7,0.7,0.7,0.7,0.7,0.7,0.7,16.009612210720892,0.017363146074080016,0.0,16.009612210720892,0.0,0.0,0.0,0.0,0.0,0.0,0.0,0.0,1.0,0.5,0.7,1.0,0.5,0.7,0.5,0.7,0.7,0.7,0.7,0.7,0.7,15.767800331585798,-1.0014097566187805,0.0,15.767800331585798,-1.0014097566187805,0.0,-1.0014097566187805,0.0,0.0,0.0,0.0,0.0,0.0,0.8459625943647887,0.5513611946304988,0.409534178476063,0.041840293827097697,0.04379402293751803,0.006287800194009756,0.16500000000000004
bert,P,mrpc@s0__sst2@s1,mrpc,sst2,0.7,0.0414048991354467,0.652786475046339,0.999624843541056,1.0,0.5,0.7,1.0,0.7,0.7,0.7,0.7,0.7,0.7,0.7,10.34167867435159,3.7220821325648403,0.0,10.34167867435159,0.0,0.0,0.0,0.0,0.0,0.0,0.0,0.0,1.0,0.5,0.7,1.0,0.7,0.7,0.7,0.7,0.7,0.7,0.7,0.7,0.7,8.53398768861195,3.6760566023571704,0.0,8.53398768861195,0.0,0.0,0.0,0.0,0.0,0.0,0.0,0.0,0.0,0.8200528244924643,0.5497574824146602,0.4131218446401106,0.050508849897634385,0.040802357675999525,0.005743910931633922,0.08999999999999997
bert,P,mrpc@s0__stsb@s1,mrpc,stsb,0.7,0.0551570407481338,0.7012780685840947,0.9974424194250886,1.0,0.5,0.7,1.0,0.7,0.7,0.7,0.7,0.5,1.0,0.7,6.798237077696601,2.0411374433379197,0.0,6.798237077696601,0.0,0.0,0.0,0.0,2.0411374433379197,6.798237077696601,0.0,0.0,1.0,0.5,0.7,1.0,0.7,0.7,0.7,0.7,0.7,0.5,0.7,0.7,1.0,6.577820310463149,1.711629239680469,0.0,6.577820310463149,0.0,0.0,0.0,0.0,0.0,1.711629239680469,0.0,0.0,6.577820310463149,0.5434728506461208,0.4118640509532158,0.2749657919761762,0.04314043822599111,0.018462143635027174,0.005229046508191054,0.10579370734268356
bert,P,mrpc@s0__trec@s1,mrpc,trec,1.0,0.036998402904239,0.70472573164996,0.9995706767317344,1.0,0.5,0.7,1.0,0.7,0.7,0.7,0.7,0.7,1.0,1.0,0.0,4.592386980428209,0.3718698985755796,0.0,0.3718698985755796,0.3718698985755796,0.3718698985755796,0.3718698985755796,0.3718698985755796,0.0,0.0,0.0,1.0,0.5,0.7,1.0,1.0,1.0,1.0,0.7,0.7,0.7,0.7,0.7,1.0,0.0,5.320681015604969,0.5257550947937499,0.0,0.0,0.0,0.0,0.5257550947937499,0.5257550947937499,0.5257550947937499,0.5257550947937499,0.5257550947937499,0.0,0.8475317291508794,0.3268284219840717,0.24352353986062727,0.02137706686881258,0.03273182700752956,0.0035047640358148303,0.07750000000000001
bert,P,mrpc@s0__wic@s1,mrpc,wic,0.7,0.1027933213579561,0.6977552716226056,0.9995029857211828,1.0,0.5,0.7,1.0,0.7,0.7,0.7,0.7,0.5,1.0,0.7,0.27299983200009953,0.5921996355694501,0.0,0.27299983200009953,0.0,0.0,0.0,0.0,0.5921996355694501,0.27299983200009953,0.0,0.0,1.0,0.5,0.7,1.0,0.5,1.0,0.5,0.7,0.7,0.5,0.7,0.7,1.0,0.6248536905983704,-0.09003655484127043,0.0,0.6248536905983704,-0.09003655484127043,0.6248536905983704,-0.09003655484127043,0.0,0.0,-0.09003655484127043,0.0,0.0,0.6248536905983704,0.7480698948789023,0.3528729794675345,0.13205581530790086,0.011578365571089341,0.0003499437301843106,0.0034548883310992476,0.19999999999999996
bert,P,mrpc@s0__yelp_polarity@s1,mrpc,yelp_polarity,0.7,0.0668799061921803,0.660561880021916,0.9999539366708384,1.0,0.5,0.7,1.0,0.7,0.7,0.7,0.7,0.7,0.7,0.7,8.574536730413769,2.7839389047765493,0.0,8.574536730413769,0.0,0.0,0.0,0.0,0.0,0.0,0.0,0.0,1.0,0.5,0.7,1.0,0.7,0.7,0.7,0.7,0.7,0.7,0.7,0.7,0.7,8.87674614643545,1.940737646515721,0.0,8.87674614643545,0.0,0.0,0.0,0.0,0.0,0.0,0.0,0.0,0.0,0.8636980334584882,0.5544820161727124,0.40420008573695726,0.04868265160437521,0.04175189765001113,0.006079893754602907,0.10749999999999993
bert,P,qnli@s0__rte@s1,qnli,rte,0.5,0.0776647903483139,0.6326140670124775,0.9981863754484188,1.0,0.5,0.7,1.0,0.7,0.7,0.7,0.7,0.7,0.7,0.5,12.01867056271624,0.0,4.4069205671979095,12.01867056271624,4.4069205671979095,4.4069205671979095,4.4069205671979095,4.4069205671979095,4.4069205671979095,4.4069205671979095,0.0,0.0,1.0,0.5,0.7,1.0,0.5,0.3,0.5,0.7,0.7,0.7,0.7,0.7,0.7,9.93242398599919,0.0,3.3592082235513696,9.93242398599919,0.0,9.470017501009679,0.0,3.3592082235513696,3.3592082235513696,3.3592082235513696,3.3592082235513696,3.3592082235513696,3.3592082235513696,0.9022074678720662,0.6637355354685204,0.790178795323685,0.09491409522569429,0.20089107283191612,0.003895131383855691,0.23652173913043484
bert,P,qnli@s0__scitail@s1,qnli,scitail,0.5,0.0826736797034543,0.6834957699977017,0.998164317969258,1.0,0.5,0.7,1.0,0.7,0.7,0.7,0.7,0.7,0.7,0.5,24.925361711833688,0.0,10.90667721312153,24.925361711833688,10.90667721312153,10.90667721312153,10.90667721312153,10.90667721312153,10.90667721312153,10.90667721312153,0.0,0.0,1.0,0.5,0.7,1.0,0.5,0.5,0.5,0.7,0.7,0.7,0.7,0.7,0.7,24.89172322311734,0.0,10.725986344772052,24.89172322311734,0.0,0.0,0.0,10.725986344772052,10.725986344772052,10.725986344772052,10.725986344772052,10.725986344772052,10.725986344772052,0.7686936098130396,0.5371119773269976,0.45344093695797816,0.04690178128165981,0.0073890737922353055,0.005568568579960347,0.16500000000000004
bert,P,qnli@s0__snli@s1,qnli,snli,0.5,0.0568434751339796,0.706639969907268,0.9987172075165214,1.0,0.5,0.7,1.0,0.7,0.7,0.7,1.0,0.7,1.0,0.5,13.308510784338399,0.0,4.706679608940459,13.308510784338399,4.706679608940459,4.706679608940459,4.706679608940459,13.308510784338399,4.706679608940459,13.308510784338399,0.0,0.0,1.0,0.5,0.7,1.0,0.5,0.5,0.5,0.7,0.7,0.7,0.7,1.0,1.0,13.386603229219368,0.0,4.65567259172525,13.386603229219368,0.0,0.0,0.0,4.65567259172525,4.65567259172525,4.65567259172525,4.65567259172525,13.386603229219368,13.386603229219368,0.6292065996423596,0.1902185054139416,0.1454216643912808,0.005596491047429739,0.04436838265525605,0.0012479329496907902,0.1399999999999999
bert,P,qnli@s0__sst2@s1,qnli,sst2,0.7,0.0227232871125612,0.7069696628434462,0.999772223417226,1.0,0.5,0.7,1.0,0.7,0.7,0.7,1.0,1.0,1.0,0.7,10.36592577487764,0.8702079934747097,0.0,10.36592577487764,0.0,0.0,0.0,10.36592577487764,10.36592577487764,10.36592577487764,0.0,0.0,1.0,0.5,0.7,1.0,0.7,0.7,0.7,0.7,0.7,1.0,0.7,1.0,1.0,10.536116094609849,0.96233230488572,0.0,10.536116094609849,0.0,0.0,0.0,0.0,0.0,10.536116094609849,0.0,10.536116094609849,10.536116094609849,0.8277462291906516,0.1881311477733202,0.17566834333172718,0.007522932026565458,0.056004118328154794,0.001107713186033918,0.04249999999999998
bert,P,qnli@s0__stsb@s1,qnli,stsb,0.7,0.0394249926199175,0.6766675694861397,0.9979811938633504,1.0,0.5,0.7,1.0,0.7,0.7,0.7,0.7,0.7,0.7,0.7,4.15142679451802,1.4196094695046104,0.0,4.15142679451802,0.0,0.0,0.0,0.0,0.0,0.0,0.0,0.0,1.0,0.5,0.7,1.0,0.7,0.7,0.7,0.7,0.7,0.7,0.7,0.7,0.7,4.04796592525986,1.5041200937695003,0.0,4.04796592525986,0.0,0.0,0.0,0.0,0.0,0.0,0.0,0.0,0.0,0.7382013847636112,0.5744865199667325,0.4606433747618732,0.0654215117398915,0.04600713166486054,0.0041534218659616306,0.08617902947573675
bert,P,qnli@s0__trec@s1,qnli,trec,0.7,0.0431455729140604,0.6699270497524066,0.9988956856127932,1.0,0.5,0.7,1.0,0.7,0.7,0.7,0.7,0.7,0.7,0.7,4.4272944418312,2.05109889010097,0.0,4.4272944418312,0.0,0.0,0.0,0.0,0.0,0.0,0.0,0.0,1.0,0.5,0.7,1.0,0.7,0.7,0.7,0.7,0.7,0.7,0.7,0.7,0.7,5.0567468417218295,2.17402605466672,0.0,5.0567468417218295,0.0,0.0,0.0,0.0,0.0,0.0,0.0,0.0,0.0,0.8906689141767821,0.6273423467235405,0.4826219111183181,0.04151305055545225,0.043571925861974545,0.0035500847961856216,0.08250000000000002
bert,P,qnli@s0__wic@s1,qnli,wic,0.7,0.077981093497392,0.6843085081729168,0.9997318356626964,1.0,0.5,0.7,1.0,0.7,0.7,0.7,1.0,0.7,0.7,0.7,2.34346995954616,1.1937267280667796,0.0,2.34346995954616,0.0,0.0,0.0,2.34346995954616,0.0,0.0,0.0,0.0,1.0,0.5,0.7,1.0,0.5,0.7,0.7,0.7,0.7,0.7,0.7,1.0,0.7,1.17769794650866,1.3675663171797,0.0,1.17769794650866,1.3675663171797,0.0,0.0,0.0,0.0,0.0,0.0,1.17769794650866,0.0,0.8243232501077501,0.43445229483763986,0.3580020394043817,0.019204223774080126,0.0030401936824797516,0.002288128402999632,0.2024999999999999
bert,P,qnli@s0__yelp_polarity@s1,qnli,yelp_polarity,0.7,0.0176372310284507,0.7066017301219237,0.9993571125983146,1.0,0.5,0.7,1.0,0.7,0.7,0.7,1.0,0.7,1.0,0.7,3.5685729659358594,2.7803203621627097,0.0,3.5685729659358594,0.0,0.0,0.0,3.5685729659358594,0.0,3.5685729659358594,0.0,0.0,1.0,0.5,0.7,1.0,0.7,0.7,0.7,0.7,0.7,0.7,0.7,1.0,1.0,3.60548927151646,2.80983748244424,0.0,3.60548927151646,0.0,0.0,0.0,0.0,0.0,0.0,0.0,3.60548927151646,3.60548927151646,0.8238843279408887,0.1963283552897371,0.21009441900164452,0.009889855841181523,0.04978324699414397,0.00132313543767621,0.04500000000000004
bert,P,rte@s0__scitail@s1,rte,scitail,0.5,0.0057236304170074,0.6731956444784479,0.9976450366848976,1.0,0.5,0.7,1.0,0.7,0.7,0.7,0.7,0.5,0.7,0.7,13.443870754361619,0.0,-0.39160472957455,13.443870754361619,-0.39160472957455,-0.39160472957455,-0.39160472957455,-0.39160472957455,0.0,-0.39160472957455,-0.39160472957455,0.0,1.0,0.5,0.7,1.0,0.5,0.7,0.5,0.7,0.7,0.5,0.7,0.7,0.7,13.44288539410489,0.0,0.82517186175722,13.44288539410489,0.0,0.82517186175722,0.0,0.82517186175722,0.82517186175722,0.0,0.82517186175722,0.82517186175722,0.82517186175722,0.76950378513025,0.5874945521470226,0.5257401085927252,0.11254340548094885,0.013225540844744069,0.01722276645870256,0.12394927536231881
bert,P,rte@s0__snli@s1,rte,snli,0.5,0.0184468747866008,0.6243726556740791,0.9977154719931806,1.0,0.5,0.7,1.0,0.7,0.7,0.7,0.7,0.7,0.7,0.7,4.9150737244643405,0.0,-2.44824579373957,4.9150737244643405,-2.44824579373957,-2.44824579373957,-2.44824579373957,-2.44824579373957,-2.44824579373957,-2.44824579373957,-2.44824579373957,0.0,1.0,0.5,0.7,1.0,0.5,0.7,0.7,0.7,0.7,0.7,0.7,0.7,0.7,5.8527858981630905,0.0,-2.19163139753045,5.8527858981630905,0.0,-2.19163139753045,-2.19163139753045,-2.19163139753045,-2.19163139753045,-2.19163139753045,-2.19163139753045,-2.19163139753045,-2.19163139753045,0.9390279632188606,0.6857064873598966,0.803988896653955,0.11455880550524092,0.1552808033707031,0.006821618709841917,0.18757246376811598
bert,P,rte@s0__sst2@s1,rte,sst2,0.7,0.0308988764044944,0.6207827205158644,0.9997009077780034,1.0,0.5,0.7,1.0,0.7,0.7,0.7,0.7,0.7,0.7,0.7,8.86446629213484,2.8096910112359397,0.0,8.86446629213484,0.0,0.0,0.0,0.0,0.0,0.0,0.0,0.0,1.0,0.5,0.7,1.0,0.7,0.7,0.7,0.7,0.7,0.7,0.7,0.7,0.7,5.650142540386449,2.39745011086475,0.0,5.650142540386449,0.0,0.0,0.0,0.0,0.0,0.0,0.0,0.0,0.0,0.9783809892398734,0.673221226431607,0.824408012867143,0.1125535706334566,0.12430241778248804,0.0033113996732936214,0.13931159420289863
bert,P,rte@s0__stsb@s1,rte,stsb,0.7,0.0298250664842315,0.6802657964114779,0.9978090486268988,1.0,0.5,0.7,1.0,0.7,0.7,0.7,0.7,0.5,0.7,0.7,0.5281348880622803,1.0844002319533002,0.0,0.5281348880622803,0.0,0.0,0.0,0.0,1.0844002319533002,0.0,0.0,0.0,1.0,0.5,0.7,1.0,0.7,1.0,0.7,0.7,0.7,0.5,0.7,0.7,0.7,1.56797327579331,2.4393829766958,0.0,1.56797327579331,0.0,1.56797327579331,0.0,0.0,0.0,2.4393829766958,0.0,0.0,0.0,0.8100698859046656,0.5532140437248151,0.7403405890409916,0.09990693220779881,0.11192501348970235,0.014637324554267897,0.13959702253425887
bert,P,rte@s0__trec@s1,rte,trec,0.7,0.0227304060108912,0.6869658231602626,0.9998944171893706,1.0,0.5,0.7,1.0,0.7,0.7,0.7,0.7,0.7,0.7,1.0,-2.73258886514555,3.9584338595161097,0.0,-2.73258886514555,0.0,0.0,0.0,0.0,0.0,0.0,-2.73258886514555,0.0,1.0,0.5,0.7,1.0,0.7,1.0,1.0,0.7,0.7,0.7,0.7,0.7,0.7,-1.9999167568467602,2.26837592608007,0.0,-1.9999167568467602,0.0,-1.9999167568467602,-1.9999167568467602,0.0,0.0,0.0,0.0,0.0,0.0,0.9341325302969316,0.544255876058273,0.5587548710294241,0.05118286956903775,0.0664134830880639,0.00992052436867704,0.10757246376811591
bert,P,rte@s0__wic@s1,rte,wic,0.7,0.0560790043835339,0.6729557084871359,0.9989211799444828,1.0,0.5,0.7,1.0,0.7,0.7,0.7,0.7,0.5,0.7,0.7,2.8014309467425904,1.4107925631077793,0.0,2.8014309467425904,0.0,0.0,0.0,0.0,1.4107925631077793,0.0,0.0,0.0,1.0,0.5,0.7,1.0,0.5,0.7,0.7,0.7,0.7,0.5,0.7,0.7,0.7,1.4284628827596804,0.10257579211307016,0.0,1.4284628827596804,0.10257579211307016,0.0,0.0,0.0,0.0,0.10257579211307016,0.0,0.0,0.0,0.9046668816568039,0.5202071653018835,0.5160997881515847,0.046447279545943417,0.0015384842643852144,0.00537049530309435,0.2796739130434782
bert,P,rte@s0__yelp_polarity@s1,rte,yelp_polarity,0.7,0.0023928533446773,0.6284030852589009,1.000105383553458,1.0,0.5,0.7,1.0,0.7,0.7,0.7,0.7,0.7,0.7,0.7,3.7208122676602096,4.79747677946436,0.0,3.7208122676602096,0.0,0.0,0.0,0.0,0.0,0.0,0.0,0.0,1.0,0.5,0.7,1.0,0.7,0.7,0.7,0.7,0.7,0.7,0.7,0.7,0.7,6.16809048949864,5.16559218326557,0.0,6.16809048949864,0.0,0.0,0.0,0.0,0.0,0.0,0.0,0.0,0.0,0.948405659132358,0.6962036220876474,0.6860263154923926,0.11475452342512146,0.09478809264123904,0.004004371377961935,0.08971014492753637
bert,P,scitail@s0__snli@s1,scitail,snli,0.5,0.0403723278181197,0.6888287685111061,0.9983848283234298,1.0,0.5,0.7,1.0,0.7,0.7,0.7,0.7,0.7,0.7,0.5,19.45490927767489,0.0,7.024209586568339,19.45490927767489,7.024209586568339,7.024209586568339,7.024209586568339,7.024209586568339,7.024209586568339,7.024209586568339,0.0,0.0,1.0,0.5,0.7,1.0,0.5,0.5,0.5,0.7,0.7,0.7,0.7,0.7,0.7,19.58126411614783,0.0,6.803925699274541,19.58126411614783,0.0,0.0,0.0,6.803925699274541,6.803925699274541,6.803925699274541,6.803925699274541,6.803925699274541,6.803925699274541,0.8002609639079261,0.4624139374189016,0.2987246691205957,0.03522941388204341,0.033541024636440125,0.008754451148301897,0.1499999999999999
bert,P,scitail@s0__sst2@s1,scitail,sst2,0.7,0.031687551355793,0.6862381750754469,0.9999406078291846,1.0,0.5,0.7,1.0,0.7,0.7,0.7,0.7,0.7,1.0,0.7,10.004981511914538,3.91572514379621,0.0,10.004981511914538,0.0,0.0,0.0,0.0,0.0,10.004981511914538,0.0,0.0,1.0,0.5,0.7,1.0,0.7,0.7,0.7,0.7,0.7,0.7,0.7,0.7,1.0,9.876272376272368,3.67892242892243,0.0,9.876272376272368,0.0,0.0,0.0,0.0,0.0,0.0,0.0,0.0,9.876272376272368,0.856796082074253,0.43601982604700196,0.3899164541708738,0.03787171123346836,0.040430647562797954,0.006809998488990207,0.10000000000000009
bert,P,scitail@s0__stsb@s1,scitail,stsb,0.7,0.0211031699377861,0.7042136220110067,0.996587641900719,1.0,0.5,0.7,1.0,0.7,0.7,0.7,0.7,0.5,1.0,0.7,7.812675294740609,0.17752177119053011,0.0,7.812675294740609,0.0,0.0,0.0,0.0,0.17752177119053011,7.812675294740609,0.0,0.0,1.0,0.5,0.7,1.0,0.7,0.5,0.7,0.7,0.7,0.5,0.7,0.7,1.0,7.7295619206916,0.34529393156035004,0.0,7.7295619206916,0.0,0.34529393156035004,0.0,0.0,0.0,0.34529393156035004,0.0,0.0,7.7295619206916,0.6368428414225838,0.342898625151804,0.3434568829047385,0.04427999641238986,0.008933115648267211,0.0074820848734957765,0.05353558838970962
bert,P,scitail@s0__trec@s1,scitail,trec,1.0,0.0180402713434255,0.702984072240938,1.0000769050548926,1.0,0.5,0.7,1.0,0.7,0.7,0.7,0.7,0.7,1.0,1.0,0.0,9.590027440166828,2.15648120609027,0.0,2.15648120609027,2.15648120609027,2.15648120609027,2.15648120609027,2.15648120609027,0.0,0.0,0.0,1.0,0.5,0.7,1.0,1.0,1.0,1.0,0.7,0.7,0.7,0.7,0.7,1.0,0.0,9.36985254391399,2.2717988588295803,0.0,0.0,0.0,0.0,2.2717988588295803,2.2717988588295803,2.2717988588295803,2.2717988588295803,2.2717988588295803,0.0,0.8895555208713573,0.3841496633947679,0.31160747004758255,0.0296626740087234,0.027662195035625992,0.008594880332301744,0.06000000000000005
bert,P,scitail@s0__wic@s1,scitail,wic,1.0,0.1185153523882516,0.7068462163122773,0.999864591678525,1.0,0.5,0.7,1.0,0.7,0.7,0.7,1.0,0.5,1.0,0.7,0.0,2.932576983024489,-0.91344222910857,0.0,-0.91344222910857,-0.91344222910857,-0.91344222910857,0.0,2.932576983024489,0.0,-0.91344222910857,0.0,1.0,0.5,0.7,1.0,0.7,0.7,0.7,0.7,0.7,0.5,0.7,1.0,1.0,0.0,2.634443522294,-0.37527514163026854,0.0,-0.37527514163026854,-0.37527514163026854,-0.37527514163026854,-0.37527514163026854,-0.37527514163026854,2.634443522294,-0.37527514163026854,0.0,0.0,0.8688463198917092,0.21383132923614212,0.24837496141973192,0.010390144170407465,0.0024043965975276494,0.003926194308714095,0.2749999999999999
bert,P,scitail@s0__yelp_polarity@s1,scitail,yelp_polarity,0.7,0.0236264392620723,0.691988589414228,0.9997509357987748,1.0,0.5,0.7,1.0,0.7,0.7,0.7,1.0,0.7,1.0,0.7,3.56473322601721,6.179149978446179,0.0,3.56473322601721,0.0,0.0,0.0,3.56473322601721,0.0,3.56473322601721,0.0,0.0,1.0,0.5,0.7,1.0,0.7,0.7,0.7,0.7,0.7,0.7,0.7,1.0,1.0,3.3069481311668896,5.6972430019305005,0.0,3.3069481311668896,0.0,0.0,0.0,0.0,0.0,0.0,0.0,3.3069481311668896,3.3069481311668896,0.8677286800416109,0.40815670188062103,0.3425142862223175,0.03245378799933536,0.04696657930582983,0.006444544111834072,0.08250000000000002
bert,P,snli@s0__sst2@s1,snli,sst2,0.7,0.0363415791009924,0.706765137928993,0.999634876920579,1.0,0.5,0.7,1.0,0.7,0.7,0.7,1.0,0.7,1.0,0.7,8.604495037945131,2.7423380035026192,0.0,8.604495037945131,0.0,0.0,0.0,8.604495037945131,0.0,8.604495037945131,0.0,0.0,1.0,0.5,0.7,1.0,0.7,0.7,0.7,0.7,0.7,0.7,0.7,1.0,1.0,8.86984202641973,2.8271359241330805,0.0,8.86984202641973,0.0,0.0,0.0,0.0,0.0,0.0,0.0,8.86984202641973,8.86984202641973,0.7522051874950624,0.2373889418748763,0.21481717691947416,0.012650026578168829,0.0908674941542318,0.00318765954958522,0.08250000000000002
bert,P,snli@s0__stsb@s1,snli,stsb,0.5,0.0683528173681394,0.6784906269721711,0.9974757814681297,1.0,0.5,0.7,1.0,0.7,0.7,0.7,0.7,0.7,0.7,0.5,5.399643152528609,0.0,0.5853501795765894,5.399643152528609,0.5853501795765894,0.5853501795765894,0.5853501795765894,0.5853501795765894,0.5853501795765894,0.5853501795765894,0.0,0.0,1.0,0.5,0.7,1.0,0.7,0.5,0.5,0.7,0.7,0.7,0.7,0.7,0.7,5.5802113430095694,0.0,0.5787313108304006,5.5802113430095694,0.5787313108304006,0.0,0.0,0.5787313108304006,0.5787313108304006,0.5787313108304006,0.5787313108304006,0.5787313108304006,0.5787313108304006,0.7383582772189435,0.5460375235661277,0.46554826774243707,0.06556552714552494,0.058277765326863504,0.008807260557092272,0.12511212780319503
bert,P,snli@s0__trec@s1,snli,trec,1.0,0.0160891629867594,0.672204278239347,0.999602748941622,1.0,0.5,0.7,1.0,0.7,0.7,0.7,0.7,0.7,0.7,1.0,0.0,7.91328670326876,0.21563718801372,0.0,0.21563718801372,0.21563718801372,0.21563718801372,0.21563718801372,0.21563718801372,0.21563718801372,0.0,0.0,1.0,0.5,0.7,1.0,1.0,0.7,0.7,0.7,0.7,0.7,0.7,0.7,0.7,0.0,7.84462367865382,-0.01529166409094014,0.0,0.0,-0.01529166409094014,-0.01529166409094014,-0.01529166409094014,-0.01529166409094014,-0.01529166409094014,-0.01529166409094014,-0.01529166409094014,-0.01529166409094014,0.9134818393493364,0.5811199856441975,0.39611584961640633,0.03895071064847096,0.05574509037744976,0.005348470309610925,0.05249999999999999
bert,P,snli@s0__wic@s1,snli,wic,0.7,0.0878991829821543,0.6860634507520238,0.999534641348847,1.0,0.5,0.7,1.0,0.7,0.7,0.7,0.7,0.7,1.0,0.7,2.72358042822102,5.380943405611011,0.0,2.72358042822102,0.0,0.0,0.0,0.0,0.0,2.72358042822102,0.0,0.0,1.0,0.5,0.7,1.0,0.7,0.7,0.7,0.7,0.7,0.7,0.7,0.7,1.0,2.470105782394749,5.05580897398204,0.0,2.470105782394749,0.0,0.0,0.0,0.0,0.0,0.0,0.0,0.0,2.470105782394749,0.8524047243707792,0.38508017395558286,0.3364323374857434,0.01418414720308453,0.013465398961133341,0.0016837705759946836,0.1925
bert,P,snli@s0__yelp_polarity@s1,snli,yelp_polarity,0.7,0.0256720119940356,0.7066955851536357,0.9990689524257422,1.0,0.5,0.7,1.0,0.7,0.7,0.7,1.0,0.7,1.0,0.7,1.53814233375235,5.76551719685047,0.0,1.53814233375235,0.0,0.0,0.0,1.53814233375235,0.0,1.53814233375235,0.0,0.0,1.0,0.5,0.7,1.0,0.7,0.7,0.7,0.7,0.7,0.7,0.7,1.0,1.0,1.5333665577666598,5.79109010069113,0.0,1.5333665577666598,0.0,0.0,0.0,0.0,0.0,0.0,0.0,1.5333665577666598,1.5333665577666598,0.7693301172611882,0.20927521044295835,0.2528918679341172,0.013484457850825748,0.10490305832209142,0.0035069212190955265,0.0625
bert,P,sst2@s0__stsb@s1,sst2,stsb,0.5,0.0222640869574284,0.676407914236807,0.9996764400844936,1.0,0.5,0.7,1.0,0.7,0.7,0.7,0.7,0.7,0.7,0.5,7.852015344109639,0.0,1.55961908885188,7.852015344109639,1.55961908885188,1.55961908885188,1.55961908885188,1.55961908885188,1.55961908885188,1.55961908885188,0.0,0.0,1.0,0.5,0.7,1.0,0.5,0.5,0.5,0.7,0.7,0.7,0.7,0.7,0.7,7.77787605880812,0.0,1.6097711297731898,7.77787605880812,0.0,0.0,0.0,1.6097711297731898,1.6097711297731898,1.6097711297731898,1.6097711297731898,1.6097711297731898,1.6097711297731898,0.8667000344247614,0.49831389227278045,0.4278555841479649,0.0498665652238726,0.06268376479205717,0.004906802743845352,0.05257068926723163
bert,P,sst2@s0__trec@s1,sst2,trec,0.7,0.0106768380015778,0.6694566104257375,0.9996667458715732,1.0,0.5,0.7,1.0,0.7,0.7,0.7,0.7,0.7,0.7,0.7,0.5338419000788802,0.13020534148263999,0.0,0.5338419000788802,0.0,0.0,0.0,0.0,0.0,0.0,0.0,0.0,1.0,0.5,0.7,1.0,0.7,0.7,0.5,0.7,0.7,0.7,0.7,0.7,0.7,0.6750775295224701,-0.4378956511087899,0.0,0.6750775295224701,0.0,0.0,-0.4378956511087899,0.0,0.0,0.0,0.0,0.0,0.0,0.8908955486647612,0.6135170562791187,0.5198897132615546,0.06529821214108963,0.049477374965674635,0.007493960745762915,0.02749999999999997
bert,P,sst2@s0__wic@s1,sst2,wic,0.5,0.021185681575161,0.6836545445430964,0.9993987331362564,1.0,0.5,0.7,1.0,0.7,0.7,0.7,0.7,0.7,1.0,0.5,7.7239493234354,0.0,1.14528924046736,7.7239493234354,1.14528924046736,1.14528924046736,1.14528924046736,1.14528924046736,1.14528924046736,7.7239493234354,0.0,0.0,1.0,0.5,0.7,1.0,0.5,0.5,0.5,0.7,0.7,0.7,0.7,0.7,1.0,7.95866302795606,0.0,0.5193801995192402,7.95866302795606,0.0,0.0,0.0,0.5193801995192402,0.5193801995192402,0.5193801995192402,0.5193801995192402,0.5193801995192402,7.95866302795606,0.86343410121114,0.3574138332262602,0.3802586569136092,0.01058013263811099,0.02756563831945757,0.0012660437133071593,0.10750000000000004
bert,P,sst2@s0__yelp_polarity@s1,sst2,yelp_polarity,0.7,0.0094766153602264,0.7056769786478262,0.9969301118905716,1.0,0.5,0.7,1.0,0.7,0.7,0.7,0.7,0.5,1.0,0.5,1.4109702550637602,-0.06242197253432998,0.0,1.4109702550637602,0.0,0.0,0.0,0.0,-0.06242197253432998,1.4109702550637602,-0.06242197253432998,0.0,1.0,0.5,0.7,1.0,0.5,0.7,0.5,0.7,0.7,0.5,0.7,0.7,1.0,1.1080718546084798,-0.010850694444440069,0.0,1.1080718546084798,-0.010850694444440069,0.0,-0.010850694444440069,0.0,0.0,-0.010850694444440069,0.0,0.0,1.1080718546084798,0.7519927338054941,0.3952423732084612,0.4282188432495852,0.04303459094488323,0.05838214816054041,0.00955232853791211,0.04249999999999998
bert,P,stsb@s0__trec@s1,stsb,trec,0.7,0.0220538197602325,0.7067109061240829,0.9995107806691608,1.0,0.5,0.7,1.0,0.7,0.7,0.7,0.7,0.7,0.7,0.7,2.35708732633848,1.3160648799761703,0.0,2.35708732633848,0.0,0.0,0.0,0.0,0.0,0.0,0.0,0.0,1.0,0.5,0.7,1.0,0.7,0.7,0.7,0.7,0.7,0.7,0.7,0.7,0.7,2.37035232130735,1.38866348222138,0.0,2.37035232130735,0.0,0.0,0.0,0.0,0.0,0.0,0.0,0.0,0.0,0.8729813045344329,0.29992927879874076,0.33395049625165174,0.027214595937424046,0.06292251275215037,0.0032839799310567207,0.04021638040951003
bert,P,stsb@s0__wic@s1,stsb,wic,0.7,0.0189572907577,0.7057864384418876,0.9996966065953532,1.0,0.5,0.7,1.0,0.7,0.7,0.7,1.0,0.7,1.0,0.7,1.8365666809609098,0.2851470516851997,0.0,1.8365666809609098,0.0,0.0,0.0,1.8365666809609098,0.0,1.8365666809609098,0.0,0.0,1.0,0.5,0.7,1.0,0.5,1.0,0.7,0.7,0.7,0.7,0.7,1.0,1.0,2.7835106817402,0.33290354352641,0.0,2.7835106817402,0.33290354352641,2.7835106817402,0.0,0.0,0.0,0.0,0.0,2.7835106817402,2.7835106817402,0.7208108454744498,0.2438615769162914,0.24021450700330446,0.013985426486945294,0.0013148058283221132,0.0013325162313585128,0.08862465311632761
bert,P,stsb@s0__yelp_polarity@s1,stsb,yelp_polarity,0.5,0.0173246378680966,0.6792763654336972,0.9993867601631468,1.0,0.5,0.7,1.0,0.7,0.7,0.7,0.7,0.7,0.7,0.5,3.56463324688625,0.0,0.3679624764710503,3.56463324688625,0.3679624764710503,0.3679624764710503,0.3679624764710503,0.3679624764710503,0.3679624764710503,0.3679624764710503,0.0,0.0,1.0,0.5,0.7,1.0,0.7,0.7,0.5,0.7,0.7,0.7,0.7,0.7,0.7,3.6344344045555506,0.0,0.43121220672587,3.6344344045555506,0.43121220672587,0.43121220672587,0.0,0.43121220672587,0.43121220672587,0.43121220672587,0.43121220672587,0.43121220672587,0.43121220672587,0.8743425770287758,0.5165977549133863,0.4487791052882924,0.05062622452837727,0.06282515028210701,0.005194711266834553,0.049749493737343164
bert,P,trec@s0__wic@s1,trec,wic,0.7,0.0121600794733959,0.7028557600179088,0.9999911203547992,1.0,0.5,0.7,1.0,0.7,0.7,0.7,0.7,0.7,1.0,0.7,2.54412351799756,1.96640949224299,0.0,2.54412351799756,0.0,0.0,0.0,0.0,0.0,2.54412351799756,0.0,0.0,1.0,0.5,0.7,1.0,0.7,0.7,0.7,0.7,0.7,0.7,0.7,0.7,1.0,2.2324267804978,1.1248369606226303,0.0,2.2324267804978,0.0,0.0,0.0,0.0,0.0,0.0,0.0,0.0,2.2324267804978,0.8875477900567489,0.3375022923220272,0.2945816841944567,0.01313869182379752,0.007258693007698735,0.003316188999142618,0.040000000000000036
bert,P,trec@s0__yelp_polarity@s1,trec,yelp_polarity,0.7,0.0100114517876657,0.6703092865124521,0.9993435233467184,1.0,0.5,0.7,1.0,0.7,0.7,0.7,0.7,0.7,0.7,0.7,0.52076899822069,0.66399891317008,0.0,0.52076899822069,0.0,0.0,0.0,0.0,0.0,0.0,0.0,0.0,1.0,0.5,0.7,1.0,1.0,1.0,0.7,0.7,0.7,0.7,0.7,0.7,0.7,0.8445519752018399,0.59016138624568,0.0,0.8445519752018399,0.8445519752018399,0.8445519752018399,0.0,0.0,0.0,0.0,0.0,0.0,0.0,0.9049640232967021,0.6634883152584209,0.552693825965951,0.060499841667050136,0.054096600540035164,0.007279666816911203,0.03500000000000003
bert,P,wic@s0__yelp_polarity@s1,wic,yelp_polarity,0.7,0.024736929847001,0.6867829213128573,0.9996507014993504,1.0,0.5,0.7,1.0,0.7,0.7,0.7,1.0,0.7,1.0,0.7,2.76556600203309,0.9265420370918601,0.0,2.76556600203309,0.0,0.0,0.0,2.76556600203309,0.0,2.76556600203309,0.0,0.0,1.0,0.5,0.7,1.0,0.7,0.7,0.7,0.7,0.7,0.7,0.7,1.0,1.0,3.53366904619275,0.14105902777777,0.0,3.53366904619275,0.0,0.0,0.0,0.0,0.0,0.0,0.0,3.53366904619275,3.53366904619275,0.8747742769794409,0.3631216401397928,0.3628851082206748,0.011358812027939919,0.016274289198208187,0.0014818659687862868,0.10250000000000004
roberta,R0,cola@s0__sst2@s0,cola,sst2,1.0,0.0374975183641055,0.6897571616712901,0.9942211645991532,1.0,0.5,0.7,1.0,0.7,0.7,0.7,0.7,0.7,0.7,1.0,0.0,2.4204222089868397,0.7957779101316995,0.0,0.7957779101316995,0.7957779101316995,0.7957779101316995,0.7957779101316995,0.7957779101316995,0.7957779101316995,0.0,0.0,1.0,0.5,0.7,1.0,1.0,0.7,1.0,0.7,0.7,0.7,0.7,0.7,0.7,0.0,2.2224086627737902,0.98496543392173,0.0,0.0,0.98496543392173,0.0,0.98496543392173,0.98496543392173,0.98496543392173,0.98496543392173,0.98496543392173,0.98496543392173,0.34973816773076466,0.8133173223001019,0.038055659905409364,0.36857363412826527,0.008274469738396954,0.05910300650004622,0.06000000000000005
roberta,R0,cola@s0__mrpc@s0,cola,mrpc,1.0,0.0323232032539042,0.6750541986099643,0.990312862061664,1.0,0.5,0.7,1.0,0.7,0.7,0.7,0.5,0.7,0.7,1.0,0.0,2.1324968343501802,0.18178504278424032,0.0,0.18178504278424032,0.18178504278424032,0.18178504278424032,2.1324968343501802,0.18178504278424032,0.18178504278424032,0.0,0.0,1.0,0.5,0.7,1.0,0.7,0.7,1.0,0.7,0.7,0.7,0.7,0.5,0.7,0.0,3.51654846335697,1.27659574468085,0.0,1.27659574468085,1.27659574468085,0.0,1.27659574468085,1.27659574468085,1.27659574468085,1.27659574468085,3.51654846335697,1.27659574468085,0.4337918951481378,0.8132349476539503,0.13959203904030293,0.374978453958391,0.0019425952221331902,0.058448179299981265,0.06000000000000005
roberta,R0,cola@s0__stsb@s0,cola,stsb,0.7,0.027284299475576,0.6910590165865174,0.9893707074368732,1.0,0.5,0.7,1.0,0.7,0.7,0.7,0.7,0.7,0.5,0.7,3.21595403809415,1.71523346140485,0.0,3.21595403809415,0.0,0.0,0.0,0.0,0.0,1.71523346140485,0.0,0.0,1.0,0.5,0.7,1.0,0.7,0.7,0.7,0.7,0.7,0.7,0.7,0.7,0.5,3.3331500613298997,1.8836954571947704,0.0,3.3331500613298997,0.0,0.0,0.0,0.0,0.0,0.0,0.0,0.0,1.8836954571947704,0.6708169541307079,0.75913365460973,0.1527400454633193,0.30602416847085423,0.013664517120082568,0.0640128056957318,0.040994899872496826
roberta,R0,cola@s0__mnli@s0,cola,mnli,0.7,0.0646167843458871,0.619554182769329,0.9956981168003932,1.0,0.5,0.7,1.0,0.7,0.7,1.0,0.5,1.0,0.5,0.7,1.6432643062478909,1.1394968625993804,0.0,1.6432643062478909,0.0,0.0,1.6432643062478909,1.1394968625993804,1.6432643062478909,1.1394968625993804,0.0,0.0,1.0,0.5,0.7,1.0,0.7,0.7,0.7,0.7,1.0,1.0,0.7,0.5,0.5,1.4322148343392003,1.2490624209875705,0.0,1.4322148343392003,0.0,0.0,0.0,0.0,1.4322148343392003,1.4322148343392003,0.0,1.2490624209875705,1.2490624209875705,0.5976049885610072,0.8296913936212789,0.01993725687080668,0.625573000857761,0.005358143083206559,0.005336752504621749,0.10750000000000004
roberta,R0,cola@s0__qnli@s0,cola,qnli,0.7,0.0332746547638187,0.6917987530959219,0.9935508787203782,1.0,0.5,0.7,1.0,0.7,0.7,0.7,0.7,1.0,0.7,0.7,0.9971042216778199,0.7520803187899494,0.0,0.9971042216778199,0.0,0.0,0.0,0.0,0.9971042216778199,0.0,0.0,0.0,1.0,0.5,0.7,1.0,0.5,0.5,0.7,0.7,0.7,1.0,0.7,0.7,0.7,0.7851920163362301,1.14946314472038,0.0,0.7851920163362301,1.14946314472038,1.14946314472038,0.0,0.0,0.0,0.7851920163362301,0.0,0.0,0.0,0.2408194064124146,0.753149734314561,0.013671079589985152,0.26877493982985684,0.002407481020675277,0.03270382779514561,0.05249999999999999
roberta,R0,cola@s0__wic@s0,cola,wic,1.0,0.0094637098061756,0.7018978629342764,0.9874647728795184,1.0,0.5,0.7,1.0,0.7,0.7,0.7,0.7,0.7,0.5,1.0,0.0,7.74938531787846,3.5132675543634404,0.0,3.5132675543634404,3.5132675543634404,3.5132675543634404,3.5132675543634404,3.5132675543634404,7.74938531787846,0.0,0.0,1.0,0.5,0.7,1.0,0.7,1.0,1.0,0.7,0.7,0.7,0.7,0.7,0.5,0.0,6.503921844911001,2.41275656380631,0.0,2.41275656380631,0.0,0.0,2.41275656380631,2.41275656380631,2.41275656380631,2.41275656380631,2.41275656380631,6.503921844911001,0.18249908041744353,0.5776369824898854,0.002225652142961169,0.19839827952496478,0.0,0.02475146933434081,0.14500000000000002
roberta,R0,cola@s0__snli@s0,cola,snli,1.0,0.0302106637273538,0.6928189046672691,0.9931670254958332,1.0,0.5,0.7,1.0,0.7,0.7,0.7,0.7,0.7,0.7,0.7,0.0,2.24420349759546,-0.38249598724637013,0.0,-0.38249598724637013,-0.38249598724637013,-0.38249598724637013,-0.38249598724637013,-0.38249598724637013,-0.38249598724637013,-0.38249598724637013,0.0,1.0,0.5,0.7,1.0,1.0,0.7,0.7,0.7,0.7,0.7,0.7,0.7,0.7,0.0,2.26642033897191,-0.24311293746598003,0.0,0.0,-0.24311293746598003,-0.24311293746598003,-0.24311293746598003,-0.24311293746598003,-0.24311293746598003,-0.24311293746598003,-0.24311293746598003,-0.24311293746598003,0.28414023540559424,0.7527647957390081,0.016959175064614286,0.2879733580831516,0.007499433866644931,0.06264228686048345,0.04749999999999999
roberta,R0,cola@s0__scitail@s0,cola,scitail,1.0,0.0293081199126463,0.7011060188392079,0.9948208256638986,1.0,0.5,0.7,1.0,0.7,0.7,0.7,0.7,0.7,0.7,1.0,0.0,4.30150221692808,0.5034963492378801,0.0,0.5034963492378801,0.5034963492378801,0.5034963492378801,0.5034963492378801,0.5034963492378801,0.5034963492378801,0.0,0.0,1.0,0.5,0.7,1.0,1.0,1.0,1.0,0.7,0.7,0.7,0.7,0.7,0.7,0.0,4.12802327695945,0.33177749489806985,0.0,0.0,0.0,0.0,0.33177749489806985,0.33177749489806985,0.33177749489806985,0.33177749489806985,0.33177749489806985,0.33177749489806985,0.23826561349650027,0.7225628781651536,0.018282286163064314,0.23813157536693183,0.007277179653200512,0.028648014775178716,0.06000000000000005
roberta,R0,cola@s0__ag_news@s0,cola,ag_news,1.0,0.0372249939517241,0.6871124834487279,0.9978719628018304,1.0,0.5,0.7,1.0,0.7,0.7,0.7,0.7,1.0,0.7,1.0,0.0,2.07098675475244,0.6388550756939497,0.0,0.6388550756939497,0.6388550756939497,0.6388550756939497,0.6388550756939497,0.0,0.6388550756939497,0.0,0.0,1.0,0.5,0.7,1.0,1.0,1.0,1.0,0.7,0.7,1.0,0.7,0.7,0.7,0.0,1.97486791375125,0.19943833595124985,0.0,0.0,0.0,0.0,0.19943833595124985,0.19943833595124985,0.0,0.19943833595124985,0.19943833595124985,0.19943833595124985,0.14330586822022187,0.7999108216206007,0.014877603647934001,0.3183132444346376,0.006232348562826319,0.050402547585652456,0.08250000000000002
roberta,R0,cola@s0__imdb@s0,cola,imdb,1.0,0.0304705172974903,0.7045464297133031,0.9949269018444185,1.0,0.5,0.7,1.0,0.7,0.7,0.7,0.7,0.7,0.7,1.0,0.0,2.85083647297711,0.7820657957524603,0.0,0.7820657957524603,0.7820657957524603,0.7820657957524603,0.7820657957524603,0.7820657957524603,0.7820657957524603,0.0,0.0,1.0,0.5,0.7,1.0,1.0,1.0,1.0,0.7,0.7,0.7,0.7,0.7,0.7,0.0,2.58503789183468,0.6573328677519203,0.0,0.0,0.0,0.0,0.6573328677519203,0.6573328677519203,0.6573328677519203,0.6573328677519203,0.6573328677519203,0.6573328677519203,0.23555293275467296,0.7604778754198521,0.012627412237046075,0.24367186910317476,0.0065104767589393075,0.03910091445098805,0.06999999999999995
roberta,R0,cola@s0__trec@s0,cola,trec,1.0,0.0051369863013699,0.6999996515142008,0.9933994030195364,1.0,0.5,0.7,1.0,0.7,0.7,0.7,0.7,0.7,0.7,1.0,0.0,2.6034458409829098,1.03845972791037,0.0,1.03845972791037,1.03845972791037,1.03845972791037,1.03845972791037,1.03845972791037,1.03845972791037,0.0,0.0,1.0,0.5,0.7,1.0,1.0,1.0,1.0,0.7,0.7,0.7,0.7,0.7,0.7,0.0,2.05673758865248,0.60772805086817,0.0,0.0,0.0,0.0,0.60772805086817,0.60772805086817,0.60772805086817,0.60772805086817,0.60772805086817,0.60772805086817,0.31128834172047576,0.760660706501675,0.03352328735734411,0.2872203397850165,0.011908305017348141,0.05986373743337146,0.04249999999999998
roberta,R0,cola@s0__yelp_polarity@s0,cola,yelp_polarity,1.0,0.0358860644618941,0.6955498126099785,0.9954759931765972,1.0,0.5,0.7,1.0,0.7,0.7,0.7,0.7,0.7,0.7,1.0,0.0,2.0984505454614903,0.9080118836093998,0.0,0.9080118836093998,0.9080118836093998,0.9080118836093998,0.9080118836093998,0.9080118836093998,0.9080118836093998,0.0,0.0,1.0,0.5,0.7,1.0,1.0,1.0,1.0,0.7,0.7,0.7,0.7,0.7,0.7,0.0,2.1107805959869,0.8510638297872402,0.0,0.0,0.0,0.0,0.8510638297872402,0.8510638297872402,0.8510638297872402,0.8510638297872402,0.8510638297872402,0.8510638297872402,0.24198037372478148,0.8086091535805715,0.01541271147041819,0.3388966264771839,0.006938047370395231,0.05408451983911979,0.0675
roberta,R0,sst2@s0__mrpc@s0,sst2,mrpc,0.7,0.0268795924166768,0.6357483131813384,0.9899256071041884,1.0,0.5,0.7,1.0,0.7,0.7,0.7,0.5,0.7,0.7,0.7,0.10656436487637977,1.19758048146795,0.0,0.10656436487637977,0.0,0.0,0.0,1.19758048146795,0.0,0.0,0.0,0.0,1.0,0.5,0.7,1.0,0.5,0.7,1.0,0.7,0.7,0.7,0.7,0.5,0.7,-0.3636522958289399,1.70785138450755,0.0,-0.3636522958289399,1.70785138450755,0.0,-0.3636522958289399,0.0,0.0,0.0,0.0,1.70785138450755,0.0,0.8232299609917416,0.8315152224566995,0.1522945502555233,0.5398887200902659,0.001678707699018326,0.10745180134954595,0.06999999999999995
roberta,R0,sst2@s0__stsb@s0,sst2,stsb,1.0,0.0308924057327869,0.6563849756717725,0.9908170682283312,1.0,0.5,0.7,1.0,0.7,0.7,0.7,0.5,0.7,0.5,0.7,0.0,-0.7933300699515499,-0.88151232376904,0.0,-0.88151232376904,-0.88151232376904,-0.88151232376904,-0.7933300699515499,-0.88151232376904,-0.7933300699515499,-0.88151232376904,0.0,1.0,0.5,0.7,1.0,0.7,0.5,0.7,0.7,0.7,0.7,0.7,0.5,0.5,0.0,-0.6805054506988601,-0.90176300737776,0.0,-0.90176300737776,-0.6805054506988601,-0.90176300737776,-0.90176300737776,-0.90176300737776,-0.90176300737776,-0.90176300737776,-0.6805054506988601,-0.6805054506988601,0.9035849285722846,0.8402263754243382,0.09731776414231763,0.4907062854845988,0.003839416918446909,0.09213549680721086,0.028581152028800627
roberta,R0,sst2@s0__mnli@s0,sst2,mnli,0.7,0.0200320404188301,0.660230356307219,0.9948223324525431,1.0,0.5,0.7,1.0,0.7,0.7,0.7,0.7,0.7,0.7,0.7,0.95098810120977,1.4108630125224297,0.0,0.95098810120977,0.0,0.0,0.0,0.0,0.0,0.0,0.0,0.0,1.0,0.5,0.7,1.0,0.7,0.7,0.7,0.7,0.7,0.7,0.7,0.7,0.7,0.9983153287779403,1.5449119656792103,0.0,0.9983153287779403,0.0,0.0,0.0,0.0,0.0,0.0,0.0,0.0,0.0,0.33829139084195026,0.8750732635941456,0.016135265862138728,0.49037067468571577,0.0073239839884628325,0.014519191981356774,0.06000000000000005
roberta,R0,sst2@s0__qnli@s0,sst2,qnli,0.7,0.022996951726378,0.7057460265971709,0.9964582632263886,1.0,0.5,0.7,1.0,0.7,0.7,1.0,0.7,1.0,0.7,0.7,0.45254418411109987,0.9065298595314699,0.0,0.45254418411109987,0.0,0.0,0.45254418411109987,0.0,0.45254418411109987,0.0,0.0,0.0,1.0,0.5,0.7,1.0,0.7,0.7,0.7,0.7,1.0,1.0,0.7,0.7,0.7,0.43560143632417997,0.8838179136838199,0.0,0.43560143632417997,0.0,0.0,0.0,0.0,0.43560143632417997,0.43560143632417997,0.0,0.0,0.0,0.25299949939819516,0.6592471143205335,0.006969594545701767,0.19419470435778013,0.001632882696405581,0.031607416326251615,0.04500000000000004
roberta,R0,sst2@s0__wic@s0,sst2,wic,0.7,0.0328874024526197,0.6820253566203391,0.9922331560157406,1.0,0.5,0.7,1.0,0.7,0.7,0.7,0.7,0.7,0.7,1.0,-0.7554643424208602,3.440339853383349,0.0,-0.7554643424208602,0.0,0.0,0.0,0.0,0.0,0.0,-0.7554643424208602,0.0,1.0,0.5,0.7,1.0,0.7,1.0,1.0,0.7,0.7,0.7,0.7,0.7,0.7,-0.9933774834437099,2.8067353291411496,0.0,-0.9933774834437099,0.0,-0.9933774834437099,-0.9933774834437099,0.0,0.0,0.0,0.0,0.0,0.0,0.4025749309237339,0.8260113677439306,0.0065008744862217974,0.3779960532678634,0.0,0.035788263915779946,0.07999999999999996
roberta,R0,sst2@s0__snli@s0,sst2,snli,0.7,0.0171550703225498,0.7047795969139331,0.9940131827577068,1.0,0.5,0.7,1.0,0.7,0.7,0.7,0.7,1.0,0.7,0.7,0.77145624255721,0.9276828229821898,0.0,0.77145624255721,0.0,0.0,0.0,0.0,0.77145624255721,0.0,0.0,0.0,1.0,0.5,0.7,1.0,0.7,0.7,0.7,0.7,0.7,1.0,0.7,0.7,0.7,0.7942753951263201,0.94024667555575,0.0,0.7942753951263201,0.0,0.0,0.0,0.0,0.0,0.7942753951263201,0.0,0.0,0.0,0.22956270799879178,0.706115329065731,0.007025125229118681,0.21870839637058598,0.0073823488024356105,0.05540542600859119,0.040000000000000036
roberta,R0,sst2@s0__scitail@s0,sst2,scitail,0.7,0.0144927536231884,0.6723866692941345,0.9922762267402494,1.0,0.5,0.7,1.0,0.7,0.7,0.7,0.7,0.7,0.7,0.7,0.5837359098228599,1.9927536231884098,0.0,0.5837359098228599,0.0,0.0,0.0,0.0,0.0,0.0,0.0,0.0,1.0,0.5,0.7,1.0,0.7,0.7,0.7,0.7,0.7,0.7,0.7,0.7,0.7,0.2993550049280898,1.9620971776597502,0.0,0.2993550049280898,0.0,0.0,0.0,0.0,0.0,0.0,0.0,0.0,0.0,0.39957945707979314,0.8569655102668374,0.044177137072643896,0.4163282361047883,0.009327410164563498,0.059680912181110025,0.04500000000000004
roberta,R0,sst2@s0__ag_news@s0,sst2,ag_news,0.7,0.016432073908811,0.7056685579685712,0.996588621786532,1.0,0.5,0.7,1.0,0.7,0.7,1.0,0.7,1.0,0.7,1.0,-0.50138155786521,0.8303706928346498,0.0,-0.50138155786521,0.0,0.0,-0.50138155786521,0.0,-0.50138155786521,0.0,-0.50138155786521,0.0,1.0,0.5,0.7,1.0,0.7,0.7,1.0,0.7,1.0,1.0,0.7,0.7,0.7,-0.7665709738638499,0.9155269643339001,0.0,-0.7665709738638499,0.0,0.0,-0.7665709738638499,0.0,-0.7665709738638499,-0.7665709738638499,0.0,0.0,0.0,0.12124731447937158,0.733957355318572,0.009446511088694168,0.24911304636931755,0.007791947798682955,0.04090424298758073,0.03249999999999997
roberta,R0,sst2@s0__imdb@s0,sst2,imdb,0.7,0.0102939530089203,0.6787254681586303,0.9777847535265304,1.0,0.5,0.7,1.0,0.7,0.7,0.7,0.5,0.7,0.5,0.5,0.9375349856044001,-0.060914558024869996,0.0,0.9375349856044001,0.0,0.0,0.0,-0.060914558024869996,0.0,-0.060914558024869996,-0.060914558024869996,0.0,1.0,0.5,0.7,1.0,0.5,0.5,0.7,0.7,0.7,0.7,0.7,0.5,0.5,0.91002613608868,0.19609110334022004,0.0,0.91002613608868,0.19609110334022004,0.19609110334022004,0.0,0.0,0.0,0.0,0.0,0.19609110334022004,0.19609110334022004,0.6874298450446203,0.977605204433933,0.14613832354197367,0.5521306884052744,0.03400006293764489,0.08253032578310458,0.03249999999999997
roberta,R0,sst2@s0__trec@s0,sst2,trec,0.7,0.0111932865182529,0.6717160563903946,0.9955641087281204,1.0,0.5,0.7,1.0,0.7,0.7,0.7,0.7,0.7,0.7,0.7,0.8100503013098201,0.1561332735694001,0.0,0.8100503013098201,0.0,0.0,0.0,0.0,0.0,0.0,0.0,0.0,1.0,0.5,0.7,1.0,0.5,0.7,0.7,0.7,0.7,0.7,0.7,0.7,0.7,0.89687805939303,0.22190797345806998,0.0,0.89687805939303,0.22190797345806998,0.0,0.0,0.0,0.0,0.0,0.0,0.0,0.0,0.6889535029278013,0.85018971453376,0.08132840984111944,0.48787004119491023,0.008838162842917753,0.06780088289616856,0.030000000000000027
roberta,R0,sst2@s0__yelp_polarity@s0,sst2,yelp_polarity,0.7,0.0130803670689062,0.7003549113876962,0.9828581804213624,1.0,0.5,0.7,1.0,0.7,0.7,0.7,0.5,0.7,0.5,0.7,0.12837810522911014,0.11506276150627,0.0,0.12837810522911014,0.0,0.0,0.0,0.11506276150627,0.0,0.11506276150627,0.0,0.0,1.0,0.5,0.7,1.0,0.7,0.3,0.7,0.7,0.7,0.7,0.7,0.5,0.5,0.07470651013872995,0.03853159119141993,0.0,0.07470651013872995,0.0,0.7305010621858501,0.0,0.0,0.0,0.0,0.0,0.03853159119141993,0.03853159119141993,0.5194010683770716,0.9214854636683137,0.058552096263400945,0.4872610965222104,0.021802006393572812,0.08263974063493754,0.02749999999999997
roberta,R0,mrpc@s0__stsb@s0,mrpc,stsb,0.5,0.0283335541224003,0.6964293397492297,0.9801716024909192,1.0,0.5,0.7,1.0,0.7,0.7,0.5,0.5,0.5,0.5,0.7,3.951065459244961,0.0,-0.021027297885799906,3.951065459244961,-0.021027297885799906,-0.021027297885799906,0.0,0.0,0.0,0.0,-0.021027297885799906,0.0,1.0,0.5,0.7,1.0,0.5,0.5,0.7,0.7,0.5,0.5,0.7,0.5,0.5,1.92709112409932,0.0,-1.1751599004697502,1.92709112409932,0.0,0.0,-1.1751599004697502,-1.1751599004697502,0.0,0.0,-1.1751599004697502,0.0,0.0,0.17807010303082577,0.6264057541835976,0.17468346629562276,0.2290473305338288,0.009257821604380208,0.06734057689756257,0.04896047401185022
roberta,R0,mrpc@s0__mnli@s0,mrpc,mnli,0.5,0.0432070863892797,0.5715356268012289,0.990864901809124,1.0,0.5,0.5,1.0,0.7,0.7,0.5,0.5,0.3,0.5,0.5,1.4544896536724998,0.0,0.0,1.4544896536724998,0.22112212518309027,0.22112212518309027,0.0,0.0,6.562047176213801,0.0,0.0,0.0,1.0,0.5,0.5,1.0,0.7,0.5,0.7,0.7,0.5,0.3,0.7,0.5,0.5,0.22541499410462032,0.0,0.0,0.22541499410462032,-0.6056661764900699,0.0,-0.6056661764900699,-0.6056661764900699,0.0,7.38013857424851,-0.6056661764900699,0.0,0.0,0.3758039892808461,0.8996235617235633,0.007354367361856706,0.8403375568983649,0.014956747675977657,0.02235343582842652,0.13
roberta,R0,mrpc@s0__qnli@s0,mrpc,qnli,0.5,0.0487100748395638,0.6388045477228692,0.9860851287796788,1.0,0.5,0.7,1.0,0.7,0.7,0.5,0.5,0.5,0.7,0.7,2.86937930135252,0.0,-0.2701657547841102,2.86937930135252,-0.2701657547841102,-0.2701657547841102,0.0,0.0,0.0,-0.2701657547841102,-0.2701657547841102,0.0,1.0,0.5,0.7,1.0,0.7,0.5,0.7,0.7,0.5,0.5,0.7,0.5,0.7,2.8147574819401404,0.0,-0.020639834881329422,2.8147574819401404,-0.020639834881329422,0.0,-0.020639834881329422,-0.020639834881329422,0.0,0.0,-0.020639834881329422,0.0,-0.020639834881329422,0.5048270196149531,0.7661860342106188,0.04192742749098952,0.45309096805568205,0.0,0.11669188122991232,0.07499999999999996
roberta,R0,mrpc@s0__wic@s0,mrpc,wic,0.5,0.1073240485005191,0.6808428534608959,0.9812063703866062,1.0,0.5,0.7,1.0,0.7,0.7,0.5,0.5,0.5,0.5,0.7,4.5483927836869,0.0,-0.11557070380600054,4.5483927836869,-0.11557070380600054,-0.11557070380600054,0.0,0.0,0.0,0.0,-0.11557070380600054,0.0,1.0,0.5,0.7,1.0,0.5,0.5,0.7,0.7,0.5,0.5,0.7,0.5,0.5,4.646799116997799,0.0,-0.3256070640176606,4.646799116997799,0.0,0.0,-0.3256070640176606,-0.3256070640176606,0.0,0.0,-0.3256070640176606,0.0,0.0,0.22139796520191063,0.7998465638675804,0.00022983699305512018,0.3411594808031144,0.0,0.056401183813187775,0.1775
roberta,R0,mrpc@s0__snli@s0,mrpc,snli,0.7,0.0387677744128678,0.6400058294571498,0.9845637014041894,1.0,0.5,0.7,1.0,0.7,0.7,0.7,0.5,0.7,0.5,0.7,1.62819304332711,0.18952688473955967,0.0,1.62819304332711,0.0,0.0,0.0,0.18952688473955967,0.0,0.18952688473955967,0.0,0.0,1.0,0.5,0.7,1.0,0.5,0.5,0.7,0.7,0.7,0.7,0.7,0.5,0.5,0.9211814411211501,0.05841512739262998,0.0,0.9211814411211501,0.05841512739262998,0.05841512739262998,0.0,0.0,0.0,0.0,0.0,0.05841512739262998,0.05841512739262998,0.43458811449170714,0.8874880848052985,0.05001440231119918,0.5366131958943423,0.0020776636932742618,0.1206765031213239,0.08499999999999996
roberta,R0,mrpc@s0__scitail@s0,mrpc,scitail,0.7,0.0670272940093912,0.6886866504934283,0.980763819449152,1.0,0.5,0.7,1.0,0.7,0.7,0.5,0.5,0.5,0.5,0.5,2.11268082112071,-0.8890512726829995,0.0,2.11268082112071,0.0,0.0,-0.8890512726829995,-0.8890512726829995,-0.8890512726829995,-0.8890512726829995,-0.8890512726829995,0.0,1.0,0.5,0.7,1.0,0.5,0.5,0.5,0.7,0.5,0.5,0.7,0.5,0.5,1.4791073124406502,-0.6386514719848101,0.0,1.4791073124406502,-0.6386514719848101,-0.6386514719848101,-0.6386514719848101,0.0,-0.6386514719848101,-0.6386514719848101,0.0,-0.6386514719848101,-0.6386514719848101,0.27683001052503337,0.7638197412112726,0.0798981788886331,0.3048023650887196,0.004809601100447228,0.03160770517111671,0.10499999999999998
roberta,R0,mrpc@s0__ag_news@s0,mrpc,ag_news,1.0,0.0394640125553766,0.6314889194862305,0.9936742343239154,1.0,0.5,0.7,1.0,0.7,0.7,0.7,0.7,0.7,0.7,1.0,0.0,1.7839760017482305,0.20362755031092042,0.0,0.20362755031092042,0.20362755031092042,0.20362755031092042,0.20362755031092042,0.20362755031092042,0.20362755031092042,0.0,0.0,1.0,0.5,0.7,1.0,0.7,0.7,1.0,0.7,0.7,0.7,0.7,0.7,0.7,0.0,1.0832262363748901,0.2277991971694704,0.0,0.2277991971694704,0.2277991971694704,0.0,0.2277991971694704,0.2277991971694704,0.2277991971694704,0.2277991971694704,0.2277991971694704,0.2277991971694704,0.6388110746361642,0.7725492632837436,0.06538168964102817,0.48439723677735935,0.006461178195151241,0.121287023124475,0.08750000000000002
roberta,R0,mrpc@s0__imdb@s0,mrpc,imdb,0.7,0.0317757842096173,0.6825862898087516,0.9895741961607536,1.0,0.5,0.7,1.0,0.7,0.7,0.7,0.7,0.7,0.7,0.5,2.3283930975101104,-0.0006889507005294893,0.0,2.3283930975101104,0.0,0.0,0.0,0.0,0.0,0.0,-0.0006889507005294893,0.0,1.0,0.5,0.7,1.0,0.5,0.5,0.5,0.7,0.7,0.7,0.7,0.7,0.7,2.06092689764678,-0.37400915485094993,0.0,2.06092689764678,-0.37400915485094993,-0.37400915485094993,-0.37400915485094993,0.0,0.0,0.0,0.0,0.0,0.0,0.547384600938635,0.9003614129761922,0.05609677842161686,0.3911610188880365,0.0032648587284876667,0.06159904043055374,0.08250000000000002
roberta,R0,mrpc@s0__trec@s0,mrpc,trec,1.0,0.011204481792717,0.6937755496558751,0.9955692532652828,1.0,0.5,0.7,1.0,0.7,0.7,0.7,0.7,1.0,0.7,0.7,0.0,1.9899506194230303,-0.10309278350514994,0.0,-0.10309278350514994,-0.10309278350514994,-0.10309278350514994,-0.10309278350514994,0.0,-0.10309278350514994,-0.10309278350514994,0.0,1.0,0.5,0.7,1.0,0.7,0.7,1.0,0.7,0.7,1.0,0.7,0.7,0.7,0.0,2.2892720306513406,0.27777777777778,0.0,0.27777777777778,0.27777777777778,0.0,0.27777777777778,0.27777777777778,0.0,0.27777777777778,0.27777777777778,0.27777777777778,0.5503959367149395,0.8158273799449103,0.040564758362101064,0.32998677472604243,0.005367228283150671,0.04360070893471796,0.04500000000000004
roberta,R0,mrpc@s0__yelp_polarity@s0,mrpc,yelp_polarity,0.7,0.0197703139833338,0.6446013034021865,0.993255357451495,1.0,0.5,0.7,1.0,0.7,0.7,0.7,0.7,0.7,0.7,0.7,4.32647117424376,0.8002531556555698,0.0,4.32647117424376,0.0,0.0,0.0,0.0,0.0,0.0,0.0,0.0,1.0,0.5,0.7,1.0,0.5,0.7,0.7,0.7,0.7,0.7,0.7,0.7,0.7,3.9001541562907702,0.65219969168741,0.0,3.9001541562907702,0.65219969168741,0.0,0.0,0.0,0.0,0.0,0.0,0.0,0.0,0.7209476235622572,0.8496817340870516,0.08532108333679875,0.5245593758914519,0.004058777560838896,0.09851052695529276,0.06999999999999995
roberta,R0,stsb@s0__mnli@s0,stsb,mnli,0.5,0.0197031577540383,0.5860119706095234,0.9848680298105283,1.0,0.5,0.5,1.0,0.7,0.7,0.7,0.5,0.7,0.5,0.5,3.6080135031737406,0.0,0.0,3.6080135031737406,0.25680383968073006,0.25680383968073006,0.25680383968073006,0.0,0.25680383968073006,0.0,0.0,0.0,1.0,0.5,0.5,1.0,0.7,0.7,0.5,0.7,0.7,0.7,0.7,0.5,0.5,3.72996439336278,0.0,0.0,3.72996439336278,0.23783295317317993,0.23783295317317993,0.0,0.23783295317317993,0.23783295317317993,0.23783295317317993,0.23783295317317993,0.0,0.0,0.6485709824661271,0.8639061412553043,0.015997759544966735,0.6992567364954344,0.008133890108258454,0.031502584506836094,0.06317989199730001
roberta,R0,stsb@s0__qnli@s0,stsb,qnli,0.7,0.0331930034139689,0.6591598383429141,0.9896104968514462,1.0,0.5,0.7,1.0,0.7,0.7,0.7,0.5,0.7,0.5,0.7,1.3004184831417902,0.23264733542580004,0.0,1.3004184831417902,0.0,0.0,0.0,0.23264733542580004,0.0,0.23264733542580004,0.0,0.0,1.0,0.5,0.7,1.0,0.5,0.5,0.7,0.7,0.7,0.7,0.7,0.5,0.5,1.2011985896762,0.2665294480486399,0.0,1.2011985896762,0.2665294480486399,0.2665294480486399,0.0,0.0,0.0,0.0,0.0,0.2665294480486399,0.2665294480486399,0.5933296871898069,0.7344768574773433,0.14107830166966223,0.44261003627457485,0.0076651549017247465,0.0813773498616716,0.05044288607215164
roberta,R0,stsb@s0__wic@s0,stsb,wic,0.5,0.0294883627689201,0.6963915380075912,0.9891078224280344,1.0,0.5,0.7,1.0,0.7,0.7,0.7,0.7,0.5,0.7,0.5,6.462019170771451,0.0,0.16687996125140034,6.462019170771451,0.16687996125140034,0.16687996125140034,0.16687996125140034,0.16687996125140034,0.0,0.16687996125140034,0.0,0.0,1.0,0.5,0.7,1.0,0.7,0.7,0.5,0.7,0.7,0.5,0.7,0.7,0.7,6.30346124866932,0.0,1.0350509647337296,6.30346124866932,1.0350509647337296,1.0350509647337296,0.0,1.0350509647337296,1.0350509647337296,0.0,1.0350509647337296,1.0350509647337296,1.0350509647337296,0.37141566186898106,0.7309708145410756,0.11723711534971828,0.2809881848503679,0.0,0.0451570672281784,0.07879434485862136
roberta,R0,stsb@s0__snli@s0,stsb,snli,0.7,0.0287284103359616,0.6589378458306279,0.978490840222104,1.0,0.5,0.7,1.0,0.7,0.7,0.5,0.5,0.5,0.5,0.5,2.02132476120357,-0.2302165954994502,0.0,2.02132476120357,0.0,0.0,-0.2302165954994502,-0.2302165954994502,-0.2302165954994502,-0.2302165954994502,-0.2302165954994502,0.0,1.0,0.5,0.7,1.0,0.5,0.5,0.5,0.7,0.5,0.5,0.7,0.5,0.5,1.9893202853965701,-0.21414015066565997,0.0,1.9893202853965701,-0.21414015066565997,-0.21414015066565997,-0.21414015066565997,0.0,-0.21414015066565997,-0.21414015066565997,0.0,-0.21414015066565997,-0.21414015066565997,0.5462269747692549,0.8419442700901146,0.2672179042731891,0.4757842318817918,0.03148528357750887,0.12208067999856362,0.04946936173404337
roberta,R0,stsb@s0__scitail@s0,stsb,scitail,0.5,0.0095615674450999,0.6975469782051101,0.9797379689958268,1.0,0.5,0.7,1.0,0.7,0.7,0.7,0.5,0.5,0.5,0.5,2.50370145262689,0.0,1.0244297284457602,2.50370145262689,1.0244297284457602,1.0244297284457602,1.0244297284457602,0.0,0.0,0.0,0.0,0.0,1.0,0.5,0.7,1.0,0.5,0.5,0.5,0.7,0.7,0.5,0.7,0.5,0.5,2.39555095708045,0.0,0.7879768803989398,2.39555095708045,0.0,0.0,0.0,0.7879768803989398,0.7879768803989398,0.0,0.7879768803989398,0.0,0.0,0.0664978408822758,0.6015553551203197,0.16866444530179792,0.1854742293886099,0.16426654104722035,0.019578134748105255,0.026439660991524838
roberta,R0,stsb@s0__ag_news@s0,stsb,ag_news,0.7,0.02291467446057,0.6521159767893443,0.9973005438522868,1.0,0.5,0.7,1.0,0.7,0.7,0.7,0.7,0.7,0.7,0.7,0.09454622759897009,1.3112726916411899,0.0,0.09454622759897009,0.0,0.0,0.0,0.0,0.0,0.0,0.0,0.0,1.0,0.5,0.7,1.0,0.7,0.7,0.7,0.7,0.7,0.7,0.7,0.7,0.7,0.07401045922706025,1.36275239270221,0.0,0.07401045922706025,0.0,0.0,0.0,0.0,0.0,0.0,0.0,0.0,0.0,0.575932237242931,0.781155423755527,0.0864066363366431,0.49002215570818475,0.0069191991130843865,0.08979389883695445,0.03557301432535798
roberta,R0,stsb@s0__imdb@s0,stsb,imdb,0.7,0.014239002171944,0.6972703734944566,0.99278218135752,1.0,0.5,0.7,1.0,0.7,0.7,0.7,0.7,1.0,0.7,0.7,0.3708155966542599,0.45009378423731,0.0,0.3708155966542599,0.0,0.0,0.0,0.0,0.3708155966542599,0.0,0.0,0.0,1.0,0.5,0.7,1.0,0.7,0.7,0.7,0.7,0.7,1.0,0.7,0.7,0.7,0.31439552486591005,0.4365720177128499,0.0,0.31439552486591005,0.0,0.0,0.0,0.0,0.0,0.31439552486591005,0.0,0.0,0.0,0.6878019275780688,0.8735557595437892,0.015781876116566528,0.3419026360170493,0.004178198140850358,0.04937273173364318,0.034871559288982
roberta,R0,stsb@s0__trec@s0,stsb,trec,1.0,0.0166648992867628,0.7032887633395576,0.9951154023050942,1.0,0.5,0.7,1.0,0.7,0.7,0.7,0.7,0.7,0.7,0.7,0.0,0.35752299470936977,-0.4330932295155701,0.0,-0.4330932295155701,-0.4330932295155701,-0.4330932295155701,-0.4330932295155701,-0.4330932295155701,-0.4330932295155701,-0.4330932295155701,0.0,1.0,0.5,0.7,1.0,0.7,0.7,0.7,0.7,0.7,0.7,0.7,0.7,0.7,0.0,0.0484609516152399,-0.42923023592945,0.0,-0.42923023592945,-0.42923023592945,-0.42923023592945,-0.42923023592945,-0.42923023592945,-0.42923023592945,-0.42923023592945,-0.42923023592945,-0.42923023592945,0.5738956195789209,0.765199656557313,0.020754932723214208,0.34335664993677295,0.00735439126719549,0.05184322715998557,0.022671191779794375
roberta,R0,stsb@s0__yelp_polarity@s0,stsb,yelp_polarity,0.7,0.0131591022814514,0.6648781122670733,0.992787987798251,1.0,0.5,0.7,1.0,0.7,0.7,0.7,0.7,0.7,0.7,0.7,0.3454390966588599,0.46172388059467007,0.0,0.3454390966588599,0.0,0.0,0.0,0.0,0.0,0.0,0.0,0.0,1.0,0.5,0.7,1.0,0.7,0.7,0.7,0.7,0.7,0.7,0.7,0.7,0.7,0.32270246377287015,0.44079546666664016,0.0,0.32270246377287015,0.0,0.0,0.0,0.0,0.0,0.0,0.0,0.0,0.0,0.8399470261114081,0.8438324757677036,0.05878904488618256,0.45924298401134717,0.004128553168830361,0.08469248372080265,0.0214083477086926
roberta,R0,mnli@s0__qnli@s0,mnli,qnli,0.7,0.0220864976461067,0.6568337239033748,0.995396180882126,1.0,0.5,0.7,1.0,0.7,0.7,0.7,0.7,0.7,0.7,0.7,1.9950010820893502,0.6630169954090701,0.0,1.9950010820893502,0.0,0.0,0.0,0.0,0.0,0.0,0.0,0.0,1.0,0.5,0.7,1.0,0.7,0.7,0.7,0.7,0.7,0.7,0.7,0.7,0.7,2.0096953329535996,0.6482118931172898,0.0,2.0096953329535996,0.0,0.0,0.0,0.0,0.0,0.0,0.0,0.0,0.0,0.3633480942877522,0.8106616799151503,0.006918305152830686,0.4413675157571639,0.002450844479894918,0.018094688710291112,0.0625
roberta,R0,mnli@s0__wic@s0,mnli,wic,0.7,0.0780911674854611,0.6107781992702189,0.9974903884215292,1.0,0.5,0.7,1.0,0.7,0.7,1.0,0.5,0.7,0.5,0.7,1.5255772447072795,1.791085824060569,0.0,1.5255772447072795,0.0,0.0,1.5255772447072795,1.791085824060569,0.0,1.791085824060569,0.0,0.0,1.0,0.5,0.7,1.0,0.7,0.7,0.7,0.7,1.0,0.7,0.7,0.5,0.5,1.0996599120208796,1.9445104651869798,0.0,1.0996599120208796,0.0,0.0,0.0,0.0,1.0996599120208796,0.0,0.0,1.9445104651869798,1.9445104651869798,0.6495062294397789,0.849241773428803,0.017451748773118097,0.6277939716691401,0.0,0.004725800598545788,0.15999999999999992
roberta,R0,mnli@s0__snli@s0,mnli,snli,0.7,0.0169497493177588,0.6528651623597821,0.9803664301826264,1.0,0.5,0.7,1.0,0.7,0.7,0.7,0.5,0.5,0.5,0.5,2.5095579946738904,-0.5846372966738398,0.0,2.5095579946738904,0.0,0.0,0.0,-0.5846372966738398,-0.5846372966738398,-0.5846372966738398,-0.5846372966738398,0.0,1.0,0.5,0.7,1.0,0.5,0.7,0.5,0.7,0.7,0.5,0.7,0.5,0.5,2.5125859301479796,-0.6026634796971301,0.0,2.5125859301479796,-0.6026634796971301,0.0,-0.6026634796971301,0.0,0.0,-0.6026634796971301,0.0,-0.6026634796971301,-0.6026634796971301,0.36079252293765207,0.921558624272789,0.0793812438511658,0.6699925772723059,0.023231180432228445,0.04224963055803825,0.06499999999999995
roberta,R0,mnli@s0__scitail@s0,mnli,scitail,0.5,0.0307495567516107,0.5997177698808612,0.9871342774204755,1.0,0.5,0.5,1.0,0.7,0.7,0.7,0.5,0.7,0.5,0.5,2.0337644554710397,0.0,0.0,2.0337644554710397,0.5692842046911297,0.5692842046911297,0.5692842046911297,0.0,0.5692842046911297,0.0,0.0,0.0,1.0,0.5,0.5,1.0,0.7,0.5,0.5,0.7,0.7,0.7,0.7,0.5,0.5,1.92998117762634,0.0,0.0,1.92998117762634,0.5148892414899402,0.0,0.0,0.5148892414899402,0.5148892414899402,0.5148892414899402,0.5148892414899402,0.0,0.0,0.6929698772789256,0.8902903235839439,0.05156331352780289,0.7020132277872868,0.009866647749239255,0.01463027568819692,0.07250000000000001
roberta,R0,mnli@s0__ag_news@s0,mnli,ag_news,0.7,0.0208095437220857,0.6657580836683301,0.9982152888145158,1.0,0.5,0.7,1.0,0.7,0.7,1.0,0.7,1.0,0.7,0.7,0.5434511476837,1.38722621783624,0.0,0.5434511476837,0.0,0.0,0.5434511476837,0.0,0.5434511476837,0.0,0.0,0.0,1.0,0.5,0.7,1.0,0.7,0.7,0.7,0.7,1.0,1.0,0.7,0.7,0.7,0.5259179576941501,1.3710283526481097,0.0,0.5259179576941501,0.0,0.0,0.0,0.0,0.5259179576941501,0.5259179576941501,0.0,0.0,0.0,0.18450793239105936,0.836661836321115,0.006028563544011997,0.3577682407388219,0.005282602356903776,0.012103384210818234,0.050000000000000044
roberta,R0,mnli@s0__imdb@s0,mnli,imdb,0.7,0.0180095287841187,0.6112414405923742,0.995270929995146,1.0,0.5,0.7,1.0,0.7,0.7,0.7,0.5,0.7,0.5,0.7,1.4641363741782103,0.4838401089985598,0.0,1.4641363741782103,0.0,0.0,0.0,0.4838401089985598,0.0,0.4838401089985598,0.0,0.0,1.0,0.5,0.7,1.0,0.7,0.7,0.7,0.7,0.7,0.7,0.7,0.5,0.5,1.4611888053195996,0.45541301491875996,0.0,1.4611888053195996,0.0,0.0,0.0,0.0,0.0,0.0,0.0,0.45541301491875996,0.45541301491875996,0.6087501138126858,0.8603436511573506,0.026336266925846723,0.6525176938117303,0.007790330910658285,0.009110709043558011,0.057499999999999996
roberta,R0,mnli@s0__trec@s0,mnli,trec,1.0,0.0162787025160811,0.5991297274720961,0.997222451759989,1.0,0.5,0.5,1.0,0.7,0.7,1.0,0.5,1.0,0.5,0.7,0.0,0.88498018188305,0.88498018188305,0.0,-0.40282372001968003,-0.40282372001968003,0.0,0.88498018188305,0.0,0.88498018188305,-0.40282372001968003,0.0,1.0,0.5,0.5,1.0,0.7,1.0,0.7,0.7,1.0,1.0,0.7,0.5,0.5,0.0,0.9836651961368799,0.9836651961368799,0.0,-0.2797227235911,0.0,-0.2797227235911,-0.2797227235911,0.0,0.0,-0.2797227235911,0.9836651961368799,0.9836651961368799,0.7376570509119728,0.89015581956563,0.01535754091768325,0.6850310437843897,0.005349276345576962,0.006420432950845119,0.050000000000000044
roberta,R0,mnli@s0__yelp_polarity@s0,mnli,yelp_polarity,0.7,0.0147101561307443,0.6522358560720933,0.9967533322802784,1.0,0.5,0.7,1.0,0.7,0.7,1.0,0.7,1.0,0.7,0.7,0.98334187897029,0.90594189227799,0.0,0.98334187897029,0.0,0.0,0.98334187897029,0.0,0.98334187897029,0.0,0.0,0.0,1.0,0.5,0.7,1.0,1.0,0.7,0.7,0.7,1.0,1.0,0.7,0.7,0.7,0.9857819802690398,0.8985789996944599,0.0,0.9857819802690398,0.9857819802690398,0.0,0.0,0.0,0.9857819802690398,0.9857819802690398,0.0,0.0,0.0,0.5128346463432025,0.8793648995845976,0.017319171860586468,0.4934075506641362,0.006407861704210534,0.013246250422945843,0.07250000000000001
roberta,R0,qnli@s0__wic@s0,qnli,wic,0.5,0.0978587422788734,0.6840293977002069,0.9897101778586492,1.0,0.5,0.7,1.0,0.7,0.7,0.7,0.7,0.7,0.7,0.7,2.1932844689956403,0.0,-1.0137564842159996,2.1932844689956403,-1.0137564842159996,-1.0137564842159996,-1.0137564842159996,-1.0137564842159996,-1.0137564842159996,-1.0137564842159996,-1.0137564842159996,0.0,1.0,0.5,0.7,1.0,0.5,0.7,0.7,0.7,0.7,0.7,0.7,0.7,0.7,2.048332752410831,0.0,-0.5823577252441494,2.048332752410831,0.0,-0.5823577252441494,-0.5823577252441494,-0.5823577252441494,-0.5823577252441494,-0.5823577252441494,-0.5823577252441494,-0.5823577252441494,-0.5823577252441494,0.36136325549023024,0.7725084055117181,0.011678115097280634,0.34242435221531603,0.0,0.018770451998916898,0.135
roberta,R0,qnli@s0__snli@s0,qnli,snli,0.7,0.022448976685123,0.7047502812661571,0.9932144232301118,1.0,0.5,0.7,1.0,0.7,0.7,0.7,0.7,0.7,0.7,0.7,0.5256556067855199,1.12379625756792,0.0,0.5256556067855199,0.0,0.0,0.0,0.0,0.0,0.0,0.0,0.0,1.0,0.5,0.7,1.0,0.7,0.7,0.7,0.7,0.7,0.7,0.7,0.7,0.7,0.5179962084532401,1.1322586071293799,0.0,0.5179962084532401,0.0,0.0,0.0,0.0,0.0,0.0,0.0,0.0,0.0,0.2308215291061282,0.48408386804416753,0.0038953792200733086,0.15396623829002903,0.0025007813264241057,0.03865444180138198,0.04749999999999999
roberta,R0,qnli@s0__scitail@s0,qnli,scitail,0.7,0.0194706235282773,0.6741035067109878,0.9872393820868136,1.0,0.5,0.7,1.0,0.7,0.7,0.7,0.5,0.7,0.7,0.7,0.6408149615266,0.046424028442880114,0.0,0.6408149615266,0.0,0.0,0.0,0.046424028442880114,0.0,0.0,0.0,0.0,1.0,0.5,0.7,1.0,0.5,0.5,0.7,0.7,0.7,0.7,0.7,0.5,0.7,0.5635380557981198,0.27243405984376,0.0,0.5635380557981198,0.27243405984376,0.27243405984376,0.0,0.0,0.0,0.0,0.0,0.27243405984376,0.0,0.37778243277339385,0.7991689441793677,0.05126670143776876,0.40557708468081527,0.00901891607916022,0.04581550890557689,0.04500000000000004
roberta,R0,qnli@s0__ag_news@s0,qnli,ag_news,1.0,0.0206827229747017,0.7057363202619849,0.9980700083276391,1.0,0.5,0.7,1.0,0.7,0.7,1.0,0.7,1.0,0.7,0.7,0.0,0.94820883374955,-0.23079099742215997,0.0,-0.23079099742215997,-0.23079099742215997,0.0,-0.23079099742215997,0.0,-0.23079099742215997,-0.23079099742215997,0.0,1.0,0.5,0.7,1.0,0.7,0.7,0.7,0.7,1.0,1.0,0.7,0.7,0.7,0.0,0.98800204600505,-0.19133919754575,0.0,-0.19133919754575,-0.19133919754575,-0.19133919754575,-0.19133919754575,0.0,0.0,-0.19133919754575,-0.19133919754575,-0.19133919754575,0.16203042181300373,0.6753452100114073,0.00629685528943703,0.18783176482943797,0.0012541445391112578,0.024136639773290683,0.04249999999999998
roberta,R0,qnli@s0__imdb@s0,qnli,imdb,0.5,0.0184594031756282,0.6855538518384204,0.9931265446403512,1.0,0.5,0.7,1.0,0.7,0.7,0.7,0.7,1.0,0.7,0.7,0.5469785414989902,0.0,-0.3300400400147998,0.5469785414989902,-0.3300400400147998,-0.3300400400147998,-0.3300400400147998,-0.3300400400147998,0.5469785414989902,-0.3300400400147998,-0.3300400400147998,0.0,1.0,0.5,0.7,1.0,1.0,0.7,0.7,0.7,0.7,1.0,0.7,0.7,0.7,0.5659259761089899,0.0,-0.32858976605692014,0.5659259761089899,0.5659259761089899,-0.32858976605692014,-0.32858976605692014,-0.32858976605692014,-0.32858976605692014,0.5659259761089899,-0.32858976605692014,-0.32858976605692014,-0.32858976605692014,0.4913385899214582,0.8764064955840082,0.02837328402630576,0.3663951999103341,0.0018771791657617883,0.03494404273136236,0.03500000000000003
roberta,R0,qnli@s0__trec@s0,qnli,trec,0.7,0.0325969660739224,0.6741665978715073,0.9923448908136832,1.0,0.5,0.7,1.0,0.7,0.7,0.7,0.7,0.7,0.7,0.7,1.30673743229857,0.4900547353569096,0.0,1.30673743229857,0.0,0.0,0.0,0.0,0.0,0.0,0.0,0.0,1.0,0.5,0.7,1.0,0.5,0.5,0.7,0.7,0.7,0.7,0.7,0.7,0.7,1.23785630404611,0.22579267641720974,0.0,1.23785630404611,0.22579267641720974,0.22579267641720974,0.0,0.0,0.0,0.0,0.0,0.0,0.0,0.48024838641039536,0.8348674444190402,0.030498087381594274,0.45662395648287274,0.002969821155181068,0.04878008867288547,0.050000000000000044
roberta,R0,qnli@s0__yelp_polarity@s0,qnli,yelp_polarity,0.7,0.0149499813975244,0.7055453913885484,0.9962107780198288,1.0,0.5,0.7,1.0,0.7,0.7,0.7,0.7,1.0,0.7,0.7,0.14592955363215004,0.7133820465719399,0.0,0.14592955363215004,0.0,0.0,0.0,0.0,0.14592955363215004,0.0,0.0,0.0,1.0,0.5,0.7,1.0,0.7,1.0,0.7,0.7,0.7,1.0,0.7,0.7,0.7,0.15404431727192996,0.7063361209225599,0.0,0.15404431727192996,0.0,0.15404431727192996,0.0,0.0,0.0,0.15404431727192996,0.0,0.0,0.0,0.17722012826133204,0.6795741936135302,0.006169623027243973,0.20596364876409431,0.0009954472084155582,0.034078400051701443,0.03249999999999997
roberta,R0,wic@s0__snli@s0,wic,snli,0.7,0.0661085136025469,0.6853848832031448,0.9904365751099078,1.0,0.5,0.7,1.0,0.7,0.7,0.7,0.7,0.7,0.7,0.7,0.3403517723326699,1.3645066151032808,0.0,0.3403517723326699,0.0,0.0,0.0,0.0,0.0,0.0,0.0,0.0,1.0,0.5,0.7,1.0,0.7,0.7,1.0,0.7,0.7,0.7,0.7,0.7,0.7,-0.30832397971327086,0.6100837910337192,0.0,-0.30832397971327086,0.0,0.0,-0.30832397971327086,0.0,0.0,0.0,0.0,0.0,0.0,0.4365483406857096,0.8022920384232068,0.00973552667627195,0.3269361774956627,0.0,0.042022205223903646,0.1399999999999999
roberta,R0,wic@s0__scitail@s0,wic,scitail,0.5,0.0445142619055662,0.7025501654352122,0.9900213642908636,1.0,0.5,0.7,1.0,0.7,0.7,0.7,0.7,0.7,0.7,0.5,13.704773487382191,0.0,6.521739130434781,13.704773487382191,6.521739130434781,6.521739130434781,6.521739130434781,6.521739130434781,6.521739130434781,6.521739130434781,0.0,0.0,1.0,0.5,0.7,1.0,0.5,0.5,0.5,0.7,0.7,0.7,0.7,0.7,0.7,13.526474343251383,0.0,6.741382238070989,13.526474343251383,0.0,0.0,0.0,6.741382238070989,6.741382238070989,6.741382238070989,6.741382238070989,6.741382238070989,6.741382238070989,0.33556033775283073,0.7273648197988033,0.001929947366000105,0.3005004781929643,0.0,0.03578970486997473,0.14749999999999996
roberta,R0,wic@s0__ag_news@s0,wic,ag_news,1.0,0.0316041905528763,0.679334407448225,0.9975752902974196,1.0,0.5,0.7,1.0,0.7,0.7,0.7,0.7,0.7,0.7,0.7,0.0,0.2069408827857,-0.9340541255434799,0.0,-0.9340541255434799,-0.9340541255434799,-0.9340541255434799,-0.9340541255434799,-0.9340541255434799,-0.9340541255434799,-0.9340541255434799,0.0,1.0,0.5,0.7,1.0,1.0,0.7,0.7,0.7,0.7,0.7,0.7,0.7,0.7,0.0,0.08567756675710997,-0.6109254973979801,0.0,0.0,-0.6109254973979801,-0.6109254973979801,-0.6109254973979801,-0.6109254973979801,-0.6109254973979801,-0.6109254973979801,-0.6109254973979801,-0.6109254973979801,0.3316007644108991,0.7972041847407745,0.010095498642626597,0.34394624556145603,0.0,0.03425388902862294,0.09499999999999997
roberta,R0,wic@s0__imdb@s0,wic,imdb,1.0,0.0174855752031091,0.704931815337485,0.9934716487104334,1.0,0.5,0.7,1.0,0.7,0.7,0.7,0.7,0.7,0.7,1.0,0.0,4.887715403675169,1.8701146543297802,0.0,1.8701146543297802,1.8701146543297802,1.8701146543297802,1.8701146543297802,1.8701146543297802,1.8701146543297802,0.0,0.0,1.0,0.5,0.7,1.0,1.0,1.0,1.0,0.7,0.7,0.7,0.7,0.7,0.7,0.0,4.60036436040626,1.6685680739545097,0.0,0.0,0.0,0.0,1.6685680739545097,1.6685680739545097,1.6685680739545097,1.6685680739545097,1.6685680739545097,1.6685680739545097,0.17395487909973567,0.783083780767765,0.0014234504884295502,0.3001022575505511,0.0,0.021750708013468477,0.07499999999999996
roberta,R0,wic@s0__trec@s0,wic,trec,1.0,0.0499819767861005,0.7032608120323891,0.993232055330463,1.0,0.5,0.7,1.0,0.7,0.7,0.7,0.7,0.7,0.7,1.0,0.0,3.1737678129430695,1.5689808473313693,0.0,1.5689808473313693,1.5689808473313693,1.5689808473313693,1.5689808473313693,1.5689808473313693,1.5689808473313693,0.0,0.0,1.0,0.5,0.7,1.0,1.0,1.0,1.0,0.7,0.7,0.7,0.7,0.7,0.7,0.0,3.7805435030828995,2.1317652432061998,0.0,0.0,0.0,0.0,2.1317652432061998,2.1317652432061998,2.1317652432061998,2.1317652432061998,2.1317652432061998,2.1317652432061998,0.272039103787047,0.7621699201245447,0.0034648015532076836,0.30955888184951946,0.0,0.034536894220378776,0.08250000000000002
roberta,R0,wic@s0__yelp_polarity@s0,wic,yelp_polarity,1.0,0.0253425793174746,0.6892544736107101,0.995158022860886,1.0,0.5,0.7,1.0,0.7,0.7,0.7,0.7,0.7,0.7,1.0,0.0,3.0803488700978403,1.69518243263014,0.0,1.69518243263014,1.69518243263014,1.69518243263014,1.69518243263014,1.69518243263014,1.69518243263014,0.0,0.0,1.0,0.5,0.7,1.0,1.0,1.0,1.0,0.7,0.7,0.7,0.7,0.7,0.7,0.0,2.7826938163930204,1.5812053404199802,0.0,0.0,0.0,0.0,1.5812053404199802,1.5812053404199802,1.5812053404199802,1.5812053404199802,1.5812053404199802,1.5812053404199802,0.30059092171923874,0.8537394279334299,0.003996219225113826,0.39585388130795557,0.0,0.03401524321578927,0.05249999999999999
roberta,R0,snli@s0__scitail@s0,snli,scitail,0.5,0.0341981384577627,0.674576649646667,0.9822662882988666,1.0,0.5,0.7,1.0,0.7,0.7,0.7,0.5,0.7,0.5,0.5,1.4928134674943903,0.0,0.6919841022777804,1.4928134674943903,0.6919841022777804,0.6919841022777804,0.6919841022777804,0.0,0.6919841022777804,0.0,0.0,0.0,1.0,0.5,0.7,1.0,0.5,0.5,0.5,0.7,0.7,0.7,0.7,0.5,0.5,1.4675370228349602,0.0,0.6391210212989406,1.4675370228349602,0.0,0.0,0.0,0.6391210212989406,0.6391210212989406,0.6391210212989406,0.6391210212989406,0.0,0.0,0.37139182682388594,0.8656195583438663,0.04991991214547965,0.38903181257315295,0.014952710597298734,0.06840721611006148,0.06999999999999995
roberta,R0,snli@s0__ag_news@s0,snli,ag_news,0.7,0.0149805584821312,0.7052152840234934,0.997281002291399,1.0,0.5,0.7,1.0,0.7,0.7,1.0,0.7,1.0,0.7,0.7,0.2002280287188801,0.9927029766865202,0.0,0.2002280287188801,0.0,0.0,0.2002280287188801,0.0,0.2002280287188801,0.0,0.0,0.0,1.0,0.5,0.7,1.0,1.0,0.7,0.7,0.7,1.0,1.0,0.7,0.7,0.7,0.18329645679658996,1.0006674957196897,0.0,0.18329645679658996,0.18329645679658996,0.0,0.0,0.0,0.18329645679658996,0.18329645679658996,0.0,0.0,0.0,0.16220776787875976,0.6841269053868348,0.005151602176101297,0.15471660460175438,0.006585969593630308,0.038547856118688044,0.03249999999999997
roberta,R0,snli@s0__imdb@s0,snli,imdb,0.7,0.0125947700560041,0.6874139838472917,0.9957376347247784,1.0,0.5,0.7,1.0,0.7,0.7,0.7,0.7,0.7,0.7,0.7,0.50895819192397,0.7769800380285299,0.0,0.50895819192397,0.0,0.0,0.0,0.0,0.0,0.0,0.0,0.0,1.0,0.5,0.7,1.0,0.7,0.7,0.7,0.7,0.7,0.7,0.7,0.7,0.7,0.5032571700932098,0.76384346148655,0.0,0.5032571700932098,0.0,0.0,0.0,0.0,0.0,0.0,0.0,0.0,0.0,0.4022341042653105,0.8956852229489841,0.01710285478665069,0.37925606248615334,0.007423003043050498,0.057940057327716635,0.03249999999999997
roberta,R0,snli@s0__trec@s0,snli,trec,0.7,0.0123958556677599,0.6757098428025644,0.9941807840379768,1.0,0.5,0.7,1.0,0.7,0.7,0.7,0.7,1.0,0.7,0.7,0.0,0.85156115444233,0.0,0.0,0.0,0.0,0.0,0.0,0.0,0.0,0.0,0.0,1.0,0.5,0.7,1.0,1.0,0.7,0.7,0.7,0.7,1.0,0.7,0.7,0.7,0.16082093430446998,0.78979348721187,0.0,0.16082093430446998,0.16082093430446998,0.0,0.0,0.0,0.0,0.16082093430446998,0.0,0.0,0.0,0.6294115324929443,0.8551073886655753,0.02019108243289972,0.43930692628065593,0.00519000212384886,0.05971801357679839,0.020000000000000018
roberta,R0,snli@s0__yelp_polarity@s0,snli,yelp_polarity,1.0,0.0161842754097674,0.7053065361438366,0.9951779081098344,1.0,0.5,0.7,1.0,0.7,0.7,0.7,0.7,1.0,0.7,0.7,0.0,1.0331622887918501,-0.20321168580872978,0.0,-0.20321168580872978,-0.20321168580872978,-0.20321168580872978,-0.20321168580872978,0.0,-0.20321168580872978,-0.20321168580872978,0.0,1.0,0.5,0.7,1.0,1.0,0.7,0.7,0.7,0.7,1.0,0.7,0.7,0.7,0.0,1.0472125051437802,-0.19661834947880003,0.0,0.0,-0.19661834947880003,-0.19661834947880003,-0.19661834947880003,-0.19661834947880003,0.0,-0.19661834947880003,-0.19661834947880003,-0.19661834947880003,0.17671566277442846,0.73160063409166,0.006157860921921297,0.24349932746101044,0.008048071905318943,0.05875660787954001,0.03249999999999997
roberta,R0,scitail@s0__ag_news@s0,scitail,ag_news,1.0,0.0194405647961724,0.6681575785374948,0.994847203476758,1.0,0.5,0.7,1.0,0.7,0.7,0.7,0.7,0.7,0.7,0.7,0.0,0.28910937383483,-0.35828803718014995,0.0,-0.35828803718014995,-0.35828803718014995,-0.35828803718014995,-0.35828803718014995,-0.35828803718014995,-0.35828803718014995,-0.35828803718014995,0.0,1.0,0.5,0.7,1.0,0.7,0.7,0.7,0.7,0.7,0.7,0.7,0.7,0.7,0.0,0.34950426211314,-0.3159546736109199,0.0,-0.3159546736109199,-0.3159546736109199,-0.3159546736109199,-0.3159546736109199,-0.3159546736109199,-0.3159546736109199,-0.3159546736109199,-0.3159546736109199,-0.3159546736109199,0.5031633834083767,0.8281703347688543,0.07566256841788399,0.39256674945705045,0.010107569658158478,0.06460840444983881,0.03500000000000003
roberta,R0,scitail@s0__imdb@s0,scitail,imdb,1.0,0.0081397199180131,0.7031327169324543,0.9920800707935028,1.0,0.5,0.7,1.0,0.7,0.7,0.7,0.7,0.7,0.7,1.0,0.0,1.34795353137209,0.16808052515548,0.0,0.16808052515548,0.16808052515548,0.16808052515548,0.16808052515548,0.16808052515548,0.16808052515548,0.0,0.0,1.0,0.5,0.7,1.0,0.7,1.0,1.0,0.7,0.7,0.7,0.7,0.7,0.7,0.0,1.2682680075036201,0.11757133189159996,0.0,0.11757133189159996,0.0,0.0,0.11757133189159996,0.11757133189159996,0.11757133189159996,0.11757133189159996,0.11757133189159996,0.11757133189159996,0.4455134725124494,0.8363002041882699,0.03539164288860268,0.3170329981589009,0.0135931595552625,0.031628533898028555,0.02749999999999997
roberta,R0,scitail@s0__trec@s0,scitail,trec,0.7,0.0123520427644139,0.7062033662399125,0.997096241937068,1.0,0.5,0.7,1.0,0.7,0.7,0.7,0.7,0.7,0.7,0.5,0.4654116240848598,-0.0805152979066,0.0,0.4654116240848598,0.0,0.0,0.0,0.0,0.0,0.0,-0.0805152979066,0.0,1.0,0.5,0.7,1.0,0.7,0.5,0.5,0.7,0.7,0.7,0.7,0.7,0.7,0.28490028490028,-0.12493041228674,0.0,0.28490028490028,0.0,-0.12493041228674,-0.12493041228674,0.0,0.0,0.0,0.0,0.0,0.0,0.33703456417262906,0.649683650782541,0.01641500484414453,0.30510662948012557,0.009649368933358389,0.03637999556823523,0.020000000000000018
roberta,R0,scitail@s0__yelp_polarity@s0,scitail,yelp_polarity,0.7,0.0100341768910988,0.6798404943665688,0.9928926717495224,1.0,0.5,0.7,1.0,0.7,0.7,0.7,0.7,0.7,0.7,0.7,0.29495044435011997,1.14400784266166,0.0,0.29495044435011997,0.0,0.0,0.0,0.0,0.0,0.0,0.0,0.0,1.0,0.5,0.7,1.0,0.7,1.0,0.7,0.7,0.7,0.7,0.7,0.7,0.7,0.3190862920496399,1.12576153308987,0.0,0.3190862920496399,0.0,0.3190862920496399,0.0,0.0,0.0,0.0,0.0,0.0,0.0,0.4533267503152499,0.8672356950954461,0.05185054743544167,0.4049813765245477,0.012083251972142633,0.060768570526746696,0.040000000000000036
roberta,R0,ag_news@s0__imdb@s0,ag_news,imdb,0.7,0.0092508173963019,0.6791051183074771,0.994500410176786,1.0,0.5,0.7,1.0,0.7,0.7,0.7,0.7,0.7,0.7,0.7,0.7592447368227401,0.36450302225787995,0.0,0.7592447368227401,0.0,0.0,0.0,0.0,0.0,0.0,0.0,0.0,1.0,0.5,0.7,1.0,0.7,0.7,0.7,0.7,0.7,0.7,0.7,0.7,0.7,0.74892782277985,0.36204917744387005,0.0,0.74892782277985,0.0,0.0,0.0,0.0,0.0,0.0,0.0,0.0,0.0,0.34018968522892146,0.8960340812622387,0.03520566840097914,0.4298432722111714,0.008127098412048504,0.05619945019610773,0.03500000000000003
roberta,R0,ag_news@s0__trec@s0,ag_news,trec,1.0,0.0091540542516632,0.6666812237049835,0.9941898899932088,1.0,0.5,0.7,1.0,0.7,0.7,0.7,0.7,0.7,0.7,0.7,0.0,0.3522014201600799,-0.035969933780330074,0.0,-0.035969933780330074,-0.035969933780330074,-0.035969933780330074,-0.035969933780330074,-0.035969933780330074,-0.035969933780330074,-0.035969933780330074,0.0,1.0,0.5,0.7,1.0,1.0,1.0,0.7,0.7,0.7,0.7,0.7,0.7,0.7,0.0,-0.02961784850827997,-0.48762353080207,0.0,0.0,0.0,-0.48762353080207,-0.48762353080207,-0.48762353080207,-0.48762353080207,-0.48762353080207,-0.48762353080207,-0.48762353080207,0.4980586667065735,0.8558934438556428,0.0541385677074444,0.45687398460208045,0.008530057174086945,0.06697657772489495,0.01749999999999996
roberta,R0,ag_news@s0__yelp_polarity@s0,ag_news,yelp_polarity,1.0,0.0076471039170883,0.7042971288491762,0.9969360759465086,1.0,0.5,0.7,1.0,0.7,0.7,1.0,0.7,1.0,0.7,0.7,0.0,0.6673177594726999,-0.04786535819705003,0.0,-0.04786535819705003,-0.04786535819705003,0.0,-0.04786535819705003,0.0,-0.04786535819705003,-0.04786535819705003,0.0,1.0,0.5,0.7,1.0,0.7,1.0,0.7,0.7,1.0,1.0,0.7,0.7,0.7,0.0,0.6517491893625099,-0.05066208094076999,0.0,-0.05066208094076999,0.0,-0.05066208094076999,-0.05066208094076999,0.0,0.0,-0.05066208094076999,-0.05066208094076999,-0.05066208094076999,0.14947687065288204,0.7825973322262876,0.008124525362095443,0.2766509649679947,0.00537183004938936,0.04089617868874639,0.02749999999999997
roberta,R0,imdb@s0__trec@s0,imdb,trec,1.0,0.011400610352553,0.7038852190232837,0.9958482796090188,1.0,0.5,0.7,1.0,0.7,0.7,0.7,0.7,1.0,0.7,0.7,0.0,-0.07105378224749985,-0.2936363759303,0.0,-0.2936363759303,-0.2936363759303,-0.2936363759303,-0.2936363759303,0.0,-0.2936363759303,-0.2936363759303,0.0,1.0,0.5,0.7,1.0,0.7,1.0,0.7,0.7,0.7,1.0,0.7,0.7,0.7,0.0,-0.43414320527577,-0.4453076576593801,0.0,-0.4453076576593801,0.0,-0.4453076576593801,-0.4453076576593801,-0.4453076576593801,0.0,-0.4453076576593801,-0.4453076576593801,-0.4453076576593801,0.5003092369100404,0.8575907941463807,0.01903345377564877,0.33391473801994537,0.00630006325586509,0.04691468235435194,0.03749999999999998
roberta,R0,imdb@s0__yelp_polarity@s0,imdb,yelp_polarity,0.5,0.0016566714173067,0.6814846965857848,0.9676789053310784,1.0,0.5,0.7,1.0,0.7,0.7,0.5,0.5,0.5,0.5,0.5,1.42635836902413,0.0,0.18540989365031,1.42635836902413,0.18540989365031,0.18540989365031,0.0,0.0,0.0,0.0,0.0,0.0,1.0,0.5,0.7,1.0,0.5,0.5,0.5,0.7,0.5,0.5,0.7,0.5,0.5,1.44459732846689,0.0,0.18971883810103,1.44459732846689,0.0,0.0,0.0,0.18971883810103,0.0,0.0,0.18971883810103,0.0,0.0,0.35570355674574794,0.992607367973808,0.27551022115769896,0.6295016569486303,0.14001280557611842,0.10819208740265782,0.025000000000000022
roberta,R0,trec@s0__yelp_polarity@s0,trec,yelp_polarity,0.7,0.0055811370400724,0.679343544819877,0.9963422675403796,1.0,0.5,0.7,1.0,0.7,0.7,0.7,0.7,0.7,0.7,0.7,0.21966527196653,0.2846374498555,0.0,0.21966527196653,0.0,0.0,0.0,0.0,0.0,0.0,0.0,0.0,1.0,0.5,0.7,1.0,0.7,0.7,0.7,0.7,0.7,0.7,0.7,0.7,0.7,0.3858609649284301,0.07470651013874001,0.0,0.3858609649284301,0.0,0.0,0.0,0.0,0.0,0.0,0.0,0.0,0.0,0.6635986842606827,0.8731403439973071,0.028777280055045942,0.49127106707744933,0.00498679777719625,0.05550131654610599,0.02749999999999997
roberta,S1,cola@s1__sst2@s1,cola,sst2,1.0,0.0318649355029087,0.6939384891087246,0.9954391785382616,1.0,0.5,0.7,1.0,0.7,0.7,0.7,0.7,0.7,0.7,1.0,0.0,1.3829637748362904,0.34117415619817004,0.0,0.34117415619817004,0.34117415619817004,0.34117415619817004,0.34117415619817004,0.34117415619817004,0.34117415619817004,0.0,0.0,1.0,0.5,0.7,1.0,1.0,0.7,1.0,0.7,0.7,0.7,0.7,0.7,0.7,0.0,1.8520143158254703,0.6346967559943504,0.0,0.0,0.6346967559943504,0.0,0.6346967559943504,0.6346967559943504,0.6346967559943504,0.6346967559943504,0.6346967559943504,0.6346967559943504,0.2812397981562981,0.8085831720692319,0.026415517826159005,0.34123170048378976,0.009900815538311618,0.06017808042723358,0.06499999999999995
roberta,S1,cola@s1__mrpc@s1,cola,mrpc,0.7,0.0327169980469375,0.6717188013816761,0.989431098711728,1.0,0.5,0.7,1.0,0.7,0.7,0.7,0.5,0.7,0.5,1.0,-0.2034706880543101,3.37991867575962,0.0,-0.2034706880543101,0.0,0.0,0.0,3.37991867575962,0.0,3.37991867575962,-0.2034706880543101,0.0,1.0,0.5,0.7,1.0,0.7,0.7,1.0,0.7,0.7,0.7,0.7,0.5,0.5,-0.4850336937784201,4.06440996708979,0.0,-0.4850336937784201,0.0,0.0,-0.4850336937784201,0.0,0.0,0.0,0.0,4.06440996708979,4.06440996708979,0.5480445909007817,0.8081347176230753,0.18834949673333778,0.37866057014029947,0.0016796240889861817,0.0625300692227836,0.07999999999999996
roberta,S1,cola@s1__stsb@s1,cola,stsb,1.0,0.0296243263945648,0.6871140928320953,0.9909559105022644,1.0,0.5,0.7,1.0,0.7,0.7,0.7,0.5,0.7,0.5,1.0,0.0,0.97600406517666,0.12104437429967009,0.0,0.12104437429967009,0.12104437429967009,0.12104437429967009,0.97600406517666,0.12104437429967009,0.97600406517666,0.0,0.0,1.0,0.5,0.7,1.0,0.7,0.5,1.0,0.7,0.7,0.7,0.7,0.5,0.5,0.0,1.8180009851016303,0.6165520584330099,0.0,0.6165520584330099,1.8180009851016303,0.0,0.6165520584330099,0.6165520584330099,0.6165520584330099,0.6165520584330099,1.8180009851016303,1.8180009851016303,0.7968646083802925,0.7823407610223897,0.23800803276644503,0.3623809339266314,0.011338359042153698,0.0657319341906022,0.04682235805895141
roberta,S1,cola@s1__mnli@s1,cola,mnli,0.7,0.0379201629918343,0.6223320645439196,0.9971460140330012,1.0,0.5,0.7,1.0,0.7,0.7,1.0,0.5,1.0,0.5,0.7,0.47637262639114997,2.0815683937573595,0.0,0.47637262639114997,0.0,0.0,0.47637262639114997,2.0815683937573595,0.47637262639114997,2.0815683937573595,0.0,0.0,1.0,0.5,0.7,1.0,1.0,0.7,0.7,0.7,1.0,1.0,0.7,0.5,0.5,0.2523149092974797,2.0345771283417293,0.0,0.2523149092974797,0.2523149092974797,0.0,0.0,0.0,0.2523149092974797,0.2523149092974797,0.0,2.0345771283417293,2.0345771283417293,0.5027898794652331,0.8203492798850346,0.014115322053842019,0.5929193435409357,0.004176988988413611,0.004671347296439528,0.08499999999999996
roberta,S1,cola@s1__qnli@s1,cola,qnli,0.7,0.0288310743075297,0.693324867417411,0.9923665396144792,1.0,0.5,0.7,1.0,0.7,0.7,0.7,0.7,0.7,0.7,0.7,0.32580782488085963,0.33583268103103,0.0,0.32580782488085963,0.0,0.0,0.0,0.0,0.0,0.0,0.0,0.0,1.0,0.5,0.7,1.0,0.5,0.5,0.7,0.7,0.7,0.7,0.7,0.7,0.7,0.20475497218417002,0.4383531820989203,0.0,0.20475497218417002,0.4383531820989203,0.4383531820989203,0.0,0.0,0.0,0.0,0.0,0.0,0.0,0.4103184396809562,0.7669850413256751,0.03727031880696902,0.27322759508409916,0.003719443409814849,0.03659311695297701,0.09999999999999998
roberta,S1,cola@s1__wic@s1,cola,wic,1.0,0.0426369168356999,0.7006379836933703,0.9853023412841904,1.0,0.5,0.7,1.0,0.7,0.7,0.7,0.7,0.7,0.5,1.0,0.0,6.3691683569979505,3.72887085868829,0.0,3.72887085868829,3.72887085868829,3.72887085868829,3.72887085868829,3.72887085868829,6.3691683569979505,0.0,0.0,1.0,0.5,0.7,1.0,0.7,1.0,1.0,0.7,0.7,0.7,0.7,0.7,0.5,0.0,5.4740531437655395,3.1852767334462295,0.0,3.1852767334462295,0.0,0.0,3.1852767334462295,3.1852767334462295,3.1852767334462295,3.1852767334462295,3.1852767334462295,5.4740531437655395,0.4130424074455875,0.5782778063811329,0.006887569289313319,0.1974125438818355,0.0,0.027851467005710638,0.15749999999999997
roberta,S1,cola@s1__snli@s1,cola,snli,1.0,0.0388019517113389,0.6951250867928611,0.9937699444627544,1.0,0.5,0.7,1.0,0.7,0.7,1.0,0.7,1.0,0.7,1.0,0.0,2.5987838372598597,0.1636896016257404,0.0,0.1636896016257404,0.1636896016257404,0.0,0.1636896016257404,0.0,0.1636896016257404,0.0,0.0,1.0,0.5,0.7,1.0,0.7,1.0,1.0,0.7,1.0,1.0,0.7,0.7,0.7,0.0,2.43785807857655,0.23852140771548,0.0,0.23852140771548,0.0,0.0,0.23852140771548,0.0,0.0,0.23852140771548,0.23852140771548,0.23852140771548,0.24789592113481343,0.7346614065680335,0.015374760940561352,0.2415646556132085,0.006843376506050896,0.054770925320103775,0.08250000000000002
roberta,S1,cola@s1__scitail@s1,cola,scitail,0.7,0.016306605733278,0.7008931243507721,0.9930166530417406,1.0,0.5,0.7,1.0,0.7,0.7,0.7,0.7,0.7,0.7,0.7,0.48885195956237004,3.5362138208004406,0.0,0.48885195956237004,0.0,0.0,0.0,0.0,0.0,0.0,0.0,0.0,1.0,0.5,0.7,1.0,0.7,0.7,0.7,0.7,0.7,0.7,0.7,0.7,0.7,0.44494343531124997,3.7336441469531003,0.0,0.44494343531124997,0.0,0.0,0.0,0.0,0.0,0.0,0.0,0.0,0.0,0.245021584730619,0.7102453143522925,0.023496427183099855,0.21322633067836624,0.00943875019299718,0.028574868774266782,0.04749999999999999
roberta,S1,cola@s1__ag_news@s1,cola,ag_news,1.0,0.0314293479129699,0.6911681675731929,0.998195306675561,1.0,0.5,0.7,1.0,0.7,0.7,0.7,0.7,1.0,0.7,1.0,0.0,1.7343692548718599,0.9909197000943004,0.0,0.9909197000943004,0.9909197000943004,0.9909197000943004,0.9909197000943004,0.0,0.9909197000943004,0.0,0.0,1.0,0.5,0.7,1.0,1.0,1.0,1.0,0.7,0.7,1.0,0.7,0.7,0.7,0.0,1.7228850442280201,1.02301524928234,0.0,0.0,0.0,0.0,1.02301524928234,1.02301524928234,0.0,1.02301524928234,1.02301524928234,1.02301524928234,0.141148259543395,0.7934342113444508,0.014624258023879644,0.28622920221447434,0.006298920650390318,0.04804660533892467,0.06999999999999995
roberta,S1,cola@s1__imdb@s1,cola,imdb,1.0,0.0345963536255319,0.7029652874902877,0.9944569069075306,1.0,0.5,0.7,1.0,0.7,0.7,0.7,0.7,0.7,0.7,1.0,0.0,2.29606107431657,1.5543121394271602,0.0,1.5543121394271602,1.5543121394271602,1.5543121394271602,1.5543121394271602,1.5543121394271602,1.5543121394271602,0.0,0.0,1.0,0.5,0.7,1.0,1.0,1.0,1.0,0.7,0.7,0.7,0.7,0.7,0.7,0.0,2.4660800888543806,1.73071219192042,0.0,0.0,0.0,0.0,1.73071219192042,1.73071219192042,1.73071219192042,1.73071219192042,1.73071219192042,1.73071219192042,0.32290460760005674,0.8059951000405366,0.019039187777356987,0.2955004463989962,0.00706373107475186,0.044568802750012744,0.07250000000000001
roberta,S1,cola@s1__trec@s1,cola,trec,1.0,0.0225301605395649,0.6990084576834737,0.9957691584865934,1.0,0.5,0.7,1.0,0.7,0.7,0.7,0.7,0.7,0.7,1.0,0.0,1.2068965517241397,0.22988505747127996,0.0,0.22988505747127996,0.22988505747127996,0.22988505747127996,0.22988505747127996,0.22988505747127996,0.22988505747127996,0.0,0.0,1.0,0.5,0.7,1.0,1.0,0.7,1.0,0.7,0.7,0.7,0.7,0.7,0.7,0.0,1.30913779147825,0.3526093088857499,0.0,0.0,0.3526093088857499,0.0,0.3526093088857499,0.3526093088857499,0.3526093088857499,0.3526093088857499,0.3526093088857499,0.3526093088857499,0.33891673600530026,0.7734107916293583,0.038508724528837544,0.3200053366149291,0.013531751004704462,0.06487571500326318,0.050000000000000044
roberta,S1,cola@s1__yelp_polarity@s1,cola,yelp_polarity,1.0,0.0265452088847857,0.6967207885849331,0.9952766258267358,1.0,0.5,0.7,1.0,0.7,0.7,0.7,0.7,0.7,0.7,1.0,0.0,2.5133851187771703,1.3583942184941997,0.0,1.3583942184941997,1.3583942184941997,1.3583942184941997,1.3583942184941997,1.3583942184941997,1.3583942184941997,0.0,0.0,1.0,0.5,0.7,1.0,0.7,1.0,1.0,0.7,0.7,0.7,0.7,0.7,0.7,0.0,2.63564919258188,1.60065354674978,0.0,1.60065354674978,0.0,0.0,1.60065354674978,1.60065354674978,1.60065354674978,1.60065354674978,1.60065354674978,1.60065354674978,0.2985488156514618,0.8151474276215083,0.021035332978211325,0.35381085797815215,0.008183847831696936,0.05887551370544009,0.0675
roberta,S1,sst2@s1__mrpc@s1,sst2,mrpc,1.0,0.0404206196239214,0.6380521649741783,0.9944246054054074,1.0,0.5,0.7,1.0,0.7,0.7,0.7,0.7,0.7,0.7,0.7,0.0,-0.0371175024347796,-0.9679495474389,0.0,-0.9679495474389,-0.9679495474389,-0.9679495474389,-0.9679495474389,-0.9679495474389,-0.9679495474389,-0.9679495474389,0.0,1.0,0.5,0.7,1.0,0.7,0.7,1.0,0.7,0.7,0.7,0.7,0.7,0.7,0.0,1.9005847953216297,0.11562998405103969,0.0,0.11562998405103969,0.11562998405103969,0.0,0.11562998405103969,0.11562998405103969,0.11562998405103969,0.11562998405103969,0.11562998405103969,0.11562998405103969,0.7150868546441995,0.822522574905213,0.08270873744897654,0.5445809846456864,0.004150083705024923,0.10433393928558178,0.09250000000000003
roberta,S1,sst2@s1__stsb@s1,sst2,stsb,1.0,0.0226871026249126,0.6555928950041042,0.9902810846512866,1.0,0.5,0.7,1.0,0.7,0.7,0.7,0.5,0.7,0.5,0.7,0.0,-0.13539729445193016,-0.7755372304798601,0.0,-0.7755372304798601,-0.7755372304798601,-0.7755372304798601,-0.13539729445193016,-0.7755372304798601,-0.13539729445193016,-0.7755372304798601,0.0,1.0,0.5,0.7,1.0,0.7,0.7,0.7,0.7,0.7,0.7,0.7,0.5,0.5,0.0,0.052392502120699944,-0.6697814474452,0.0,-0.6697814474452,-0.6697814474452,-0.6697814474452,-0.6697814474452,-0.6697814474452,-0.6697814474452,-0.6697814474452,0.052392502120699944,0.052392502120699944,0.8232789184543411,0.8384006450357756,0.0869924159049572,0.4813032074205949,0.004962073861151702,0.095386514150761,0.029064726618165393
roberta,S1,sst2@s1__mnli@s1,sst2,mnli,0.7,0.0176248102879056,0.6575593258802166,0.9957950279755372,1.0,0.5,0.7,1.0,0.7,0.7,1.0,0.7,1.0,0.7,0.7,0.6531863066980701,0.8795703627740601,0.0,0.6531863066980701,0.0,0.0,0.6531863066980701,0.0,0.6531863066980701,0.0,0.0,0.0,1.0,0.5,0.7,1.0,0.7,0.5,0.7,0.7,1.0,1.0,0.7,0.7,0.7,0.5584416398428799,1.0373663868332998,0.0,0.5584416398428799,0.0,1.0373663868332998,0.0,0.0,0.5584416398428799,0.5584416398428799,0.0,0.0,0.0,0.37877400356368757,0.8685495810043974,0.013352107345556846,0.5130815471046878,0.005958343499472749,0.012893797125912177,0.0625
roberta,S1,sst2@s1__qnli@s1,sst2,qnli,1.0,0.0117760582045357,0.7058943414286367,0.996520070689294,1.0,0.5,0.7,1.0,0.7,0.7,1.0,0.7,1.0,0.7,0.7,0.0,0.9541635386207802,-0.49201605843821994,0.0,-0.49201605843821994,-0.49201605843821994,0.0,-0.49201605843821994,0.0,-0.49201605843821994,-0.49201605843821994,0.0,1.0,0.5,0.7,1.0,1.0,1.0,0.7,0.7,1.0,1.0,0.7,0.7,0.7,0.0,0.9662024155800999,-0.56940366148177,0.0,0.0,0.0,-0.56940366148177,-0.56940366148177,0.0,0.0,-0.56940366148177,-0.56940366148177,-0.56940366148177,0.22348653503907306,0.6397711803113474,0.00696045773850497,0.18634132917912435,0.0017151649046999041,0.032305186006702964,0.04249999999999998
roberta,S1,sst2@s1__wic@s1,sst2,wic,0.7,0.0207032935423557,0.6859773797886713,0.9952016718666946,1.0,0.5,0.7,1.0,0.7,0.7,0.7,0.7,0.7,0.7,0.7,1.0023011649647702,1.8823529411764697,0.0,1.0023011649647702,0.0,0.0,0.0,0.0,0.0,0.0,0.0,0.0,1.0,0.5,0.7,1.0,0.5,0.7,0.7,0.7,0.7,0.7,0.7,0.7,0.7,0.5171411349901102,0.8438548484315002,0.0,0.5171411349901102,0.8438548484315002,0.0,0.0,0.0,0.0,0.0,0.0,0.0,0.0,0.43459968191210013,0.8195909682554117,0.007838178482723564,0.3792819538004018,0.0,0.03621421694856618,0.10250000000000004
roberta,S1,sst2@s1__snli@s1,sst2,snli,0.7,0.016022990274777,0.7048085220542316,0.9937514604462944,1.0,0.5,0.7,1.0,0.7,0.7,1.0,0.7,1.0,0.7,0.7,1.22050061548351,1.65048481654535,0.0,1.22050061548351,0.0,0.0,1.22050061548351,0.0,1.22050061548351,0.0,0.0,0.0,1.0,0.5,0.7,1.0,0.7,0.7,0.7,0.7,1.0,1.0,0.7,0.7,0.7,1.00319589629086,1.6047361189179001,0.0,1.00319589629086,0.0,0.0,0.0,0.0,1.00319589629086,1.00319589629086,0.0,0.0,0.0,0.2515175926177601,0.6743231662590533,0.00811848181296973,0.22075817547236956,0.007789924954684727,0.05748354122448859,0.050000000000000044
roberta,S1,sst2@s1__scitail@s1,sst2,scitail,0.7,0.0094465883092271,0.6784334450981393,0.9934349914785412,1.0,0.5,0.7,1.0,0.7,0.7,0.7,0.7,0.7,0.7,0.7,0.9656228827289599,1.36899676947398,0.0,0.9656228827289599,0.0,0.0,0.0,0.0,0.0,0.0,0.0,0.0,1.0,0.5,0.7,1.0,0.7,0.7,0.7,0.7,0.7,0.7,0.7,0.7,0.7,0.6792684661455202,1.4100608602755702,0.0,0.6792684661455202,0.0,0.0,0.0,0.0,0.0,0.0,0.0,0.0,0.0,0.45496502512464654,0.8516149933720416,0.039290615532295174,0.39269659299126963,0.007066598416076785,0.04933467981151866,0.040000000000000036
roberta,S1,sst2@s1__ag_news@s1,sst2,ag_news,0.7,0.0110095861203586,0.7061062475811924,0.99795271725416,1.0,0.5,0.7,1.0,0.7,0.7,1.0,0.7,1.0,0.7,0.7,0.38614824311136997,0.4351840201856,0.0,0.38614824311136997,0.0,0.0,0.38614824311136997,0.0,0.38614824311136997,0.0,0.0,0.0,1.0,0.5,0.7,1.0,0.7,0.7,0.7,0.7,1.0,1.0,0.7,0.7,0.7,0.27612824506503003,0.45944678215258017,0.0,0.27612824506503003,0.0,0.0,0.0,0.0,0.27612824506503003,0.27612824506503003,0.0,0.0,0.0,0.16174580078284562,0.7110459124147483,0.009858578544259299,0.23558077978450476,0.00669870449481544,0.03889084135749226,0.02749999999999997
roberta,S1,sst2@s1__imdb@s1,sst2,imdb,1.0,0.0133524005054457,0.677546218745307,0.9753776783620356,1.0,0.5,0.7,1.0,0.7,0.7,0.7,0.5,0.7,0.5,0.7,0.0,-0.45440018773392993,-0.48265537405740994,0.0,-0.48265537405740994,-0.48265537405740994,-0.48265537405740994,-0.45440018773392993,-0.48265537405740994,-0.45440018773392993,-0.48265537405740994,0.0,1.0,0.5,0.7,1.0,0.3,0.5,0.7,0.7,0.7,0.7,0.7,0.5,0.5,0.0,-0.5511758346445701,-0.6882941031651599,0.0,-0.25890305385183005,-0.5511758346445701,-0.6882941031651599,-0.6882941031651599,-0.6882941031651599,-0.6882941031651599,-0.6882941031651599,-0.5511758346445701,-0.5511758346445701,0.6146321370533822,0.9790072727055743,0.14656075990691445,0.5234028963822445,0.042288296721584906,0.07896205925957064,0.04749999999999999
roberta,S1,sst2@s1__trec@s1,sst2,trec,1.0,0.0141874962112792,0.6729120133422629,0.9940986509920872,1.0,0.5,0.7,1.0,0.7,0.7,0.7,0.7,0.7,0.7,0.7,0.0,-0.49329143850149004,-0.77997130675504,0.0,-0.77997130675504,-0.77997130675504,-0.77997130675504,-0.77997130675504,-0.77997130675504,-0.77997130675504,-0.77997130675504,0.0,1.0,0.5,0.7,1.0,0.7,0.7,0.7,0.7,0.7,0.7,0.7,0.7,0.7,0.0,-0.43571910093884986,-0.6749535506996098,0.0,-0.6749535506996098,-0.6749535506996098,-0.6749535506996098,-0.6749535506996098,-0.6749535506996098,-0.6749535506996098,-0.6749535506996098,-0.6749535506996098,-0.6749535506996098,0.6062608856901327,0.8655603405931593,0.08531766849031863,0.48888952380956185,0.011262800322430957,0.07478965289369298,0.025000000000000022
roberta,S1,sst2@s1__yelp_polarity@s1,sst2,yelp_polarity,0.7,0.0078110736825525,0.7008191525516946,0.9828950676247428,1.0,0.5,0.7,1.0,0.7,0.7,0.7,0.5,0.7,0.5,0.7,0.404617094254,0.09087519925294997,0.0,0.404617094254,0.0,0.0,0.0,0.09087519925294997,0.0,0.09087519925294997,0.0,0.0,1.0,0.5,0.7,1.0,0.5,0.5,0.7,0.7,0.7,0.7,0.7,0.5,0.5,0.18712110997157994,0.1328030405179899,0.0,0.18712110997157994,0.1328030405179899,0.1328030405179899,0.0,0.0,0.0,0.0,0.0,0.1328030405179899,0.1328030405179899,0.2784568195505118,0.9242997569367762,0.04484788356986145,0.4901223632725105,0.034065347061876736,0.08927905677479049,0.030000000000000027
roberta,S1,mrpc@s1__stsb@s1,mrpc,stsb,0.5,0.0223226992673768,0.6968857246832237,0.9797585385604928,1.0,0.5,0.7,1.0,0.7,0.7,0.5,0.5,0.7,0.5,0.5,2.8870467655166303,0.0,1.4029379216104,2.8870467655166303,1.4029379216104,1.4029379216104,0.0,0.0,1.4029379216104,0.0,0.0,0.0,1.0,0.5,0.7,1.0,0.5,0.5,0.5,0.7,0.5,0.7,0.7,0.5,0.5,3.83966684737733,0.0,2.10238101480105,3.83966684737733,0.0,0.0,0.0,2.10238101480105,0.0,2.10238101480105,2.10238101480105,0.0,0.0,0.9562553717558895,0.6750354615034431,0.8755462682302899,0.2747980757044293,0.002565117407728683,0.06136097284215225,0.06831377034425856
roberta,S1,mrpc@s1__mnli@s1,mrpc,mnli,0.7,0.0600645443321073,0.5706915335294296,0.9916452175484524,1.0,0.5,0.5,1.0,0.7,0.7,0.5,0.5,0.3,0.5,0.5,1.0325499369648605,-0.033339014518239674,-0.033339014518239674,1.0325499369648605,0.0,0.0,-0.033339014518239674,-0.033339014518239674,4.216165616514821,-0.033339014518239674,-0.033339014518239674,0.0,1.0,0.5,0.5,1.0,0.7,0.5,0.7,0.7,0.5,0.3,0.7,0.5,0.5,1.9864237227581196,1.6270691913778703,1.6270691913778703,1.9864237227581196,0.0,1.6270691913778703,0.0,0.0,1.6270691913778703,6.225735381683931,0.0,1.6270691913778703,1.6270691913778703,0.4297745493854139,0.9007404225189695,0.008897935969524045,0.842649913712965,0.013009918140123313,0.02101190642049344,0.15249999999999997
roberta,S1,mrpc@s1__qnli@s1,mrpc,qnli,0.7,0.0525454019029362,0.6385119529693717,0.9889081683322932,1.0,0.5,0.7,1.0,0.7,0.7,0.5,0.7,0.5,0.7,0.7,1.5923252452440508,0.8749247045590005,0.0,1.5923252452440508,0.0,0.0,0.8749247045590005,0.0,0.8749247045590005,0.0,0.0,0.0,1.0,0.5,0.7,1.0,0.7,0.7,0.5,0.7,0.5,0.5,0.7,0.7,0.7,1.0206585041500404,-0.6809739991745799,0.0,1.0206585041500404,0.0,0.0,-0.6809739991745799,0.0,-0.6809739991745799,-0.6809739991745799,0.0,0.0,0.0,0.6992114885304306,0.7823523781837926,0.10428290281579354,0.5026798334943255,0.0,0.13696116928658225,0.10000000000000009
roberta,S1,mrpc@s1__wic@s1,mrpc,wic,0.7,0.0591446829428149,0.678581985813645,0.9780823155252536,1.0,0.5,0.7,1.0,0.7,0.7,0.5,0.5,0.5,0.5,0.7,5.05194166803212,3.35900376863838,0.0,5.05194166803212,0.0,0.0,3.35900376863838,3.35900376863838,3.35900376863838,3.35900376863838,0.0,0.0,1.0,0.5,0.7,1.0,0.5,0.7,0.7,0.7,0.5,0.5,0.7,0.5,0.5,4.34225195094762,2.7294685990338294,0.0,4.34225195094762,2.7294685990338294,0.0,0.0,0.0,2.7294685990338294,2.7294685990338294,0.0,2.7294685990338294,2.7294685990338294,0.5501319226215395,0.8067360761530854,0.0001080728561238873,0.33820121831997524,0.0,0.06483289654788603,0.15249999999999997
roberta,S1,mrpc@s1__snli@s1,mrpc,snli,0.7,0.0479717264339738,0.640170169127631,0.9872431489276468,1.0,0.5,0.7,1.0,0.7,0.7,0.7,0.5,0.7,0.5,0.5,3.4612267091704805,-0.9578868443349299,0.0,3.4612267091704805,0.0,0.0,0.0,-0.9578868443349299,0.0,-0.9578868443349299,-0.9578868443349299,0.0,1.0,0.5,0.7,1.0,0.5,0.5,0.7,0.7,0.7,0.7,0.7,0.5,0.5,3.19690878400144,2.5289922300823298,0.0,3.19690878400144,2.5289922300823298,2.5289922300823298,0.0,0.0,0.0,0.0,0.0,2.5289922300823298,2.5289922300823298,0.6581864671278063,0.885389437119982,0.09726455355746136,0.5602976230805099,0.0026311760381371382,0.1298866555583977,0.09250000000000003
roberta,S1,mrpc@s1__scitail@s1,mrpc,scitail,0.7,0.0311451935877213,0.6858948855633414,0.9822531554617898,1.0,0.5,0.7,1.0,0.7,0.7,0.7,0.5,0.7,0.5,0.7,0.9236947791164702,1.1705876430513202,0.0,0.9236947791164702,0.0,0.0,0.0,1.1705876430513202,0.0,1.1705876430513202,0.0,0.0,1.0,0.5,0.7,1.0,0.7,0.5,0.7,0.7,0.7,0.7,0.7,0.5,0.5,1.36885937170568,2.4931477967531097,0.0,1.36885937170568,0.0,2.4931477967531097,0.0,0.0,0.0,0.0,0.0,2.4931477967531097,2.4931477967531097,0.3803833720863727,0.7660845806564386,0.08867955050106277,0.3067429261259394,0.003866259375073543,0.030587726355409878,0.08499999999999996
roberta,S1,mrpc@s1__ag_news@s1,mrpc,ag_news,1.0,0.0272949508176396,0.6332876299843206,0.9983547353342742,1.0,0.5,0.7,1.0,0.7,0.7,0.7,0.7,0.7,0.7,1.0,0.0,5.10413720696884,2.2840450796332,0.0,2.2840450796332,2.2840450796332,2.2840450796332,2.2840450796332,2.2840450796332,2.2840450796332,0.0,0.0,1.0,0.5,0.7,1.0,1.0,1.0,1.0,0.7,0.7,0.7,0.7,0.7,0.7,0.0,3.83964989128536,0.3349124728213398,0.0,0.0,0.0,0.0,0.3349124728213398,0.3349124728213398,0.3349124728213398,0.3349124728213398,0.3349124728213398,0.3349124728213398,0.7181181162792025,0.7726839341816869,0.08626208353016196,0.5083824681533036,0.00989178800772473,0.12092942410734406,0.08999999999999997
roberta,S1,mrpc@s1__imdb@s1,mrpc,imdb,1.0,0.0258849664880562,0.6841695657483162,0.9887612326873714,1.0,0.5,0.7,1.0,0.7,0.7,0.7,0.5,0.7,0.5,0.7,0.0,0.7878305300658399,-0.3592451061209,0.0,-0.3592451061209,-0.3592451061209,-0.3592451061209,0.7878305300658399,-0.3592451061209,0.7878305300658399,-0.3592451061209,0.0,1.0,0.5,0.7,1.0,0.7,0.7,0.7,0.7,0.7,0.7,0.7,0.5,0.5,0.0,1.2248322147651098,-0.19761372110365,0.0,-0.19761372110365,-0.19761372110365,-0.19761372110365,-0.19761372110365,-0.19761372110365,-0.19761372110365,-0.19761372110365,1.2248322147651098,1.2248322147651098,0.7507817766810335,0.9000509987635337,0.09409987242144799,0.3968152283266036,0.001987122625211449,0.05720096535841761,0.0675
roberta,S1,mrpc@s1__trec@s1,mrpc,trec,1.0,0.0138815350261285,0.6936986127262205,0.9945041623941648,1.0,0.5,0.7,1.0,0.7,0.7,0.7,0.7,0.7,0.7,1.0,0.0,1.2580860517047,0.8042887727618098,0.0,0.8042887727618098,0.8042887727618098,0.8042887727618098,0.8042887727618098,0.8042887727618098,0.8042887727618098,0.0,0.0,1.0,0.5,0.7,1.0,1.0,1.0,1.0,0.7,0.7,0.7,0.7,0.7,0.7,0.0,2.1563573883161498,0.6615120274914,0.0,0.0,0.0,0.0,0.6615120274914,0.6615120274914,0.6615120274914,0.6615120274914,0.6615120274914,0.6615120274914,0.5246434442287042,0.818592467609131,0.038504199591465726,0.327372536955288,0.0054124572119600475,0.04680121174980971,0.06499999999999995
roberta,S1,mrpc@s1__yelp_polarity@s1,mrpc,yelp_polarity,1.0,0.0318391217790476,0.6426628516093496,0.9918185867895596,1.0,0.5,0.7,1.0,0.7,0.7,0.7,0.7,0.7,0.7,0.7,0.0,0.6621060966138598,-1.7212690204203103,0.0,-1.7212690204203103,-1.7212690204203103,-1.7212690204203103,-1.7212690204203103,-1.7212690204203103,-1.7212690204203103,-1.7212690204203103,0.0,1.0,0.5,0.7,1.0,1.0,0.7,0.7,0.7,0.7,0.7,0.7,0.7,0.7,0.0,1.2188063383622803,-1.56964607647784,0.0,0.0,-1.56964607647784,-1.56964607647784,-1.56964607647784,-1.56964607647784,-1.56964607647784,-1.56964607647784,-1.56964607647784,-1.56964607647784,0.7836596980983952,0.8426552546725231,0.1046231866716735,0.5048173170277784,0.004234862866219631,0.11016662214439212,0.07250000000000001
roberta,S1,stsb@s1__mnli@s1,stsb,mnli,0.7,0.0327645743867245,0.5834611576974639,0.9938862316206268,1.0,0.5,0.5,1.0,0.7,0.7,0.7,0.5,0.7,0.5,0.7,4.04527129409141,0.3841985200308304,0.3841985200308304,4.04527129409141,0.0,0.0,0.0,0.3841985200308304,0.0,0.3841985200308304,0.0,0.0,1.0,0.5,0.5,1.0,0.7,0.5,0.7,0.7,0.7,0.7,0.7,0.5,0.5,4.1470422158237605,0.4643453146925498,0.4643453146925498,4.1470422158237605,0.0,0.4643453146925498,0.0,0.0,0.0,0.0,0.0,0.4643453146925498,0.4643453146925498,0.6801915772770522,0.8243027548000809,0.0130162956056052,0.7893598199428525,0.00607298689016254,0.027275207534051566,0.08376996924923119
roberta,S1,stsb@s1__qnli@s1,stsb,qnli,0.5,0.0268912758332739,0.6554532989943485,0.984447463788586,1.0,0.5,0.7,1.0,0.7,0.7,0.7,0.5,0.7,0.5,0.5,1.6006248078396699,0.0,0.4977839198901199,1.6006248078396699,0.4977839198901199,0.4977839198901199,0.4977839198901199,0.0,0.4977839198901199,0.0,0.0,0.0,1.0,0.5,0.7,1.0,0.5,0.5,0.5,0.7,0.7,0.7,0.7,0.5,0.5,1.5546448314811798,0.0,0.51909843013659,1.5546448314811798,0.0,0.0,0.0,0.51909843013659,0.51909843013659,0.51909843013659,0.51909843013659,0.0,0.0,0.8186381039626067,0.7086649675879546,0.484523781925014,0.40934374781731514,0.023557411410108534,0.10010521386987262,0.038582652066301626
roberta,S1,stsb@s1__wic@s1,stsb,wic,0.5,0.0019788060929774,0.6932863389720754,0.9875016527092644,1.0,0.5,0.7,1.0,0.7,0.7,0.7,0.7,0.7,0.7,0.5,6.73928498740822,0.0,0.56023435863524,6.73928498740822,0.56023435863524,0.56023435863524,0.56023435863524,0.56023435863524,0.56023435863524,0.56023435863524,0.0,0.0,1.0,0.5,0.7,1.0,0.5,0.7,0.5,0.7,0.7,0.7,0.7,0.7,0.7,7.125611692897619,0.0,0.9919918820088299,7.125611692897619,0.0,0.9919918820088299,0.0,0.9919918820088299,0.9919918820088299,0.9919918820088299,0.9919918820088299,0.9919918820088299,0.9919918820088299,0.8609455473296874,0.7434386160337036,0.2213716682235759,0.3130122086450268,0.0,0.052329723298708324,0.09258493962349057
roberta,S1,stsb@s1__snli@s1,stsb,snli,0.5,0.031322557261499,0.6565476852038736,0.9804786521167944,1.0,0.5,0.7,1.0,0.7,0.7,0.7,0.5,0.7,0.5,0.5,2.5026002914281404,0.0,0.18064761145573024,2.5026002914281404,0.18064761145573024,0.18064761145573024,0.18064761145573024,0.0,0.18064761145573024,0.0,0.0,0.0,1.0,0.5,0.7,1.0,0.5,0.5,0.5,0.7,0.7,0.7,0.7,0.5,0.5,2.62270099391396,0.0,0.21724618501943982,2.62270099391396,0.0,0.0,0.0,0.21724618501943982,0.21724618501943982,0.21724618501943982,0.21724618501943982,0.0,0.0,0.8506507474084877,0.8279740696371034,0.3930251849914214,0.5256638873392135,0.018299544902572143,0.12101036626501323,0.051899234980874454
roberta,S1,stsb@s1__scitail@s1,stsb,scitail,0.5,0.0192025624203004,0.6951174473185108,0.9801908837969672,1.0,0.5,0.7,1.0,0.7,0.7,0.7,0.5,0.7,0.5,0.7,3.4298738712256096,0.0,-0.11613237984895025,3.4298738712256096,-0.11613237984895025,-0.11613237984895025,-0.11613237984895025,0.0,-0.11613237984895025,0.0,-0.11613237984895025,0.0,1.0,0.5,0.7,1.0,0.5,0.7,0.7,0.7,0.7,0.7,0.7,0.5,0.5,3.3969670289212504,0.0,-0.04547304493184995,3.3969670289212504,0.0,-0.04547304493184995,-0.04547304493184995,-0.04547304493184995,-0.04547304493184995,-0.04547304493184995,-0.04547304493184995,0.0,0.0,0.29753785889816065,0.6553787295657149,0.4207173306423483,0.21490096998429412,0.18146162805381114,0.02244705017792607,0.0397260556513912
roberta,S1,stsb@s1__ag_news@s1,stsb,ag_news,0.7,0.0198504414450985,0.6512276511415211,0.9969168471868668,1.0,0.5,0.7,1.0,0.7,0.7,0.7,0.7,0.7,0.7,0.7,0.2432139998895501,0.8665628365153499,0.0,0.2432139998895501,0.0,0.0,0.0,0.0,0.0,0.0,0.0,0.0,1.0,0.5,0.7,1.0,0.7,1.0,0.7,0.7,0.7,0.7,0.7,0.7,0.7,0.2969558668354702,0.8855745059882302,0.0,0.2969558668354702,0.0,0.2969558668354702,0.0,0.0,0.0,0.0,0.0,0.0,0.0,0.6496133738562624,0.8037541140292759,0.09141173783839338,0.47218921908079303,0.006389910519147983,0.09122872683020745,0.04265750393759837
roberta,S1,stsb@s1__imdb@s1,stsb,imdb,0.7,0.0090554961588908,0.6966506286401489,0.9912296372219164,1.0,0.5,0.7,1.0,0.7,0.7,0.7,0.7,0.7,0.7,0.7,0.6402897904094901,0.4778411964214701,0.0,0.6402897904094901,0.0,0.0,0.0,0.0,0.0,0.0,0.0,0.0,1.0,0.5,0.7,1.0,1.0,1.0,0.7,0.7,0.7,0.7,0.7,0.7,0.7,0.6660870225548698,0.4572147043764699,0.0,0.6660870225548698,0.6660870225548698,0.6660870225548698,0.0,0.0,0.0,0.0,0.0,0.0,0.0,0.920712049444904,0.8918285372104041,0.057243233936257104,0.4054607046855118,0.004779650364940334,0.054018576869200266,0.025522763069076637
roberta,S1,stsb@s1__trec@s1,stsb,trec,0.7,0.0147219567762495,0.7027687919286292,0.9954825730314648,1.0,0.5,0.7,1.0,0.7,0.7,0.7,0.7,0.7,0.7,0.7,0.23015688812801985,0.31144382027278006,0.0,0.23015688812801985,0.0,0.0,0.0,0.0,0.0,0.0,0.0,0.0,1.0,0.5,0.7,1.0,0.7,0.7,0.7,0.7,0.7,0.7,0.7,0.7,0.7,0.27112115378392,0.11765176716270007,0.0,0.27112115378392,0.0,0.0,0.0,0.0,0.0,0.0,0.0,0.0,0.0,0.4955680855101197,0.7694939291302026,0.02467576322562766,0.32724127175029294,0.009631376825469504,0.05215155584190709,0.03268356708917719
roberta,S1,stsb@s1__yelp_polarity@s1,stsb,yelp_polarity,0.7,0.0105556523577381,0.6605638425030539,0.991782001470022,1.0,0.5,0.7,1.0,0.7,0.7,0.7,0.7,0.7,0.5,0.7,0.11642859277525008,0.6032248881963501,0.0,0.11642859277525008,0.0,0.0,0.0,0.0,0.0,0.6032248881963501,0.0,0.0,1.0,0.5,0.7,1.0,1.0,1.0,0.7,0.7,0.7,0.7,0.7,0.7,0.5,0.15320035517754002,0.5985391326617502,0.0,0.15320035517754002,0.15320035517754002,0.15320035517754002,0.0,0.0,0.0,0.0,0.0,0.0,0.5985391326617502,0.7991516387932369,0.8553711051431799,0.07868795878699696,0.5049441427077941,0.005331642571257438,0.0942183741381877,0.020209067726693175
roberta,S1,mnli@s1__qnli@s1,mnli,qnli,0.7,0.0177943345403531,0.6562915955476226,0.9944053449610234,1.0,0.5,0.7,1.0,0.7,0.7,1.0,0.7,0.7,0.7,0.7,1.14273934529267,1.27191873737806,0.0,1.14273934529267,0.0,0.0,1.14273934529267,0.0,0.0,0.0,0.0,0.0,1.0,0.5,0.7,1.0,1.0,1.0,0.7,0.7,1.0,0.7,0.7,0.7,0.7,1.23751525550735,1.3034756187859,0.0,1.23751525550735,1.23751525550735,1.23751525550735,0.0,0.0,1.23751525550735,0.0,0.0,0.0,0.0,0.33844394509614406,0.7973076087041705,0.006123274590331529,0.44381349773924633,0.002454657871955036,0.017688607577312807,0.07750000000000001
roberta,S1,mnli@s1__wic@s1,mnli,wic,0.5,0.0324677858065225,0.611563526823513,0.9951717683075888,1.0,0.5,0.7,1.0,0.7,0.7,0.7,0.5,0.7,0.5,0.7,1.9757672335632102,0.0,-0.8016182652416399,1.9757672335632102,-0.8016182652416399,-0.8016182652416399,-0.8016182652416399,0.0,-0.8016182652416399,0.0,-0.8016182652416399,0.0,1.0,0.5,0.7,1.0,0.7,0.7,0.7,0.7,0.7,0.7,0.7,0.5,0.5,0.7343959042547005,0.0,-1.0613959516517897,0.7343959042547005,-1.0613959516517897,-1.0613959516517897,-1.0613959516517897,-1.0613959516517897,-1.0613959516517897,-1.0613959516517897,-1.0613959516517897,0.0,0.0,0.605307239182972,0.8616903658156887,0.025803863143865402,0.6449032201181681,0.0,0.00586908725213927,0.13749999999999996
roberta,S1,mnli@s1__snli@s1,mnli,snli,0.5,0.0136135264128884,0.6515000446861386,0.9780336511029964,1.0,0.5,0.7,1.0,0.7,0.7,0.7,0.5,0.5,0.5,0.5,2.6386094665370905,0.0,0.33770471392976004,2.6386094665370905,0.33770471392976004,0.33770471392976004,0.33770471392976004,0.0,0.0,0.0,0.0,0.0,1.0,0.5,0.7,1.0,0.7,0.7,0.5,0.7,0.7,0.5,0.7,0.5,0.5,2.62168895577715,0.0,0.35087193035743014,2.62168895577715,0.35087193035743014,0.35087193035743014,0.0,0.35087193035743014,0.35087193035743014,0.0,0.35087193035743014,0.0,0.0,0.37265435811514735,0.924921204254803,0.12667708847214224,0.7238780181374099,0.03202886187647259,0.05568390511636193,0.07499999999999996
roberta,S1,mnli@s1__scitail@s1,mnli,scitail,0.5,0.0269095063110921,0.6029859622843272,0.9884304408018488,1.0,0.5,0.7,1.0,0.7,0.7,0.7,0.5,0.7,0.5,0.5,3.2002929982423907,0.0,0.7968398582653798,3.2002929982423907,0.7968398582653798,0.7968398582653798,0.7968398582653798,0.0,0.7968398582653798,0.0,0.0,0.0,1.0,0.5,0.7,1.0,0.7,0.7,0.5,0.7,0.7,0.7,0.7,0.5,0.5,3.05510303557859,0.0,0.8939896533934295,3.05510303557859,0.8939896533934295,0.8939896533934295,0.0,0.8939896533934295,0.8939896533934295,0.8939896533934295,0.8939896533934295,0.0,0.0,0.6844312930427919,0.8919660289954835,0.051073740729181916,0.7111581737325379,0.010286838499882343,0.014605334359919984,0.09250000000000003
roberta,S1,mnli@s1__ag_news@s1,mnli,ag_news,0.7,0.0204835846143153,0.6634417306412574,0.998903129738706,1.0,0.5,0.7,1.0,0.7,0.7,1.0,0.7,1.0,0.7,0.7,0.5420838532940799,1.1565215583686603,0.0,0.5420838532940799,0.0,0.0,0.5420838532940799,0.0,0.5420838532940799,0.0,0.0,0.0,1.0,0.5,0.7,1.0,1.0,0.7,0.7,0.7,1.0,1.0,0.7,0.7,0.7,0.5130606480161097,1.14330117388937,0.0,0.5130606480161097,0.5130606480161097,0.0,0.0,0.0,0.5130606480161097,0.5130606480161097,0.0,0.0,0.0,0.19841601995573052,0.8392075354293561,0.00553640526705149,0.35949478672234936,0.004827781536017006,0.011544771073299563,0.07250000000000001
roberta,S1,trec@s1__yelp_polarity@s1,trec,yelp_polarity,1.0,0.0097400436645744,0.6778385378444501,0.996590016663675,1.0,0.5,0.7,1.0,0.7,0.7,0.7,0.7,0.7,0.7,0.7,0.0,0.17255804225058002,-0.23798575974803993,0.0,-0.23798575974803993,-0.23798575974803993,-0.23798575974803993,-0.23798575974803993,-0.23798575974803993,-0.23798575974803993,-0.23798575974803993,0.0,1.0,0.5,0.7,1.0,0.7,0.7,0.7,0.7,0.7,0.7,0.7,0.7,0.7,0.0,-0.51115371183909,-0.5368131916504499,0.0,-0.5368131916504499,-0.5368131916504499,-0.5368131916504499,-0.5368131916504499,-0.5368131916504499,-0.5368131916504499,-0.5368131916504499,-0.5368131916504499,-0.5368131916504499,0.6426266160186703,0.8617120157759894,0.04525068079598189,0.48155041974627927,0.0070803333728123325,0.06103484190667027,0.025000000000000022
roberta,S1,mnli@s1__imdb@s1,mnli,imdb,0.7,0.0239071361938317,0.6079125606561345,0.9931368343666,1.0,0.5,0.7,1.0,0.7,0.7,0.7,0.5,0.7,0.5,0.7,1.6211056631096998,0.0608083340246101,0.0,1.6211056631096998,0.0,0.0,0.0,0.0608083340246101,0.0,0.0608083340246101,0.0,0.0,1.0,0.5,0.7,1.0,0.5,0.5,0.7,0.7,0.7,0.7,0.7,0.5,0.5,1.59259099406708,0.0711703524668799,0.0,1.59259099406708,0.0711703524668799,0.0711703524668799,0.0,0.0,0.0,0.0,0.0,0.0711703524668799,0.0711703524668799,0.6373995069908791,0.8687612138456411,0.029678250030647318,0.6268088840801832,0.008186610683792466,0.009152567994612117,0.08499999999999996
roberta,S1,mnli@s1__trec@s1,mnli,trec,0.7,0.0123595408031313,0.5980634056056929,0.9963603699781264,1.0,0.5,0.5,1.0,0.7,0.7,1.0,0.5,1.0,0.5,0.7,0.14417453804316996,2.10278660238322,2.10278660238322,0.14417453804316996,0.0,0.0,0.14417453804316996,2.10278660238322,0.14417453804316996,2.10278660238322,0.0,0.0,1.0,0.5,0.5,1.0,1.0,0.7,1.0,0.7,1.0,1.0,0.7,0.5,0.5,-0.14800327559301996,1.8084514719911002,1.8084514719911002,-0.14800327559301996,-0.14800327559301996,0.0,-0.14800327559301996,0.0,-0.14800327559301996,-0.14800327559301996,0.0,1.8084514719911002,1.8084514719911002,0.7330046982147513,0.8980754902415126,0.01338597538261651,0.6864984558750886,0.004887946280888158,0.006189621736699282,0.050000000000000044
roberta,S1,imdb@s1__yelp_polarity@s1,imdb,yelp_polarity,0.5,0.0029058737419014,0.6765083132065699,0.9602208485282578,1.0,0.5,0.7,1.0,0.7,0.7,0.5,0.3,0.5,0.5,0.5,1.12301860838575,0.0,0.03859697915402,1.12301860838575,0.03859697915402,0.03859697915402,0.0,0.74054247682089,0.0,0.0,0.0,0.0,1.0,0.5,0.7,1.0,0.3,0.3,0.5,0.7,0.5,0.5,0.7,0.3,0.5,1.11816942631108,0.0,0.03889436551102999,1.11816942631108,0.76153386176368,0.76153386176368,0.0,0.03889436551102999,0.0,0.0,0.03889436551102999,0.76153386176368,0.0,0.46183964849575687,0.996248751179124,0.3951534284666097,0.6707407420982271,0.1882575844956594,0.11512155043921764,0.03249999999999997
roberta,S1,mnli@s1__yelp_polarity@s1,mnli,yelp_polarity,0.5,0.0399310075564757,0.6526883271701822,0.9958557222862796,1.0,0.5,0.7,1.0,0.7,0.7,1.0,0.7,0.7,0.7,0.7,0.41215563981707937,0.0,-1.0630980231671705,0.41215563981707937,-1.0630980231671705,-1.0630980231671705,0.41215563981707937,-1.0630980231671705,-1.0630980231671705,-1.0630980231671705,-1.0630980231671705,0.0,1.0,0.5,0.7,1.0,1.0,0.7,0.7,0.7,1.0,0.7,0.7,0.7,0.7,0.4292444833343505,0.0,-1.0537654149793396,0.4292444833343505,0.4292444833343505,-1.0537654149793396,-1.0537654149793396,-1.0537654149793396,0.4292444833343505,-1.0537654149793396,-1.0537654149793396,-1.0537654149793396,-1.0537654149793396,0.5156827882010406,0.8836994614601713,0.020428334200450093,0.5133377925199082,0.007579470210509543,0.014866730688238627,0.0675
roberta,S1,qnli@s1__wic@s1,qnli,wic,0.5,0.0873996767165647,0.6858077817072086,0.9917410649933815,1.0,0.5,0.7,1.0,0.7,0.7,0.7,0.7,0.7,0.7,0.5,4.866118490406921,0.0,0.8745051186543895,4.866118490406921,0.8745051186543895,0.8745051186543895,0.8745051186543895,0.8745051186543895,0.8745051186543895,0.8745051186543895,0.0,0.0,1.0,0.5,0.7,1.0,0.5,0.7,0.5,0.7,0.7,0.7,0.7,0.7,0.7,5.8085349845474585,0.0,1.0808486673834896,5.8085349845474585,0.0,1.0808486673834896,0.0,1.0808486673834896,1.0808486673834896,1.0808486673834896,1.0808486673834896,1.0808486673834896,1.0808486673834896,0.4170126707417014,0.7643788340093278,0.01611594061037679,0.3728567892435772,0.0,0.021379256698465996,0.13749999999999996
roberta,S1,qnli@s1__snli@s1,qnli,snli,0.7,0.0141810303497696,0.7042429659335065,0.992050581974648,1.0,0.5,0.7,1.0,0.7,0.7,0.7,0.7,0.7,0.7,0.7,1.00438764810362,1.2792254020951201,0.0,1.00438764810362,0.0,0.0,0.0,0.0,0.0,0.0,0.0,0.0,1.0,0.5,0.7,1.0,0.7,0.7,0.7,0.7,0.7,0.7,0.7,0.7,0.7,0.9736268104828099,1.2724154928542701,0.0,0.9736268104828099,0.0,0.0,0.0,0.0,0.0,0.0,0.0,0.0,0.0,0.31721074897839674,0.48758831861658325,0.008168680436686058,0.15356775138582676,0.003362134999271706,0.04086630622222508,0.03749999999999998
roberta,S1,imdb@s1__trec@s1,imdb,trec,0.7,0.0116765984496095,0.7046527733016182,0.996443634184854,1.0,0.5,0.7,1.0,0.7,0.7,0.7,0.7,0.7,0.7,0.5,-0.009394521929750009,-0.21208982159009998,0.0,-0.009394521929750009,0.0,0.0,0.0,0.0,0.0,0.0,-0.21208982159009998,0.0,1.0,0.5,0.7,1.0,0.5,1.0,0.5,0.7,0.7,0.7,0.7,0.7,0.7,0.1957494407158901,-0.51546391752577,0.0,0.1957494407158901,-0.51546391752577,0.1957494407158901,-0.51546391752577,0.0,0.0,0.0,0.0,0.0,0.0,0.3472387358526658,0.8477912806598181,0.019149736218223006,0.37710376648381266,0.008740896717196347,0.05383052010350032,0.020000000000000018
roberta,S1,qnli@s1__scitail@s1,qnli,scitail,0.7,0.0220547662573832,0.6770631417644991,0.9851197612101612,1.0,0.5,0.7,1.0,0.7,0.7,0.7,0.5,0.7,0.5,0.7,0.9618401923104598,0.36770738869456,0.0,0.9618401923104598,0.0,0.0,0.0,0.36770738869456,0.0,0.36770738869456,0.0,0.0,1.0,0.5,0.7,1.0,0.5,0.5,0.7,0.7,0.7,0.7,0.7,0.5,0.5,1.06024570039964,0.4911032084208799,0.0,1.06024570039964,0.4911032084208799,0.4911032084208799,0.0,0.0,0.0,0.0,0.0,0.4911032084208799,0.4911032084208799,0.6101191291070962,0.7752963107181085,0.0873541896181184,0.3597914224382675,0.008637325255551088,0.03244237698454574,0.040000000000000036
roberta,S1,qnli@s1__ag_news@s1,qnli,ag_news,0.7,0.0166921733524093,0.7062284763268502,0.9986474254193876,1.0,0.5,0.7,1.0,0.7,0.7,1.0,0.7,1.0,0.7,1.0,-0.11236789004597011,1.3578419072908097,0.0,-0.11236789004597011,0.0,0.0,-0.11236789004597011,0.0,-0.11236789004597011,0.0,-0.11236789004597011,0.0,1.0,0.5,0.7,1.0,1.0,1.0,1.0,0.7,1.0,1.0,0.7,0.7,0.7,-0.09840584650869025,1.36510773798426,0.0,-0.09840584650869025,-0.09840584650869025,-0.09840584650869025,-0.09840584650869025,0.0,-0.09840584650869025,-0.09840584650869025,0.0,0.0,0.0,0.14801123971604863,0.6551631781847134,0.005536332461443535,0.17666571840172512,0.0011400616706968086,0.02330020538535496,0.04249999999999998
roberta,S1,ag_news@s1__yelp_polarity@s1,ag_news,yelp_polarity,0.7,0.0077109525157387,0.7051919420593092,0.9974313597946848,1.0,0.5,0.7,1.0,0.7,0.7,1.0,0.7,1.0,0.7,0.7,0.21789425516335997,0.49783726090089997,0.0,0.21789425516335997,0.0,0.0,0.21789425516335997,0.0,0.21789425516335997,0.0,0.0,0.0,1.0,0.5,0.7,1.0,1.0,1.0,0.7,0.7,1.0,1.0,0.7,0.7,0.7,0.23484201537148,0.50623181682841,0.0,0.23484201537148,0.23484201537148,0.23484201537148,0.0,0.0,0.23484201537148,0.23484201537148,0.0,0.0,0.0,0.16191966870130675,0.7581877530969708,0.010206056569296037,0.26904301543412157,0.00669769919871585,0.04213629061654059,0.022499999999999964
roberta,S1,ag_news@s1__trec@s1,ag_news,trec,1.0,0.0184576834216485,0.6681737522927498,0.9950294062378928,1.0,0.5,0.7,1.0,0.7,0.7,0.7,0.7,0.7,0.7,0.7,0.0,0.29994597639054,-0.27916987551581984,0.0,-0.27916987551581984,-0.27916987551581984,-0.27916987551581984,-0.27916987551581984,-0.27916987551581984,-0.27916987551581984,-0.27916987551581984,0.0,1.0,0.5,0.7,1.0,0.7,0.7,0.7,0.7,0.7,0.7,0.7,0.7,0.7,0.0,0.5305820327091201,-0.21383788570214,0.0,-0.21383788570214,-0.21383788570214,-0.21383788570214,-0.21383788570214,-0.21383788570214,-0.21383788570214,-0.21383788570214,-0.21383788570214,-0.21383788570214,0.6092996623181588,0.8580330960882907,0.050570187694256384,0.4721323033632423,0.006784797462460012,0.06500350190747346,0.030000000000000027
roberta,S1,qnli@s1__imdb@s1,qnli,imdb,0.7,0.0124671234014185,0.6836747036743618,0.9945599404407992,1.0,0.5,0.7,1.0,0.7,0.7,1.0,0.7,1.0,0.7,0.7,0.7958234562272501,1.01357794740068,0.0,0.7958234562272501,0.0,0.0,0.7958234562272501,0.0,0.7958234562272501,0.0,0.0,0.0,1.0,0.5,0.7,1.0,1.0,0.5,0.7,0.7,1.0,1.0,0.7,0.7,0.7,0.8027654441357602,1.06495035920674,0.0,0.8027654441357602,0.8027654441357602,1.06495035920674,0.0,0.0,0.8027654441357602,0.8027654441357602,0.0,0.0,0.0,0.5240389268533446,0.873722911288786,0.023968764713283457,0.38818800298540995,0.0013084937415278226,0.03575999850360249,0.040000000000000036
roberta,S1,qnli@s1__trec@s1,qnli,trec,0.7,0.015681414997153,0.6737812641790766,0.993690636994963,1.0,0.5,0.7,1.0,0.7,0.7,0.7,0.7,0.7,0.7,0.7,2.1793776803552,0.2326540083138401,0.0,2.1793776803552,0.0,0.0,0.0,0.0,0.0,0.0,0.0,0.0,1.0,0.5,0.7,1.0,0.7,0.7,0.5,0.7,0.7,0.7,0.7,0.7,0.7,1.8797165763948798,-0.06105577562109006,0.0,1.8797165763948798,0.0,0.0,-0.06105577562109006,0.0,0.0,0.0,0.0,0.0,0.0,0.5660417407883866,0.8310874842979372,0.043984424508739316,0.4599931861218477,0.0032082130213359657,0.0522568055834013,0.04500000000000004
roberta,S1,ag_news@s1__imdb@s1,ag_news,imdb,1.0,0.0111886312036624,0.6783810030286387,0.995270769810946,1.0,0.5,0.7,1.0,0.7,0.7,0.7,0.7,0.7,0.7,0.7,0.0,-0.16727486177509995,-0.41234470224141007,0.0,-0.41234470224141007,-0.41234470224141007,-0.41234470224141007,-0.41234470224141007,-0.41234470224141007,-0.41234470224141007,-0.41234470224141007,0.0,1.0,0.5,0.7,1.0,1.0,0.5,0.7,0.7,0.7,0.7,0.7,0.7,0.7,0.0,-0.13465318313427999,-0.41696823751928,0.0,0.0,-0.13465318313427999,-0.41696823751928,-0.41696823751928,-0.41696823751928,-0.41696823751928,-0.41696823751928,-0.41696823751928,-0.41696823751928,0.3113978098301887,0.8921953611434253,0.03496783589537876,0.43631661540316496,0.008086991049516169,0.056063917789175896,0.022499999999999964
roberta,S1,qnli@s1__yelp_polarity@s1,qnli,yelp_polarity,0.7,0.010363186751354,0.7057126982042761,0.996387507785942,1.0,0.5,0.7,1.0,0.7,0.7,1.0,0.7,1.0,0.7,0.7,0.2330886121563,0.97026753066678,0.0,0.2330886121563,0.0,0.0,0.2330886121563,0.0,0.2330886121563,0.0,0.0,0.0,1.0,0.5,0.7,1.0,0.5,0.5,0.7,0.7,1.0,1.0,0.7,0.7,0.7,0.21599068561919,1.01399800446404,0.0,0.21599068561919,1.01399800446404,1.01399800446404,0.0,0.0,0.21599068561919,0.21599068561919,0.0,0.0,0.0,0.2519164732556278,0.6470212797844688,0.009024628361944674,0.19954039584931066,0.001062957469128302,0.034790022160441976,0.050000000000000044
roberta,S1,scitail@s1__yelp_polarity@s1,scitail,yelp_polarity,0.7,0.0116967346482772,0.6821651732971414,0.9920677163645042,1.0,0.5,0.7,1.0,0.7,0.7,0.7,0.7,0.7,0.7,0.7,0.23196320105774004,0.7435934913047001,0.0,0.23196320105774004,0.0,0.0,0.0,0.0,0.0,0.0,0.0,0.0,1.0,0.5,0.7,1.0,0.7,1.0,0.7,0.7,0.7,0.7,0.7,0.7,0.7,0.2917599093850901,0.74479393696818,0.0,0.2917599093850901,0.0,0.2917599093850901,0.0,0.0,0.0,0.0,0.0,0.0,0.0,0.4798526692612665,0.8651072940991021,0.059109669924142086,0.39917217213862516,0.013959435599455231,0.05654437407405878,0.02749999999999997
roberta,S1,scitail@s1__trec@s1,scitail,trec,0.7,0.0041878256828968,0.7053598658254667,0.996161514464974,1.0,0.5,0.7,1.0,0.7,0.7,0.7,0.7,0.7,0.7,0.7,0.47636828304956,1.20481927710844,0.0,0.47636828304956,0.0,0.0,0.0,0.0,0.0,0.0,0.0,0.0,1.0,0.5,0.7,1.0,0.7,1.0,0.7,0.7,0.7,0.7,0.7,0.7,0.7,0.5629022476965599,1.10901360876909,0.0,0.5629022476965599,0.0,0.5629022476965599,0.0,0.0,0.0,0.0,0.0,0.0,0.0,0.4571231955652056,0.7028259257630641,0.024330082646362283,0.29358415352465894,0.00921406552473292,0.0337609221739947,0.025000000000000022
roberta,S1,wic@s1__snli@s1,wic,snli,0.5,0.0625447642981746,0.6862711374795103,0.9890642095544736,1.0,0.5,0.7,1.0,0.7,0.7,0.7,0.7,0.7,0.7,0.7,-2.5060922221405297,0.0,-2.5210103129991897,-2.5060922221405297,-2.5210103129991897,-2.5210103129991897,-2.5210103129991897,-2.5210103129991897,-2.5210103129991897,-2.5210103129991897,-2.5210103129991897,0.0,1.0,0.5,0.7,1.0,0.7,1.0,0.7,0.7,0.7,0.7,0.7,0.7,0.7,-2.6660634214244605,0.0,-3.57735030021988,-2.6660634214244605,-3.57735030021988,-2.6660634214244605,-3.57735030021988,-3.57735030021988,-3.57735030021988,-3.57735030021988,-3.57735030021988,-3.57735030021988,-3.57735030021988,0.6041800423724826,0.7628177684385102,0.012572994377335492,0.3525401218040016,0.0,0.048045160678068397,0.11750000000000005
roberta,S1,wic@s1__scitail@s1,wic,scitail,0.5,0.0131065438223482,0.703296250965439,0.9906887507628012,1.0,0.5,0.7,1.0,0.7,0.7,0.7,0.7,0.7,0.5,0.5,12.272147413182129,0.0,4.30852823056933,12.272147413182129,4.30852823056933,4.30852823056933,4.30852823056933,4.30852823056933,4.30852823056933,0.0,0.0,0.0,1.0,0.5,0.7,1.0,0.5,0.5,0.5,0.7,0.7,0.7,0.7,0.7,0.5,13.461855774783741,0.0,4.38685561612712,13.461855774783741,0.0,0.0,0.0,4.38685561612712,4.38685561612712,4.38685561612712,4.38685561612712,4.38685561612712,0.0,0.3447952341156343,0.6934474500422892,0.002313659123467513,0.2816121450683388,0.0,0.034368549712082114,0.14
roberta,S1,wic@s1__ag_news@s1,wic,ag_news,0.7,0.0261776977828683,0.682352767096956,0.9976202379329926,1.0,0.5,0.7,1.0,0.7,0.7,0.7,0.7,0.7,0.7,1.0,-0.4358177206905001,1.3845209850282296,0.0,-0.4358177206905001,0.0,0.0,0.0,0.0,0.0,0.0,-0.4358177206905001,0.0,1.0,0.5,0.7,1.0,0.7,1.0,1.0,0.7,0.7,0.7,0.7,0.7,0.7,-0.2844553023719998,1.1033301979316006,0.0,-0.2844553023719998,0.0,-0.2844553023719998,-0.2844553023719998,0.0,0.0,0.0,0.0,0.0,0.0,0.2970800595868948,0.8019539774260033,0.007603063859142128,0.3379574111466412,0.0,0.03215134608063255,0.07250000000000001
roberta,S1,scitail@s1__imdb@s1,scitail,imdb,0.7,0.0093299680589344,0.704322709371878,0.9921436705729958,1.0,0.5,0.7,1.0,0.7,0.7,0.7,0.7,0.7,0.7,0.7,0.9914446874822701,1.3179704684851,0.0,0.9914446874822701,0.0,0.0,0.0,0.0,0.0,0.0,0.0,0.0,1.0,0.5,0.7,1.0,0.7,0.7,0.7,0.7,0.7,0.7,0.7,0.7,0.7,0.91662103247881,1.3141903221561497,0.0,0.91662103247881,0.0,0.0,0.0,0.0,0.0,0.0,0.0,0.0,0.0,0.3502533235653054,0.7719964243834723,0.028691981027270646,0.25710251126994277,0.012523681433150045,0.026209061955945114,0.030000000000000027
roberta,S1,scitail@s1__ag_news@s1,scitail,ag_news,0.7,0.0250576715764309,0.6746850611517494,0.9978328433554172,1.0,0.5,0.7,1.0,0.7,0.7,0.7,0.7,0.7,0.7,0.7,0.9262920946651598,1.8720780200077003,0.0,0.9262920946651598,0.0,0.0,0.0,0.0,0.0,0.0,0.0,0.0,1.0,0.5,0.7,1.0,0.7,0.7,0.7,0.7,0.7,0.7,0.7,0.7,0.7,1.03400110637487,1.7598055252068898,0.0,1.03400110637487,0.0,0.0,0.0,0.0,0.0,0.0,0.0,0.0,0.0,0.4492958621999909,0.8291164151832158,0.04346046057929936,0.3915052269872279,0.006992867330680259,0.05384559685715104,0.04249999999999998
roberta,S1,wic@s1__imdb@s1,wic,imdb,0.7,0.0198123215540187,0.7039428500446394,0.9914926052825151,1.0,0.5,0.7,1.0,0.7,0.7,0.7,0.7,0.7,0.7,1.0,-0.6098776094200099,2.0521787327838,0.0,-0.6098776094200099,0.0,0.0,0.0,0.0,0.0,0.0,-0.6098776094200099,0.0,1.0,0.5,0.7,1.0,0.7,1.0,1.0,0.7,0.7,0.7,0.7,0.7,0.7,-0.6068139136420302,2.5368865644617196,0.0,-0.6068139136420302,0.0,-0.6068139136420302,-0.6068139136420302,0.0,0.0,0.0,0.0,0.0,0.0,0.4139512510857541,0.8054422357385809,0.0015336358652674564,0.30146538516960353,0.0,0.020863336105489082,0.08750000000000002
roberta,S1,wic@s1__trec@s1,wic,trec,1.0,0.0185658726300437,0.7030998475012757,0.9948736667459448,1.0,0.5,0.7,1.0,0.7,0.7,0.7,0.7,0.7,0.7,1.0,0.0,2.7316480311132705,1.4978123480797305,0.0,1.4978123480797305,1.4978123480797305,1.4978123480797305,1.4978123480797305,1.4978123480797305,1.4978123480797305,0.0,0.0,1.0,0.5,0.7,1.0,1.0,1.0,1.0,0.7,0.7,0.7,0.7,0.7,0.7,0.0,1.9791056097644997,1.65385190037812,0.0,0.0,0.0,0.0,1.65385190037812,1.65385190037812,1.65385190037812,1.65385190037812,1.65385190037812,1.65385190037812,0.30263700797202,0.7707632074384293,0.005444622538128839,0.32764643118772185,0.0,0.03773765455303242,0.07999999999999996
roberta,S1,snli@s1__yelp_polarity@s1,snli,yelp_polarity,0.7,0.0161219403273206,0.7047412289633128,0.9933795015252854,1.0,0.5,0.7,1.0,0.7,0.7,0.7,0.7,0.7,0.7,0.7,0.48069778535985014,1.00653065108472,0.0,0.48069778535985014,0.0,0.0,0.0,0.0,0.0,0.0,0.0,0.0,1.0,0.5,0.7,1.0,0.7,0.7,0.7,0.7,0.7,0.7,0.7,0.7,0.7,0.4665149398372901,0.98000608168353,0.0,0.4665149398372901,0.0,0.0,0.0,0.0,0.0,0.0,0.0,0.0,0.0,0.2744913736473061,0.7408545383020441,0.011438056736122268,0.28867182375906364,0.010161605998071034,0.07413173483767871,0.040000000000000036
roberta,S1,wic@s1__yelp_polarity@s1,wic,yelp_polarity,0.7,0.0063007985038817,0.6895891590205294,0.9950761378560778,1.0,0.5,0.7,1.0,0.7,0.7,0.7,0.7,0.7,0.7,1.0,-0.5856023229203899,2.9960874540152895,0.0,-0.5856023229203899,0.0,0.0,0.0,0.0,0.0,0.0,-0.5856023229203899,0.0,1.0,0.5,0.7,1.0,0.7,1.0,1.0,0.7,0.7,0.7,0.7,0.7,0.7,-0.6564187770793101,2.16680851914581,0.0,-0.6564187770793101,0.0,-0.6564187770793101,-0.6564187770793101,0.0,0.0,0.0,0.0,0.0,0.0,0.42817994566212386,0.8500408138703153,0.009974211338633765,0.4061327981854774,0.0,0.041100555298471404,0.07750000000000001
roberta,S1,snli@s1__trec@s1,snli,trec,0.7,0.0153241414151847,0.6759177032417276,0.9955883611492956,1.0,0.5,0.7,1.0,0.7,0.7,0.7,0.7,0.7,0.7,1.0,-0.46121965854744007,1.0411570435741302,0.0,-0.46121965854744007,0.0,0.0,0.0,0.0,0.0,0.0,-0.46121965854744007,0.0,1.0,0.5,0.7,1.0,1.0,1.0,1.0,0.7,0.7,0.7,0.7,0.7,0.7,-0.18188390116258002,0.75072938871628,0.0,-0.18188390116258002,-0.18188390116258002,-0.18188390116258002,-0.18188390116258002,0.0,0.0,0.0,0.0,0.0,0.0,0.6350879649973517,0.8618673721359765,0.029947065687665555,0.43233919633936585,0.00659423198433494,0.06267550629448748,0.03500000000000003
roberta,S1,snli@s1__scitail@s1,snli,scitail,0.5,0.0378820132250397,0.6784891685113975,0.98369950279442,1.0,0.5,0.7,1.0,0.7,0.7,0.7,0.5,0.7,0.5,0.5,1.08590708704605,0.0,0.16985565258419988,1.08590708704605,0.16985565258419988,0.16985565258419988,0.16985565258419988,0.0,0.16985565258419988,0.0,0.0,0.0,1.0,0.5,0.7,1.0,0.5,0.7,0.5,0.7,0.7,0.7,0.7,0.5,0.5,0.9461204435162102,0.0,0.1797133169069605,0.9461204435162102,0.0,0.1797133169069605,0.0,0.1797133169069605,0.1797133169069605,0.1797133169069605,0.1797133169069605,0.0,0.0,0.4911479853193306,0.82835563395244,0.0911667598077607,0.3672166105518028,0.019941873970153692,0.06525003466092899,0.07250000000000001
roberta,S1,snli@s1__ag_news@s1,snli,ag_news,1.0,0.0251897266700158,0.705496850578837,0.9973618064988452,1.0,0.5,0.7,1.0,0.7,0.7,1.0,0.7,1.0,0.7,0.7,0.0,0.8915427014789503,-0.8510910142813098,0.0,-0.8510910142813098,-0.8510910142813098,0.0,-0.8510910142813098,0.0,-0.8510910142813098,-0.8510910142813098,0.0,1.0,0.5,0.7,1.0,0.7,1.0,0.7,0.7,1.0,1.0,0.7,0.7,0.7,0.0,0.8386502595850096,-0.8752092091083602,0.0,-0.8752092091083602,0.0,-0.8752092091083602,-0.8752092091083602,0.0,0.0,-0.8752092091083602,-0.8752092091083602,-0.8752092091083602,0.215580234218423,0.6592463438430849,0.006757219372514584,0.15232895459656345,0.0066271592628833935,0.03903787164323175,0.04249999999999998
roberta,S1,snli@s1__imdb@s1,snli,imdb,0.7,0.015115952626826,0.6841689262833536,0.9911729561280794,1.0,0.5,0.7,1.0,0.7,0.7,0.7,0.7,0.7,0.7,0.7,0.8895071748659802,0.96478473472472,0.0,0.8895071748659802,0.0,0.0,0.0,0.0,0.0,0.0,0.0,0.0,1.0,0.5,0.7,1.0,0.7,0.5,0.7,0.7,0.7,0.7,0.7,0.7,0.7,0.89123477324185,0.9851190082400102,0.0,0.89123477324185,0.0,0.9851190082400102,0.0,0.0,0.0,0.0,0.0,0.0,0.0,0.6726777161429573,0.9212479068911822,0.04411597571895049,0.42324686811546247,0.008567355691296255,0.0672038274351761,0.02749999999999997
roberta,P,ag_news@s0__cola@s1,ag_news,cola,1.0,0.0275308215729431,0.690092461090089,0.9994547610958144,1.0,0.5,0.7,1.0,0.7,0.7,0.7,0.7,0.7,0.7,1.0,0.0,2.4861536690978703,1.13182666072055,0.0,1.13182666072055,1.13182666072055,1.13182666072055,1.13182666072055,1.13182666072055,1.13182666072055,0.0,0.0,1.0,0.5,0.7,1.0,1.0,1.0,1.0,0.7,0.7,0.7,0.7,0.7,0.7,0.0,2.48066162255267,1.1577850878738998,0.0,0.0,0.0,0.0,1.1577850878738998,1.1577850878738998,1.1577850878738998,1.1577850878738998,1.1577850878738998,1.1577850878738998,0.16062944486502956,0.7993141988948342,0.01639584704685204,0.30470989963357953,0.006489773238576362,0.049966177993234585,0.06999999999999995
roberta,P,ag_news@s0__imdb@s1,ag_news,imdb,0.5,0.0125978449895451,0.6775042414383099,0.9985261114238212,1.0,0.5,0.7,1.0,0.7,0.7,0.7,0.7,0.7,0.7,0.7,-0.07901145316395013,0.0,-0.21723235877747007,-0.07901145316395013,-0.21723235877747007,-0.21723235877747007,-0.21723235877747007,-0.21723235877747007,-0.21723235877747007,-0.21723235877747007,-0.21723235877747007,0.0,1.0,0.5,0.7,1.0,0.7,0.7,0.7,0.7,0.7,0.7,0.7,0.7,0.7,-0.07294492836403005,0.0,-0.21502689323623006,-0.07294492836403005,-0.21502689323623006,-0.21502689323623006,-0.21502689323623006,-0.21502689323623006,-0.21502689323623006,-0.21502689323623006,-0.21502689323623006,-0.21502689323623006,-0.21502689323623006,0.4492979196584933,0.8770279435360043,0.04171551726947243,0.41269184415975385,0.005841595565509017,0.05680744668182599,0.030000000000000027
roberta,P,ag_news@s0__mnli@s1,ag_news,mnli,0.7,0.0218999828591073,0.6655080695271385,0.9996551201116552,1.0,0.5,0.7,1.0,0.7,0.7,1.0,0.7,1.0,0.7,0.7,0.29813477989736986,1.24771603613968,0.0,0.29813477989736986,0.0,0.0,0.29813477989736986,0.0,0.29813477989736986,0.0,0.0,0.0,1.0,0.5,0.7,1.0,1.0,0.7,0.7,0.7,1.0,1.0,0.7,0.7,0.7,0.29752896353936015,1.24099232995145,0.0,0.29752896353936015,0.29752896353936015,0.0,0.0,0.0,0.29752896353936015,0.29752896353936015,0.0,0.0,0.0,0.1950609652407289,0.8379497939521691,0.0057238483943930505,0.34662914652767185,0.004797038033054334,0.011483877931208478,0.09250000000000003
roberta,P,ag_news@s0__mrpc@s1,ag_news,mrpc,1.0,0.0411505561152926,0.6313544711904767,0.9990967507375472,1.0,0.5,0.7,1.0,0.7,0.7,0.7,0.7,0.7,0.7,1.0,0.0,2.5273970984312193,0.52233738474547,0.0,0.52233738474547,0.52233738474547,0.52233738474547,0.52233738474547,0.52233738474547,0.52233738474547,0.0,0.0,1.0,0.5,0.7,1.0,1.0,1.0,0.7,0.7,0.7,0.7,0.7,0.7,0.7,0.0,2.2157567391752697,-0.88331191394166,0.0,0.0,0.0,-0.88331191394166,-0.88331191394166,-0.88331191394166,-0.88331191394166,-0.88331191394166,-0.88331191394166,-0.88331191394166,0.6906232661786091,0.7648152263014517,0.08193938225587193,0.5255679373127231,0.013145388404282211,0.12794602892145399,0.09499999999999997
roberta,P,ag_news@s0__qnli@s1,ag_news,qnli,0.7,0.0169536891245478,0.7061415993238269,0.999209253614109,1.0,0.5,0.7,1.0,0.7,0.7,1.0,0.7,1.0,0.7,0.7,0.07759350721655983,1.6832196159177397,0.0,0.07759350721655983,0.0,0.0,0.07759350721655983,0.0,0.07759350721655983,0.0,0.0,0.0,1.0,0.5,0.7,1.0,1.0,0.7,0.7,0.7,1.0,1.0,0.7,0.7,0.7,0.07697013761391001,1.7222013040929598,0.0,0.07697013761391001,0.07697013761391001,0.0,0.0,0.0,0.07697013761391001,0.07697013761391001,0.0,0.0,0.0,0.18243144377956752,0.6744440731788804,0.006721799939421221,0.18221747262846427,0.0011663728535317916,0.02393660241682825,0.04500000000000004
roberta,P,ag_news@s0__scitail@s1,ag_news,scitail,0.7,0.0196726832235072,0.6729541149404701,0.998629767427757,1.0,0.5,0.7,1.0,0.7,0.7,0.7,0.7,0.7,0.7,0.7,0.2534292363446301,0.89048727241046,0.0,0.2534292363446301,0.0,0.0,0.0,0.0,0.0,0.0,0.0,0.0,1.0,0.5,0.7,1.0,1.0,0.7,0.7,0.7,0.7,0.7,0.7,0.7,0.7,0.32843067256888986,0.8610297403037599,0.0,0.32843067256888986,0.32843067256888986,0.0,0.0,0.0,0.0,0.0,0.0,0.0,0.0,0.4283150719950913,0.8317822821197979,0.04654878297909403,0.40140507371051876,0.00767778656691896,0.0582170718983836,0.03500000000000003
roberta,P,ag_news@s0__snli@s1,ag_news,snli,1.0,0.0149966286653022,0.7057658395210079,0.9991914679601154,1.0,0.5,0.7,1.0,0.7,0.7,1.0,0.7,0.7,0.7,1.0,0.0,2.19335924251412,0.14448791714688006,0.0,0.14448791714688006,0.14448791714688006,0.0,0.14448791714688006,0.14448791714688006,0.14448791714688006,0.0,0.0,1.0,0.5,0.7,1.0,1.0,1.0,1.0,0.7,1.0,0.7,0.7,0.7,0.7,0.0,2.1263819788371503,0.10523811062302016,0.0,0.0,0.0,0.0,0.10523811062302016,0.0,0.10523811062302016,0.10523811062302016,0.10523811062302016,0.10523811062302016,0.19027978107102822,0.6848284247882545,0.006471481063019789,0.15538249128726248,0.0069841569786746605,0.038515054864909255,0.02749999999999997
roberta,P,ag_news@s0__sst2@s1,ag_news,sst2,0.7,0.0190244767382754,0.7060988384378112,0.998616904840019,1.0,0.5,0.7,1.0,0.7,0.7,1.0,0.7,1.0,0.7,1.0,-0.23349956258145005,0.2601730837820598,0.0,-0.23349956258145005,0.0,0.0,-0.23349956258145005,0.0,-0.23349956258145005,0.0,-0.23349956258145005,0.0,1.0,0.5,0.7,1.0,0.7,1.0,1.0,0.7,1.0,1.0,0.7,0.7,0.7,-0.25230699716069993,0.2986644365902999,0.0,-0.25230699716069993,0.0,-0.25230699716069993,-0.25230699716069993,0.0,-0.25230699716069993,-0.25230699716069993,0.0,0.0,0.0,0.13737519108626528,0.7270895038767105,0.010543207425636508,0.23038128444875783,0.0074911326283445675,0.039244629670511094,0.050000000000000044
roberta,P,ag_news@s0__stsb@s1,ag_news,stsb,0.7,0.0209975262506606,0.6494522634686424,0.998712473873589,1.0,0.5,0.7,1.0,0.7,0.7,0.7,0.7,0.7,0.7,0.7,0.48790500429307,1.35475380539843,0.0,0.48790500429307,0.0,0.0,0.0,0.0,0.0,0.0,0.0,0.0,1.0,0.5,0.7,1.0,0.7,0.7,0.7,0.7,0.7,0.7,0.7,0.7,0.7,0.49093284450263014,1.37772584074567,0.0,0.49093284450263014,0.0,0.0,0.0,0.0,0.0,0.0,0.0,0.0,0.0,0.6066693336134185,0.7774864890947709,0.09308276779518199,0.47181165004432807,0.0067523611367713956,0.08755990020419892,0.04383147078676963
roberta,P,ag_news@s0__trec@s1,ag_news,trec,1.0,0.0143434285970409,0.6667569286132988,0.9973927555056312,1.0,0.5,0.7,1.0,0.7,0.7,0.7,0.7,0.7,0.7,0.7,0.0,0.09039076623558011,-0.3456742875334099,0.0,-0.3456742875334099,-0.3456742875334099,-0.3456742875334099,-0.3456742875334099,-0.3456742875334099,-0.3456742875334099,-0.3456742875334099,0.0,1.0,0.5,0.7,1.0,1.0,0.7,0.7,0.7,0.7,0.7,0.7,0.7,0.7,0.0,-0.23654565323745994,-0.30747745320734,0.0,0.0,-0.30747745320734,-0.30747745320734,-0.30747745320734,-0.30747745320734,-0.30747745320734,-0.30747745320734,-0.30747745320734,-0.30747745320734,0.5515767815557223,0.8530119583675903,0.06837815384963133,0.4622469726671882,0.009201699738819532,0.06813037303167675,0.03249999999999997
roberta,P,ag_news@s0__wic@s1,ag_news,wic,0.7,0.0317813934084271,0.6811715427883523,0.9995043463964802,1.0,0.5,0.7,1.0,0.7,0.7,0.7,0.7,0.7,0.7,0.7,0.13850646641635003,0.5412320956751495,0.0,0.13850646641635003,0.0,0.0,0.0,0.0,0.0,0.0,0.0,0.0,1.0,0.5,0.7,1.0,1.0,1.0,0.7,0.7,0.7,0.7,0.7,0.7,0.7,0.6974555099892803,0.6343196441849899,0.0,0.6974555099892803,0.6974555099892803,0.6974555099892803,0.0,0.0,0.0,0.0,0.0,0.0,0.0,0.37122971457399506,0.8006370067626939,0.010511166274378418,0.3429987671191353,0.0,0.03354457383342519,0.0625
roberta,P,ag_news@s0__yelp_polarity@s1,ag_news,yelp_polarity,1.0,0.0082561980276363,0.7053324145139003,0.999122324623046,1.0,0.5,0.7,1.0,0.7,0.7,1.0,0.7,0.7,0.7,0.7,0.0,0.59486178820925,-0.028152855900570074,0.0,-0.028152855900570074,-0.028152855900570074,0.0,-0.028152855900570074,-0.028152855900570074,-0.028152855900570074,-0.028152855900570074,0.0,1.0,0.5,0.7,1.0,1.0,1.0,0.7,0.7,1.0,0.7,0.7,0.7,0.7,0.0,0.57970534892147,-0.04948775765614005,0.0,0.0,0.0,-0.04948775765614005,-0.04948775765614005,0.0,-0.04948775765614005,-0.04948775765614005,-0.04948775765614005,-0.04948775765614005,0.1760902422721112,0.7535067933047884,0.012269685509659482,0.2466361063355427,0.006820965665193196,0.041851117305965795,0.03249999999999997
roberta,P,cola@s0__imdb@s1,cola,imdb,1.0,0.0401860379135016,0.7052302191568992,0.9983601300464444,1.0,0.5,0.7,1.0,0.7,0.7,0.7,0.7,0.7,0.7,1.0,0.0,1.7973167074658896,0.5845469286021199,0.0,0.5845469286021199,0.5845469286021199,0.5845469286021199,0.5845469286021199,0.5845469286021199,0.5845469286021199,0.0,0.0,1.0,0.5,0.7,1.0,1.0,1.0,1.0,0.7,0.7,0.7,0.7,0.7,0.7,0.0,1.7229520681612598,0.58641534580419,0.0,0.0,0.0,0.0,0.58641534580419,0.58641534580419,0.58641534580419,0.58641534580419,0.58641534580419,0.58641534580419,0.2785845413098262,0.7618442891106537,0.017002239524663385,0.25506930813858225,0.006662006494053093,0.04600288952454842,0.07999999999999996
roberta,P,cola@s0__mnli@s1,cola,mnli,0.7,0.0435749415094299,0.6193067329858165,0.9988817289077542,1.0,0.5,0.7,1.0,0.7,0.7,1.0,0.7,1.0,0.7,0.7,0.4974897574854101,1.9563949334476507,0.0,0.4974897574854101,0.0,0.0,0.4974897574854101,0.0,0.4974897574854101,0.0,0.0,0.0,1.0,0.5,0.7,1.0,0.7,0.7,0.7,0.7,1.0,1.0,0.7,0.7,0.7,0.5202719309581099,1.9650888488543203,0.0,0.5202719309581099,0.0,0.0,0.0,0.0,0.5202719309581099,0.5202719309581099,0.0,0.0,0.0,0.6063867626430344,0.8250253432146695,0.02211168794237972,0.6002392794258885,0.0052138364194879334,0.0048053027878056055,0.10499999999999998
roberta,P,cola@s0__mrpc@s1,cola,mrpc,0.7,0.0211648287353252,0.676409159853041,0.9966335802232849,1.0,0.5,0.7,1.0,0.7,0.7,0.7,0.7,0.7,0.7,0.7,1.49085486066063,2.6301815036694904,0.0,1.49085486066063,0.0,0.0,0.0,0.0,0.0,0.0,0.0,0.0,1.0,0.5,0.7,1.0,0.7,0.7,0.7,0.7,0.7,0.7,0.7,0.7,0.7,1.4243498817966902,2.05082742316784,0.0,1.4243498817966902,0.0,0.0,0.0,0.0,0.0,0.0,0.0,0.0,0.0,0.5489760563170774,0.8093216845597407,0.08312538680029341,0.3610137443194023,0.006800001997579881,0.06245336649774533,0.08499999999999996
roberta,P,cola@s0__qnli@s1,cola,qnli,0.7,0.0303186527225414,0.692468893288471,0.9960370468087556,1.0,0.5,0.7,1.0,0.7,0.7,0.7,0.7,0.7,0.7,0.7,1.16473816576925,1.5146369672072997,0.0,1.16473816576925,0.0,0.0,0.0,0.0,0.0,0.0,0.0,0.0,1.0,0.5,0.7,1.0,0.7,0.5,0.7,0.7,0.7,0.7,0.7,0.7,0.7,0.9824875674314896,1.72296812754834,0.0,0.9824875674314896,0.0,1.72296812754834,0.0,0.0,0.0,0.0,0.0,0.0,0.0,0.4535219772268489,0.7911195752717177,0.03484976596989645,0.3015210975078865,0.0027806826583302814,0.03863497944480801,0.07750000000000001
roberta,P,cola@s0__scitail@s1,cola,scitail,0.7,0.0231680145238487,0.7036162609853542,0.9979853666105368,1.0,0.5,0.7,1.0,0.7,0.7,0.7,0.7,1.0,0.7,1.0,-0.3614457831325302,4.525636793750359,0.0,-0.3614457831325302,0.0,0.0,0.0,0.0,-0.3614457831325302,0.0,-0.3614457831325302,0.0,1.0,0.5,0.7,1.0,0.7,0.7,1.0,0.7,0.7,1.0,0.7,0.7,0.7,-0.61622727333898,4.998856097002981,0.0,-0.61622727333898,0.0,0.0,-0.61622727333898,0.0,0.0,-0.61622727333898,0.0,0.0,0.0,0.2616269652423607,0.6938655675259312,0.02007366953184961,0.19747183937185575,0.007529803155847081,0.02836837679135218,0.06499999999999995
roberta,P,cola@s0__snli@s1,cola,snli,0.7,0.0403662877661785,0.6937268306056431,0.995747663730814,1.0,0.5,0.7,1.0,0.7,0.7,1.0,0.7,1.0,0.7,1.0,-0.16501990485721998,2.7842090899799103,0.0,-0.16501990485721998,0.0,0.0,-0.16501990485721998,0.0,-0.16501990485721998,0.0,-0.16501990485721998,0.0,1.0,0.5,0.7,1.0,1.0,1.0,1.0,0.7,1.0,1.0,0.7,0.7,0.7,-0.08117824423055017,2.8261214646956896,0.0,-0.08117824423055017,-0.08117824423055017,-0.08117824423055017,-0.08117824423055017,0.0,-0.08117824423055017,-0.08117824423055017,0.0,0.0,0.0,0.28961742713228866,0.7534197103266641,0.017482038289041907,0.26727637102136154,0.006779260691102749,0.055826914614744635,0.07250000000000001
roberta,P,cola@s0__sst2@s1,cola,sst2,1.0,0.0302511415525114,0.6929083744347574,0.9993432470455786,1.0,0.5,0.7,1.0,0.7,0.7,0.7,0.7,0.7,0.7,1.0,0.0,1.9851570262696503,0.22021636467160974,0.0,0.22021636467160974,0.22021636467160974,0.22021636467160974,0.22021636467160974,0.22021636467160974,0.22021636467160974,0.0,0.0,1.0,0.5,0.7,1.0,0.7,1.0,1.0,0.7,0.7,0.7,0.7,0.7,0.7,0.0,1.9766534324205303,0.03563066273034009,0.0,0.03563066273034009,0.0,0.0,0.03563066273034009,0.03563066273034009,0.03563066273034009,0.03563066273034009,0.03563066273034009,0.03563066273034009,0.3414307709094479,0.8026551902499146,0.03193478418038216,0.3486472395963836,0.009761438019884017,0.060839288074441424,0.08250000000000002
roberta,P,cola@s0__stsb@s1,cola,stsb,0.7,0.0367998326995985,0.6908585761688005,0.9963227604801655,1.0,0.5,0.7,1.0,0.7,0.7,0.7,0.7,0.7,0.7,0.7,0.8464858155507196,1.6508712232365794,0.0,0.8464858155507196,0.0,0.0,0.0,0.0,0.0,0.0,0.0,0.0,1.0,0.5,0.7,1.0,0.7,0.7,0.7,0.7,0.7,0.7,0.7,0.7,0.7,0.1511285886398997,1.6784260726215596,0.0,0.1511285886398997,0.0,0.0,0.0,0.0,0.0,0.0,0.0,0.0,0.0,0.6731038702200947,0.7793914543606301,0.15213308958190216,0.33908030240642,0.021776451776328636,0.06285573401852652,0.0585494637365932
roberta,P,cola@s0__trec@s1,cola,trec,1.0,0.0178025585871165,0.7011482450324139,0.9976633906236536,1.0,0.5,0.7,1.0,0.7,0.7,0.7,0.7,0.7,0.7,0.7,0.0,0.6278538812785398,-0.35614551492509017,0.0,-0.35614551492509017,-0.35614551492509017,-0.35614551492509017,-0.35614551492509017,-0.35614551492509017,-0.35614551492509017,-0.35614551492509017,0.0,1.0,0.5,0.7,1.0,1.0,1.0,0.7,0.7,0.7,0.7,0.7,0.7,0.7,0.0,0.4664765664984902,-0.5863859033413698,0.0,0.0,0.0,-0.5863859033413698,-0.5863859033413698,-0.5863859033413698,-0.5863859033413698,-0.5863859033413698,-0.5863859033413698,-0.5863859033413698,0.34575300070655157,0.7684478781554644,0.03694902799844566,0.3028078731208936,0.013202237573761039,0.0636278681868715,0.05500000000000005
roberta,P,cola@s0__wic@s1,cola,wic,0.7,0.0803035186677412,0.7038785729995473,0.9928244414655624,1.0,0.5,0.7,1.0,0.7,0.7,0.7,0.7,0.7,0.7,1.0,-3.38611334944939,2.0431103948428606,0.0,-3.38611334944939,0.0,0.0,0.0,0.0,0.0,0.0,-3.38611334944939,0.0,1.0,0.5,0.7,1.0,1.0,1.0,1.0,0.7,0.7,0.7,0.7,0.7,0.7,-2.75694395028346,1.6416423539457798,0.0,-2.75694395028346,-2.75694395028346,-2.75694395028346,-2.75694395028346,0.0,0.0,0.0,0.0,0.0,0.0,0.5016715799567674,0.6045180691576555,0.00899871514492858,0.19086772875468686,0.0,0.028813251801238518,0.16749999999999998
roberta,P,cola@s0__yelp_polarity@s1,cola,yelp_polarity,1.0,0.027998957058906,0.6959117107851934,0.9990475828155032,1.0,0.5,0.7,1.0,0.7,0.7,0.7,0.7,0.7,0.7,1.0,0.0,2.09360635086183,0.8356899790743302,0.0,0.8356899790743302,0.8356899790743302,0.8356899790743302,0.8356899790743302,0.8356899790743302,0.8356899790743302,0.0,0.0,1.0,0.5,0.7,1.0,1.0,1.0,1.0,0.7,0.7,0.7,0.7,0.7,0.7,0.0,2.15353610601352,0.9486724082586699,0.0,0.0,0.0,0.0,0.9486724082586699,0.9486724082586699,0.9486724082586699,0.9486724082586699,0.9486724082586699,0.9486724082586699,0.35697970192867035,0.8048346957925486,0.024674007139921,0.34390552514809064,0.007005233609361977,0.05818000623184603,0.0625
roberta,P,imdb@s0__mnli@s1,imdb,mnli,0.7,0.0253670401536454,0.6109861894068805,0.9980367086659944,1.0,0.5,0.7,1.0,0.7,0.7,1.0,0.7,0.7,0.7,0.7,1.80019849005416,0.14459915690231,0.0,1.80019849005416,0.0,0.0,1.80019849005416,0.0,0.0,0.0,0.0,0.0,1.0,0.5,0.7,1.0,0.7,0.5,0.7,0.7,1.0,0.7,0.7,0.7,0.7,1.7636191726979802,0.16264507721906013,0.0,1.7636191726979802,0.0,0.16264507721906013,0.0,0.0,1.7636191726979802,0.0,0.0,0.0,0.0,0.5790895235275392,0.8383737728045374,0.020465898530936506,0.6267556275495622,0.006097371833413531,0.007792599965292849,0.07250000000000001
roberta,P,imdb@s0__mrpc@s1,imdb,mrpc,1.0,0.0241483898941943,0.6843100029520649,0.9984389275541103,1.0,0.5,0.7,1.0,0.7,0.7,0.7,0.7,0.7,0.7,1.0,0.0,0.9607713697256999,0.018635060953699906,0.0,0.018635060953699906,0.018635060953699906,0.018635060953699906,0.018635060953699906,0.018635060953699906,0.018635060953699906,0.0,0.0,1.0,0.5,0.7,1.0,1.0,0.7,1.0,0.7,0.7,0.7,0.7,0.7,0.7,0.0,1.51886172205476,0.1690484165085101,0.0,0.0,0.1690484165085101,0.0,0.1690484165085101,0.1690484165085101,0.1690484165085101,0.1690484165085101,0.1690484165085101,0.1690484165085101,0.5364288221469723,0.8594843535598431,0.038140672385261115,0.3723597105251775,0.014415607060964633,0.06120401032340687,0.0625
roberta,P,imdb@s0__qnli@s1,imdb,qnli,0.7,0.009424796744782,0.6869981289585326,0.9985158006973008,1.0,0.5,0.7,1.0,0.7,0.7,0.7,0.7,0.7,0.7,0.7,0.34472283474357,0.76955231698499,0.0,0.34472283474357,0.0,0.0,0.0,0.0,0.0,0.0,0.0,0.0,1.0,0.5,0.7,1.0,0.7,0.5,0.7,0.7,0.7,0.7,0.7,0.7,0.7,0.28757795476354997,0.82880968737184,0.0,0.28757795476354997,0.0,0.82880968737184,0.0,0.0,0.0,0.0,0.0,0.0,0.0,0.4097416508664425,0.8680573299581359,0.018003155208094392,0.37686566445940395,0.0006901035248042011,0.035776483120899295,0.04249999999999998
roberta,P,imdb@s0__scitail@s1,imdb,scitail,0.7,0.012951236515805,0.7057027765574884,0.9975512278951738,1.0,0.5,0.7,1.0,0.7,0.7,0.7,0.7,0.7,0.7,0.7,0.68320944468739,1.73783898163711,0.0,0.68320944468739,0.0,0.0,0.0,0.0,0.0,0.0,0.0,0.0,1.0,0.5,0.7,1.0,0.7,0.7,0.7,0.7,0.7,0.7,0.7,0.7,0.7,0.66428491682483,1.78312934727782,0.0,0.66428491682483,0.0,0.0,0.0,0.0,0.0,0.0,0.0,0.0,0.0,0.3174700205459504,0.7581480162783608,0.019423638084492524,0.2627458366449564,0.00824151638726056,0.028695978988746786,0.04500000000000004
roberta,P,imdb@s0__snli@s1,imdb,snli,0.7,0.0108210625884376,0.6880920912251324,0.997220405677822,1.0,0.5,0.7,1.0,0.7,0.7,0.7,0.7,0.7,0.7,0.7,0.69190757579272,1.10193198620402,0.0,0.69190757579272,0.0,0.0,0.0,0.0,0.0,0.0,0.0,0.0,1.0,0.5,0.7,1.0,0.7,0.7,0.7,0.7,0.7,0.7,0.7,0.7,0.7,0.6724617809125699,1.0956900772877198,0.0,0.6724617809125699,0.0,0.0,0.0,0.0,0.0,0.0,0.0,0.0,0.0,0.5262122723772573,0.8702083128527335,0.03477807984789154,0.36002782089805907,0.0075335714371723966,0.05934319644185493,0.02749999999999997
roberta,P,imdb@s0__sst2@s1,imdb,sst2,1.0,0.0110461436652151,0.6839400415219284,0.9905657077266076,1.0,0.5,0.7,1.0,0.7,0.7,0.7,0.7,0.7,0.7,0.7,0.0,-0.24249425101803002,-0.49692211639510997,0.0,-0.49692211639510997,-0.49692211639510997,-0.49692211639510997,-0.49692211639510997,-0.49692211639510997,-0.49692211639510997,-0.49692211639510997,0.0,1.0,0.5,0.7,1.0,0.7,1.0,0.7,0.7,0.7,0.7,0.7,0.7,0.7,0.0,-0.28788083558538013,-0.52552163544449,0.0,-0.52552163544449,0.0,-0.52552163544449,-0.52552163544449,-0.52552163544449,-0.52552163544449,-0.52552163544449,-0.52552163544449,-0.52552163544449,0.6602148044010219,0.9259915388905429,0.1581693119717373,0.45113769899037565,0.019123971662213378,0.07878691674547715,0.040000000000000036
roberta,P,imdb@s0__stsb@s1,imdb,stsb,0.7,0.0103457002798721,0.6967064922219839,0.99702448425771,1.0,0.5,0.7,1.0,0.7,0.7,0.7,0.7,0.7,0.7,0.7,0.3955991532478,0.5465399878818701,0.0,0.3955991532478,0.0,0.0,0.0,0.0,0.0,0.0,0.0,0.0,1.0,0.5,0.7,1.0,0.7,0.7,0.7,0.7,0.7,0.7,0.7,0.7,0.7,0.3742721110596502,0.5459894091345402,0.0,0.3742721110596502,0.0,0.0,0.0,0.0,0.0,0.0,0.0,0.0,0.0,0.699214517521128,0.8551361627693803,0.03470707571530725,0.35670336391175594,0.0066519617973478775,0.04950332123248708,0.02712049051226284
roberta,P,imdb@s0__trec@s1,imdb,trec,1.0,0.0110189826074071,0.70450359014963,0.9982453019144688,1.0,0.5,0.7,1.0,0.7,0.7,0.7,0.7,0.7,0.7,0.7,0.0,-0.14102346355793996,-0.38151318808789003,0.0,-0.38151318808789003,-0.38151318808789003,-0.38151318808789003,-0.38151318808789003,-0.38151318808789003,-0.38151318808789003,-0.38151318808789003,0.0,1.0,0.5,0.7,1.0,0.7,0.7,0.7,0.7,0.7,0.7,0.7,0.7,0.7,0.0,-0.09925236534846002,-0.16746678575416005,0.0,-0.16746678575416005,-0.16746678575416005,-0.16746678575416005,-0.16746678575416005,-0.16746678575416005,-0.16746678575416005,-0.16746678575416005,-0.16746678575416005,-0.16746678575416005,0.3463913463858586,0.8553322107266516,0.019117859507583147,0.3364086495263757,0.007661188503248102,0.05137448501073605,0.03249999999999997
roberta,P,imdb@s0__wic@s1,imdb,wic,0.7,0.0214703310270325,0.706707418076317,0.9988676477234208,1.0,0.5,0.7,1.0,0.7,0.7,0.7,0.7,0.7,0.7,0.7,1.0718125466189898,2.1395097610535303,0.0,1.0718125466189898,0.0,0.0,0.0,0.0,0.0,0.0,0.0,0.0,1.0,0.5,0.7,1.0,0.7,0.7,0.7,0.7,0.7,0.7,0.7,0.7,0.7,0.4300741222555998,2.02901786797791,0.0,0.4300741222555998,0.0,0.0,0.0,0.0,0.0,0.0,0.0,0.0,0.0,0.17794039129908623,0.7191111344880218,0.0017679152381040882,0.26853841073285833,0.0,0.02139266553580045,0.07999999999999996
roberta,P,imdb@s0__yelp_polarity@s1,imdb,yelp_polarity,0.5,0.0035481848744123,0.6864092269414404,0.9867832588298092,1.0,0.5,0.7,1.0,0.7,0.7,0.5,0.7,0.5,0.5,0.5,1.19948657174629,0.0,0.029481037706899967,1.19948657174629,0.029481037706899967,0.029481037706899967,0.0,0.029481037706899967,0.0,0.0,0.0,0.0,1.0,0.5,0.7,1.0,0.5,0.5,0.5,0.7,0.5,0.5,0.7,0.7,0.5,1.20281362314892,0.0,0.02423751604950001,1.20281362314892,0.0,0.0,0.0,0.02423751604950001,0.0,0.0,0.02423751604950001,0.02423751604950001,0.0,0.7056252166179219,0.9547912675648087,0.29173844887510625,0.5084201489731461,0.041069731733667986,0.10262528181374621,0.02749999999999997
roberta,P,mnli@s0__mrpc@s1,mnli,mrpc,0.5,0.0818572468998439,0.5712040046661054,0.9955988836109176,1.0,0.5,0.5,1.0,0.7,0.7,0.5,0.5,0.3,0.5,0.5,2.34638625638727,0.0,0.0,2.34638625638727,0.3679277485792193,0.3679277485792193,0.0,0.0,5.022217025257249,0.0,0.0,0.0,1.0,0.5,0.5,1.0,0.5,0.7,0.5,0.7,0.5,0.3,0.7,0.5,0.5,1.964747029132391,0.0,0.0,1.964747029132391,0.0,0.11439661910628007,0.0,0.11439661910628007,0.0,6.456255050806139,0.11439661910628007,0.0,0.0,0.4122737222741411,0.8884483098090776,0.009677470188168702,0.8403459817491379,0.02322356581774134,0.021468857626002966,0.1775
roberta,P,mnli@s0__qnli@s1,mnli,qnli,0.7,0.0176609727302767,0.6571848751754419,0.9964830677378956,1.0,0.5,0.7,1.0,0.7,0.7,0.7,0.7,0.7,0.7,0.7,1.3703921640944496,1.2436299924858198,0.0,1.3703921640944496,0.0,0.0,0.0,0.0,0.0,0.0,0.0,0.0,1.0,0.5,0.7,1.0,0.7,0.7,0.7,0.7,0.7,0.7,0.7,0.7,0.7,1.3757312933597405,1.2668267779355602,0.0,1.3757312933597405,0.0,0.0,0.0,0.0,0.0,0.0,0.0,0.0,0.0,0.38599486675581773,0.8031502915667839,0.007476099534139338,0.4176855004658888,0.0023301489061226545,0.017243135197017385,0.06000000000000005
roberta,P,mnli@s0__scitail@s1,mnli,scitail,0.5,0.0348617576010308,0.603726983958036,0.9911658827289288,1.0,0.5,0.7,1.0,0.7,0.7,0.7,0.5,0.7,0.5,0.5,1.8791959230749,0.0,0.5007213136925599,1.8791959230749,0.5007213136925599,0.5007213136925599,0.5007213136925599,0.0,0.5007213136925599,0.0,0.0,0.0,1.0,0.5,0.7,1.0,0.5,0.5,0.5,0.7,0.7,0.7,0.7,0.5,0.5,1.7222483788839997,0.0,0.4080420384940997,1.7222483788839997,0.0,0.0,0.0,0.4080420384940997,0.4080420384940997,0.4080420384940997,0.4080420384940997,0.0,0.0,0.7581467850779772,0.8804274800552243,0.07039022681871727,0.6821259471633497,0.010217829391339311,0.014766391996973788,0.08250000000000002
roberta,P,mnli@s0__snli@s1,mnli,snli,0.7,0.0175597259177006,0.6535208343742615,0.9865813311896696,1.0,0.5,0.7,1.0,0.7,0.7,0.7,0.5,0.5,0.5,0.5,2.47162894683389,-0.61670948715433,0.0,2.47162894683389,0.0,0.0,0.0,-0.61670948715433,-0.61670948715433,-0.61670948715433,-0.61670948715433,0.0,1.0,0.5,0.7,1.0,0.7,0.7,0.5,0.7,0.7,0.5,0.7,0.5,0.5,2.4742675032007497,-0.63578332415045,0.0,2.4742675032007497,0.0,0.0,-0.63578332415045,0.0,0.0,-0.63578332415045,0.0,-0.63578332415045,-0.63578332415045,0.43619610707279166,0.9151322854518621,0.10750270955460699,0.6160760142300149,0.025533319713865514,0.038803557311440307,0.0675
roberta,P,mnli@s0__sst2@s1,mnli,sst2,0.7,0.0111828457462015,0.6583282166432984,0.9969412526691328,1.0,0.5,0.7,1.0,0.7,0.7,0.7,0.7,0.7,0.7,0.7,1.16986032235414,1.47175284352765,0.0,1.16986032235414,0.0,0.0,0.0,0.0,0.0,0.0,0.0,0.0,1.0,0.5,0.7,1.0,0.7,0.7,0.7,0.7,0.7,0.7,0.7,0.7,0.7,1.17822087003715,1.34213179088393,0.0,1.17822087003715,0.0,0.0,0.0,0.0,0.0,0.0,0.0,0.0,0.0,0.4060115743426742,0.8601681897506332,0.021300923286183104,0.4898622604754883,0.007555614229853548,0.014450564167491195,0.06499999999999995
roberta,P,mnli@s0__stsb@s1,mnli,stsb,0.5,0.025559998748333,0.5840171618551645,0.9927030268702776,1.0,0.5,0.5,1.0,0.7,0.7,0.7,0.5,0.7,0.5,0.5,4.200194007124121,0.0,0.0,4.200194007124121,0.32037925725009986,0.32037925725009986,0.32037925725009986,0.0,0.32037925725009986,0.0,0.0,0.0,1.0,0.5,0.5,1.0,0.5,0.5,0.5,0.7,0.7,0.7,0.7,0.5,0.5,4.30529857545886,0.0,0.0,4.30529857545886,0.0,0.0,0.0,0.29343905910066,0.29343905910066,0.29343905910066,0.29343905910066,0.0,0.0,0.7380339931709098,0.8305079918450321,0.01750723412648536,0.7559899697419096,0.006775829803478906,0.02762245029707732,0.07334808370209256
roberta,P,mnli@s0__trec@s1,mnli,trec,0.7,0.0108355109046068,0.5986176288656107,0.9982667093926596,1.0,0.5,0.5,1.0,0.7,0.7,1.0,0.7,1.0,0.7,0.7,0.6510487131713498,1.53576757454639,1.53576757454639,0.6510487131713498,0.0,0.0,0.6510487131713498,0.0,0.6510487131713498,0.0,0.0,0.0,1.0,0.5,0.5,1.0,0.7,0.7,0.7,0.7,1.0,1.0,0.7,0.7,0.7,0.47266736239236984,1.25683382521714,1.25683382521714,0.47266736239236984,0.0,0.0,0.0,0.0,0.47266736239236984,0.47266736239236984,0.0,0.0,0.0,0.7843470796918109,0.8938957071264412,0.020336592240546278,0.6803034257341313,0.005572045556570214,0.006495094258703706,0.050000000000000044
roberta,P,mnli@s0__wic@s1,mnli,wic,0.5,0.0447298189621966,0.6123677788727848,0.9985963435067952,1.0,0.5,0.7,1.0,0.7,0.7,0.7,0.7,0.7,0.7,0.7,2.56270291091179,0.0,-2.70302096516811,2.56270291091179,-2.70302096516811,-2.70302096516811,-2.70302096516811,-2.70302096516811,-2.70302096516811,-2.70302096516811,-2.70302096516811,0.0,1.0,0.5,0.7,1.0,0.7,0.7,0.7,0.7,0.7,0.7,0.7,0.7,0.7,2.46603179869467,0.0,-2.48361754315585,2.46603179869467,-2.48361754315585,-2.48361754315585,-2.48361754315585,-2.48361754315585,-2.48361754315585,-2.48361754315585,-2.48361754315585,-2.48361754315585,-2.48361754315585,0.6339702073088131,0.8427587057643791,0.030548583458347257,0.6189832318214945,0.0,0.005494010295531064,0.14249999999999996
roberta,P,mnli@s0__yelp_polarity@s1,mnli,yelp_polarity,0.7,0.0206307185501386,0.6535852089371307,0.997756479494755,1.0,0.5,0.7,1.0,0.7,0.7,1.0,0.7,0.7,0.7,0.7,0.8558295826812199,0.92557283087151,0.0,0.8558295826812199,0.0,0.0,0.8558295826812199,0.0,0.0,0.0,0.0,0.0,1.0,0.5,0.7,1.0,0.7,0.7,0.7,0.7,1.0,0.7,0.7,0.7,0.7,0.85128862355295,0.9027615783729299,0.0,0.85128862355295,0.0,0.0,0.0,0.0,0.85128862355295,0.0,0.0,0.0,0.0,0.5481191203049535,0.8681141320965358,0.02273188111588754,0.4681668401001539,0.007042479724514042,0.014102125349807234,0.05500000000000005
roberta,P,mrpc@s0__qnli@s1,mrpc,qnli,0.7,0.0648298746021706,0.6397600734098808,0.994559248798067,1.0,0.5,0.7,1.0,0.7,0.7,0.5,0.7,0.7,0.7,0.7,0.5157140514509301,0.2821200164653703,0.0,0.5157140514509301,0.0,0.0,0.2821200164653703,0.0,0.0,0.0,0.0,0.0,1.0,0.5,0.7,1.0,1.0,0.7,0.5,0.7,0.5,0.7,0.7,0.7,0.7,0.3627275645435101,-0.7111248681615903,0.0,0.3627275645435101,0.3627275645435101,0.0,-0.7111248681615903,0.0,-0.7111248681615903,0.0,0.0,0.0,0.0,0.6454030415829138,0.7787533097532945,0.05901888172796957,0.5132332914048096,0.0,0.14460300151163238,0.12
roberta,P,mrpc@s0__scitail@s1,mrpc,scitail,0.5,0.054270864972495,0.689229574017099,0.9930143615782526,1.0,0.5,0.7,1.0,0.7,0.7,0.7,0.7,0.7,0.7,0.5,1.552765684587079,0.0,0.7650771151834199,1.552765684587079,0.7650771151834199,0.7650771151834199,0.7650771151834199,0.7650771151834199,0.7650771151834199,0.7650771151834199,0.0,0.0,1.0,0.5,0.7,1.0,0.5,0.5,0.5,0.7,0.7,0.7,0.7,0.7,0.7,1.5591397849462403,0.0,0.31203879401222046,1.5591397849462403,0.0,0.0,0.0,0.31203879401222046,0.31203879401222046,0.31203879401222046,0.31203879401222046,0.31203879401222046,0.31203879401222046,0.5596436102360033,0.7908915123464721,0.11586412343537557,0.31582437866029345,0.01943419804869201,0.04720959225790229,0.09750000000000003
roberta,P,mrpc@s0__snli@s1,mrpc,snli,0.5,0.0405468629901681,0.6415662478529318,0.9944667261674972,1.0,0.5,0.7,1.0,0.7,0.7,0.7,0.7,0.7,0.7,0.5,2.8243225480170593,0.0,0.7511719606601894,2.8243225480170593,0.7511719606601894,0.7511719606601894,0.7511719606601894,0.7511719606601894,0.7511719606601894,0.7511719606601894,0.0,0.0,1.0,0.5,0.7,1.0,0.5,0.5,0.5,0.7,0.7,0.7,0.7,0.7,0.7,3.0861906786758797,0.0,0.74580901207364,3.0861906786758797,0.0,0.0,0.0,0.74580901207364,0.74580901207364,0.74580901207364,0.74580901207364,0.74580901207364,0.74580901207364,0.7952225763157388,0.8548242674951676,0.1600290804501721,0.556605715075036,0.005768462923716539,0.12153431850207994,0.09250000000000003
roberta,P,mrpc@s0__sst2@s1,mrpc,sst2,1.0,0.0207293186223144,0.6393695866501597,0.9995316325946284,1.0,0.5,0.7,1.0,0.7,0.7,0.7,0.7,0.7,0.7,0.7,0.0,1.97859094738141,-0.12995418216187016,0.0,-0.12995418216187016,-0.12995418216187016,-0.12995418216187016,-0.12995418216187016,-0.12995418216187016,-0.12995418216187016,-0.12995418216187016,0.0,1.0,0.5,0.7,1.0,0.7,1.0,0.7,0.7,0.7,0.7,0.7,0.7,0.7,0.0,2.6980329611908496,-0.5582137161084599,0.0,-0.5582137161084599,0.0,-0.5582137161084599,-0.5582137161084599,-0.5582137161084599,-0.5582137161084599,-0.5582137161084599,-0.5582137161084599,-0.5582137161084599,0.6605029761719607,0.8023460088396271,0.06834251718907672,0.5544954511623832,0.011127335039287608,0.10527002564607374,0.07250000000000001
roberta,P,mrpc@s0__stsb@s1,mrpc,stsb,0.5,0.0274851533765742,0.7017308312330741,0.9926770631553876,1.0,0.5,0.7,1.0,0.7,0.7,0.5,0.7,0.5,0.7,0.5,2.9617897465247998,0.0,1.1440011025160999,2.9617897465247998,1.1440011025160999,1.1440011025160999,0.0,1.1440011025160999,0.0,1.1440011025160999,0.0,0.0,1.0,0.5,0.7,1.0,0.5,0.5,0.5,0.7,0.5,0.5,0.7,0.7,0.7,1.9678189708703098,0.0,0.8314330070466,1.9678189708703098,0.0,0.0,0.0,0.8314330070466,0.0,0.0,0.8314330070466,0.8314330070466,0.8314330070466,0.5821530090839475,0.6810510548384107,0.44452944995055377,0.25141865346144515,0.10755049682735884,0.05895478979825785,0.07024338108452721
roberta,P,mrpc@s0__trec@s1,mrpc,trec,1.0,0.0132705974951964,0.6948486342299877,0.9976577164514672,1.0,0.5,0.7,1.0,0.7,0.7,0.7,0.7,0.7,0.7,0.7,0.0,1.12739310600273,-0.13311109567794005,0.0,-0.13311109567794005,-0.13311109567794005,-0.13311109567794005,-0.13311109567794005,-0.13311109567794005,-0.13311109567794005,-0.13311109567794005,0.0,1.0,0.5,0.7,1.0,0.7,0.7,0.7,0.7,0.7,0.7,0.7,0.7,0.7,0.0,1.8127147766323102,-0.06586483390607001,0.0,-0.06586483390607001,-0.06586483390607001,-0.06586483390607001,-0.06586483390607001,-0.06586483390607001,-0.06586483390607001,-0.06586483390607001,-0.06586483390607001,-0.06586483390607001,0.5247908335414019,0.8161746879404587,0.040641866465836736,0.33095609255004454,0.010336436616063018,0.04943297776696511,0.057499999999999996
roberta,P,mrpc@s0__wic@s1,mrpc,wic,0.7,0.0579831932773109,0.682619969145357,0.9936305204364402,1.0,0.5,0.7,1.0,0.7,0.7,0.7,0.7,0.7,0.7,0.7,4.263305322128851,0.6218487394958006,0.0,4.263305322128851,0.0,0.0,0.0,0.0,0.0,0.0,0.0,0.0,1.0,0.5,0.7,1.0,0.7,0.5,0.7,0.7,0.7,0.7,0.7,0.7,0.7,4.62002972872538,0.56391675956894,0.0,4.62002972872538,0.0,0.56391675956894,0.0,0.0,0.0,0.0,0.0,0.0,0.0,0.6222738705630313,0.8040749428965516,0.0002816780616964223,0.3454613984270974,0.0,0.057979506956416224,0.135
roberta,P,mrpc@s0__yelp_polarity@s1,mrpc,yelp_polarity,0.7,0.0122205544003839,0.6443416682547637,0.998749983593963,1.0,0.5,0.7,1.0,0.7,0.7,0.7,0.7,0.7,0.7,0.7,2.60180206782566,1.5185722898236802,0.0,2.60180206782566,0.0,0.0,0.0,0.0,0.0,0.0,0.0,0.0,1.0,0.5,0.7,1.0,0.7,0.7,0.7,0.7,0.7,0.7,0.7,0.7,0.7,1.7448287313786899,0.9243049625201801,0.0,1.7448287313786899,0.0,0.0,0.0,0.0,0.0,0.0,0.0,0.0,0.0,0.7261918934767514,0.825981651509982,0.08239894101875138,0.5315697589826742,0.015059043455673608,0.10684009947057838,0.04249999999999998
roberta,P,qnli@s0__scitail@s1,qnli,scitail,0.5,0.0248169922578717,0.679474528704085,0.994869880839332,1.0,0.5,0.7,1.0,0.7,0.7,0.7,0.7,0.7,0.7,0.5,0.8525688191396902,0.0,0.12311030475592004,0.8525688191396902,0.12311030475592004,0.12311030475592004,0.12311030475592004,0.12311030475592004,0.12311030475592004,0.12311030475592004,0.0,0.0,1.0,0.5,0.7,1.0,0.5,0.5,0.5,0.7,0.7,0.7,0.7,0.7,0.7,0.5940610539631803,0.0,0.005992210126830322,0.5940610539631803,0.0,0.0,0.0,0.005992210126830322,0.005992210126830322,0.005992210126830322,0.005992210126830322,0.005992210126830322,0.005992210126830322,0.7491649442370019,0.8125455322748718,0.08396499016351337,0.3927402316458904,0.0048462222157668565,0.03960170887594554,0.05500000000000005
roberta,P,qnli@s0__snli@s1,qnli,snli,0.7,0.0242660658464063,0.7064118151197266,0.9981245011153382,1.0,0.5,0.7,1.0,0.7,0.7,0.7,0.7,1.0,0.7,0.7,1.2839450062493003,1.70334257050334,0.0,1.2839450062493003,0.0,0.0,0.0,0.0,1.2839450062493003,0.0,0.0,0.0,1.0,0.5,0.7,1.0,0.7,0.7,0.7,0.7,0.7,1.0,0.7,0.7,0.7,1.2472523204854395,1.7225932469705996,0.0,1.2472523204854395,0.0,0.0,0.0,0.0,0.0,1.2472523204854395,0.0,0.0,0.0,0.269322570430006,0.5193407964264286,0.004961540804521235,0.13174294561188568,0.0018586802726934086,0.03263661441517809,0.04749999999999999
roberta,P,qnli@s0__sst2@s1,qnli,sst2,1.0,0.0168399931324394,0.7067643096730654,0.9990471753316532,1.0,0.5,0.7,1.0,0.7,0.7,1.0,0.7,1.0,0.7,0.7,0.0,-0.07270032776553019,-0.47905126497843015,0.0,-0.47905126497843015,-0.47905126497843015,0.0,-0.47905126497843015,0.0,-0.47905126497843015,-0.47905126497843015,0.0,1.0,0.5,0.7,1.0,1.0,0.7,0.7,0.7,1.0,1.0,0.7,0.7,0.7,0.0,-0.034712449573139764,-0.40904400037526983,0.0,0.0,-0.40904400037526983,-0.40904400037526983,-0.40904400037526983,0.0,0.0,-0.40904400037526983,-0.40904400037526983,-0.40904400037526983,0.21000642944908832,0.6261542317842393,0.00651616637019071,0.17189308500194314,0.0014433783591643852,0.03209275355798178,0.02749999999999997
roberta,P,qnli@s0__stsb@s1,qnli,stsb,0.7,0.0283351278769316,0.6574859906814212,0.9953515806404154,1.0,0.5,0.7,1.0,0.7,0.7,0.7,0.7,0.7,0.7,0.7,0.5799896023369902,0.3464916457914503,0.0,0.5799896023369902,0.0,0.0,0.0,0.0,0.0,0.0,0.0,0.0,1.0,0.5,0.7,1.0,0.5,0.5,0.7,0.7,0.7,0.7,0.7,0.7,0.7,0.5434750872557299,0.4105516536738497,0.0,0.5434750872557299,0.4105516536738497,0.4105516536738497,0.0,0.0,0.0,0.0,0.0,0.0,0.0,0.7207327447469634,0.7603053698130986,0.2820871762915707,0.4620406965119612,0.00852916292589625,0.08120005847960443,0.0437530938273456
roberta,P,qnli@s0__trec@s1,qnli,trec,0.7,0.0273681212362334,0.6746564254081233,0.9971547125051208,1.0,0.5,0.7,1.0,0.7,0.7,0.7,0.7,0.7,0.7,0.7,1.1203139410818002,0.08409136119499998,0.0,1.1203139410818002,0.0,0.0,0.0,0.0,0.0,0.0,0.0,0.0,1.0,0.5,0.7,1.0,0.7,0.5,0.7,0.7,0.7,0.7,0.7,0.7,0.7,1.05827029672423,0.3648144010724299,0.0,1.05827029672423,0.0,0.3648144010724299,0.0,0.0,0.0,0.0,0.0,0.0,0.0,0.6396088945516126,0.8481134782551315,0.055630435342429466,0.4748123474061878,0.0029012552632006806,0.05481033062509509,0.030000000000000027
roberta,P,qnli@s0__wic@s1,qnli,wic,0.7,0.1082345920265859,0.6873990416299982,0.9970014802273782,1.0,0.5,0.7,1.0,0.7,0.7,0.7,0.7,0.7,0.7,0.7,5.3104061596789,0.7652558536842102,0.0,5.3104061596789,0.0,0.0,0.0,0.0,0.0,0.0,0.0,0.0,1.0,0.5,0.7,1.0,0.7,0.5,0.7,0.7,0.7,0.7,0.7,0.7,0.7,5.69721569317746,1.5443980795979695,0.0,5.69721569317746,0.0,1.5443980795979695,0.0,0.0,0.0,0.0,0.0,0.0,0.0,0.3886648909324003,0.7958268652748438,0.014423459539138667,0.34109733587189084,0.0,0.019258695485391712,0.16500000000000004
roberta,P,qnli@s0__yelp_polarity@s1,qnli,yelp_polarity,0.7,0.0140636505143716,0.7065704740918675,0.998836147827863,1.0,0.5,0.7,1.0,0.7,0.7,0.7,0.7,1.0,0.7,1.0,-0.01733371440322002,0.8562931889195399,0.0,-0.01733371440322002,0.0,0.0,0.0,0.0,-0.01733371440322002,0.0,-0.01733371440322002,0.0,1.0,0.5,0.7,1.0,1.0,0.7,1.0,0.7,0.7,1.0,0.7,0.7,0.7,-0.024203555304089935,0.8501351459726402,0.0,-0.024203555304089935,-0.024203555304089935,0.0,-0.024203555304089935,0.0,0.0,-0.024203555304089935,0.0,0.0,0.0,0.21755437448274015,0.6494460933962952,0.006790190073002681,0.19161619920589457,0.0006829290639522628,0.034357653960984794,0.030000000000000027
roberta,P,scitail@s0__snli@s1,scitail,snli,0.5,0.0351711697964346,0.6771481034989091,0.993402870299466,1.0,0.5,0.7,1.0,0.7,0.7,0.7,0.7,0.7,0.7,0.5,1.3057777250828497,0.0,0.027619098327479746,1.3057777250828497,0.027619098327479746,0.027619098327479746,0.027619098327479746,0.027619098327479746,0.027619098327479746,0.027619098327479746,0.0,0.0,1.0,0.5,0.7,1.0,0.5,0.7,0.5,0.7,0.7,0.7,0.7,0.7,0.7,1.1696891823684503,0.0,0.1037332631132204,1.1696891823684503,0.0,0.1037332631132204,0.0,0.1037332631132204,0.1037332631132204,0.1037332631132204,0.1037332631132204,0.1037332631132204,0.1037332631132204,0.6679867460057084,0.8246111943505812,0.10175488991842832,0.3908540351134184,0.014348528793656468,0.06586609292806261,0.0675
roberta,P,scitail@s0__sst2@s1,scitail,sst2,1.0,0.0244961395965968,0.6757985303878795,0.9988200176185676,1.0,0.5,0.7,1.0,0.7,0.7,0.7,0.7,0.7,0.7,0.7,0.0,0.41310844170415995,-0.6694187543555198,0.0,-0.6694187543555198,-0.6694187543555198,-0.6694187543555198,-0.6694187543555198,-0.6694187543555198,-0.6694187543555198,-0.6694187543555198,0.0,1.0,0.5,0.7,1.0,0.7,0.7,0.7,0.7,0.7,0.7,0.7,0.7,0.7,0.0,0.5966093685391798,-0.6038795512479701,0.0,-0.6038795512479701,-0.6038795512479701,-0.6038795512479701,-0.6038795512479701,-0.6038795512479701,-0.6038795512479701,-0.6038795512479701,-0.6038795512479701,-0.6038795512479701,0.5756357049620328,0.8406861354597136,0.06197765412999561,0.441503575282153,0.009931065228713558,0.06398424601863234,0.050000000000000044
roberta,P,scitail@s0__stsb@s1,scitail,stsb,0.5,0.0134942160986556,0.7013945386696835,0.9939920182292222,1.0,0.5,0.7,1.0,0.7,0.7,0.7,0.7,0.7,0.7,0.5,2.6575779693146595,0.0,0.9581328302673201,2.6575779693146595,0.9581328302673201,0.9581328302673201,0.9581328302673201,0.9581328302673201,0.9581328302673201,0.9581328302673201,0.0,0.0,1.0,0.5,0.7,1.0,0.5,0.5,0.5,0.7,0.7,0.7,0.7,0.7,0.7,2.2165328487673497,0.0,0.7936722607511099,2.2165328487673497,0.0,0.0,0.0,0.7936722607511099,0.7936722607511099,0.7936722607511099,0.7936722607511099,0.7936722607511099,0.7936722607511099,0.4826884865063771,0.7083026273698089,0.478162304863678,0.25230226525868354,0.30092529739191026,0.03255800736145732,0.02657935198379957
roberta,P,scitail@s0__trec@s1,scitail,trec,1.0,0.0087352444071812,0.7065789364792648,0.998540781478336,1.0,0.5,0.7,1.0,0.7,0.7,0.7,0.7,0.7,0.7,1.0,0.0,1.2548076283254,0.12077294685989992,0.0,0.12077294685989992,0.12077294685989992,0.12077294685989992,0.12077294685989992,0.12077294685989992,0.12077294685989992,0.0,0.0,1.0,0.5,0.7,1.0,1.0,1.0,0.7,0.7,0.7,0.7,0.7,0.7,0.7,0.0,0.87966634358387,-0.34364261168384014,0.0,0.0,0.0,-0.34364261168384014,-0.34364261168384014,-0.34364261168384014,-0.34364261168384014,-0.34364261168384014,-0.34364261168384014,-0.34364261168384014,0.40677140381870247,0.6571449514346172,0.02480698410443459,0.3051471885527063,0.012413478847496443,0.041156735247428924,0.02749999999999997
roberta,P,scitail@s0__wic@s1,scitail,wic,0.5,0.0272501657667898,0.7047536554762319,0.998039023980518,1.0,0.5,0.7,1.0,0.7,0.7,0.7,0.7,0.7,0.7,0.5,10.16993464052287,0.0,4.639007293738749,10.16993464052287,4.639007293738749,4.639007293738749,4.639007293738749,4.639007293738749,4.639007293738749,4.639007293738749,0.0,0.0,1.0,0.5,0.7,1.0,0.5,0.5,0.5,0.7,0.7,0.7,0.7,0.7,0.7,8.891779181634272,0.0,4.15169907923532,8.891779181634272,0.0,0.0,0.0,4.15169907923532,4.15169907923532,4.15169907923532,4.15169907923532,4.15169907923532,4.15169907923532,0.4377980306570382,0.7488341659394844,0.005896434141835306,0.2993951200509369,0.0,0.04602423316609281,0.10250000000000004
roberta,P,scitail@s0__yelp_polarity@s1,scitail,yelp_polarity,0.7,0.0108544086041062,0.6799834898481468,0.9983646953626556,1.0,0.5,0.7,1.0,0.7,0.7,0.7,0.7,0.7,0.7,0.7,0.55528778872085,1.8754119651694303,0.0,0.55528778872085,0.0,0.0,0.0,0.0,0.0,0.0,0.0,0.0,1.0,0.5,0.7,1.0,0.7,0.7,0.7,0.7,0.7,0.7,0.7,0.7,0.7,0.5416440603602499,1.74363556444399,0.0,0.5416440603602499,0.0,0.0,0.0,0.0,0.0,0.0,0.0,0.0,0.0,0.6524615009287469,0.8483940614511196,0.07505716269065656,0.4299689135955066,0.01030823706108799,0.06530390926384205,0.03500000000000003
roberta,P,snli@s0__sst2@s1,snli,sst2,0.7,0.0157419533393298,0.7062554681621128,0.9977253475946714,1.0,0.5,0.7,1.0,0.7,0.7,0.7,0.7,1.0,0.7,0.7,0.9337649782941,1.17780526849155,0.0,0.9337649782941,0.0,0.0,0.0,0.0,0.9337649782941,0.0,0.0,0.0,1.0,0.5,0.7,1.0,0.7,0.7,0.7,0.7,0.7,1.0,0.7,0.7,0.7,1.2061842632211301,1.0651378145002,0.0,1.2061842632211301,0.0,0.0,0.0,0.0,0.0,1.2061842632211301,0.0,0.0,0.0,0.24362677722436854,0.657761568733224,0.010427393051964363,0.18933148087917634,0.00876604436103926,0.04988775157362951,0.0625
roberta,P,snli@s0__stsb@s1,snli,stsb,0.5,0.0315593330553676,0.658113631686423,0.9897269060234328,1.0,0.5,0.7,1.0,0.7,0.7,0.7,0.7,0.7,0.7,0.7,1.93169792506942,0.0,-0.11591317153656008,1.93169792506942,-0.11591317153656008,-0.11591317153656008,-0.11591317153656008,-0.11591317153656008,-0.11591317153656008,-0.11591317153656008,-0.11591317153656008,0.0,1.0,0.5,0.7,1.0,0.5,0.5,0.7,0.7,0.7,0.7,0.7,0.7,0.7,1.8458267903189198,0.0,-0.14428083691901994,1.8458267903189198,0.0,0.0,-0.14428083691901994,-0.14428083691901994,-0.14428083691901994,-0.14428083691901994,-0.14428083691901994,-0.14428083691901994,-0.14428083691901994,0.8800026509972072,0.8415131209309553,0.6133945029032933,0.4913493271562701,0.0316445841288232,0.09981200706141446,0.04614884122103036
roberta,P,snli@s0__trec@s1,snli,trec,1.0,0.0142368028297732,0.676102647138824,0.9978906873223796,1.0,0.5,0.7,1.0,0.7,0.7,0.7,0.7,0.7,0.7,0.7,0.0,0.84362281964798,-0.20763300487754,0.0,-0.20763300487754,-0.20763300487754,-0.20763300487754,-0.20763300487754,-0.20763300487754,-0.20763300487754,-0.20763300487754,0.0,1.0,0.5,0.7,1.0,0.7,1.0,0.7,0.7,0.7,0.7,0.7,0.7,0.7,0.0,0.8214396976136098,-0.08487486484959027,0.0,-0.08487486484959027,0.0,-0.08487486484959027,-0.08487486484959027,-0.08487486484959027,-0.08487486484959027,-0.08487486484959027,-0.08487486484959027,-0.08487486484959027,0.6163025162202491,0.855459584599011,0.03528129647033723,0.42532089319161087,0.007484310815296288,0.06150811377607393,0.03249999999999997
roberta,P,snli@s0__wic@s1,snli,wic,0.7,0.0361887380250429,0.6875002961572645,0.9941920458763248,1.0,0.5,0.7,1.0,0.7,0.7,0.7,0.7,0.7,0.7,0.7,1.8547963338079898,2.9070816870901095,0.0,1.8547963338079898,0.0,0.0,0.0,0.0,0.0,0.0,0.0,0.0,1.0,0.5,0.7,1.0,0.7,0.7,0.7,0.7,0.7,0.7,0.7,0.7,0.7,1.1213279910545098,2.6350102784844993,0.0,1.1213279910545098,0.0,0.0,0.0,0.0,0.0,0.0,0.0,0.0,0.0,0.7479766706411142,0.7740026946928599,0.01725045050922835,0.316239908418017,0.0,0.04114950467163888,0.10499999999999998
roberta,P,snli@s0__yelp_polarity@s1,snli,yelp_polarity,0.7,0.0137642088637451,0.7065700515929456,0.9985232383369084,1.0,0.5,0.7,1.0,0.7,0.7,0.7,0.7,0.7,0.7,0.7,0.41759869890713003,0.9344907588826699,0.0,0.41759869890713003,0.0,0.0,0.0,0.0,0.0,0.0,0.0,0.0,1.0,0.5,0.7,1.0,0.7,0.7,0.7,0.7,0.7,0.7,0.7,0.7,0.7,0.42216419962843016,0.9364970716894098,0.0,0.42216419962843016,0.0,0.0,0.0,0.0,0.0,0.0,0.0,0.0,0.0,0.27260277898685015,0.655344100253391,0.008853941784776173,0.21903634351119236,0.007017021314460115,0.0531429917916762,0.03749999999999998
roberta,P,sst2@s0__stsb@s1,sst2,stsb,0.7,0.0199908720905752,0.6542950163207406,0.9969074275446193,1.0,0.5,0.7,1.0,0.7,0.7,0.7,0.7,0.7,0.7,0.7,0.3181856402255899,0.3867954669545901,0.0,0.3181856402255899,0.0,0.0,0.0,0.0,0.0,0.0,0.0,0.0,1.0,0.5,0.7,1.0,0.7,1.0,0.7,0.7,0.7,0.7,0.7,0.7,0.7,0.5180867540032899,0.33086316613622,0.0,0.5180867540032899,0.0,0.5180867540032899,0.0,0.0,0.0,0.0,0.0,0.0,0.0,0.859965970814992,0.8243156981842159,0.12524004394810304,0.5317178258011682,0.0050144509423931975,0.08403788077693257,0.02819564239105965
roberta,P,sst2@s0__trec@s1,sst2,trec,0.7,0.0165438974727512,0.6714707006280396,0.997334050095106,1.0,0.5,0.7,1.0,0.7,0.7,0.7,0.7,0.7,0.7,1.0,-0.1382401085958501,0.17317443206771,0.0,-0.1382401085958501,0.0,0.0,0.0,0.0,0.0,0.0,-0.1382401085958501,0.0,1.0,0.5,0.7,1.0,0.5,0.5,1.0,0.7,0.7,0.7,0.7,0.7,0.7,-0.39432176656151,0.3013648140319,0.0,-0.39432176656151,0.3013648140319,0.3013648140319,-0.39432176656151,0.0,0.0,0.0,0.0,0.0,0.0,0.6724431913630327,0.8539669389247625,0.09126362059428066,0.5052346447422865,0.010078556140767421,0.07077877901846347,0.025000000000000022
roberta,P,sst2@s0__wic@s1,sst2,wic,1.0,0.0178971298664393,0.6849798990612068,0.9981702070917224,1.0,0.5,0.7,1.0,0.7,0.7,0.7,0.7,0.7,0.7,1.0,0.0,4.23529411764706,0.34668940039782986,0.0,0.34668940039782986,0.34668940039782986,0.34668940039782986,0.34668940039782986,0.34668940039782986,0.34668940039782986,0.0,0.0,1.0,0.5,0.7,1.0,0.7,1.0,1.0,0.7,0.7,0.7,0.7,0.7,0.7,0.0,3.27511262568181,0.3534389078210201,0.0,0.3534389078210201,0.0,0.0,0.3534389078210201,0.3534389078210201,0.3534389078210201,0.3534389078210201,0.3534389078210201,0.3534389078210201,0.4486452135545471,0.816553795511602,0.012119483096970692,0.3633026574030282,0.0,0.037576028676601286,0.08250000000000002
roberta,P,sst2@s0__yelp_polarity@s1,sst2,yelp_polarity,0.7,0.0082770265149793,0.7039528242188405,0.9924373967951088,1.0,0.5,0.7,1.0,0.7,0.7,0.7,0.7,0.7,0.7,0.7,0.35894649412378987,0.38272974647027,0.0,0.35894649412378987,0.0,0.0,0.0,0.0,0.0,0.0,0.0,0.0,1.0,0.5,0.7,1.0,0.5,0.7,0.7,0.7,0.7,0.7,0.7,0.7,0.7,0.3231855810908801,0.37536334174733,0.0,0.3231855810908801,0.37536334174733,0.0,0.0,0.0,0.0,0.0,0.0,0.0,0.0,0.45529589423577516,0.8467849680392714,0.05413054569184427,0.3761740465842207,0.018191140214593463,0.08031899236812373,0.02749999999999997
roberta,P,stsb@s0__trec@s1,stsb,trec,1.0,0.0178577248212805,0.7039190875981731,0.9966638919163028,1.0,0.5,0.7,1.0,0.7,0.7,0.7,0.7,0.7,0.7,0.7,0.0,-0.028852821382959956,-0.3461218107282801,0.0,-0.3461218107282801,-0.3461218107282801,-0.3461218107282801,-0.3461218107282801,-0.3461218107282801,-0.3461218107282801,-0.3461218107282801,0.0,1.0,0.5,0.7,1.0,0.7,0.7,0.7,0.7,0.7,0.7,0.7,0.7,0.7,0.0,0.16853814835648995,-0.10155566146170004,0.0,-0.10155566146170004,-0.10155566146170004,-0.10155566146170004,-0.10155566146170004,-0.10155566146170004,-0.10155566146170004,-0.10155566146170004,-0.10155566146170004,-0.10155566146170004,0.5299404757638059,0.7572967957386834,0.024740791737775103,0.32841539975589357,0.00927075649386859,0.05024338247398869,0.03317726693167322
roberta,P,stsb@s0__wic@s1,stsb,wic,0.5,0.0173860946427816,0.6976448423289486,0.9965556755533208,1.0,0.5,0.7,1.0,0.7,0.7,0.7,0.7,0.5,0.7,0.7,6.12945256868485,0.0,-0.63384334160235,6.12945256868485,-0.63384334160235,-0.63384334160235,-0.63384334160235,-0.63384334160235,0.0,-0.63384334160235,-0.63384334160235,0.0,1.0,0.5,0.7,1.0,0.5,0.7,0.5,0.7,0.7,0.5,0.7,0.7,0.7,6.74321099736893,0.0,0.03354670970218028,6.74321099736893,0.0,0.03354670970218028,0.0,0.03354670970218028,0.03354670970218028,0.0,0.03354670970218028,0.03354670970218028,0.03354670970218028,0.44485133983964503,0.7430277041481326,0.35389504986762793,0.29349780118149876,0.0,0.04550101813933465,0.05830214505362641
roberta,P,stsb@s0__yelp_polarity@s1,stsb,yelp_polarity,0.7,0.0116244195391388,0.6644984339585487,0.9979257170232052,1.0,0.5,0.7,1.0,0.7,0.7,0.7,0.7,0.7,0.7,0.7,0.28314587624352006,0.5034081290598701,0.0,0.28314587624352006,0.0,0.0,0.0,0.0,0.0,0.0,0.0,0.0,1.0,0.5,0.7,1.0,0.7,0.7,0.7,0.7,0.7,0.7,0.7,0.7,0.7,0.28468512655425005,0.50510791145037,0.0,0.28468512655425005,0.0,0.0,0.0,0.0,0.0,0.0,0.0,0.0,0.0,0.8645077877114462,0.8140290944611588,0.1716009076700637,0.4874658156898656,0.008279381909573124,0.07770976711113721,0.019237793444836004
roberta,P,trec@s0__wic@s1,trec,wic,0.7,0.0483808368708308,0.704194933563723,0.997706406381434,1.0,0.5,0.7,1.0,0.7,0.7,0.7,0.7,0.7,0.7,1.0,-1.26379624014556,1.5294117647058798,0.0,-1.26379624014556,0.0,0.0,0.0,0.0,0.0,0.0,-1.26379624014556,0.0,1.0,0.5,0.7,1.0,1.0,1.0,1.0,0.7,0.7,0.7,0.7,0.7,0.7,-1.1446199976934697,0.8309306885019005,0.0,-1.1446199976934697,-1.1446199976934697,-1.1446199976934697,-1.1446199976934697,0.0,0.0,0.0,0.0,0.0,0.0,0.4012915126031847,0.7845248929834109,0.004818647492083556,0.3053640950101761,0.0,0.03404254639637602,0.0675
roberta,P,trec@s0__yelp_polarity@s1,trec,yelp_polarity,0.7,0.003047716799962,0.6792007810113182,0.9998764206292624,1.0,0.5,0.7,1.0,0.7,0.7,0.7,0.7,0.7,0.7,0.7,0.20767341517216997,0.42954607693253,0.0,0.20767341517216997,0.0,0.0,0.0,0.0,0.0,0.0,0.0,0.0,1.0,0.5,0.7,1.0,1.0,1.0,0.7,0.7,0.7,0.7,0.7,0.7,0.7,0.46758591242378994,0.12809564474806998,0.0,0.46758591242378994,0.46758591242378994,0.46758591242378994,0.0,0.0,0.0,0.0,0.0,0.0,0.0,0.6336069777788026,0.86746868521883,0.04132934986746195,0.48101124920675614,0.006612135430060562,0.05979092712724266,0.020000000000000018
roberta,P,wic@s0__yelp_polarity@s1,wic,yelp_polarity,1.0,0.0115120360361942,0.6887980490664379,0.9960869645985128,1.0,0.5,0.7,1.0,0.7,0.7,0.7,0.7,0.7,0.7,1.0,0.0,4.06356698450403,1.01537067130038,0.0,1.01537067130038,1.01537067130038,1.01537067130038,1.01537067130038,1.01537067130038,1.01537067130038,0.0,0.0,1.0,0.5,0.7,1.0,0.7,1.0,1.0,0.7,0.7,0.7,0.7,0.7,0.7,0.0,3.4554719179282998,0.05892258272487995,0.0,0.05892258272487995,0.0,0.0,0.05892258272487995,0.05892258272487995,0.05892258272487995,0.05892258272487995,0.05892258272487995,0.05892258272487995,0.7032909123427288,0.8327235705272713,0.006105615404392592,0.3541894225126646,0.0,0.03504408186160532,0.05500000000000005
qwen,R0,cola@s0__sst2@s0,cola,sst2,0.7,0.0062157205201944,0.6918247847162318,0.98993988721674,1.0,0.5,0.7,1.0,0.7,0.7,0.7,0.7,0.7,0.3,0.7,1.7968685024928603,1.8736895554009,0.0,1.7968685024928603,0.0,0.0,0.0,0.0,0.0,11.797612638048092,0.0,0.0,1.0,0.5,0.7,1.0,1.0,0.7,0.7,0.7,0.7,0.7,0.7,0.7,0.3,1.5023021988348202,2.1476226273257,0.0,1.5023021988348202,1.5023021988348202,0.0,0.0,0.0,0.0,0.0,0.0,0.0,10.963869573388472,0.8628817276447288,0.9337814207875736,0.5677934079573507,0.9324162151911214,0.11269827291163184,0.09420610619090464,0.06999999999999995
qwen,R0,cola@s0__mrpc@s0,cola,mrpc,0.5,0.0110777834265377,0.6736848644171268,0.9891528915741948,1.0,0.5,0.7,1.0,0.7,0.7,0.7,0.5,0.7,0.3,0.5,1.9247585155058498,0.0,0.09439078122353006,1.9247585155058498,0.09439078122353006,0.09439078122353006,0.09439078122353006,0.0,0.09439078122353006,4.822741908151159,0.0,0.0,1.0,0.5,0.7,1.0,0.7,0.5,0.7,0.7,0.7,0.7,0.7,0.5,0.3,2.16386554621847,0.0,-0.13865546218487,2.16386554621847,-0.13865546218487,0.0,-0.13865546218487,-0.13865546218487,-0.13865546218487,-0.13865546218487,-0.13865546218487,0.0,4.85924369747898,0.9775233507186089,0.04541519778378618,0.571337137432711,0.7321873960444433,0.0928807031447194,0.7592541836083082,0.08999999999999997
qwen,R0,cola@s0__stsb@s0,cola,stsb,0.7,0.0329647172621719,0.6846369605415938,0.9924870977430718,1.0,0.5,0.7,1.0,0.7,0.7,0.7,0.7,0.7,0.3,0.7,2.73706670398019,0.61319052341594,0.0,2.73706670398019,0.0,0.0,0.0,0.0,0.0,10.24887817982138,0.0,0.0,1.0,0.5,0.7,1.0,0.7,0.7,0.7,0.7,0.7,0.7,0.7,0.7,0.3,2.4188000988659706,0.8831145283639201,0.0,2.4188000988659706,0.0,0.0,0.0,0.0,0.0,0.0,0.0,0.0,9.842763151378382,0.8954470020516477,0.8937753474857553,0.458764627270488,0.9249402483564184,0.06780601694758774,0.12801326972821314,0.06677979449486238
qwen,R0,cola@s0__mnli@s0,cola,mnli,1.0,0.059450650558634,0.697720666693999,0.98766947465178,1.0,0.5,0.7,1.0,0.7,0.7,0.7,0.7,0.7,0.3,1.0,0.0,8.38946514096626,2.2531144032079697,0.0,2.2531144032079697,2.2531144032079697,2.2531144032079697,2.2531144032079697,2.2531144032079697,23.416518281873252,0.0,0.0,1.0,0.5,0.7,1.0,1.0,1.0,1.0,0.7,0.7,0.7,0.7,0.7,0.3,0.0,8.54332809367924,2.46371299193862,0.0,0.0,0.0,0.0,2.46371299193862,2.46371299193862,2.46371299193862,2.46371299193862,2.46371299193862,23.10530623134274,0.7911093046769156,0.3036814264651512,0.335069547745045,0.514013588937569,0.04492183487408205,0.0004791798343686199,0.16000000000000003
qwen,R0,cola@s0__qnli@s0,cola,qnli,0.7,-0.0003450292171205,0.6974938491108019,0.9906555570997104,1.0,0.5,0.7,1.0,0.7,0.7,0.7,0.7,0.7,0.3,0.7,2.04863195205474,2.60189204574056,0.0,2.04863195205474,0.0,0.0,0.0,0.0,0.0,15.833097763441343,0.0,0.0,1.0,0.5,0.7,1.0,0.7,0.7,0.7,0.7,0.7,0.7,0.7,0.7,0.3,1.75352422027871,2.73790982788225,0.0,1.75352422027871,0.0,0.0,0.0,0.0,0.0,0.0,0.0,0.0,15.935781984212541,0.8135960514182722,0.6301313641788218,0.4489599263574206,0.7383041418797033,0.08311945052712488,0.00472750992340972,0.09250000000000003
qwen,R0,cola@s0__rte@s0,cola,rte,0.7,0.0944647720247939,0.6493427071920872,0.9926729213731308,1.0,0.5,0.7,1.0,0.7,0.7,0.5,0.7,0.3,0.3,0.7,3.3507092376322087,2.4810786426745794,0.0,3.3507092376322087,0.0,0.0,2.4810786426745794,0.0,10.49738526055504,10.49738526055504,0.0,0.0,1.0,0.5,0.7,1.0,0.7,0.7,0.7,0.7,0.5,0.3,0.7,0.7,0.3,2.4564534551684796,2.294403198172469,0.0,2.4564534551684796,0.0,0.0,0.0,0.0,2.294403198172469,8.515848086807548,0.0,0.0,8.515848086807548,0.941443360377235,0.8894462329192427,0.9986010243519975,0.8118848092894618,0.735278507006743,0.11760262464465412,0.2189130434782609
qwen,R0,cola@s0__wic@s0,cola,wic,0.7,0.0270481678583477,0.6937058637014056,0.9841729558971282,1.0,0.5,0.7,1.0,0.7,0.7,0.5,0.5,0.7,0.3,0.7,1.8623417893717302,2.92628445808439,0.0,1.8623417893717302,0.0,0.0,2.92628445808439,2.92628445808439,0.0,11.14738755210204,0.0,0.0,1.0,0.5,0.7,1.0,0.7,0.7,0.7,0.7,0.5,0.7,0.7,0.5,0.3,1.9781625024591898,2.67558528428094,0.0,1.9781625024591898,0.0,0.0,0.0,0.0,2.67558528428094,0.0,0.0,2.67558528428094,11.897747393271711,0.9693015119078413,0.7154268610305267,0.5091109831898655,0.7355590687256478,0.11081638617342353,0.3023456997711436,0.12749999999999995
qwen,R0,cola@s0__snli@s0,cola,snli,0.5,0.0463063190165643,0.6877102306638117,0.9956581291510858,1.0,0.5,0.7,1.0,0.7,0.7,0.7,0.7,0.7,0.3,0.7,1.2496868181453304,0.0,-0.3475609113368895,1.2496868181453304,-0.3475609113368895,-0.3475609113368895,-0.3475609113368895,-0.3475609113368895,-0.3475609113368895,5.59717799837672,-0.3475609113368895,0.0,1.0,0.5,0.7,1.0,0.7,0.7,0.7,0.7,0.7,0.7,0.7,0.7,0.3,1.2012479410368704,0.0,-0.2677001032971499,1.2012479410368704,-0.2677001032971499,-0.2677001032971499,-0.2677001032971499,-0.2677001032971499,-0.2677001032971499,-0.2677001032971499,-0.2677001032971499,-0.2677001032971499,5.43053267818754,0.9321760566965112,0.8288342677192826,0.5633483955541287,0.9342362675963561,0.13132925082496552,0.042711895019065735,0.11499999999999999
qwen,R0,cola@s0__scitail@s0,cola,scitail,0.5,0.0195203267990589,0.6949308356782095,0.9938519935895308,1.0,0.5,0.7,1.0,0.7,0.7,0.7,0.7,0.7,0.3,0.5,9.969391035214532,0.0,4.08470376723533,9.969391035214532,4.08470376723533,4.08470376723533,4.08470376723533,4.08470376723533,4.08470376723533,4.39534493401721,0.0,0.0,1.0,0.5,0.7,1.0,0.5,0.5,0.5,0.7,0.7,0.7,0.7,0.7,0.3,9.285277438007329,0.0,3.9336150339152596,9.285277438007329,0.0,0.0,0.0,3.9336150339152596,3.9336150339152596,3.9336150339152596,3.9336150339152596,3.9336150339152596,3.9964416768597704,0.7776276722814742,0.7954381556911438,0.3936202504805358,0.9701975636059291,0.04645571994510805,0.022784405319627013,0.08999999999999997
qwen,R0,cola@s0__ag_news@s0,cola,ag_news,0.7,0.0001210422887245,0.699574644586264,0.996837953444378,1.0,0.5,0.7,1.0,0.7,0.7,0.7,0.7,0.7,0.3,0.7,1.2499474139900701,0.66379288845695,0.0,1.2499474139900701,0.0,0.0,0.0,0.0,0.0,4.2397549227432805,0.0,0.0,1.0,0.5,0.7,1.0,0.7,0.7,0.7,0.7,0.7,0.7,0.7,0.7,0.3,0.72809236451601,0.68823074221951,0.0,0.72809236451601,0.0,0.0,0.0,0.0,0.0,0.0,0.0,0.0,4.13892718263515,0.6037651058640634,0.7924765872809469,0.22087077565846858,0.814701967224487,0.025211041521037827,0.02946245725689708,0.06000000000000005
qwen,R0,cola@s0__imdb@s0,cola,imdb,0.7,0.0102902276116072,0.6940848974062318,0.9960442840050044,1.0,0.5,0.7,1.0,0.7,0.7,0.7,0.7,0.7,0.3,0.5,4.15720332227314,-0.07635853515953003,0.0,4.15720332227314,0.0,0.0,0.0,0.0,0.0,7.018993872265171,-0.07635853515953003,0.0,1.0,0.5,0.7,1.0,0.7,0.5,0.5,0.7,0.7,0.7,0.7,0.7,0.3,4.07136935373136,-0.007464668316120061,0.0,4.07136935373136,0.0,-0.007464668316120061,-0.007464668316120061,0.0,0.0,0.0,0.0,0.0,6.7249698822493,0.921947027807413,0.9404206801538046,0.556211516665922,0.880391845136526,0.12566315632913666,0.10101954560448899,0.08499999999999996
qwen,R0,cola@s0__trec@s0,cola,trec,0.7,0.0029655990510082,0.6959581601901835,0.9967730536682016,1.0,0.5,0.7,1.0,0.7,0.7,0.7,0.7,0.5,0.3,0.7,0.08629407074656,2.01125955311826,0.0,0.08629407074656,0.0,0.0,0.0,0.0,2.01125955311826,7.759416992396391,0.0,0.0,1.0,0.5,0.7,1.0,1.0,0.7,0.7,0.7,0.7,0.5,0.7,0.7,0.3,0.024174053182930005,2.08199033037873,0.0,0.024174053182930005,0.024174053182930005,0.0,0.0,0.0,0.0,2.08199033037873,0.0,0.0,7.42042707493958,0.7926238281348666,0.7770652989249591,0.45653884524545735,0.7583917527655132,0.11447048334963561,0.08924602343607847,0.04749999999999999
qwen,R0,cola@s0__yelp_polarity@s0,cola,yelp_polarity,0.5,0.0082457822048422,0.6950869323827237,0.9963056178437928,1.0,0.5,0.7,1.0,0.7,0.7,0.7,0.7,0.7,0.3,0.5,3.7671169296131803,0.0,0.39212352526183,3.7671169296131803,0.39212352526183,0.39212352526183,0.39212352526183,0.39212352526183,0.39212352526183,4.20032890301172,0.0,0.0,1.0,0.5,0.7,1.0,0.5,0.5,0.7,0.7,0.7,0.7,0.7,0.7,0.3,2.7773046155399004,0.0,-0.01227067403537993,2.7773046155399004,0.0,0.0,-0.01227067403537993,-0.01227067403537993,-0.01227067403537993,-0.01227067403537993,-0.01227067403537993,-0.01227067403537993,3.6599414540591,0.7943927455619665,0.937023736419178,0.3983217735311991,0.8539562263914257,0.10566861032746758,0.05800204827932846,0.07499999999999996
qwen,R0,sst2@s0__mrpc@s0,sst2,mrpc,0.5,0.0394043226146547,0.6985370125950103,0.9904660347237046,1.0,0.5,0.7,1.0,0.7,0.7,0.7,0.7,0.7,0.3,0.5,3.3491477771920692,0.0,1.49007204357757,3.3491477771920692,1.49007204357757,1.49007204357757,1.49007204357757,1.49007204357757,1.49007204357757,1.0692321208926296,0.0,0.0,1.0,0.5,0.7,1.0,0.5,0.5,0.3,0.7,0.7,0.7,0.7,0.7,0.3,2.89091738931994,0.0,1.7142857142857202,2.89091738931994,0.0,0.0,-0.32268370607028973,1.7142857142857202,1.7142857142857202,1.7142857142857202,1.7142857142857202,1.7142857142857202,-0.32268370607028973,0.36753285048396916,0.8845671165264299,0.1660345378059285,0.7201072501166599,0.03111718434035082,0.840500326430863,0.07999999999999996
qwen,R0,sst2@s0__stsb@s0,sst2,stsb,0.7,0.0221968824286586,0.7019736197322567,0.9880247300716648,1.0,0.5,0.7,1.0,0.7,0.7,0.7,0.7,0.7,0.3,0.7,0.3437537666144901,1.8109107347832905,0.0,0.3437537666144901,0.0,0.0,0.0,0.0,0.0,14.193703668573798,0.0,0.0,1.0,0.5,0.7,1.0,0.7,0.7,0.7,0.7,0.7,0.7,0.7,0.7,0.3,0.43400012981901004,1.5485472550146304,0.0,0.43400012981901004,0.0,0.0,0.0,0.0,0.0,0.0,0.0,0.0,13.819986484675029,0.4365334076435707,0.9955228155773562,0.17997111026322804,0.8156195597084075,0.02187151084236149,0.05328939064669818,0.031538663466586625
qwen,R0,sst2@s0__mnli@s0,sst2,mnli,0.7,0.0357170293362136,0.6987922818316115,0.9828481664858716,1.0,0.5,0.7,1.0,0.7,0.7,0.7,0.7,0.7,0.3,0.7,0.7935797010574495,4.21250948309625,0.0,0.7935797010574495,0.0,0.0,0.0,0.0,0.0,26.770248023008158,0.0,0.0,1.0,0.5,0.7,1.0,0.7,0.7,0.7,0.7,0.7,0.7,0.7,0.7,0.3,0.63662787737708,4.0854074520238095,0.0,0.63662787737708,0.0,0.0,0.0,0.0,0.0,0.0,0.0,0.0,26.30164866882272,0.5510702212506775,0.951082901581772,0.20870615570082832,0.3101027283136065,0.05746572963307317,0.003857941739068574,0.06999999999999995
qwen,R0,sst2@s0__qnli@s0,sst2,qnli,0.7,0.0155838141624071,0.702152412690446,0.9872246814288368,1.0,0.5,0.7,1.0,0.7,0.7,0.7,0.7,0.7,0.3,0.7,2.83997660433624,0.6093579978237302,0.0,2.83997660433624,0.0,0.0,0.0,0.0,0.0,18.4346052383266,0.0,0.0,1.0,0.5,0.7,1.0,0.7,0.7,0.7,0.7,0.7,0.7,0.7,0.7,0.3,2.8294172636747805,0.28019436834985023,0.0,2.8294172636747805,0.0,0.0,0.0,0.0,0.0,0.0,0.0,0.0,17.90359231520582,0.3705467812966003,0.9408769570212523,0.19924179592302288,0.4668018216263892,0.048512657269304114,0.0011221887762987738,0.03500000000000003
qwen,R0,sst2@s0__rte@s0,sst2,rte,0.7,0.0245915839440085,0.6822840958916411,0.9940507219398956,1.0,0.5,0.7,1.0,0.7,0.7,0.7,0.5,0.7,0.3,0.7,3.17464442250055,1.6769745162240401,0.0,3.17464442250055,0.0,0.0,0.0,1.6769745162240401,0.0,18.75422275349514,0.0,0.0,1.0,0.5,0.7,1.0,0.7,0.7,0.7,0.7,0.7,0.7,0.7,0.5,0.3,3.4779304569000304,1.3702348087719796,0.0,3.4779304569000304,0.0,0.0,0.0,0.0,0.0,0.0,0.0,1.3702348087719796,14.78333695213872,0.6250190020152124,0.971927950633437,0.1850110318723747,0.6731709358223557,0.052690130458389293,0.032307284068481795,0.07547101449275362
qwen,R0,sst2@s0__wic@s0,sst2,wic,0.7,-0.0030242504259905,0.7024613949323605,0.9882657963152528,1.0,0.5,0.7,1.0,0.7,0.7,0.7,0.7,0.7,0.3,0.7,0.8360416172969,1.33129083584413,0.0,0.8360416172969,0.0,0.0,0.0,0.0,0.0,16.69544218377963,0.0,0.0,1.0,0.5,0.7,1.0,0.7,0.7,0.7,0.7,0.7,0.7,0.7,0.7,0.3,1.06825734343442,1.41766484661328,0.0,1.06825734343442,0.0,0.0,0.0,0.0,0.0,0.0,0.0,0.0,16.7376345005182,0.36185155376617306,0.9613486549286726,0.20761281039924215,0.13831539324263076,0.04559725574778413,0.0010523292784463776,0.09250000000000003
qwen,R0,sst2@s0__snli@s0,sst2,snli,0.5,0.0659586739408064,0.7029032026043066,0.9893149080544444,1.0,0.5,0.7,1.0,0.7,0.7,0.7,0.7,0.7,0.3,0.5,2.264635086542249,0.0,0.7063953072886903,2.264635086542249,0.7063953072886903,0.7063953072886903,0.7063953072886903,0.7063953072886903,0.7063953072886903,7.175436074251379,0.0,0.0,1.0,0.5,0.7,1.0,0.5,0.7,0.5,0.7,0.7,0.7,0.7,0.7,0.3,2.697155836849939,0.0,0.9761315923947398,2.697155836849939,0.0,0.9761315923947398,0.0,0.9761315923947398,0.9761315923947398,0.9761315923947398,0.9761315923947398,0.9761315923947398,6.780759707107459,0.5395444381059696,0.9202182877046782,0.299050415054941,0.6514351281584928,0.09682013033791165,0.01313950972806452,0.13
qwen,R0,sst2@s0__scitail@s0,sst2,scitail,0.5,0.0047961630695443,0.703413787804422,0.9901368795845524,1.0,0.5,0.7,1.0,0.7,0.7,0.7,0.7,0.7,0.3,0.5,1.71877258340929,0.0,1.06689556104193,1.71877258340929,1.06689556104193,1.06689556104193,1.06689556104193,1.06689556104193,1.06689556104193,6.887331463242699,0.0,0.0,1.0,0.5,0.7,1.0,0.5,0.5,0.5,0.7,0.7,0.7,0.7,0.7,0.3,1.7112884035826101,0.0,1.15550468966099,1.7112884035826101,0.0,0.0,0.0,1.15550468966099,1.15550468966099,1.15550468966099,1.15550468966099,1.15550468966099,6.641471943567029,0.27840929265096653,0.9937436115755228,0.164070075121958,0.7615675786759073,0.029919183373340326,0.0029874979082448135,0.02749999999999997
qwen,R0,sst2@s0__ag_news@s0,sst2,ag_news,0.7,0.0165115242148385,0.7033090254028515,0.9905133040643604,1.0,0.5,0.7,1.0,0.7,0.7,0.7,0.7,0.5,0.3,0.7,0.7640755957357998,0.0468862195523799,0.0,0.7640755957357998,0.0,0.0,0.0,0.0,0.0468862195523799,6.600848340188659,0.0,0.0,1.0,0.5,0.7,1.0,0.5,0.5,0.7,0.7,0.7,0.5,0.7,0.7,0.3,0.87470924257202,0.3587273848466299,0.0,0.87470924257202,0.3587273848466299,0.3587273848466299,0.0,0.0,0.0,0.3587273848466299,0.0,0.0,5.97408064849942,0.26492577218325847,0.9763828363171327,0.11686113996138194,0.48053173293227697,0.018872627713226342,0.005540148171126007,0.040000000000000036
qwen,R0,sst2@s0__imdb@s0,sst2,imdb,0.7,0.0012382002518249,0.6973114728698312,0.9711554220344828,1.0,0.5,0.7,1.0,0.7,0.7,0.5,0.7,0.5,0.3,0.7,0.40531660599785,0.4361968809882599,0.0,0.40531660599785,0.0,0.0,0.4361968809882599,0.0,0.4361968809882599,5.671638182992149,0.0,0.0,1.0,0.5,0.7,1.0,0.7,0.5,0.7,0.7,0.5,0.5,0.7,0.7,0.3,0.17599675797297004,0.59755525270995,0.0,0.17599675797297004,0.0,0.59755525270995,0.0,0.0,0.59755525270995,0.59755525270995,0.0,0.0,5.41085375489065,0.8822531180203469,0.783899055245094,0.36790282420628645,0.07801672648256339,0.10517496184317565,0.014867451268397594,0.040000000000000036
qwen,R0,sst2@s0__trec@s0,sst2,trec,1.0,0.0034833545056762,0.7061616587142351,0.9968872946316176,1.0,0.5,0.7,1.0,0.7,0.7,0.7,0.7,0.5,0.3,1.0,0.0,1.10713709596111,0.18462787086887003,0.0,0.18462787086887003,0.18462787086887003,0.18462787086887003,0.18462787086887003,1.10713709596111,12.25790434133849,0.0,0.0,1.0,0.5,0.7,1.0,0.7,1.0,1.0,0.7,0.7,0.5,0.7,0.7,0.3,0.0,1.02685019038033,0.13676747341239995,0.0,0.13676747341239995,0.0,0.0,0.13676747341239995,0.13676747341239995,1.02685019038033,0.13676747341239995,0.13676747341239995,11.69690139612236,0.3407951253555133,0.9394965254748124,0.26596378112589875,0.5678612072715926,0.06068524258313275,0.0312738883037916,0.020000000000000018
qwen,R0,sst2@s0__yelp_polarity@s0,sst2,yelp_polarity,0.5,0.0007319029121098,0.6962462469231935,0.9691956400435108,1.0,0.5,0.7,1.0,0.7,0.7,0.7,0.7,0.5,0.3,0.5,1.0148994611857098,0.0,0.52233728679955,1.0148994611857098,0.52233728679955,0.52233728679955,0.52233728679955,0.52233728679955,0.0,2.51512945524843,0.0,0.0,1.0,0.5,0.7,1.0,0.5,0.5,0.5,0.7,0.7,0.5,0.7,0.7,0.3,0.86786923847627,0.0,0.54245253925765,0.86786923847627,0.0,0.0,0.0,0.54245253925765,0.54245253925765,0.0,0.54245253925765,0.54245253925765,2.37557274298488,0.9135245899778568,0.6071837655445146,0.48967364379419825,0.0530173104567369,0.17082896801033756,0.005485935947475734,0.025000000000000022
qwen,R0,mrpc@s0__stsb@s0,mrpc,stsb,0.5,0.1227433433964328,0.7007304133486764,0.9852210590108368,1.0,0.5,0.7,1.0,0.7,0.7,0.7,0.5,0.7,0.3,0.5,20.378993166347982,0.0,17.18738399636178,20.378993166347982,17.18738399636178,17.18738399636178,17.18738399636178,0.0,17.18738399636178,0.8714909340458001,0.0,0.0,1.0,0.5,0.7,1.0,0.5,0.5,0.3,0.7,0.7,0.7,0.7,0.5,0.3,19.726952780717287,0.0,16.7571410803295,19.726952780717287,0.0,0.0,-1.3270457955890393,16.7571410803295,16.7571410803295,16.7571410803295,16.7571410803295,0.0,-1.3270457955890393,0.29469164404040676,0.09711881355316933,0.10922237223376725,0.11123116565422105,0.018009648464207197,0.014377882896346044,0.159373546838671
qwen,R0,mrpc@s0__mnli@s0,mrpc,mnli,0.3,0.1708615871519477,0.6898595036917383,0.9864222521871798,1.0,0.5,0.7,1.0,0.7,0.7,0.7,0.5,0.7,0.3,0.3,10.62004646308205,3.1852799569037997,11.926231440018858,10.62004646308205,11.926231440018858,11.926231440018858,11.926231440018858,3.1852799569037997,11.926231440018858,0.0,0.0,0.0,1.0,0.5,0.7,1.0,0.3,0.3,0.3,0.7,0.7,0.7,0.7,0.5,0.3,10.358631317199594,3.6628025076174215,12.357720729870772,10.358631317199594,0.0,0.0,0.0,12.357720729870772,12.357720729870772,12.357720729870772,12.357720729870772,3.6628025076174215,0.0,0.6750038275629876,0.233528107577913,0.2501029904066388,0.12354901255345942,0.0725681638070703,0.5835040467481224,0.27
qwen,R0,mrpc@s0__qnli@s0,mrpc,qnli,0.5,0.0377646510181874,0.6916368819577758,0.9822974490119112,1.0,0.5,0.7,1.0,0.7,0.7,0.7,0.5,0.7,0.3,0.5,16.2285092491839,0.0,5.4503342142080005,16.2285092491839,5.4503342142080005,5.4503342142080005,5.4503342142080005,0.0,5.4503342142080005,2.5378517021607294,0.0,0.0,1.0,0.5,0.7,1.0,0.5,0.5,0.5,0.7,0.7,0.7,0.7,0.5,0.3,15.91795170206575,0.0,4.30834383991206,15.91795170206575,0.0,0.0,0.0,4.30834383991206,4.30834383991206,4.30834383991206,4.30834383991206,0.0,0.6164937122167105,0.776553094239794,0.040034081649809934,0.32262603972773624,0.01928490039800249,0.09751495403049544,5.420496949347424e-05,0.09750000000000003
qwen,R0,mrpc@s0__rte@s0,mrpc,rte,0.5,0.0977665995975854,0.6955723183665938,0.9860033467945656,1.0,0.5,0.7,1.0,0.7,0.7,0.7,0.5,0.7,0.3,0.3,16.42052313883302,0.0,9.75653923541248,16.42052313883302,9.75653923541248,9.75653923541248,9.75653923541248,0.0,9.75653923541248,-0.14285714285713902,-0.14285714285713902,0.0,1.0,0.5,0.7,1.0,0.3,0.5,0.3,0.7,0.7,0.7,0.7,0.5,0.3,16.565880721220537,0.0,10.2246879334258,16.565880721220537,-2.599167822468801,0.0,-2.599167822468801,10.2246879334258,10.2246879334258,10.2246879334258,10.2246879334258,0.0,-2.599167822468801,0.7255771122171413,0.12637635665521726,0.21404824841079578,0.0642708906142385,0.07304582372207243,0.05034776282877991,0.20431159420289857
qwen,R0,mrpc@s0__wic@s0,mrpc,wic,0.5,0.0660157273918742,0.6934851377356717,0.986668566433442,1.0,0.5,0.7,1.0,0.7,0.7,0.7,0.3,0.7,0.3,0.5,2.0301441677588405,0.0,0.45674967234599073,2.0301441677588405,0.45674967234599073,0.45674967234599073,0.45674967234599073,3.2391874180864813,0.45674967234599073,3.2391874180864813,0.0,0.0,1.0,0.5,0.7,1.0,0.5,0.5,1.0,0.7,0.7,0.7,0.7,0.3,0.3,-1.2193024366937402,0.0,-1.0520783564261795,-1.2193024366937402,0.0,0.0,-1.2193024366937402,-1.0520783564261795,-1.0520783564261795,-1.0520783564261795,-1.0520783564261795,1.67224080267558,1.67224080267558,0.8098740035093297,0.05684419009803382,0.316955891426691,0.02638383503238142,0.09538420739768964,0.0012351602770835982,0.17000000000000004
qwen,R0,mrpc@s0__snli@s0,mrpc,snli,0.7,0.055559352927774,0.7019024117732963,0.9912857706220664,1.0,0.5,0.7,1.0,0.7,0.7,0.7,0.7,0.7,0.3,0.7,3.6994759626338496,0.3504215083162294,0.0,3.6994759626338496,0.0,0.0,0.0,0.0,0.0,4.401913875598069,0.0,0.0,1.0,0.5,0.7,1.0,0.5,0.7,0.5,0.7,0.7,0.7,0.7,0.7,0.3,3.5500711912672,-0.23018509729473002,0.0,3.5500711912672,-0.23018509729473002,0.0,-0.23018509729473002,0.0,0.0,0.0,0.0,0.0,3.2757475083056597,0.4502404741363304,0.23248840857384626,0.18758505704595596,0.20320177158396296,0.05069328622180967,0.03844179562773254,0.14500000000000002
qwen,R0,mrpc@s0__scitail@s0,mrpc,scitail,0.7,0.0278154619161812,0.6963222635283095,0.987746480406572,1.0,0.5,0.7,1.0,0.7,0.7,0.7,0.5,0.7,0.3,0.5,-0.22279319401622005,-0.6224734498115801,0.0,-0.22279319401622005,0.0,0.0,0.0,-0.6224734498115801,0.0,-0.11396597008107995,-0.6224734498115801,0.0,1.0,0.5,0.7,1.0,0.5,1.0,0.5,0.7,0.7,0.7,0.7,0.5,0.3,0.7153659195247299,-0.7583040777747599,0.0,0.7153659195247299,-0.7583040777747599,0.7153659195247299,-0.7583040777747599,0.0,0.0,0.0,0.0,-0.7583040777747599,0.004320820956009962,0.6980190358492556,0.22978044688818575,0.2267599176034621,0.10851946381196446,0.07208096869811909,0.00020334626700722043,0.07250000000000001
qwen,R0,mrpc@s0__ag_news@s0,mrpc,ag_news,0.7,0.0623650759942966,0.6947500437812945,0.9928237628051996,1.0,0.5,0.7,1.0,0.7,0.7,0.7,0.7,0.7,0.3,0.5,0.8368777113733495,-0.2693019446045705,0.0,0.8368777113733495,0.0,0.0,0.0,0.0,0.0,0.3793647422867995,-0.2693019446045705,0.0,1.0,0.5,0.7,1.0,0.3,1.0,0.7,0.7,0.7,0.7,0.7,0.7,0.3,1.7491551119674,0.7261931082404403,0.0,1.7491551119674,0.7865828621963902,1.7491551119674,0.0,0.0,0.0,0.0,0.0,0.0,0.7865828621963902,0.42398330103620047,0.5586718317211571,0.11088433075369412,0.4051543720001619,0.008574217628340416,0.1823929486419995,0.12
qwen,R0,mrpc@s0__imdb@s0,mrpc,imdb,0.7,0.0163947590870667,0.6997862503233025,0.9943683648742642,1.0,0.5,0.7,1.0,0.7,0.7,0.7,0.5,0.7,0.3,0.7,1.2586644125105702,0.9302620456466602,0.0,1.2586644125105702,0.0,0.0,0.0,0.9302620456466602,0.0,5.6876584953508,0.0,0.0,1.0,0.5,0.7,1.0,0.7,0.7,0.7,0.7,0.7,0.7,0.7,0.5,0.3,0.6600811652562399,0.3969547299210501,0.0,0.6600811652562399,0.0,0.0,0.0,0.0,0.0,0.0,0.0,0.3969547299210501,5.39188976625665,0.5722847327275681,0.8658982018152697,0.23202422149014876,0.599145371367247,0.05541565842611066,0.6314666950047585,0.0625
qwen,R0,mrpc@s0__trec@s0,mrpc,trec,0.7,0.0187880562060889,0.6995138267258982,0.9972653235410124,1.0,0.5,0.7,1.0,0.7,0.7,0.7,0.7,0.7,0.3,1.0,-0.9596018735363001,0.0,0.0,-0.9596018735363001,0.0,0.0,0.0,0.0,0.0,2.4344262295081998,-0.9596018735363001,0.0,1.0,0.5,0.7,1.0,0.7,1.0,1.0,0.7,0.7,0.7,0.7,0.7,0.3,-1.02837573385516,-0.5146771037182,0.0,-1.02837573385516,0.0,-1.02837573385516,-1.02837573385516,0.0,0.0,0.0,0.0,0.0,1.7700587084148802,0.24335026712203542,0.8660749166969667,0.12222938557110787,0.806772334798761,0.020233790062457232,0.7993469318491413,0.050000000000000044
qwen,R0,mrpc@s0__yelp_polarity@s0,mrpc,yelp_polarity,0.5,0.0461520357731231,0.6982869264553273,0.9912005126823016,1.0,0.5,0.7,1.0,0.7,0.7,0.7,0.5,0.7,0.3,0.5,7.992292304071541,0.0,2.581725111791,7.992292304071541,2.581725111791,2.581725111791,2.581725111791,0.0,2.581725111791,0.048952694751689535,0.0,0.0,1.0,0.5,0.7,1.0,0.3,0.5,0.3,0.7,0.7,0.7,0.7,0.5,0.3,7.675246675246669,0.0,3.42857142857143,7.675246675246669,-0.5169455169455204,0.0,-0.5169455169455204,3.42857142857143,3.42857142857143,3.42857142857143,3.42857142857143,0.0,-0.5169455169455204,0.5072310022185036,0.6751493776545437,0.1491159777290647,0.28567340159364624,0.04814211100267756,0.19440409987267723,0.10000000000000009
qwen,R0,stsb@s0__mnli@s0,stsb,mnli,0.5,0.0415254584980651,0.6918713012355617,0.9697469859236026,1.0,0.5,0.7,1.0,0.7,0.7,0.5,0.5,0.5,0.3,0.5,5.77644513828478,0.0,1.54863233938817,5.77644513828478,1.54863233938817,1.54863233938817,0.0,0.0,0.0,11.013287176006159,0.0,0.0,1.0,0.5,0.7,1.0,0.5,0.5,0.5,0.7,0.5,0.5,0.7,0.5,0.3,5.85498911533019,0.0,1.6030282279217205,5.85498911533019,0.0,0.0,0.0,1.6030282279217205,0.0,0.0,1.6030282279217205,0.0,10.86009275140952,0.6498989569694004,0.43013835798659894,0.20981799646799631,0.4677292156620544,0.0603702409913023,0.46146353391838135,0.09037575939398479
qwen,R0,stsb@s0__qnli@s0,stsb,qnli,0.5,0.0439170796613845,0.6945272283775162,0.975093666828902,1.0,0.5,0.7,1.0,0.7,0.7,0.5,0.7,0.7,0.3,0.7,2.1425102306800503,0.0,-0.39356672259086983,2.1425102306800503,-0.39356672259086983,-0.39356672259086983,0.0,-0.39356672259086983,-0.39356672259086983,10.65031979717474,-0.39356672259086983,0.0,1.0,0.5,0.7,1.0,0.5,0.7,0.7,0.7,0.5,0.7,0.7,0.7,0.3,2.1876821849201895,0.0,-0.39322178112716977,2.1876821849201895,0.0,-0.39322178112716977,-0.39322178112716977,-0.39322178112716977,0.0,-0.39322178112716977,-0.39322178112716977,-0.39322178112716977,10.61904414213105,0.5557561828458262,0.6893630399444259,0.1691340557752638,0.4432029136890028,0.030063779570548076,0.0012147966527765437,0.05911122778069444
qwen,R0,stsb@s0__rte@s0,stsb,rte,0.5,0.0573727810578879,0.683000589201741,0.9672379028897878,1.0,0.5,0.7,1.0,0.7,0.7,0.5,0.5,0.7,0.3,0.5,3.13531147294112,0.0,0.6847342671967003,3.13531147294112,0.6847342671967003,0.6847342671967003,0.0,0.0,0.6847342671967003,3.6552496479187404,0.0,0.0,1.0,0.5,0.7,1.0,0.5,0.5,0.5,0.7,0.5,0.7,0.7,0.5,0.3,0.8600421711209699,0.0,0.02885204007408021,0.8600421711209699,0.0,0.0,0.0,0.02885204007408021,0.0,0.02885204007408021,0.02885204007408021,0.0,2.6368410924351107,0.7178278725066314,0.33711579399837494,0.3003484559408352,0.2823010507926691,0.12851385677599206,0.03528102891537471,0.145370808183248
qwen,R0,stsb@s0__wic@s0,stsb,wic,0.7,0.0527213181755314,0.7002223218518269,0.9900732188346628,1.0,0.5,0.7,1.0,0.7,0.7,0.7,0.5,0.7,0.3,0.7,4.92595387438458,0.9663304326732104,0.0,4.92595387438458,0.0,0.0,0.0,0.9663304326732104,0.0,16.07688850242398,0.0,0.0,1.0,0.5,0.7,1.0,0.7,0.7,0.7,0.7,0.7,0.7,0.7,0.5,0.3,4.6995344056137105,0.31770011782737,0.0,4.6995344056137105,0.0,0.0,0.0,0.0,0.0,0.0,0.0,0.31770011782737,16.00000112779304,0.6831915237081444,0.774332365397419,0.2727115385728982,0.4259939414611875,0.056118466149496615,0.0005244183647169542,0.12054413860346502
qwen,R0,stsb@s0__snli@s0,stsb,snli,0.5,0.0675780873237048,0.690585542808965,0.9539330317483156,1.0,0.5,0.7,1.0,0.7,0.7,0.5,0.5,0.7,0.3,0.5,5.821581857210189,0.0,2.2607495127692707,5.821581857210189,2.2607495127692707,2.2607495127692707,0.0,0.0,2.2607495127692707,3.03403859498641,0.0,0.0,1.0,0.5,0.7,1.0,0.5,0.5,0.5,0.7,0.5,0.7,0.7,0.5,0.3,5.808500522281951,0.0,2.2513864538273505,5.808500522281951,0.0,0.0,0.0,2.2513864538273505,0.0,2.2513864538273505,2.2513864538273505,0.0,2.901857030553741,0.7665904427207038,0.014746002721710174,0.32039523507774026,0.43974084513561745,0.16021723315036793,0.06754977272795828,0.09826576914422858
qwen,R0,stsb@s0__scitail@s0,stsb,scitail,0.7,0.1843287104973426,0.6985169653181003,0.9825435140333392,1.0,0.5,0.7,1.0,0.7,0.7,0.7,0.7,0.7,0.3,0.5,3.12334301906797,-0.4842260144308802,0.0,3.12334301906797,0.0,0.0,0.0,0.0,0.0,4.96814079071653,-0.4842260144308802,0.0,1.0,0.5,0.7,1.0,0.5,0.7,0.5,0.7,0.7,0.7,0.7,0.7,0.3,3.235298403113471,-0.6368121120206793,0.0,3.235298403113471,-0.6368121120206793,0.0,-0.6368121120206793,0.0,0.0,0.0,0.0,0.0,4.121022150618889,0.4442770419079112,0.9369322963984513,0.14958494881842466,0.6903309094627389,0.005754767117221382,0.015409587251752906,0.14980612015300376
qwen,R0,stsb@s0__ag_news@s0,stsb,ag_news,0.5,0.1275006686090152,0.6974025844385213,0.9809603268770648,1.0,0.5,0.7,1.0,0.7,0.7,0.7,0.7,0.7,0.3,0.5,12.289379207164458,0.0,4.1770312589955285,12.289379207164458,4.1770312589955285,4.1770312589955285,4.1770312589955285,4.1770312589955285,4.1770312589955285,3.576595796307708,0.0,0.0,1.0,0.5,0.7,1.0,0.5,0.5,0.5,0.7,0.7,0.7,0.7,0.7,0.3,12.378819992031682,0.0,4.2634328465063875,12.378819992031682,0.0,0.0,0.0,4.2634328465063875,4.2634328465063875,4.2634328465063875,4.2634328465063875,4.2634328465063875,3.4588307546993295,0.4991998340451456,0.8424914246124444,0.11418029001300685,0.599089663961213,0.017469962590143193,0.020963151146999787,0.14318532963324082
qwen,R0,stsb@s0__imdb@s0,stsb,imdb,1.0,0.016950783700014,0.7012445294545823,0.988200348122698,1.0,0.5,0.7,1.0,0.7,0.7,0.7,0.7,0.7,0.3,1.0,0.0,4.0719817136143295,0.3017346229997102,0.0,0.3017346229997102,0.3017346229997102,0.3017346229997102,0.3017346229997102,0.3017346229997102,15.615786381646931,0.0,0.0,1.0,0.5,0.7,1.0,0.7,1.0,1.0,0.7,0.7,0.7,0.7,0.7,0.3,0.0,3.9243191444739804,0.2464755894198603,0.0,0.2464755894198603,0.0,0.0,0.2464755894198603,0.2464755894198603,0.2464755894198603,0.2464755894198603,0.2464755894198603,15.33766091158408,0.5151341027807191,0.985062248240797,0.22514051479646452,0.8327970085896309,0.022042061795211725,0.12286118949670032,0.02172860571514279
qwen,R0,stsb@s0__trec@s0,stsb,trec,0.7,0.0366373288525214,0.7040292276990369,0.9966070410920116,1.0,0.5,0.7,1.0,0.7,0.7,0.7,0.7,0.5,0.3,0.7,2.2113728366498706,3.1003061804443703,0.0,2.2113728366498706,0.0,0.0,0.0,0.0,3.1003061804443703,15.00699033657012,0.0,0.0,1.0,0.5,0.7,1.0,0.7,0.7,0.7,0.7,0.7,0.5,0.7,0.7,0.3,2.2822761335621,2.77634086395234,0.0,2.2822761335621,0.0,0.0,0.0,0.0,0.0,2.77634086395234,0.0,0.0,14.30234113912604,0.3860930936631047,0.7899103058848826,0.19455713370416214,0.8218527297053125,0.025499567153573308,0.1114191130139276,0.03603933848346197
qwen,R0,stsb@s0__yelp_polarity@s0,stsb,yelp_polarity,0.7,0.0352899512804705,0.6993406402205714,0.9831350004093056,1.0,0.5,0.7,1.0,0.7,0.7,0.7,0.7,0.7,0.3,0.7,0.6442190873094902,2.2234035521768303,0.0,0.6442190873094902,0.0,0.0,0.0,0.0,0.0,10.22391175235361,0.0,0.0,1.0,0.5,0.7,1.0,0.7,0.7,0.7,0.7,0.7,0.7,0.7,0.7,0.3,0.7496384643374897,2.08191368330413,0.0,0.7496384643374897,0.0,0.0,0.0,0.0,0.0,0.0,0.0,0.0,10.070332558211389,0.5347874844786663,0.9865973582455185,0.18029565034871906,0.6258671911554011,0.027166629272958973,0.04227773224639939,0.05348421210530263
qwen,R0,mnli@s0__qnli@s0,mnli,qnli,0.7,0.0509432292886165,0.6992373992096974,0.9755468370739852,1.0,0.5,0.7,1.0,0.7,0.7,0.7,0.7,0.5,0.3,0.7,2.6635998047863207,2.42259862432318,0.0,2.6635998047863207,0.0,0.0,0.0,0.0,2.42259862432318,21.87406922802122,0.0,0.0,1.0,0.5,0.7,1.0,0.7,0.7,0.7,0.7,0.7,0.5,0.7,0.7,0.3,2.6024264718405696,2.4336368489696705,0.0,2.6024264718405696,0.0,0.0,0.0,0.0,0.0,2.4336368489696705,0.0,0.0,21.86130330143503,0.5376645653685546,0.4890241039336634,0.22885441500197334,0.1027219938369611,0.086455540604896,0.012562977660447573,0.14749999999999996
qwen,R0,mnli@s0__rte@s0,mnli,rte,0.7,0.0429887835141891,0.6643952672119144,0.9645933229196236,1.0,0.5,0.7,1.0,0.7,0.7,0.3,0.5,0.5,0.3,0.5,2.2135325899935707,-1.0521057051714098,0.0,2.2135325899935707,0.0,0.0,10.30684065110278,-1.0521057051714098,-1.0521057051714098,10.30684065110278,-1.0521057051714098,0.0,1.0,0.5,0.7,1.0,0.7,0.7,0.5,0.7,0.3,0.5,0.7,0.5,0.3,2.2505754075456297,-1.4220361453525898,0.0,2.2505754075456297,0.0,0.0,-1.4220361453525898,0.0,9.65911119468173,-1.4220361453525898,0.0,-1.4220361453525898,9.65911119468173,0.7381070686940576,0.44374645495529624,0.20821283300023385,0.053316975734492,0.030317352709096357,0.016528402383918436,0.14757246376811595
qwen,R0,mnli@s0__wic@s0,mnli,wic,0.7,0.0993541440083722,0.7009716754479959,0.9848089703714352,1.0,0.5,0.7,1.0,0.7,0.7,0.7,0.5,0.7,0.3,1.0,-0.4561209288044904,4.673401630748519,0.0,-0.4561209288044904,0.0,0.0,0.0,4.673401630748519,0.0,26.135977876134888,-0.4561209288044904,0.0,1.0,0.5,0.7,1.0,1.0,1.0,1.0,0.7,0.7,0.7,0.7,0.5,0.3,-0.20129204072413948,5.17013072093707,0.0,-0.20129204072413948,-0.20129204072413948,-0.20129204072413948,-0.20129204072413948,0.0,0.0,0.0,0.0,5.17013072093707,26.68857784508466,0.5587692713405276,0.8230934600132653,0.12183836844124862,0.0022078084506913587,0.03448208050895941,2.2892248503636834e-05,0.1775
qwen,R0,mnli@s0__snli@s0,mnli,snli,0.5,0.0398834433157218,0.6851187302316649,0.9512368461284716,1.0,0.5,0.7,1.0,0.7,0.7,0.5,0.5,0.3,0.3,0.5,4.648917947601849,0.0,1.8234260044300101,4.648917947601849,1.8234260044300101,1.8234260044300101,0.0,0.0,6.427806494789889,6.427806494789889,0.0,0.0,1.0,0.5,0.7,1.0,0.5,0.5,0.5,0.7,0.5,0.3,0.7,0.5,0.3,4.59539717070999,0.0,1.8494574349292505,4.59539717070999,0.0,0.0,0.0,1.8494574349292505,0.0,6.415120310739961,1.8494574349292505,0.0,6.415120310739961,0.7190464000960075,0.020477730971613085,0.5966883278495935,0.013147508662902171,0.28529927136080463,0.003940057398237289,0.10250000000000004
qwen,R0,mnli@s0__scitail@s0,mnli,scitail,0.5,0.0953551558941392,0.6990768700971944,0.9804533902324692,1.0,0.5,0.7,1.0,0.7,0.7,0.7,0.7,0.7,0.3,0.5,10.6064570921627,0.0,2.3240516707539003,10.6064570921627,2.3240516707539003,2.3240516707539003,2.3240516707539003,2.3240516707539003,2.3240516707539003,15.19377474687702,0.0,0.0,1.0,0.5,0.7,1.0,0.7,0.7,0.5,0.7,0.7,0.7,0.7,0.7,0.3,11.180878963717978,0.0,2.83802972577048,11.180878963717978,2.83802972577048,2.83802972577048,0.0,2.83802972577048,2.83802972577048,2.83802972577048,2.83802972577048,2.83802972577048,15.103478511125502,0.5932885990728672,0.8208295035460377,0.18154230207766586,0.25303861714210985,0.03515536609379685,0.00034882313190013893,0.15749999999999997
qwen,R0,mnli@s0__ag_news@s0,mnli,ag_news,0.7,0.0513326710472177,0.7031918452600115,0.9865371935779286,1.0,0.5,0.7,1.0,0.7,0.7,0.7,1.0,0.5,0.3,0.7,7.97041103563727,0.4484119772653804,0.0,7.97041103563727,0.0,0.0,0.0,7.97041103563727,0.4484119772653804,15.73652070162956,0.0,0.0,1.0,0.5,0.7,1.0,0.5,0.7,0.7,0.7,0.7,0.5,0.7,1.0,0.3,8.179140181720548,0.3977518517352202,0.0,8.179140181720548,0.3977518517352202,0.0,0.0,0.0,0.0,0.3977518517352202,0.0,8.179140181720548,15.66839303590481,0.2194558095203217,0.7881166957984294,0.04852913469095953,0.33456694886022587,0.008215872291864754,0.022394218206014296,0.10499999999999998
qwen,R0,mnli@s0__imdb@s0,mnli,imdb,0.7,0.0403837288366557,0.7023811891294055,0.9905110837525992,1.0,0.5,0.7,1.0,0.7,0.7,0.7,0.7,0.7,0.3,0.7,2.37846124759413,3.1045988131414,0.0,2.37846124759413,0.0,0.0,0.0,0.0,0.0,20.882911120678322,0.0,0.0,1.0,0.5,0.7,1.0,0.7,0.7,0.7,0.7,0.7,0.7,0.7,0.7,0.3,2.44884139435319,3.15979996262973,0.0,2.44884139435319,0.0,0.0,0.0,0.0,0.0,0.0,0.0,0.0,20.90923485992003,0.6062108035996291,0.9322853014382476,0.21642417263028677,0.6287433133456192,0.08432889881309605,0.22195642197819382,0.07250000000000001
qwen,R0,mnli@s0__trec@s0,mnli,trec,1.0,0.0409242030267789,0.7047490072649983,0.9953668312482792,1.0,0.5,0.7,1.0,0.7,0.7,0.7,0.7,0.5,1.0,1.0,0.0,6.08618148309849,0.6353521518566801,0.0,0.6353521518566801,0.6353521518566801,0.6353521518566801,0.6353521518566801,6.08618148309849,0.0,0.0,0.0,1.0,0.5,0.7,1.0,1.0,1.0,1.0,0.7,0.7,0.5,0.7,0.7,1.0,0.0,6.06653020650375,0.7726259122065198,0.0,0.0,0.0,0.0,0.7726259122065198,0.7726259122065198,6.06653020650375,0.7726259122065198,0.7726259122065198,0.0,0.3128655537830389,0.8295740882418782,0.16604729223006898,0.7946306515786964,0.04636401250658648,0.4157711147177258,0.07499999999999996
qwen,R0,mnli@s0__yelp_polarity@s0,mnli,yelp_polarity,0.5,0.0661762750237719,0.7006830324984383,0.984006756637454,1.0,0.5,0.7,1.0,0.7,0.7,0.7,0.7,0.5,0.3,0.7,2.2839318447168298,0.0,-0.20616377163121952,2.2839318447168298,-0.20616377163121952,-0.20616377163121952,-0.20616377163121952,-0.20616377163121952,0.0,13.13614322028997,-0.20616377163121952,0.0,1.0,0.5,0.7,1.0,0.5,0.7,0.7,0.7,0.7,0.5,0.7,0.7,0.3,2.3688101648386097,0.0,-0.1424961893213894,2.3688101648386097,0.0,-0.1424961893213894,-0.1424961893213894,-0.1424961893213894,-0.1424961893213894,0.0,-0.1424961893213894,-0.1424961893213894,13.276703488765262,0.6167733266774807,0.9302360935200449,0.23433878084537454,0.381924234542962,0.08153117433593882,0.04488638973282211,0.10749999999999993
qwen,R0,qnli@s0__rte@s0,qnli,rte,0.7,0.0346503394688042,0.6698182613557978,0.969594804448018,1.0,0.5,0.7,1.0,0.7,0.7,0.5,0.7,0.5,0.3,0.7,2.0147435209734805,4.526761585107301,0.0,2.0147435209734805,0.0,0.0,4.526761585107301,0.0,4.526761585107301,25.26107679811184,0.0,0.0,1.0,0.5,0.7,1.0,0.7,0.7,0.7,0.7,0.5,0.5,0.7,0.7,0.3,2.3140366950304996,1.9143943738094595,0.0,2.3140366950304996,0.0,0.0,0.0,0.0,1.9143943738094595,1.9143943738094595,0.0,0.0,19.82162198977496,0.8232715964953286,0.6422772405854358,0.2071092125184319,0.05792983638137727,0.12316437958881823,0.0008908972223732825,0.13996376811594202
qwen,R0,qnli@s0__wic@s0,qnli,wic,0.5,0.0150834572880373,0.7031762412318276,0.9867219648805396,1.0,0.5,0.7,1.0,0.7,0.7,0.7,0.7,0.7,0.3,0.5,6.00335925567282,0.0,1.4966906589731699,6.00335925567282,1.4966906589731699,1.4966906589731699,1.4966906589731699,1.4966906589731699,1.4966906589731699,14.05057351928204,0.0,0.0,1.0,0.5,0.7,1.0,0.5,0.5,0.5,0.7,0.7,0.7,0.7,0.7,0.3,5.58730504714743,0.0,1.3466098430235602,5.58730504714743,0.0,0.0,0.0,1.3466098430235602,1.3466098430235602,1.3466098430235602,1.3466098430235602,1.3466098430235602,14.065895142668369,0.7014973544419707,0.5665919762918765,0.341884290485032,0.013465352331013685,0.12573033585291452,1.1564494836797352e-08,0.13250000000000006
qwen,R0,qnli@s0__snli@s0,qnli,snli,0.7,0.0469319753037753,0.6986001099895102,0.9826612949874316,1.0,0.5,0.7,1.0,0.7,0.7,0.7,0.7,0.7,0.3,0.7,1.0866492574298503,2.1718803884773803,0.0,1.0866492574298503,0.0,0.0,0.0,0.0,0.0,19.78270932053648,0.0,0.0,1.0,0.5,0.7,1.0,0.7,0.7,0.7,0.7,0.7,0.7,0.7,0.7,0.3,1.0038951402092704,2.18950066014501,0.0,1.0038951402092704,0.0,0.0,0.0,0.0,0.0,0.0,0.0,0.0,19.75045626959478,0.7831301160026376,0.622233280882888,0.35911493370844094,0.6121980105117916,0.1248090989451002,0.0008745750294116721,0.125
qwen,R0,qnli@s0__scitail@s0,qnli,scitail,0.3,0.0751464117063258,0.693697194174376,0.9666432977043904,1.0,0.5,0.7,1.0,0.7,0.7,0.7,0.7,0.7,1.0,0.3,9.519757425833001,2.46484857815598,6.661717416056279,9.519757425833001,6.661717416056279,6.661717416056279,6.661717416056279,6.661717416056279,6.661717416056279,9.519757425833001,0.0,0.0,1.0,0.5,0.7,1.0,0.3,0.3,0.3,0.7,0.7,0.7,0.7,0.7,1.0,9.85780169922713,2.7368071624036205,6.940589078523692,9.85780169922713,0.0,0.0,0.0,6.940589078523692,6.940589078523692,6.940589078523692,6.940589078523692,6.940589078523692,9.85780169922713,0.24973472283385634,0.5720030557225567,0.11194679919189567,0.269487446117983,0.024510884524512246,1.956809072305233e-05,0.13749999999999996
qwen,R0,qnli@s0__ag_news@s0,qnli,ag_news,0.5,0.0729502993711714,0.7015811421863459,0.9843322709366004,1.0,0.5,0.7,1.0,0.7,0.7,0.7,0.7,0.7,0.3,0.5,12.635785756028039,0.0,6.353171328673751,12.635785756028039,6.353171328673751,6.353171328673751,6.353171328673751,6.353171328673751,6.353171328673751,2.6508658090185,0.0,0.0,1.0,0.5,0.7,1.0,0.5,0.5,0.5,0.7,0.7,0.7,0.7,0.7,0.3,12.683427346297771,0.0,6.333000569316159,12.683427346297771,0.0,0.0,0.0,6.333000569316159,6.333000569316159,6.333000569316159,6.333000569316159,6.333000569316159,2.6749754104352195,0.3815060805174807,0.4429790247681696,0.16968052222278612,0.148751549329202,0.027309393298778305,0.0010254771283146455,0.11749999999999994
qwen,R0,qnli@s0__imdb@s0,qnli,imdb,1.0,0.011654243053339,0.7003043067835866,0.9827622211755936,1.0,0.5,0.7,1.0,0.7,0.7,0.7,0.7,0.7,1.0,1.0,0.0,3.63128543006337,0.015462063674999936,0.0,0.015462063674999936,0.015462063674999936,0.015462063674999936,0.015462063674999936,0.015462063674999936,0.0,0.0,0.0,1.0,0.5,0.7,1.0,0.7,1.0,1.0,0.7,0.7,0.7,0.7,0.7,1.0,0.0,3.7350575050310995,0.005539033140449998,0.0,0.005539033140449998,0.0,0.0,0.005539033140449998,0.005539033140449998,0.005539033140449998,0.005539033140449998,0.005539033140449998,0.0,0.7339750050692303,0.9488182276656024,0.33727466530375194,0.4421093831022185,0.08493732685006657,0.001526603255297718,0.040000000000000036
qwen,R0,qnli@s0__trec@s0,qnli,trec,1.0,0.0298419968247739,0.704689284272345,0.9938535075571204,1.0,0.5,0.7,1.0,0.7,0.7,0.7,0.7,0.7,0.3,1.0,0.0,3.25719331418684,0.7417631424035401,0.0,0.7417631424035401,0.7417631424035401,0.7417631424035401,0.7417631424035401,0.7417631424035401,16.91490215665638,0.0,0.0,1.0,0.5,0.7,1.0,1.0,1.0,1.0,0.7,0.7,0.7,0.7,0.7,0.3,0.0,3.50606968042729,0.74526406829785,0.0,0.0,0.0,0.0,0.74526406829785,0.74526406829785,0.74526406829785,0.74526406829785,0.74526406829785,16.589013196440032,0.3040027599223177,0.601506101316895,0.18593300255284823,0.3172640297487751,0.04756033222514977,0.021835529529638655,0.04749999999999999
qwen,R0,qnli@s0__yelp_polarity@s0,qnli,yelp_polarity,0.5,0.025175881491414,0.6986108844509701,0.9782114829628432,1.0,0.5,0.7,1.0,0.7,0.7,0.7,1.0,0.7,0.3,0.5,3.3590720699564205,0.0,0.031936081228610066,3.3590720699564205,0.031936081228610066,0.031936081228610066,0.031936081228610066,3.3590720699564205,0.031936081228610066,12.4725701957396,0.0,0.0,1.0,0.5,0.7,1.0,0.7,0.5,0.7,0.7,0.7,0.7,0.7,1.0,0.3,3.3038056968810405,0.0,-0.022847986188119854,3.3038056968810405,-0.022847986188119854,0.0,-0.022847986188119854,-0.022847986188119854,-0.022847986188119854,-0.022847986188119854,-0.022847986188119854,3.3038056968810405,12.53443580327491,0.7053967346764441,0.9011115485441825,0.30383141563406457,0.21015981288759458,0.09190564251885865,0.0005892344280476681,0.050000000000000044
qwen,R0,rte@s0__wic@s0,rte,wic,0.7,0.0502272042038163,0.6763360402727513,0.9929597429124672,1.0,0.5,0.7,1.0,0.7,0.7,0.7,0.5,0.7,0.3,0.7,4.08913727010378,5.1713184304604205,0.0,4.08913727010378,0.0,0.0,0.0,5.1713184304604205,0.0,19.44911056553387,0.0,0.0,1.0,0.5,0.7,1.0,0.7,0.7,0.7,0.7,0.7,0.7,0.7,0.5,0.3,2.4271844660194093,5.6531480338994,0.0,2.4271844660194093,0.0,0.0,0.0,0.0,0.0,0.0,0.0,5.6531480338994,18.183589310647143,0.805224198198126,0.9213434170823748,0.12734590639362367,0.41012099316951933,0.06696970038894268,9.028301680150913e-05,0.19481884057971022
qwen,R0,rte@s0__snli@s0,rte,snli,0.7,0.0248588821605871,0.68056822772964,0.9645789781636084,1.0,0.5,0.7,1.0,0.7,0.7,0.5,0.3,0.5,0.3,0.5,2.1420388358861295,-1.84135113712579,0.0,2.1420388358861295,0.0,0.0,-1.84135113712579,5.10013830992334,-1.84135113712579,5.10013830992334,-1.84135113712579,0.0,1.0,0.5,0.7,1.0,0.7,0.5,0.5,0.7,0.5,0.5,0.7,0.3,0.3,1.4821146340676699,-1.89532349403973,0.0,1.4821146340676699,0.0,-1.89532349403973,-1.89532349403973,0.0,-1.89532349403973,-1.89532349403973,0.0,5.224264011316871,5.224264011316871,0.8428697513877408,0.17084023732252662,0.4084967948912927,0.10337565833025435,0.4159151620889294,0.01299056626114872,0.10684782608695653
qwen,R0,rte@s0__scitail@s0,rte,scitail,0.5,0.1174215557131759,0.6763674829560836,0.9814814254649472,1.0,0.5,0.7,1.0,0.7,0.7,0.5,0.5,0.7,0.3,0.7,5.135609822001559,0.0,-1.7129958005426702,5.135609822001559,-1.7129958005426702,-1.7129958005426702,0.0,0.0,-1.7129958005426702,9.645804483174018,-1.7129958005426702,0.0,1.0,0.5,0.7,1.0,0.7,0.7,0.7,0.7,0.5,0.7,0.7,0.5,0.3,4.11153119092626,0.0,-1.03097986675722,4.11153119092626,-1.03097986675722,-1.03097986675722,-1.03097986675722,-1.03097986675722,0.0,-1.03097986675722,-1.03097986675722,0.0,6.33683263897811,0.836353423479147,0.8703551708076516,0.3079257728271174,0.3866347332759836,0.10803622180655743,0.0066912617898929475,0.1490579710144928
qwen,R0,rte@s0__ag_news@s0,rte,ag_news,0.5,0.0734788144169041,0.6735451870326444,0.9856928334202132,1.0,0.5,0.7,1.0,0.7,0.7,0.5,0.7,0.5,0.3,0.5,4.24888112564394,0.0,2.4558905781258007,4.24888112564394,2.4558905781258007,2.4558905781258007,0.0,2.4558905781258007,0.0,2.7804613481127505,0.0,0.0,1.0,0.5,0.7,1.0,0.5,0.5,0.3,0.7,0.5,0.5,0.7,0.7,0.3,2.9227100322193595,0.0,0.5950170541504207,2.9227100322193595,0.0,0.0,-0.5940511173741891,0.5950170541504207,0.0,0.0,0.5950170541504207,0.5950170541504207,-0.5940511173741891,0.720241616364606,0.8381969355245741,0.12690470386471675,0.37828042609590584,0.08707776608265294,0.013808688290973209,0.167427536231884
qwen,R0,rte@s0__imdb@s0,rte,imdb,0.7,0.0302594660666166,0.6820012109118981,0.9914241037045216,1.0,0.5,0.7,1.0,0.7,0.7,0.7,0.5,0.7,0.3,0.7,2.84631854241822,3.9263688640720105,0.0,2.84631854241822,0.0,0.0,0.0,3.9263688640720105,0.0,18.27538207549042,0.0,0.0,1.0,0.5,0.7,1.0,0.7,0.7,0.7,0.7,0.7,0.7,0.7,0.5,0.3,2.66942185866422,2.5353681559384693,0.0,2.66942185866422,0.0,0.0,0.0,0.0,0.0,0.0,0.0,2.5353681559384693,13.98712485808909,0.8599516905190221,0.9871839445718907,0.26686880344803077,0.6253293393512999,0.10203773830990016,0.06621243602047533,0.08471014492753637
qwen,R0,rte@s0__trec@s0,rte,trec,0.7,0.023175940891249,0.6816371899008372,0.99778945913564,1.0,0.5,0.7,1.0,0.7,0.7,0.7,0.7,0.7,0.3,0.7,0.13228276764412003,3.0516431924882803,0.0,0.13228276764412003,0.0,0.0,0.0,0.0,0.0,13.91855229739091,0.0,0.0,1.0,0.5,0.7,1.0,1.0,0.7,1.0,0.7,0.7,0.7,0.7,0.7,0.3,-0.65666976991621,2.2842133262402102,0.0,-0.65666976991621,-0.65666976991621,0.0,-0.65666976991621,0.0,0.0,0.0,0.0,0.0,10.27895996808088,0.5768962016363394,0.8602942117813356,0.14045366514066931,0.6813186994138458,0.07339160095873784,0.0849167505249114,0.06771739130434784
qwen,R0,rte@s0__yelp_polarity@s0,rte,yelp_polarity,0.5,0.0511907247990965,0.6798987762482731,0.9866456113325276,1.0,0.5,0.7,1.0,0.7,0.7,0.7,0.5,0.7,0.3,0.5,6.57890920481706,0.0,1.34251417345368,6.57890920481706,1.34251417345368,1.34251417345368,1.34251417345368,0.0,1.34251417345368,8.094675963524159,0.0,0.0,1.0,0.5,0.7,1.0,0.7,0.7,0.5,0.7,0.7,0.7,0.7,0.5,0.3,6.80965292615779,0.0,4.339568417238321,6.80965292615779,4.339568417238321,4.339568417238321,0.0,4.339568417238321,4.339568417238321,4.339568417238321,4.339568417238321,0.0,3.0165394243064205,0.8149436819347383,0.9814793747633253,0.2150172507381697,0.4471202963914635,0.09353304959567446,0.031762161927615336,0.07746376811594202
qwen,R0,wic@s0__snli@s0,wic,snli,0.7,0.0412394622920938,0.7023999772009409,0.9932872642912612,1.0,0.5,0.7,1.0,0.7,0.7,0.7,0.5,0.7,0.3,0.7,3.2816873292489097,0.9242507854289601,0.0,3.2816873292489097,0.0,0.0,0.0,0.9242507854289601,0.0,12.12714333791109,0.0,0.0,1.0,0.5,0.7,1.0,0.7,0.7,0.7,0.7,0.7,0.7,0.7,0.5,0.3,2.4872498583317695,0.4964737703434897,0.0,2.4872498583317695,0.0,0.0,0.0,0.0,0.0,0.0,0.0,0.4964737703434897,12.118388617016379,0.7882094929749982,0.814092171973726,0.3860423085992689,0.41609666599849915,0.17552302423136848,7.875101058013448e-05,0.14500000000000002
qwen,R0,wic@s0__scitail@s0,wic,scitail,0.5,0.0643430209960471,0.7021715976529659,0.9862738665730196,1.0,0.5,0.7,1.0,0.7,0.7,0.7,0.7,0.7,0.3,0.5,0.7612258816799694,0.0,1.2267250419847595,0.7612258816799694,1.2267250419847595,1.2267250419847595,1.2267250419847595,1.2267250419847595,1.2267250419847595,1.61650496116868,0.0,0.0,1.0,0.5,0.7,1.0,0.5,0.5,1.0,0.7,0.7,0.7,0.7,0.7,0.3,-0.18176530463865082,0.0,1.0506034608114,-0.18176530463865082,0.0,0.0,-0.18176530463865082,1.0506034608114,1.0506034608114,1.0506034608114,1.0506034608114,1.0506034608114,1.9485240657263398,0.6287901385087777,0.9426623865641041,0.2698500220635449,0.15527339044596764,0.05288289404715447,0.001814115977941049,0.21499999999999997
qwen,R0,wic@s0__ag_news@s0,wic,ag_news,1.0,-0.0021452674071318,0.7053136362976923,0.9942002507212696,1.0,0.5,0.7,1.0,0.7,0.7,0.7,0.7,0.7,0.3,1.0,0.0,0.6349835665064599,0.5373031536331899,0.0,0.5373031536331899,0.5373031536331899,0.5373031536331899,0.5373031536331899,0.5373031536331899,9.49494526390028,0.0,0.0,1.0,0.5,0.7,1.0,0.7,0.5,1.0,0.7,0.7,0.7,0.7,0.7,0.3,0.0,2.4420335453797,1.41798477791324,0.0,1.41798477791324,2.4420335453797,0.0,1.41798477791324,1.41798477791324,1.41798477791324,1.41798477791324,1.41798477791324,10.88324483483523,0.32184497558801856,0.8129572620625116,0.13853778660788152,0.23545448422898704,0.020216970155631283,7.271347490628852e-05,0.10000000000000009
qwen,R0,wic@s0__imdb@s0,wic,imdb,0.7,-0.0109987048942588,0.7051566967697719,0.9952313408972264,1.0,0.5,0.7,1.0,0.7,0.7,0.7,0.5,0.7,0.3,0.7,0.81205844261596,1.1862431851846,0.0,0.81205844261596,0.0,0.0,0.0,1.1862431851846,0.0,16.09905620138505,0.0,0.0,1.0,0.5,0.7,1.0,0.7,1.0,0.7,0.7,0.7,0.7,0.7,0.5,0.3,1.35156533670556,1.46373546409929,0.0,1.35156533670556,0.0,1.35156533670556,0.0,0.0,0.0,0.0,0.0,1.46373546409929,15.859515569405168,0.6779569307577324,0.9404752404816515,0.34199915466684855,0.3144555985563483,0.12231692217525715,3.1307757816422506e-05,0.08250000000000002
qwen,R0,wic@s0__trec@s0,wic,trec,1.0,0.0057339449541284,0.706324555897478,0.9978410315748188,1.0,0.5,0.7,1.0,0.7,0.7,0.7,0.7,0.5,0.3,1.0,0.0,2.71563392991428,1.5030455707625199,0.0,1.5030455707625199,1.5030455707625199,1.5030455707625199,1.5030455707625199,2.71563392991428,14.488080914423218,0.0,0.0,1.0,0.5,0.7,1.0,1.0,1.0,1.0,0.7,0.7,0.5,0.7,0.7,0.3,0.0,3.03007742703991,1.8434736793879098,0.0,0.0,0.0,0.0,1.8434736793879098,1.8434736793879098,3.03007742703991,1.8434736793879098,1.8434736793879098,14.94708388692903,0.4792259360180371,0.7576236564643432,0.40496071206993445,0.3772187252277206,0.1055705748955785,0.0003593814674606297,0.06999999999999995
qwen,R0,wic@s0__yelp_polarity@s0,wic,yelp_polarity,0.7,0.0110276891918443,0.7048265469743173,0.9930514675336584,1.0,0.5,0.7,1.0,0.7,0.7,0.7,0.7,0.7,0.3,0.5,2.3848298898175804,-0.55421836978371,0.0,2.3848298898175804,0.0,0.0,0.0,0.0,0.0,9.25318909360216,-0.55421836978371,0.0,1.0,0.5,0.7,1.0,0.7,0.7,0.5,0.7,0.7,0.7,0.7,0.7,0.3,1.69806691545823,-1.83508879161054,0.0,1.69806691545823,0.0,0.0,-1.83508879161054,0.0,0.0,0.0,0.0,0.0,7.5883217187564895,0.604933323008705,0.9485619376651448,0.29586068458255377,0.22421905390801186,0.0929034624539683,0.00021678869755369426,0.09499999999999997
qwen,R0,snli@s0__scitail@s0,snli,scitail,0.5,0.1007158729612345,0.7004505148184006,0.9841851813480192,1.0,0.5,0.7,1.0,0.7,0.7,0.7,0.7,0.7,0.3,0.5,5.09145656816994,0.0,1.24212318456923,5.09145656816994,1.24212318456923,1.24212318456923,1.24212318456923,1.24212318456923,1.24212318456923,5.268649058880019,0.0,0.0,1.0,0.5,0.7,1.0,0.5,0.5,0.5,0.7,0.7,0.7,0.7,0.7,0.3,5.1285524980643284,0.0,1.2804334816970604,5.1285524980643284,0.0,0.0,0.0,1.2804334816970604,1.2804334816970604,1.2804334816970604,1.2804334816970604,1.2804334816970604,4.881558725393709,0.5954937551315641,0.7625075094041857,0.250093377777133,0.5949082668245663,0.05412216403389684,0.0036302190296435906,0.14
qwen,R0,snli@s0__ag_news@s0,snli,ag_news,0.3,0.1376544848675482,0.7001853114607897,0.985758906640982,1.0,0.5,0.7,1.0,0.7,0.7,0.7,0.7,0.5,0.3,0.3,1.7341443339811606,2.347876777021421,2.1938062012499593,1.7341443339811606,2.1938062012499593,2.1938062012499593,2.1938062012499593,2.1938062012499593,2.347876777021421,0.0,0.0,0.0,1.0,0.5,0.7,1.0,0.3,0.3,0.3,0.7,0.7,0.5,0.7,0.7,0.3,1.8038059127419488,2.4273525358603303,2.2804002031068302,1.8038059127419488,0.0,0.0,0.0,2.2804002031068302,2.2804002031068302,2.4273525358603303,2.2804002031068302,2.2804002031068302,0.0,0.6149784965422154,0.7511084454884113,0.16804406118508505,0.5756821253437822,0.031748544100369015,0.006026381006925597,0.2024999999999999
qwen,R0,snli@s0__imdb@s0,snli,imdb,0.7,0.048541876477099,0.7025934728734906,0.989303436056188,1.0,0.5,0.7,1.0,0.7,0.7,0.7,0.5,0.7,0.3,0.7,0.7665748556436903,1.4078027235921997,0.0,0.7665748556436903,0.0,0.0,0.0,1.4078027235921997,0.0,11.278364011157539,0.0,0.0,1.0,0.5,0.7,1.0,1.0,1.0,0.7,0.7,0.7,0.7,0.7,0.5,0.3,0.7992412535808603,1.35603608194787,0.0,0.7992412535808603,0.7992412535808603,0.7992412535808603,0.0,0.0,0.0,0.0,0.0,1.35603608194787,11.150656879622428,0.6062948753744812,0.9199194812676449,0.283696782506941,0.8018292910967049,0.1005595246258378,0.037587290930718706,0.10000000000000009
qwen,R0,snli@s0__trec@s0,snli,trec,0.7,0.0093401349872446,0.7049067797308738,0.9966659360919176,1.0,0.5,0.7,1.0,0.7,0.7,0.7,0.7,0.5,0.3,0.7,0.9451254813636101,1.3555918484736398,0.0,0.9451254813636101,0.0,0.0,0.0,0.0,1.3555918484736398,12.42683833279172,0.0,0.0,1.0,0.5,0.7,1.0,0.7,0.7,0.7,0.7,0.7,0.5,0.7,0.7,0.3,0.66282645584517,1.4052148415913102,0.0,0.66282645584517,0.0,0.0,0.0,0.0,0.0,1.4052148415913102,0.0,0.0,11.936890079383149,0.4530188945505558,0.8142668522833453,0.28653824370466874,0.6667426816036931,0.06927226006450543,0.029817404079846,0.03500000000000003
qwen,R0,snli@s0__yelp_polarity@s0,snli,yelp_polarity,0.5,0.0717855603889159,0.7010930493828592,0.984548842353265,1.0,0.5,0.7,1.0,0.7,0.7,0.7,0.7,0.7,0.3,0.5,2.6986225861193507,0.0,0.39916982061263956,2.6986225861193507,0.39916982061263956,0.39916982061263956,0.39916982061263956,0.39916982061263956,0.39916982061263956,4.9809449488631,0.0,0.0,1.0,0.5,0.7,1.0,0.5,0.7,0.5,0.7,0.7,0.7,0.7,0.7,0.3,2.7050187349190695,0.0,0.4264349779299792,2.7050187349190695,0.0,0.4264349779299792,0.0,0.4264349779299792,0.4264349779299792,0.4264349779299792,0.4264349779299792,0.4264349779299792,4.980110627951159,0.6136576694807093,0.9475273194559644,0.25785885155692273,0.5861752691855985,0.08140196524382433,0.014353348647474748,0.12250000000000005
qwen,R0,scitail@s0__ag_news@s0,scitail,ag_news,0.5,0.0455904547969183,0.7034049500270213,0.9897956637755762,1.0,0.5,0.7,1.0,0.7,0.7,0.7,0.7,0.7,0.3,0.3,5.58996421465503,0.0,1.8742788737793101,5.58996421465503,1.8742788737793101,1.8742788737793101,1.8742788737793101,1.8742788737793101,1.8742788737793101,-1.0915625112990797,-1.0915625112990797,0.0,1.0,0.5,0.7,1.0,0.3,0.3,0.3,0.7,0.7,0.7,0.7,0.7,0.3,5.51349184821792,0.0,1.7891959056567401,5.51349184821792,-1.1535662923423902,-1.1535662923423902,-1.1535662923423902,1.7891959056567401,1.7891959056567401,1.7891959056567401,1.7891959056567401,1.7891959056567401,-1.1535662923423902,0.3835646927890175,0.8732951218169435,0.12565602419841349,0.40977121319381715,0.01509737508688473,0.0008550404065702774,0.06999999999999995
qwen,R0,scitail@s0__imdb@s0,scitail,imdb,0.7,0.0216195598043964,0.7028714371583495,0.9890410051283992,1.0,0.5,0.7,1.0,0.7,0.7,0.7,0.7,0.7,0.3,0.5,0.8168190722147601,-0.42356647226596994,0.0,0.8168190722147601,0.0,0.0,0.0,0.0,0.0,4.96984491865511,-0.42356647226596994,0.0,1.0,0.5,0.7,1.0,0.5,0.5,0.5,0.7,0.7,0.7,0.7,0.7,0.3,0.88827315419393,-0.41480915947914,0.0,0.88827315419393,-0.41480915947914,-0.41480915947914,-0.41480915947914,0.0,0.0,0.0,0.0,0.0,4.7765496386837,0.5182672885752281,0.9745096272830285,0.23707524887173914,0.6267595532711425,0.039380947132953974,0.0037637663117470626,0.04749999999999999
qwen,R0,scitail@s0__trec@s0,scitail,trec,0.7,0.0128405472343435,0.7063098337540041,0.9973822126379016,1.0,0.5,0.7,1.0,0.7,0.7,0.7,0.7,0.7,0.3,0.5,0.60967619347146,-0.47961630695443,0.0,0.60967619347146,0.0,0.0,0.0,0.0,0.0,10.597915110534531,-0.47961630695443,0.0,1.0,0.5,0.7,1.0,0.5,0.7,0.5,0.7,0.7,0.7,0.7,0.7,0.3,0.40752777274258006,-0.36641893466605996,0.0,0.40752777274258006,-0.36641893466605996,0.0,-0.36641893466605996,0.0,0.0,0.0,0.0,0.0,10.0765207033172,0.18534682530928157,0.8504159209305914,0.22665217816476407,0.5018242302125724,0.07065220918544217,0.0030399262236807285,0.020000000000000018
qwen,R0,scitail@s0__yelp_polarity@s0,scitail,yelp_polarity,0.5,0.0109674204623122,0.7013138366561594,0.9846596108647342,1.0,0.5,0.7,1.0,0.7,0.7,0.7,0.7,0.7,0.3,0.5,0.9217008600697499,0.0,0.7981423757205,0.9217008600697499,0.7981423757205,0.7981423757205,0.7981423757205,0.7981423757205,0.7981423757205,3.32665498573135,0.0,0.0,1.0,0.5,0.7,1.0,0.5,0.5,0.5,0.7,0.7,0.7,0.7,0.7,0.3,0.8097687209218398,0.0,0.73905258215279,0.8097687209218398,0.0,0.0,0.0,0.73905258215279,0.73905258215279,0.73905258215279,0.73905258215279,0.73905258215279,3.0633996134941297,0.47656989714078823,0.9859575897964118,0.20836900568212105,0.49786594490023406,0.02530801282986787,0.0030080213542515817,0.030000000000000027
qwen,R0,ag_news@s0__imdb@s0,ag_news,imdb,0.7,0.0140898967409577,0.702862026001886,0.9889314889247132,1.0,0.5,0.7,1.0,0.7,0.7,0.7,0.7,0.7,0.3,0.7,1.34440452959001,0.56120391035528,0.0,1.34440452959001,0.0,0.0,0.0,0.0,0.0,4.94964813516032,0.0,0.0,1.0,0.5,0.7,1.0,0.5,0.5,0.7,0.7,0.7,0.7,0.7,0.7,0.3,1.3012889709076099,0.5845797420052302,0.0,1.3012889709076099,0.5845797420052302,0.5845797420052302,0.0,0.0,0.0,0.0,0.0,0.0,4.8813733988160894,0.5133947552805345,0.8912865618252523,0.1713051821130661,0.35710886043359596,0.03137426780853186,0.009421528603527705,0.04249999999999998
qwen,R0,ag_news@s0__trec@s0,ag_news,trec,1.0,0.0091949841426774,0.70532164087735,0.9957976684459016,1.0,0.5,0.7,1.0,0.7,0.7,0.7,0.7,0.5,0.3,0.7,0.0,0.68272648468751,-0.04936918840447984,0.0,-0.04936918840447984,-0.04936918840447984,-0.04936918840447984,-0.04936918840447984,0.68272648468751,5.22123227583039,-0.04936918840447984,0.0,1.0,0.5,0.7,1.0,1.0,1.0,1.0,0.7,0.7,0.5,0.7,0.7,0.3,0.0,0.8067593638602001,0.04421843908908006,0.0,0.0,0.0,0.0,0.04421843908908006,0.04421843908908006,0.8067593638602001,0.04421843908908006,0.04421843908908006,4.52493193086174,0.3903515663483234,0.7567449016277072,0.1669016820641495,0.5046949688656802,0.025369981703834688,0.015239250066885614,0.020000000000000018
qwen,R0,ag_news@s0__yelp_polarity@s0,ag_news,yelp_polarity,0.5,0.0193570585681384,0.7027695465256132,0.9894558975595532,1.0,0.5,0.7,1.0,0.7,0.7,0.7,0.7,0.7,0.3,0.7,2.2178581761658602,0.0,-0.19532377448211008,2.2178581761658602,-0.19532377448211008,-0.19532377448211008,-0.19532377448211008,-0.19532377448211008,-0.19532377448211008,2.5078340294777095,-0.19532377448211008,0.0,1.0,0.5,0.7,1.0,0.7,0.5,0.7,0.7,0.7,0.7,0.7,0.7,0.3,2.14507565270332,0.0,-0.23645767621006014,2.14507565270332,-0.23645767621006014,0.0,-0.23645767621006014,-0.23645767621006014,-0.23645767621006014,-0.23645767621006014,-0.23645767621006014,-0.23645767621006014,2.48125482483209,0.39689603405426893,0.915982057878644,0.15186003527916803,0.35993956469577554,0.030463804163984205,0.006074378655662144,0.03749999999999998
qwen,R0,imdb@s0__trec@s0,imdb,trec,1.0,0.0033812341504649,0.7066116668933713,0.9984146907089332,1.0,0.5,0.7,1.0,0.7,0.7,0.7,0.7,0.5,0.3,1.0,0.0,1.9704523093552098,0.4796433075121601,0.0,0.4796433075121601,0.4796433075121601,0.4796433075121601,0.4796433075121601,1.9704523093552098,9.82792428252705,0.0,0.0,1.0,0.5,0.7,1.0,1.0,1.0,1.0,0.7,0.7,0.5,0.7,0.7,0.3,0.0,2.29857794885563,0.5957139366442101,0.0,0.0,0.0,0.0,0.5957139366442101,0.5957139366442101,2.29857794885563,0.5957139366442101,0.5957139366442101,9.67045307140723,0.21601920309765296,0.830155157138816,0.21333172814803592,0.4420922794663884,0.051064798826606764,0.03694705059005697,0.015000000000000013
qwen,R0,imdb@s0__yelp_polarity@s0,imdb,yelp_polarity,0.5,0.0039828375907453,0.6760508263590831,0.9226911183998376,1.0,0.5,0.7,1.0,0.7,0.7,0.3,0.7,0.5,1.0,0.5,1.80257345619784,0.0,0.5245404070014299,1.80257345619784,0.5245404070014299,0.5245404070014299,1.2430961827426101,0.5245404070014299,0.0,1.80257345619784,0.0,0.0,1.0,0.5,0.7,1.0,0.5,0.3,0.5,0.7,0.3,0.5,0.7,0.7,1.0,1.6810869761761698,0.0,0.5030670082420701,1.6810869761761698,0.0,1.2951377463599398,0.0,0.5030670082420701,1.2951377463599398,0.0,0.5030670082420701,0.5030670082420701,1.6810869761761698,0.9819485025867235,0.049315823084045904,0.41460281041236086,0.0014570869621204862,0.03876617158766806,0.004325342891811378,0.025000000000000022
qwen,R0,trec@s0__yelp_polarity@s0,trec,yelp_polarity,1.0,0.0035885975099252,0.7063997345361775,0.9976639037363906,1.0,0.5,0.7,1.0,0.7,0.7,0.7,0.7,0.5,0.3,0.7,0.0,0.78203068031436,-0.15292894374376,0.0,-0.15292894374376,-0.15292894374376,-0.15292894374376,-0.15292894374376,0.78203068031436,6.20341237475355,-0.15292894374376,0.0,1.0,0.5,0.7,1.0,0.7,0.7,1.0,0.7,0.7,0.5,0.7,0.7,0.3,0.0,1.2322743487127001,0.021817316337860024,0.0,0.021817316337860024,0.021817316337860024,0.0,0.021817316337860024,0.021817316337860024,1.2322743487127001,0.021817316337860024,0.021817316337860024,5.83925412692535,0.23041020118407374,0.8581565484930149,0.24416500566866534,0.4408428736624027,0.0672944000500646,0.03416308148392994,0.010000000000000009
qwen,S1,cola@s1__sst2@s1,cola,sst2,0.7,0.0227544401325666,0.6845012885009709,0.984926754606436,1.0,0.5,0.7,1.0,0.7,0.7,0.7,0.5,0.7,0.3,0.7,2.0792142310851798,3.9920120103107304,0.0,2.0792142310851798,0.0,0.0,0.0,3.9920120103107304,0.0,12.81484576381611,0.0,0.0,1.0,0.5,0.7,1.0,0.7,0.7,0.7,0.7,0.7,0.7,0.7,0.5,0.3,2.41392929127851,4.12274609140925,0.0,2.41392929127851,0.0,0.0,0.0,0.0,0.0,0.0,0.0,4.12274609140925,12.82038187067602,0.9463814293502242,0.9635146579348987,0.7043034883224281,0.9716484280610335,0.13992200418875358,0.13367707654581876,0.09750000000000003
qwen,S1,cola@s1__mrpc@s1,cola,mrpc,0.7,0.0393258426966292,0.6692995062590258,0.9936543882565811,1.0,0.5,0.7,1.0,0.7,0.7,0.7,0.5,0.7,0.3,0.7,2.43663443950876,2.4849751763783496,0.0,2.43663443950876,0.0,0.0,0.0,2.4849751763783496,0.0,7.780245623203551,0.0,0.0,1.0,0.5,0.7,1.0,0.7,0.7,0.7,0.7,0.7,0.7,0.7,0.5,0.3,2.7565220198889397,2.48208058891903,0.0,2.7565220198889397,0.0,0.0,0.0,0.0,0.0,0.0,0.0,2.48208058891903,9.11791295363555,0.9842096997738768,0.11020695054929051,0.6236146306019319,0.8781489513875436,0.0902247566402954,0.8894806473386591,0.11499999999999999
qwen,S1,cola@s1__stsb@s1,cola,stsb,0.7,0.0268645174667132,0.677481666547035,0.9873721260076396,1.0,0.5,0.7,1.0,0.7,0.7,0.7,0.5,0.7,0.3,0.7,2.4059291562871503,1.5469892717197702,0.0,2.4059291562871503,0.0,0.0,0.0,1.5469892717197702,0.0,12.231367868930802,0.0,0.0,1.0,0.5,0.7,1.0,0.7,0.7,0.7,0.7,0.7,0.7,0.7,0.5,0.3,1.8346092209312297,0.9236453962436602,0.0,1.8346092209312297,0.0,0.0,0.0,0.0,0.0,0.0,0.0,0.9236453962436602,11.45755769028348,0.9846718409943171,0.9446866239811391,0.7279784609072185,0.9867562537296015,0.1440134478124558,0.3020345077968307,0.06716230405760115
qwen,S1,cola@s1__mnli@s1,cola,mnli,1.0,0.0313959004456996,0.6949514163295203,0.9869663864190844,1.0,0.5,0.7,1.0,0.7,0.7,0.7,0.5,0.7,0.3,1.0,0.0,16.26897533206831,4.87599841136755,0.0,4.87599841136755,4.87599841136755,4.87599841136755,16.26897533206831,4.87599841136755,33.0614822823353,0.0,0.0,1.0,0.5,0.7,1.0,1.0,1.0,1.0,0.7,0.7,0.7,0.7,0.5,0.3,0.0,16.22797879728448,4.776723074960679,0.0,0.0,0.0,0.0,4.776723074960679,4.776723074960679,4.776723074960679,4.776723074960679,16.22797879728448,32.83499511033634,0.9137831239999142,0.6016757784256287,0.5008266869647453,0.6972328258257098,0.12318663645684085,0.015687177375621524,0.10999999999999999
qwen,S1,cola@s1__qnli@s1,cola,qnli,1.0,0.0190765228701496,0.6916920049017832,0.9884707400300728,1.0,0.5,0.7,1.0,0.7,0.7,0.7,0.7,0.7,0.3,1.0,0.0,5.88071375637101,0.7705599443433399,0.0,0.7705599443433399,0.7705599443433399,0.7705599443433399,0.7705599443433399,0.7705599443433399,17.80085602367424,0.0,0.0,1.0,0.5,0.7,1.0,1.0,1.0,1.0,0.7,0.7,0.7,0.7,0.7,0.3,0.0,5.90300704569995,0.8124985434743801,0.0,0.0,0.0,0.0,0.8124985434743801,0.8124985434743801,0.8124985434743801,0.8124985434743801,0.8124985434743801,17.83344079255709,0.9323184942295037,0.6107189098600129,0.6295007222075812,0.8069471223365452,0.1601829979821812,0.004122280711356845,0.057499999999999996
qwen,S1,cola@s1__rte@s1,cola,rte,1.0,0.1313953488372092,0.64936168420189,0.9939060749590822,1.0,0.5,0.7,1.0,0.7,0.7,0.5,0.7,0.3,0.3,1.0,0.0,5.697674418604648,2.093023255813958,0.0,2.093023255813958,2.093023255813958,5.697674418604648,2.093023255813958,12.500000000000016,12.500000000000016,0.0,0.0,1.0,0.5,0.7,1.0,1.0,1.0,1.0,0.7,0.5,0.3,0.7,0.7,0.3,0.0,4.72603504073206,2.1747014842093515,0.0,0.0,0.0,0.0,2.1747014842093515,4.72603504073206,10.906288360674022,2.1747014842093515,2.1747014842093515,10.906288360674022,0.9586449020880536,0.8834990969881246,0.9989078668886907,0.8067971468855953,0.7791310181382379,0.1088946952445029,0.24014492753623196
qwen,S1,cola@s1__wic@s1,cola,wic,0.7,0.04397821740503,0.6965608508082322,0.9816248396630738,1.0,0.5,0.7,1.0,0.7,0.7,0.5,0.5,0.7,0.3,0.7,6.40797642849627,2.0172577080921705,0.0,6.40797642849627,0.0,0.0,2.0172577080921705,2.0172577080921705,0.0,11.268546774702731,0.0,0.0,1.0,0.5,0.7,1.0,0.7,0.7,0.7,0.7,0.5,0.7,0.7,0.5,0.3,7.29518819021861,2.67354068064007,0.0,7.29518819021861,0.0,0.0,0.0,0.0,2.67354068064007,0.0,0.0,2.67354068064007,12.04361054766734,0.9709848363954009,0.6755876950412649,0.4952785649207856,0.5328288849177139,0.2009818669965544,0.02742542768621739,0.13749999999999996
qwen,S1,cola@s1__snli@s1,cola,snli,1.0,0.0309930854036213,0.6875019237401436,0.9879731369881768,1.0,0.5,0.7,1.0,0.7,0.7,0.7,0.7,0.7,0.3,1.0,0.0,7.864622230113999,1.5150747601564603,0.0,1.5150747601564603,1.5150747601564603,1.5150747601564603,1.5150747601564603,1.5150747601564603,27.389883485917508,0.0,0.0,1.0,0.5,0.7,1.0,1.0,1.0,1.0,0.7,0.7,0.7,0.7,0.7,0.3,0.0,7.735861289603039,1.3074477491205299,0.0,0.0,0.0,0.0,1.3074477491205299,1.3074477491205299,1.3074477491205299,1.3074477491205299,1.3074477491205299,27.09991158267021,0.9745987454282357,0.7350630929632442,0.6632800487879956,0.9799610914740492,0.19011328036359662,0.08083204956673012,0.10250000000000004
qwen,S1,cola@s1__scitail@s1,cola,scitail,0.7,0.0063215208564045,0.6848026240959856,0.9874301505119892,1.0,0.5,0.7,1.0,0.7,0.7,0.7,0.7,0.7,0.3,0.7,4.26079734219268,1.12403100775194,0.0,4.26079734219268,0.0,0.0,0.0,0.0,0.0,9.58840900701366,0.0,0.0,1.0,0.5,0.7,1.0,0.7,0.7,0.7,0.7,0.7,0.7,0.7,0.7,0.3,3.88645381811909,1.17853831058205,0.0,3.88645381811909,0.0,0.0,0.0,0.0,0.0,0.0,0.0,0.0,9.46092385327037,0.9507600812516696,0.8075176346484042,0.5645783404006092,0.9905164596697138,0.05993751376570272,0.06036054041522919,0.04749999999999999
qwen,S1,cola@s1__ag_news@s1,cola,ag_news,0.7,0.0101976546432527,0.6924461187561138,0.9956397182645536,1.0,0.5,0.7,1.0,0.7,0.7,0.7,0.7,0.7,0.3,0.7,0.33756525866160003,1.7842805726941802,0.0,0.33756525866160003,0.0,0.0,0.0,0.0,0.0,7.145823445657331,0.0,0.0,1.0,0.5,0.7,1.0,0.7,0.7,0.7,0.7,0.7,0.7,0.7,0.7,0.3,0.43090733394364,1.8737920862577502,0.0,0.43090733394364,0.0,0.0,0.0,0.0,0.0,0.0,0.0,0.0,7.202090326518159,0.8224464305115533,0.7942856234888374,0.3309374501946639,0.8059641466167705,0.06593055343725976,0.025617405413890994,0.04500000000000004
qwen,S1,cola@s1__imdb@s1,cola,imdb,0.7,0.0043433507678063,0.6914222587514502,0.991894235634805,1.0,0.5,0.7,1.0,0.7,0.7,0.7,0.7,0.7,0.3,0.7,3.19925041616185,3.22719974784038,0.0,3.19925041616185,0.0,0.0,0.0,0.0,0.0,13.0993961959359,0.0,0.0,1.0,0.5,0.7,1.0,0.7,0.7,0.7,0.7,0.7,0.7,0.7,0.7,0.3,3.0379797410939298,3.24090809924988,0.0,3.0379797410939298,0.0,0.0,0.0,0.0,0.0,0.0,0.0,0.0,13.129380741101551,0.9478858870746192,0.9607724059828218,0.598467109483614,0.9320671787690501,0.12521846741143355,0.18068776586210933,0.04500000000000004
qwen,S1,cola@s1__trec@s1,cola,trec,0.7,0.0096031293099347,0.6958575581141402,0.9981094509469408,1.0,0.5,0.7,1.0,0.7,0.7,0.7,0.7,0.5,0.3,1.0,-0.49317544109951994,1.65798734959815,0.0,-0.49317544109951994,0.0,0.0,0.0,0.0,1.65798734959815,7.7987825177153285,-0.49317544109951994,0.0,1.0,0.5,0.7,1.0,1.0,1.0,1.0,0.7,0.7,0.5,0.7,0.7,0.3,-0.17713745866792,1.53617540544797,0.0,-0.17713745866792,-0.17713745866792,-0.17713745866792,-0.17713745866792,0.0,0.0,1.53617540544797,0.0,0.0,7.57557864903165,0.8034938489716373,0.7693898282846641,0.4547978563733915,0.7529575807954829,0.12326436353443534,0.08858804738673232,0.03500000000000003
qwen,S1,cola@s1__yelp_polarity@s1,cola,yelp_polarity,0.5,0.0128884544144884,0.6861157049637491,0.9919683014637204,1.0,0.5,0.7,1.0,0.7,0.7,0.7,0.7,0.7,0.3,0.7,3.97561226589835,0.0,-1.08921588804279,3.97561226589835,-1.08921588804279,-1.08921588804279,-1.08921588804279,-1.08921588804279,-1.08921588804279,6.37065239761269,-1.08921588804279,0.0,1.0,0.5,0.7,1.0,0.7,0.7,0.7,0.7,0.7,0.7,0.7,0.7,0.3,4.03717152677681,0.0,-0.92725542373508,4.03717152677681,-0.92725542373508,-0.92725542373508,-0.92725542373508,-0.92725542373508,-0.92725542373508,-0.92725542373508,-0.92725542373508,-0.92725542373508,6.5043704032228105,0.9379258694789266,0.9828583033444435,0.5933971516098027,0.9754277288562914,0.11346926438680927,0.12779441827454885,0.057499999999999996
qwen,S1,sst2@s1__mrpc@s1,sst2,mrpc,0.5,0.0630653902475741,0.6994766595709774,0.9911056097684466,1.0,0.5,0.7,1.0,0.7,0.7,0.7,0.7,0.7,0.3,0.5,5.7310555776047405,0.0,2.13034939577659,5.7310555776047405,2.13034939577659,2.13034939577659,2.13034939577659,2.13034939577659,2.13034939577659,0.16901832514474024,0.0,0.0,1.0,0.5,0.7,1.0,0.3,0.5,0.3,0.7,0.7,0.7,0.7,0.7,0.3,6.0391039636473405,0.0,2.4841578358804997,6.0391039636473405,-0.49168397323251023,0.0,-0.49168397323251023,2.4841578358804997,2.4841578358804997,2.4841578358804997,2.4841578358804997,2.4841578358804997,-0.49168397323251023,0.41107883204266177,0.970665984596254,0.22565831202200515,0.9357463146109065,0.03660162052183232,0.9818127868267744,0.11499999999999999
qwen,S1,sst2@s1__stsb@s1,sst2,stsb,1.0,0.0236822321748746,0.6994360400606375,0.9818425654957054,1.0,0.5,0.7,1.0,0.7,0.7,0.7,0.5,0.7,0.3,0.7,0.0,2.2062104881070606,-0.0941585400334597,0.0,-0.0941585400334597,-0.0941585400334597,-0.0941585400334597,2.2062104881070606,-0.0941585400334597,13.661324056241408,-0.0941585400334597,0.0,1.0,0.5,0.7,1.0,0.7,0.7,1.0,0.7,0.7,0.7,0.7,0.5,0.3,0.0,2.18926162710394,0.09987849761961994,0.0,0.09987849761961994,0.09987849761961994,0.0,0.09987849761961994,0.09987849761961994,0.09987849761961994,0.09987849761961994,2.18926162710394,13.396605674172852,0.7271438607504938,0.99371501311715,0.28274752482191584,0.907591451931836,0.04540968549397949,0.0872011611359956,0.032912322808069994
qwen,S1,sst2@s1__mnli@s1,sst2,mnli,1.0,0.0347391874120281,0.6977830493401963,0.9803988800572364,1.0,0.5,0.7,1.0,0.7,0.7,0.7,0.5,0.7,0.3,1.0,0.0,7.9648580779213605,1.4504081660954002,0.0,1.4504081660954002,1.4504081660954002,1.4504081660954002,7.9648580779213605,1.4504081660954002,25.539184869657273,0.0,0.0,1.0,0.5,0.7,1.0,1.0,1.0,1.0,0.7,0.7,0.7,0.7,0.5,0.3,0.0,8.15997646889239,1.6164000911635799,0.0,0.0,0.0,0.0,1.6164000911635799,1.6164000911635799,1.6164000911635799,1.6164000911635799,8.15997646889239,25.505772718329922,0.9101679508035304,0.8869379431339507,0.5346901833396116,0.39974136511590913,0.19745013897310829,0.022581917687404498,0.08999999999999997
qwen,S1,sst2@s1__qnli@s1,sst2,qnli,0.7,0.0179458940509438,0.6997310357011476,0.9820438967394928,1.0,0.5,0.7,1.0,0.7,0.7,0.7,0.7,0.7,0.3,0.7,0.8247755046968998,1.5504427592095902,0.0,0.8247755046968998,0.0,0.0,0.0,0.0,0.0,8.49806707887179,0.0,0.0,1.0,0.5,0.7,1.0,0.7,0.7,0.7,0.7,0.7,0.7,0.7,0.7,0.3,0.7438377415177299,1.43164120122981,0.0,0.7438377415177299,0.0,0.0,0.0,0.0,0.0,0.0,0.0,0.0,8.32964101403366,0.6505264406518094,0.9183405702572331,0.3263010618704147,0.45056438988134545,0.09162813455703396,0.0006268756146642582,0.05249999999999999
qwen,S1,sst2@s1__rte@s1,sst2,rte,1.0,0.034385179729768,0.6879724739261592,0.9909401111336504,1.0,0.5,0.7,1.0,0.7,0.7,0.7,0.5,0.7,0.3,0.7,0.0,1.6720958558762704,-0.8582839985270498,0.0,-0.8582839985270498,-0.8582839985270498,-0.8582839985270498,1.6720958558762704,-0.8582839985270498,12.49128969209415,-0.8582839985270498,0.0,1.0,0.5,0.7,1.0,1.0,0.7,0.7,0.7,0.7,0.7,0.7,0.5,0.3,0.0,-0.4179511955704901,-0.9708737864077699,0.0,0.0,-0.9708737864077699,-0.9708737864077699,-0.9708737864077699,-0.9708737864077699,-0.9708737864077699,-0.9708737864077699,-0.4179511955704901,11.897421739597219,0.8393544605666922,0.9368405610914122,0.3134397324458783,0.6065002148297094,0.12492855053430982,0.031291074358425194,0.08246376811594203
qwen,S1,sst2@s1__wic@s1,sst2,wic,0.5,0.0298444122331777,0.698210751230243,0.9878784998167272,1.0,0.5,0.7,1.0,0.7,0.7,0.7,0.5,0.7,0.3,0.7,1.4614943700707101,0.0,-1.8186352588444803,1.4614943700707101,-1.8186352588444803,-1.8186352588444803,-1.8186352588444803,0.0,-1.8186352588444803,7.952860709541939,-1.8186352588444803,0.0,1.0,0.5,0.7,1.0,0.7,0.7,0.7,0.7,0.7,0.7,0.7,0.5,0.3,1.80048322646595,0.0,-1.8763745624632098,1.80048322646595,-1.8763745624632098,-1.8763745624632098,-1.8763745624632098,-1.8763745624632098,-1.8763745624632098,-1.8763745624632098,-1.8763745624632098,0.0,7.4241861041415005,0.9355266566536115,0.9950904482113627,0.5283525161472875,0.408812360241049,0.18738454413769706,0.004894991384748438,0.08250000000000002
qwen,S1,sst2@s1__snli@s1,sst2,snli,0.7,0.0358513728308085,0.6996227488168106,0.9799776882298168,1.0,0.5,0.7,1.0,0.7,0.7,0.7,0.5,0.7,0.5,1.0,-1.45419215391614,3.8454689704049305,0.0,-1.45419215391614,0.0,0.0,0.0,3.8454689704049305,0.0,3.8454689704049305,-1.45419215391614,0.0,1.0,0.5,0.7,1.0,1.0,1.0,1.0,0.7,0.7,0.7,0.7,0.5,0.5,-1.4796252116006097,3.780111186584931,0.0,-1.4796252116006097,-1.4796252116006097,-1.4796252116006097,-1.4796252116006097,0.0,0.0,0.0,0.0,3.780111186584931,3.780111186584931,0.8717629635590876,0.8601755660940283,0.46209399481907737,0.6918173463340682,0.2625714197857816,0.016426182359876678,0.05500000000000005
qwen,S1,sst2@s1__scitail@s1,sst2,scitail,0.7,0.0313656400440809,0.7009077295149346,0.9836649950607907,1.0,0.5,0.7,1.0,0.7,0.7,0.7,0.7,0.7,0.3,0.5,2.3539334532026404,-0.7732536782475898,0.0,2.3539334532026404,0.0,0.0,0.0,0.0,0.0,-0.13833304332695995,-0.7732536782475898,0.0,1.0,0.5,0.7,1.0,0.5,0.5,0.5,0.7,0.7,0.7,0.7,0.7,0.3,2.44865718799368,-0.9009629833812001,0.0,2.44865718799368,-0.9009629833812001,-0.9009629833812001,-0.9009629833812001,0.0,0.0,0.0,0.0,0.0,-0.6219823408587798,0.5141173590348064,0.9992780120928443,0.2287029151898866,0.933002571897878,0.028108026902422888,0.008108866446351132,0.03749999999999998
qwen,S1,sst2@s1__ag_news@s1,sst2,ag_news,0.7,0.0165930257608524,0.7029703888311648,0.9886286986231504,1.0,0.5,0.7,1.0,0.7,0.7,0.7,0.7,0.7,0.3,0.7,1.13846924275191,0.5935032356426201,0.0,1.13846924275191,0.0,0.0,0.0,0.0,0.0,4.15625750909377,0.0,0.0,1.0,0.5,0.7,1.0,0.7,0.5,0.7,0.7,0.7,0.7,0.7,0.7,0.3,0.9449314264144699,0.60667701212096,0.0,0.9449314264144699,0.0,0.60667701212096,0.0,0.0,0.0,0.0,0.0,0.0,3.8913762250276105,0.6182759697512953,0.9310583512466194,0.23636165936036577,0.4395213532337851,0.05330314490305995,0.005507651884142378,0.04249999999999998
qwen,S1,sst2@s1__imdb@s1,sst2,imdb,0.7,0.0071753179586468,0.6932716716395524,0.9637674875368352,1.0,0.5,0.7,1.0,0.7,0.7,0.5,0.5,0.5,1.0,0.7,0.7201628575600101,0.29122241705837,0.0,0.7201628575600101,0.0,0.0,0.29122241705837,0.29122241705837,0.29122241705837,0.7201628575600101,0.0,0.0,1.0,0.5,0.7,1.0,0.7,0.7,0.7,0.7,0.5,0.5,0.7,0.5,1.0,0.59183305597425,0.10860761550324002,0.0,0.59183305597425,0.0,0.0,0.0,0.0,0.10860761550324002,0.10860761550324002,0.0,0.10860761550324002,0.59183305597425,0.9782079630841983,0.8504364726009163,0.5723224343644173,0.13622144684309906,0.18192317058552,0.019413875263299945,0.03749999999999998
qwen,S1,sst2@s1__trec@s1,sst2,trec,0.7,0.0107891269313447,0.7052529473265204,0.997336863593352,1.0,0.5,0.7,1.0,0.7,0.7,0.7,0.7,0.5,0.3,1.0,-0.0782127636255901,1.3202762853420802,0.0,-0.0782127636255901,0.0,0.0,0.0,0.0,1.3202762853420802,4.98108197644151,-0.0782127636255901,0.0,1.0,0.5,0.7,1.0,1.0,1.0,0.7,0.7,0.7,0.5,0.7,0.7,0.3,0.13200891601203996,1.29033305200286,0.0,0.13200891601203996,0.13200891601203996,0.13200891601203996,0.0,0.0,0.0,1.29033305200286,0.0,0.0,4.48965569477807,0.6718253264379342,0.7919192469343086,0.382165851696907,0.5579453951010164,0.12559653092354062,0.031042749892196936,0.025000000000000022
qwen,S1,sst2@s1__yelp_polarity@s1,sst2,yelp_polarity,0.7,0.0076504566409782,0.692524485923037,0.961255639865994,1.0,0.5,0.7,1.0,0.7,0.7,0.7,0.5,0.7,0.3,0.5,0.07203128215682994,-0.05061115666419999,0.0,0.07203128215682994,0.0,0.0,0.0,-0.05061115666419999,0.0,1.6149320710040298,-0.05061115666419999,0.0,1.0,0.5,0.7,1.0,0.7,0.7,0.5,0.7,0.7,0.7,0.7,0.5,0.3,-0.014680259876150015,-0.23696682464455004,0.0,-0.014680259876150015,0.0,0.0,-0.23696682464455004,0.0,0.0,0.0,0.0,-0.23696682464455004,1.4933227676099599,0.9831935063804107,0.7543561896266527,0.690274868571404,0.09965045995893962,0.24637818616133894,0.006562548467708394,0.03500000000000003
qwen,S1,mrpc@s1__stsb@s1,mrpc,stsb,0.3,0.2788624075472168,0.6995309782009776,0.9820009220615508,1.0,0.5,0.7,1.0,0.7,0.7,0.7,0.5,0.7,0.3,0.3,4.894161612800968,7.440331983707226,5.285247369684237,4.894161612800968,5.285247369684237,5.285247369684237,5.285247369684237,7.440331983707226,5.285247369684237,0.0,0.0,0.0,1.0,0.5,0.7,1.0,0.3,0.3,0.3,0.7,0.7,0.7,0.7,0.5,0.3,6.04268270971528,8.78342651144669,6.466568633037667,6.04268270971528,0.0,0.0,0.0,6.466568633037667,6.466568633037667,6.466568633037667,6.466568633037667,8.78342651144669,0.0,0.42752167549735315,0.11759503376569407,0.1488341406782066,0.262347641192444,0.02395565325905839,0.0664376221211736,0.3334217730443261
qwen,S1,mrpc@s1__mnli@s1,mrpc,mnli,0.5,0.1414781570475236,0.6910643899150677,0.9895070459118102,1.0,0.5,0.7,1.0,0.7,0.7,0.7,0.5,0.7,0.3,0.5,14.64911626121997,0.0,4.837776901264301,14.64911626121997,4.837776901264301,4.837776901264301,4.837776901264301,0.0,4.837776901264301,9.275792593224311,0.0,0.0,1.0,0.5,0.7,1.0,0.5,0.5,0.5,0.7,0.7,0.7,0.7,0.5,0.3,16.428947477798257,0.0,5.61679990024799,16.428947477798257,0.0,0.0,0.0,5.61679990024799,5.61679990024799,5.61679990024799,5.61679990024799,0.0,12.305448953296672,0.8036066846959959,0.22870326976875988,0.37962947114099554,0.2121631153579223,0.12775377616517766,0.7642765373121804,0.26
qwen,S1,mrpc@s1__qnli@s1,mrpc,qnli,0.3,0.0944183755239833,0.693554933289163,0.98640543422696,1.0,0.5,0.7,1.0,0.7,0.7,0.7,0.5,0.7,0.3,0.3,13.07616847356152,4.07747888843693,7.39270064814386,13.07616847356152,7.39270064814386,7.39270064814386,7.39270064814386,4.07747888843693,7.39270064814386,0.0,0.0,0.0,1.0,0.5,0.7,1.0,0.3,0.3,0.3,0.7,0.7,0.7,0.7,0.5,0.3,12.30892674987534,4.1973468060171495,7.072526204150642,12.30892674987534,0.0,0.0,0.0,7.072526204150642,7.072526204150642,7.072526204150642,7.072526204150642,4.1973468060171495,0.0,0.8654795459343106,0.055550445269373146,0.4397105046769343,0.0848836134247566,0.14938514327079225,0.0003336186661571521,0.14749999999999996
qwen,S1,mrpc@s1__rte@s1,mrpc,rte,0.5,0.0717925267833812,0.6993642537997943,0.9898187794585634,1.0,0.5,0.7,1.0,0.7,0.7,0.7,0.3,0.7,0.3,0.5,3.9489155996864396,0.0,1.4391168016723201,3.9489155996864396,1.4391168016723201,1.4391168016723201,1.4391168016723201,2.65939378102953,1.4391168016723201,2.65939378102953,0.0,0.0,1.0,0.5,0.7,1.0,0.5,0.3,0.5,0.7,0.7,0.7,0.7,0.3,0.3,6.74430020726517,0.0,3.0653430784335107,6.74430020726517,0.0,8.30151630849787,0.0,3.0653430784335107,3.0653430784335107,3.0653430784335107,3.0653430784335107,8.30151630849787,8.30151630849787,0.8198108999766255,0.2950248324980079,0.3258147059519309,0.20037222953363745,0.10126412014786244,0.3222234930330424,0.14195652173913043
qwen,S1,mrpc@s1__wic@s1,mrpc,wic,0.7,0.0856741573033708,0.6859606005879633,0.9878492148741874,1.0,0.5,0.7,1.0,0.7,0.7,0.7,0.3,0.7,0.3,0.7,0.11693527886521976,1.3339519040113699,0.0,0.11693527886521976,0.0,0.0,0.0,5.0669835782195305,0.0,5.0669835782195305,0.0,0.0,1.0,0.5,0.7,1.0,0.7,1.0,0.7,0.7,0.7,0.7,0.7,0.3,0.3,0.8371888081075196,1.7257839465374194,0.0,0.8371888081075196,0.0,0.8371888081075196,0.0,0.0,0.0,0.0,0.0,6.770948079606379,6.770948079606379,0.9249866174491385,0.09084185855342142,0.4590816290464453,0.03672693705633399,0.17323166136577625,0.000671547318280756,0.17500000000000004
qwen,S1,mrpc@s1__snli@s1,mrpc,snli,0.5,0.0388120494452672,0.6986268202256918,0.991613386923747,1.0,0.5,0.7,1.0,0.7,0.7,0.7,0.5,0.7,0.3,0.5,8.26844419997124,0.0,3.0503044280210196,8.26844419997124,3.0503044280210196,3.0503044280210196,3.0503044280210196,0.0,3.0503044280210196,4.928693444893869,0.0,0.0,1.0,0.5,0.7,1.0,0.5,0.5,0.5,0.7,0.7,0.7,0.7,0.5,0.3,7.13740598392762,0.0,1.7668979359153798,7.13740598392762,0.0,0.0,0.0,1.7668979359153798,1.7668979359153798,1.7668979359153798,1.7668979359153798,0.0,4.86223673529434,0.6232637007421801,0.35264435166649905,0.2533655908117577,0.6806245486915894,0.06145275745263782,0.28806220010993755,0.07999999999999996
qwen,S1,mrpc@s1__scitail@s1,mrpc,scitail,0.7,0.0323925450329944,0.696352621496866,0.9806786697345112,1.0,0.5,0.7,1.0,0.7,0.7,0.7,0.5,0.7,0.3,0.7,0.3816657749241996,1.11735330836455,0.0,0.3816657749241996,0.0,0.0,0.0,1.11735330836455,0.0,1.9903691813804296,0.0,0.0,1.0,0.5,0.7,1.0,1.0,0.7,0.7,0.7,0.7,0.7,0.7,0.5,0.3,0.51489343761199,0.8437506587684798,0.0,0.51489343761199,0.51489343761199,0.0,0.0,0.0,0.0,0.0,0.0,0.8437506587684798,1.4071294559099496,0.5957714216144124,0.22835851797565535,0.18329951947377118,0.24695500526661113,0.021782281720113247,0.01689439761912088,0.07999999999999996
qwen,S1,mrpc@s1__ag_news@s1,mrpc,ag_news,0.5,0.0846040663456393,0.6985854613636749,0.9956124655752108,1.0,0.5,0.7,1.0,0.7,0.7,0.7,0.7,0.7,0.3,0.7,0.2937972941985806,0.0,-0.15943877551019975,0.2937972941985806,-0.15943877551019975,-0.15943877551019975,-0.15943877551019975,-0.15943877551019975,-0.15943877551019975,1.2519825345868694,-0.15943877551019975,0.0,1.0,0.5,0.7,1.0,0.5,0.5,0.7,0.7,0.7,0.7,0.7,0.7,0.3,0.4069304961718395,0.0,-0.45789002684696045,0.4069304961718395,0.0,0.0,-0.45789002684696045,-0.45789002684696045,-0.45789002684696045,-0.45789002684696045,-0.45789002684696045,-0.45789002684696045,1.6193944516257497,0.44436395096341025,0.4359392766570049,0.11173491127069113,0.22133653763422778,0.012003373484014543,0.02220090154987575,0.13
qwen,S1,mrpc@s1__imdb@s1,mrpc,imdb,0.7,0.0065150455196569,0.6977156238152642,0.9945697011473288,1.0,0.5,0.7,1.0,0.7,0.7,0.7,0.5,0.7,0.3,0.7,2.06319689333695,0.78416115814572,0.0,2.06319689333695,0.0,0.0,0.0,0.78416115814572,0.0,5.75265670135965,0.0,0.0,1.0,0.5,0.7,1.0,0.7,0.5,0.7,0.7,0.7,0.7,0.7,0.5,0.3,2.73372695959669,1.3774026122169598,0.0,2.73372695959669,0.0,1.3774026122169598,0.0,0.0,0.0,0.0,0.0,1.3774026122169598,6.36129633808545,0.6521016487714699,0.7314613012145937,0.26405415573413404,0.39271661151604315,0.07330852064373988,0.17569803540318912,0.040000000000000036
qwen,S1,mrpc@s1__trec@s1,mrpc,trec,1.0,0.0058764734266216,0.6969518880806975,0.9984467919642944,1.0,0.5,0.7,1.0,0.7,0.7,0.7,0.7,0.7,0.3,0.7,0.0,0.7786470899106099,-0.30674846625766,0.0,-0.30674846625766,-0.30674846625766,-0.30674846625766,-0.30674846625766,-0.30674846625766,2.97528779210037,-0.30674846625766,0.0,1.0,0.5,0.7,1.0,0.7,1.0,0.7,0.7,0.7,0.7,0.7,0.7,0.3,0.0,-0.34246575342464,-1.18516238263812,0.0,-1.18516238263812,0.0,-1.18516238263812,-1.18516238263812,-1.18516238263812,-1.18516238263812,-1.18516238263812,-1.18516238263812,1.40449438202248,0.4242462894067946,0.40816122921011033,0.1649482582870392,0.21862800325033668,0.05337255293897045,0.033232605169054845,0.03249999999999997
qwen,S1,mrpc@s1__yelp_polarity@s1,mrpc,yelp_polarity,0.5,0.0423461270756686,0.7008386256147224,0.993880267535268,1.0,0.5,0.7,1.0,0.7,0.7,0.7,0.7,0.7,0.3,0.5,7.61930253369747,0.0,1.5279765800056002,7.61930253369747,1.5279765800056002,1.5279765800056002,1.5279765800056002,1.5279765800056002,1.5279765800056002,0.7342161308448801,0.0,0.0,1.0,0.5,0.7,1.0,0.5,0.5,0.5,0.7,0.7,0.7,0.7,0.7,0.3,7.6334043859966085,0.0,2.3650902609680093,7.6334043859966085,0.0,0.0,0.0,2.3650902609680093,2.3650902609680093,2.3650902609680093,2.3650902609680093,2.3650902609680093,0.04690680058287988,0.49383332182410217,0.8490870343728519,0.18310173519428108,0.4584301870880291,0.054713482969020226,0.44597930639770045,0.08499999999999996
qwen,S1,stsb@s1__mnli@s1,stsb,mnli,0.7,0.0348577305533979,0.6895094630325878,0.9660869202722816,1.0,0.5,0.7,1.0,0.7,0.7,0.7,0.3,0.7,0.3,0.7,2.54320053130883,1.6947654262341003,0.0,2.54320053130883,0.0,0.0,0.0,14.738856874274648,0.0,14.738856874274648,0.0,0.0,1.0,0.5,0.7,1.0,0.7,0.7,0.7,0.7,0.7,0.7,0.7,0.3,0.3,2.55634399781082,1.66668060511439,0.0,2.55634399781082,0.0,0.0,0.0,0.0,0.0,0.0,0.0,14.715930682205581,14.715930682205581,0.8192045465137573,0.14790199043407132,0.3221450553095985,0.343850036561037,0.1276944591136747,0.16770884535410294,0.11012769069226724
qwen,S1,stsb@s1__qnli@s1,stsb,qnli,0.7,0.0253391080970311,0.6935955448000987,0.9713863236544932,1.0,0.5,0.7,1.0,0.7,0.7,0.7,0.7,0.7,0.3,0.7,1.20347948556921,0.0540662077773698,0.0,1.20347948556921,0.0,0.0,0.0,0.0,0.0,3.9014194376233395,0.0,0.0,1.0,0.5,0.7,1.0,0.5,0.5,0.7,0.7,0.7,0.7,0.7,0.7,0.3,1.22304331127969,0.04724299762045997,0.0,1.22304331127969,0.04724299762045997,0.04724299762045997,0.0,0.0,0.0,0.0,0.0,0.0,3.8420488659438505,0.7165952624313519,0.3689773057975014,0.23460654225307703,0.4933719843412582,0.06543574263427401,0.001579002430861613,0.05669447986199638
qwen,S1,stsb@s1__rte@s1,stsb,rte,0.5,0.0599408666112731,0.6915244426029364,0.981578809621084,1.0,0.5,0.7,1.0,0.7,0.7,0.7,0.5,0.7,0.3,0.5,0.1949329578728204,0.0,0.5502031217380909,0.1949329578728204,0.5502031217380909,0.5502031217380909,0.5502031217380909,0.0,0.5502031217380909,4.413424258112471,0.0,0.0,1.0,0.5,0.7,1.0,0.5,0.5,1.0,0.7,0.7,0.7,0.7,0.5,0.3,-1.14144989710854,0.0,-1.0321515989037502,-1.14144989710854,0.0,0.0,-1.14144989710854,-1.0321515989037502,-1.0321515989037502,-1.0321515989037502,-1.0321515989037502,0.0,3.79747544631559,0.7552121395669376,0.5979407532467711,0.2950980903716123,0.6298906090729957,0.11140706410344667,0.07126049556778766,0.11999289112662592
qwen,S1,stsb@s1__wic@s1,stsb,wic,0.7,0.1059421396048014,0.6925583604555209,0.9868443648524718,1.0,0.5,0.7,1.0,0.7,0.7,0.7,0.5,0.7,0.3,0.7,4.19279744692467,0.39282653666226075,0.0,4.19279744692467,0.0,0.0,0.0,0.39282653666226075,0.0,14.607591698637549,0.0,0.0,1.0,0.5,0.7,1.0,0.7,0.7,0.7,0.7,0.7,0.7,0.7,0.5,0.3,4.74106671988954,0.39670809750369934,0.0,4.74106671988954,0.0,0.0,0.0,0.0,0.0,0.0,0.0,0.39670809750369934,14.789042814823228,0.9141236773810573,0.8602712679736841,0.421378406404343,0.6252881297582723,0.14344742366254148,0.003255730069098749,0.16848064951623787
qwen,S1,stsb@s1__snli@s1,stsb,snli,0.5,0.0571409436705903,0.6924762580080207,0.9628934706999576,1.0,0.5,0.7,1.0,0.7,0.7,0.7,0.5,0.7,0.3,0.7,0.50118126032066,0.0,-0.6032662430036695,0.50118126032066,-0.6032662430036695,-0.6032662430036695,-0.6032662430036695,0.0,-0.6032662430036695,10.588541679273819,-0.6032662430036695,0.0,1.0,0.5,0.7,1.0,0.5,0.5,0.7,0.7,0.7,0.7,0.7,0.5,0.3,0.45193958675706014,0.0,-0.6396893555349101,0.45193958675706014,0.0,0.0,-0.6396893555349101,-0.6396893555349101,-0.6396893555349101,-0.6396893555349101,-0.6396893555349101,0.0,10.461174860897751,0.7647465377647035,0.12808752060678502,0.2960359294751936,0.79733136353999,0.13575455029258027,0.1075334039991744,0.09477011925298118
qwen,S1,stsb@s1__scitail@s1,stsb,scitail,1.0,0.175547107581643,0.6980179510884648,0.9776254179989916,1.0,0.5,0.7,1.0,0.7,0.7,0.7,0.5,0.7,0.3,1.0,0.0,13.14254292587017,8.502238557873293,0.0,8.502238557873293,8.502238557873293,8.502238557873293,13.14254292587017,8.502238557873293,19.30376641498922,0.0,0.0,1.0,0.5,0.7,1.0,1.0,1.0,1.0,0.7,0.7,0.7,0.7,0.5,0.3,0.0,13.031774505008151,8.440459664640517,0.0,0.0,0.0,0.0,8.440459664640517,8.440459664640517,8.440459664640517,8.440459664640517,13.031774505008151,18.44284865282904,0.7197384906014165,0.91424436041657,0.20772099966270022,0.9349067241500733,0.01417698655373252,0.05359999653275892,0.16181673291832288
qwen,S1,stsb@s1__ag_news@s1,stsb,ag_news,0.5,0.1300357930632688,0.7005860436004192,0.9861597030979636,1.0,0.5,0.7,1.0,0.7,0.7,0.7,0.7,0.7,0.3,0.5,11.31478022353054,0.0,6.5100453169243515,11.31478022353054,6.5100453169243515,6.5100453169243515,6.5100453169243515,6.5100453169243515,6.5100453169243515,3.806542434896892,0.0,0.0,1.0,0.5,0.7,1.0,0.5,0.5,0.5,0.7,0.7,0.7,0.7,0.7,0.3,11.52375322782123,0.0,6.6638581204472995,11.52375322782123,0.0,0.0,0.0,6.6638581204472995,6.6638581204472995,6.6638581204472995,6.6638581204472995,6.6638581204472995,3.5132127561403688,0.5363592847910963,0.8880327181436304,0.1433064125315712,0.7816907178282769,0.01690005155164436,0.02605313368936488,0.16012394059851487
qwen,S1,stsb@s1__imdb@s1,stsb,imdb,1.0,0.0123526443417771,0.6996260535144109,0.9867670764127008,1.0,0.5,0.7,1.0,0.7,0.7,0.7,0.5,0.7,0.3,1.0,0.0,2.8844612292245095,0.1694635953067899,0.0,0.1694635953067899,0.1694635953067899,0.1694635953067899,2.8844612292245095,0.1694635953067899,15.431317895769,0.0,0.0,1.0,0.5,0.7,1.0,0.7,0.7,1.0,0.7,0.7,0.7,0.7,0.5,0.3,0.0,2.8905541782861497,0.17305145953691992,0.0,0.17305145953691992,0.17305145953691992,0.0,0.17305145953691992,0.17305145953691992,0.17305145953691992,0.17305145953691992,2.8905541782861497,15.233568597570871,0.664180254594372,0.9875417701129984,0.27418154575419756,0.8568648983755187,0.031036029324276845,0.1289257844864918,0.02032719567989205
qwen,S1,stsb@s1__trec@s1,stsb,trec,0.7,0.0526268508860013,0.702093143328816,0.9966813911504177,1.0,0.5,0.7,1.0,0.7,0.7,0.7,0.7,0.7,0.3,0.7,5.20991759404246,0.05629115521255945,0.0,5.20991759404246,0.0,0.0,0.0,0.0,0.0,9.26641546793647,0.0,0.0,1.0,0.5,0.7,1.0,0.7,0.7,0.5,0.7,0.7,0.7,0.7,0.7,0.3,5.205098950271961,-0.35783073140528004,0.0,5.205098950271961,0.0,0.0,-0.35783073140528004,0.0,0.0,0.0,0.0,0.0,8.51012776210937,0.47961166828027635,0.8130816983958088,0.20602543524731842,0.8677663512762571,0.031674971186122516,0.13011224848283903,0.057137178429460644
qwen,S1,stsb@s1__yelp_polarity@s1,stsb,yelp_polarity,0.7,0.0274175689961709,0.7007170802174785,0.9848848038143154,1.0,0.5,0.7,1.0,0.7,0.7,0.7,0.5,0.7,0.3,0.7,0.0042164290283600026,1.7384712934910298,0.0,0.0042164290283600026,0.0,0.0,0.0,1.7384712934910298,0.0,11.52741893139901,0.0,0.0,1.0,0.5,0.7,1.0,0.7,0.7,1.0,0.7,0.7,0.7,0.7,0.5,0.3,-0.0006414751948600333,1.7717927301940297,0.0,-0.0006414751948600333,0.0,0.0,-0.0006414751948600333,0.0,0.0,0.0,0.0,1.7717927301940297,11.41615914820405,0.7427013856192699,0.9988170607465331,0.2675827567104422,0.9261090426633868,0.03585406774086887,0.11366769258689859,0.042422560564013945
qwen,S1,mnli@s1__qnli@s1,mnli,qnli,0.7,0.0487591066579845,0.6973884847980871,0.9745710334080152,1.0,0.5,0.7,1.0,0.7,0.7,0.7,0.5,0.7,0.3,0.7,1.6837727797565802,6.39314796357625,0.0,1.6837727797565802,0.0,0.0,0.0,6.39314796357625,0.0,27.24523775930658,0.0,0.0,1.0,0.5,0.7,1.0,0.7,0.7,0.7,0.7,0.7,0.7,0.7,0.5,0.3,1.6414006664946093,6.2704411547795695,0.0,1.6414006664946093,0.0,0.0,0.0,0.0,0.0,0.0,0.0,6.2704411547795695,27.239294461239048,0.5791834940854836,0.35862346630185254,0.22877050565959497,0.10141412109289778,0.08658800184879217,0.0036741313332032755,0.14749999999999996
qwen,S1,mnli@s1__rte@s1,mnli,rte,0.7,0.0447994351529058,0.6719721247769397,0.9750165076741514,1.0,0.5,0.7,1.0,0.7,0.7,0.5,0.3,0.7,0.3,1.0,-0.5197806804642296,4.13436079608137,0.0,-0.5197806804642296,0.0,0.0,4.13436079608137,14.03860156215524,0.0,14.03860156215524,-0.5197806804642296,0.0,1.0,0.5,0.7,1.0,1.0,1.0,1.0,0.7,0.5,0.7,0.7,0.3,0.3,-1.1727101863934097,4.33253923599056,0.0,-1.1727101863934097,-1.1727101863934097,-1.1727101863934097,-1.1727101863934097,0.0,4.33253923599056,0.0,0.0,15.235894796068619,15.235894796068619,0.8829838408323651,0.541261416738051,0.409927431061234,0.32288309922944536,0.08074930631549827,0.12478545564277087,0.12307971014492747
qwen,S1,mnli@s1__wic@s1,mnli,wic,1.0,0.0636129762078527,0.7013240800113019,0.9845935434940102,1.0,0.5,0.7,1.0,0.7,0.7,0.7,0.3,0.7,0.3,1.0,0.0,16.8670632024522,3.08987739016202,0.0,3.08987739016202,3.08987739016202,3.08987739016202,35.112574806597586,3.08987739016202,35.112574806597586,0.0,0.0,1.0,0.5,0.7,1.0,1.0,1.0,1.0,0.7,0.7,0.7,0.7,0.3,0.3,0.0,16.63729116800851,2.1176551179452496,0.0,0.0,0.0,0.0,2.1176551179452496,2.1176551179452496,2.1176551179452496,2.1176551179452496,34.70825979384766,34.70825979384766,0.8736851949674858,0.7449348936194805,0.3421192860598107,0.020607064191040306,0.1601432483473488,0.00020516908964756327,0.12749999999999995
qwen,S1,mnli@s1__snli@s1,mnli,snli,0.5,0.0121671912971703,0.6790414410871218,0.932016153497266,1.0,0.5,0.7,1.0,0.7,0.7,0.5,0.3,0.5,0.3,0.5,3.9295060874041496,0.0,1.1842963680115,3.9295060874041496,1.1842963680115,1.1842963680115,0.0,10.64113228145878,0.0,10.64113228145878,0.0,0.0,1.0,0.5,0.7,1.0,0.5,0.5,0.5,0.7,0.5,0.5,0.7,0.3,0.3,3.85934342699039,0.0,1.2205854328791501,3.85934342699039,0.0,0.0,0.0,1.2205854328791501,0.0,0.0,1.2205854328791501,10.62718402881584,10.62718402881584,0.7160770015439739,0.00042160738671346936,0.3035553401281474,0.0003155710892443375,0.011398681646651412,9.331056346994496e-05,0.07750000000000001
qwen,S1,mnli@s1__scitail@s1,mnli,scitail,0.7,0.1183213608023854,0.6955360292970333,0.9748274415803412,1.0,0.5,0.7,1.0,0.7,0.7,0.7,0.3,0.7,0.3,0.7,1.9878166320291601,3.4493313454414003,0.0,1.9878166320291601,0.0,0.0,0.0,14.325020330712931,0.0,14.325020330712931,0.0,0.0,1.0,0.5,0.7,1.0,0.7,0.7,0.7,0.7,0.7,0.7,0.7,0.3,0.3,1.9516012242546898,3.348320351267639,0.0,1.9516012242546898,0.0,0.0,0.0,0.0,0.0,0.0,0.0,14.18437386498497,14.18437386498497,0.8414762533717944,0.661818977038633,0.4193649543278278,0.24351411288705294,0.09124176279921609,0.0021613200094943172,0.15000000000000002
qwen,S1,mnli@s1__ag_news@s1,mnli,ag_news,0.5,0.0963230050084549,0.7025365625799938,0.9876546623569816,1.0,0.5,0.7,1.0,0.7,0.7,0.7,0.7,0.7,0.3,0.5,16.113239650698997,0.0,3.430464927906639,16.113239650698997,3.430464927906639,3.430464927906639,3.430464927906639,3.430464927906639,3.430464927906639,14.83024661477494,0.0,0.0,1.0,0.5,0.7,1.0,0.5,0.5,0.5,0.7,0.7,0.7,0.7,0.7,0.3,16.25432384361054,0.0,3.456115033335891,16.25432384361054,0.0,0.0,0.0,3.456115033335891,3.456115033335891,3.456115033335891,3.456115033335891,3.456115033335891,14.97723503158997,0.531865242344958,0.7884039944726982,0.1630144960434451,0.5525280568537698,0.03476296100572967,0.07558455085255307,0.19999999999999996
qwen,S1,mnli@s1__imdb@s1,mnli,imdb,1.0,0.0435750498092419,0.7011389180324503,0.9858913497254128,1.0,0.5,0.7,1.0,0.7,0.7,0.7,0.5,0.7,0.3,1.0,0.0,13.242838841484058,3.2456829311222095,0.0,3.2456829311222095,3.2456829311222095,3.2456829311222095,13.242838841484058,3.2456829311222095,32.54889804837787,0.0,0.0,1.0,0.5,0.7,1.0,1.0,1.0,1.0,0.7,0.7,0.7,0.7,0.5,0.3,0.0,13.186893631241809,3.2336111201067093,0.0,0.0,0.0,0.0,3.2336111201067093,3.2336111201067093,3.2336111201067093,3.2336111201067093,13.186893631241809,32.57782733061543,0.7070392982336041,0.8832786532960643,0.28608885467440487,0.48878843957166723,0.0850412080147625,0.1090742991791094,0.08999999999999997
qwen,S1,mnli@s1__trec@s1,mnli,trec,0.7,0.0963643224952754,0.7060010325084299,0.9964962016061252,1.0,0.5,0.7,1.0,0.7,0.7,0.7,0.7,0.7,1.0,1.0,-0.46924172400010095,5.18166746215605,0.0,-0.46924172400010095,0.0,0.0,0.0,0.0,0.0,-0.46924172400010095,-0.46924172400010095,0.0,1.0,0.5,0.7,1.0,1.0,1.0,1.0,0.7,0.7,0.7,0.7,0.7,1.0,-1.1208891441312208,4.68857152509162,0.0,-1.1208891441312208,-1.1208891441312208,-1.1208891441312208,-1.1208891441312208,0.0,0.0,0.0,0.0,0.0,-1.1208891441312208,0.31313224966951214,0.8299174724601245,0.17672674426993024,0.7830886275003134,0.05530335775975212,0.4003367128242873,0.135
qwen,S1,mnli@s1__yelp_polarity@s1,mnli,yelp_polarity,0.7,0.0357289022932463,0.6991124656946179,0.9850371976542054,1.0,0.5,0.7,1.0,0.7,0.7,0.7,0.5,0.7,0.3,0.7,1.0980548039144,3.3426717884572694,0.0,1.0980548039144,0.0,0.0,0.0,3.3426717884572694,0.0,21.7866389098576,0.0,0.0,1.0,0.5,0.7,1.0,0.7,0.7,0.7,0.7,0.7,0.7,0.7,0.5,0.3,1.10765294457374,3.34080032986944,0.0,1.10765294457374,0.0,0.0,0.0,0.0,0.0,0.0,0.0,3.34080032986944,21.801977895047063,0.7992766393530881,0.9638921561800277,0.3534869087192646,0.42619941230189956,0.1332348163768233,0.009958265724183093,0.07999999999999996
qwen,S1,qnli@s1__rte@s1,qnli,rte,0.7,0.0249597951189509,0.6786290583389774,0.9826049494642076,1.0,0.5,0.7,1.0,0.7,0.7,0.5,0.5,0.7,0.3,0.7,2.2221325979663202,1.4199002818122701,0.0,2.2221325979663202,0.0,0.0,1.4199002818122701,1.4199002818122701,0.0,12.48483809658247,0.0,0.0,1.0,0.5,0.7,1.0,0.7,0.7,0.7,0.7,0.5,0.7,0.7,0.5,0.3,0.1700505449272499,0.95632927034646,0.0,0.1700505449272499,0.0,0.0,0.0,0.0,0.95632927034646,0.0,0.0,0.95632927034646,8.8250218167741,0.8849794581423228,0.6425827495409882,0.33925065868915766,0.2469941030668855,0.16370718252819486,0.0065598468126539244,0.12471014492753629
qwen,S1,qnli@s1__wic@s1,qnli,wic,0.7,0.0205527757969068,0.7002911796868879,0.9842983560086844,1.0,0.5,0.7,1.0,0.7,0.7,0.7,0.5,0.7,0.3,0.7,0.33738019545390996,6.114850515903799,0.0,0.33738019545390996,0.0,0.0,0.0,6.114850515903799,0.0,20.10259222166747,0.0,0.0,1.0,0.5,0.7,1.0,1.0,0.7,1.0,0.7,0.7,0.7,0.7,0.5,0.3,-0.38341085476769016,6.24205828610637,0.0,-0.38341085476769016,-0.38341085476769016,0.0,-0.38341085476769016,0.0,0.0,0.0,0.0,6.24205828610637,20.956112414177948,0.9508526452388447,0.5801380597184445,0.6311550713032147,0.018425821385851315,0.3455689207727452,1.1641159504020016e-09,0.10749999999999993
qwen,S1,qnli@s1__snli@s1,qnli,snli,0.7,0.0202675398308289,0.6990823137297795,0.9791114980565918,1.0,0.5,0.7,1.0,0.7,0.7,0.7,0.7,0.7,0.3,0.7,0.9074862344571499,2.26676832659669,0.0,0.9074862344571499,0.0,0.0,0.0,0.0,0.0,16.25323506747668,0.0,0.0,1.0,0.5,0.7,1.0,0.7,0.7,0.7,0.7,0.7,0.7,0.7,0.7,0.3,0.8189284269770201,2.2199900629966898,0.0,0.8189284269770201,0.0,0.0,0.0,0.0,0.0,0.0,0.0,0.0,16.07888356245519,0.7155023454871048,0.573057646927724,0.2831781563132347,0.7713375509415209,0.11061202227672647,0.0002952030819949244,0.05249999999999999
qwen,S1,qnli@s1__scitail@s1,qnli,scitail,1.0,0.0330388756413035,0.6956615427161454,0.972008604201726,1.0,0.5,0.7,1.0,0.7,0.7,0.7,0.7,0.7,0.3,1.0,0.0,1.95136931859237,0.39477804272948014,0.0,0.39477804272948014,0.39477804272948014,0.39477804272948014,0.39477804272948014,0.39477804272948014,4.41752775971288,0.0,0.0,1.0,0.5,0.7,1.0,1.0,0.7,1.0,0.7,0.7,0.7,0.7,0.7,0.3,0.0,2.0332000978872604,0.47341764768783,0.0,0.0,0.47341764768783,0.0,0.47341764768783,0.47341764768783,0.47341764768783,0.47341764768783,0.47341764768783,4.61193362431829,0.5644420823085232,0.8238775922623187,0.2419977980811366,0.5619826211100609,0.052656242698035205,8.570763756051532e-06,0.07499999999999996
qwen,S1,qnli@s1__ag_news@s1,qnli,ag_news,0.3,0.0885992485006141,0.7032775891160913,0.9883711351738576,1.0,0.5,0.7,1.0,0.7,0.7,0.7,0.7,0.7,0.3,0.5,13.36048550679756,-0.19395561714821985,7.492106288645969,13.36048550679756,7.492106288645969,7.492106288645969,7.492106288645969,7.492106288645969,7.492106288645969,0.0,-0.19395561714821985,0.0,1.0,0.5,0.7,1.0,0.5,0.5,0.5,0.7,0.7,0.7,0.7,0.7,0.3,13.44143672237429,-0.13956394149202966,7.52600143139949,13.44143672237429,-0.13956394149202966,-0.13956394149202966,-0.13956394149202966,7.52600143139949,7.52600143139949,7.52600143139949,7.52600143139949,7.52600143139949,0.0,0.4298748438558282,0.5971388044942145,0.16086113252679987,0.21250797862396334,0.03031788049984011,0.0014641291323186526,0.14250000000000007
qwen,S1,qnli@s1__imdb@s1,qnli,imdb,1.0,0.0150393989033257,0.7013227278485527,0.9842936791737598,1.0,0.5,0.7,1.0,0.7,0.7,0.7,0.7,0.7,1.0,1.0,0.0,3.9103437948093,0.82834287903191,0.0,0.82834287903191,0.82834287903191,0.82834287903191,0.82834287903191,0.82834287903191,0.0,0.0,0.0,1.0,0.5,0.7,1.0,1.0,1.0,1.0,0.7,0.7,0.7,0.7,0.7,1.0,0.0,3.89950404982145,0.8167683076743602,0.0,0.0,0.0,0.0,0.8167683076743602,0.8167683076743602,0.8167683076743602,0.8167683076743602,0.8167683076743602,0.0,0.6644258442724696,0.9070325702729762,0.33798078488742245,0.4087023218333489,0.08711118253507207,0.002079338338360645,0.040000000000000036
qwen,S1,qnli@s1__trec@s1,qnli,trec,1.0,0.0236940415124501,0.7055268955254576,0.9948139956298044,1.0,0.5,0.7,1.0,0.7,0.7,0.7,0.7,0.7,0.3,1.0,0.0,1.1550667913254802,0.06503360069369003,0.0,0.06503360069369003,0.06503360069369003,0.06503360069369003,0.06503360069369003,0.06503360069369003,7.073878081726001,0.0,0.0,1.0,0.5,0.7,1.0,0.7,0.7,1.0,0.7,0.7,0.7,0.7,0.7,0.3,0.0,1.2840729894120302,0.2726070600869598,0.0,0.2726070600869598,0.2726070600869598,0.0,0.2726070600869598,0.2726070600869598,0.2726070600869598,0.2726070600869598,0.2726070600869598,6.886848204118529,0.36686302397706266,0.4437832015801068,0.2185724279641067,0.2562349697783088,0.06582252890825185,0.046290839124748316,0.05249999999999999
qwen,S1,qnli@s1__yelp_polarity@s1,qnli,yelp_polarity,0.7,0.0144089332620165,0.6998138703196989,0.983201807531266,1.0,0.5,0.7,1.0,0.7,0.7,0.7,0.7,0.7,0.3,0.7,0.5504545325368102,0.89524147399323,0.0,0.5504545325368102,0.0,0.0,0.0,0.0,0.0,6.81577520547241,0.0,0.0,1.0,0.5,0.7,1.0,0.7,0.7,0.7,0.7,0.7,0.7,0.7,0.7,0.3,0.529202935976,0.8747564641283699,0.0,0.529202935976,0.0,0.0,0.0,0.0,0.0,0.0,0.0,0.0,6.7958079837511605,0.6091609355859263,0.9786061904332347,0.2753478122315838,0.5167358964514498,0.06944512330664628,0.00037554410009723606,0.03500000000000003
qwen,S1,rte@s1__wic@s1,rte,wic,1.0,0.1693886141218562,0.6700934543516536,0.9927851928773668,1.0,0.5,0.7,1.0,0.7,0.7,0.7,0.3,0.7,0.3,0.7,0.0,4.411764705882348,-0.03156897821740001,0.0,-0.03156897821740001,-0.03156897821740001,-0.03156897821740001,13.983478901399558,-0.03156897821740001,13.983478901399558,-0.03156897821740001,0.0,1.0,0.5,0.7,1.0,1.0,1.0,1.0,0.7,0.7,0.7,0.7,0.3,0.3,0.0,3.599530427057551,0.0047591852274903035,0.0,0.0,0.0,0.0,0.0047591852274903035,0.0047591852274903035,0.0047591852274903035,0.0047591852274903035,12.735579668760701,12.735579668760701,0.9100723622781366,0.9231912197961598,0.1784646972203539,0.4713200814681395,0.10847547177478033,5.862693193265044e-05,0.2780072463768115
qwen,S1,rte@s1__snli@s1,rte,snli,1.0,0.0094318437008757,0.6830918441752466,0.980013200343427,1.0,0.5,0.7,1.0,0.7,0.7,0.5,0.5,0.7,0.3,1.0,0.0,2.6369471325837397,1.0200596410050298,0.0,1.0200596410050298,1.0200596410050298,2.6369471325837397,2.6369471325837397,1.0200596410050298,14.917144961066242,0.0,0.0,1.0,0.5,0.7,1.0,1.0,1.0,1.0,0.7,0.5,0.7,0.7,0.5,0.3,0.0,3.18649538851977,0.5555795165380101,0.0,0.0,0.0,0.0,0.5555795165380101,3.18649538851977,0.5555795165380101,0.5555795165380101,3.18649538851977,14.39319820852561,0.7876247724964696,0.5778246963711908,0.3182980764778904,0.3507555455306829,0.2295637632133436,0.020398016022655435,0.08771739130434797
qwen,S1,rte@s1__scitail@s1,rte,scitail,0.5,0.1285806570690291,0.6877327254046218,0.9897354470188348,1.0,0.5,0.7,1.0,0.7,0.7,0.7,0.5,0.7,0.3,0.5,2.9669619785898993,0.0,0.953303802141009,2.9669619785898993,0.953303802141009,0.953303802141009,0.953303802141009,0.0,0.953303802141009,3.209671465485431,0.0,0.0,1.0,0.5,0.7,1.0,0.5,0.5,0.7,0.7,0.7,0.7,0.7,0.5,0.3,2.7883021548662015,0.0,-0.07741488916008787,2.7883021548662015,0.0,0.0,-0.07741488916008787,-0.07741488916008787,-0.07741488916008787,-0.07741488916008787,-0.07741488916008787,0.0,0.7809796171150601,0.9201483094021482,0.9204099281959712,0.5213620242654559,0.6657237074776109,0.16482904050687622,0.004330192490798011,0.1757971014492754
qwen,S1,rte@s1__ag_news@s1,rte,ag_news,0.7,0.0589898750197753,0.6845628029343436,0.9939958507664204,1.0,0.5,0.7,1.0,0.7,0.7,0.7,0.5,0.7,0.3,0.7,0.8239400411327209,1.4935828982755799,0.0,0.8239400411327209,0.0,0.0,0.0,1.4935828982755799,0.0,2.7810077519379797,0.0,0.0,1.0,0.5,0.7,1.0,0.5,1.0,0.7,0.7,0.7,0.7,0.7,0.5,0.3,1.8532519975943005,3.47678065125871,0.0,1.8532519975943005,3.47678065125871,1.8532519975943005,0.0,0.0,0.0,0.0,0.0,3.47678065125871,4.925895695506501,0.7328446378517046,0.8751412501629132,0.18657635122952923,0.6849631285399105,0.08412613279446249,0.02336928176390635,0.09971014492753627
qwen,S1,rte@s1__imdb@s1,rte,imdb,1.0,0.0441899865055209,0.6840082214696179,0.9940489488339062,1.0,0.5,0.7,1.0,0.7,0.7,0.7,0.5,0.7,0.3,0.7,0.0,4.5680289195551795,-0.3804064103700704,0.0,-0.3804064103700704,-0.3804064103700704,-0.3804064103700704,4.5680289195551795,-0.3804064103700704,16.24498882026732,-0.3804064103700704,0.0,1.0,0.5,0.7,1.0,1.0,0.7,1.0,0.7,0.7,0.7,0.7,0.5,0.3,0.0,5.24070427454451,0.5957878091164999,0.0,0.0,0.5957878091164999,0.0,0.5957878091164999,0.5957878091164999,0.5957878091164999,0.5957878091164999,5.24070427454451,16.03152393543509,0.8611721429060416,0.9640044463873906,0.2861028710391427,0.6799401545694415,0.11944378222515135,0.04856391478015666,0.11257246376811603
qwen,S1,rte@s1__trec@s1,rte,trec,1.0,0.058139534883721,0.6821318165269228,0.998365049325795,1.0,0.5,0.7,1.0,0.7,0.7,0.7,0.7,0.7,0.3,0.7,0.0,2.1952727445665,-1.16279069767442,0.0,-1.16279069767442,-1.16279069767442,-1.16279069767442,-1.16279069767442,-1.16279069767442,9.348456746088349,-1.16279069767442,0.0,1.0,0.5,0.7,1.0,1.0,0.7,0.7,0.7,0.7,0.7,0.7,0.7,0.3,0.0,0.0,-2.4271844660194093,0.0,0.0,-2.4271844660194093,-2.4271844660194093,-2.4271844660194093,-2.4271844660194093,-2.4271844660194093,-2.4271844660194093,-2.4271844660194093,5.511038701955072,0.5403396124752287,0.8365699876913428,0.13273104345489342,0.657699073491254,0.07354267973382984,0.07897542993785753,0.065217391304348
qwen,S1,rte@s1__yelp_polarity@s1,rte,yelp_polarity,0.7,0.0537353364889895,0.6891749676681674,0.993007832617423,1.0,0.5,0.7,1.0,0.7,0.7,0.7,0.7,0.7,0.3,0.7,4.2642519036838795,1.6155587569458694,0.0,4.2642519036838795,0.0,0.0,0.0,0.0,0.0,8.26095904507099,0.0,0.0,1.0,0.5,0.7,1.0,0.5,0.7,0.7,0.7,0.7,0.7,0.7,0.7,0.3,6.1391897938584306,2.39190834451972,0.0,6.1391897938584306,2.39190834451972,0.0,0.0,0.0,0.0,0.0,0.0,0.0,9.017887803202958,0.7404733117041848,0.989500455633615,0.27003737393365884,0.6040239422911977,0.08858746362616739,0.03552963104547913,0.1273188405797101
qwen,S1,wic@s1__snli@s1,wic,snli,0.7,0.0878646557864798,0.6987291086042504,0.9862894795032876,1.0,0.5,0.7,1.0,0.7,0.7,0.7,0.5,0.7,0.3,1.0,-1.2488657298501404,7.308180056558529,0.0,-1.2488657298501404,0.0,0.0,0.0,7.308180056558529,0.0,23.123792694538132,-1.2488657298501404,0.0,1.0,0.5,0.7,1.0,0.7,1.0,1.0,0.7,0.7,0.7,0.7,0.5,0.3,-1.1220145450433399,7.47679868455838,0.0,-1.1220145450433399,0.0,-1.1220145450433399,-1.1220145450433399,0.0,0.0,0.0,0.0,7.47679868455838,24.17467805452786,0.9477847202426685,0.8717328960954288,0.5264092993647838,0.4687996867656447,0.32036177363227664,0.000698886726087263,0.13749999999999996
qwen,S1,wic@s1__scitail@s1,wic,scitail,0.5,0.0860985419808948,0.6962840170405356,0.9844357743188902,1.0,0.5,0.7,1.0,0.7,0.7,0.7,0.3,0.7,0.3,0.5,3.54593119299003,0.0,1.13714716655893,3.54593119299003,1.13714716655893,1.13714716655893,1.13714716655893,3.6726998491704506,1.13714716655893,3.6726998491704506,0.0,0.0,1.0,0.5,0.7,1.0,0.5,0.5,0.5,0.7,0.7,0.7,0.7,0.3,0.3,3.88539405756049,0.0,1.7504813057180408,3.88539405756049,0.0,0.0,0.0,1.7504813057180408,1.7504813057180408,1.7504813057180408,1.7504813057180408,2.840010300555501,2.840010300555501,0.9091272931452025,0.9897760834425327,0.3991581902443058,0.4941304838183636,0.08960420855988702,0.0066876471644886646,0.22999999999999998
qwen,S1,wic@s1__ag_news@s1,wic,ag_news,0.7,0.0129143003355187,0.7029474093924142,0.9933759567482912,1.0,0.5,0.7,1.0,0.7,0.7,0.7,0.7,0.7,0.3,0.7,1.02569874103488,1.49261627728015,0.0,1.02569874103488,0.0,0.0,0.0,0.0,0.0,9.19940091421183,0.0,0.0,1.0,0.5,0.7,1.0,1.0,1.0,0.7,0.7,0.7,0.7,0.7,0.7,0.3,2.0518103996761,1.9769072820868798,0.0,2.0518103996761,2.0518103996761,2.0518103996761,0.0,0.0,0.0,0.0,0.0,0.0,10.17214702990341,0.7149780402449345,0.8567813351199276,0.30834416879627985,0.29787104725230246,0.08645711462597766,3.995359498753975e-05,0.06000000000000005
qwen,S1,wic@s1__imdb@s1,wic,imdb,0.7,0.0128229084615958,0.7027152056545318,0.9941367904618218,1.0,0.5,0.7,1.0,0.7,0.7,0.7,0.5,0.7,0.3,0.7,0.6787330316742199,4.084232656995961,0.0,0.6787330316742199,0.0,0.0,0.0,4.084232656995961,0.0,15.66825928885875,0.0,0.0,1.0,0.5,0.7,1.0,0.7,0.7,0.7,0.7,0.7,0.7,0.7,0.5,0.3,1.2740842677098898,2.79692690730379,0.0,1.2740842677098898,0.0,0.0,0.0,0.0,0.0,0.0,0.0,2.79692690730379,16.08288868405451,0.7218300839916217,0.9917864901185159,0.3598066393525056,0.4852936853622599,0.0934400545967065,0.0012909386147540005,0.06499999999999995
qwen,S1,wic@s1__trec@s1,wic,trec,1.0,0.0264969602753795,0.705243653960286,0.9978551306812544,1.0,0.5,0.7,1.0,0.7,0.7,0.5,0.7,0.5,0.3,1.0,0.0,4.09414355643154,0.2697350766639899,0.0,0.2697350766639899,0.2697350766639899,4.09414355643154,0.2697350766639899,4.09414355643154,10.68137023568276,0.0,0.0,1.0,0.5,0.7,1.0,1.0,0.7,1.0,0.7,0.5,0.5,0.7,0.7,0.3,0.0,4.73856209150328,0.47452771062764,0.0,0.0,0.47452771062764,0.0,0.47452771062764,4.73856209150328,4.73856209150328,0.47452771062764,0.47452771062764,11.461411048437627,0.6659900417481153,0.7075668716967309,0.5259803824372228,0.3907805502960954,0.18016618552965288,0.00020592353584779593,0.08999999999999997
qwen,S1,wic@s1__yelp_polarity@s1,wic,yelp_polarity,0.7,0.0122397305368867,0.6988454059813313,0.990923187101488,1.0,0.5,0.7,1.0,0.7,0.7,0.7,0.7,0.7,0.3,0.7,1.8306049603339,0.6790124031628599,0.0,1.8306049603339,0.0,0.0,0.0,0.0,0.0,6.70640570886325,0.0,0.0,1.0,0.5,0.7,1.0,0.7,0.7,0.5,0.7,0.7,0.7,0.7,0.7,0.3,2.2313641426560102,-0.018599079503170066,0.0,2.2313641426560102,0.0,0.0,-0.018599079503170066,0.0,0.0,0.0,0.0,0.0,6.282180610722319,0.8013019973463016,0.9960978501600724,0.36706623695990803,0.40968998792946554,0.10025889469518785,0.0059454159245848045,0.07999999999999996
qwen,S1,snli@s1__scitail@s1,snli,scitail,0.5,0.0664913790952417,0.6988413701335097,0.9777488532978555,1.0,0.5,0.7,1.0,0.7,0.7,0.7,0.5,0.7,0.3,0.7,2.5114600821988993,0.0,-0.14163806101827048,2.5114600821988993,-0.14163806101827048,-0.14163806101827048,-0.14163806101827048,0.0,-0.14163806101827048,5.872445542330988,-0.14163806101827048,0.0,1.0,0.5,0.7,1.0,0.5,0.7,0.7,0.7,0.7,0.7,0.7,0.5,0.3,2.654584647319469,0.0,-0.048757677195671034,2.654584647319469,0.0,-0.048757677195671034,-0.048757677195671034,-0.048757677195671034,-0.048757677195671034,-0.048757677195671034,-0.048757677195671034,0.0,5.59914916427631,0.6903851987140753,0.7731969881730514,0.2535299800988408,0.8373771400527091,0.075051695598078,0.009504478655662705,0.08250000000000002
qwen,S1,snli@s1__ag_news@s1,snli,ag_news,0.7,0.0191703674508203,0.7031963865732473,0.9876561383319722,1.0,0.5,0.7,1.0,0.7,0.7,0.7,0.7,0.7,0.3,0.7,1.54035353755246,1.0026107905547303,0.0,1.54035353755246,0.0,0.0,0.0,0.0,0.0,11.559047462461299,0.0,0.0,1.0,0.5,0.7,1.0,0.7,0.7,0.7,0.7,0.7,0.7,0.7,0.7,0.3,1.5829886551031298,0.9662844686851403,0.0,1.5829886551031298,0.0,0.0,0.0,0.0,0.0,0.0,0.0,0.0,11.42432717912853,0.6001874829510192,0.7317875409166382,0.2058252077358549,0.6274002133640629,0.05114556713787602,0.005436434883100903,0.04749999999999999
qwen,S1,snli@s1__imdb@s1,snli,imdb,1.0,0.0211114332356211,0.7020839369939058,0.9870148111050508,1.0,0.5,0.7,1.0,0.7,0.7,0.7,0.5,0.7,0.3,1.0,0.0,5.27149627056861,0.89236653368568,0.0,0.89236653368568,0.89236653368568,0.89236653368568,5.27149627056861,0.89236653368568,21.73946426952768,0.0,0.0,1.0,0.5,0.7,1.0,1.0,1.0,1.0,0.7,0.7,0.7,0.7,0.5,0.3,0.0,5.33504493787556,0.8632527425053598,0.0,0.0,0.0,0.0,0.8632527425053598,0.8632527425053598,0.8632527425053598,0.8632527425053598,5.33504493787556,21.607983905536948,0.6763616148215793,0.8702239470196351,0.2852821955816221,0.7510845355945608,0.10038646808568277,0.03445178294184793,0.057499999999999996
qwen,S1,snli@s1__trec@s1,snli,trec,0.7,0.0131849716902325,0.705571533010122,0.9965411045668716,1.0,0.5,0.7,1.0,0.7,0.7,0.7,0.7,0.7,0.5,1.0,-0.09866742716590995,2.03233774983157,0.0,-0.09866742716590995,0.0,0.0,0.0,0.0,0.0,2.03233774983157,-0.09866742716590995,0.0,1.0,0.5,0.7,1.0,1.0,1.0,1.0,0.7,0.7,0.7,0.7,0.7,0.5,-0.12102805384648,1.70336076048696,0.0,-0.12102805384648,-0.12102805384648,-0.12102805384648,-0.12102805384648,0.0,0.0,0.0,0.0,0.0,1.70336076048696,0.5041411579653748,0.7527608423069874,0.26786058292799897,0.6671440479644044,0.08074134773172248,0.037598431546874846,0.030000000000000027
qwen,S1,snli@s1__yelp_polarity@s1,snli,yelp_polarity,1.0,0.0155227170409453,0.7009708349884718,0.9838239465353849,1.0,0.5,0.7,1.0,0.7,0.7,0.7,0.7,0.7,0.3,0.7,0.0,1.5577507124675098,-0.13667711059791,0.0,-0.13667711059791,-0.13667711059791,-0.13667711059791,-0.13667711059791,-0.13667711059791,15.29436648405309,-0.13667711059791,0.0,1.0,0.5,0.7,1.0,1.0,1.0,0.7,0.7,0.7,0.7,0.7,0.7,0.3,0.0,1.5315825995171801,-0.15290289970456994,0.0,0.0,0.0,-0.15290289970456994,-0.15290289970456994,-0.15290289970456994,-0.15290289970456994,-0.15290289970456994,-0.15290289970456994,15.13952217311319,0.7337387365198478,0.9732955662896153,0.2954388707740559,0.7897447104392886,0.08622618596856997,0.018850288524586076,0.040000000000000036
qwen,S1,scitail@s1__ag_news@s1,scitail,ag_news,0.7,0.0466695011337867,0.7033417044481873,0.9885499396053128,1.0,0.5,0.7,1.0,0.7,0.7,0.7,0.7,0.7,0.3,0.7,0.6094104308390004,1.3456632653061198,0.0,0.6094104308390004,0.0,0.0,0.0,0.0,0.0,3.3219954648526095,0.0,0.0,1.0,0.5,0.7,1.0,0.7,0.7,0.7,0.7,0.7,0.7,0.7,0.7,0.3,0.59508293347061,1.37350777864486,0.0,0.59508293347061,0.0,0.0,0.0,0.0,0.0,0.0,0.0,0.0,3.2027345630842405,0.4761390415245578,0.9002278384978402,0.14222342157500054,0.4315452092440306,0.019848624232007485,0.0008203386272558237,0.06999999999999995
qwen,S1,scitail@s1__imdb@s1,scitail,imdb,0.7,0.0178848752546337,0.7014893535642804,0.9861592876950888,1.0,0.5,0.7,1.0,0.7,0.7,0.7,0.7,0.7,0.3,0.7,0.6379964099150999,0.26739073435389993,0.0,0.6379964099150999,0.0,0.0,0.0,0.0,0.0,3.2215465601742697,0.0,0.0,1.0,0.5,0.7,1.0,0.5,0.5,0.7,0.7,0.7,0.7,0.7,0.7,0.3,0.5462266818991001,0.33105274773780996,0.0,0.5462266818991001,0.33105274773780996,0.33105274773780996,0.0,0.0,0.0,0.0,0.0,0.0,3.2001765614654496,0.6407049972401032,0.9825188998496092,0.2901474128703291,0.6625348245441331,0.040353900793930635,0.0054300459634568235,0.03249999999999997
qwen,S1,scitail@s1__trec@s1,scitail,trec,0.7,0.016574155224462,0.7052263474746734,0.997875273162246,1.0,0.5,0.7,1.0,0.7,0.7,0.7,0.7,0.7,0.3,0.7,1.6924724900184898,0.05648066997759986,0.0,1.6924724900184898,0.0,0.0,0.0,0.0,0.0,2.1672022592268,0.0,0.0,1.0,0.5,0.7,1.0,0.5,0.7,0.5,0.7,0.7,0.7,0.7,0.7,0.3,1.2619188362589702,-0.07742424631831998,0.0,1.2619188362589702,-0.07742424631831998,0.0,-0.07742424631831998,0.0,0.0,0.0,0.0,0.0,1.65578657894061,0.35939326545298217,0.8359731741862928,0.24227076429802438,0.5442549755117572,0.07493247841589817,0.0032077061367896246,0.030000000000000027
qwen,S1,scitail@s1__yelp_polarity@s1,scitail,yelp_polarity,0.5,0.0315561533661965,0.7012776278772931,0.9847549246503224,1.0,0.5,0.7,1.0,0.7,0.7,0.7,0.7,0.7,0.3,0.5,1.98429848717974,0.0,0.77750500625577,1.98429848717974,0.77750500625577,0.77750500625577,0.77750500625577,0.77750500625577,0.77750500625577,0.79086591074655,0.0,0.0,1.0,0.5,0.7,1.0,0.5,0.5,0.5,0.7,0.7,0.7,0.7,0.7,0.3,1.7419448248402802,0.0,0.7169372336810198,1.7419448248402802,0.0,0.0,0.0,0.7169372336810198,0.7169372336810198,0.7169372336810198,0.7169372336810198,0.7169372336810198,0.5371826040793198,0.6098785927211269,0.9974599334856574,0.2622529998159146,0.790191468131851,0.03335997107142959,0.003771571967292466,0.06000000000000005
qwen,S1,ag_news@s1__imdb@s1,ag_news,imdb,1.0,0.0074303466621719,0.7037312034574347,0.9892973602414872,1.0,0.5,0.7,1.0,0.7,0.7,0.7,0.7,0.7,0.3,1.0,0.0,1.8437362238414898,0.31770252573709995,0.0,0.31770252573709995,0.31770252573709995,0.31770252573709995,0.31770252573709995,0.31770252573709995,6.804125716360239,0.0,0.0,1.0,0.5,0.7,1.0,1.0,1.0,1.0,0.7,0.7,0.7,0.7,0.7,0.3,0.0,1.8326040081796398,0.30900941986667996,0.0,0.0,0.0,0.0,0.30900941986667996,0.30900941986667996,0.30900941986667996,0.30900941986667996,0.30900941986667996,6.735085048329779,0.41301058795947426,0.769473262607992,0.16320713413087792,0.28931640967816363,0.02687661052067151,0.007993917491653077,0.025000000000000022
qwen,S1,ag_news@s1__trec@s1,ag_news,trec,0.7,0.0090602958975001,0.7060933308068875,0.9976138538540438,1.0,0.5,0.7,1.0,0.7,0.7,0.7,0.7,0.5,0.3,1.0,-0.07844779015902005,0.53804880848044,0.0,-0.07844779015902005,0.0,0.0,0.0,0.0,0.53804880848044,3.4616799173657204,-0.07844779015902005,0.0,1.0,0.5,0.7,1.0,1.0,0.7,1.0,0.7,0.7,0.5,0.7,0.7,0.3,-0.027882167535460065,0.40929203539824005,0.0,-0.027882167535460065,-0.027882167535460065,0.0,-0.027882167535460065,0.0,0.0,0.40929203539824005,0.0,0.0,2.9411140744332696,0.4967795830101526,0.6018290558683144,0.21764501003161446,0.5347511977296728,0.04820501316486783,0.022119787912456574,0.025000000000000022
qwen,S1,ag_news@s1__yelp_polarity@s1,ag_news,yelp_polarity,0.7,0.0180641277914747,0.7028855499877654,0.9882456320305644,1.0,0.5,0.7,1.0,0.7,0.7,0.7,0.7,0.7,0.3,0.7,1.16570887461796,0.17674658358917994,0.0,1.16570887461796,0.0,0.0,0.0,0.0,0.0,2.44645385937869,0.0,0.0,1.0,0.5,0.7,1.0,0.5,0.5,0.7,0.7,0.7,0.7,0.7,0.7,0.3,1.12447713627182,0.19573599294313015,0.0,1.12447713627182,0.19573599294313015,0.19573599294313015,0.0,0.0,0.0,0.0,0.0,0.0,2.4177052803308405,0.5223043868402496,0.8475403487278746,0.18339443929958696,0.29913543411410315,0.045699285992559825,0.005533103892684978,0.05249999999999999
qwen,S1,imdb@s1__trec@s1,imdb,trec,1.0,0.0016941973739941,0.7069934933689983,0.999821818123872,1.0,0.5,0.7,1.0,0.7,0.7,0.7,0.7,0.5,0.3,1.0,0.0,1.64125370605674,0.21905036599341005,0.0,0.21905036599341005,0.21905036599341005,0.21905036599341005,0.21905036599341005,1.64125370605674,6.29964686898293,0.0,0.0,1.0,0.5,0.7,1.0,1.0,1.0,1.0,0.7,0.7,0.5,0.7,0.7,0.3,0.0,1.48403086197671,0.05479754386070999,0.0,0.0,0.0,0.0,0.05479754386070999,0.05479754386070999,1.48403086197671,0.05479754386070999,0.05479754386070999,5.854305046211341,0.187212289289855,0.8143875655485864,0.16828064752661837,0.48697626252664367,0.04742599297558676,0.041659274180244614,0.007499999999999951
qwen,S1,imdb@s1__yelp_polarity@s1,imdb,yelp_polarity,0.5,0.002717244682076,0.6799260542712756,0.9321989992457592,1.0,0.5,0.7,1.0,0.7,0.7,0.5,0.5,0.5,1.0,0.5,1.61766822270275,0.0,0.29200628411593,1.61766822270275,0.29200628411593,0.29200628411593,0.0,0.0,0.0,1.61766822270275,0.0,0.0,1.0,0.5,0.7,1.0,0.5,0.3,0.5,0.7,0.5,0.5,0.7,0.5,1.0,1.4672319282929698,0.0,0.26135544041843994,1.4672319282929698,0.0,1.0293741600970698,0.0,0.26135544041843994,0.0,0.0,0.26135544041843994,0.0,1.4672319282929698,0.980371568520523,0.3227842148339102,0.3970716427775769,0.00611160855261937,0.053056311584363566,0.008373479966116046,0.025000000000000022
qwen,S1,trec@s1__yelp_polarity@s1,trec,yelp_polarity,1.0,0.0049197176323235,0.7055073285206517,0.9984419492296998,1.0,0.5,0.7,1.0,0.7,0.7,0.7,0.7,0.5,0.3,0.7,0.0,0.3203003639231601,-0.16268590194401994,0.0,-0.16268590194401994,-0.16268590194401994,-0.16268590194401994,-0.16268590194401994,0.3203003639231601,2.55899389364959,-0.16268590194401994,0.0,1.0,0.5,0.7,1.0,1.0,0.7,0.7,0.7,0.7,0.5,0.7,0.7,0.3,0.0,0.04364327768724002,-0.35292692595692,0.0,0.0,-0.35292692595692,-0.35292692595692,-0.35292692595692,-0.35292692595692,0.04364327768724002,-0.35292692595692,-0.35292692595692,2.06859592711683,0.35565878717491384,0.8389482650312714,0.2380685446142892,0.499791622039848,0.0905215297922551,0.03543763772978942,0.012499999999999956
qwen,P,ag_news@s0__cola@s1,ag_news,cola,0.7,0.0050564974541575,0.6992448989330816,0.9989278911622892,1.0,0.5,0.7,1.0,0.7,0.7,0.7,0.7,0.7,0.3,0.7,1.1324924563058398,2.38475803384908,0.0,1.1324924563058398,0.0,0.0,0.0,0.0,0.0,7.802488554820801,0.0,0.0,1.0,0.5,0.7,1.0,0.7,0.7,0.7,0.7,0.7,0.7,0.7,0.7,0.3,0.9560807977616201,2.22153183854678,0.0,0.9560807977616201,0.0,0.0,0.0,0.0,0.0,0.0,0.0,0.0,7.6263147997082505,0.6996420767498926,0.8218576585129177,0.2528019076698345,0.7880164439158457,0.05011862822805477,0.029755477597293068,0.057499999999999996
qwen,P,ag_news@s0__imdb@s1,ag_news,imdb,0.7,0.0105018470583018,0.7061296989437222,0.999442254485308,1.0,0.5,0.7,1.0,0.7,0.7,1.0,0.5,1.0,0.3,0.7,0.06364932956607998,1.1761094604769298,0.0,0.06364932956607998,0.0,0.0,0.06364932956607998,1.1761094604769298,0.06364932956607998,6.42028039524196,0.0,0.0,1.0,0.5,0.7,1.0,1.0,0.7,0.7,0.7,1.0,1.0,0.7,0.5,0.3,0.011074127953300018,1.17016862683692,0.0,0.011074127953300018,0.011074127953300018,0.0,0.0,0.0,0.011074127953300018,0.011074127953300018,0.0,1.17016862683692,6.413574250795841,0.3289479224213183,0.637847222984312,0.11320122671444824,0.5561334798640477,0.024178781980187188,0.010327356057830316,0.04249999999999998
qwen,P,ag_news@s0__mnli@s1,ag_news,mnli,0.7,0.1788964508593702,0.7067629624852513,0.9985615129190516,1.0,0.5,0.7,1.0,0.7,0.7,1.0,0.7,1.0,0.5,0.7,9.396899554045438,0.5081210311072004,0.0,9.396899554045438,0.0,0.0,9.396899554045438,0.0,9.396899554045438,0.5081210311072004,0.0,0.0,1.0,0.5,0.7,1.0,0.5,0.7,0.7,0.7,1.0,1.0,0.7,0.7,0.5,9.412074687179093,0.48406377814666224,0.0,9.412074687179093,0.48406377814666224,0.0,0.0,0.0,9.412074687179093,9.412074687179093,0.0,0.0,0.48406377814666224,0.2899208091663618,0.654702750961597,0.08447368816686517,0.8856307466517324,0.029653171934910266,0.8815274351522582,0.2849999999999999
qwen,P,ag_news@s0__mrpc@s1,ag_news,mrpc,0.7,0.0130168503534948,0.6938357082207458,0.999773859691094,1.0,0.5,0.7,1.0,0.7,0.7,0.7,0.7,0.7,0.3,0.7,0.28089887640448014,1.8292130059341203,0.0,0.28089887640448014,0.0,0.0,0.0,0.0,0.0,4.14443654393569,0.0,0.0,1.0,0.5,0.7,1.0,1.0,0.7,0.7,0.7,0.7,0.7,0.7,0.7,0.3,0.52863392349215,1.8135149435966398,0.0,0.52863392349215,0.52863392349215,0.0,0.0,0.0,0.0,0.0,0.0,0.0,4.8078857872496705,0.49704622149589844,0.4123186417073658,0.13327363913111087,0.1869165531082549,0.015318566974139289,0.005185535997987995,0.07750000000000001
qwen,P,ag_news@s0__qnli@s1,ag_news,qnli,0.5,0.1056482973483351,0.7061336413679137,0.9978973323795952,1.0,0.5,0.7,1.0,0.7,0.7,1.0,0.5,1.0,0.3,0.5,23.22723592650001,0.0,7.91062835569029,23.22723592650001,7.91062835569029,7.91062835569029,23.22723592650001,0.0,23.22723592650001,1.3607522519041002,0.0,0.0,1.0,0.5,0.7,1.0,0.5,0.5,0.5,0.7,1.0,1.0,0.7,0.5,0.3,23.24160107407276,0.0,7.939864516655061,23.24160107407276,0.0,0.0,0.0,7.939864516655061,23.24160107407276,23.24160107407276,7.939864516655061,0.0,1.3800257072596898,0.4215150901556167,0.5794998064145418,0.15428999637610916,0.42894374109036243,0.03018491721109349,0.01704179562377657,0.17999999999999994
qwen,P,ag_news@s0__rte@s1,ag_news,rte,1.0,0.0616330924948267,0.6776931823799517,1.000146108068589,1.0,0.5,0.7,1.0,0.7,0.7,0.7,0.7,0.7,0.3,1.0,0.0,6.27052600907714,2.6855551220572296,0.0,2.6855551220572296,2.6855551220572296,2.6855551220572296,2.6855551220572296,2.6855551220572296,11.96328653197489,0.0,0.0,1.0,0.5,0.7,1.0,1.0,1.0,1.0,0.7,0.7,0.7,0.7,0.7,0.3,0.0,5.75988099658916,2.5377305637421506,0.0,0.0,0.0,0.0,2.5377305637421506,2.5377305637421506,2.5377305637421506,2.5377305637421506,2.5377305637421506,10.429219372827978,0.5089497712932161,0.802498100436136,0.09505829619992485,0.797058803286013,0.05276887761496214,0.03149207890599601,0.12456521739130433
qwen,P,ag_news@s0__scitail@s1,ag_news,scitail,0.7,0.0221816885599004,0.7041447590372999,0.999287413137952,1.0,0.5,0.7,1.0,0.7,0.7,0.7,0.5,1.0,0.3,0.7,0.3079210023359501,0.22297727755363034,0.0,0.3079210023359501,0.0,0.0,0.0,0.22297727755363034,0.3079210023359501,2.87765407005162,0.0,0.0,1.0,0.5,0.7,1.0,0.7,0.7,0.7,0.7,0.7,1.0,0.7,0.5,0.3,0.29847446385143017,0.22109219544550995,0.0,0.29847446385143017,0.0,0.0,0.0,0.0,0.0,0.29847446385143017,0.0,0.22109219544550995,2.71994214270277,0.6358755783294444,0.8846752183830561,0.2699208742271611,0.734418489728586,0.0741425855504011,0.0006592663043142395,0.06000000000000005
qwen,P,ag_news@s0__snli@s1,ag_news,snli,1.0,0.0427247097012915,0.7051415545291804,0.9990322929692024,1.0,0.5,0.7,1.0,0.7,0.7,1.0,0.5,1.0,0.5,1.0,0.0,4.22897379329669,0.033830607658090484,0.0,0.033830607658090484,0.033830607658090484,0.0,4.22897379329669,0.0,4.22897379329669,0.0,0.0,1.0,0.5,0.7,1.0,1.0,1.0,1.0,0.7,1.0,1.0,0.7,0.5,0.5,0.0,4.270622947033369,0.03335250982032037,0.0,0.0,0.0,0.0,0.03335250982032037,0.0,0.0,0.03335250982032037,4.270622947033369,4.270622947033369,0.5299862456471889,0.7746180823255147,0.17817453489380305,0.7901965614483377,0.04843505865507238,0.011293080545976802,0.08250000000000002
qwen,P,ag_news@s0__sst2@s1,ag_news,sst2,1.0,0.021804723067679,0.7041572256711085,0.9980499385586914,1.0,0.5,0.7,1.0,0.7,0.7,1.0,0.5,1.0,0.3,0.7,0.0,0.5078388004000799,-0.32354402601699994,0.0,-0.32354402601699994,-0.32354402601699994,0.0,0.5078388004000799,0.0,4.786788405543681,-0.32354402601699994,0.0,1.0,0.5,0.7,1.0,0.7,1.0,0.7,0.7,1.0,1.0,0.7,0.5,0.3,0.0,0.2528414538436,-0.5481025714105099,0.0,-0.5481025714105099,0.0,-0.5481025714105099,-0.5481025714105099,0.0,0.0,-0.5481025714105099,0.2528414538436,4.203510999947961,0.6400267076568917,0.7893857829389106,0.19827236663562006,0.6508874574247504,0.053104000906300415,0.011547985842847983,0.05500000000000005
qwen,P,ag_news@s0__stsb@s1,ag_news,stsb,0.3,0.1889093295202624,0.6999102516575471,0.997302712065528,1.0,0.5,0.7,1.0,0.7,0.7,1.0,0.5,1.0,0.3,0.5,16.069338181895397,-2.1875591547345694,5.467353740504599,16.069338181895397,5.467353740504599,5.467353740504599,16.069338181895397,-2.1875591547345694,16.069338181895397,0.0,-2.1875591547345694,0.0,1.0,0.5,0.7,1.0,0.5,0.5,0.5,0.7,1.0,1.0,0.7,0.5,0.3,16.48899043781635,-1.958574914808728,5.82832790979271,16.48899043781635,-1.958574914808728,-1.958574914808728,-1.958574914808728,5.82832790979271,16.48899043781635,16.48899043781635,5.82832790979271,-1.958574914808728,0.0,0.593588809888751,0.7734564058533343,0.18087523213055468,0.9532009048433208,0.02279379134140074,0.051277863867043104,0.20438329708242697
qwen,P,ag_news@s0__trec@s1,ag_news,trec,1.0,0.0051241997984106,0.7067094704202384,0.9997009968087832,1.0,0.5,0.7,1.0,0.7,0.7,0.7,0.7,0.7,0.3,0.7,0.0,0.29454540559107995,-0.18602067745659,0.0,-0.18602067745659,-0.18602067745659,-0.18602067745659,-0.18602067745659,-0.18602067745659,2.36153108892557,-0.18602067745659,0.0,1.0,0.5,0.7,1.0,0.7,0.7,0.7,0.7,0.7,0.7,0.7,0.7,0.3,0.0,0.13288246678316998,-0.28155182491921005,0.0,-0.28155182491921005,-0.28155182491921005,-0.28155182491921005,-0.28155182491921005,-0.28155182491921005,-0.28155182491921005,-0.28155182491921005,-0.28155182491921005,2.12767165688913,0.29362144249567046,0.5675705999145243,0.12040672440172748,0.5623299660064529,0.025009457196039243,0.031344125342932926,0.022499999999999964
qwen,P,ag_news@s0__wic@s1,ag_news,wic,1.0,0.0169438227943219,0.7067440423235718,0.9998631495170934,1.0,0.5,0.7,1.0,0.7,0.7,1.0,0.7,1.0,0.3,1.0,0.0,2.97303036738159,0.30383716941371,0.0,0.30383716941371,0.30383716941371,0.0,0.30383716941371,0.0,12.975153960501148,0.0,0.0,1.0,0.5,0.7,1.0,1.0,1.0,0.7,0.7,1.0,1.0,0.7,0.7,0.3,0.0,2.1573468358527794,-0.12160070749502994,0.0,0.0,0.0,-0.12160070749502994,-0.12160070749502994,0.0,0.0,-0.12160070749502994,-0.12160070749502994,13.448799816190018,0.44561874916562644,0.6872759514398998,0.21386178478125012,0.523077538999699,0.039500184246101244,5.098983267849788e-06,0.06999999999999995
qwen,P,ag_news@s0__yelp_polarity@s1,ag_news,yelp_polarity,0.7,0.0159544602688576,0.704192253168327,0.9992348687247758,1.0,0.5,0.7,1.0,0.7,0.7,1.0,0.5,1.0,0.3,0.7,0.5328649744847501,0.4454279179989702,0.0,0.5328649744847501,0.0,0.0,0.5328649744847501,0.4454279179989702,0.5328649744847501,2.6766997518599496,0.0,0.0,1.0,0.5,0.7,1.0,0.7,0.5,0.7,0.7,1.0,1.0,0.7,0.5,0.3,0.4787131818105401,0.46525333539970004,0.0,0.4787131818105401,0.0,0.46525333539970004,0.0,0.0,0.4787131818105401,0.4787131818105401,0.0,0.46525333539970004,2.67967769355105,0.4795111291436053,0.8115542387068195,0.15111903354468675,0.6502283443500322,0.04379013866631323,0.011595984275504843,0.04500000000000004
qwen,P,cola@s0__imdb@s1,cola,imdb,0.7,0.0107168534956385,0.6952314872924554,1.0001396227316706,1.0,0.5,0.7,1.0,0.7,0.7,1.0,0.7,0.7,0.3,0.7,2.67303347245649,0.70530009450729,0.0,2.67303347245649,0.0,0.0,2.67303347245649,0.0,0.0,7.228939724858741,0.0,0.0,1.0,0.5,0.7,1.0,0.7,0.7,0.7,0.7,1.0,0.7,0.7,0.7,0.3,2.44899515754217,0.6472405779791601,0.0,2.44899515754217,0.0,0.0,0.0,0.0,2.44899515754217,0.0,0.0,0.0,7.0898029262466595,0.6661390211049464,0.761399305416443,0.27025249568499166,0.5744306838449816,0.07976868284865161,0.021357604542283692,0.057499999999999996
qwen,P,cola@s0__mnli@s1,cola,mnli,1.0,0.0410347183299906,0.70011971672321,1.0004016699438227,1.0,0.5,0.7,1.0,0.7,0.7,0.7,0.7,0.7,0.5,1.0,0.0,7.602977191335719,2.6451652294484598,0.0,2.6451652294484598,2.6451652294484598,2.6451652294484598,2.6451652294484598,2.6451652294484598,7.602977191335719,0.0,0.0,1.0,0.5,0.7,1.0,1.0,1.0,1.0,0.7,0.7,0.7,0.7,0.7,0.5,0.0,7.37379415391311,2.4424276492347996,0.0,0.0,0.0,0.0,2.4424276492347996,2.4424276492347996,2.4424276492347996,2.4424276492347996,2.4424276492347996,7.37379415391311,0.7171539699990193,0.9098918431285097,0.3205700469817654,0.9756272030197582,0.10951387269787553,0.8300908750781834,0.16500000000000004
qwen,P,cola@s0__mrpc@s1,cola,mrpc,0.7,0.0403554720300691,0.6725647548238967,0.9993530626871664,1.0,0.5,0.7,1.0,0.7,0.7,1.0,0.7,0.7,0.5,0.7,2.65004598344596,0.42468044837191965,0.0,2.65004598344596,0.0,0.0,2.65004598344596,0.0,0.0,0.42468044837191965,0.0,0.0,1.0,0.5,0.7,1.0,0.7,0.7,0.7,0.7,1.0,0.7,0.7,0.7,0.5,4.19282881692002,0.03965631196298017,0.0,4.19282881692002,0.0,0.0,0.0,0.0,4.19282881692002,0.0,0.0,0.0,0.03965631196298017,0.9528232326618501,0.5076934673410379,0.4161407534530979,0.35629029093533093,0.0772342510182714,0.031753684070166266,0.10499999999999998
qwen,P,cola@s0__qnli@s1,cola,qnli,0.7,0.0172459903017903,0.6970340985038057,1.0015500625828335,1.0,0.5,0.7,1.0,0.7,0.7,0.7,0.7,0.7,0.3,1.0,-0.27427773230483,1.87932705523793,0.0,-0.27427773230483,0.0,0.0,0.0,0.0,0.0,7.442039992707179,-0.27427773230483,0.0,1.0,0.5,0.7,1.0,1.0,1.0,1.0,0.7,0.7,0.7,0.7,0.7,0.3,-0.18147966553146017,1.6661310841074497,0.0,-0.18147966553146017,-0.18147966553146017,-0.18147966553146017,-0.18147966553146017,0.0,0.0,0.0,0.0,0.0,7.331606217616579,0.7690573774518534,0.7922091234709796,0.3557965707039812,0.7487331772556053,0.09131345595489314,0.07112317788273602,0.09499999999999997
qwen,P,cola@s0__rte@s1,cola,rte,0.7,0.0447791663218295,0.652427487861892,1.0001694640013212,1.0,0.5,0.7,1.0,0.7,0.7,0.5,0.7,0.3,0.3,0.7,1.9837788628651793,1.1222378548373797,0.0,1.9837788628651793,0.0,0.0,1.1222378548373797,0.0,4.15652845595741,4.15652845595741,0.0,0.0,1.0,0.5,0.7,1.0,0.7,0.5,0.7,0.7,0.5,0.3,0.7,0.7,0.3,2.9418903483723495,2.8241005139919997,0.0,2.9418903483723495,0.0,2.8241005139919997,0.0,0.0,2.8241005139919997,5.868075385494009,0.0,0.0,5.868075385494009,0.8523035709191311,0.8627193159539444,0.9972247744777215,0.7192916973817558,0.7066306031382964,0.07402306542058942,0.1514492753623189
qwen,P,cola@s0__scitail@s1,cola,scitail,1.0,0.0379031802519347,0.6899563972122966,0.9992288689802136,1.0,0.5,0.7,1.0,0.7,0.7,0.7,0.7,0.7,0.3,1.0,0.0,2.8482460599898305,0.49370163249167,0.0,0.49370163249167,0.49370163249167,0.49370163249167,0.49370163249167,0.49370163249167,7.082415409817541,0.0,0.0,1.0,0.5,0.7,1.0,1.0,0.7,1.0,0.7,0.7,0.7,0.7,0.7,0.3,0.0,2.7750800132435796,0.6148603906853699,0.0,0.0,0.6148603906853699,0.0,0.6148603906853699,0.6148603906853699,0.6148603906853699,0.6148603906853699,0.6148603906853699,6.97508553139832,0.8766265660228731,0.9272882977485306,0.46189028444851754,0.8535776718084165,0.1298176419035043,0.004421123796325191,0.08999999999999997
qwen,P,cola@s0__snli@s1,cola,snli,1.0,0.0518434398125244,0.6925200924652579,1.0087503907384636,1.0,0.5,0.7,1.0,0.7,0.7,1.0,0.7,1.0,0.5,1.0,0.0,3.87536465613304,0.7952307466490199,0.0,0.7952307466490199,0.7952307466490199,0.0,0.7952307466490199,0.0,3.87536465613304,0.0,0.0,1.0,0.5,0.7,1.0,1.0,1.0,1.0,0.7,1.0,1.0,0.7,0.7,0.5,0.0,3.8560907177928496,0.8605021386623501,0.0,0.0,0.0,0.0,0.8605021386623501,0.0,0.0,0.8605021386623501,0.8605021386623501,3.8560907177928496,0.8256812280455691,0.9441814450302606,0.5681094088917825,0.9713967505499325,0.13440273862050459,0.02754235028014393,0.09999999999999998
qwen,P,cola@s0__sst2@s1,cola,sst2,0.7,0.0031881092843116,0.6908696470293891,0.9994623449741744,1.0,0.5,0.7,1.0,0.7,0.7,0.7,0.7,0.7,0.3,0.7,0.72445864271649,1.8948046750267102,0.0,0.72445864271649,0.0,0.0,0.0,0.0,0.0,7.06448317663701,0.0,0.0,1.0,0.5,0.7,1.0,1.0,1.0,0.7,0.7,0.7,0.7,0.7,0.7,0.3,1.28821670848436,1.7483272930025198,0.0,1.28821670848436,1.28821670848436,1.28821670848436,0.0,0.0,0.0,0.0,0.0,0.0,6.85461388346809,0.8602585588367543,0.9184013210130413,0.4758233137379043,0.8169897407386882,0.14273213680504152,0.035678696342874454,0.06999999999999995
qwen,P,cola@s0__stsb@s1,cola,stsb,1.0,0.0206070762517429,0.6824143143839833,1.0000032511812975,1.0,0.5,0.7,1.0,0.7,0.7,1.0,0.7,0.7,0.3,0.7,0.0,3.17754058041504,-0.38358668664242,0.0,-0.38358668664242,-0.38358668664242,0.0,-0.38358668664242,-0.38358668664242,15.037662882135058,-0.38358668664242,0.0,1.0,0.5,0.7,1.0,1.0,1.0,0.7,0.7,1.0,0.7,0.7,0.7,0.3,0.0,2.7242545944024696,-0.5280011009346398,0.0,0.0,0.0,-0.5280011009346398,-0.5280011009346398,0.0,-0.5280011009346398,-0.5280011009346398,-0.5280011009346398,14.651212105332062,0.9172653215585446,0.9054184673154256,0.5107004500166458,0.9763037897119253,0.11235155068520418,0.14345527449447884,0.056875609390234616
qwen,P,cola@s0__trec@s1,cola,trec,0.7,-0.0021068488963604,0.6975601983446643,0.9999518295221808,1.0,0.5,0.7,1.0,0.7,0.7,0.7,0.7,0.5,0.3,0.7,0.02656303444461001,1.32123805573142,0.0,0.02656303444461001,0.0,0.0,0.0,0.0,1.32123805573142,5.22964289093144,0.0,0.0,1.0,0.5,0.7,1.0,1.0,0.7,1.0,0.7,0.7,0.5,0.7,0.7,0.3,-0.44117647058824006,1.2993553585817799,0.0,-0.44117647058824006,-0.44117647058824006,0.0,-0.44117647058824006,0.0,0.0,1.2993553585817799,0.0,0.0,4.85294117647058,0.7675457843273477,0.7115982147119871,0.44998638875214453,0.7011118405233476,0.14175013792491561,0.08637694948629747,0.040000000000000036
qwen,P,cola@s0__wic@s1,cola,wic,0.7,0.0253699618363631,0.7029599169416799,0.9989606617755664,1.0,0.5,0.7,1.0,0.7,0.7,0.7,0.7,0.7,0.3,0.7,2.53390981358326,2.4898954928262196,0.0,2.53390981358326,0.0,0.0,0.0,0.0,0.0,12.308846341712169,0.0,0.0,1.0,0.5,0.7,1.0,0.7,0.7,0.7,0.7,0.7,0.7,0.7,0.7,0.3,2.45098039215685,2.3202614379085102,0.0,2.45098039215685,0.0,0.0,0.0,0.0,0.0,0.0,0.0,0.0,12.573529411764708,0.60055642673609,0.8236965825853139,0.2581134259400989,0.6883398734191031,0.11153947160641678,0.00012859777021545488,0.11499999999999999
qwen,P,cola@s0__yelp_polarity@s1,cola,yelp_polarity,0.7,-0.0006045940357952,0.6901605373912078,1.000078315625312,1.0,0.5,0.7,1.0,0.7,0.7,0.7,0.7,0.7,0.3,0.7,1.3012870419129,2.15037973583403,0.0,1.3012870419129,0.0,0.0,0.0,0.0,0.0,6.9656483657651105,0.0,0.0,1.0,0.5,0.7,1.0,0.7,0.7,0.7,0.7,0.7,0.7,0.7,0.7,0.3,0.9112760859971031,1.5884874850261632,0.0,0.9112760859971031,0.0,0.0,0.0,0.0,0.0,0.0,0.0,0.0,6.488556837526003,0.7441094567628178,0.8681574000723785,0.33438283904342087,0.673858618502769,0.10951784122784959,0.02506478175243915,0.06000000000000005
qwen,P,imdb@s0__mnli@s1,imdb,mnli,1.0,0.0571132633240354,0.7060266811553109,0.9989711982383928,1.0,0.5,0.7,1.0,0.7,0.7,1.0,0.3,1.0,0.5,1.0,0.0,17.90589446314887,4.86241881749837,0.0,4.86241881749837,4.86241881749837,0.0,39.962903466406615,0.0,17.90589446314887,0.0,0.0,1.0,0.5,0.7,1.0,1.0,1.0,1.0,0.7,1.0,1.0,0.7,0.3,0.5,0.0,17.76243900279982,4.816005752221651,0.0,0.0,0.0,0.0,4.816005752221651,0.0,0.0,4.816005752221651,39.87489515310701,17.76243900279982,0.5807365250809748,0.7688107350452255,0.201869913094665,0.8808422196847943,0.12310870336011348,0.8726958524698075,0.10250000000000004
qwen,P,imdb@s0__mrpc@s1,imdb,mrpc,0.7,0.0054945054945054,0.6995792925500414,1.000059183052749,1.0,0.5,0.7,1.0,0.7,0.7,0.7,0.7,0.7,0.5,0.7,0.9545337980947399,2.16040441839924,0.0,0.9545337980947399,0.0,0.0,0.0,0.0,0.0,2.16040441839924,0.0,0.0,1.0,0.5,0.7,1.0,0.7,0.7,0.7,0.7,0.7,0.7,0.7,0.7,0.5,0.90337969412271,1.69028006997419,0.0,0.90337969412271,0.0,0.0,0.0,0.0,0.0,0.0,0.0,0.0,1.69028006997419,0.3076294901020224,0.4259255592912982,0.12004347759218599,0.11749710178465729,0.03550340650446482,0.006170451483210621,0.022499999999999964
qwen,P,imdb@s0__qnli@s1,imdb,qnli,1.0,0.0241573530939703,0.7065099564760507,0.9985596867218238,1.0,0.5,0.7,1.0,0.7,0.7,1.0,0.5,1.0,0.5,1.0,0.0,8.659554231224591,2.23331734216525,0.0,2.23331734216525,2.23331734216525,0.0,8.659554231224591,0.0,8.659554231224591,0.0,0.0,1.0,0.5,0.7,1.0,1.0,1.0,1.0,0.7,1.0,1.0,0.7,0.5,0.5,0.0,8.73153708205566,2.27252398722678,0.0,0.0,0.0,0.0,2.27252398722678,0.0,0.0,2.27252398722678,8.73153708205566,8.73153708205566,0.612758747597361,0.6823042904883488,0.2932555635484639,0.5196925675655943,0.12399505701526271,0.011258875852069002,0.05249999999999999
qwen,P,imdb@s0__rte@s1,imdb,rte,0.7,0.0632113861094183,0.6857287336628933,0.9999071641643804,1.0,0.5,0.7,1.0,0.7,0.7,0.7,0.7,0.7,0.3,0.7,3.19241581316716,3.30815427863729,0.0,3.19241581316716,0.0,0.0,0.0,0.0,0.0,16.825571566179793,0.0,0.0,1.0,0.5,0.7,1.0,0.7,0.7,0.7,0.7,0.7,0.7,0.7,0.7,0.3,0.860765880660129,1.663591484703539,0.0,0.860765880660129,0.0,0.0,0.0,0.0,0.0,0.0,0.0,0.0,13.23550477526228,0.47844776823752777,0.7806864413194147,0.11548699277037619,0.5624391597819018,0.06862379654806294,0.023512567202775107,0.1306884057971014
qwen,P,imdb@s0__scitail@s1,imdb,scitail,1.0,0.0209166901474593,0.7065796249825677,1.0001036847158733,1.0,0.5,0.7,1.0,0.7,0.7,1.0,0.3,1.0,0.3,1.0,0.0,4.33972010895089,1.01131774208698,0.0,1.01131774208698,1.01131774208698,0.0,12.320606743683669,0.0,12.320606743683669,0.0,0.0,1.0,0.5,0.7,1.0,1.0,0.7,1.0,0.7,1.0,1.0,0.7,0.3,0.3,0.0,4.403882408888289,1.2274862385776,0.0,0.0,1.2274862385776,0.0,1.2274862385776,0.0,0.0,1.2274862385776,12.390434370523637,12.390434370523637,0.5867735395723536,0.8867251361269766,0.30402671804386017,0.7421638568572241,0.16194268116877744,0.0003755605445962648,0.04249999999999998
qwen,P,imdb@s0__snli@s1,imdb,snli,1.0,0.0304059312830409,0.7066870616822983,0.9991315892167124,1.0,0.5,0.7,1.0,0.7,0.7,1.0,0.3,1.0,0.5,1.0,0.0,10.020076315054641,2.8530207204048503,0.0,2.8530207204048503,2.8530207204048503,0.0,30.915083508624598,0.0,10.020076315054641,0.0,0.0,1.0,0.5,0.7,1.0,1.0,1.0,1.0,0.7,1.0,1.0,0.7,0.3,0.5,0.0,10.010973718939448,2.8395585447879594,0.0,0.0,0.0,0.0,2.8395585447879594,0.0,0.0,2.8395585447879594,30.70605709845356,10.010973718939448,0.5731940350603544,0.708298365986571,0.18878904907160377,0.7770023815965208,0.10917470308626968,0.017648965999537785,0.0675
qwen,P,imdb@s0__sst2@s1,imdb,sst2,0.7,0.004382142265118,0.7060746705193478,0.9981239745021152,1.0,0.5,0.7,1.0,0.7,0.7,1.0,0.3,1.0,0.3,1.0,-0.09202125523683999,2.01683564257349,0.0,-0.09202125523683999,0.0,0.0,-0.09202125523683999,11.820715824978919,-0.09202125523683999,11.820715824978919,-0.09202125523683999,0.0,1.0,0.5,0.7,1.0,0.7,1.0,0.7,0.7,1.0,1.0,0.7,0.3,0.3,0.018664420674120025,2.02836852785555,0.0,0.018664420674120025,0.0,0.018664420674120025,0.0,0.0,0.018664420674120025,0.018664420674120025,0.0,11.71494193851838,11.71494193851838,0.9219001106714794,0.6855097923312506,0.5131716990091011,0.7235944845933252,0.2777276374727016,0.01615433264711457,0.03249999999999997
qwen,P,imdb@s0__stsb@s1,imdb,stsb,1.0,0.0221198081249964,0.7039605097970804,0.9989989996432922,1.0,0.5,0.7,1.0,0.7,0.7,1.0,0.3,1.0,0.3,1.0,0.0,8.21637023142188,2.6117979271417298,0.0,2.6117979271417298,2.6117979271417298,0.0,24.35879534123793,0.0,24.35879534123793,0.0,0.0,1.0,0.5,0.7,1.0,1.0,1.0,1.0,0.7,1.0,1.0,0.7,0.3,0.3,0.0,8.09220944399636,2.57951034715858,0.0,0.0,0.0,0.0,2.57951034715858,0.0,0.0,2.57951034715858,23.958509581826018,23.958509581826018,0.7481154507560401,0.9050831935035826,0.2841861286117944,0.9809126969585403,0.07144575679409124,0.12363751434515377,0.03251125028125701
qwen,P,imdb@s0__trec@s1,imdb,trec,1.0,0.0036640840675762,0.706915307744366,0.9998365837353858,1.0,0.5,0.7,1.0,0.7,0.7,0.7,0.7,0.5,0.3,1.0,0.0,1.8174133558749,0.02080859206861998,0.0,0.02080859206861998,0.02080859206861998,0.02080859206861998,0.02080859206861998,1.8174133558749,8.901258800975649,0.0,0.0,1.0,0.5,0.7,1.0,1.0,0.7,0.7,0.7,0.7,0.5,0.7,0.7,0.3,0.0,1.64554756812362,-0.0011312456069900029,0.0,0.0,-0.0011312456069900029,-0.0011312456069900029,-0.0011312456069900029,-0.0011312456069900029,1.64554756812362,-0.0011312456069900029,-0.0011312456069900029,8.51854337798989,0.18053027785122813,0.49570608511875824,0.18524833096073595,0.378215144027454,0.05400078710170864,0.027510914564535957,0.010000000000000009
qwen,P,imdb@s0__wic@s1,imdb,wic,0.7,0.0094786435284173,0.7047050715744474,0.9997493076556832,1.0,0.5,0.7,1.0,0.7,0.7,1.0,0.5,0.7,0.3,0.7,1.07838993585599,4.21721943215156,0.0,1.07838993585599,0.0,0.0,1.07838993585599,4.21721943215156,0.0,19.57386504897815,0.0,0.0,1.0,0.5,0.7,1.0,0.7,0.7,0.7,0.7,1.0,0.7,0.7,0.5,0.3,1.23011400846031,3.56087527868814,0.0,1.23011400846031,0.0,0.0,0.0,0.0,1.23011400846031,0.0,0.0,3.56087527868814,20.14568067555878,0.6537206734123523,0.7536910599292554,0.3083002340891034,0.5574940175630815,0.1313647231135133,3.7656527574332944e-07,0.0675
qwen,P,imdb@s0__yelp_polarity@s1,imdb,yelp_polarity,0.7,0.0121851686711502,0.7040693461859004,0.9928786944403544,1.0,0.5,0.7,1.0,0.7,0.7,1.0,0.3,1.0,0.5,0.7,0.12355395961552007,2.22950126796281,0.0,0.12355395961552007,0.0,0.0,0.12355395961552007,11.45041219011805,0.12355395961552007,2.22950126796281,0.0,0.0,1.0,0.5,0.7,1.0,0.7,0.7,0.7,0.7,1.0,1.0,0.7,0.3,0.5,0.08534129792319001,2.2464939542144604,0.0,0.08534129792319001,0.0,0.0,0.0,0.0,0.08534129792319001,0.08534129792319001,0.0,11.43658834961584,2.2464939542144604,0.962182433335706,0.9850130255190503,0.5581234955139595,0.9212727110748693,0.3220209775329053,0.05199207873207629,0.030000000000000027
qwen,P,mnli@s0__mrpc@s1,mnli,mrpc,0.7,0.0961524202453744,0.6904464241354257,0.9968000854468262,1.0,0.5,0.7,1.0,0.7,0.7,0.7,0.7,0.7,0.5,0.7,2.19594997179757,1.7055520394463204,0.0,2.19594997179757,0.0,0.0,0.0,0.0,0.0,1.7055520394463204,0.0,0.0,1.0,0.5,0.7,1.0,0.7,0.7,0.7,0.7,0.7,0.7,0.7,0.7,0.5,2.4586743280876897,0.15742457255717018,0.0,2.4586743280876897,0.0,0.0,0.0,0.0,0.0,0.0,0.0,0.0,0.15742457255717018,0.7949009389578111,0.5874373618526356,0.35485985639619505,0.5282622730644976,0.13453947750409273,0.9592029779028698,0.15500000000000003
qwen,P,mnli@s0__qnli@s1,mnli,qnli,1.0,0.0644857530228311,0.7052213049921975,1.0043280519542803,1.0,0.5,0.7,1.0,0.7,0.7,1.0,0.3,1.0,0.5,1.0,0.0,12.374781963217728,3.7580648894221804,0.0,3.7580648894221804,3.7580648894221804,0.0,24.5775894181355,0.0,12.374781963217728,0.0,0.0,1.0,0.5,0.7,1.0,1.0,1.0,1.0,0.7,1.0,1.0,0.7,0.3,0.5,0.0,12.43113522572137,3.78801338577731,0.0,0.0,0.0,0.0,3.78801338577731,0.0,0.0,3.78801338577731,24.71021331849829,12.43113522572137,0.6686592031385972,0.7368059897848174,0.29450308716153045,0.9675886635381244,0.11065018482575939,0.7984766948522422,0.12749999999999995
qwen,P,mnli@s0__rte@s1,mnli,rte,1.0,0.0435486081041825,0.6732689664991741,0.998528756598822,1.0,0.5,0.7,1.0,0.7,0.7,0.7,0.7,0.7,0.5,1.0,0.0,8.456719412000071,2.73731289291803,0.0,2.73731289291803,2.73731289291803,2.73731289291803,2.73731289291803,2.73731289291803,8.456719412000071,0.0,0.0,1.0,0.5,0.7,1.0,0.7,1.0,1.0,0.7,0.7,0.7,0.7,0.7,0.5,0.0,10.174419296562789,2.85871037304498,0.0,2.85871037304498,0.0,0.0,2.85871037304498,2.85871037304498,2.85871037304498,2.85871037304498,2.85871037304498,10.174419296562789,0.703591875798501,0.9203397389537352,0.12869950832552446,0.9764133678664347,0.020637763262324485,0.8575491203611592,0.1821739130434783
qwen,P,mnli@s0__scitail@s1,mnli,scitail,0.7,0.0270004938105339,0.7016205295585833,0.9951000311732986,1.0,0.5,0.7,1.0,0.7,0.7,0.7,0.3,0.7,0.3,0.7,0.7643307932018599,4.57415388183713,0.0,0.7643307932018599,0.0,0.0,0.0,22.452143399586248,0.0,22.452143399586248,0.0,0.0,1.0,0.5,0.7,1.0,0.7,1.0,0.7,0.7,0.7,0.7,0.7,0.3,0.3,0.70255281823756,4.556192496505449,0.0,0.70255281823756,0.0,0.70255281823756,0.0,0.0,0.0,0.0,0.0,22.660717710765862,22.660717710765862,0.7921956046235473,0.9477031828931388,0.3562644811776232,0.9283124853614085,0.24444590586344073,0.6146469419056068,0.07250000000000001
qwen,P,mnli@s0__snli@s1,mnli,snli,1.0,0.0873307981828592,0.7019127465254114,1.014651243642445,1.0,0.5,0.7,1.0,0.7,0.7,1.0,0.3,1.0,0.5,1.0,0.0,8.66700885499632,2.0445505705782296,0.0,2.0445505705782296,2.0445505705782296,0.0,20.76598705869708,0.0,8.66700885499632,0.0,0.0,1.0,0.5,0.7,1.0,1.0,1.0,1.0,0.7,1.0,1.0,0.7,0.3,0.5,0.0,8.7376202167583,1.9830581232259696,0.0,0.0,0.0,0.0,1.9830581232259696,0.0,0.0,1.9830581232259696,20.75434645526397,8.7376202167583,0.43603417025167185,0.9305148700021687,0.22790168526768864,0.997243324937712,0.1285778975076833,0.7357494646476359,0.14250000000000007
qwen,P,mnli@s0__sst2@s1,mnli,sst2,1.0,0.0337838089991597,0.702628836398142,0.9966693784867372,1.0,0.5,0.7,1.0,0.7,0.7,0.7,0.5,0.7,0.3,1.0,0.0,9.631583495119731,2.2154136224369605,0.0,2.2154136224369605,2.2154136224369605,2.2154136224369605,9.631583495119731,2.2154136224369605,21.33122893822684,0.0,0.0,1.0,0.5,0.7,1.0,1.0,1.0,1.0,0.7,0.7,0.7,0.7,0.5,0.3,0.0,9.64559739768327,2.23093895562638,0.0,0.0,0.0,0.0,2.23093895562638,2.23093895562638,2.23093895562638,2.23093895562638,9.64559739768327,21.316499141946547,0.8402397806641642,0.941046960661189,0.36641663421250353,0.8779621428330519,0.1726142061517562,0.6844199334328294,0.07999999999999996
qwen,P,mnli@s0__stsb@s1,mnli,stsb,1.0,0.1012713136642136,0.697019403127392,0.9991586851459112,1.0,0.5,0.7,1.0,0.7,0.7,1.0,0.3,1.0,0.3,1.0,0.0,9.18051055575743,5.08280607208366,0.0,5.08280607208366,5.08280607208366,0.0,20.457610666766612,0.0,20.457610666766612,0.0,0.0,1.0,0.5,0.7,1.0,1.0,1.0,1.0,0.7,1.0,1.0,0.7,0.3,0.3,0.0,9.251854189898852,5.124952520706912,0.0,0.0,0.0,0.0,5.124952520706912,0.0,0.0,5.124952520706912,20.43532676337863,20.43532676337863,0.8587293926405506,0.8129143459885767,0.417308103816778,0.9983834445901562,0.18319792382011935,0.9995520318688313,0.14948679966999168
qwen,P,mnli@s0__trec@s1,mnli,trec,0.7,0.0641145020765585,0.7060562297973312,0.9999420486294356,1.0,0.5,0.7,1.0,0.7,0.7,0.7,0.7,0.5,0.7,0.7,1.2288012446338994,5.50173580737095,0.0,1.2288012446338994,0.0,0.0,0.0,0.0,5.50173580737095,0.0,0.0,0.0,1.0,0.5,0.7,1.0,1.0,0.7,0.7,0.7,0.7,0.5,0.7,0.7,0.7,1.170714014649041,5.3842433849284905,0.0,1.170714014649041,1.170714014649041,0.0,0.0,0.0,0.0,5.3842433849284905,0.0,0.0,0.0,0.19384125769453528,0.7211614691746894,0.13876704678138566,0.9312723259785648,0.04722153177877744,0.8546400635242587,0.09499999999999997
qwen,P,mnli@s0__wic@s1,mnli,wic,0.7,0.0327593065181619,0.7066321613580459,0.9971817332961972,1.0,0.5,0.7,1.0,0.7,0.7,1.0,0.5,0.7,0.5,0.7,2.3073403838955406,3.4456539010753,0.0,2.3073403838955406,0.0,0.0,2.3073403838955406,3.4456539010753,0.0,3.4456539010753,0.0,0.0,1.0,0.5,0.7,1.0,0.7,1.0,0.7,0.7,1.0,0.7,0.7,0.5,0.5,2.4965669850517695,3.2686949095238504,0.0,2.4965669850517695,0.0,2.4965669850517695,0.0,0.0,2.4965669850517695,0.0,0.0,3.2686949095238504,3.2686949095238504,0.6979988540571022,0.814863970920908,0.257739811953992,0.8553793493418709,0.17417925342416887,0.016761981129828483,0.14
qwen,P,mnli@s0__yelp_polarity@s1,mnli,yelp_polarity,1.0,0.0556456387836736,0.7024858959272994,1.000162742804442,1.0,0.5,0.7,1.0,0.7,0.7,1.0,0.5,0.7,0.5,1.0,0.0,9.76156168650743,2.5075306533715693,0.0,2.5075306533715693,2.5075306533715693,0.0,9.76156168650743,2.5075306533715693,9.76156168650743,0.0,0.0,1.0,0.5,0.7,1.0,1.0,1.0,1.0,0.7,1.0,0.7,0.7,0.5,0.5,0.0,9.81088402233803,2.48237712467093,0.0,0.0,0.0,0.0,2.48237712467093,0.0,2.48237712467093,2.48237712467093,9.81088402233803,9.81088402233803,0.6399291575393747,0.8828335322015114,0.25473384123606413,0.947319388812371,0.10515594665624617,0.8839306076443466,0.11250000000000004
qwen,P,mrpc@s0__qnli@s1,mrpc,qnli,0.7,0.1060698027314112,0.7000028937024294,0.9995883136815324,1.0,0.5,0.7,1.0,0.7,0.7,0.7,0.5,0.7,0.5,0.7,0.09755040104054008,0.4660741383047798,0.0,0.09755040104054008,0.0,0.0,0.0,0.4660741383047798,0.0,0.4660741383047798,0.0,0.0,1.0,0.5,0.7,1.0,0.5,0.7,0.7,0.7,0.7,0.7,0.7,0.5,0.5,0.05631899076369018,0.43928812795675093,0.0,0.05631899076369018,0.43928812795675093,0.0,0.0,0.0,0.0,0.0,0.0,0.43928812795675093,0.43928812795675093,0.6975460047564747,0.20145994151712124,0.261009028567883,0.04541326662772082,0.09955923532649935,0.0015030617542509616,0.15999999999999992
qwen,P,mrpc@s0__rte@s1,mrpc,rte,0.7,0.009468438538206,0.7010071780516399,0.9994786693617574,1.0,0.5,0.7,1.0,0.7,0.7,0.7,0.7,0.7,0.5,0.7,3.9169435215946806,1.9302325581395299,0.0,3.9169435215946806,0.0,0.0,0.0,0.0,0.0,1.9302325581395299,0.0,0.0,1.0,0.5,0.7,1.0,0.7,0.7,0.7,0.7,0.7,0.7,0.7,0.7,0.5,6.282940360610251,2.3134535367545004,0.0,6.282940360610251,0.0,0.0,0.0,0.0,0.0,0.0,0.0,0.0,2.3134535367545004,0.5182468619763986,0.31549770654144443,0.11753620257903145,0.05044038495214218,0.10214351249536763,0.015306579441238357,0.09047101449275363
qwen,P,mrpc@s0__scitail@s1,mrpc,scitail,1.0,0.0422222222222221,0.7043091248776812,0.999259241880818,1.0,0.5,0.7,1.0,0.7,0.7,0.7,0.5,0.7,0.3,0.7,0.0,1.1587301587301604,-0.17460317460316968,0.0,-0.17460317460316968,-0.17460317460316968,-0.17460317460316968,1.1587301587301604,-0.17460317460316968,5.46825396825397,-0.17460317460316968,0.0,1.0,0.5,0.7,1.0,0.7,1.0,0.7,0.7,0.7,0.7,0.7,0.5,0.3,0.0,1.28357008844815,-0.32833020637899024,0.0,-0.32833020637899024,0.0,-0.32833020637899024,-0.32833020637899024,-0.32833020637899024,-0.32833020637899024,-0.32833020637899024,1.28357008844815,5.18118466898956,0.42127488493245585,0.5455148941647824,0.17891913415941274,0.1486793713021962,0.048048438869513835,2.6528593273688678e-05,0.06999999999999995
qwen,P,mrpc@s0__snli@s1,mrpc,snli,1.0,0.0575352090083731,0.7031533847581507,0.9999298185615196,1.0,0.5,0.7,1.0,0.7,0.7,0.7,0.5,0.7,0.5,1.0,0.0,2.8502454204228296,1.2152321067659109,0.0,1.2152321067659109,1.2152321067659109,1.2152321067659109,2.8502454204228296,1.2152321067659109,2.8502454204228296,0.0,0.0,1.0,0.5,0.7,1.0,1.0,1.0,1.0,0.7,0.7,0.7,0.7,0.5,0.5,0.0,1.8793546878653402,0.4311433247603601,0.0,0.0,0.0,0.0,0.4311433247603601,0.4311433247603601,0.4311433247603601,0.4311433247603601,1.8793546878653402,1.8793546878653402,0.4360323797215255,0.4183360612032805,0.15855514281474073,0.18056234051512934,0.037613346402348646,0.006751449784682106,0.10250000000000004
qwen,P,mrpc@s0__sst2@s1,mrpc,sst2,1.0,0.0269096920132243,0.7040923544258372,0.9998323464103438,1.0,0.5,0.7,1.0,0.7,0.7,0.7,0.7,0.7,0.3,1.0,0.0,0.7751870541151802,0.26692187228119013,0.0,0.26692187228119013,0.26692187228119013,0.26692187228119013,0.26692187228119013,0.26692187228119013,5.74734644162172,0.0,0.0,1.0,0.5,0.7,1.0,0.7,0.7,1.0,0.7,0.7,0.7,0.7,0.7,0.3,0.0,1.7932746558338999,1.4773188896411702,0.0,1.4773188896411702,1.4773188896411702,0.0,1.4773188896411702,1.4773188896411702,1.4773188896411702,1.4773188896411702,1.4773188896411702,5.707515233581581,0.3778849098913363,0.6023825966510666,0.15054505426963222,0.18299003443511752,0.0467027520114307,0.014662641926794544,0.05249999999999999
qwen,P,mrpc@s0__stsb@s1,mrpc,stsb,0.7,0.1094397493558404,0.7061389346850864,0.9986325431556708,1.0,0.5,0.7,1.0,0.7,0.7,1.0,0.5,1.0,0.3,0.7,0.05386648818024031,1.2008376839204304,0.0,0.05386648818024031,0.0,0.0,0.05386648818024031,1.2008376839204304,0.05386648818024031,9.370409305826481,0.0,0.0,1.0,0.5,0.7,1.0,0.7,0.7,0.7,0.7,1.0,1.0,0.7,0.5,0.3,0.06501552528316995,1.1264469394509604,0.0,0.06501552528316995,0.0,0.0,0.0,0.0,0.06501552528316995,0.06501552528316995,0.0,1.1264469394509604,9.14716631050343,0.3965042314766815,0.11982378783989128,0.14622885348581627,0.23299688491451778,0.02564372667659098,0.00789600870935865,0.13340977274431864
qwen,P,mrpc@s0__trec@s1,mrpc,trec,1.0,0.0057142857142856,0.6996621938624875,0.9997754573055374,1.0,0.5,0.7,1.0,0.7,0.7,0.7,0.7,0.7,0.3,1.0,0.0,0.42857142857144004,0.18346479696173004,0.0,0.18346479696173004,0.18346479696173004,0.18346479696173004,0.18346479696173004,0.18346479696173004,4.9804265264388,0.0,0.0,1.0,0.5,0.7,1.0,1.0,1.0,0.7,0.7,0.7,0.7,0.7,0.7,0.3,0.0,-0.17123287671232007,-0.4569471624266001,0.0,0.0,0.0,-0.4569471624266001,-0.4569471624266001,-0.4569471624266001,-0.4569471624266001,-0.4569471624266001,-0.4569471624266001,2.8571428571428603,0.21821567963850097,0.3947316354172302,0.10539950968327433,0.14972830732280076,0.032669199654207885,0.014534272610721106,0.030000000000000027
qwen,P,mrpc@s0__wic@s1,mrpc,wic,0.7,0.0626244343891402,0.692670285841204,0.9995384673087664,1.0,0.5,0.7,1.0,0.7,0.7,0.7,0.5,0.7,0.3,1.0,-0.3872010342598702,2.1014867485455806,0.0,-0.3872010342598702,0.0,0.0,0.0,2.1014867485455806,0.0,12.025856496444732,-0.3872010342598702,0.0,1.0,0.5,0.7,1.0,1.0,1.0,0.7,0.7,0.7,0.7,0.7,0.5,0.3,0.040149393090579966,1.18394024276378,0.0,0.040149393090579966,0.040149393090579966,0.040149393090579966,0.0,0.0,0.0,0.0,0.0,1.18394024276378,11.31279178338003,0.7090203775237244,0.23119118027039093,0.2916467987892431,0.04552282482789006,0.1033952251461782,4.4604233904830534e-07,0.13250000000000006
qwen,P,mrpc@s0__yelp_polarity@s1,mrpc,yelp_polarity,0.7,0.0394066974392144,0.7045064454653123,1.0002631171451415,1.0,0.5,0.7,1.0,0.7,0.7,0.7,0.7,0.7,0.3,1.0,-0.3771205127451299,0.5520536265545501,0.0,-0.3771205127451299,0.0,0.0,0.0,0.0,0.0,4.489665716049741,-0.3771205127451299,0.0,1.0,0.5,0.7,1.0,0.7,1.0,1.0,0.7,0.7,0.7,0.7,0.7,0.3,-0.7821160618588299,0.9643239932629,0.0,-0.7821160618588299,0.0,-0.7821160618588299,-0.7821160618588299,0.0,0.0,0.0,0.0,0.0,4.914714438830201,0.23501518778951144,0.4570388907112478,0.09683226128934516,0.10042765522150247,0.032310755207840554,0.004143160694117799,0.06499999999999995
qwen,P,qnli@s0__rte@s1,qnli,rte,1.0,0.0286281853379557,0.6777656189065381,1.000105386430293,1.0,0.5,0.7,1.0,0.7,0.7,0.7,0.5,0.7,0.3,0.7,0.0,2.14515271908294,-1.14912569273982,0.0,-1.14912569273982,-1.14912569273982,-1.14912569273982,2.14515271908294,-1.14912569273982,26.221373079940278,-1.14912569273982,0.0,1.0,0.5,0.7,1.0,1.0,1.0,0.7,0.7,0.7,0.7,0.7,0.5,0.3,0.0,-0.10545811664987026,-2.9341523913726504,0.0,0.0,0.0,-2.9341523913726504,-2.9341523913726504,-2.9341523913726504,-2.9341523913726504,-2.9341523913726504,-0.10545811664987026,23.517160012918627,0.6920821397928728,0.7785254634293685,0.14014959108889527,0.6323138468369113,0.06968932616958011,0.09728936745431035,0.09047101449275363
qwen,P,qnli@s0__scitail@s1,qnli,scitail,1.0,0.0449911048931723,0.7037295358151403,0.9977826779012172,1.0,0.5,0.7,1.0,0.7,0.7,1.0,0.3,1.0,0.3,1.0,0.0,8.614867782441232,2.7146052472494304,0.0,2.7146052472494304,2.7146052472494304,0.0,17.851183999170942,0.0,17.851183999170942,0.0,0.0,1.0,0.5,0.7,1.0,1.0,1.0,1.0,0.7,1.0,1.0,0.7,0.3,0.3,0.0,8.537721089258529,2.81079867041817,0.0,0.0,0.0,0.0,2.81079867041817,0.0,0.0,2.81079867041817,17.5043635130069,17.5043635130069,0.913462199308938,0.8572007020943428,0.5582667946762511,0.7345381631457004,0.3257284948569031,0.0001729479808418593,0.11499999999999999
qwen,P,qnli@s0__snli@s1,qnli,snli,1.0,0.0209695900136523,0.7048270402927806,0.9975824701141196,1.0,0.5,0.7,1.0,0.7,0.7,1.0,0.3,1.0,0.5,1.0,0.0,10.405333715188041,2.1132945304445703,0.0,2.1132945304445703,2.1132945304445703,0.0,32.88555086409696,0.0,10.405333715188041,0.0,0.0,1.0,0.5,0.7,1.0,1.0,1.0,1.0,0.7,1.0,1.0,0.7,0.3,0.5,0.0,10.480594694313968,2.1629557531104395,0.0,0.0,0.0,0.0,2.1629557531104395,0.0,0.0,2.1629557531104395,32.83532176585866,10.480594694313968,0.8057604681375576,0.742709282297908,0.286027539982442,0.7677300771725885,0.1515632241194978,0.012953621874654833,0.08750000000000002
qwen,P,qnli@s0__sst2@s1,qnli,sst2,1.0,0.0103566737663005,0.70421698934805,0.9982517678757992,1.0,0.5,0.7,1.0,0.7,0.7,0.7,0.5,1.0,0.3,1.0,0.0,8.339189316354298,1.14061118702609,0.0,1.14061118702609,1.14061118702609,1.14061118702609,8.339189316354298,0.0,22.938360421948868,0.0,0.0,1.0,0.5,0.7,1.0,1.0,0.7,1.0,0.7,0.7,1.0,0.7,0.5,0.3,0.0,8.38274834326998,1.1553942529512398,0.0,0.0,1.1553942529512398,0.0,1.1553942529512398,1.1553942529512398,0.0,1.1553942529512398,8.38274834326998,22.7234507603423,0.7439135642240997,0.677359494803333,0.30021570124138397,0.5316537757655767,0.1149635649005747,0.018044138780867667,0.040000000000000036
qwen,P,qnli@s0__stsb@s1,qnli,stsb,1.0,0.0467283808340412,0.6993477138287784,0.9949188059071488,1.0,0.5,0.7,1.0,0.7,0.7,1.0,0.5,1.0,0.3,1.0,0.0,12.24517174738236,4.00137127346872,0.0,4.00137127346872,4.00137127346872,0.0,12.24517174738236,0.0,26.038082000879008,0.0,0.0,1.0,0.5,0.7,1.0,1.0,1.0,1.0,0.7,1.0,1.0,0.7,0.5,0.3,0.0,12.157192620306828,4.05005667762492,0.0,0.0,0.0,0.0,4.05005667762492,0.0,0.0,4.05005667762492,12.157192620306828,25.7641607128503,0.8990378902573768,0.6469663583950933,0.42350910279225296,0.9072573443839808,0.12614820526893178,0.06078745214967078,0.09803195079877003
qwen,P,qnli@s0__trec@s1,qnli,trec,1.0,0.0111421902085266,0.7067253335351344,0.9997311429044236,1.0,0.5,0.7,1.0,0.7,0.7,0.7,0.7,0.7,0.3,1.0,0.0,4.306784069996949,0.9618795213967299,0.0,0.9618795213967299,0.9618795213967299,0.9618795213967299,0.9618795213967299,0.9618795213967299,17.00087451684614,0.0,0.0,1.0,0.5,0.7,1.0,1.0,1.0,1.0,0.7,0.7,0.7,0.7,0.7,0.3,0.0,4.26718218651092,1.2023888129403901,0.0,0.0,0.0,0.0,1.2023888129403901,1.2023888129403901,1.2023888129403901,1.2023888129403901,1.2023888129403901,17.0687287460437,0.3071754423658195,0.49892703968754837,0.17573070033601199,0.37292945660023574,0.05265889330380309,0.09444451718954477,0.040000000000000036
qwen,P,qnli@s0__wic@s1,qnli,wic,0.7,0.0149483749304526,0.7064899868245056,0.9987226264745986,1.0,0.5,0.7,1.0,0.7,0.7,1.0,0.5,0.7,0.3,0.7,0.5204850836291599,5.60645301060074,0.0,0.5204850836291599,0.0,0.0,0.5204850836291599,5.60645301060074,0.0,26.226076937848042,0.0,0.0,1.0,0.5,0.7,1.0,0.7,1.0,0.7,0.7,1.0,0.7,0.7,0.5,0.3,0.78338192031735,6.0836894160244,0.0,0.78338192031735,0.0,0.78338192031735,0.0,0.0,0.78338192031735,0.0,0.0,6.0836894160244,27.07592881008481,0.7938162241261544,0.6054715990345555,0.46906708158779914,0.36822076786901176,0.21103933588801488,8.417658773572355e-07,0.10749999999999993
qwen,P,qnli@s0__yelp_polarity@s1,qnli,yelp_polarity,1.0,0.016259452356228,0.7040255545783852,0.9984264697398516,1.0,0.5,0.7,1.0,0.7,0.7,1.0,0.5,1.0,0.3,1.0,0.0,9.47793276378644,2.6536378092905597,0.0,2.6536378092905597,2.6536378092905597,0.0,9.47793276378644,0.0,21.03505806059496,0.0,0.0,1.0,0.5,0.7,1.0,1.0,1.0,1.0,0.7,1.0,1.0,0.7,0.5,0.3,0.0,9.50558426089039,2.7125850154514097,0.0,0.0,0.0,0.0,2.7125850154514097,0.0,0.0,2.7125850154514097,9.50558426089039,21.00542163370829,0.6543916290146475,0.7877507678698717,0.2425017677701305,0.519594920444906,0.10960542231871774,0.019426921516467875,0.07250000000000001
qwen,P,rte@s0__scitail@s1,rte,scitail,1.0,0.0323384752962218,0.6896024164498864,0.997207667584824,1.0,0.5,0.7,1.0,0.7,0.7,0.7,0.5,0.7,0.3,0.7,0.0,0.8428347864967399,-2.2054549519338202,0.0,-2.2054549519338202,-2.2054549519338202,-2.2054549519338202,0.8428347864967399,-2.2054549519338202,13.145539906103279,-2.2054549519338202,0.0,1.0,0.5,0.7,1.0,0.7,0.7,0.7,0.7,0.7,0.7,0.7,0.5,0.3,0.0,-0.3893513543051799,-3.9914206087542494,0.0,-3.9914206087542494,-3.9914206087542494,-3.9914206087542494,-3.9914206087542494,-3.9914206087542494,-3.9914206087542494,-3.9914206087542494,-0.3893513543051799,10.445090074500449,0.8095642695251262,0.86511405703624,0.3313507055975916,0.7340978445947205,0.20866512196253373,0.0027248588403202254,0.1019565217391305
qwen,P,rte@s0__snli@s1,rte,snli,1.0,0.1527192197273769,0.6871822293419971,0.9986729610539744,1.0,0.5,0.7,1.0,0.7,0.7,0.7,0.5,0.7,0.5,1.0,0.0,6.168548080156971,4.06182886675544,0.0,4.06182886675544,4.06182886675544,4.06182886675544,6.168548080156971,4.06182886675544,6.168548080156971,0.0,0.0,1.0,0.5,0.7,1.0,1.0,1.0,1.0,0.7,0.7,0.7,0.7,0.5,0.5,0.0,5.9132047460905195,3.2293981581318882,0.0,0.0,0.0,0.0,3.2293981581318882,3.2293981581318882,3.2293981581318882,3.2293981581318882,5.9132047460905195,5.9132047460905195,0.7629242037505056,0.8408494414453871,0.21366227711311214,0.8150775320827619,0.13356193597682853,0.04429695904259378,0.24677536231884056
qwen,P,rte@s0__sst2@s1,rte,sst2,1.0,0.0206950186706924,0.6892786070463311,0.9996748411901116,1.0,0.5,0.7,1.0,0.7,0.7,0.7,0.7,0.7,0.3,1.0,0.0,9.2678686818434,2.3296906898148997,0.0,2.3296906898148997,2.3296906898148997,2.3296906898148997,2.3296906898148997,2.3296906898148997,19.10272025984572,0.0,0.0,1.0,0.5,0.7,1.0,1.0,1.0,1.0,0.7,0.7,0.7,0.7,0.7,0.3,0.0,7.20256445651008,1.1403549134189297,0.0,0.0,0.0,0.0,1.1403549134189297,1.1403549134189297,1.1403549134189297,1.1403549134189297,1.1403549134189297,14.75406064510192,0.7119779560092011,0.8493129807792996,0.20601603121156334,0.6413776582625174,0.12720319774328825,0.03195158049058406,0.0815942028985508
qwen,P,rte@s0__stsb@s1,rte,stsb,0.7,0.2028085495932515,0.6963023713537029,0.9992539931140832,1.0,0.5,0.7,1.0,0.7,0.7,0.7,0.5,1.0,0.3,0.7,0.13407909951096975,1.3415066719072388,0.0,0.13407909951096975,0.0,0.0,0.0,1.3415066719072388,0.13407909951096975,10.457711419159349,0.0,0.0,1.0,0.5,0.7,1.0,0.7,0.7,0.7,0.7,0.7,1.0,0.7,0.5,0.3,0.1271603594626608,1.3385396357341095,0.0,0.1271603594626608,0.0,0.0,0.0,0.0,0.0,0.1271603594626608,0.0,1.3385396357341095,10.36875131802209,0.7420874495601253,0.8593125615441918,0.24613931849938533,0.9724909164639999,0.07058073070786937,0.27080905533730554,0.2788637107232028
qwen,P,rte@s0__trec@s1,rte,trec,1.0,0.0140845070422535,0.6810831687696021,1.0000410686151102,1.0,0.5,0.7,1.0,0.7,0.7,0.7,0.7,0.5,0.3,1.0,0.0,6.20553587372908,0.8367176473976701,0.0,0.8367176473976701,0.8367176473976701,0.8367176473976701,0.8367176473976701,6.20553587372908,15.60672830438665,0.0,0.0,1.0,0.5,0.7,1.0,1.0,1.0,0.7,0.7,0.7,0.5,0.7,0.7,0.3,0.0,3.8834951456310702,-0.17123287671232007,0.0,0.0,0.0,-0.17123287671232007,-0.17123287671232007,-0.17123287671232007,3.8834951456310702,-0.17123287671232007,-0.17123287671232007,11.678747173826318,0.45886404368966655,0.7805248546627819,0.10948423613472186,0.6759357559977835,0.06957854378949314,0.08297832135427109,0.05797101449275355
qwen,P,rte@s0__wic@s1,rte,wic,0.7,0.057835701994774,0.6705118766667227,0.9991687169310548,1.0,0.5,0.7,1.0,0.7,0.7,0.7,0.5,0.7,0.3,0.7,1.0690841883882598,7.158031143118141,0.0,1.0690841883882598,0.0,0.0,0.0,7.158031143118141,0.0,24.39561956960467,0.0,0.0,1.0,0.5,0.7,1.0,1.0,1.0,0.7,0.7,0.7,0.7,0.7,0.5,0.3,3.2299003743892407,7.473507202233659,0.0,3.2299003743892407,3.2299003743892407,3.2299003743892407,0.0,0.0,0.0,0.0,0.0,7.473507202233659,22.92023605558729,0.6522038825228915,0.8292492042570502,0.05931429994970657,0.6583220306989032,0.07912775561863686,7.875211179541341e-06,0.13920289855072454
qwen,P,rte@s0__yelp_polarity@s1,rte,yelp_polarity,1.0,0.095150859882489,0.6899792168630722,0.9997671038351028,1.0,0.5,0.7,1.0,0.7,0.7,0.7,0.7,0.7,0.3,1.0,0.0,6.00231698208735,1.9274527593633393,0.0,1.9274527593633393,1.9274527593633393,1.9274527593633393,1.9274527593633393,1.9274527593633393,11.04445842234583,0.0,0.0,1.0,0.5,0.7,1.0,1.0,1.0,1.0,0.7,0.7,0.7,0.7,0.7,0.3,0.0,5.004422522606891,2.7518496550432396,0.0,0.0,0.0,0.0,2.7518496550432396,2.7518496550432396,2.7518496550432396,2.7518496550432396,2.7518496550432396,9.24608996971872,0.559461998207383,0.8686041688666427,0.15211645048907146,0.622669966682699,0.08851316611922076,0.03330180431960339,0.16717391304347828
qwen,P,scitail@s0__snli@s1,scitail,snli,1.0,0.0570296064967024,0.7061920788805345,1.001790631383418,1.0,0.5,0.7,1.0,0.7,0.7,1.0,0.3,1.0,0.5,1.0,0.0,4.964032367189561,1.0541308700176597,0.0,1.0541308700176597,1.0541308700176597,0.0,24.638945928368468,0.0,4.964032367189561,0.0,0.0,1.0,0.5,0.7,1.0,1.0,1.0,1.0,0.7,1.0,1.0,0.7,0.3,0.5,0.0,4.77789716216294,0.9805050357276496,0.0,0.0,0.0,0.0,0.9805050357276496,0.0,0.0,0.9805050357276496,24.31354592397106,4.77789716216294,0.7328876405862351,0.9292545834019924,0.37826102019230917,0.9249911106714996,0.20963775614629043,0.001261412533192415,0.09999999999999998
qwen,P,scitail@s0__sst2@s1,scitail,sst2,1.0,0.0193934985994153,0.7060122029847619,0.999234067346266,1.0,0.5,0.7,1.0,0.7,0.7,1.0,0.5,1.0,0.3,0.7,0.0,1.4711738526353098,-0.0989707624886902,0.0,-0.0989707624886902,-0.0989707624886902,0.0,1.4711738526353098,0.0,15.661672854164879,-0.0989707624886902,0.0,1.0,0.5,0.7,1.0,1.0,0.7,0.7,0.7,1.0,1.0,0.7,0.5,0.3,0.0,1.1834902659941298,-0.06278799606997017,0.0,0.0,-0.06278799606997017,-0.06278799606997017,-0.06278799606997017,0.0,0.0,-0.06278799606997017,1.1834902659941298,15.28622665794652,0.6801086332283502,0.9438717573521808,0.3038371962322788,0.7356589853307293,0.11253392174966534,0.0012429358328139568,0.050000000000000044
qwen,P,scitail@s0__stsb@s1,scitail,stsb,0.7,0.0481801507330803,0.7024146810323628,0.99768233422438,1.0,0.5,0.7,1.0,0.7,0.7,1.0,0.3,1.0,0.3,1.0,-0.3009979016235301,2.75195233028016,0.0,-0.3009979016235301,0.0,0.0,-0.3009979016235301,18.0788978277745,-0.3009979016235301,18.0788978277745,-0.3009979016235301,0.0,1.0,0.5,0.7,1.0,1.0,1.0,1.0,0.7,1.0,1.0,0.7,0.3,0.3,-0.11541784642173994,2.7628280873389004,0.0,-0.11541784642173994,-0.11541784642173994,-0.11541784642173994,-0.11541784642173994,0.0,-0.11541784642173994,-0.11541784642173994,0.0,17.913353969262168,17.913353969262168,0.825630831052837,0.8405642729554795,0.3321550564065212,0.9898408708012165,0.1161971793205657,0.007898758387810708,0.10523100577514433
qwen,P,scitail@s0__trec@s1,scitail,trec,1.0,0.0042199369338884,0.7071070404407153,1.000161456954154,1.0,0.5,0.7,1.0,0.7,0.7,0.7,0.7,0.5,0.3,0.7,0.0,0.19984012789769,-0.18218553991163003,0.0,-0.18218553991163003,-0.18218553991163003,-0.18218553991163003,-0.18218553991163003,0.19984012789769,10.600844477792,-0.18218553991163003,0.0,1.0,0.5,0.7,1.0,0.7,1.0,0.7,0.7,0.7,0.5,0.7,0.7,0.3,0.0,0.31300981433048,-0.017803040111879997,0.0,-0.017803040111879997,0.0,-0.017803040111879997,-0.017803040111879997,-0.017803040111879997,0.31300981433048,-0.017803040111879997,-0.017803040111879997,10.17233342828289,0.21263296133875545,0.6901243839638586,0.24925583357491599,0.4031871845291082,0.07009975719192257,0.0023308190463839826,0.010000000000000009
qwen,P,scitail@s0__wic@s1,scitail,wic,0.7,0.0126468960578143,0.705644003140889,0.999907296831021,1.0,0.5,0.7,1.0,0.7,0.7,1.0,0.5,0.7,0.3,1.0,-1.29037041859725,3.58744678465372,0.0,-1.29037041859725,0.0,0.0,-1.29037041859725,3.58744678465372,0.0,20.365336689924078,-1.29037041859725,0.0,1.0,0.5,0.7,1.0,0.7,1.0,1.0,0.7,1.0,0.7,0.7,0.5,0.3,-0.29714469278574995,4.37253666431915,0.0,-0.29714469278574995,0.0,-0.29714469278574995,-0.29714469278574995,0.0,-0.29714469278574995,0.0,0.0,4.37253666431915,21.56492086437597,0.7531144267915905,0.9489615920832809,0.4444228974163254,0.774882362056255,0.24763595243299438,5.4743536358301695e-06,0.0675
qwen,P,scitail@s0__yelp_polarity@s1,scitail,yelp_polarity,0.7,0.0074596836216969,0.7060168986086237,1.000102690819762,1.0,0.5,0.7,1.0,0.7,0.7,1.0,0.5,1.0,0.3,0.7,0.61532992169755,0.28693242154579,0.0,0.61532992169755,0.0,0.0,0.61532992169755,0.28693242154579,0.61532992169755,12.8793857278861,0.0,0.0,1.0,0.5,0.7,1.0,0.7,0.7,0.7,0.7,1.0,1.0,0.7,0.5,0.3,0.63191282871077,0.15638517942202,0.0,0.63191282871077,0.0,0.0,0.0,0.0,0.63191282871077,0.63191282871077,0.0,0.15638517942202,12.54014227333417,0.5706524510794408,0.9190789475902716,0.27025956676864954,0.7278410186454932,0.14569815196680025,0.0010759437223747143,0.015000000000000013
qwen,P,snli@s0__sst2@s1,snli,sst2,1.0,0.0182402912385604,0.7067166241152317,0.9990044965008246,1.0,0.5,0.7,1.0,0.7,0.7,1.0,0.5,1.0,0.5,1.0,0.0,4.7289494914342605,0.9551478075101303,0.0,0.9551478075101303,0.9551478075101303,0.0,4.7289494914342605,0.0,4.7289494914342605,0.0,0.0,1.0,0.5,0.7,1.0,1.0,1.0,1.0,0.7,1.0,1.0,0.7,0.5,0.5,0.0,4.616598099616801,0.8295525859412498,0.0,0.0,0.0,0.0,0.8295525859412498,0.0,0.0,0.8295525859412498,4.616598099616801,4.616598099616801,0.7378571634021776,0.7601562359186377,0.2605158841313323,0.7057685871352178,0.11173924288452111,0.014024764406912405,0.04500000000000004
qwen,P,snli@s0__stsb@s1,snli,stsb,0.7,0.1759473247357903,0.705098476103002,0.995820855749872,1.0,0.5,0.7,1.0,0.7,0.7,1.0,0.3,1.0,0.3,0.7,0.1508272509848696,0.884844203789309,0.0,0.1508272509848696,0.0,0.0,0.1508272509848696,11.21860832903133,0.1508272509848696,11.21860832903133,0.0,0.0,1.0,0.5,0.7,1.0,0.7,0.7,0.7,0.7,1.0,1.0,0.7,0.3,0.3,0.09467084300178175,0.84832463456605,0.0,0.09467084300178175,0.0,0.0,0.0,0.0,0.09467084300178175,0.09467084300178175,0.0,11.100843937080878,11.100843937080878,0.8893297997197311,0.7604135233885857,0.3368752747078488,0.9933086072457399,0.18015840625187848,0.13807391844213873,0.22940317257931442
qwen,P,snli@s0__trec@s1,snli,trec,0.7,0.0045512554392115,0.7055026590490283,0.999894146787646,1.0,0.5,0.7,1.0,0.7,0.7,0.7,0.7,0.5,0.3,0.7,0.29563591074729995,1.5037593984962498,0.0,0.29563591074729995,0.0,0.0,0.0,0.0,1.5037593984962498,11.819705426421608,0.0,0.0,1.0,0.5,0.7,1.0,0.7,0.7,0.7,0.7,0.7,0.5,0.7,0.7,0.3,0.3899265982277,1.26445767857956,0.0,0.3899265982277,0.0,0.0,0.0,0.0,0.0,1.26445767857956,0.0,0.0,11.83172854997368,0.2990627659596312,0.7266206720902184,0.20145157405104133,0.584697433171737,0.051987763692164415,0.03287422806951307,0.03500000000000003
qwen,P,snli@s0__wic@s1,snli,wic,0.7,0.0440256338089155,0.701320967970614,0.9994653878394444,1.0,0.5,0.7,1.0,0.7,0.7,0.7,0.5,0.7,0.3,0.7,0.5132380519377499,4.37099020690353,0.0,0.5132380519377499,0.0,0.0,0.0,4.37099020690353,0.0,19.77315769885428,0.0,0.0,1.0,0.5,0.7,1.0,1.0,1.0,0.7,0.7,0.7,0.7,0.7,0.5,0.3,1.95132316492488,5.22775001473458,0.0,1.95132316492488,1.95132316492488,1.95132316492488,0.0,0.0,0.0,0.0,0.0,5.22775001473458,20.66260612772241,0.7734119781274209,0.7927667002111853,0.3273191822936859,0.6109371721883795,0.14641990473141084,5.204866258396792e-06,0.13250000000000006
qwen,P,snli@s0__yelp_polarity@s1,snli,yelp_polarity,1.0,0.0177681382824308,0.7067517688678263,0.999028729674518,1.0,0.5,0.7,1.0,0.7,0.7,1.0,0.5,1.0,0.5,1.0,0.0,5.78024370173502,1.6125436793540397,0.0,1.6125436793540397,1.6125436793540397,0.0,5.78024370173502,0.0,5.78024370173502,0.0,0.0,1.0,0.5,0.7,1.0,1.0,1.0,1.0,0.7,1.0,1.0,0.7,0.5,0.5,0.0,5.735556617023531,1.6297636978967103,0.0,0.0,0.0,0.0,1.6297636978967103,0.0,0.0,1.6297636978967103,5.735556617023531,5.735556617023531,0.5297929801895002,0.793749676008423,0.18595221516809599,0.6617234963695626,0.08748044746344108,0.014954907500766865,0.040000000000000036
qwen,P,sst2@s0__stsb@s1,sst2,stsb,1.0,0.0173185166428382,0.7039829571556272,1.0006775371213,1.0,0.5,0.7,1.0,0.7,0.7,1.0,0.5,1.0,0.3,1.0,0.0,7.694977168021169,1.5923469166774902,0.0,1.5923469166774902,1.5923469166774902,0.0,7.694977168021169,0.0,30.328897259837962,0.0,0.0,1.0,0.5,0.7,1.0,1.0,1.0,1.0,0.7,1.0,1.0,0.7,0.5,0.3,0.0,7.119089041996631,1.2776443703535596,0.0,0.0,0.0,0.0,1.2776443703535596,0.0,0.0,1.2776443703535596,7.119089041996631,28.85650664173761,0.7059448007045264,0.8694440770341939,0.29268121393660845,0.9766149799132313,0.05678179161521557,0.0850099063390047,0.035593827345683615
qwen,P,sst2@s0__trec@s1,sst2,trec,0.7,0.0006074600623307,0.7069236423947632,1.0000285141721876,1.0,0.5,0.7,1.0,0.7,0.7,0.7,0.7,0.5,0.3,0.7,0.10224948875255001,0.7795108625932899,0.0,0.10224948875255001,0.0,0.0,0.0,0.0,0.7795108625932899,8.507082003335361,0.0,0.0,1.0,0.5,0.7,1.0,0.7,0.7,1.0,0.7,0.7,0.5,0.7,0.7,0.3,-0.07987220447284,0.53612849577661,0.0,-0.07987220447284,0.0,0.0,-0.07987220447284,0.0,0.0,0.53612849577661,0.0,0.0,8.078581119523829,0.38454625235987555,0.5813915774193995,0.28047323116626416,0.4898306935167807,0.08667934422888117,0.033609993077221,0.010000000000000009
qwen,P,sst2@s0__wic@s1,sst2,wic,0.7,0.0140686135368142,0.7047874151619479,0.999486592358,1.0,0.5,0.7,1.0,0.7,0.7,0.7,0.5,0.7,0.3,1.0,-0.8632348766926701,3.78562722278805,0.0,-0.8632348766926701,0.0,0.0,0.0,3.78562722278805,0.0,19.57723197141472,-0.8632348766926701,0.0,1.0,0.5,0.7,1.0,1.0,1.0,1.0,0.7,0.7,0.7,0.7,0.5,0.3,-0.0835264883376,4.26246110797888,0.0,-0.0835264883376,-0.0835264883376,-0.0835264883376,-0.0835264883376,0.0,0.0,0.0,0.0,4.26246110797888,19.71851573430224,0.8788369753443219,0.7701198518727892,0.4603934754130962,0.6441724378690785,0.21227064088013936,5.8696128875884265e-06,0.06999999999999995
qwen,P,sst2@s0__yelp_polarity@s1,sst2,yelp_polarity,1.0,9.61935941656833e-06,0.7060410613089374,0.9991211886383052,1.0,0.5,0.7,1.0,0.7,0.7,1.0,0.3,1.0,0.3,1.0,0.0,3.874779229372853,0.8813484924311933,0.0,0.8813484924311933,0.8813484924311933,0.0,18.863715700338712,0.0,18.863715700338712,0.0,0.0,1.0,0.5,0.7,1.0,1.0,1.0,1.0,0.7,1.0,1.0,0.7,0.3,0.3,0.0,3.7277119738108295,0.8571580219772699,0.0,0.0,0.0,0.0,0.8571580219772699,0.0,0.0,0.8571580219772699,17.73192045995433,17.73192045995433,0.8461012571134572,0.8125790237769347,0.3743256502991663,0.6910164416742584,0.1594390359136621,0.014481989271077137,0.025000000000000022
qwen,P,stsb@s0__trec@s1,stsb,trec,0.7,0.0379745352844891,0.7045108324773482,0.9998296467048589,1.0,0.5,0.7,1.0,0.7,0.7,0.7,0.7,0.5,0.3,0.7,4.08910725932272,2.699250694705049,0.0,4.08910725932272,0.0,0.0,0.0,0.0,2.699250694705049,12.37516054023828,0.0,0.0,1.0,0.5,0.7,1.0,0.7,0.7,0.7,0.7,0.7,0.5,0.7,0.7,0.3,4.54684528736657,2.7696684825626705,0.0,4.54684528736657,0.0,0.0,0.0,0.0,0.0,2.7696684825626705,0.0,0.0,12.484855169377651,0.34898782182872395,0.6605109329032893,0.1832857554292217,0.8564542355175875,0.02424405028375845,0.12322533194209064,0.04084527113177838
qwen,P,stsb@s0__wic@s1,stsb,wic,1.0,0.0541731843013498,0.699607535604776,0.99929479317779,1.0,0.5,0.7,1.0,0.7,0.7,1.0,0.5,0.7,0.3,1.0,0.0,5.94480868651042,0.34414217009439,0.0,0.34414217009439,0.34414217009439,0.0,5.94480868651042,0.34414217009439,17.35786297640411,0.0,0.0,1.0,0.5,0.7,1.0,1.0,1.0,0.7,0.7,1.0,0.7,0.7,0.5,0.3,0.0,5.28814283845372,-0.5163233355217796,0.0,0.0,0.0,-0.5163233355217796,-0.5163233355217796,0.0,-0.5163233355217796,-0.5163233355217796,5.28814283845372,17.04797815544405,0.8282961442707433,0.35498237755701334,0.3564430461670155,0.8902356955198357,0.1272135269016293,4.146667646979562e-06,0.1077242556063901
qwen,P,stsb@s0__yelp_polarity@s1,stsb,yelp_polarity,1.0,0.0331411690138954,0.7065794147616749,0.9990889344566396,1.0,0.5,0.7,1.0,0.7,0.7,1.0,0.5,1.0,0.3,1.0,0.0,3.980350446897571,0.6105465460553606,0.0,0.6105465460553606,0.6105465460553606,0.0,3.980350446897571,0.0,10.57111909750586,0.0,0.0,1.0,0.5,0.7,1.0,0.7,1.0,1.0,0.7,1.0,1.0,0.7,0.5,0.3,0.0,4.026432578152069,0.5854092644360299,0.0,0.5854092644360299,0.0,0.0,0.5854092644360299,0.0,0.0,0.5854092644360299,4.026432578152069,10.455081153280668,0.4914626679042909,0.8807169454326403,0.17494840165486225,0.9375637613955142,0.03254394685170458,0.07459691127574766,0.042726693167329244
qwen,P,trec@s0__wic@s1,trec,wic,0.7,0.0223045397225725,0.7054808693254422,0.9999393144568388,1.0,0.5,0.7,1.0,0.7,0.7,0.7,0.7,0.5,0.3,1.0,-1.2123544247459501,1.54105778503077,0.0,-1.2123544247459501,0.0,0.0,0.0,0.0,1.54105778503077,11.76285142051776,-1.2123544247459501,0.0,1.0,0.5,0.7,1.0,1.0,1.0,1.0,0.7,0.7,0.5,0.7,0.7,0.3,-1.33852627809114,1.5019249709015898,0.0,-1.33852627809114,-1.33852627809114,-1.33852627809114,-1.33852627809114,0.0,0.0,1.5019249709015898,0.0,0.0,12.38808308711612,0.5707872509433243,0.6369816165005316,0.4794542888108556,0.5163222108402374,0.15178431467594125,9.276444444572145e-05,0.08250000000000002
qwen,P,trec@s0__yelp_polarity@s1,trec,yelp_polarity,1.0,0.0019551348013995,0.7061053681024405,0.999886364266426,1.0,0.5,0.7,1.0,0.7,0.7,0.7,0.7,0.5,0.3,1.0,0.0,0.42145469451651,0.04116073266103998,0.0,0.04116073266103998,0.04116073266103998,0.04116073266103998,0.04116073266103998,0.42145469451651,3.3157584877141897,0.0,0.0,1.0,0.5,0.7,1.0,0.7,1.0,1.0,0.7,0.7,0.5,0.7,0.7,0.3,0.0,0.8138058112731,0.20338721754835,0.0,0.20338721754835,0.0,0.0,0.20338721754835,0.20338721754835,0.8138058112731,0.20338721754835,0.20338721754835,3.8763599524292003,0.19343950827308365,0.6815773607172805,0.1844488317392602,0.4726957035531876,0.06841926720002475,0.035770754244076594,0.012499999999999956
qwen,P,wic@s0__yelp_polarity@s1,wic,yelp_polarity,1.0,0.0332122742060038,0.7050512683663424,1.0001251531459543,1.0,0.5,0.7,1.0,0.7,0.7,0.7,0.7,0.7,0.3,1.0,0.0,4.91061229421994,1.24237440784244,0.0,1.24237440784244,1.24237440784244,1.24237440784244,1.24237440784244,1.24237440784244,11.289865019230358,0.0,0.0,1.0,0.5,0.7,1.0,1.0,1.0,1.0,0.7,0.7,0.7,0.7,0.7,0.3,0.0,4.671556133879649,1.2306115060204201,0.0,0.0,0.0,0.0,1.2306115060204201,1.2306115060204201,1.2306115060204201,1.2306115060204201,1.2306115060204201,11.57050833969611,0.3799346461131945,0.8045364150087345,0.22054401792919978,0.48328008870097805,0.07238384483816462,1.1038304433623072e-05,0.09499999999999997
